tau,rho_index,CAND2_real,CAND2_imag,CAND2_abs,error_bound,status,formula
-3.999712285140279988e+01,1,-1.06611553056949299595175653656420333e+3,-1.39211271419745648793934161182844565e+3,1.7534480698189156025007343285909969e+3,mpmath_70dps_heuristic_not_certified,zeta_dual_candidate_not_exact_for_a_lt_1_without_linear_combination,zeta(s)/((s-rho_i) zeta'(rho_i) pi^{-rho_i/2} Gamma(rho_i/2))
-3.999712285140279988e+01,2,1.62858128277077238069823173487936409e+5,2.12656944284277419360520144177660751e+5,2.67853963753085452195083847947127716e+5,mpmath_70dps_heuristic_not_certified,zeta_dual_candidate_not_exact_for_a_lt_1_without_linear_combination,zeta(s)/((s-rho_i) zeta'(rho_i) pi^{-rho_i/2} Gamma(rho_i/2))
-3.999712285140279988e+01,3,-3.03512668479889435864740671166890216e+6,-3.96320879487750935892487576927080317e+6,4.99189522572066481076445847138571578e+6,mpmath_70dps_heuristic_not_certified,zeta_dual_candidate_not_exact_for_a_lt_1_without_linear_combination,zeta(s)/((s-rho_i) zeta'(rho_i) pi^{-rho_i/2} Gamma(rho_i/2))
-3.998484125123745514e+01,1,-1.09362581561002325680019705428361933e+3,-1.39490371346197030193680590765651266e+3,1.77250494904772639291857063817189351e+3,mpmath_70dps_heuristic_not_certified,zeta_dual_candidate_not_exact_for_a_lt_1_without_linear_combination,zeta(s)/((s-rho_i) zeta'(rho_i) pi^{-rho_i/2} Gamma(rho_i/2))
-3.998484125123745514e+01,2,1.67056277016719501028671678171022802e+5,2.13077835070829229553630779365578573e+5,2.70758127281820345677343346318942016e+5,mpmath_70dps_heuristic_not_certified,zeta_dual_candidate_not_exact_for_a_lt_1_without_linear_combination,zeta(s)/((s-rho_i) zeta'(rho_i) pi^{-rho_i/2} Gamma(rho_i/2))
-3.998484125123745514e+01,3,-3.11332757241554329815649405820696652e+6,-3.97100372906209970601284840582210825e+6,5.04595671695546371622682490529969524e+6,mpmath_70dps_heuristic_not_certified,zeta_dual_candidate_not_exact_for_a_lt_1_without_linear_combination,zeta(s)/((s-rho_i) zeta'(rho_i) pi^{-rho_i/2} Gamma(rho_i/2))
-3.996274887492609196e+01,1,-1.1432789242904784963649033223551213e+3,-1.39840384382237054553859621962510846e+3,1.80627240723650943275066661620941355e+3,mpmath_70dps_heuristic_not_certified,zeta_dual_candidate_not_exact_for_a_lt_1_without_linear_combination,zeta(s)/((s-rho_i) zeta'(rho_i) pi^{-rho_i/2} Gamma(rho_i/2))
-3.996274887492609196e+01,2,1.74632962128349307086653930425875039e+5,2.13602647883958681839552048681414048e+5,2.75903538659365370763371708794279249e+5,mpmath_70dps_heuristic_not_certified,zeta_dual_candidate_not_exact_for_a_lt_1_without_linear_combination,zeta(s)/((s-rho_i) zeta'(rho_i) pi^{-rho_i/2} Gamma(rho_i/2))
-3.996274887492609196e+01,3,-3.25445735210915337053548329495394358e+6,-3.98069585125065031948583775859591055e+6,5.14173434911426180121674052396830361e+6,mpmath_70dps_heuristic_not_certified,zeta_dual_candidate_not_exact_for_a_lt_1_without_linear_combination,zeta(s)/((s-rho_i) zeta'(rho_i) pi^{-rho_i/2} Gamma(rho_i/2))
-3.993084623795643040e+01,1,-1.21521602517340522989858983400181179e+3,-1.3999915008376567006876098010900293e+3,1.85384092905942843623363359213478297e+3,mpmath_70dps_heuristic_not_certified,zeta_dual_candidate_not_exact_for_a_lt_1_without_linear_combination,zeta(s)/((s-rho_i) zeta'(rho_i) pi^{-rho_i/2} Gamma(rho_i/2))
-3.993084623795643040e+01,2,1.85608803273014964344170244318909574e+5,2.13830908809641634968836472519567271e+5,2.83150640851822984384662345283979287e+5,mpmath_70dps_heuristic_not_certified,zeta_dual_candidate_not_exact_for_a_lt_1_without_linear_combination,zeta(s)/((s-rho_i) zeta'(rho_i) pi^{-rho_i/2} Gamma(rho_i/2))
-3.993084623795643040e+01,3,-3.45889182709031534794520827086848849e+6,-3.98482167773609323183993926028581152e+6,5.27662169146772098107094187105720957e+6,mpmath_70dps_heuristic_not_certified,zeta_dual_candidate_not_exact_for_a_lt_1_without_linear_combination,zeta(s)/((s-rho_i) zeta'(rho_i) pi^{-rho_i/2} Gamma(rho_i/2))
-3.988914057133519009e+01,1,-1.30930482777292792504776314441513659e+3,-1.39586150058126985951613771056033424e+3,1.91382038363961702588899999867515315e+3,mpmath_70dps_heuristic_not_certified,zeta_dual_candidate_not_exact_for_a_lt_1_without_linear_combination,zeta(s)/((s-rho_i) zeta'(rho_i) pi^{-rho_i/2} Gamma(rho_i/2))
-3.988914057133519009e+01,2,1.99962229392838361482539233532358701e+5,2.13181507972161108429788621818918598e+5,2.92286244159793979485232200547520224e+5,mpmath_70dps_heuristic_not_certified,zeta_dual_candidate_not_exact_for_a_lt_1_without_linear_combination,zeta(s)/((s-rho_i) zeta'(rho_i) pi^{-rho_i/2} Gamma(rho_i/2))
-3.988914057133519009e+01,3,-3.72621676715903306219847386415610608e+6,-3.97255277592221016938699296191769534e+6,5.4466381331372082787735468296468665e+6,mpmath_70dps_heuristic_not_certified,zeta_dual_candidate_not_exact_for_a_lt_1_without_linear_combination,zeta(s)/((s-rho_i) zeta'(rho_i) pi^{-rho_i/2} Gamma(rho_i/2))
-3.983764197044045119e+01,1,-1.42479597913321465400423453939608249e+3,-1.38105660305048964792732123531900445e+3,1.98427843887483028309244044662180115e+3,mpmath_70dps_heuristic_not_certified,zeta_dual_candidate_not_exact_for_a_lt_1_without_linear_combination,zeta(s)/((s-rho_i) zeta'(rho_i) pi^{-rho_i/2} Gamma(rho_i/2))
-3.983764197044045119e+01,2,2.1757702221474164842703211551056425e+5,2.10897691741476596146627675928059485e+5,3.03014186099788183563656074480881818e+5,mpmath_70dps_heuristic_not_certified,zeta_dual_candidate_not_exact_for_a_lt_1_without_linear_combination,zeta(s)/((s-rho_i) zeta'(rho_i) pi^{-rho_i/2} Gamma(rho_i/2))
-3.983764197044045119e+01,3,-4.05425058787594858358033807031390071e+6,-3.92979038880618749561977284867707791e+6,5.64625542543427280390686457337902215e+6,mpmath_70dps_heuristic_not_certified,zeta_dual_candidate_not_exact_for_a_lt_1_without_linear_combination,zeta(s)/((s-rho_i) zeta'(rho_i) pi^{-rho_i/2} Gamma(rho_i/2))
-3.977636303062806178e+01,1,-1.55987027596768755890583507417784635e+3,-1.34958215613296642837487017012894473e+3,2.06266024201757869567895401979741835e+3,mpmath_70dps_heuristic_not_certified,zeta_dual_candidate_not_exact_for_a_lt_1_without_linear_combination,zeta(s)/((s-rho_i) zeta'(rho_i) pi^{-rho_i/2} Gamma(rho_i/2))
-3.977636303062806178e+01,2,2.38173242464286247549644878279993929e+5,2.06064801060924690060572382399769218e+5,3.14943162590061883495607560192424102e+5,mpmath_70dps_heuristic_not_certified,zeta_dual_candidate_not_exact_for_a_lt_1_without_linear_combination,zeta(s)/((s-rho_i) zeta'(rho_i) pi^{-rho_i/2} Gamma(rho_i/2))
-3.977636303062806178e+01,3,-4.43775789371925052809172695095347067e+6,-3.83949803959581402893660133514076593e+6,5.8681718038352982409062480289793164e+6,mpmath_70dps_heuristic_not_certified,zeta_dual_candidate_not_exact_for_a_lt_1_without_linear_combination,zeta(s)/((s-rho_i) zeta'(rho_i) pi^{-rho_i/2} Gamma(rho_i/2))
-3.970531877668759080e+01,1,-1.71110583077801850992079545130074603e+3,-1.29466201757371384227347382382948564e+3,2.14570102853835912652333237082098891e+3,mpmath_70dps_heuristic_not_certified,zeta_dual_candidate_not_exact_for_a_lt_1_without_linear_combination,zeta(s)/((s-rho_i) zeta'(rho_i) pi^{-rho_i/2} Gamma(rho_i/2))
-3.970531877668759080e+01,2,2.61226026629807926636166016055136263e+5,1.97649618507545362277991010941187507e+5,3.2757351645848193970726572554555436e+5,mpmath_70dps_heuristic_not_certified,zeta_dual_candidate_not_exact_for_a_lt_1_without_linear_combination,zeta(s)/((s-rho_i) zeta'(rho_i) pi^{-rho_i/2} Gamma(rho_i/2))
-3.970531877668759080e+01,3,-4.86693785198520830711146395594681952e+6,-3.68243709156904844240937791408551006e+6,6.1030670149073331199604104681556275e+6,mpmath_70dps_heuristic_not_certified,zeta_dual_candidate_not_exact_for_a_lt_1_without_linear_combination,zeta(s)/((s-rho_i) zeta'(rho_i) pi^{-rho_i/2} Gamma(rho_i/2))
-3.962452664122694301e+01,1,-1.87291130304227910576223233458458273e+3,-1.20919981666520950325080569552115424e+3,2.22934092181673822013145469988856187e+3,mpmath_70dps_heuristic_not_certified,zeta_dual_candidate_not_exact_for_a_lt_1_without_linear_combination,zeta(s)/((s-rho_i) zeta'(rho_i) pi^{-rho_i/2} Gamma(rho_i/2))
-3.962452664122694301e+01,2,2.85879337869679584914957157001355584e+5,1.84571069851984623646195669140240084e+5,3.40284404060945178184296680740854512e+5,mpmath_70dps_heuristic_not_certified,zeta_dual_candidate_not_exact_for_a_lt_1_without_linear_combination,zeta(s)/((s-rho_i) zeta'(rho_i) pi^{-rho_i/2} Gamma(rho_i/2))
-3.962452664122694301e+01,3,-5.32581976636962935409518636001989341e+6,-3.43848652876688234100449295403749689e+6,6.33936477830111755884132510660073509e+6,mpmath_70dps_heuristic_not_certified,zeta_dual_candidate_not_exact_for_a_lt_1_without_linear_combination,zeta(s)/((s-rho_i) zeta'(rho_i) pi^{-rho_i/2} Gamma(rho_i/2))
-3.953400645443045391e+01,1,-2.03700359917504853981097464146090984e+3,-1.08650651635524843489867725616643524e+3,2.30865330293106581624608297585013729e+3,mpmath_70dps_heuristic_not_certified,zeta_dual_candidate_not_exact_for_a_lt_1_without_linear_combination,zeta(s)/((s-rho_i) zeta'(rho_i) pi^{-rho_i/2} Gamma(rho_i/2))
-3.953400645443045391e+01,2,3.10866679897066683801337041144652395e+5,1.65811525106126725787187543811678813e+5,3.52323082593583438035207251741210975e+5,mpmath_70dps_heuristic_not_certified,zeta_dual_candidate_not_exact_for_a_lt_1_without_linear_combination,zeta(s)/((s-rho_i) zeta'(rho_i) pi^{-rho_i/2} Gamma(rho_i/2))
-3.953400645443045391e+01,3,-5.79078993814033764624614671746937357e+6,-3.08871864791104237427228449117732584e+6,6.56303519673792342619631579770272967e+6,mpmath_70dps_heuristic_not_certified,zeta_dual_candidate_not_exact_for_a_lt_1_without_linear_combination,zeta(s)/((s-rho_i) zeta'(rho_i) pi^{-rho_i/2} Gamma(rho_i/2))
-3.943378043687145862e+01,1,-2.19204815609695705099508949964785132e+3,-9.21336348894166830751375151244940534e+2,2.37780061957299172018278363496455754e+3,mpmath_70dps_heuristic_not_certified,zeta_dual_candidate_not_exact_for_a_lt_1_without_linear_combination,zeta(s)/((s-rho_i) zeta'(rho_i) pi^{-rho_i/2} Gamma(rho_i/2))
-3.943378043687145862e+01,2,3.34456825230393191806769880027324411e+5,1.40575027680584942977538098506731668e+5,3.62798437635267386018328585083532677e+5,mpmath_70dps_heuristic_not_certified,zeta_dual_candidate_not_exact_for_a_lt_1_without_linear_combination,zeta(s)/((s-rho_i) zeta'(rho_i) pi^{-rho_i/2} Gamma(rho_i/2))
-3.943378043687145862e+01,3,-6.22958630158180328693455668228931096e+6,-2.6183477229989410096310754360839701e+6,6.75747662129802631051795573527045301e+6,mpmath_70dps_heuristic_not_certified,zeta_dual_candidate_not_exact_for_a_lt_1_without_linear_combination,zeta(s)/((s-rho_i) zeta'(rho_i) pi^{-rho_i/2} Gamma(rho_i/2))
-3.932387319304383055e+01,1,-2.32362088837407694371325910789666395e+3,-7.11231806244870403452314753109261354e+2,2.43003389176008724634110414903939836e+3,mpmath_70dps_heuristic_not_certified,zeta_dual_candidate_not_exact_for_a_lt_1_without_linear_combination,zeta(s)/((s-rho_i) zeta'(rho_i) pi^{-rho_i/2} Gamma(rho_i/2))
-3.932387319304383055e+01,2,3.54448821294432503547548294914891656e+5,1.08492429488790168199588154244080837e+5,3.70681229863871924454703097828306441e+5,mpmath_70dps_heuristic_not_certified,zeta_dual_candidate_not_exact_for_a_lt_1_without_linear_combination,zeta(s)/((s-rho_i) zeta'(rho_i) pi^{-rho_i/2} Gamma(rho_i/2))
-3.932387319304383055e+01,3,-6.60121268173812687393956210664050272e+6,-2.02055010028955790748817018103695475e+6,6.90352312789060012433930853335828347e+6,mpmath_70dps_heuristic_not_certified,zeta_dual_candidate_not_exact_for_a_lt_1_without_linear_combination,zeta(s)/((s-rho_i) zeta'(rho_i) pi^{-rho_i/2} Gamma(rho_i/2))
-3.920431170483696093e+01,1,-2.41468244667519120390718219406499293e+3,-4.58108986535951124222098557650103145e+2,2.45775408896542858755556763099122822e+3,mpmath_70dps_heuristic_not_certified,zeta_dual_candidate_not_exact_for_a_lt_1_without_linear_combination,zeta(s)/((s-rho_i) zeta'(rho_i) pi^{-rho_i/2} Gamma(rho_i/2))
-3.920431170483696093e+01,2,3.6824528856354584128934174448342477e+5,6.98627996293116343475748286366817838e+4,3.74813824880158991454516516122343207e+5,mpmath_70dps_heuristic_not_certified,zeta_dual_candidate_not_exact_for_a_lt_1_without_linear_combination,zeta(s)/((s-rho_i) zeta'(rho_i) pi^{-rho_i/2} Gamma(rho_i/2))
-3.920431170483696093e+01,3,-6.85731241779556590071506887309236139e+6,-1.30095634165152872900044600841906402e+6,6.9796290014682441495533457066479195e+6,mpmath_70dps_heuristic_not_certified,zeta_dual_candidate_not_exact_for_a_lt_1_without_linear_combination,zeta(s)/((s-rho_i) zeta'(rho_i) pi^{-rho_i/2} Gamma(rho_i/2))
-3.907512532466265043e+01,1,-2.44676171935801894598245611689470313e+3,-1.69915805684173600800455698642102037e+2,2.45265453994995204385499952582687739e+3,mpmath_70dps_heuristic_not_certified,zeta_dual_candidate_not_exact_for_a_lt_1_without_linear_combination,zeta(s)/((s-rho_i) zeta'(rho_i) pi^{-rho_i/2} Gamma(rho_i/2))
-3.907512532466265043e+01,2,3.73033889656480614693576902249220383e+5,2.59054052574898041119357888115177006e+4,3.73932310523974559787318527790842849e+5,mpmath_70dps_heuristic_not_certified,zeta_dual_candidate_not_exact_for_a_lt_1_without_linear_combination,zeta(s)/((s-rho_i) zeta'(rho_i) pi^{-rho_i/2} Gamma(rho_i/2))
-3.907512532466265043e+01,3,-6.94555635946486306644726603422234543e+6,-4.82335404958419111131475470037155326e+5,6.96228415000272768175704204367394308e+6,mpmath_70dps_heuristic_not_certified,zeta_dual_candidate_not_exact_for_a_lt_1_without_linear_combination,zeta(s)/((s-rho_i) zeta'(rho_i) pi^{-rho_i/2} Gamma(rho_i/2))
-3.893634576811322034e+01,1,-2.40200635114636780727146317914834321e+3,1.3792617242911971056143401519568706e+2,2.40596303795142191052109122926338332e+3,mpmath_70dps_heuristic_not_certified,zeta_dual_candidate_not_exact_for_a_lt_1_without_linear_combination,zeta(s)/((s-rho_i) zeta'(rho_i) pi^{-rho_i/2} Gamma(rho_i/2))
-3.893634576811322034e+01,2,3.6610076073720343754617935923958613e+5,-2.10219580093002354894610722104325544e+4,3.66703817447956028752118929059075175e+5,mpmath_70dps_heuristic_not_certified,zeta_dual_candidate_not_exact_for_a_lt_1_without_linear_combination,zeta(s)/((s-rho_i) zeta'(rho_i) pi^{-rho_i/2} Gamma(rho_i/2))
-3.893634576811322034e+01,3,-6.81548585001150932618928692783377094e+6,3.91353618231807656709952078152889245e+5,6.82671260755938320859947401045626189e+6,mpmath_70dps_heuristic_not_certified,zeta_dual_candidate_not_exact_for_a_lt_1_without_linear_combination,zeta(s)/((s-rho_i) zeta'(rho_i) pi^{-rho_i/2} Gamma(rho_i/2))
-3.878800710609750269e+01,1,-2.26615240703998500270985028890610412e+3,4.41711798203559870367015361743398348e+2,2.30879969780952203458693748197221552e+3,mpmath_70dps_heuristic_not_certified,zeta_dual_candidate_not_exact_for_a_lt_1_without_linear_combination,zeta(s)/((s-rho_i) zeta'(rho_i) pi^{-rho_i/2} Gamma(rho_i/2))
-3.878800710609750269e+01,2,3.45283470444309625248149914901800569e+5,-6.73016440315837351806158054554791649e+4,3.51781446712899356000965543111093942e+5,mpmath_70dps_heuristic_not_certified,zeta_dual_candidate_not_exact_for_a_lt_1_without_linear_combination,zeta(s)/((s-rho_i) zeta'(rho_i) pi^{-rho_i/2} Gamma(rho_i/2))
-3.878800710609750269e+01,3,-6.4269481344985767106462416956170828e+6,1.25272193018935411198106078555405162e+6,6.54789848408724768874967218703007542e+6,mpmath_70dps_heuristic_not_certified,zeta_dual_candidate_not_exact_for_a_lt_1_without_linear_combination,zeta(s)/((s-rho_i) zeta'(rho_i) pi^{-rho_i/2} Gamma(rho_i/2))
-3.863014575642979054e+01,1,-2.03227777396380515627088369215584574e+3,7.09787027461124548071869471040698858e+2,2.15266127732613295513019815920253406e+3,mpmath_70dps_heuristic_not_certified,zeta_dual_candidate_not_exact_for_a_lt_1_without_linear_combination,zeta(s)/((s-rho_i) zeta'(rho_i) pi^{-rho_i/2} Gamma(rho_i/2))
-3.863014575642979054e+01,2,3.09542400719728999850470467875581132e+5,-1.08109818104003790902243584044849594e+5,3.27878377777208831710949960714350101e+5,mpmath_70dps_heuristic_not_certified,zeta_dual_candidate_not_exact_for_a_lt_1_without_linear_combination,zeta(s)/((s-rho_i) zeta'(rho_i) pi^{-rho_i/2} Gamma(rho_i/2))
-3.863014575642979054e+01,3,-5.76072711446001785337565985196806429e+6,2.01197367159716845988875525353863685e+6,6.10196812040795853224056724691598539e+6,mpmath_70dps_heuristic_not_certified,zeta_dual_candidate_not_exact_for_a_lt_1_without_linear_combination,zeta(s)/((s-rho_i) zeta'(rho_i) pi^{-rho_i/2} Gamma(rho_i/2))
-3.846280047486042974e+01,1,-1.70493444765234483378596999581286145e+3,9.04560631935303528383835810078259977e+2,1.93003404312949926469114970328223108e+3,mpmath_70dps_heuristic_not_certified,zeta_dual_candidate_not_exact_for_a_lt_1_without_linear_combination,zeta(s)/((s-rho_i) zeta'(rho_i) pi^{-rho_i/2} Gamma(rho_i/2))
-3.846280047486042974e+01,2,2.59588386431601389166996736929937796e+5,-1.37725784822382922077425129775643159e+5,2.9386139960039619715960642436213843e+5,mpmath_70dps_heuristic_not_certified,zeta_dual_candidate_not_exact_for_a_lt_1_without_linear_combination,zeta(s)/((s-rho_i) zeta'(rho_i) pi^{-rho_i/2} Gamma(rho_i/2))
-3.846280047486042974e+01,3,-4.83020813782218745755993796244009795e+6,2.56268863095809505779582544839430286e+6,5.46793230334150711566638151774563731e+6,mpmath_70dps_heuristic_not_certified,zeta_dual_candidate_not_exact_for_a_lt_1_without_linear_combination,zeta(s)/((s-rho_i) zeta'(rho_i) pi^{-rho_i/2} Gamma(rho_i/2))
-3.828601234554264465e+01,1,-1.30393051086182667293169894475836004e+3,9.86609837385774338332459170238696277e+2,1.63512499472754937468072442345078188e+3,mpmath_70dps_heuristic_not_certified,zeta_dual_candidate_not_exact_for_a_lt_1_without_linear_combination,zeta(s)/((s-rho_i) zeta'(rho_i) pi^{-rho_i/2} Gamma(rho_i/2))
-3.828601234554264465e+01,2,1.98455195309595426829440900041440528e+5,-1.5015972579961364150081971927553346e+5,2.48862226538269204982942591525155465e+5,mpmath_70dps_heuristic_not_certified,zeta_dual_candidate_not_exact_for_a_lt_1_without_linear_combination,zeta(s)/((s-rho_i) zeta'(rho_i) pi^{-rho_i/2} Gamma(rho_i/2))
-3.828601234554264465e+01,3,-3.69200017968251323024073611997611457e+6,2.79352593298647399216415679722102212e+6,4.62975727927973130797320910762141416e+6,mpmath_70dps_heuristic_not_certified,zeta_dual_candidate_not_exact_for_a_lt_1_without_linear_combination,zeta(s)/((s-rho_i) zeta'(rho_i) pi^{-rho_i/2} Gamma(rho_i/2))
-3.809982477093420528e+01,1,-8.66717705031071617541068306093473268e+2,9.20993750430627602799877134243998836e+2,1.26468536345867497700296641173569451e+3,mpmath_70dps_heuristic_not_certified,zeta_dual_candidate_not_exact_for_a_lt_1_without_linear_combination,zeta(s)/((s-rho_i) zeta'(rho_i) pi^{-rho_i/2} Gamma(rho_i/2))
-3.809982477093420528e+01,2,1.31857841519185687675154504636769317e+5,-1.40115111621134526705008736276882011e+5,1.9240253344148479968492655323671453e+5,mpmath_70dps_heuristic_not_certified,zeta_dual_candidate_not_exact_for_a_lt_1_without_linear_combination,zeta(s)/((s-rho_i) zeta'(rho_i) pi^{-rho_i/2} Gamma(rho_i/2))
-3.809982477093420528e+01,3,-2.4525565114799027576611340954843008e+6,2.60614177665835865339956360195585156e+6,3.57868808392774803225729741859988694e+6,mpmath_70dps_heuristic_not_certified,zeta_dual_candidate_not_exact_for_a_lt_1_without_linear_combination,zeta(s)/((s-rho_i) zeta'(rho_i) pi^{-rho_i/2} Gamma(rho_i/2))
-3.790428346113369429e+01,1,-4.48140144524250183845322106878624179e+2,6.85373608315678773199651543515223656e+2,8.18881293051605438644746420323043159e+2,mpmath_70dps_heuristic_not_certified,zeta_dual_candidate_not_exact_for_a_lt_1_without_linear_combination,zeta(s)/((s-rho_i) zeta'(rho_i) pi^{-rho_i/2} Gamma(rho_i/2))
-3.790428346113369429e+01,2,6.81478375488085136834494637189985501e+4,-1.04223488768947264250976546941113957e+5,1.24525753857383542034783260044626458e+5,mpmath_70dps_heuristic_not_certified,zeta_dual_candidate_not_exact_for_a_lt_1_without_linear_combination,zeta(s)/((s-rho_i) zeta'(rho_i) pi^{-rho_i/2} Gamma(rho_i/2))
-3.790428346113369429e+01,3,-1.26728432547620214755056358795593556e+6,1.9381509144546750802639786818875036e+6,2.3156939626814174298880881754459852e+6,mpmath_70dps_heuristic_not_certified,zeta_dual_candidate_not_exact_for_a_lt_1_without_linear_combination,zeta(s)/((s-rho_i) zeta'(rho_i) pi^{-rho_i/2} Gamma(rho_i/2))
-3.769943642265292283e+01,1,-1.16349498279715989670832829370751003e+2,2.78845477593306357187075910778363506e+2,3.02145670371396769657152788049520703e+2,mpmath_70dps_heuristic_not_certified,zeta_dual_candidate_not_exact_for_a_lt_1_without_linear_combination,zeta(s)/((s-rho_i) zeta'(rho_i) pi^{-rho_i/2} Gamma(rho_i/2))
-3.769943642265292283e+01,2,1.76848828502148530582654902093647152e+4,-4.2383935276578239062325049437867772e+4,4.59255163384691486147817527649735897e+4,mpmath_70dps_heuristic_not_certified,zeta_dual_candidate_not_exact_for_a_lt_1_without_linear_combination,zeta(s)/((s-rho_i) zeta'(rho_i) pi^{-rho_i/2} Gamma(rho_i/2))
-3.769943642265292283e+01,3,-3.28797214622076009941200064080062169e+5,7.88001819502692900130768407727132553e+5,8.53846869106393172217058667329702464e+5,mpmath_70dps_heuristic_not_certified,zeta_dual_candidate_not_exact_for_a_lt_1_without_linear_combination,zeta(s)/((s-rho_i) zeta'(rho_i) pi^{-rho_i/2} Gamma(rho_i/2))
-3.748533394662714358e+01,1,5.58724727961971310640882884333031506e+1,-2.70362955413520572084025842111608313e+2,2.76075824505325169322229903843727564e+2,mpmath_70dps_heuristic_not_certified,zeta_dual_candidate_not_exact_for_a_lt_1_without_linear_combination,zeta(s)/((s-rho_i) zeta'(rho_i) pi^{-rho_i/2} Gamma(rho_i/2))
-3.748533394662714358e+01,2,-8.48837084893890014718835777749996944e+3,4.10746278894120657966142392529425167e+4,4.19425499454048835400566511557626389e+4,mpmath_70dps_heuristic_not_certified,zeta_dual_candidate_not_exact_for_a_lt_1_without_linear_combination,zeta(s)/((s-rho_i) zeta'(rho_i) pi^{-rho_i/2} Gamma(rho_i/2))
-3.748533394662714358e+01,3,1.57779004380806819683292916278493723e+5,-7.6348147471828311832793472176283203e+5,7.79614120229619136401063811688352628e+5,mpmath_70dps_heuristic_not_certified,zeta_dual_candidate_not_exact_for_a_lt_1_without_linear_combination,zeta(s)/((s-rho_i) zeta'(rho_i) pi^{-rho_i/2} Gamma(rho_i/2))
-3.726202859646547694e+01,1,4.2384532959757260768952294470025459,-9.00779485680471086922500581860232872e+2,9.00789457259084590042350991614244699e+2,mpmath_70dps_heuristic_not_certified,zeta_dual_candidate_not_exact_for_a_lt_1_without_linear_combination,zeta(s)/((s-rho_i) zeta'(rho_i) pi^{-rho_i/2} Gamma(rho_i/2))
-3.726202859646547694e+01,2,-6.43593710860901544217818413306149e+2,1.3678008730375989989998221994132101e+5,1.36781601451689546552561063777551938e+5,mpmath_70dps_heuristic_not_certified,zeta_dual_candidate_not_exact_for_a_lt_1_without_linear_combination,zeta(s)/((s-rho_i) zeta'(rho_i) pi^{-rho_i/2} Gamma(rho_i/2))
-3.726202859646547694e+01,3,1.19599804742491023725406223616029705e+4,-2.54180105525085927314565710170615049e+6,2.54182919284662520281696886899522832e+6,mpmath_70dps_heuristic_not_certified,zeta_dual_candidate_not_exact_for_a_lt_1_without_linear_combination,zeta(s)/((s-rho_i) zeta'(rho_i) pi^{-rho_i/2} Gamma(rho_i/2))
-3.702957519494432859e+01,1,-3.10955693890733288953531157379619203e+2,-1.51975979880199072314345156282704199e+3,1.55124572186927714586589114327140949e+3,mpmath_70dps_heuristic_not_certified,zeta_dual_candidate_not_exact_for_a_lt_1_without_linear_combination,zeta(s)/((s-rho_i) zeta'(rho_i) pi^{-rho_i/2} Gamma(rho_i/2))
-3.702957519494432859e+01,2,4.71921546272260825069929035905084256e+4,2.30646168667705743742177036720113552e+5,2.35424626110888796474857415681315173e+5,mpmath_70dps_heuristic_not_certified,zeta_dual_candidate_not_exact_for_a_lt_1_without_linear_combination,zeta(s)/((s-rho_i) zeta'(rho_i) pi^{-rho_i/2} Gamma(rho_i/2))
-3.702957519494432859e+01,3,-8.76752692426993875470264900060903233e+5,-4.28502684343886836070548764325764521e+6,4.37380273133913242167264257670730077e+6,mpmath_70dps_heuristic_not_certified,zeta_dual_candidate_not_exact_for_a_lt_1_without_linear_combination,zeta(s)/((s-rho_i) zeta'(rho_i) pi^{-rho_i/2} Gamma(rho_i/2))
-3.678803081074654102e+01,1,-8.88811505859819577550131070332189593e+2,-2.01375168826751105372664739398275195e+3,2.20117735654105144333973817806028196e+3,mpmath_70dps_heuristic_not_certified,zeta_dual_candidate_not_exact_for_a_lt_1_without_linear_combination,zeta(s)/((s-rho_i) zeta'(rho_i) pi^{-rho_i/2} Gamma(rho_i/2))
-3.678803081074654102e+01,2,1.34814506791675387180411894326650225e+5,3.05444899019461547150350496151556081e+5,3.33873535307145526839087906250261053e+5,mpmath_70dps_heuristic_not_certified,zeta_dual_candidate_not_exact_for_a_lt_1_without_linear_combination,zeta(s)/((s-rho_i) zeta'(rho_i) pi^{-rho_i/2} Gamma(rho_i/2))
-3.678803081074654102e+01,3,-2.50395937348579026056726350312934323e+6,-5.67314034805657950419147035040827761e+6,6.20115585619446266485817965107033437e+6,mpmath_70dps_heuristic_not_certified,zeta_dual_candidate_not_exact_for_a_lt_1_without_linear_combination,zeta(s)/((s-rho_i) zeta'(rho_i) pi^{-rho_i/2} Gamma(rho_i/2))
-3.653745474444964003e+01,1,-1.67624671608737367006218500772125838e+3,-2.26721762010243864537226851836317337e+3,2.81958840792351643448439188945176163e+3,mpmath_70dps_heuristic_not_certified,zeta_dual_candidate_not_exact_for_a_lt_1_without_linear_combination,zeta(s)/((s-rho_i) zeta'(rho_i) pi^{-rho_i/2} Gamma(rho_i/2))
-3.653745474444964003e+01,2,2.54102603956053313328238429475278387e+5,3.43688011719300168479313903398814059e+5,4.27422019480527805565305042526405286e+5,mpmath_70dps_heuristic_not_certified,zeta_dual_candidate_not_exact_for_a_lt_1_without_linear_combination,zeta(s)/((s-rho_i) zeta'(rho_i) pi^{-rho_i/2} Gamma(rho_i/2))
-3.653745474444964003e+01,3,-4.71821527866510266709254638278906977e+6,-6.38165057241398956220007583258739367e+6,7.93643619291559686461578740644888266e+6,mpmath_70dps_heuristic_not_certified,zeta_dual_candidate_not_exact_for_a_lt_1_without_linear_combination,zeta(s)/((s-rho_i) zeta'(rho_i) pi^{-rho_i/2} Gamma(rho_i/2))
-3.627790851396635219e+01,1,-2.56575147057776791089531994808838512e+3,-2.18825131906448632661590199676420287e+3,3.3721691007657731299266669050059305e+3,mpmath_70dps_heuristic_not_certified,zeta_dual_candidate_not_exact_for_a_lt_1_without_linear_combination,zeta(s)/((s-rho_i) zeta'(rho_i) pi^{-rho_i/2} Gamma(rho_i/2))
-3.627790851396635219e+01,2,3.88703366511697979556034810080505412e+5,3.31513267846823783265634144495057908e+5,5.10873128962570645365245689323792482e+5,mpmath_70dps_heuristic_not_certified,zeta_dual_candidate_not_exact_for_a_lt_1_without_linear_combination,zeta(s)/((s-rho_i) zeta'(rho_i) pi^{-rho_i/2} Gamma(rho_i/2))
-3.627790851396635219e+01,3,-7.21538432714704936307241581560463169e+6,-6.15378163181225590355515946903689992e+6,9.48318508521631614726566151629758534e+6,mpmath_70dps_heuristic_not_certified,zeta_dual_candidate_not_exact_for_a_lt_1_without_linear_combination,zeta(s)/((s-rho_i) zeta'(rho_i) pi^{-rho_i/2} Gamma(rho_i/2))
-3.600945583944093187e+01,1,-3.40650504523187255113562042908545485e+3,-1.73603381178910831813024101737706091e+3,3.82336108925971354150077689030618379e+3,mpmath_70dps_heuristic_not_certified,zeta_dual_candidate_not_exact_for_a_lt_1_without_linear_combination,zeta(s)/((s-rho_i) zeta'(rho_i) pi^{-rho_i/2} Gamma(rho_i/2))
-3.600945583944093187e+01,2,5.15743041428174519421081001380605034e+5,2.62834590357495769021987897851600647e+5,5.78854823483381147609977537180897647e+5,mpmath_70dps_heuristic_not_certified,zeta_dual_candidate_not_exact_for_a_lt_1_without_linear_combination,zeta(s)/((s-rho_i) zeta'(rho_i) pi^{-rho_i/2} Gamma(rho_i/2))
-3.600945583944093187e+01,3,-9.57065185509328964646366850034188629e+6,-4.8774256901689582662884362530324605e+6,1.07418182024516112808561877396232234e+7,mpmath_70dps_heuristic_not_certified,zeta_dual_candidate_not_exact_for_a_lt_1_without_linear_combination,zeta(s)/((s-rho_i) zeta'(rho_i) pi^{-rho_i/2} Gamma(rho_i/2))
-3.573216262760506368e+01,1,-4.03022848977413572783265999451690939e+3,-9.42768813994417745035520754512898291e+2,4.13902823334506283180788182087963312e+3,mpmath_70dps_heuristic_not_certified,zeta_dual_candidate_not_exact_for_a_lt_1_without_linear_combination,zeta(s)/((s-rho_i) zeta'(rho_i) pi^{-rho_i/2} Gamma(rho_i/2))
-3.573216262760506368e+01,2,6.09764964886431955664640254549013753e+5,1.4263890849363388557677262284928562e+5,6.2622613377214373236861036389232667e+5,mpmath_70dps_heuristic_not_certified,zeta_dual_candidate_not_exact_for_a_lt_1_without_linear_combination,zeta(s)/((s-rho_i) zeta'(rho_i) pi^{-rho_i/2} Gamma(rho_i/2))
-3.573216262760506368e+01,3,-1.13118053983552684431734339314699625e+7,-2.64610738239823958888793833626882612e+6,1.16171780415659403264259213904612602e+7,mpmath_70dps_heuristic_not_certified,zeta_dual_candidate_not_exact_for_a_lt_1_without_linear_combination,zeta(s)/((s-rho_i) zeta'(rho_i) pi^{-rho_i/2} Gamma(rho_i/2))
-3.544609695559690721e+01,1,-4.28888892989191175752143763863358466e+3,7.82584814120798172673191415587383158e+1,4.28960285374559037499162862742576591e+3,mpmath_70dps_heuristic_not_certified,zeta_dual_candidate_not_exact_for_a_lt_1_without_linear_combination,zeta(s)/((s-rho_i) zeta'(rho_i) pi^{-rho_i/2} Gamma(rho_i/2))
-3.544609695559690721e+01,2,6.4844571449796839834268737745350589e+5,-1.18320566758209292655654929629958521e+4,6.48553654076484702132648558320432868e+5,mpmath_70dps_heuristic_not_certified,zeta_dual_candidate_not_exact_for_a_lt_1_without_linear_combination,zeta(s)/((s-rho_i) zeta'(rho_i) pi^{-rho_i/2} Gamma(rho_i/2))
-3.544609695559690721e+01,3,-1.20253750581447973995006662054036422e+7,2.19424565626331128776545352029816485e+5,1.20273767891860481753703914006501972e+7,mpmath_70dps_heuristic_not_certified,zeta_dual_candidate_not_exact_for_a_lt_1_without_linear_combination,zeta(s)/((s-rho_i) zeta'(rho_i) pi^{-rho_i/2} Gamma(rho_i/2))
-3.515132905424752607e+01,1,-4.09639764869849204678816335334061078e+3,1.14527268104230683023670811038055822e+3,4.25348365580548196074353664964727091e+3,mpmath_70dps_heuristic_not_certified,zeta_dual_candidate_not_exact_for_a_lt_1_without_linear_combination,zeta(s)/((s-rho_i) zeta'(rho_i) pi^{-rho_i/2} Gamma(rho_i/2))
-3.515132905424752607e+01,2,6.18891114369301454828171487493074798e+5,-1.73029853694059841408411331922396644e+5,6.42623950467661552004443822221575477e+5,mpmath_70dps_heuristic_not_certified,zeta_dual_candidate_not_exact_for_a_lt_1_without_linear_combination,zeta(s)/((s-rho_i) zeta'(rho_i) pi^{-rho_i/2} Gamma(rho_i/2))
-3.515132905424752607e+01,3,-1.14733150601947447074967769032181136e+7,3.2077145400196138749464656507579882e+6,1.19132863241317582878939005272311586e+7,mpmath_70dps_heuristic_not_certified,zeta_dual_candidate_not_exact_for_a_lt_1_without_linear_combination,zeta(s)/((s-rho_i) zeta'(rho_i) pi^{-rho_i/2} Gamma(rho_i/2))
-3.484793129083853813e+01,1,-3.46238279743211748167280186469667953e+3,2.04335054884739896542654761228037107e+3,4.02037014482856069080762478409433292e+3,mpmath_70dps_heuristic_not_certified,zeta_dual_candidate_not_exact_for_a_lt_1_without_linear_combination,zeta(s)/((s-rho_i) zeta'(rho_i) pi^{-rho_i/2} Gamma(rho_i/2))
-3.484793129083853813e+01,2,5.22706051631334501638021649308936492e+5,-3.08478802020065932123331640962524804e+5,6.06943809349559445052481016571583911e+5,mpmath_70dps_heuristic_not_certified,zeta_dual_candidate_not_exact_for_a_lt_1_without_linear_combination,zeta(s)/((s-rho_i) zeta'(rho_i) pi^{-rho_i/2} Gamma(rho_i/2))
-3.484793129083853813e+01,3,-9.68670031266479150943504752413571369e+6,5.71667708581605362816836055599101573e+6,1.12477802188198226265216035159449976e+7,mpmath_70dps_heuristic_not_certified,zeta_dual_candidate_not_exact_for_a_lt_1_without_linear_combination,zeta(s)/((s-rho_i) zeta'(rho_i) pi^{-rho_i/2} Gamma(rho_i/2))
-3.453597815133532833e+01,1,-2.50496301272614892772627849099618263e+3,2.57740730429067584837452677474407846e+3,3.59414358468564706844097164564693454e+3,mpmath_70dps_heuristic_not_certified,zeta_dual_candidate_not_exact_for_a_lt_1_without_linear_combination,zeta(s)/((s-rho_i) zeta'(rho_i) pi^{-rho_i/2} Gamma(rho_i/2))
-3.453597815133532833e+01,2,3.77868556952800517758459372958015053e+5,-3.88796630450845573118776535773103306e+5,5.421692228294808211963872217564654e+5,mpmath_70dps_heuristic_not_certified,zeta_dual_candidate_not_exact_for_a_lt_1_without_linear_combination,zeta(s)/((s-rho_i) zeta'(rho_i) pi^{-rho_i/2} Gamma(rho_i/2))
-3.453597815133532833e+01,3,-6.99997718997362641359219413186738242e+6,7.20241865753988866037972200762977001e+6,1.00436305775665484232330014426862856e+7,mpmath_70dps_heuristic_not_certified,zeta_dual_candidate_not_exact_for_a_lt_1_without_linear_combination,zeta(s)/((s-rho_i) zeta'(rho_i) pi^{-rho_i/2} Gamma(rho_i/2))
-3.421554622210014429e+01,1,-1.43283837769643055440455520841589733e+3,2.62986221559617070475003236605720921e+3,2.99486244919865039627359217957185042e+3,mpmath_70dps_heuristic_not_certified,zeta_dual_candidate_not_exact_for_a_lt_1_without_linear_combination,zeta(s)/((s-rho_i) zeta'(rho_i) pi^{-rho_i/2} Gamma(rho_i/2))
-3.421554622210014429e+01,2,2.15963317213562221490669276293195848e+5,-3.96383693189356596684978072279998571e+5,4.51398035671755757957655397804459466e+5,mpmath_70dps_heuristic_not_certified,zeta_dual_candidate_not_exact_for_a_lt_1_without_linear_combination,zeta(s)/((s-rho_i) zeta'(rho_i) pi^{-rho_i/2} Gamma(rho_i/2))
-3.421554622210014429e+01,3,-3.99914482197784211407119907284920483e+6,7.3401159724134890992565046591605526e+6,8.35885529218156803724592830438900386e+6,mpmath_70dps_heuristic_not_certified,zeta_dual_candidate_not_exact_for_a_lt_1_without_linear_combination,zeta(s)/((s-rho_i) zeta'(rho_i) pi^{-rho_i/2} Gamma(rho_i/2))
-3.388671417108957939e+01,1,-4.95313995517923648416233611175493371e+2,2.20448706007911510372611049381035879e+3,2.25944664734801599008214286392774338e+3,mpmath_70dps_heuristic_not_certified,zeta_dual_candidate_not_exact_for_a_lt_1_without_linear_combination,zeta(s)/((s-rho_i) zeta'(rho_i) pi^{-rho_i/2} Gamma(rho_i/2))
-3.388671417108957939e+01,2,7.45920843762049828965329238701166354e+4,-3.3198594483430666122002836305824757e+5,3.4026261419543903402727854206204513e+5,mpmath_70dps_heuristic_not_certified,zeta_dual_candidate_not_exact_for_a_lt_1_without_linear_combination,zeta(s)/((s-rho_i) zeta'(rho_i) pi^{-rho_i/2} Gamma(rho_i/2))
-3.388671417108957939e+01,3,-1.38071726685539455616410326211643526e+6,6.1451389945640582434025967522169613e+6,6.2983421178516807743012724232415472e+6,mpmath_70dps_heuristic_not_certified,zeta_dual_candidate_not_exact_for_a_lt_1_without_linear_combination,zeta(s)/((s-rho_i) zeta'(rho_i) pi^{-rho_i/2} Gamma(rho_i/2))
-3.354956272854100519e+01,1,8.95720020613737498926768857027063562e+1,1.43790499750087695080788181620719304e+3,1.44069216885193059393472052551169089e+3,mpmath_70dps_heuristic_not_certified,zeta_dual_candidate_not_exact_for_a_lt_1_without_linear_combination,zeta(s)/((s-rho_i) zeta'(rho_i) pi^{-rho_i/2} Gamma(rho_i/2))
-3.354956272854100519e+01,2,-1.34771925943602281486298094021053761e+4,-2.16350222588908493467545090323438602e+5,2.16769586276524800499999493289117373e+5,mpmath_70dps_heuristic_not_certified,zeta_dual_candidate_not_exact_for_a_lt_1_without_linear_combination,zeta(s)/((s-rho_i) zeta'(rho_i) pi^{-rho_i/2} Gamma(rho_i/2))
-3.354956272854100519e+01,3,2.49361712124514779761199183210356817e+5,4.00301928948215891554934090059814166e+6,4.01077856474773707758908936921802627e+6,mpmath_70dps_heuristic_not_certified,zeta_dual_candidate_not_exact_for_a_lt_1_without_linear_combination,zeta(s)/((s-rho_i) zeta'(rho_i) pi^{-rho_i/2} Gamma(rho_i/2))
-3.320417466715277044e+01,1,2.07586820518901761249876884740636956e+2,5.67624812706853482532929709075799823e+2,6.04392435470230904558645853692290613e+2,mpmath_70dps_heuristic_not_certified,zeta_dual_candidate_not_exact_for_a_lt_1_without_linear_combination,zeta(s)/((s-rho_i) zeta'(rho_i) pi^{-rho_i/2} Gamma(rho_i/2))
-3.320417466715277044e+01,2,-3.12052171800959035803052457868840252e+4,-8.53274572684915930071773981859464417e+4,9.08545020522550182500782822067800789e+4,mpmath_70dps_heuristic_not_certified,zeta_dual_candidate_not_exact_for_a_lt_1_without_linear_combination,zeta(s)/((s-rho_i) zeta'(rho_i) pi^{-rho_i/2} Gamma(rho_i/2))
-3.320417466715277044e+01,3,5.77124044956970278598180884787124373e+5,1.57808635012786532894750439292392933e+6,1.68030613036059075486665238452474633e+6,mpmath_70dps_heuristic_not_certified,zeta_dual_candidate_not_exact_for_a_lt_1_without_linear_combination,zeta(s)/((s-rho_i) zeta'(rho_i) pi^{-rho_i/2} Gamma(rho_i/2))
-3.285063478176287077e+01,1,-1.0533639440637369938593665600682268e+2,-1.40320892464219169416140622470666876e+2,1.75458567327133035815447255082121773e+2,mpmath_70dps_heuristic_not_certified,zeta_dual_candidate_not_exact_for_a_lt_1_without_linear_combination,zeta(s)/((s-rho_i) zeta'(rho_i) pi^{-rho_i/2} Gamma(rho_i/2))
-3.285063478176287077e+01,2,1.58194372043914527808734569402753374e+4,2.10734149323376247936924746928053904e+4,2.63503967783059168558322518734114101e+4,mpmath_70dps_heuristic_not_certified,zeta_dual_candidate_not_exact_for_a_lt_1_without_linear_combination,zeta(s)/((s-rho_i) zeta'(rho_i) pi^{-rho_i/2} Gamma(rho_i/2))
-3.285063478176287077e+01,3,-2.92440656160932698975889189437924587e+5,-3.89566532028942794465245686305515651e+5,4.87117665716297109412777822958945394e+5,mpmath_70dps_heuristic_not_certified,zeta_dual_candidate_not_exact_for_a_lt_1_without_linear_combination,zeta(s)/((s-rho_i) zeta'(rho_i) pi^{-rho_i/2} Gamma(rho_i/2))
-3.248902986853133257e+01,1,-6.65715607490814900037518538639830547e+2,-4.84160920366965930211221803500969784e+2,8.23157984148518268103920512381831925e+2,mpmath_70dps_heuristic_not_certified,zeta_dual_candidate_not_exact_for_a_lt_1_without_linear_combination,zeta(s)/((s-rho_i) zeta'(rho_i) pi^{-rho_i/2} Gamma(rho_i/2))
-3.248902986853133257e+01,2,9.98782476129683164023686125453489643e+4,7.2639342903796434829961348246721761e+4,1.23499548516311316376676831593500005e+5,mpmath_70dps_heuristic_not_certified,zeta_dual_candidate_not_exact_for_a_lt_1_without_linear_combination,zeta(s)/((s-rho_i) zeta'(rho_i) pi^{-rho_i/2} Gamma(rho_i/2))
-3.248902986853133257e+01,3,-1.8455055948756763603967276107397975e+6,-1.34219729461535967658068208082835408e+6,2.2819694297668000753781240329386898e+6,mpmath_70dps_heuristic_not_certified,zeta_dual_candidate_not_exact_for_a_lt_1_without_linear_combination,zeta(s)/((s-rho_i) zeta'(rho_i) pi^{-rho_i/2} Gamma(rho_i/2))
-3.211944870363112869e+01,1,-1.20204927520259146317424186009426107e+3,-4.06697835066234082220329307132091079e+2,1.26898604762331299975315026317804649e+3,mpmath_70dps_heuristic_not_certified,zeta_dual_candidate_not_exact_for_a_lt_1_without_linear_combination,zeta(s)/((s-rho_i) zeta'(rho_i) pi^{-rho_i/2} Gamma(rho_i/2))
-3.211944870363112869e+01,2,1.8015986334603695654317430243543332e+5,6.09547610902330896718490256942985551e+4,1.90192164035299057653674642706329697e+5,mpmath_70dps_heuristic_not_certified,zeta_dual_candidate_not_exact_for_a_lt_1_without_linear_combination,zeta(s)/((s-rho_i) zeta'(rho_i) pi^{-rho_i/2} Gamma(rho_i/2))
-3.211944870363112869e+01,3,-3.32730812568884197190859777725316353e+6,-1.12575169689934169308981017145335832e+6,3.51259110150138908746493128621203773e+6,mpmath_70dps_heuristic_not_certified,zeta_dual_candidate_not_exact_for_a_lt_1_without_linear_combination,zeta(s)/((s-rho_i) zeta'(rho_i) pi^{-rho_i/2} Gamma(rho_i/2))
-3.174198202145310432e+01,1,-1.4570716875375265457607233234367362e+3,-2.83199986968456106743849693667190108e+1,1.45734687873191148782828371726419356e+3,mpmath_70dps_heuristic_not_certified,zeta_dual_candidate_not_exact_for_a_lt_1_without_linear_combination,zeta(s)/((s-rho_i) zeta'(rho_i) pi^{-rho_i/2} Gamma(rho_i/2))
-3.174198202145310432e+01,2,2.18149301190912877237422200516929344e+5,4.24000272483869854332806218727575052e+3,2.18190502160818773957134329921338842e+5,mpmath_70dps_heuristic_not_certified,zeta_dual_candidate_not_exact_for_a_lt_1_without_linear_combination,zeta(s)/((s-rho_i) zeta'(rho_i) pi^{-rho_i/2} Gamma(rho_i/2))
-3.174198202145310432e+01,3,-4.02691011312329235403861784207955921e+6,-7.82680015893376710655518946309820545e+4,4.02767065923312997335516951036768688e+6,mpmath_70dps_heuristic_not_certified,zeta_dual_candidate_not_exact_for_a_lt_1_without_linear_combination,zeta(s)/((s-rho_i) zeta'(rho_i) pi^{-rho_i/2} Gamma(rho_i/2))
-3.135672249233006781e+01,1,-1.29730983630634164301181107150134228e+3,3.89111182483749844005705418221626315e+2,1.35440773909155178779492894587303318e+3,mpmath_70dps_heuristic_not_certified,zeta_dual_candidate_not_exact_for_a_lt_1_without_linear_combination,zeta(s)/((s-rho_i) zeta'(rho_i) pi^{-rho_i/2} Gamma(rho_i/2))
-3.135672249233006781e+01,2,1.9401566458623209404710397494041917e+5,-5.81924707226937123346917468851532307e+4,2.02554787042046673974571027977137351e+5,mpmath_70dps_heuristic_not_certified,zeta_dual_candidate_not_exact_for_a_lt_1_without_linear_combination,zeta(s)/((s-rho_i) zeta'(rho_i) pi^{-rho_i/2} Gamma(rho_i/2))
-3.135672249233006781e+01,3,-3.57956663564932382839056710839936027e+6,1.07364437345404089928977423251269451e+6,3.7371124601359455330269382001228997e+6,mpmath_70dps_heuristic_not_certified,zeta_dual_candidate_not_exact_for_a_lt_1_without_linear_combination,zeta(s)/((s-rho_i) zeta'(rho_i) pi^{-rho_i/2} Gamma(rho_i/2))
-3.096376469978567769e+01,1,-7.84277028142867569211956681681284347e+2,5.43494335692898837524406640837810681e+2,9.54188948690391037744107470100754436e+2,mpmath_70dps_heuristic_not_certified,zeta_dual_candidate_not_exact_for_a_lt_1_without_linear_combination,zeta(s)/((s-rho_i) zeta'(rho_i) pi^{-rho_i/2} Gamma(rho_i/2))
-3.096376469978567769e+01,2,1.17156201991111611169482302839252172e+5,-8.11878072270442333083042024926465085e+4,1.42537839563106329851714479155725391e+5,mpmath_70dps_heuristic_not_certified,zeta_dual_candidate_not_exact_for_a_lt_1_without_linear_combination,zeta(s)/((s-rho_i) zeta'(rho_i) pi^{-rho_i/2} Gamma(rho_i/2))
-3.096376469978567769e+01,3,-2.16036282799938207692933863233862746e+6,1.49710487229171871205648336461864032e+6,2.62840075849195628369334291226451291e+6,mpmath_70dps_heuristic_not_certified,zeta_dual_candidate_not_exact_for_a_lt_1_without_linear_combination,zeta(s)/((s-rho_i) zeta'(rho_i) pi^{-rho_i/2} Gamma(rho_i/2))
-3.056320511731357215e+01,1,-1.69971790967242334380705091516847235e+2,2.25140272658919332591475644429978476e+2,2.82096706995215494979262702743786217e+2,mpmath_70dps_heuristic_not_certified,zeta_dual_candidate_not_exact_for_a_lt_1_without_linear_combination,zeta(s)/((s-rho_i) zeta'(rho_i) pi^{-rho_i/2} Gamma(rho_i/2))
-3.056320511731357215e+01,2,2.53604716781078728927107979203656634e+4,-3.35918300082417673395015068391094375e+4,4.20899580308501097152106346551088803e+4,mpmath_70dps_heuristic_not_certified,zeta_dual_candidate_not_exact_for_a_lt_1_without_linear_combination,zeta(s)/((s-rho_i) zeta'(rho_i) pi^{-rho_i/2} Gamma(rho_i/2))
-3.056320511731357215e+01,3,-4.67389004379840018389796687298511979e+5,6.19091481504351599273292049176301373e+5,7.75710476844570554383030445077483707e+5,mpmath_70dps_heuristic_not_certified,zeta_dual_candidate_not_exact_for_a_lt_1_without_linear_combination,zeta(s)/((s-rho_i) zeta'(rho_i) pi^{-rho_i/2} Gamma(rho_i/2))
-3.015514208469253532e+01,1,1.93316175887633574005091739551964754e+2,-5.73190285358216796160561164044729474e+2,6.04911768019810043221398899059094324e+2,mpmath_70dps_heuristic_not_certified,zeta_dual_candidate_not_exact_for_a_lt_1_without_linear_combination,zeta(s)/((s-rho_i) zeta'(rho_i) pi^{-rho_i/2} Gamma(rho_i/2))
-3.015514208469253532e+01,2,-2.88081099481962716560377265707184691e+4,8.54172119121347189102376344385739952e+4,9.01443691509896491368886708257504091e+4,mpmath_70dps_heuristic_not_certified,zeta_dual_candidate_not_exact_for_a_lt_1_without_linear_combination,zeta(s)/((s-rho_i) zeta'(rho_i) pi^{-rho_i/2} Gamma(rho_i/2))
-3.015514208469253532e+01,3,5.3062469152909189869387928923646732e+5,-1.57332368571404344178418117250026196e+6,1.66039452639701449825732669246593339e+6,mpmath_70dps_heuristic_not_certified,zeta_dual_candidate_not_exact_for_a_lt_1_without_linear_combination,zeta(s)/((s-rho_i) zeta'(rho_i) pi^{-rho_i/2} Gamma(rho_i/2))
-2.973967578384348087e+01,1,1.46935199729612955713416707758450269,-1.62198976431573995282421653035676651e+3,1.62199042985472685475004714347046581e+3,mpmath_70dps_heuristic_not_certified,zeta_dual_candidate_not_exact_for_a_lt_1_without_linear_combination,zeta(s)/((s-rho_i) zeta'(rho_i) pi^{-rho_i/2} Gamma(rho_i/2))
-2.973967578384348087e+01,2,-2.18685161226539953466866877303706709e+2,2.41402396273939761385569350938753263e+5,2.41402495326788174170104102198788639e+5,mpmath_70dps_heuristic_not_certified,zeta_dual_candidate_not_exact_for_a_lt_1_without_linear_combination,zeta(s)/((s-rho_i) zeta'(rho_i) pi^{-rho_i/2} Gamma(rho_i/2))
-2.973967578384348087e+01,3,4.02564122225506558265454477062175868e+3,-4.44382889145743071407082163454687272e+6,4.44383071486066262889646489547132207e+6,mpmath_70dps_heuristic_not_certified,zeta_dual_candidate_not_exact_for_a_lt_1_without_linear_combination,zeta(s)/((s-rho_i) zeta'(rho_i) pi^{-rho_i/2} Gamma(rho_i/2))
-2.931690821423418214e+01,1,-8.53610210665392447617307612074775879e+2,-2.52341095813343187039177558079364346e+3,2.66387936201700025973856292307010727e+3,mpmath_70dps_heuristic_not_certified,zeta_dual_candidate_not_exact_for_a_lt_1_without_linear_combination,zeta(s)/((s-rho_i) zeta'(rho_i) pi^{-rho_i/2} Gamma(rho_i/2))
-2.931690821423418214e+01,2,1.26876190916630293808316932033447804e+5,3.75066706659574422532832088984009664e+5,3.95945201089711993937822692237642259e+5,mpmath_70dps_heuristic_not_certified,zeta_dual_candidate_not_exact_for_a_lt_1_without_linear_combination,zeta(s)/((s-rho_i) zeta'(rho_i) pi^{-rho_i/2} Gamma(rho_i/2))
-2.931690821423418214e+01,3,-2.33415792434488883373515873411209111e+6,-6.90015139312189094783075845770728797e+6,7.28425579340703906752751235118155977e+6,mpmath_70dps_heuristic_not_certified,zeta_dual_candidate_not_exact_for_a_lt_1_without_linear_combination,zeta(s)/((s-rho_i) zeta'(rho_i) pi^{-rho_i/2} Gamma(rho_i/2))
-2.888694316783775307e+01,1,-2.20459930078533899176641824114673915e+3,-2.86575936276504636452950861265691248e+3,3.61563753746123315568955331207501377e+3,mpmath_70dps_heuristic_not_certified,zeta_dual_candidate_not_exact_for_a_lt_1_without_linear_combination,zeta(s)/((s-rho_i) zeta'(rho_i) pi^{-rho_i/2} Gamma(rho_i/2))
-2.888694316783775307e+01,2,3.27232742709422589904792177849979765e+5,4.25369950851727860237087914778171192e+5,5.36675752190028181579272771655367438e+5,mpmath_70dps_heuristic_not_certified,zeta_dual_candidate_not_exact_for_a_lt_1_without_linear_combination,zeta(s)/((s-rho_i) zeta'(rho_i) pi^{-rho_i/2} Gamma(rho_i/2))
-2.888694316783775307e+01,3,-6.01633820831695405527008314153849066e+6,-7.82064003372564867557237330062571338e+6,9.86705305417817098825283333413168459e+6,mpmath_70dps_heuristic_not_certified,zeta_dual_candidate_not_exact_for_a_lt_1_without_linear_combination,zeta(s)/((s-rho_i) zeta'(rho_i) pi^{-rho_i/2} Gamma(rho_i/2))
-2.844988620365111487e+01,1,-3.64354001560682082916558941240639123e+3,-2.40471193932851377306762392920652691e+3,4.36554960531629440754230333270235547e+3,mpmath_70dps_heuristic_not_certified,zeta_dual_candidate_not_exact_for_a_lt_1_without_linear_combination,zeta(s)/((s-rho_i) zeta'(rho_i) pi^{-rho_i/2} Gamma(rho_i/2))
-2.844988620365111487e+01,2,5.40052489886885809378683785518970063e+5,3.56431016190938136757250911645890471e+5,6.47070136179942787201345685127161186e+5,mpmath_70dps_heuristic_not_certified,zeta_dual_candidate_not_exact_for_a_lt_1_without_linear_combination,zeta(s)/((s-rho_i) zeta'(rho_i) pi^{-rho_i/2} Gamma(rho_i/2))
-2.844988620365111487e+01,3,-9.92264853210141790106614612972722518e+6,-6.54888138807248243151499995257464297e+6,1.1888936088929765444409345176827309e+7,mpmath_70dps_heuristic_not_certified,zeta_dual_candidate_not_exact_for_a_lt_1_without_linear_combination,zeta(s)/((s-rho_i) zeta'(rho_i) pi^{-rho_i/2} Gamma(rho_i/2))
-2.800584462177960532e+01,1,-4.6691170683129144449075373558868858e+3,-1.19128119897505789794350042094452003e+3,4.8186932972168332910862663702376294e+3,mpmath_70dps_heuristic_not_certified,zeta_dual_candidate_not_exact_for_a_lt_1_without_linear_combination,zeta(s)/((s-rho_i) zeta'(rho_i) pi^{-rho_i/2} Gamma(rho_i/2))
-2.800584462177960532e+01,2,6.9105175173666475639175104239348768e+5,1.76315339135441104228706103287162776e+5,7.13189752024493514162744604087811256e+5,mpmath_70dps_heuristic_not_certified,zeta_dual_candidate_not_exact_for_a_lt_1_without_linear_combination,zeta(s)/((s-rho_i) zeta'(rho_i) pi^{-rho_i/2} Gamma(rho_i/2))
-2.800584462177960532e+01,3,-1.26884575253309308774533746655084206e+7,-3.23734030926365217002787367995146089e+6,1.30949351525737006784369014606379824e+7,mpmath_70dps_heuristic_not_certified,zeta_dual_candidate_not_exact_for_a_lt_1_without_linear_combination,zeta(s)/((s-rho_i) zeta'(rho_i) pi^{-rho_i/2} Gamma(rho_i/2))
-2.755492743709415038e+01,1,-4.8915530443290701250624886934806211e+3,4.18303935343205393641884873696736591e+2,4.90940621336314015530814761707989609e+3,mpmath_70dps_heuristic_not_certified,zeta_dual_candidate_not_exact_for_a_lt_1_without_linear_combination,zeta(s)/((s-rho_i) zeta'(rho_i) pi^{-rho_i/2} Gamma(rho_i/2))
-2.755492743709415038e+01,2,7.22875000295009984180832200479265682e+5,-6.18170660001701673538234030394853435e+4,7.25513346328225776774216367305279559e+5,mpmath_70dps_heuristic_not_certified,zeta_dual_candidate_not_exact_for_a_lt_1_without_linear_combination,zeta(s)/((s-rho_i) zeta'(rho_i) pi^{-rho_i/2} Gamma(rho_i/2))
-2.755492743709415038e+01,3,-1.32635036894353610806398172660884671e+7,1.13423604721247141709911150231827975e+6,1.33119127675350099181444291316249975e+7,mpmath_70dps_heuristic_not_certified,zeta_dual_candidate_not_exact_for_a_lt_1_without_linear_combination,zeta(s)/((s-rho_i) zeta'(rho_i) pi^{-rho_i/2} Gamma(rho_i/2))
-2.709724535246746058e+01,1,-4.20698322957150647679916404280312464e+3,1.88721102596239687610047053412978097e+3,4.61088639530513106563780106871554874e+3,mpmath_70dps_heuristic_not_certified,zeta_dual_candidate_not_exact_for_a_lt_1_without_linear_combination,zeta(s)/((s-rho_i) zeta'(rho_i) pi^{-rho_i/2} Gamma(rho_i/2))
-2.709724535246746058e+01,2,6.20732184476345072636813089417616868e+5,-2.78454312458193197365170529304572196e+5,6.80327310176021360973760494346731538e+5,mpmath_70dps_heuristic_not_certified,zeta_dual_candidate_not_exact_for_a_lt_1_without_linear_combination,zeta(s)/((s-rho_i) zeta'(rho_i) pi^{-rho_i/2} Gamma(rho_i/2))
-2.709724535246746058e+01,3,-1.13811456844731175186473184730441217e+7,5.10546927614201073680554085279793225e+6,1.24738243382224640717958608031884074e+7,mpmath_70dps_heuristic_not_certified,zeta_dual_candidate_not_exact_for_a_lt_1_without_linear_combination,zeta(s)/((s-rho_i) zeta'(rho_i) pi^{-rho_i/2} Gamma(rho_i/2))
-2.663291073159579980e+01,1,-2.85889795126936429448522123743985761e+3,2.71176430902743683268722356661149547e+3,3.94042677428311315504378801734472246e+3,mpmath_70dps_heuristic_not_certified,zeta_dual_candidate_not_exact_for_a_lt_1_without_linear_combination,zeta(s)/((s-rho_i) zeta'(rho_i) pi^{-rho_i/2} Gamma(rho_i/2))
-2.663291073159579980e+01,2,4.21138278244950185132239775160723897e+5,-3.99464329114250480925637652458271668e+5,5.80456027307684442136823276982147811e+5,mpmath_70dps_heuristic_not_certified,zeta_dual_candidate_not_exact_for_a_lt_1_without_linear_combination,zeta(s)/((s-rho_i) zeta'(rho_i) pi^{-rho_i/2} Gamma(rho_i/2))
-2.663291073159579980e+01,3,-7.71582964414640070395533340774778964e+6,7.31873323223794661188338285241001765e+6,1.06347488556219546436726231311304259e+7,mpmath_70dps_heuristic_not_certified,zeta_dual_candidate_not_exact_for_a_lt_1_without_linear_combination,zeta(s)/((s-rho_i) zeta'(rho_i) pi^{-rho_i/2} Gamma(rho_i/2))
-2.616203757141302333e+01,1,-1.35044842644531189404887475074926431e+3,2.63320246434064092614159422584468295e+3,2.95930163563943635333591117331002098e+3,mpmath_70dps_heuristic_not_certified,zeta_dual_candidate_not_exact_for_a_lt_1_without_linear_combination,zeta(s)/((s-rho_i) zeta'(rho_i) pi^{-rho_i/2} Gamma(rho_i/2))
-2.616203757141302333e+01,2,1.98596345898611510505635443186396766e+5,-3.87237585078149933272148026878674498e+5,4.35193584398297807435163171772054122e+5,mpmath_70dps_heuristic_not_certified,zeta_dual_candidate_not_exact_for_a_lt_1_without_linear_combination,zeta(s)/((s-rho_i) zeta'(rho_i) pi^{-rho_i/2} Gamma(rho_i/2))
-2.616203757141302333e+01,3,-3.63575446903839632578303734322032658e+6,7.08925823462174383944680113463670548e+6,7.96720106915125339677534978231823997e+6,mpmath_70dps_heuristic_not_certified,zeta_dual_candidate_not_exact_for_a_lt_1_without_linear_combination,zeta(s)/((s-rho_i) zeta'(rho_i) pi^{-rho_i/2} Gamma(rho_i/2))
-2.568474147410363884e+01,1,-2.38994126730941301216676361559604693e+2,1.75079351082234614164381259921853544e+3,1.76703030821475212964333324648388763e+3,mpmath_70dps_heuristic_not_certified,zeta_dual_candidate_not_exact_for_a_lt_1_without_linear_combination,zeta(s)/((s-rho_i) zeta'(rho_i) pi^{-rho_i/2} Gamma(rho_i/2))
-2.568474147410363884e+01,2,3.508498430998298060550545162578287e+4,-2.57021223481260809731482994112772706e+5,2.59404829260821520573193742125561843e+5,mpmath_70dps_heuristic_not_certified,zeta_dual_candidate_not_exact_for_a_lt_1_without_linear_combination,zeta(s)/((s-rho_i) zeta'(rho_i) pi^{-rho_i/2} Gamma(rho_i/2))
-2.568474147410363884e+01,3,-6.41798623091025740516541874827351556e+5,4.70160869613123733839682050855615027e+6,4.74521124968514021980173043031214953e+6,mpmath_70dps_heuristic_not_certified,zeta_dual_candidate_not_exact_for_a_lt_1_without_linear_combination,zeta(s)/((s-rho_i) zeta'(rho_i) pi^{-rho_i/2} Gamma(rho_i/2))
-2.520113961872178265e+01,1,9.86499286110220033195057505939529512e+1,4.80515799903485897845475623588809172e+2,4.90537707390417271716362889390211124e+2,mpmath_70dps_heuristic_not_certified,zeta_dual_candidate_not_exact_for_a_lt_1_without_linear_combination,zeta(s)/((s-rho_i) zeta'(rho_i) pi^{-rho_i/2} Gamma(rho_i/2))
-2.520113961872178265e+01,2,-1.44558696117354354511682833306871192e+4,-7.0413368236410973938481569399561161e+4,7.18819490040991158956409365744261082e+4,mpmath_70dps_heuristic_not_certified,zeta_dual_candidate_not_exact_for_a_lt_1_without_linear_combination,zeta(s)/((s-rho_i) zeta'(rho_i) pi^{-rho_i/2} Gamma(rho_i/2))
-2.520113961872178265e+01,3,2.64219189040825667157717468349694182e+5,1.28699023668241651065591762673959147e+6,1.31383242811754880165959995621615724e+6,mpmath_70dps_heuristic_not_certified,zeta_dual_candidate_not_exact_for_a_lt_1_without_linear_combination,zeta(s)/((s-rho_i) zeta'(rho_i) pi^{-rho_i/2} Gamma(rho_i/2))
-2.471135073242303193e+01,1,-3.75730076816897420544393126618939113e+2,-6.26477105983312060871547314881371485e+2,7.3051122848732287563157036013780677e+2,mpmath_70dps_heuristic_not_certified,zeta_dual_candidate_not_exact_for_a_lt_1_without_linear_combination,zeta(s)/((s-rho_i) zeta'(rho_i) pi^{-rho_i/2} Gamma(rho_i/2))
-2.471135073242303193e+01,2,5.49551345081243960772949506012337646e+4,9.16299645672260090871536117416723881e+4,1.06846231638729958135783662795099614e+5,mpmath_70dps_heuristic_not_certified,zeta_dual_candidate_not_exact_for_a_lt_1_without_linear_combination,zeta(s)/((s-rho_i) zeta'(rho_i) pi^{-rho_i/2} Gamma(rho_i/2))
-2.471135073242303193e+01,3,-1.00359636675142461783567405165334351e+6,-1.67335591748273840137466040564291897e+6,1.95123696508936535623753661504966689e+6,mpmath_70dps_heuristic_not_certified,zeta_dual_candidate_not_exact_for_a_lt_1_without_linear_combination,zeta(s)/((s-rho_i) zeta'(rho_i) pi^{-rho_i/2} Gamma(rho_i/2))
-2.421549506131619367e+01,1,-1.35363648958910990088350489212905268e+3,-1.12535996248630542178553128747997313e+3,1.76033144353962705192343602518316609e+3,mpmath_70dps_heuristic_not_certified,zeta_dual_candidate_not_exact_for_a_lt_1_without_linear_combination,zeta(s)/((s-rho_i) zeta'(rho_i) pi^{-rho_i/2} Gamma(rho_i/2))
-2.421549506131619367e+01,2,1.97601184599818633518465063252553503e+5,1.64277827466073659742686670885886362e+5,2.56969711740945582598176616704104638e+5,mpmath_70dps_heuristic_not_certified,zeta_dual_candidate_not_exact_for_a_lt_1_without_linear_combination,zeta(s)/((s-rho_i) zeta'(rho_i) pi^{-rho_i/2} Gamma(rho_i/2))
-2.421549506131619367e+01,3,-3.60544296831397889485563161945448251e+6,-2.99742301184562806447723378339816963e+6,4.68868464600749526473397787157795159e+6,mpmath_70dps_heuristic_not_certified,zeta_dual_candidate_not_exact_for_a_lt_1_without_linear_combination,zeta(s)/((s-rho_i) zeta'(rho_i) pi^{-rho_i/2} Gamma(rho_i/2))
-2.371369434094216899e+01,1,-2.32619144508761583995389821592027722e+3,-8.69522520590651473322096043361971464e+2,2.48339204577391090086655760206995183e+3,mpmath_70dps_heuristic_not_certified,zeta_dual_candidate_not_exact_for_a_lt_1_without_linear_combination,zeta(s)/((s-rho_i) zeta'(rho_i) pi^{-rho_i/2} Gamma(rho_i/2))
-2.371369434094216899e+01,2,3.3888878247945128752165061191917938e+5,1.26675484497936803060951709581118204e+5,3.61790388572156346124177765839209524e+5,mpmath_70dps_heuristic_not_certified,zeta_dual_candidate_not_exact_for_a_lt_1_without_linear_combination,zeta(s)/((s-rho_i) zeta'(rho_i) pi^{-rho_i/2} Gamma(rho_i/2))
-2.371369434094216899e+01,3,-6.1777698159411719377699163477079953e+6,-2.30922953195870245908521909458060371e+6,6.59525442496527418261711857709120419e+6,mpmath_70dps_heuristic_not_certified,zeta_dual_candidate_not_exact_for_a_lt_1_without_linear_combination,zeta(s)/((s-rho_i) zeta'(rho_i) pi^{-rho_i/2} Gamma(rho_i/2))
-2.320607176638711877e+01,1,-2.81757582908383834639214917060713833e+3,-6.58437227203623977349579373032641936e+1,2.81834507263733675773022559580725305e+3,mpmath_70dps_heuristic_not_certified,zeta_dual_candidate_not_exact_for_a_lt_1_without_linear_combination,zeta(s)/((s-rho_i) zeta'(rho_i) pi^{-rho_i/2} Gamma(rho_i/2))
-2.320607176638711877e+01,2,4.09618307167118662872111095581319386e+5,9.57234015137963675255828105104491105e+3,4.09730139558258139207684778541291095e+5,mpmath_70dps_heuristic_not_certified,zeta_dual_candidate_not_exact_for_a_lt_1_without_linear_combination,zeta(s)/((s-rho_i) zeta'(rho_i) pi^{-rho_i/2} Gamma(rho_i/2))
-2.320607176638711877e+01,3,-7.46012354345661008030834512745908637e+6,-1.74335079462519222077466624921491344e+5,7.46216027726333488466235950298625803e+6,mpmath_70dps_heuristic_not_certified,zeta_dual_candidate_not_exact_for_a_lt_1_without_linear_combination,zeta(s)/((s-rho_i) zeta'(rho_i) pi^{-rho_i/2} Gamma(rho_i/2))
-2.269275196203734168e+01,1,-2.59838229943355284824744757935054958e+3,8.29729248059730907119891439926709028e+2,2.72764389154731192883570558640361051e+3,mpmath_70dps_heuristic_not_certified,zeta_dual_candidate_not_exact_for_a_lt_1_without_linear_combination,zeta(s)/((s-rho_i) zeta'(rho_i) pi^{-rho_i/2} Gamma(rho_i/2))
-2.269275196203734168e+01,2,3.76933869641065779710951165169655893e+5,-1.20364526918808785266577437938694606e+5,3.9568517968579087958619444514287808e+5,mpmath_70dps_heuristic_not_certified,zeta_dual_candidate_not_exact_for_a_lt_1_without_linear_combination,zeta(s)/((s-rho_i) zeta'(rho_i) pi^{-rho_i/2} Gamma(rho_i/2))
-2.269275196203734168e+01,3,-6.85820005448510170225157317975449261e+6,2.18999689748950586601773682817154976e+6,7.19937458383387030316285634634877928e+6,mpmath_70dps_heuristic_not_certified,zeta_dual_candidate_not_exact_for_a_lt_1_without_linear_combination,zeta(s)/((s-rho_i) zeta'(rho_i) pi^{-rho_i/2} Gamma(rho_i/2))
-2.217386095098323651e+01,1,-1.78293217149225957240181227375353514e+3,1.32539926383677196242553125034251342e+3,2.2216053512541693442989506137698973e+3,mpmath_70dps_heuristic_not_certified,zeta_dual_candidate_not_exact_for_a_lt_1_without_linear_combination,zeta(s)/((s-rho_i) zeta'(rho_i) pi^{-rho_i/2} Gamma(rho_i/2))
-2.217386095098323651e+01,2,2.58059697463812414984917452541203869e+5,-1.91836873277241193630712468851908324e+5,3.21552784786421478364536259816320852e+5,mpmath_70dps_heuristic_not_certified,zeta_dual_candidate_not_exact_for_a_lt_1_without_linear_combination,zeta(s)/((s-rho_i) zeta'(rho_i) pi^{-rho_i/2} Gamma(rho_i/2))
-2.217386095098323651e+01,3,-4.69060825722188431731864170546583284e+6,3.48691264338182344188388853800610715e+6,5.84468695528632553757857426662572355e+6,mpmath_70dps_heuristic_not_certified,zeta_dual_candidate_not_exact_for_a_lt_1_without_linear_combination,zeta(s)/((s-rho_i) zeta'(rho_i) pi^{-rho_i/2} Gamma(rho_i/2))
-2.164952612407989818e+01,1,-7.70492990342018804758715604388981428e+2,1.11640401476538288589438899911382604e+3,1.35647240014327292314631629838859824e+3,mpmath_70dps_heuristic_not_certified,zeta_dual_candidate_not_exact_for_a_lt_1_without_linear_combination,zeta(s)/((s-rho_i) zeta'(rho_i) pi^{-rho_i/2} Gamma(rho_i/2))
-2.164952612407989818e+01,2,1.11260397162866988728638482955877559e+5,-1.61210492027810275124111984667269452e+5,1.95876743685123530660853925735661426e+5,mpmath_70dps_heuristic_not_certified,zeta_dual_candidate_not_exact_for_a_lt_1_without_linear_combination,zeta(s)/((s-rho_i) zeta'(rho_i) pi^{-rho_i/2} Gamma(rho_i/2))
-2.164952612407989818e+01,3,-2.02022013171528772616880800638963198e+6,2.92719323086332389227357224050214787e+6,3.55664864604304133047373481494036864e+6,mpmath_70dps_heuristic_not_certified,zeta_dual_candidate_not_exact_for_a_lt_1_without_linear_combination,zeta(s)/((s-rho_i) zeta'(rho_i) pi^{-rho_i/2} Gamma(rho_i/2))
-2.111987620867185456e+01,1,-6.26501656594282029599819819111357633e+1,2.18067571389462114459625841743110705e+2,2.26888758974198527000455025478957505e+2,mpmath_70dps_heuristic_not_certified,zeta_dual_candidate_not_exact_for_a_lt_1_without_linear_combination,zeta(s)/((s-rho_i) zeta'(rho_i) pi^{-rho_i/2} Gamma(rho_i/2))
-2.111987620867185456e+01,2,9.02489825406537541836648496415755049e+3,-3.14131275406270838397494809762353678e+4,3.26838395905367281617920917205278226e+4,mpmath_70dps_heuristic_not_certified,zeta_dual_candidate_not_exact_for_a_lt_1_without_linear_combination,zeta(s)/((s-rho_i) zeta'(rho_i) pi^{-rho_i/2} Gamma(rho_i/2))
-2.111987620867185456e+01,3,-1.63694483035438563390488088788510243e+5,5.69774365153967403286251746938980696e+5,5.92822664009099830506870095340199886e+5,mpmath_70dps_heuristic_not_certified,zeta_dual_candidate_not_exact_for_a_lt_1_without_linear_combination,zeta(s)/((s-rho_i) zeta'(rho_i) pi^{-rho_i/2} Gamma(rho_i/2))
-2.058504123698975619e+01,1,-4.28725700089190124421397603786231533e+1,-1.04515492544686346789278774755494908e+3,1.0460338787271702873006546492148364e+3,mpmath_70dps_heuristic_not_certified,zeta_dual_candidate_not_exact_for_a_lt_1_without_linear_combination,zeta(s)/((s-rho_i) zeta'(rho_i) pi^{-rho_i/2} Gamma(rho_i/2))
-2.058504123698975619e+01,2,6.16038171989139446248251338851869519e+3,1.50178850855870405882959005146467859e+5,1.50305148106525411177209010890392598e+5,mpmath_70dps_heuristic_not_certified,zeta_dual_candidate_not_exact_for_a_lt_1_without_linear_combination,zeta(s)/((s-rho_i) zeta'(rho_i) pi^{-rho_i/2} Gamma(rho_i/2))
-2.058504123698975619e+01,3,-1.11613545719875580990584378964395803e+5,-2.72093431841031696778599407045737635e+6,2.72322256686653853063281034839735603e+6,mpmath_70dps_heuristic_not_certified,zeta_dual_candidate_not_exact_for_a_lt_1_without_linear_combination,zeta(s)/((s-rho_i) zeta'(rho_i) pi^{-rho_i/2} Gamma(rho_i/2))
-2.004515251422669309e+01,1,-8.15624377605746300396348673943847124e+2,-2.18184654249149695739589037683369279e+3,2.32931265834513093283643793402348034e+3,mpmath_70dps_heuristic_not_certified,zeta_dual_candidate_not_exact_for_a_lt_1_without_linear_combination,zeta(s)/((s-rho_i) zeta'(rho_i) pi^{-rho_i/2} Gamma(rho_i/2))
-2.004515251422669309e+01,2,1.16891854629975096215237501923327134e+5,3.12693067878250989415307583823369827e+5,3.33827291241964983627739843065830701e+5,mpmath_70dps_heuristic_not_certified,zeta_dual_candidate_not_exact_for_a_lt_1_without_linear_combination,zeta(s)/((s-rho_i) zeta'(rho_i) pi^{-rho_i/2} Gamma(rho_i/2))
-2.004515251422669309e+01,3,-2.11540898567595016756714105472629701e+6,-5.65885217273819627101746323169134234e+6,6.04132130328973291473224708197026059e+6,mpmath_70dps_heuristic_not_certified,zeta_dual_candidate_not_exact_for_a_lt_1_without_linear_combination,zeta(s)/((s-rho_i) zeta'(rho_i) pi^{-rho_i/2} Gamma(rho_i/2))
-1.950034258630195083e+01,1,-2.16929314929855923959475154655081501e+3,-2.73816574403484600462250192414038595e+3,3.49333428251571181289209959476751699e+3,mpmath_70dps_heuristic_not_certified,zeta_dual_candidate_not_exact_for_a_lt_1_without_linear_combination,zeta(s)/((s-rho_i) zeta'(rho_i) pi^{-rho_i/2} Gamma(rho_i/2))
-1.950034258630195083e+01,2,3.10051716955954716060062977671266841e+5,3.91359273191130746931093690486357991e+5,4.99293648968245505911294116903970321e+5,mpmath_70dps_heuristic_not_certified,zeta_dual_candidate_not_exact_for_a_lt_1_without_linear_combination,zeta(s)/((s-rho_i) zeta'(rho_i) pi^{-rho_i/2} Gamma(rho_i/2))
-1.950034258630195083e+01,3,-5.60438059359023266653020958008520503e+6,-7.07406602139710328304822021944898389e+6,9.02504802828748666912991365350119494e+6,mpmath_70dps_heuristic_not_certified,zeta_dual_candidate_not_exact_for_a_lt_1_without_linear_combination,zeta(s)/((s-rho_i) zeta'(rho_i) pi^{-rho_i/2} Gamma(rho_i/2))
-1.895074520732021739e+01,1,-3.66885462696360842788681509181228624e+3,-2.47524423198302523608615635570908879e+3,4.42575736815265493205197972724326291e+3,mpmath_70dps_heuristic_not_certified,zeta_dual_candidate_not_exact_for_a_lt_1_without_linear_combination,zeta(s)/((s-rho_i) zeta'(rho_i) pi^{-rho_i/2} Gamma(rho_i/2))
-1.895074520732021739e+01,2,5.22904005939143297137405470530137417e+5,3.52784521651345440613582351752688989e+5,6.30781672327257958462088248500927724e+5,mpmath_70dps_heuristic_not_certified,zeta_dual_candidate_not_exact_for_a_lt_1_without_linear_combination,zeta(s)/((s-rho_i) zeta'(rho_i) pi^{-rho_i/2} Gamma(rho_i/2))
-1.895074520732021739e+01,3,-9.44018863858181360410936238610923473e+6,-6.36895566936648158443269482662848185e+6,1.1387745951256754431868094039417245e+7,mpmath_70dps_heuristic_not_certified,zeta_dual_candidate_not_exact_for_a_lt_1_without_linear_combination,zeta(s)/((s-rho_i) zeta'(rho_i) pi^{-rho_i/2} Gamma(rho_i/2))
-1.839649530673413125e+01,1,-4.82939835753712666614731490061238574e+3,-1.45014194263713619013724106334457137e+3,5.04242006873462535760600909246091815e+3,mpmath_70dps_heuristic_not_certified,zeta_dual_candidate_not_exact_for_a_lt_1_without_linear_combination,zeta(s)/((s-rho_i) zeta'(rho_i) pi^{-rho_i/2} Gamma(rho_i/2))
-1.839649530673413125e+01,2,6.86295997156503540401228692419496818e+5,2.06076727753757595688253775597825049e+5,7.16568080111538209816179957936538435e+5,mpmath_70dps_heuristic_not_certified,zeta_dual_candidate_not_exact_for_a_lt_1_without_linear_combination,zeta(s)/((s-rho_i) zeta'(rho_i) pi^{-rho_i/2} Gamma(rho_i/2))
-1.839649530673413125e+01,3,-1.23741808342534065724135700594612688e+7,-3.71564267534944266289187474311558368e+6,1.29199981350494898910732898775076529e+7,mpmath_70dps_heuristic_not_certified,zeta_dual_candidate_not_exact_for_a_lt_1_without_linear_combination,zeta(s)/((s-rho_i) zeta'(rho_i) pi^{-rho_i/2} Gamma(rho_i/2))
-1.783772895621830656e+01,1,-5.29409313839000264338384576495366854e+3,2.17407865814199081747937195010696607e+1,5.29413777868967880607872120306924424e+3,mpmath_70dps_heuristic_not_certified,zeta_dual_candidate_not_exact_for_a_lt_1_without_linear_combination,zeta(s)/((s-rho_i) zeta'(rho_i) pi^{-rho_i/2} Gamma(rho_i/2))
-1.783772895621830656e+01,2,7.50042543750097943127954447199540591e+5,-3.08013373478638703095918730563098767e+3,7.50048868180561789870447290409036913e+5,mpmath_70dps_heuristic_not_certified,zeta_dual_candidate_not_exact_for_a_lt_1_without_linear_combination,zeta(s)/((s-rho_i) zeta'(rho_i) pi^{-rho_i/2} Gamma(rho_i/2))
-1.783772895621830656e+01,3,-1.35057101058521657109901154967633035e+7,5.54627116233834962419144714362820738e+4,1.3505823987291480163339319820838571e+7,mpmath_70dps_heuristic_not_certified,zeta_dual_candidate_not_exact_for_a_lt_1_without_linear_combination,zeta(s)/((s-rho_i) zeta'(rho_i) pi^{-rho_i/2} Gamma(rho_i/2))
-1.727458333626289999e+01,1,-4.94807055143844838367709109293162622e+3,1.49480114865119248728683221681688953e+3,5.16892954643621691640764674769751443e+3,mpmath_70dps_heuristic_not_certified,zeta_dual_candidate_not_exact_for_a_lt_1_without_linear_combination,zeta(s)/((s-rho_i) zeta'(rho_i) pi^{-rho_i/2} Gamma(rho_i/2))
-1.727458333626289999e+01,2,6.98799100130267573363562288610893462e+5,-2.11105659608567838122200098577425218e+5,7.29990261484110647080419532118050232e+5,mpmath_70dps_heuristic_not_certified,zeta_dual_candidate_not_exact_for_a_lt_1_without_linear_combination,zeta(s)/((s-rho_i) zeta'(rho_i) pi^{-rho_i/2} Gamma(rho_i/2))
-1.727458333626289999e+01,3,-1.25657891621697810735404727606085342e+7,3.79609706006710125394985549356540825e+6,1.31266679000252618540509661576135013e+7,mpmath_70dps_heuristic_not_certified,zeta_dual_candidate_not_exact_for_a_lt_1_without_linear_combination,zeta(s)/((s-rho_i) zeta'(rho_i) pi^{-rho_i/2} Gamma(rho_i/2))
-1.670719670249499345e+01,1,-3.93431101631821079534782815605253647e+3,2.5526542243689971694612854501543993e+3,4.68986639066740570549867398197796159e+3,mpmath_70dps_heuristic_not_certified,zeta_dual_candidate_not_exact_for_a_lt_1_without_linear_combination,zeta(s)/((s-rho_i) zeta'(rho_i) pi^{-rho_i/2} Gamma(rho_i/2))
-1.670719670249499345e+01,2,5.5379708361441587779093415873801128e+5,-3.59313856751083017558028369240966845e+5,6.60149723527299629596585521024332687e+5,mpmath_70dps_heuristic_not_certified,zeta_dual_candidate_not_exact_for_a_lt_1_without_linear_combination,zeta(s)/((s-rho_i) zeta'(rho_i) pi^{-rho_i/2} Gamma(rho_i/2))
-1.670719670249499345e+01,3,-9.94425952709844895109989680851855618e+6,6.45202069302199751673981396063813961e+6,1.18539811272615211922775900766952233e+7,mpmath_70dps_heuristic_not_certified,zeta_dual_candidate_not_exact_for_a_lt_1_without_linear_combination,zeta(s)/((s-rho_i) zeta'(rho_i) pi^{-rho_i/2} Gamma(rho_i/2))
-1.613570835173600315e+01,1,-2.58005530825724473312314244797355965e+3,2.93698133525757766399980406556006915e+3,3.90928954636488520493166433295650311e+3,mpmath_70dps_heuristic_not_certified,zeta_dual_candidate_not_exact_for_a_lt_1_without_linear_combination,zeta(s)/((s-rho_i) zeta'(rho_i) pi^{-rho_i/2} Gamma(rho_i/2))
-1.613570835173600315e+01,2,3.61923538643336732937410070229372013e+5,-4.11992205897266680351524258741678261e+5,5.48385106967914145469478098757982654e+5,mpmath_70dps_heuristic_not_certified,zeta_dual_candidate_not_exact_for_a_lt_1_without_linear_combination,zeta(s)/((s-rho_i) zeta'(rho_i) pi^{-rho_i/2} Gamma(rho_i/2))
-1.613570835173600315e+01,3,-6.48933859517871381204431382472696905e+6,7.38707665343824697933833327682781924e+6,9.83262004181227646448815113770724029e+6,mpmath_70dps_heuristic_not_certified,zeta_dual_candidate_not_exact_for_a_lt_1_without_linear_combination,zeta(s)/((s-rho_i) zeta'(rho_i) pi^{-rho_i/2} Gamma(rho_i/2))
-1.556025858780346560e+01,1,-1.27379635913449882574974714188896883e+3,2.60586091141829905048304430489985178e+3,2.9005289611038386114852948586685241e+3,mpmath_70dps_heuristic_not_certified,zeta_dual_candidate_not_exact_for_a_lt_1_without_linear_combination,zeta(s)/((s-rho_i) zeta'(rho_i) pi^{-rho_i/2} Gamma(rho_i/2))
-1.556025858780346560e+01,2,1.780453628591161169253566470099473e+5,-3.6423518422450514380676682313671538e+5,4.05422521158720936676971106335707964e+5,mpmath_70dps_heuristic_not_certified,zeta_dual_candidate_not_exact_for_a_lt_1_without_linear_combination,zeta(s)/((s-rho_i) zeta'(rho_i) pi^{-rho_i/2} Gamma(rho_i/2))
-1.556025858780346560e+01,3,-3.18751702212102228998213967576959561e+6,6.52084295331902728453002811228435809e+6,7.25821311261674677152547544773145399e+6,mpmath_70dps_heuristic_not_certified,zeta_dual_candidate_not_exact_for_a_lt_1_without_linear_combination,zeta(s)/((s-rho_i) zeta'(rho_i) pi^{-rho_i/2} Gamma(rho_i/2))
-1.498098868706562925e+01,1,-3.43110071184821824822592504708964642e+2,1.71442999005090824554948233563257959e+3,1.74842635296268937406208562144247262e+3,mpmath_70dps_heuristic_not_certified,zeta_dual_candidate_not_exact_for_a_lt_1_without_linear_combination,zeta(s)/((s-rho_i) zeta'(rho_i) pi^{-rho_i/2} Gamma(rho_i/2))
-1.498098868706562925e+01,2,4.77793716510635361805002150709207645e+4,-2.38740843081364952209548698136848769e+5,2.434749648538251200712601216271504e+5,mpmath_70dps_heuristic_not_certified,zeta_dual_candidate_not_exact_for_a_lt_1_without_linear_combination,zeta(s)/((s-rho_i) zeta'(rho_i) pi^{-rho_i/2} Gamma(rho_i/2))
-1.498098868706562925e+01,3,-8.54035311223521742745128330536636743e+5,4.26738785331474662029262139948620048e+6,4.35200820351190274048608566640934266e+6,mpmath_70dps_heuristic_not_certified,zeta_dual_candidate_not_exact_for_a_lt_1_without_linear_combination,zeta(s)/((s-rho_i) zeta'(rho_i) pi^{-rho_i/2} Gamma(rho_i/2))
-1.439804086375722925e+01,1,2.69529118834110967288205187705908067e+1,5.39262314299110116791381718755523395e+2,5.3993546196024867750291604585503308e+2,mpmath_70dps_heuristic_not_certified,zeta_dual_candidate_not_exact_for_a_lt_1_without_linear_combination,zeta(s)/((s-rho_i) zeta'(rho_i) pi^{-rho_i/2} Gamma(rho_i/2))
-1.439804086375722925e+01,2,-3.7386824595587179979003249621218555e+3,-7.48019569941905187104191421837335383e+4,7.48953304064688660870017828838179487e+4,mpmath_70dps_heuristic_not_certified,zeta_dual_candidate_not_exact_for_a_lt_1_without_linear_combination,zeta(s)/((s-rho_i) zeta'(rho_i) pi^{-rho_i/2} Gamma(rho_i/2))
-1.439804086375722925e+01,3,6.67177888196232532567665830943307773e+4,1.33486093671137658135310040241792682e+6,1.33652721023664668244580942341013283e+6,mpmath_70dps_heuristic_not_certified,zeta_dual_candidate_not_exact_for_a_lt_1_without_linear_combination,zeta(s)/((s-rho_i) zeta'(rho_i) pi^{-rho_i/2} Gamma(rho_i/2))
-1.381155823506506763e+01,1,-1.82327379758595080710722201961996147e+2,-6.17786558533635189182430773431387257e+2,6.44130037581284983302436131808545327e+2,mpmath_70dps_heuristic_not_certified,zeta_dual_candidate_not_exact_for_a_lt_1_without_linear_combination,zeta(s)/((s-rho_i) zeta'(rho_i) pi^{-rho_i/2} Gamma(rho_i/2))
-1.381155823506506763e+01,2,2.5188144342052651343582440530594747e+4,8.53459147470231073392608846453135706e+4,8.89852110151019156432748351790753709e+4,mpmath_70dps_heuristic_not_certified,zeta_dual_candidate_not_exact_for_a_lt_1_without_linear_combination,zeta(s)/((s-rho_i) zeta'(rho_i) pi^{-rho_i/2} Gamma(rho_i/2))
-1.381155823506506763e+01,3,-4.487244832454408467720451420207205e+5,-1.5204296502314898696319454468092828e+6,1.58526337974701810942155686819695285e+6,mpmath_70dps_heuristic_not_certified,zeta_dual_candidate_not_exact_for_a_lt_1_without_linear_combination,zeta(s)/((s-rho_i) zeta'(rho_i) pi^{-rho_i/2} Gamma(rho_i/2))
-1.322168478599186336e+01,1,-8.51482970816360914597650164727197211e+2,-1.51220060750212688899980571437641755e+3,1.73544631922743647706194244067856078e+3,mpmath_70dps_heuristic_not_certified,zeta_dual_candidate_not_exact_for_a_lt_1_without_linear_combination,zeta(s)/((s-rho_i) zeta'(rho_i) pi^{-rho_i/2} Gamma(rho_i/2))
-1.322168478599186336e+01,2,1.17131211238236865687603981847246912e+5,2.0802047118112292779966172461971806e+5,2.38730469518561582279412059228517831e+5,mpmath_70dps_heuristic_not_certified,zeta_dual_candidate_not_exact_for_a_lt_1_without_linear_combination,zeta(s)/((s-rho_i) zeta'(rho_i) pi^{-rho_i/2} Gamma(rho_i/2))
-1.322168478599186336e+01,3,-2.08299517952895797849283739810421167e+6,-3.69931834677528924564573125541446672e+6,4.24544757931706595884412162791329383e+6,mpmath_70dps_heuristic_not_certified,zeta_dual_candidate_not_exact_for_a_lt_1_without_linear_combination,zeta(s)/((s-rho_i) zeta'(rho_i) pi^{-rho_i/2} Gamma(rho_i/2))
-1.262856533400708869e+01,1,-1.7819635248886036625904278575652044e+3,-2.00474384234659332127402365827080615e+3,2.68223635749350020288479476152747812e+3,mpmath_70dps_heuristic_not_certified,zeta_dual_candidate_not_exact_for_a_lt_1_without_linear_combination,zeta(s)/((s-rho_i) zeta'(rho_i) pi^{-rho_i/2} Gamma(rho_i/2))
-1.262856533400708869e+01,2,2.44041676386900546227921359211523651e+5,2.74551662354123070101020629422457297e+5,3.67334935876157974055139408879841479e+5,mpmath_70dps_heuristic_not_certified,zeta_dual_candidate_not_exact_for_a_lt_1_without_linear_combination,zeta(s)/((s-rho_i) zeta'(rho_i) pi^{-rho_i/2} Gamma(rho_i/2))
-1.262856533400708869e+01,3,-4.33193304451469630061895613272898157e+6,-4.87350946029687080873838128163836794e+6,6.52048605257011977227279399253814309e+6,mpmath_70dps_heuristic_not_certified,zeta_dual_candidate_not_exact_for_a_lt_1_without_linear_combination,zeta(s)/((s-rho_i) zeta'(rho_i) pi^{-rho_i/2} Gamma(rho_i/2))
-1.203234549349339488e+01,1,-2.76123423611604724301825497710798917e+3,-2.07001172053493494020196504971867083e+3,3.45099449867011125730177013558519925e+3,mpmath_70dps_heuristic_not_certified,zeta_dual_candidate_not_exact_for_a_lt_1_without_linear_combination,zeta(s)/((s-rho_i) zeta'(rho_i) pi^{-rho_i/2} Gamma(rho_i/2))
-1.203234549349339488e+01,2,3.76398454355872513676108147162147046e+5,2.82174254511577153471732833502853409e+5,4.70423326750124247720542894959786999e+5,mpmath_70dps_heuristic_not_certified,zeta_dual_candidate_not_exact_for_a_lt_1_without_linear_combination,zeta(s)/((s-rho_i) zeta'(rho_i) pi^{-rho_i/2} Gamma(rho_i/2))
-1.203234549349339488e+01,3,-6.6686234842600478253249240957547544e+6,-4.99926032775462945288452945155350878e+6,8.33445517112462159449139144275851666e+6,mpmath_70dps_heuristic_not_certified,zeta_dual_candidate_not_exact_for_a_lt_1_without_linear_combination,zeta(s)/((s-rho_i) zeta'(rho_i) pi^{-rho_i/2} Gamma(rho_i/2))
-1.143317163999741659e+01,1,-3.61417904951264550719469756578318072e+3,-1.77409804087761629187990593550141444e+3,4.0261289175313209277294040168686064e+3,mpmath_70dps_heuristic_not_certified,zeta_dual_candidate_not_exact_for_a_lt_1_without_linear_combination,zeta(s)/((s-rho_i) zeta'(rho_i) pi^{-rho_i/2} Gamma(rho_i/2))
-1.143317163999741659e+01,2,4.9027391345442421017944936378256549e+5,2.40661565859661404961797904293265119e+5,5.46156112751601805685047484120288777e+5,mpmath_70dps_heuristic_not_certified,zeta_dual_candidate_not_exact_for_a_lt_1_without_linear_combination,zeta(s)/((s-rho_i) zeta'(rho_i) pi^{-rho_i/2} Gamma(rho_i/2))
-1.143317163999741659e+01,3,-8.66891323069398864875098889502426724e+6,-4.255323759122034570487304394169283e+6,9.65700972849513965701028771963095737e+6,mpmath_70dps_heuristic_not_certified,zeta_dual_candidate_not_exact_for_a_lt_1_without_linear_combination,zeta(s)/((s-rho_i) zeta'(rho_i) pi^{-rho_i/2} Gamma(rho_i/2))
-1.083119087429369998e+01,1,-4.23102666005879291373845478103554777e+3,-1.23637698514191116270625851837404925e+3,4.40797171582541645360858045451480534e+3,mpmath_70dps_heuristic_not_certified,zeta_dual_candidate_not_exact_for_a_lt_1_without_linear_combination,zeta(s)/((s-rho_i) zeta'(rho_i) pi^{-rho_i/2} Gamma(rho_i/2))
-1.083119087429369998e+01,2,5.71029231457515667566381215149822519e+5,1.66864323092574264015101854333465975e+5,5.94910149098251654330247668817726787e+5,mpmath_70dps_heuristic_not_certified,zeta_dual_candidate_not_exact_for_a_lt_1_without_linear_combination,zeta(s)/((s-rho_i) zeta'(rho_i) pi^{-rho_i/2} Gamma(rho_i/2))
-1.083119087429369998e+01,3,-1.00759688968174062986665583836740751e+7,-2.94436718270587910472246000706287049e+6,1.04973543007858477903749054008155779e+7,mpmath_70dps_heuristic_not_certified,zeta_dual_candidate_not_exact_for_a_lt_1_without_linear_combination,zeta(s)/((s-rho_i) zeta'(rho_i) pi^{-rho_i/2} Gamma(rho_i/2))
-1.022655098627056880e+01,1,-4.57176777860144021659354181425724154e+3,-5.90195460641260966735970081557063459e+2,4.6097062057380508848443171828204625e+3,mpmath_70dps_heuristic_not_certified,zeta_dual_candidate_not_exact_for_a_lt_1_without_linear_combination,zeta(s)/((s-rho_i) zeta'(rho_i) pi^{-rho_i/2} Gamma(rho_i/2))
-1.022655098627056880e+01,2,6.13722888485555319905377232434632594e+5,7.92289723400220499739857615282940038e+4,6.1881581582011084676667822643485175e+5,mpmath_70dps_heuristic_not_certified,zeta_dual_candidate_not_exact_for_a_lt_1_without_linear_combination,zeta(s)/((s-rho_i) zeta'(rho_i) pi^{-rho_i/2} Gamma(rho_i/2))
-1.022655098627056880e+01,3,-1.08060409403892263600729540983430438e+7,-1.3950131807596652738521730184162742e+6,1.08957139545722874168515595289149013e+7,mpmath_70dps_heuristic_not_certified,zeta_dual_candidate_not_exact_for_a_lt_1_without_linear_combination,zeta(s)/((s-rho_i) zeta'(rho_i) pi^{-rho_i/2} Gamma(rho_i/2))
-9.619400418646833373e+00,1,-4.65352838959622622357366091468264946e+3,4.73036466751464276779513356783547779e+1,4.6537688068668402350817774420371283e+3,mpmath_70dps_heuristic_not_certified,zeta_dual_candidate_not_exact_for_a_lt_1_without_linear_combination,zeta(s)/((s-rho_i) zeta'(rho_i) pi^{-rho_i/2} Gamma(rho_i/2))
-9.619400418646833373e+00,2,6.21199076731803717927912385784462907e+5,-6.31455944404329100049922464216244521e+3,6.21231170011146269135294794225694865e+5,mpmath_70dps_heuristic_not_certified,zeta_dual_candidate_not_exact_for_a_lt_1_without_linear_combination,zeta(s)/((s-rho_i) zeta'(rho_i) pi^{-rho_i/2} Gamma(rho_i/2))
-9.619400418646833373e+00,3,-1.09131986877985535003809677835671404e+7,1.10933908983434096136449841529591069e+5,1.0913762501151031316289105091781974e+7,mpmath_70dps_heuristic_not_certified,zeta_dual_candidate_not_exact_for_a_lt_1_without_linear_combination,zeta(s)/((s-rho_i) zeta'(rho_i) pi^{-rho_i/2} Gamma(rho_i/2))
-9.009888230528202868e+00,1,-4.52970180321398610548606650582301148e+3,5.91967558919577834309121008715125375e+2,4.5682189107849506777339870438847567e+3,mpmath_70dps_heuristic_not_certified,zeta_dual_candidate_not_exact_for_a_lt_1_without_linear_combination,zeta(s)/((s-rho_i) zeta'(rho_i) pi^{-rho_i/2} Gamma(rho_i/2))
-9.009888230528202868e+00,2,6.01111295617043422187236600368458347e+5,-7.85566913152927212193313313329390353e+4,6.06222684719737911421741506181200768e+5,mpmath_70dps_heuristic_not_certified,zeta_dual_candidate_not_exact_for_a_lt_1_without_linear_combination,zeta(s)/((s-rho_i) zeta'(rho_i) pi^{-rho_i/2} Gamma(rho_i/2))
-9.009888230528202868e+00,3,-1.05356682434571753710146109415490918e+7,1.3768618956860792837106250361378694e+6,1.06252554800336103257547013099652332e+7,mpmath_70dps_heuristic_not_certified,zeta_dual_candidate_not_exact_for_a_lt_1_without_linear_combination,zeta(s)/((s-rho_i) zeta'(rho_i) pi^{-rho_i/2} Gamma(rho_i/2))
-8.398164060812385756e+00,1,-4.26862610475691454532534118921057358e+3,9.96772037548786970575635637337651487e+2,4.38346019909515655822321610829399099e+3,mpmath_70dps_heuristic_not_certified,zeta_dual_candidate_not_exact_for_a_lt_1_without_linear_combination,zeta(s)/((s-rho_i) zeta'(rho_i) pi^{-rho_i/2} Gamma(rho_i/2))
-8.398164060812385756e+00,2,5.62960443185373155140595545613870615e+5,-1.31457573055630260814534768944286782e+5,5.78105141047152531943856948229977823e+5,mpmath_70dps_heuristic_not_certified,zeta_dual_candidate_not_exact_for_a_lt_1_without_linear_combination,zeta(s)/((s-rho_i) zeta'(rho_i) pi^{-rho_i/2} Gamma(rho_i/2))
-8.398164060812385756e+00,3,-9.84300290091229500136140064347072039e+6,2.29845149618689531891175421202988175e+6,1.0107798246289427810943231091116984e+7,mpmath_70dps_heuristic_not_certified,zeta_dual_candidate_not_exact_for_a_lt_1_without_linear_combination,zeta(s)/((s-rho_i) zeta'(rho_i) pi^{-rho_i/2} Gamma(rho_i/2))
-7.784378091451836568e+00,1,-3.93680380517487585206681660146795008e+3,1.24695984209189987186870260593378405e+3,4.12956814306644390649101937723473715e+3,mpmath_70dps_heuristic_not_certified,zeta_dual_candidate_not_exact_for_a_lt_1_without_linear_combination,zeta(s)/((s-rho_i) zeta'(rho_i) pi^{-rho_i/2} Gamma(rho_i/2))
-7.784378091451836568e+00,2,5.15817245225049126872835546621374678e+5,-1.63382129891416944323489163276219892e+5,5.41074071490599431451483024765329911e+5,mpmath_70dps_heuristic_not_certified,zeta_dual_candidate_not_exact_for_a_lt_1_without_linear_combination,zeta(s)/((s-rho_i) zeta'(rho_i) pi^{-rho_i/2} Gamma(rho_i/2))
-7.784378091451836568e+00,3,-8.99584929996600037780551441710757986e+6,2.84938325039793125040405318378227246e+6,9.43632818077810702126421430143222566e+6,mpmath_70dps_heuristic_not_certified,zeta_dual_candidate_not_exact_for_a_lt_1_without_linear_combination,zeta(s)/((s-rho_i) zeta'(rho_i) pi^{-rho_i/2} Gamma(rho_i/2))
-7.168681010583197732e+00,1,-3.58861208597134890800174417258682019e+3,1.35060597184474443981342815546678725e+3,3.83435433870714701536439119147024075e+3,mpmath_70dps_heuristic_not_certified,zeta_dual_candidate_not_exact_for_a_lt_1_without_linear_combination,zeta(s)/((s-rho_i) zeta'(rho_i) pi^{-rho_i/2} Gamma(rho_i/2))
-7.168681010583197732e+00,2,4.66968884077276612839798379503119001e+5,-1.75747879233297927361062572795630926e+5,4.98946145141315703694069565890523149e+5,mpmath_70dps_heuristic_not_certified,zeta_dual_candidate_not_exact_for_a_lt_1_without_linear_combination,zeta(s)/((s-rho_i) zeta'(rho_i) pi^{-rho_i/2} Gamma(rho_i/2))
-7.168681010583197732e+00,3,-8.12235793241576711107005408622620284e+6,3.05692141311838917798763724022442883e+6,8.6785636431531148047610362400823671e+6,mpmath_70dps_heuristic_not_certified,zeta_dual_candidate_not_exact_for_a_lt_1_without_linear_combination,zeta(s)/((s-rho_i) zeta'(rho_i) pi^{-rho_i/2} Gamma(rho_i/2))
-6.551223975532442623e+00,1,-3.26211882862410348013082943005988006e+3,1.32832729286510246968172847249028328e+3,3.52219713375532470595354410663126099e+3,mpmath_70dps_heuristic_not_certified,zeta_dual_candidate_not_exact_for_a_lt_1_without_linear_combination,zeta(s)/((s-rho_i) zeta'(rho_i) pi^{-rho_i/2} Gamma(rho_i/2))
-6.551223975532442623e+00,2,4.21410754021741743635432320157848296e+5,-1.71597490919741324713181557169231317e+5,4.55008486179239992802846487282813199e+5,mpmath_70dps_heuristic_not_certified,zeta_dual_candidate_not_exact_for_a_lt_1_without_linear_combination,zeta(s)/((s-rho_i) zeta'(rho_i) pi^{-rho_i/2} Gamma(rho_i/2))
-6.551223975532442623e+00,3,-7.30963960621220874967979247624555191e+6,2.97646845502397271358329839848733023e+6,7.89241380291599822521113495058713444e+6,mpmath_70dps_heuristic_not_certified,zeta_dual_candidate_not_exact_for_a_lt_1_without_linear_combination,zeta(s)/((s-rho_i) zeta'(rho_i) pi^{-rho_i/2} Gamma(rho_i/2))
-5.932158575704860048e+00,1,-2.97934526111523972824145342560461744e+3,1.20446888126494890583643865694137401e+3,3.2136028800810895437673192112831943e+3,mpmath_70dps_heuristic_not_certified,zeta_dual_candidate_not_exact_for_a_lt_1_without_linear_combination,zeta(s)/((s-rho_i) zeta'(rho_i) pi^{-rho_i/2} Gamma(rho_i/2))
-5.932158575704860048e+00,2,3.81938034387763400070089416913669377e+5,-1.54407239401103140082306073713940944e+5,4.11968758149762996684986830521213391e+5,mpmath_70dps_heuristic_not_certified,zeta_dual_candidate_not_exact_for_a_lt_1_without_linear_combination,zeta(s)/((s-rho_i) zeta'(rho_i) pi^{-rho_i/2} Gamma(rho_i/2))
-5.932158575704860048e+00,3,-6.60578596595241249851282117231881024e+6,2.67054098634681525340633410520623614e+6,7.12518051615059562981611264547796955e+6,mpmath_70dps_heuristic_not_certified,zeta_dual_candidate_not_exact_for_a_lt_1_without_linear_combination,zeta(s)/((s-rho_i) zeta'(rho_i) pi^{-rho_i/2} Gamma(rho_i/2))
-5.311636795368935182e+00,1,-2.74897394980767464540403122314112992e+3,1.00068487134563587482966998856683639e+3,2.92544492145404090213709395162162912e+3,mpmath_70dps_heuristic_not_certified,zeta_dual_candidate_not_exact_for_a_lt_1_without_linear_combination,zeta(s)/((s-rho_i) zeta'(rho_i) pi^{-rho_i/2} Gamma(rho_i/2))
-5.311636795368935182e+00,2,3.4955542933224494291478349473245437e+5,-1.2724559643570962100789177913937006e+5,3.71995215006765329257885395673899337e+5,mpmath_70dps_heuristic_not_certified,zeta_dual_candidate_not_exact_for_a_lt_1_without_linear_combination,zeta(s)/((s-rho_i) zeta'(rho_i) pi^{-rho_i/2} Gamma(rho_i/2))
-5.311636795368935182e+00,3,-6.0274058948767198033165472752473736e+6,2.19410369199192280352342380167155278e+6,6.4143365076060063148768540538254833e+6,mpmath_70dps_heuristic_not_certified,zeta_dual_candidate_not_exact_for_a_lt_1_without_linear_combination,zeta(s)/((s-rho_i) zeta'(rho_i) pi^{-rho_i/2} Gamma(rho_i/2))
-4.689810976343302684e+00,1,-2.56972934090983211494730347061498922e+3,7.31727005440630789429549417377152101e+2,2.67187823375691899853840380300641104e+3,mpmath_70dps_heuristic_not_certified,zeta_dual_candidate_not_exact_for_a_lt_1_without_linear_combination,zeta(s)/((s-rho_i) zeta'(rho_i) pi^{-rho_i/2} Gamma(rho_i/2))
-4.689810976343302684e+00,2,3.23964101102153550838385954778655751e+5,-9.22483460790520711442197791555982085e+4,3.36841945364954406179997962765374582e+5,mpmath_70dps_heuristic_not_certified,zeta_dual_candidate_not_exact_for_a_lt_1_without_linear_combination,zeta(s)/((s-rho_i) zeta'(rho_i) pi^{-rho_i/2} Gamma(rho_i/2))
-4.689810976343302684e+00,3,-5.56841782012712081284852289102118202e+6,1.58559955388968465295261268921741156e+6,5.7897670907217367084510164536622163e+6,mpmath_70dps_heuristic_not_certified,zeta_dual_candidate_not_exact_for_a_lt_1_without_linear_combination,zeta(s)/((s-rho_i) zeta'(rho_i) pi^{-rho_i/2} Gamma(rho_i/2))
-4.066833780595922043e+00,1,-2.43303407929684677681245251267683969e+3,4.02489128953456726504629111340125605e+2,2.46610063256663701122665570597977388e+3,mpmath_70dps_heuristic_not_certified,zeta_dual_candidate_not_exact_for_a_lt_1_without_linear_combination,zeta(s)/((s-rho_i) zeta'(rho_i) pi^{-rho_i/2} Gamma(rho_i/2))
-4.066833780595922043e+00,2,3.03944420693434894091670373190412753e+5,-5.02805637521191477545709481025862217e+4,3.08075227764094417484537419396471646e+5,mpmath_70dps_heuristic_not_certified,zeta_dual_candidate_not_exact_for_a_lt_1_without_linear_combination,zeta(s)/((s-rho_i) zeta'(rho_i) pi^{-rho_i/2} Gamma(rho_i/2))
-4.066833780595922043e+00,3,-5.20694786442679498450495047560917037e+6,8.61368909006353385632054525087895171e+5,5.27771375315690614622522356621158472e+6,mpmath_70dps_heuristic_not_certified,zeta_dual_candidate_not_exact_for_a_lt_1_without_linear_combination,zeta(s)/((s-rho_i) zeta'(rho_i) pi^{-rho_i/2} Gamma(rho_i/2))
-3.442858152764641133e+00,1,-2.32358812969254447011870593486126222e+3,4.67621983068011101298624394194032002,2.32359283513269632963319102919309398e+3,mpmath_70dps_heuristic_not_certified,zeta_dual_candidate_not_exact_for_a_lt_1_without_linear_combination,zeta(s)/((s-rho_i) zeta'(rho_i) pi^{-rho_i/2} Gamma(rho_i/2))
-3.442858152764641133e+00,2,2.87470620325581458954538700250750676e+5,-5.78534465005323740369496060747174357e+2,2.87471202475138032450183120331203584e+5,mpmath_70dps_heuristic_not_certified,zeta_dual_candidate_not_exact_for_a_lt_1_without_linear_combination,zeta(s)/((s-rho_i) zeta'(rho_i) pi^{-rho_i/2} Gamma(rho_i/2))
-3.442858152764641133e+00,3,-4.90756091661158648372550627154690208e+6,9.87646364055334398321498295824778931e+3,4.907570854790340984502553045940468e+6,mpmath_70dps_heuristic_not_certified,zeta_dual_candidate_not_exact_for_a_lt_1_without_linear_combination,zeta(s)/((s-rho_i) zeta'(rho_i) pi^{-rho_i/2} Gamma(rho_i/2))
-2.818037282608373939e+00,1,-2.21527285042964367581224639494117858e+3,-4.89783435869400246305596202760440557e+2,2.26877094831159924750065615563140257e+3,mpmath_70dps_heuristic_not_certified,zeta_dual_candidate_not_exact_for_a_lt_1_without_linear_combination,zeta(s)/((s-rho_i) zeta'(rho_i) pi^{-rho_i/2} Gamma(rho_i/2))
-2.818037282608373939e+00,2,2.71255533633688406608307567000226802e+5,5.99729587422734697524106993948360628e+4,2.77806263981213170529955243886789901e+5,mpmath_70dps_heuristic_not_certified,zeta_dual_candidate_not_exact_for_a_lt_1_without_linear_combination,zeta(s)/((s-rho_i) zeta'(rho_i) pi^{-rho_i/2} Gamma(rho_i/2))
-2.818037282608373939e+00,3,-4.6137930929192060151274170741448227e+6,-1.02008176238976795699302236876200504e+6,4.72521465186812314437690025660919893e+6,mpmath_70dps_heuristic_not_certified,zeta_dual_candidate_not_exact_for_a_lt_1_without_linear_combination,zeta(s)/((s-rho_i) zeta'(rho_i) pi^{-rho_i/2} Gamma(rho_i/2))
-2.192524567398094870e+00,1,-2.05358227393743810648441254061944093e+3,-1.14491049330289354985971821162210897e+3,2.35117421589833154179485316287819856e+3,mpmath_70dps_heuristic_not_certified,zeta_dual_candidate_not_exact_for_a_lt_1_without_linear_combination,zeta(s)/((s-rho_i) zeta'(rho_i) pi^{-rho_i/2} Gamma(rho_i/2))
-2.192524567398094870e+00,2,2.48704225846251679991792400702927254e+5,1.3865725348037403214387528563920823e+5,2.84744843494143118821196809676416841e+5,mpmath_70dps_heuristic_not_certified,zeta_dual_candidate_not_exact_for_a_lt_1_without_linear_combination,zeta(s)/((s-rho_i) zeta'(rho_i) pi^{-rho_i/2} Gamma(rho_i/2))
-2.192524567398094870e+00,3,-4.2139425762110439430452589398946598e+6,-2.34935173277933753319248916590876807e+6,4.82460004559107942657969764975454287e+6,mpmath_70dps_heuristic_not_certified,zeta_dual_candidate_not_exact_for_a_lt_1_without_linear_combination,zeta(s)/((s-rho_i) zeta'(rho_i) pi^{-rho_i/2} Gamma(rho_i/2))
-1.566473574256890045e+00,1,-1.68460674634050276864006050832922639e+3,-2.10130876724141970413536501443226405e+3,2.69321340132964398722063690752221202e+3,mpmath_70dps_heuristic_not_certified,zeta_dual_candidate_not_exact_for_a_lt_1_without_linear_combination,zeta(s)/((s-rho_i) zeta'(rho_i) pi^{-rho_i/2} Gamma(rho_i/2))
-1.566473574256890045e+00,2,2.01633299719942678939805664809660491e+5,2.51509036984286731643398536540245934e+5,3.22355057724732383986465897534496655e+5,mpmath_70dps_heuristic_not_certified,zeta_dual_candidate_not_exact_for_a_lt_1_without_linear_combination,zeta(s)/((s-rho_i) zeta'(rho_i) pi^{-rho_i/2} Gamma(rho_i/2))
-1.566473574256890045e+00,3,-3.40256438317524871289051044611440114e+6,-4.24421805563894821648351547695824026e+6,5.43974551660869654739404845051400513e+6,mpmath_70dps_heuristic_not_certified,zeta_dual_candidate_not_exact_for_a_lt_1_without_linear_combination,zeta(s)/((s-rho_i) zeta'(rho_i) pi^{-rho_i/2} Gamma(rho_i/2))
-9.400380024583054883e-01,1,-4.91271645288102057785452787766624086e+2,-3.62778246695516468378434057492912511e+3,3.66089517154088684370656665459413246e+3,mpmath_70dps_heuristic_not_certified,zeta_dual_candidate_not_exact_for_a_lt_1_without_linear_combination,zeta(s)/((s-rho_i) zeta'(rho_i) pi^{-rho_i/2} Gamma(rho_i/2))
-9.400380024583054883e-01,2,5.80653878721816168478418950293672219e+4,4.28782320494231776265997917823168287e+5,4.32696045321845981310741300964106493e+5,mpmath_70dps_heuristic_not_certified,zeta_dual_candidate_not_exact_for_a_lt_1_without_linear_combination,zeta(s)/((s-rho_i) zeta'(rho_i) pi^{-rho_i/2} Gamma(rho_i/2))
-9.400380024583054883e-01,3,-9.75677341632010215472285554470252148e+5,-7.20486351558575097208213179473467801e+6,7.27062614588267584753237010390297638e+6,mpmath_70dps_heuristic_not_certified,zeta_dual_candidate_not_exact_for_a_lt_1_without_linear_combination,zeta(s)/((s-rho_i) zeta'(rho_i) pi^{-rho_i/2} Gamma(rho_i/2))
-3.133716456922547300e-01,1,4.48537674880309967462086947490618904e+3,-4.38435276499072139839244628423236478e+3,6.27225268516704838742732780825718089e+3,mpmath_70dps_heuristic_not_certified,zeta_dual_candidate_not_exact_for_a_lt_1_without_linear_combination,zeta(s)/((s-rho_i) zeta'(rho_i) pi^{-rho_i/2} Gamma(rho_i/2))
-3.133716456922547300e-01,2,-5.23030612692554473376230997578195914e+5,5.11250412475453281069099277479875322e+5,7.31394562510461955156284943369041155e+5,mpmath_70dps_heuristic_not_certified,zeta_dual_candidate_not_exact_for_a_lt_1_without_linear_combination,zeta(s)/((s-rho_i) zeta'(rho_i) pi^{-rho_i/2} Gamma(rho_i/2))
-3.133716456922547300e-01,3,8.74902600761399571843039461569494216e+6,-8.55197200050007226796532440669359412e+6,1.22344465007307666568239637619327227e+7,mpmath_70dps_heuristic_not_certified,zeta_dual_candidate_not_exact_for_a_lt_1_without_linear_combination,zeta(s)/((s-rho_i) zeta'(rho_i) pi^{-rho_i/2} Gamma(rho_i/2))
3.133716456922547300e-01,1,4.68877070638108570721177315522222794e+3,4.58316568756794031436016472773238363e+3,6.55667434426306523790784824848615127e+3,mpmath_70dps_heuristic_not_certified,zeta_dual_candidate_not_exact_for_a_lt_1_without_linear_combination,zeta(s)/((s-rho_i) zeta'(rho_i) pi^{-rho_i/2} Gamma(rho_i/2))
3.133716456922547300e-01,2,-5.38860019383672354594880148337916824e+5,-5.26723293992682531795045447056073833e+5,7.53530058408205518220257993672617085e+5,mpmath_70dps_heuristic_not_certified,zeta_dual_candidate_not_exact_for_a_lt_1_without_linear_combination,zeta(s)/((s-rho_i) zeta'(rho_i) pi^{-rho_i/2} Gamma(rho_i/2))
3.133716456922547300e-01,3,8.97104833697065458068132828032327847e+6,8.76899372868919289740039991634504511e+6,1.25449176672489302388911292355858009e+7,mpmath_70dps_heuristic_not_certified,zeta_dual_candidate_not_exact_for_a_lt_1_without_linear_combination,zeta(s)/((s-rho_i) zeta'(rho_i) pi^{-rho_i/2} Gamma(rho_i/2))
9.400380024583054883e-01,1,-5.61271640168823279891935377322808064e+2,4.14469557714760822125823076056020385e+3,4.1825264232619913301486815293252533e+3,mpmath_70dps_heuristic_not_certified,zeta_dual_candidate_not_exact_for_a_lt_1_without_linear_combination,zeta(s)/((s-rho_i) zeta'(rho_i) pi^{-rho_i/2} Gamma(rho_i/2))
9.400380024583054883e-01,2,6.35014666272626325117033889625552535e+4,-4.68924900237675360621551508874562421e+5,4.73205027791048664949056859739044086e+5,mpmath_70dps_heuristic_not_certified,zeta_dual_candidate_not_exact_for_a_lt_1_without_linear_combination,zeta(s)/((s-rho_i) zeta'(rho_i) pi^{-rho_i/2} Gamma(rho_i/2))
9.400380024583054883e-01,3,-1.05188361922147503906522118902051749e+6,7.76760675624001525951726363555595353e+6,7.83850584409886122597217828181089901e+6,mpmath_70dps_heuristic_not_certified,zeta_dual_candidate_not_exact_for_a_lt_1_without_linear_combination,zeta(s)/((s-rho_i) zeta'(rho_i) pi^{-rho_i/2} Gamma(rho_i/2))
1.566473574256890045e+00,1,-2.10453658892668999498215856634604937e+3,2.62511188139225672065778730633977232e+3,3.36456336601913049212593476122468615e+3,mpmath_70dps_heuristic_not_certified,zeta_dual_candidate_not_exact_for_a_lt_1_without_linear_combination,zeta(s)/((s-rho_i) zeta'(rho_i) pi^{-rho_i/2} Gamma(rho_i/2))
1.566473574256890045e+00,2,2.34102489735194863051549021162602253e+5,-2.92009761436737886453693790830193392e+5,3.74264180058094243876900765822916687e+5,mpmath_70dps_heuristic_not_certified,zeta_dual_candidate_not_exact_for_a_lt_1_without_linear_combination,zeta(s)/((s-rho_i) zeta'(rho_i) pi^{-rho_i/2} Gamma(rho_i/2))
1.566473574256890045e+00,3,-3.85725981809159518545922993026244036e+6,4.81138633149319130733612767132436971e+6,6.16667590644615564520401705531873218e+6,mpmath_70dps_heuristic_not_certified,zeta_dual_candidate_not_exact_for_a_lt_1_without_linear_combination,zeta(s)/((s-rho_i) zeta'(rho_i) pi^{-rho_i/2} Gamma(rho_i/2))
2.192524567398094870e+00,1,-2.80763586041912344185887400762476886e+3,1.56530945887258925697525846526966612e+3,3.21450040080063293946710846708329773e+3,mpmath_70dps_heuristic_not_certified,zeta_dual_candidate_not_exact_for_a_lt_1_without_linear_combination,zeta(s)/((s-rho_i) zeta'(rho_i) pi^{-rho_i/2} Gamma(rho_i/2))
2.192524567398094870e+00,2,3.06622884199024284443352858422589526e+5,-1.70947987846215567449243572275468433e+5,3.5105670149307522023871648364133066e+5,mpmath_70dps_heuristic_not_certified,zeta_dual_candidate_not_exact_for_a_lt_1_without_linear_combination,zeta(s)/((s-rho_i) zeta'(rho_i) pi^{-rho_i/2} Gamma(rho_i/2))
2.192524567398094870e+00,3,-5.02374516948426992739286629406283293e+6,2.80083181142490197976532477468841096e+6,5.75175402497414119572380147848347778e+6,mpmath_70dps_heuristic_not_certified,zeta_dual_candidate_not_exact_for_a_lt_1_without_linear_combination,zeta(s)/((s-rho_i) zeta'(rho_i) pi^{-rho_i/2} Gamma(rho_i/2))
2.818037282608373939e+00,1,-3.31854998617328440079557785821062235e+3,7.33711341253998340099983548384919713e+2,3.39869185761455098323117886537523751e+3,mpmath_70dps_heuristic_not_certified,zeta_dual_candidate_not_exact_for_a_lt_1_without_linear_combination,zeta(s)/((s-rho_i) zeta'(rho_i) pi^{-rho_i/2} Gamma(rho_i/2))
2.818037282608373939e+00,2,3.55237966940149080358952516515082031e+5,-7.85409670711497241303103031959827393e+4,3.63816844942949111169678065330129659e+5,mpmath_70dps_heuristic_not_certified,zeta_dual_candidate_not_exact_for_a_lt_1_without_linear_combination,zeta(s)/((s-rho_i) zeta'(rho_i) pi^{-rho_i/2} Gamma(rho_i/2))
2.818037282608373939e+00,3,-5.7855090601349733607031483952667044e+6,1.27914107969899822622705959079453711e+6,5.9252271675166498830106077397391376e+6,mpmath_70dps_heuristic_not_certified,zeta_dual_candidate_not_exact_for_a_lt_1_without_linear_combination,zeta(s)/((s-rho_i) zeta'(rho_i) pi^{-rho_i/2} Gamma(rho_i/2))
3.442858152764641133e+00,1,-3.82001234526347538286028196361605768e+3,-7.68777273996814180109409721035714391,3.8200200810748441473433694844745164e+3,mpmath_70dps_heuristic_not_certified,zeta_dual_candidate_not_exact_for_a_lt_1_without_linear_combination,zeta(s)/((s-rho_i) zeta'(rho_i) pi^{-rho_i/2} Gamma(rho_i/2))
3.442858152764641133e+00,2,4.00072059665184124873437332959058457e+5,8.05144799631472037216254789486899932e+2,4.00072869841096598133400499299738354e+5,mpmath_70dps_heuristic_not_certified,zeta_dual_candidate_not_exact_for_a_lt_1_without_linear_combination,zeta(s)/((s-rho_i) zeta'(rho_i) pi^{-rho_i/2} Gamma(rho_i/2))
3.442858152764641133e+00,3,-6.4743298855031034040488617619513951e+6,-1.30295853271382148015531617391622741e+4,6.47434299650647372224996174861265512e+6,mpmath_70dps_heuristic_not_certified,zeta_dual_candidate_not_exact_for_a_lt_1_without_linear_combination,zeta(s)/((s-rho_i) zeta'(rho_i) pi^{-rho_i/2} Gamma(rho_i/2))
4.066833780595922043e+00,1,-4.39863836088820603187886380737907554e+3,-7.27652825548093479048632384206681964e+2,4.45841878522031709888373738302788719e+3,mpmath_70dps_heuristic_not_certified,zeta_dual_candidate_not_exact_for_a_lt_1_without_linear_combination,zeta(s)/((s-rho_i) zeta'(rho_i) pi^{-rho_i/2} Gamma(rho_i/2))
4.066833780595922043e+00,2,4.49751136086829913042400423984646985e+5,7.44009073073612629877701578794373856e+4,4.55863553510864435554185202963321477e+5,mpmath_70dps_heuristic_not_certified,zeta_dual_candidate_not_exact_for_a_lt_1_without_linear_combination,zeta(s)/((s-rho_i) zeta'(rho_i) pi^{-rho_i/2} Gamma(rho_i/2))
4.066833780595922043e+00,3,-7.22907996965367128076199119546520987e+6,-1.19588382459553427427572719767752127e+6,7.32732798021060112777697775025568221e+6,mpmath_70dps_heuristic_not_certified,zeta_dual_candidate_not_exact_for_a_lt_1_without_linear_combination,zeta(s)/((s-rho_i) zeta'(rho_i) pi^{-rho_i/2} Gamma(rho_i/2))
4.689810976343302684e+00,1,-5.12169427318848628938526238937628873e+3,-1.45839561919612276878318858235756917e+3,5.32528590876604287898952298361129789e+3,mpmath_70dps_heuristic_not_certified,zeta_dual_candidate_not_exact_for_a_lt_1_without_linear_combination,zeta(s)/((s-rho_i) zeta'(rho_i) pi^{-rho_i/2} Gamma(rho_i/2))
4.689810976343302684e+00,2,5.10017141222175885045389084069195392e+5,1.45226701321689442475090834370797536e+5,5.30290749605553740407144377372241838e+5,mpmath_70dps_heuristic_not_certified,zeta_dual_candidate_not_exact_for_a_lt_1_without_linear_combination,zeta(s)/((s-rho_i) zeta'(rho_i) pi^{-rho_i/2} Gamma(rho_i/2))
4.689810976343302684e+00,3,-8.13864242743758528006873909586933717e+6,-2.31746758577791079904675650084605537e+6,8.4621602781333827042882018717934935e+6,mpmath_70dps_heuristic_not_certified,zeta_dual_candidate_not_exact_for_a_lt_1_without_linear_combination,zeta(s)/((s-rho_i) zeta'(rho_i) pi^{-rho_i/2} Gamma(rho_i/2))
5.311636795368935182e+00,1,-6.05882433509221475984356917931977672e+3,-2.20554067116268676944517569581036747e+3,6.44777186132220198463639640440436992e+3,mpmath_70dps_heuristic_not_certified,zeta_dual_candidate_not_exact_for_a_lt_1_without_linear_combination,zeta(s)/((s-rho_i) zeta'(rho_i) pi^{-rho_i/2} Gamma(rho_i/2))
5.311636795368935182e+00,2,5.85922567586989282885513559881705591e+5,2.13288252224184135973066884215948753e+5,6.23535992340921097232970798878369948e+5,mpmath_70dps_heuristic_not_certified,zeta_dual_candidate_not_exact_for_a_lt_1_without_linear_combination,zeta(s)/((s-rho_i) zeta'(rho_i) pi^{-rho_i/2} Gamma(rho_i/2))
5.311636795368935182e+00,3,-9.27782795792520312225460430767674031e+6,-3.37732632100528671036421956758575426e+6,9.87342011136028028631356111865758714e+6,mpmath_70dps_heuristic_not_certified,zeta_dual_candidate_not_exact_for_a_lt_1_without_linear_combination,zeta(s)/((s-rho_i) zeta'(rho_i) pi^{-rho_i/2} Gamma(rho_i/2))
5.932158575704860048e+00,1,-7.28871560232171486710355259733872724e+3,-2.94663100714303053555309109317620608e+3,7.86180700753870892282238516655090194e+3,mpmath_70dps_heuristic_not_certified,zeta_dual_candidate_not_exact_for_a_lt_1_without_linear_combination,zeta(s)/((s-rho_i) zeta'(rho_i) pi^{-rho_i/2} Gamma(rho_i/2))
5.932158575704860048e+00,2,6.8223423640710124735416908288729989e+5,2.75808889359239581215580398389534786e+5,7.35876414063909085810926847260620939e+5,mpmath_70dps_heuristic_not_certified,zeta_dual_candidate_not_exact_for_a_lt_1_without_linear_combination,zeta(s)/((s-rho_i) zeta'(rho_i) pi^{-rho_i/2} Gamma(rho_i/2))
5.932158575704860048e+00,3,-1.07136729720920035859522526958531275e+7,-4.33124883757305621675549378951876466e+6,1.15560592351334309073106017286239613e+7,mpmath_70dps_heuristic_not_certified,zeta_dual_candidate_not_exact_for_a_lt_1_without_linear_combination,zeta(s)/((s-rho_i) zeta'(rho_i) pi^{-rho_i/2} Gamma(rho_i/2))
6.551223975532442623e+00,1,-8.89826778218729601848713424477687598e+3,-3.62335419868410208205744201737149554e+3,9.60769822447781356647466042112504504e+3,mpmath_70dps_heuristic_not_certified,zeta_dual_candidate_not_exact_for_a_lt_1_without_linear_combination,zeta(s)/((s-rho_i) zeta'(rho_i) pi^{-rho_i/2} Gamma(rho_i/2))
6.551223975532442623e+00,2,8.02972692138017662339045874186915654e+5,3.26968635548500653017638148610510733e+5,8.66991137758526304932672341475406898e+5,mpmath_70dps_heuristic_not_certified,zeta_dual_candidate_not_exact_for_a_lt_1_without_linear_combination,zeta(s)/((s-rho_i) zeta'(rho_i) pi^{-rho_i/2} Gamma(rho_i/2))
6.551223975532442623e+00,3,-1.24979426100975605348047677929402371e+7,-5.08913351898233166351470153679328704e+6,1.34943636181674648967540134384223271e+7,mpmath_70dps_heuristic_not_certified,zeta_dual_candidate_not_exact_for_a_lt_1_without_linear_combination,zeta(s)/((s-rho_i) zeta'(rho_i) pi^{-rho_i/2} Gamma(rho_i/2))
7.168681010583197732e+00,1,-1.09746162027152057794203368621397023e+4,-4.13039409860851414850223796887873077e+3,1.17261398681202486658371897955846939e+4,mpmath_70dps_heuristic_not_certified,zeta_dual_candidate_not_exact_for_a_lt_1_without_linear_combination,zeta(s)/((s-rho_i) zeta'(rho_i) pi^{-rho_i/2} Gamma(rho_i/2))
7.168681010583197732e+00,2,9.50252550033417112081803498170130823e+5,3.57635971258353673249298994218673792e+5,1.01532428158835926984410185727323337e+6,mpmath_70dps_heuristic_not_certified,zeta_dual_candidate_not_exact_for_a_lt_1_without_linear_combination,zeta(s)/((s-rho_i) zeta'(rho_i) pi^{-rho_i/2} Gamma(rho_i/2))
7.168681010583197732e+00,3,-1.46492065872597306074575086919727461e+7,-5.5133587653247189804382160866801758e+6,1.56523601578610755182988264492287454e+7,mpmath_70dps_heuristic_not_certified,zeta_dual_candidate_not_exact_for_a_lt_1_without_linear_combination,zeta(s)/((s-rho_i) zeta'(rho_i) pi^{-rho_i/2} Gamma(rho_i/2))
7.784378091451836568e+00,1,-1.35884241177946444581853215275988076e+4,-4.30405476898036538863794695245907202e+3,1.42537769541776465952040222030665013e+4,mpmath_70dps_heuristic_not_certified,zeta_dual_candidate_not_exact_for_a_lt_1_without_linear_combination,zeta(s)/((s-rho_i) zeta'(rho_i) pi^{-rho_i/2} Gamma(rho_i/2))
7.784378091451836568e+00,2,1.1224676643447174117829010671283834e+6,3.55535142402753794557998838564846436e+5,1.17742893415391810272259790211968225e+6,mpmath_70dps_heuristic_not_certified,zeta_dual_candidate_not_exact_for_a_lt_1_without_linear_combination,zeta(s)/((s-rho_i) zeta'(rho_i) pi^{-rho_i/2} Gamma(rho_i/2))
7.784378091451836568e+00,3,-1.71260180033993534990002520271919868e+7,-5.42456717734077336244543740053865575e+6,1.79645879917754201680257154263819681e+7,mpmath_70dps_heuristic_not_certified,zeta_dual_candidate_not_exact_for_a_lt_1_without_linear_combination,zeta(s)/((s-rho_i) zeta'(rho_i) pi^{-rho_i/2} Gamma(rho_i/2))
8.398164060812385756e+00,1,-1.67669231981965422823946929741301574e+4,-3.91526448780927722250868797541305313e+3,1.7217985060503502708360331766734978e+4,mpmath_70dps_heuristic_not_certified,zeta_dual_candidate_not_exact_for_a_lt_1_without_linear_combination,zeta(s)/((s-rho_i) zeta'(rho_i) pi^{-rho_i/2} Gamma(rho_i/2))
8.398164060812385756e+00,2,1.31199098177417887233924127235450147e+6,3.06364598832240539534841440030348775e+5,1.34728601405730232546455913053049621e+6,mpmath_70dps_heuristic_not_certified,zeta_dual_candidate_not_exact_for_a_lt_1_without_linear_combination,zeta(s)/((s-rho_i) zeta'(rho_i) pi^{-rho_i/2} Gamma(rho_i/2))
8.398164060812385756e+00,3,-1.97948091046098531418208466567064474e+7,-4.62230978302440452402637358465533456e+6,2.03273268094500869982573925946770348e+7,mpmath_70dps_heuristic_not_certified,zeta_dual_candidate_not_exact_for_a_lt_1_without_linear_combination,zeta(s)/((s-rho_i) zeta'(rho_i) pi^{-rho_i/2} Gamma(rho_i/2))
9.009888230528202868e+00,1,-2.04568845298822852443256769406382602e+4,-2.67342366547434656323991073062922685e+3,2.06308341751867962962952849963080972e+4,mpmath_70dps_heuristic_not_certified,zeta_dual_candidate_not_exact_for_a_lt_1_without_linear_combination,zeta(s)/((s-rho_i) zeta'(rho_i) pi^{-rho_i/2} Gamma(rho_i/2))
9.009888230528202868e+00,2,1.50285577144855187402659522431706666e+6,1.96401860670246632969456584831033394e+5,1.51563490348136181913793806494567473e+6,mpmath_70dps_heuristic_not_certified,zeta_dual_candidate_not_exact_for_a_lt_1_without_linear_combination,zeta(s)/((s-rho_i) zeta'(rho_i) pi^{-rho_i/2} Gamma(rho_i/2))
9.009888230528202868e+00,3,-2.24005985777864265759654376338081752e+7,-2.92743942857802433374478194810438844e+6,2.25910760755463020206203850217097304e+7,mpmath_70dps_heuristic_not_certified,zeta_dual_candidate_not_exact_for_a_lt_1_without_linear_combination,zeta(s)/((s-rho_i) zeta'(rho_i) pi^{-rho_i/2} Gamma(rho_i/2))
9.619400418646833373e+00,1,-2.44811845092891397376138745762095664e+4,-2.48854031879444959568596597063880785e+2,2.44824492914218285207794298518855795e+4,mpmath_70dps_heuristic_not_certified,zeta_dual_candidate_not_exact_for_a_lt_1_without_linear_combination,zeta(s)/((s-rho_i) zeta'(rho_i) pi^{-rho_i/2} Gamma(rho_i/2))
9.619400418646833373e+00,2,1.66930075625009660358744960642498633e+6,1.6968632520808750956814535111581013e+4,1.66938699806449034272623663072449873e+6,mpmath_70dps_heuristic_not_certified,zeta_dual_candidate_not_exact_for_a_lt_1_without_linear_combination,zeta(s)/((s-rho_i) zeta'(rho_i) pi^{-rho_i/2} Gamma(rho_i/2))
9.619400418646833373e+00,3,-2.45543279096353296263175068403232082e+7,-2.49597542883768102774346857368241433e+5,2.45555964706074714948254243546447819e+7,mpmath_70dps_heuristic_not_certified,zeta_dual_candidate_not_exact_for_a_lt_1_without_linear_combination,zeta(s)/((s-rho_i) zeta'(rho_i) pi^{-rho_i/2} Gamma(rho_i/2))
1.022655098627056880e+01,1,-2.84977313746143446399480185291567205e+4,3.6789339508002388734271369643841562e+3,2.87342173812691380101043758982064947e+4,mpmath_70dps_heuristic_not_certified,zeta_dual_candidate_not_exact_for_a_lt_1_without_linear_combination,zeta(s)/((s-rho_i) zeta'(rho_i) pi^{-rho_i/2} Gamma(rho_i/2))
1.022655098627056880e+01,2,1.77648052041262101648122642885488053e+6,-2.29335957082643841765741819918727509e+5,1.79122249333144235560725325428486705e+6,mpmath_70dps_heuristic_not_certified,zeta_dual_candidate_not_exact_for_a_lt_1_without_linear_combination,zeta(s)/((s-rho_i) zeta'(rho_i) pi^{-rho_i/2} Gamma(rho_i/2))
1.022655098627056880e+01,3,-2.57554777550179680475500579040931048e+7,3.3249208607679281826728983711609765e+6,2.59692074026065557122827422480512891e+7,mpmath_70dps_heuristic_not_certified,zeta_dual_candidate_not_exact_for_a_lt_1_without_linear_combination,zeta(s)/((s-rho_i) zeta'(rho_i) pi^{-rho_i/2} Gamma(rho_i/2))
1.083119087429369998e+01,1,-3.19752869820932408871595198339189579e+4,9.34371538973439038966840964127527837e+3,3.33125200918750781842118028642516831e+4,mpmath_70dps_heuristic_not_certified,zeta_dual_candidate_not_exact_for_a_lt_1_without_linear_combination,zeta(s)/((s-rho_i) zeta'(rho_i) pi^{-rho_i/2} Gamma(rho_i/2))
1.083119087429369998e+01,2,1.78484895220076302994540409512022316e+6,-5.21562812942666332018502794455594137e+5,1.85949282064137812092357255068899301e+6,mpmath_70dps_heuristic_not_certified,zeta_dual_candidate_not_exact_for_a_lt_1_without_linear_combination,zeta(s)/((s-rho_i) zeta'(rho_i) pi^{-rho_i/2} Gamma(rho_i/2))
1.083119087429369998e+01,3,-2.54691011373425847931516624698276546e+7,7.44249871449036898038068275005232095e+6,2.65342401409834259656640760599211245e+7,mpmath_70dps_heuristic_not_certified,zeta_dual_candidate_not_exact_for_a_lt_1_without_linear_combination,zeta(s)/((s-rho_i) zeta'(rho_i) pi^{-rho_i/2} Gamma(rho_i/2))
1.143317163999741659e+01,1,-3.42051182140994855992585893539281938e+4,1.67903228866881971637525533237720008e+4,3.81038719119168499408350563298843747e+4,mpmath_70dps_heuristic_not_certified,zeta_dual_candidate_not_exact_for_a_lt_1_without_linear_combination,zeta(s)/((s-rho_i) zeta'(rho_i) pi^{-rho_i/2} Gamma(rho_i/2))
1.143317163999741659e+01,2,1.65941834298547529207854258512319221e+6,-8.14561423481189236153870356088943328e+5,1.84856148116863070770858213773822341e+6,mpmath_70dps_heuristic_not_certified,zeta_dual_candidate_not_exact_for_a_lt_1_without_linear_combination,zeta(s)/((s-rho_i) zeta'(rho_i) pi^{-rho_i/2} Gamma(rho_i/2))
1.143317163999741659e+01,3,-2.32683336821124649375397954210517967e+7,1.1421765395239293557057150647734656e+7,2.59204953094267709881896438363611012e+7,mpmath_70dps_heuristic_not_certified,zeta_dual_candidate_not_exact_for_a_lt_1_without_linear_combination,zeta(s)/((s-rho_i) zeta'(rho_i) pi^{-rho_i/2} Gamma(rho_i/2))
1.203234549349339488e+01,1,-3.43674423205631488892904770019382994e+4,2.57642062661228700620254052677708533e+4,4.29524785801769525583068633684042966e+4,mpmath_70dps_heuristic_not_certified,zeta_dual_candidate_not_exact_for_a_lt_1_without_linear_combination,zeta(s)/((s-rho_i) zeta'(rho_i) pi^{-rho_i/2} Gamma(rho_i/2))
1.203234549349339488e+01,2,1.38398696022413895002985857620634338e+6,-1.03753212648891757854337804662984635e+6,1.72970888289534653526634056603822235e+6,mpmath_70dps_heuristic_not_certified,zeta_dual_candidate_not_exact_for_a_lt_1_without_linear_combination,zeta(s)/((s-rho_i) zeta'(rho_i) pi^{-rho_i/2} Gamma(rho_i/2))
1.203234549349339488e+01,3,-1.90335511728758049499451370900276041e+7,1.42688633567987209527533588585558959e+7,2.37881594862964375841137334820154656e+7,mpmath_70dps_heuristic_not_certified,zeta_dual_candidate_not_exact_for_a_lt_1_without_linear_combination,zeta(s)/((s-rho_i) zeta'(rho_i) pi^{-rho_i/2} Gamma(rho_i/2))
1.262856533400708869e+01,1,-3.16641084094016421874420189129507308e+4,3.56227416950698631904236598291582851e+4,4.76612577177313765504581902470680939e+4,mpmath_70dps_heuristic_not_certified,zeta_dual_candidate_not_exact_for_a_lt_1_without_linear_combination,zeta(s)/((s-rho_i) zeta'(rho_i) pi^{-rho_i/2} Gamma(rho_i/2))
1.262856533400708869e+01,2,9.78396996381907371340734802376912283e+5,-1.10071577025665923927698097440336479e+6,1.4726968083827874957212565974740765e+6,mpmath_70dps_heuristic_not_certified,zeta_dual_candidate_not_exact_for_a_lt_1_without_linear_combination,zeta(s)/((s-rho_i) zeta'(rho_i) pi^{-rho_i/2} Gamma(rho_i/2))
1.262856533400708869e+01,3,-1.31681159398518820754984327148600964e+7,1.48143881605962459885560719665454363e+7,1.98208318185235465213579785057064374e+7,mpmath_70dps_heuristic_not_certified,zeta_dual_candidate_not_exact_for_a_lt_1_without_linear_combination,zeta(s)/((s-rho_i) zeta'(rho_i) pi^{-rho_i/2} Gamma(rho_i/2))
1.322168478599186336e+01,1,-2.5512034653911526588819546629927884e+4,4.53083803487841139139421528659881894e+4,5.19972426385521820802134735546868327e+4,mpmath_70dps_heuristic_not_certified,zeta_dual_candidate_not_exact_for_a_lt_1_without_linear_combination,zeta(s)/((s-rho_i) zeta'(rho_i) pi^{-rho_i/2} Gamma(rho_i/2))
1.322168478599186336e+01,2,5.14208519340834095250255059717145705e+5,-9.132143119485595958678434322250317e+5,1.04803186063705814671633620775121693e+6,mpmath_70dps_heuristic_not_certified,zeta_dual_candidate_not_exact_for_a_lt_1_without_linear_combination,zeta(s)/((s-rho_i) zeta'(rho_i) pi^{-rho_i/2} Gamma(rho_i/2))
1.322168478599186336e+01,3,-6.75519842149512403907969818786306575e+6,1.19969694132443755919183484502425063e+7,1.37680783269158994520998713238774496e+7,mpmath_70dps_heuristic_not_certified,zeta_dual_candidate_not_exact_for_a_lt_1_without_linear_combination,zeta(s)/((s-rho_i) zeta'(rho_i) pi^{-rho_i/2} Gamma(rho_i/2))
1.381155823506506763e+01,1,-1.57670000143055716227841099821979385e+4,5.3423905340681193605813744231684758e+4,5.57019923458863045432115367508899379e+4,mpmath_70dps_heuristic_not_certified,zeta_dual_candidate_not_exact_for_a_lt_1_without_linear_combination,zeta(s)/((s-rho_i) zeta'(rho_i) pi^{-rho_i/2} Gamma(rho_i/2))
1.381155823506506763e+01,2,1.21683094661085782575845381584499402e+5,-4.12303299602762833335003883795417623e+5,4.29884619857031375097364818255606422e+5,mpmath_70dps_heuristic_not_certified,zeta_dual_candidate_not_exact_for_a_lt_1_without_linear_combination,zeta(s)/((s-rho_i) zeta'(rho_i) pi^{-rho_i/2} Gamma(rho_i/2))
1.381155823506506763e+01,3,-1.55550520958904418116422301164348115e+6,5.27057544229231701371075705070236244e+6,5.49532182405666841916870917527138536e+6,mpmath_70dps_heuristic_not_certified,zeta_dual_candidate_not_exact_for_a_lt_1_without_linear_combination,zeta(s)/((s-rho_i) zeta'(rho_i) pi^{-rho_i/2} Gamma(rho_i/2))
1.439804086375722925e+01,1,-2.92060467194660808792004891058663402e+3,5.84342070852864166983075812248913972e+4,5.85071490446760157019479569076560538e+4,mpmath_70dps_heuristic_not_certified,zeta_dual_candidate_not_exact_for_a_lt_1_without_linear_combination,zeta(s)/((s-rho_i) zeta'(rho_i) pi^{-rho_i/2} Gamma(rho_i/2))
1.439804086375722925e+01,2,-1.99916150634668123896543223347642033e+4,3.99983669754708575125904011816280991e+5,4.00482959366924380676787316280076488e+5,mpmath_70dps_heuristic_not_certified,zeta_dual_candidate_not_exact_for_a_lt_1_without_linear_combination,zeta(s)/((s-rho_i) zeta'(rho_i) pi^{-rho_i/2} Gamma(rho_i/2))
1.439804086375722925e+01,3,2.47745215455773573603211486037123849e+5,-4.95678013645121841217062328338597006e+6,4.96296756113704485799372833025707573e+6,mpmath_70dps_heuristic_not_certified,zeta_dual_candidate_not_exact_for_a_lt_1_without_linear_combination,zeta(s)/((s-rho_i) zeta'(rho_i) pi^{-rho_i/2} Gamma(rho_i/2))
1.498098868706562925e+01,1,1.18047087098499361004886750026128899e+4,5.89849973394694701761350516622952716e+4,6.01546428703689289715668689677966913e+4,mpmath_70dps_heuristic_not_certified,zeta_dual_candidate_not_exact_for_a_lt_1_without_linear_combination,zeta(s)/((s-rho_i) zeta'(rho_i) pi^{-rho_i/2} Gamma(rho_i/2))
1.498098868706562925e+01,2,2.84752120896807975646067027857451021e+5,1.42283079628146308601834991104365615e+6,1.45104488049204482727158665233400971e+6,mpmath_70dps_heuristic_not_certified,zeta_dual_candidate_not_exact_for_a_lt_1_without_linear_combination,zeta(s)/((s-rho_i) zeta'(rho_i) pi^{-rho_i/2} Gamma(rho_i/2))
1.498098868706562925e+01,3,-3.40527371168184916967690845031114372e+6,-1.70152492332250505475029190272774058e+7,1.73526538466090871372773834102622091e+7,mpmath_70dps_heuristic_not_certified,zeta_dual_candidate_not_exact_for_a_lt_1_without_linear_combination,zeta(s)/((s-rho_i) zeta'(rho_i) pi^{-rho_i/2} Gamma(rho_i/2))
1.556025858780346560e+01,1,2.6534180775313134953098922602455379e+4,5.42821338772522833982493997396629875e+4,6.04203012876047910646793916405937562e+4,mpmath_70dps_heuristic_not_certified,zeta_dual_candidate_not_exact_for_a_lt_1_without_linear_combination,zeta(s)/((s-rho_i) zeta'(rho_i) pi^{-rho_i/2} Gamma(rho_i/2))
1.556025858780346560e+01,2,1.19252465472164599009484627277831379e+6,2.43959983191757379581546102227083612e+6,2.71546725113952263662243489732872918e+6,mpmath_70dps_heuristic_not_certified,zeta_dual_candidate_not_exact_for_a_lt_1_without_linear_combination,zeta(s)/((s-rho_i) zeta'(rho_i) pi^{-rho_i/2} Gamma(rho_i/2))
1.556025858780346560e+01,3,-1.36839076016848943033062197401185245e+7,-2.79937681396098734002948644179874986e+7,3.11592744123749850256378862973500643e+7,mpmath_70dps_heuristic_not_certified,zeta_dual_candidate_not_exact_for_a_lt_1_without_linear_combination,zeta(s)/((s-rho_i) zeta'(rho_i) pi^{-rho_i/2} Gamma(rho_i/2))
1.613570835173600315e+01,1,3.90305087157757108817472208233087269e+4,4.44300070765816640597019710569510307e+4,5.91388716449455136054657006827014948e+4,mpmath_70dps_heuristic_not_certified,zeta_dual_candidate_not_exact_for_a_lt_1_without_linear_combination,zeta(s)/((s-rho_i) zeta'(rho_i) pi^{-rho_i/2} Gamma(rho_i/2))
1.613570835173600315e+01,2,2.7522210121984272094936818972684102e+6,3.1329645211328780040436345106052847e+6,4.17015433655205365713044247316346469e+6,mpmath_70dps_heuristic_not_certified,zeta_dual_candidate_not_exact_for_a_lt_1_without_linear_combination,zeta(s)/((s-rho_i) zeta'(rho_i) pi^{-rho_i/2} Gamma(rho_i/2))
1.613570835173600315e+01,3,-3.00855784493294646493837814641858725e+7,-3.42476310811311612550432164759503951e+7,4.55855488647446107266164936764666848e+7,mpmath_70dps_heuristic_not_certified,zeta_dual_candidate_not_exact_for_a_lt_1_without_linear_combination,zeta(s)/((s-rho_i) zeta'(rho_i) pi^{-rho_i/2} Gamma(rho_i/2))
1.670719670249499345e+01,1,4.7169311695059250879280539183908555e+4,3.06043274818800730519294312784657314e+4,5.62278296433697795679162784828277119e+4,mpmath_70dps_heuristic_not_certified,zeta_dual_candidate_not_exact_for_a_lt_1_without_linear_combination,zeta(s)/((s-rho_i) zeta'(rho_i) pi^{-rho_i/2} Gamma(rho_i/2))
1.670719670249499345e+01,2,4.84243374819639506121048267441831825e+6,3.14186115746593798093624480591794001e+6,5.77238738638222297764122175494686833e+6,mpmath_70dps_heuristic_not_certified,zeta_dual_candidate_not_exact_for_a_lt_1_without_linear_combination,zeta(s)/((s-rho_i) zeta'(rho_i) pi^{-rho_i/2} Gamma(rho_i/2))
1.670719670249499345e+01,3,-4.99605131838587706485996107355630057e+7,-3.24153109658743780365568524137575078e+7,5.95550607640430649846266506653501379e+7,mpmath_70dps_heuristic_not_certified,zeta_dual_candidate_not_exact_for_a_lt_1_without_linear_combination,zeta(s)/((s-rho_i) zeta'(rho_i) pi^{-rho_i/2} Gamma(rho_i/2))
1.727458333626289999e+01,1,4.94976093480484557349248922058677727e+4,1.49531180972028674854780353593502745e+4,5.17069538070162258860100377543543567e+4,mpmath_70dps_heuristic_not_certified,zeta_dual_candidate_not_exact_for_a_lt_1_without_linear_combination,zeta(s)/((s-rho_i) zeta'(rho_i) pi^{-rho_i/2} Gamma(rho_i/2))
1.727458333626289999e+01,2,7.141282916379089634872748638456877e+6,2.15736574393494484567828187549929098e+6,7.46003677235386110771794077279392849e+6,mpmath_70dps_heuristic_not_certified,zeta_dual_candidate_not_exact_for_a_lt_1_without_linear_combination,zeta(s)/((s-rho_i) zeta'(rho_i) pi^{-rho_i/2} Gamma(rho_i/2))
1.727458333626289999e+01,3,-6.8682923902953106045900148679324389e+7,-2.07489591095281454432760102670010991e+7,7.17486121119267235679281516541321179e+7,mpmath_70dps_heuristic_not_certified,zeta_dual_candidate_not_exact_for_a_lt_1_without_linear_combination,zeta(s)/((s-rho_i) zeta'(rho_i) pi^{-rho_i/2} Gamma(rho_i/2))
1.783772895621830656e+01,1,4.57102283274494759938879337775953706e+4,1.877141736416962742654544018550157e+2,4.57106137604665127345418018448119055e+4,mpmath_70dps_heuristic_not_certified,zeta_dual_candidate_not_exact_for_a_lt_1_without_linear_combination,zeta(s)/((s-rho_i) zeta'(rho_i) pi^{-rho_i/2} Gamma(rho_i/2))
1.783772895621830656e+01,2,9.15315199808207606142509677240910221e+6,3.75884441273953325283575759907628583e+4,9.1532291783351420494607680985045015e+6,mpmath_70dps_heuristic_not_certified,zeta_dual_candidate_not_exact_for_a_lt_1_without_linear_combination,zeta(s)/((s-rho_i) zeta'(rho_i) pi^{-rho_i/2} Gamma(rho_i/2))
1.783772895621830656e+01,3,-8.06761761214322237376706944331214616e+7,-3.31305755567893974169380590197121488e+5,8.06768563906652434739085322650616718e+7,mpmath_70dps_heuristic_not_certified,zeta_dual_candidate_not_exact_for_a_lt_1_without_linear_combination,zeta(s)/((s-rho_i) zeta'(rho_i) pi^{-rho_i/2} Gamma(rho_i/2))
1.839649530673413125e+01,1,3.68640767849887724613851693666899691e+4,-1.10693175349839020862887482834397597e+4,3.84901279278187154341447429650716452e+4,mpmath_70dps_heuristic_not_certified,zeta_dual_candidate_not_exact_for_a_lt_1_without_linear_combination,zeta(s)/((s-rho_i) zeta'(rho_i) pi^{-rho_i/2} Gamma(rho_i/2))
1.839649530673413125e+01,2,1.03036853793595374780718465755411764e+7,-3.0939270745862115484161565505099101e+6,1.07581744334103957115025772431986565e+7,mpmath_70dps_heuristic_not_certified,zeta_dual_candidate_not_exact_for_a_lt_1_without_linear_combination,zeta(s)/((s-rho_i) zeta'(rho_i) pi^{-rho_i/2} Gamma(rho_i/2))
1.839649530673413125e+01,3,-8.12066850825002167238566330794179215e+7,2.43842423719037152997367689042978632e+7,8.47886606695736629743732950733861642e+7,mpmath_70dps_heuristic_not_certified,zeta_dual_candidate_not_exact_for_a_lt_1_without_linear_combination,zeta(s)/((s-rho_i) zeta'(rho_i) pi^{-rho_i/2} Gamma(rho_i/2))
1.895074520732021739e+01,1,2.52045837272979686168322201760956555e+4,-1.70046259211312002132048395894232221e+4,3.04044132254510164188416469002882173e+4,mpmath_70dps_heuristic_not_certified,zeta_dual_candidate_not_exact_for_a_lt_1_without_linear_combination,zeta(s)/((s-rho_i) zeta'(rho_i) pi^{-rho_i/2} Gamma(rho_i/2))
1.895074520732021739e+01,2,1.00912400512364981298373373296470584e+7,-6.80819663630324348229940530078418467e+6,1.21731124701224378529419207578636246e+7,mpmath_70dps_heuristic_not_certified,zeta_dual_candidate_not_exact_for_a_lt_1_without_linear_combination,zeta(s)/((s-rho_i) zeta'(rho_i) pi^{-rho_i/2} Gamma(rho_i/2))
1.895074520732021739e+01,3,-6.84815392250869443805449347716657862e+7,4.62020309331534370865999542982336216e+7,8.26096173395397639713234799043514537e+7,mpmath_70dps_heuristic_not_certified,zeta_dual_candidate_not_exact_for_a_lt_1_without_linear_combination,zeta(s)/((s-rho_i) zeta'(rho_i) pi^{-rho_i/2} Gamma(rho_i/2))
1.950034258630195083e+01,1,1.35984950012603072609315959189283451e+4,-1.71645465228708143726375196436337692e+4,2.1898418290714471784360233045756623e+4,mpmath_70dps_heuristic_not_certified,zeta_dual_candidate_not_exact_for_a_lt_1_without_linear_combination,zeta(s)/((s-rho_i) zeta'(rho_i) pi^{-rho_i/2} Gamma(rho_i/2))
1.950034258630195083e+01,2,8.25659362593821359694470981741336253e+6,-1.04217919262183376575344185964503156e+7,1.32960552517381359662528002112524488e+7,mpmath_70dps_heuristic_not_certified,zeta_dual_candidate_not_exact_for_a_lt_1_without_linear_combination,zeta(s)/((s-rho_i) zeta'(rho_i) pi^{-rho_i/2} Gamma(rho_i/2))
1.950034258630195083e+01,3,-4.5269399809081324392074841119146431e+7,5.71407879337677150798881941137102263e+7,7.28998505126469127724376211935872467e+7,mpmath_70dps_heuristic_not_certified,zeta_dual_candidate_not_exact_for_a_lt_1_without_linear_combination,zeta(s)/((s-rho_i) zeta'(rho_i) pi^{-rho_i/2} Gamma(rho_i/2))
2.004515251422669309e+01,1,4.71673868619587680448918963959276425e+3,-1.26175728397452147092611925287290694e+4,1.34703662979197758588684194841192983e+4,mpmath_70dps_heuristic_not_certified,zeta_dual_candidate_not_exact_for_a_lt_1_without_linear_combination,zeta(s)/((s-rho_i) zeta'(rho_i) pi^{-rho_i/2} Gamma(rho_i/2))
2.004515251422669309e+01,2,4.91399685244707507319999503000608603e+6,-1.31452508491700738101404152544007639e+7,1.40337088808862750865097796173246552e+7,mpmath_70dps_heuristic_not_certified,zeta_dual_candidate_not_exact_for_a_lt_1_without_linear_combination,zeta(s)/((s-rho_i) zeta'(rho_i) pi^{-rho_i/2} Gamma(rho_i/2))
2.004515251422669309e+01,3,-1.91940293164999766630189661325281088e+7,5.13452364231920420252366493949033034e+7,5.48155458310518630433259995723366207e+7,mpmath_70dps_heuristic_not_certified,zeta_dual_candidate_not_exact_for_a_lt_1_without_linear_combination,zeta(s)/((s-rho_i) zeta'(rho_i) pi^{-rho_i/2} Gamma(rho_i/2))
2.058504123698975619e+01,1,2.30767855835802465083979197764596779e+2,-5.62569869525957938579099360953393162e+3,5.6304297893795272472716362487287177e+3,mpmath_70dps_heuristic_not_certified,zeta_dual_candidate_not_exact_for_a_lt_1_without_linear_combination,zeta(s)/((s-rho_i) zeta'(rho_i) pi^{-rho_i/2} Gamma(rho_i/2))
2.058504123698975619e+01,2,5.86536471071731226604275699147691702e+5,-1.42986875190200043846695789117914348e+7,1.4310712414079032426632118736741972e+7,mpmath_70dps_heuristic_not_certified,zeta_dual_candidate_not_exact_for_a_lt_1_without_linear_combination,zeta(s)/((s-rho_i) zeta'(rho_i) pi^{-rho_i/2} Gamma(rho_i/2))
2.058504123698975619e+01,3,-1.1498714683755383952733778967245445e+6,2.8031765498394325091323186060661644e+7,2.80553396228018341517419660757315392e+7,mpmath_70dps_heuristic_not_certified,zeta_dual_candidate_not_exact_for_a_lt_1_without_linear_combination,zeta(s)/((s-rho_i) zeta'(rho_i) pi^{-rho_i/2} Gamma(rho_i/2))
2.111987620867185456e+01,1,3.16200264488845487569843488111279386e+2,1.10060401315812638485114161365655816e+3,1.1451252337812616192520352665172295e+3,mpmath_70dps_heuristic_not_certified,zeta_dual_candidate_not_exact_for_a_lt_1_without_linear_combination,zeta(s)/((s-rho_i) zeta'(rho_i) pi^{-rho_i/2} Gamma(rho_i/2))
2.111987620867185456e+01,2,-3.88736546203668036363787080084303231e+6,-1.35308236855721996067974800274948435e+7,1.40781674888984502595230995071030156e+7,mpmath_70dps_heuristic_not_certified,zeta_dual_candidate_not_exact_for_a_lt_1_without_linear_combination,zeta(s)/((s-rho_i) zeta'(rho_i) pi^{-rho_i/2} Gamma(rho_i/2))
2.111987620867185456e+01,3,-1.94073060204490537787664881100369187e+6,-6.75513631376092612707763708838113722e+6,7.02839255357902830626015271700936643e+6,mpmath_70dps_heuristic_not_certified,zeta_dual_candidate_not_exact_for_a_lt_1_without_linear_combination,zeta(s)/((s-rho_i) zeta'(rho_i) pi^{-rho_i/2} Gamma(rho_i/2))
2.164952612407989818e+01,1,3.66896140426372172662979257967190061e+3,5.31613303830452558733827722651521978e+3,6.45929936347044743506445222391268935e+3,mpmath_70dps_heuristic_not_certified,zeta_dual_candidate_not_exact_for_a_lt_1_without_linear_combination,zeta(s)/((s-rho_i) zeta'(rho_i) pi^{-rho_i/2} Gamma(rho_i/2))
2.164952612407989818e+01,2,-7.56614758324759758005520599360261082e+6,-1.09629518297051362987430896278623861e+7,1.33203942160852978768302553433062492e+7,mpmath_70dps_heuristic_not_certified,zeta_dual_candidate_not_exact_for_a_lt_1_without_linear_combination,zeta(s)/((s-rho_i) zeta'(rho_i) pi^{-rho_i/2} Gamma(rho_i/2))
2.164952612407989818e+01,3,-2.80437224787008530623679880133385638e+7,-4.06338860400148403295836419924917119e+7,4.93716828270548667568662421759235098e+7,mpmath_70dps_heuristic_not_certified,zeta_dual_candidate_not_exact_for_a_lt_1_without_linear_combination,zeta(s)/((s-rho_i) zeta'(rho_i) pi^{-rho_i/2} Gamma(rho_i/2))
2.217386095098323651e+01,1,8.05257527452498680230761055950211818e+3,5.98613761728957879356221822333592729e+3,1.00338333714000115575336268714284378e+4,mpmath_70dps_heuristic_not_certified,zeta_dual_candidate_not_exact_for_a_lt_1_without_linear_combination,zeta(s)/((s-rho_i) zeta'(rho_i) pi^{-rho_i/2} Gamma(rho_i/2))
2.217386095098323651e+01,2,-9.67782148123720585702279755351366498e+6,-7.19431601037279152945773800081435154e+6,1.2058955654608013586754103490829104e+7,mpmath_70dps_heuristic_not_certified,zeta_dual_candidate_not_exact_for_a_lt_1_without_linear_combination,zeta(s)/((s-rho_i) zeta'(rho_i) pi^{-rho_i/2} Gamma(rho_i/2))
2.217386095098323651e+01,3,-7.8013850309770766989698360146156826e+7,-5.79940737078629790240616198689781273e+7,9.72084020308345797915364833845356048e+7,mpmath_70dps_heuristic_not_certified,zeta_dual_candidate_not_exact_for_a_lt_1_without_linear_combination,zeta(s)/((s-rho_i) zeta'(rho_i) pi^{-rho_i/2} Gamma(rho_i/2))
2.269275196203734168e+01,1,1.11815336231736222972995444656357405e+4,3.57054675416045367441566250232098214e+3,1.17377808077084138591280983939986985e+4,mpmath_70dps_heuristic_not_certified,zeta_dual_candidate_not_exact_for_a_lt_1_without_linear_combination,zeta(s)/((s-rho_i) zeta'(rho_i) pi^{-rho_i/2} Gamma(rho_i/2))
2.269275196203734168e+01,2,-9.86261089308090728484027997308418262e+6,-3.14938133699790457622329132590260232e+6,1.03532456956332723060675017581697539e+7,mpmath_70dps_heuristic_not_certified,zeta_dual_candidate_not_exact_for_a_lt_1_without_linear_combination,zeta(s)/((s-rho_i) zeta'(rho_i) pi^{-rho_i/2} Gamma(rho_i/2))
2.269275196203734168e+01,3,-1.41132869445487165074451126596082266e+8,-4.50672980904482298189169469068887358e+7,1.48153799124727960111214012306639349e+8,mpmath_70dps_heuristic_not_certified,zeta_dual_candidate_not_exact_for_a_lt_1_without_linear_combination,zeta(s)/((s-rho_i) zeta'(rho_i) pi^{-rho_i/2} Gamma(rho_i/2))
2.320607176638711877e+01,1,1.15981156007346107547671699026682704e+4,-2.71035512091893339606077485133027775e+2,1.16012820729787652108160437382021047e+4,mpmath_70dps_heuristic_not_certified,zeta_dual_candidate_not_exact_for_a_lt_1_without_linear_combination,zeta(s)/((s-rho_i) zeta'(rho_i) pi^{-rho_i/2} Gamma(rho_i/2))
2.320607176638711877e+01,2,-8.29504469916330164126725447103342367e+6,1.93846290661257870342974847236883785e+5,8.29730937988456100564934305990495006e+6,mpmath_70dps_heuristic_not_certified,zeta_dual_candidate_not_exact_for_a_lt_1_without_linear_combination,zeta(s)/((s-rho_i) zeta'(rho_i) pi^{-rho_i/2} Gamma(rho_i/2))
2.320607176638711877e+01,3,-1.9930578302926074275473179554927012e+8,4.65756221319176842025822017483653338e+6,1.9936019671608601042890359925099106e+8,mpmath_70dps_heuristic_not_certified,zeta_dual_candidate_not_exact_for_a_lt_1_without_linear_combination,zeta(s)/((s-rho_i) zeta'(rho_i) pi^{-rho_i/2} Gamma(rho_i/2))
2.371369434094216899e+01,1,9.19124675940858604777583432031973664e+3,-3.43565705500674855733662689368374743e+3,9.81237771347783365272154216178021727e+3,mpmath_70dps_heuristic_not_certified,zeta_dual_candidate_not_exact_for_a_lt_1_without_linear_combination,zeta(s)/((s-rho_i) zeta'(rho_i) pi^{-rho_i/2} Gamma(rho_i/2))
2.371369434094216899e+01,2,-5.6323860595804008086295445586043092e+6,2.10536692231775183354677615217901943e+6,6.01301443551779250268779160900328117e+6,mpmath_70dps_heuristic_not_certified,zeta_dual_candidate_not_exact_for_a_lt_1_without_linear_combination,zeta(s)/((s-rho_i) zeta'(rho_i) pi^{-rho_i/2} Gamma(rho_i/2))
2.371369434094216899e+01,3,-2.32051801235270652453407252955755586e+8,8.6740181055946396995291030814062178e+7,2.4773352107890429875275464734465763e+8,mpmath_70dps_heuristic_not_certified,zeta_dual_candidate_not_exact_for_a_lt_1_without_linear_combination,zeta(s)/((s-rho_i) zeta'(rho_i) pi^{-rho_i/2} Gamma(rho_i/2))
2.421549506131619367e+01,1,5.14963220713823081798748860595238191e+3,-4.28120101076948120116284248913787359e+3,6.69681969022677167117853109328580338e+3,mpmath_70dps_heuristic_not_certified,zeta_dual_candidate_not_exact_for_a_lt_1_without_linear_combination,zeta(s)/((s-rho_i) zeta'(rho_i) pi^{-rho_i/2} Gamma(rho_i/2))
2.421549506131619367e+01,2,-2.79915929998793948039740681809064779e+6,2.32711058622821790034207070087087131e+6,3.64015610479061891404695375101400068e+6,mpmath_70dps_heuristic_not_certified,zeta_dual_candidate_not_exact_for_a_lt_1_without_linear_combination,zeta(s)/((s-rho_i) zeta'(rho_i) pi^{-rho_i/2} Gamma(rho_i/2))
2.421549506131619367e+01,3,-2.23147059089605746896784682263620323e+8,1.85515659467952618741806989593385742e+8,2.90190747419984700137557454186867004e+8,mpmath_70dps_heuristic_not_certified,zeta_dual_candidate_not_exact_for_a_lt_1_without_linear_combination,zeta(s)/((s-rho_i) zeta'(rho_i) pi^{-rho_i/2} Gamma(rho_i/2))
2.471135073242303193e+01,1,1.37999014402876371957095036622908124e+3,-2.30093965072149885273085938034654106e+3,2.68303858971109492517943897438401135e+3,mpmath_70dps_heuristic_not_certified,zeta_dual_candidate_not_exact_for_a_lt_1_without_linear_combination,zeta(s)/((s-rho_i) zeta'(rho_i) pi^{-rho_i/2} Gamma(rho_i/2))
2.471135073242303193e+01,2,-6.81234126253649411378990471477518257e+5,1.13586217938159847261577035999400406e+6,1.32448587207341994077675163356645203e+6,mpmath_70dps_heuristic_not_certified,zeta_dual_candidate_not_exact_for_a_lt_1_without_linear_combination,zeta(s)/((s-rho_i) zeta'(rho_i) pi^{-rho_i/2} Gamma(rho_i/2))
2.471135073242303193e+01,3,-1.66610640086465649473409606173907347e+8,2.77799830430562169647022222036390929e+8,3.23931861935918384044392611301626674e+8,mpmath_70dps_heuristic_not_certified,zeta_dual_candidate_not_exact_for_a_lt_1_without_linear_combination,zeta(s)/((s-rho_i) zeta'(rho_i) pi^{-rho_i/2} Gamma(rho_i/2))
2.520113961872178265e+01,1,-3.50653796542810880355850918040883516e+2,1.70800619835559939872556094864218226e+3,1.74362933522323894339667199720956381e+3,mpmath_70dps_heuristic_not_certified,zeta_dual_candidate_not_exact_for_a_lt_1_without_linear_combination,zeta(s)/((s-rho_i) zeta'(rho_i) pi^{-rho_i/2} Gamma(rho_i/2))
2.520113961872178265e+01,2,1.59889989613063946773675399589395789e+5,-7.78811169326050731176394100092417003e+5,7.95054492626433851846723903705740376e+5,mpmath_70dps_heuristic_not_certified,zeta_dual_candidate_not_exact_for_a_lt_1_without_linear_combination,zeta(s)/((s-rho_i) zeta'(rho_i) pi^{-rho_i/2} Gamma(rho_i/2))
2.520113961872178265e+01,3,-6.97226773440284737332018574742467836e+7,3.39613505524982959691413541594368046e+8,3.46696675598407105222204701306611977e+8,mpmath_70dps_heuristic_not_certified,zeta_dual_candidate_not_exact_for_a_lt_1_without_linear_combination,zeta(s)/((s-rho_i) zeta'(rho_i) pi^{-rho_i/2} Gamma(rho_i/2))
2.568474147410363884e+01,1,8.23948501620193300822542240423558474e+2,6.03597966870735121784456263494824912e+3,6.09195713169180689410057979993185842e+3,mpmath_70dps_heuristic_not_certified,zeta_dual_candidate_not_exact_for_a_lt_1_without_linear_combination,zeta(s)/((s-rho_i) zeta'(rho_i) pi^{-rho_i/2} Gamma(rho_i/2))
2.568474147410363884e+01,2,-3.51450026269656317535088332057270343e+5,-2.57460898218632086460145132687443374e+6,2.59848581526230871645723628948963355e+6,mpmath_70dps_heuristic_not_certified,zeta_dual_candidate_not_exact_for_a_lt_1_without_linear_combination,zeta(s)/((s-rho_i) zeta'(rho_i) pi^{-rho_i/2} Gamma(rho_i/2))
2.568474147410363884e+01,3,4.82818568028013644297578301395231628e+7,3.53697234057821407782149042576611504e+8,3.56977409756527193602560032696010654e+8,mpmath_70dps_heuristic_not_certified,zeta_dual_candidate_not_exact_for_a_lt_1_without_linear_combination,zeta(s)/((s-rho_i) zeta'(rho_i) pi^{-rho_i/2} Gamma(rho_i/2))
2.616203757141302333e+01,1,4.5245935128888873386751702487771701e+3,8.82238118462584245902604455357912859e+3,9.91495618869373952018097923034541225e+3,mpmath_70dps_heuristic_not_certified,zeta_dual_candidate_not_exact_for_a_lt_1_without_linear_combination,zeta(s)/((s-rho_i) zeta'(rho_i) pi^{-rho_i/2} Gamma(rho_i/2))
2.616203757141302333e+01,2,-1.82307180690343633449841223279432889e+6,-3.55475787197896121205776786306104779e+6,3.99498364721591232780584720557016589e+6,mpmath_70dps_heuristic_not_certified,zeta_dual_candidate_not_exact_for_a_lt_1_without_linear_combination,zeta(s)/((s-rho_i) zeta'(rho_i) pi^{-rho_i/2} Gamma(rho_i/2))
2.616203757141302333e+01,3,1.61618585844328349111302087314413164e+8,3.15135661751070214992368035025718624e+8,3.54162466387398921265829772922035131e+8,mpmath_70dps_heuristic_not_certified,zeta_dual_candidate_not_exact_for_a_lt_1_without_linear_combination,zeta(s)/((s-rho_i) zeta'(rho_i) pi^{-rho_i/2} Gamma(rho_i/2))
2.663291073159579980e+01,1,9.32539446132958491263282299187095269e+3,8.84546153758569636785629443102214414e+3,1.28532163940511174650774559048087675e+4,mpmath_70dps_heuristic_not_certified,zeta_dual_candidate_not_exact_for_a_lt_1_without_linear_combination,zeta(s)/((s-rho_i) zeta'(rho_i) pi^{-rho_i/2} Gamma(rho_i/2))
2.663291073159579980e+01,2,-3.57686416543979428594485514656011463e+6,-3.39278027666995567797058433485789061e+6,4.93000154804924752615932422667225216e+6,mpmath_70dps_heuristic_not_certified,zeta_dual_candidate_not_exact_for_a_lt_1_without_linear_combination,zeta(s)/((s-rho_i) zeta'(rho_i) pi^{-rho_i/2} Gamma(rho_i/2))
2.663291073159579980e+01,3,2.45660580307697300762912940372073198e+8,2.33017619085563260756153359842020712e+8,3.38594641897090938641701376124338564e+8,mpmath_70dps_heuristic_not_certified,zeta_dual_candidate_not_exact_for_a_lt_1_without_linear_combination,zeta(s)/((s-rho_i) zeta'(rho_i) pi^{-rho_i/2} Gamma(rho_i/2))
2.709724535246746058e+01,1,1.33818274202320325365087883368990875e+4,6.00295529525085752026736303295395143e+3,1.46665871074921245668296894105882891e+4,mpmath_70dps_heuristic_not_certified,zeta_dual_candidate_not_exact_for_a_lt_1_without_linear_combination,zeta(s)/((s-rho_i) zeta'(rho_i) pi^{-rho_i/2} Gamma(rho_i/2))
2.709724535246746058e+01,2,-4.91657242498220061269044417805359549e+6,-2.20552571380564829386647374167126305e+6,5.38860168173091738834102995452504848e+6,mpmath_70dps_heuristic_not_certified,zeta_dual_candidate_not_exact_for_a_lt_1_without_linear_combination,zeta(s)/((s-rho_i) zeta'(rho_i) pi^{-rho_i/2} Gamma(rho_i/2))
2.709724535246746058e+01,3,2.84247213622055488880844347730742569e+8,1.27510485869293410409674398048599485e+8,3.11537160638222614541463065191614349e+8,mpmath_70dps_heuristic_not_certified,zeta_dual_candidate_not_exact_for_a_lt_1_without_linear_combination,zeta(s)/((s-rho_i) zeta'(rho_i) pi^{-rho_i/2} Gamma(rho_i/2))
2.755492743709415038e+01,1,1.51955345009595749045998002675382657e+4,1.29945475880384404117879428622796765e+3,1.52509950967151882311973653617025378e+4,mpmath_70dps_heuristic_not_certified,zeta_dual_candidate_not_exact_for_a_lt_1_without_linear_combination,zeta(s)/((s-rho_i) zeta'(rho_i) pi^{-rho_i/2} Gamma(rho_i/2))
2.755492743709415038e+01,2,-5.37512294307478663233762811691214926e+6,-4.59656689739553430214286063278621768e+5,5.39474104342287035964877886233809944e+6,mpmath_70dps_heuristic_not_certified,zeta_dual_candidate_not_exact_for_a_lt_1_without_linear_combination,zeta(s)/((s-rho_i) zeta'(rho_i) pi^{-rho_i/2} Gamma(rho_i/2))
2.755492743709415038e+01,3,2.74051627006227608401941157550369568e+8,2.34356804526152231024596834613305464e+7,2.75051859442974122021714173523319221e+8,mpmath_70dps_heuristic_not_certified,zeta_dual_candidate_not_exact_for_a_lt_1_without_linear_combination,zeta(s)/((s-rho_i) zeta'(rho_i) pi^{-rho_i/2} Gamma(rho_i/2))
2.800584462177960532e+01,1,1.41848142707093651917093316578823175e+4,-3.61912162501312734842140941057223764e+3,1.46392280271590045157092005338504645e+4,mpmath_70dps_heuristic_not_certified,zeta_dual_candidate_not_exact_for_a_lt_1_without_linear_combination,zeta(s)/((s-rho_i) zeta'(rho_i) pi^{-rho_i/2} Gamma(rho_i/2))
2.800584462177960532e+01,2,-4.8513389741881455264847096005489647e+6,1.23777340024877788866615648792700651e+6,5.00675272335675765327848755795942009e+6,mpmath_70dps_heuristic_not_certified,zeta_dual_candidate_not_exact_for_a_lt_1_without_linear_combination,zeta(s)/((s-rho_i) zeta'(rho_i) pi^{-rho_i/2} Gamma(rho_i/2))
2.800584462177960532e+01,3,2.24608709377004864077104426208404575e+8,-5.73067945592463265145975204463310782e+7,2.31804100547551783654584895018075311e+8,mpmath_70dps_heuristic_not_certified,zeta_dual_candidate_not_exact_for_a_lt_1_without_linear_combination,zeta(s)/((s-rho_i) zeta'(rho_i) pi^{-rho_i/2} Gamma(rho_i/2))
2.844988620365111487e+01,1,1.08387698060035491980188915220441568e+4,-7.15351527593672708052828477618609918e+3,1.29865973877145480751455717934141032e+4,mpmath_70dps_heuristic_not_certified,zeta_dual_candidate_not_exact_for_a_lt_1_without_linear_combination,zeta(s)/((s-rho_i) zeta'(rho_i) pi^{-rho_i/2} Gamma(rho_i/2))
2.844988620365111487e+01,2,-3.59692900187592232684856509488661264e+6,2.3739489833179347814623162167848359e+6,4.30970208018284890741107606287060985e+6,mpmath_70dps_heuristic_not_certified,zeta_dual_candidate_not_exact_for_a_lt_1_without_linear_combination,zeta(s)/((s-rho_i) zeta'(rho_i) pi^{-rho_i/2} Gamma(rho_i/2))
2.844988620365111487e+01,3,1.54250583204110506655423381183381236e+8,-1.01804348927270900546755722978867555e+8,1.848171200925762236962721793280373e+8,mpmath_70dps_heuristic_not_certified,zeta_dual_candidate_not_exact_for_a_lt_1_without_linear_combination,zeta(s)/((s-rho_i) zeta'(rho_i) pi^{-rho_i/2} Gamma(rho_i/2))
2.888694316783775307e+01,1,6.42923929852984674781173405472347438e+3,-8.35737029792920579372537419849761754e+3,1.05442285755985894162601054234911296e+4,mpmath_70dps_heuristic_not_certified,zeta_dual_candidate_not_exact_for_a_lt_1_without_linear_combination,zeta(s)/((s-rho_i) zeta'(rho_i) pi^{-rho_i/2} Gamma(rho_i/2))
2.888694316783775307e+01,2,-2.07654846232847110189394570165072211e+6,2.69930603535676798545507885834733774e+6,3.40562866280400731310775516017176682e+6,mpmath_70dps_heuristic_not_certified,zeta_dual_candidate_not_exact_for_a_lt_1_without_linear_combination,zeta(s)/((s-rho_i) zeta'(rho_i) pi^{-rho_i/2} Gamma(rho_i/2))
2.888694316783775307e+01,3,8.36584720972132249439338004805775623e+7,-1.08747675644187763956020775182563249e+8,1.37203487243049592707111298708771151e+8,mpmath_70dps_heuristic_not_certified,zeta_dual_candidate_not_exact_for_a_lt_1_without_linear_combination,zeta(s)/((s-rho_i) zeta'(rho_i) pi^{-rho_i/2} Gamma(rho_i/2))
2.931690821423418214e+01,1,2.44304509605927330272614341404562618e+3,-7.22203962603097533554654861842528929e+3,7.62406228341170452669453024164698015e+3,mpmath_70dps_heuristic_not_certified,zeta_dual_candidate_not_exact_for_a_lt_1_without_linear_combination,zeta(s)/((s-rho_i) zeta'(rho_i) pi^{-rho_i/2} Gamma(rho_i/2))
2.931690821423418214e+01,2,-7.69971687946127914447429106411178329e+5,2.27616184827640891509477029161477514e+6,2.40286686268459063386180815181940017e+6,mpmath_70dps_heuristic_not_certified,zeta_dual_candidate_not_exact_for_a_lt_1_without_linear_combination,zeta(s)/((s-rho_i) zeta'(rho_i) pi^{-rho_i/2} Gamma(rho_i/2))
2.931690821423418214e+01,3,2.94491625428245984443650507082189596e+7,-8.70565259645727971475344013967791301e+7,9.19026217661609529655919343267006591e+7,mpmath_70dps_heuristic_not_certified,zeta_dual_candidate_not_exact_for_a_lt_1_without_linear_combination,zeta(s)/((s-rho_i) zeta'(rho_i) pi^{-rho_i/2} Gamma(rho_i/2))
2.973967578384348087e+01,1,-4.13118503920225515040180854457436617,-4.56033670652841278288125413090926548e+3,4.56033857773742924358528668594255014e+3,mpmath_70dps_heuristic_not_certified,zeta_dual_candidate_not_exact_for_a_lt_1_without_linear_combination,zeta(s)/((s-rho_i) zeta'(rho_i) pi^{-rho_i/2} Gamma(rho_i/2))
2.973967578384348087e+01,2,1.27337660537777813836609337726148874e+3,1.40565625108387353944970258137884495e+6,1.40565682785634020996696904920106538e+6,mpmath_70dps_heuristic_not_certified,zeta_dual_candidate_not_exact_for_a_lt_1_without_linear_combination,zeta(s)/((s-rho_i) zeta'(rho_i) pi^{-rho_i/2} Gamma(rho_i/2))
2.973967578384348087e+01,3,-4.66091092015707671359081220454771438e+4,-5.14509104611685634286702172191381035e+7,5.14509315726376841685030541987173579e+7,mpmath_70dps_heuristic_not_certified,zeta_dual_candidate_not_exact_for_a_lt_1_without_linear_combination,zeta(s)/((s-rho_i) zeta'(rho_i) pi^{-rho_i/2} Gamma(rho_i/2))
3.015514208469253532e+01,1,-5.34439758544958061061783693126906099e+2,-1.58463551381867197482873443844740293e+3,1.67233237341413671867207854289370887e+3,mpmath_70dps_heuristic_not_certified,zeta_dual_candidate_not_exact_for_a_lt_1_without_linear_combination,zeta(s)/((s-rho_i) zeta'(rho_i) pi^{-rho_i/2} Gamma(rho_i/2))
3.015514208469253532e+01,2,1.6142574625195768717065900925861033e+5,4.786338708257145515970117904347707e+5,5.05122414722023828208373837364498047e+5,mpmath_70dps_heuristic_not_certified,zeta_dual_candidate_not_exact_for_a_lt_1_without_linear_combination,zeta(s)/((s-rho_i) zeta'(rho_i) pi^{-rho_i/2} Gamma(rho_i/2))
3.015514208469253532e+01,3,-5.69028433967365529028956195747860527e+6,-1.68719233631166614645158041108037475e+7,1.78056489305281171929766583817831205e+7,mpmath_70dps_heuristic_not_certified,zeta_dual_candidate_not_exact_for_a_lt_1_without_linear_combination,zeta(s)/((s-rho_i) zeta'(rho_i) pi^{-rho_i/2} Gamma(rho_i/2))
3.056320511731357215e+01,1,4.62452233557391195816627530368743692e+2,6.12552361555707111198148748453494509e+2,7.67517077314696381549157345547450823e+2,mpmath_70dps_heuristic_not_certified,zeta_dual_candidate_not_exact_for_a_lt_1_without_linear_combination,zeta(s)/((s-rho_i) zeta'(rho_i) pi^{-rho_i/2} Gamma(rho_i/2))
3.056320511731357215e+01,2,-1.37113871632050260484171492705622907e+5,-1.81617515876556399900453266096120194e+5,2.27563476566652877161101382321679715e+5,mpmath_70dps_heuristic_not_certified,zeta_dual_candidate_not_exact_for_a_lt_1_without_linear_combination,zeta(s)/((s-rho_i) zeta'(rho_i) pi^{-rho_i/2} Gamma(rho_i/2))
3.056320511731357215e+01,3,4.67814841553620617424852817696737069e+6,6.19655534497308205471260877384210955e+6,7.76417225086476222899320377723480912e+6,mpmath_70dps_heuristic_not_certified,zeta_dual_candidate_not_exact_for_a_lt_1_without_linear_combination,zeta(s)/((s-rho_i) zeta'(rho_i) pi^{-rho_i/2} Gamma(rho_i/2))
3.096376469978567769e+01,1,2.10170696103201508371946511427430101e+3,1.45645707781607467837625412372391982e+3,2.55703722490912665646514560614921403e+3,mpmath_70dps_heuristic_not_certified,zeta_dual_candidate_not_exact_for_a_lt_1_without_linear_combination,zeta(s)/((s-rho_i) zeta'(rho_i) pi^{-rho_i/2} Gamma(rho_i/2))
3.096376469978567769e+01,2,-6.12615955116460417709758952167858777e+5,-4.24535323123399013756188406929332791e+5,7.4533787576020974300180777470062192e+5,mpmath_70dps_heuristic_not_certified,zeta_dual_candidate_not_exact_for_a_lt_1_without_linear_combination,zeta(s)/((s-rho_i) zeta'(rho_i) pi^{-rho_i/2} Gamma(rho_i/2))
3.096376469978567769e+01,3,2.03136872211409370693663989494764524e+7,1.40771354324509880639437907460028781e+7,2.47146035877962580899922504003401998e+7,mpmath_70dps_heuristic_not_certified,zeta_dual_candidate_not_exact_for_a_lt_1_without_linear_combination,zeta(s)/((s-rho_i) zeta'(rho_i) pi^{-rho_i/2} Gamma(rho_i/2))
3.135672249233006781e+01,1,3.42680940439506195877865939658282661e+3,1.02782683224466888882474947205051433e+3,3.57763199492800684688656741760358886e+3,mpmath_70dps_heuristic_not_certified,zeta_dual_candidate_not_exact_for_a_lt_1_without_linear_combination,zeta(s)/((s-rho_i) zeta'(rho_i) pi^{-rho_i/2} Gamma(rho_i/2))
3.135672249233006781e+01,2,-9.83320000145983288025438857821082292e+5,-2.94934022165522264261832521463979299e+5,1.02659841229072108470450143258848087e+6,mpmath_70dps_heuristic_not_certified,zeta_dual_candidate_not_exact_for_a_lt_1_without_linear_combination,zeta(s)/((s-rho_i) zeta'(rho_i) pi^{-rho_i/2} Gamma(rho_i/2))
3.135672249233006781e+01,3,3.17957460097069654773173716221795877e+7,9.53671974230568740400102228062386492e+6,3.31951575950029114235879709491537973e+7,mpmath_70dps_heuristic_not_certified,zeta_dual_candidate_not_exact_for_a_lt_1_without_linear_combination,zeta(s)/((s-rho_i) zeta'(rho_i) pi^{-rho_i/2} Gamma(rho_i/2))
3.174198202145310432e+01,1,3.7964829832141363553370936485423819e+3,-7.37893640078376844190410909397000935e+1,3.79720000949057060842592533555959029e+3,mpmath_70dps_heuristic_not_certified,zeta_dual_candidate_not_exact_for_a_lt_1_without_linear_combination,zeta(s)/((s-rho_i) zeta'(rho_i) pi^{-rho_i/2} Gamma(rho_i/2))
3.174198202145310432e+01,2,-1.07374032828718548267924756008775733e+6,2.08694774306089257988561103949980147e+4,1.07394312124921194457253198025269846e+6,mpmath_70dps_heuristic_not_certified,zeta_dual_candidate_not_exact_for_a_lt_1_without_linear_combination,zeta(s)/((s-rho_i) zeta'(rho_i) pi^{-rho_i/2} Gamma(rho_i/2))
3.174198202145310432e+01,3,3.39525120554378310639276414153064365e+7,-6.5990925867871559137822438723667769e+5,3.39589245280874751077210705697550132e+7,mpmath_70dps_heuristic_not_certified,zeta_dual_candidate_not_exact_for_a_lt_1_without_linear_combination,zeta(s)/((s-rho_i) zeta'(rho_i) pi^{-rho_i/2} Gamma(rho_i/2))
3.211944870363112869e+01,1,3.09150129300368400189227236464897151e+3,-1.04596950300324185077165169639667418e+3,3.26365323615366631145429830416113434e+3,mpmath_70dps_heuristic_not_certified,zeta_dual_candidate_not_exact_for_a_lt_1_without_linear_combination,zeta(s)/((s-rho_i) zeta'(rho_i) pi^{-rho_i/2} Gamma(rho_i/2))
3.211944870363112869e+01,2,-8.62720588365860345772517297801856697e+5,2.91890359899205131855009386108331989e+5,9.1076165696214053382469704074439913e+5,mpmath_70dps_heuristic_not_certified,zeta_dual_candidate_not_exact_for_a_lt_1_without_linear_combination,zeta(s)/((s-rho_i) zeta'(rho_i) pi^{-rho_i/2} Gamma(rho_i/2))
3.211944870363112869e+01,3,2.6740901117955861385963875720444186e+7,-9.0474382512812993803588538569187519e+6,2.82299828464531847268432299363021105e+7,mpmath_70dps_heuristic_not_certified,zeta_dual_candidate_not_exact_for_a_lt_1_without_linear_combination,zeta(s)/((s-rho_i) zeta'(rho_i) pi^{-rho_i/2} Gamma(rho_i/2))
3.248902986853133257e+01,1,1.6910562318848040930177812250149194e+3,-1.22986953048556335889521008225814354e+3,2.09099264499261507359868960140063477e+3,mpmath_70dps_heuristic_not_certified,zeta_dual_candidate_not_exact_for_a_lt_1_without_linear_combination,zeta(s)/((s-rho_i) zeta'(rho_i) pi^{-rho_i/2} Gamma(rho_i/2))
3.248902986853133257e+01,2,-4.66084974626957570393834017281869797e+5,3.38973771600683477037317732117698015e+5,5.76314516046753771443612322345234065e+5,mpmath_70dps_heuristic_not_certified,zeta_dual_candidate_not_exact_for_a_lt_1_without_linear_combination,zeta(s)/((s-rho_i) zeta'(rho_i) pi^{-rho_i/2} Gamma(rho_i/2))
3.248902986853133257e+01,3,1.41901469903367356905929896841067243e+7,-1.0320194614152496899451888507785297e+7,1.75461302993379404104002308062161538e+7,mpmath_70dps_heuristic_not_certified,zeta_dual_candidate_not_exact_for_a_lt_1_without_linear_combination,zeta(s)/((s-rho_i) zeta'(rho_i) pi^{-rho_i/2} Gamma(rho_i/2))
3.285063478176287077e+01,1,2.64441777045227959175493519478402376e+2,-3.52268618732645735924370897206803355e+2,4.40480003167730849355862590743229592e+2,mpmath_70dps_heuristic_not_certified,zeta_dual_candidate_not_exact_for_a_lt_1_without_linear_combination,zeta(s)/((s-rho_i) zeta'(rho_i) pi^{-rho_i/2} Gamma(rho_i/2))
3.285063478176287077e+01,2,-7.20487411840481259758045279406967124e+4,9.59776886312091489501202212811207046e+4,1.20011407046144103082892703132335618e+5,mpmath_70dps_heuristic_not_certified,zeta_dual_candidate_not_exact_for_a_lt_1_without_linear_combination,zeta(s)/((s-rho_i) zeta'(rho_i) pi^{-rho_i/2} Gamma(rho_i/2))
3.285063478176287077e+01,3,2.15835888668837113620311667695140047e+6,-2.87519662074046740490517284303797886e+6,3.59517297103547829757643157471720392e+6,mpmath_70dps_heuristic_not_certified,zeta_dual_candidate_not_exact_for_a_lt_1_without_linear_combination,zeta(s)/((s-rho_i) zeta'(rho_i) pi^{-rho_i/2} Gamma(rho_i/2))
3.320417466715277044e+01,1,-5.15323302074937597568891448050764542e+2,1.40909857423790201365902940572589883e+3,1.50037225300280251380583065881044792e+3,mpmath_70dps_heuristic_not_certified,zeta_dual_candidate_not_exact_for_a_lt_1_without_linear_combination,zeta(s)/((s-rho_i) zeta'(rho_i) pi^{-rho_i/2} Gamma(rho_i/2))
3.320417466715277044e+01,2,1.38903467276347109329487793054902553e+5,-3.79817246586181345007503178318389222e+5,4.0441972507000609553887938241174392e+5,mpmath_70dps_heuristic_not_certified,zeta_dual_candidate_not_exact_for_a_lt_1_without_linear_combination,zeta(s)/((s-rho_i) zeta'(rho_i) pi^{-rho_i/2} Gamma(rho_i/2))
3.320417466715277044e+01,3,-4.1005730073769219357872210712586238e+6,1.12125951902190555508207954249066976e+7,1.19388856217216400808624484342470017e+7,mpmath_70dps_heuristic_not_certified,zeta_dual_candidate_not_exact_for_a_lt_1_without_linear_combination,zeta(s)/((s-rho_i) zeta'(rho_i) pi^{-rho_i/2} Gamma(rho_i/2))
3.354956272854100519e+01,1,-2.19995511799389271397716092137119526e+2,3.53160182383059082430872103997063995e+3,3.53844732436353087678271877776298826e+3,mpmath_70dps_heuristic_not_certified,zeta_dual_candidate_not_exact_for_a_lt_1_without_linear_combination,zeta(s)/((s-rho_i) zeta'(rho_i) pi^{-rho_i/2} Gamma(rho_i/2))
3.354956272854100519e+01,2,5.87084924942374352807679380260483947e+4,-9.42451132167002056401883558496364745e+5,9.44277937693034270283386281876686124e+5,mpmath_70dps_heuristic_not_certified,zeta_dual_candidate_not_exact_for_a_lt_1_without_linear_combination,zeta(s)/((s-rho_i) zeta'(rho_i) pi^{-rho_i/2} Gamma(rho_i/2))
3.354956272854100519e+01,3,-1.71018045676979709264964719195165109e+6,2.74536347164897707654265859657366055e+7,2.75068496258871806094753734513724962e+7,mpmath_70dps_heuristic_not_certified,zeta_dual_candidate_not_exact_for_a_lt_1_without_linear_combination,zeta(s)/((s-rho_i) zeta'(rho_i) pi^{-rho_i/2} Gamma(rho_i/2))
3.388671417108957939e+01,1,1.20421750646007434461300189789253668e+3,5.35959398388513456419951356771979799e+3,5.49321285542101010387343434839562985e+3,mpmath_70dps_heuristic_not_certified,zeta_dual_candidate_not_exact_for_a_lt_1_without_linear_combination,zeta(s)/((s-rho_i) zeta'(rho_i) pi^{-rho_i/2} Gamma(rho_i/2))
3.388671417108957939e+01,2,-3.18372484813996562481430990313560699e+5,-1.41697595749097427261788482756638892e+6,1.45230227679849824046051690354868319e+6,mpmath_70dps_heuristic_not_certified,zeta_dual_candidate_not_exact_for_a_lt_1_without_linear_combination,zeta(s)/((s-rho_i) zeta'(rho_i) pi^{-rho_i/2} Gamma(rho_i/2))
3.388671417108957939e+01,3,9.16203337216572765652175325471589e+6,4.07773335615780867325766860100130354e+7,4.17939443927572012888937935607814552e+7,mpmath_70dps_heuristic_not_certified,zeta_dual_candidate_not_exact_for_a_lt_1_without_linear_combination,zeta(s)/((s-rho_i) zeta'(rho_i) pi^{-rho_i/2} Gamma(rho_i/2))
3.421554622210014429e+01,1,3.44996472529092923179035270743419454e+3,6.33213907263480732805781452631195975e+3,7.21098064350058525062849651546415401e+3,mpmath_70dps_heuristic_not_certified,zeta_dual_candidate_not_exact_for_a_lt_1_without_linear_combination,zeta(s)/((s-rho_i) zeta'(rho_i) pi^{-rho_i/2} Gamma(rho_i/2))
3.421554622210014429e+01,2,-9.04179052175314374895626371120686808e+5,-1.65954957827993523946252084989524469e+6,1.88987950969413940988239486141706684e+6,mpmath_70dps_heuristic_not_certified,zeta_dual_candidate_not_exact_for_a_lt_1_without_linear_combination,zeta(s)/((s-rho_i) zeta'(rho_i) pi^{-rho_i/2} Gamma(rho_i/2))
3.421554622210014429e+01,3,2.57319910866456175025932352373195096e+7,4.7229047005023797206998010203277663e+7,5.37839961911157807924438955785899835e+7,mpmath_70dps_heuristic_not_certified,zeta_dual_candidate_not_exact_for_a_lt_1_without_linear_combination,zeta(s)/((s-rho_i) zeta'(rho_i) pi^{-rho_i/2} Gamma(rho_i/2))
3.453597815133532833e+01,1,5.97602076181965828328110511495174399e+3,6.14884909831224937682568949019493927e+3,8.57444863414056327738145698720313979e+3,mpmath_70dps_heuristic_not_certified,zeta_dual_candidate_not_exact_for_a_lt_1_without_linear_combination,zeta(s)/((s-rho_i) zeta'(rho_i) pi^{-rho_i/2} Gamma(rho_i/2))
3.453597815133532833e+01,2,-1.55347961587868269673588466381265519e+6,-1.5984067184588467851852596749538503e+6,2.22894660199946437227236791682694363e+6,mpmath_70dps_heuristic_not_certified,zeta_dual_candidate_not_exact_for_a_lt_1_without_linear_combination,zeta(s)/((s-rho_i) zeta'(rho_i) pi^{-rho_i/2} Gamma(rho_i/2))
3.453597815133532833e+01,3,4.37607575400396314679775153373251837e+7,4.5026331946611430147543077431169846e+7,6.27883306757280856299275603889207702e+7,mpmath_70dps_heuristic_not_certified,zeta_dual_candidate_not_exact_for_a_lt_1_without_linear_combination,zeta(s)/((s-rho_i) zeta'(rho_i) pi^{-rho_i/2} Gamma(rho_i/2))
3.484793129083853813e+01,1,8.18785396060024258780233848104418546e+3,4.83212194119124451958501946705369396e+3,9.50738423198825598293955281739300367e+3,mpmath_70dps_heuristic_not_certified,zeta_dual_candidate_not_exact_for_a_lt_1_without_linear_combination,zeta(s)/((s-rho_i) zeta'(rho_i) pi^{-rho_i/2} Gamma(rho_i/2))
3.484793129083853813e+01,2,-2.11223786821792220131592913736349703e+6,-1.2465526372532673230470773499576646e+6,2.4526398613283745502616180427565828e+6,mpmath_70dps_heuristic_not_certified,zeta_dual_candidate_not_exact_for_a_lt_1_without_linear_combination,zeta(s)/((s-rho_i) zeta'(rho_i) pi^{-rho_i/2} Gamma(rho_i/2))
3.484793129083853813e+01,3,5.89437637579173434499353081913185657e+7,3.47860935871095562013443447438630924e+7,6.84429659862890124981645290778417381e+7,mpmath_70dps_heuristic_not_certified,zeta_dual_candidate_not_exact_for_a_lt_1_without_linear_combination,zeta(s)/((s-rho_i) zeta'(rho_i) pi^{-rho_i/2} Gamma(rho_i/2))
3.515132905424752607e+01,1,9.60646531487629759608154470956696238e+3,2.68577985587016179238864126294431371e+3,9.97484783242929027543860390826415176e+3,mpmath_70dps_heuristic_not_certified,zeta_dual_candidate_not_exact_for_a_lt_1_without_linear_combination,zeta(s)/((s-rho_i) zeta'(rho_i) pi^{-rho_i/2} Gamma(rho_i/2))
3.515132905424752607e+01,2,-2.46050581356352521710143847836141395e+6,-6.87909312396808042335603940500555666e+5,2.55485969882147429696134617353301326e+6,mpmath_70dps_heuristic_not_certified,zeta_dual_candidate_not_exact_for_a_lt_1_without_linear_combination,zeta(s)/((s-rho_i) zeta'(rho_i) pi^{-rho_i/2} Gamma(rho_i/2))
3.515132905424752607e+01,3,6.80697858802239168429667694113570404e+7,1.90309810859765482580461458726808653e+7,7.06800819953848697966350924462137837e+7,mpmath_70dps_heuristic_not_certified,zeta_dual_candidate_not_exact_for_a_lt_1_without_linear_combination,zeta(s)/((s-rho_i) zeta'(rho_i) pi^{-rho_i/2} Gamma(rho_i/2))
3.544609695559690721e+01,1,9.97808310443288613815619671202591954e+3,1.82068046974610767824168933400254939e+2,9.97974404545017234639586018985898689e+3,mpmath_70dps_heuristic_not_certified,zeta_dual_candidate_not_exact_for_a_lt_1_without_linear_combination,zeta(s)/((s-rho_i) zeta'(rho_i) pi^{-rho_i/2} Gamma(rho_i/2))
3.544609695559690721e+01,2,-2.53857291163088696421714665559856304e+6,-4.6320822074327265055831997055231072e+4,2.53899547975646473382110533519057292e+6,mpmath_70dps_heuristic_not_certified,zeta_dual_candidate_not_exact_for_a_lt_1_without_linear_combination,zeta(s)/((s-rho_i) zeta'(rho_i) pi^{-rho_i/2} Gamma(rho_i/2))
3.544609695559690721e+01,3,6.96694658366739042591165324637326671e+7,1.27124453122787704784117864878318014e+6,6.96810629412729973696352090985598931e+7,mpmath_70dps_heuristic_not_certified,zeta_dual_candidate_not_exact_for_a_lt_1_without_linear_combination,zeta(s)/((s-rho_i) zeta'(rho_i) pi^{-rho_i/2} Gamma(rho_i/2))
3.573216262760506368e+01,1,9.30549987311438044146986809854663167e+3,-2.1767835499304176906497335187961089e+3,9.55671044406910037795777807500318395e+3,mpmath_70dps_heuristic_not_certified,zeta_dual_candidate_not_exact_for_a_lt_1_without_linear_combination,zeta(s)/((s-rho_i) zeta'(rho_i) pi^{-rho_i/2} Gamma(rho_i/2))
3.573216262760506368e+01,2,-2.3525788450840721752246837496642191e+6,5.50325613854356593617831014784408283e+5,2.41608888569963031248902261515633451e+6,mpmath_70dps_heuristic_not_certified,zeta_dual_candidate_not_exact_for_a_lt_1_without_linear_combination,zeta(s)/((s-rho_i) zeta'(rho_i) pi^{-rho_i/2} Gamma(rho_i/2))
3.573216262760506368e+01,3,6.40885807144591205209009476165116873e+7,-1.49918833098572705785501841408288107e+7,6.58187111934753589136939035955460399e+7,mpmath_70dps_heuristic_not_certified,zeta_dual_candidate_not_exact_for_a_lt_1_without_linear_combination,zeta(s)/((s-rho_i) zeta'(rho_i) pi^{-rho_i/2} Gamma(rho_i/2))
3.600945583944093187e+01,1,7.80884610018565905542359506947606001e+3,-3.97956870193247289403398755240946633e+3,8.76441923174520921267385341555977518e+3,mpmath_70dps_heuristic_not_certified,zeta_dual_candidate_not_exact_for_a_lt_1_without_linear_combination,zeta(s)/((s-rho_i) zeta'(rho_i) pi^{-rho_i/2} Gamma(rho_i/2))
3.600945583944093187e+01,2,-1.96255288712251834733829663007708358e+6,1.00016237293936400363755159288613031e+6,2.20271164862689907339201556748923895e+6,mpmath_70dps_heuristic_not_certified,zeta_dual_candidate_not_exact_for_a_lt_1_without_linear_combination,zeta(s)/((s-rho_i) zeta'(rho_i) pi^{-rho_i/2} Gamma(rho_i/2))
3.600945583944093187e+01,3,5.30980550484223130333778811619807667e+7,-2.70599977631989750459742322695531786e+7,5.95956955565552554316628900472758407e+7,mpmath_70dps_heuristic_not_certified,zeta_dual_candidate_not_exact_for_a_lt_1_without_linear_combination,zeta(s)/((s-rho_i) zeta'(rho_i) pi^{-rho_i/2} Gamma(rho_i/2))
3.627790851396635219e+01,1,5.84135924647664227005563468781125143e+3,-4.98191747049984319066020747163609622e+3,7.67730288117316118738106904067472156e+3,mpmath_70dps_heuristic_not_certified,zeta_dual_candidate_not_exact_for_a_lt_1_without_linear_combination,zeta(s)/((s-rho_i) zeta'(rho_i) pi^{-rho_i/2} Gamma(rho_i/2))
3.627790851396635219e+01,2,-1.4599419364523465556175170981309598e+6,1.24514003200785689054448668744694096e+6,1.91880279266024479861165962421469511e+6,mpmath_70dps_heuristic_not_certified,zeta_dual_candidate_not_exact_for_a_lt_1_without_linear_combination,zeta(s)/((s-rho_i) zeta'(rho_i) pi^{-rho_i/2} Gamma(rho_i/2))
3.627790851396635219e+01,3,3.92491349247570825486112990193961048e+7,-3.34743923003186487379834020997289935e+7,5.15851677540881763845807739811847718e+7,mpmath_70dps_heuristic_not_certified,zeta_dual_candidate_not_exact_for_a_lt_1_without_linear_combination,zeta(s)/((s-rho_i) zeta'(rho_i) pi^{-rho_i/2} Gamma(rho_i/2))
3.653745474444964003e+01,1,3.79146097986700446244878004883656109e+3,-5.1281634481288752242961130478594774e+3,6.37755726846722253335264807451383045e+3,mpmath_70dps_heuristic_not_certified,zeta_dual_candidate_not_exact_for_a_lt_1_without_linear_combination,zeta(s)/((s-rho_i) zeta'(rho_i) pi^{-rho_i/2} Gamma(rho_i/2))
3.653745474444964003e+01,2,-9.42676512716552011338702498461767907e+5,1.2750228108881102609361868435400105e+6,1.58566143167842025548076094343407773e+6,mpmath_70dps_heuristic_not_certified,zeta_dual_candidate_not_exact_for_a_lt_1_without_linear_combination,zeta(s)/((s-rho_i) zeta'(rho_i) pi^{-rho_i/2} Gamma(rho_i/2))
3.653745474444964003e+01,3,2.51937482889811217535648502938288478e+7,-3.40759564144174127412959873703628977e+7,4.237801031674109185132461650639178e+7,mpmath_70dps_heuristic_not_certified,zeta_dual_candidate_not_exact_for_a_lt_1_without_linear_combination,zeta(s)/((s-rho_i) zeta'(rho_i) pi^{-rho_i/2} Gamma(rho_i/2))
3.678803081074654102e+01,1,1.997974691286247122510562732055096e+3,-4.52674710123295891502613071332029597e+3,4.94806448882200512503194778236933896e+3,mpmath_70dps_heuristic_not_certified,zeta_dual_candidate_not_exact_for_a_lt_1_without_linear_combination,zeta(s)/((s-rho_i) zeta'(rho_i) pi^{-rho_i/2} Gamma(rho_i/2))
3.678803081074654102e+01,2,-4.94332138730196364253030807954015262e+5,1.11999245325906416837856104209094858e+6,1.22423337592912697891139352560124176e+6,mpmath_70dps_heuristic_not_certified,zeta_dual_candidate_not_exact_for_a_lt_1_without_linear_combination,zeta(s)/((s-rho_i) zeta'(rho_i) pi^{-rho_i/2} Gamma(rho_i/2))
3.678803081074654102e+01,3,1.31391381299638150856266392572091103e+7,-2.97689233511876712192949001796818475e+7,3.2539602767814416409740783803200093e+7,mpmath_70dps_heuristic_not_certified,zeta_dual_candidate_not_exact_for_a_lt_1_without_linear_combination,zeta(s)/((s-rho_i) zeta'(rho_i) pi^{-rho_i/2} Gamma(rho_i/2))
3.702957519494432859e+01,1,6.94908701155502920144270941296165281e+2,-3.39628547925847198140934896623346961e+3,3.46664869283917731982329090180886257e+3,mpmath_70dps_heuristic_not_certified,zeta_dual_candidate_not_exact_for_a_lt_1_without_linear_combination,zeta(s)/((s-rho_i) zeta'(rho_i) pi^{-rho_i/2} Gamma(rho_i/2))
3.702957519494432859e+01,2,-1.71143195276955866479930159679828033e+5,8.36442467947962947062052363432718407e+5,8.53771629580466482972978495892266466e+5,mpmath_70dps_heuristic_not_certified,zeta_dual_candidate_not_exact_for_a_lt_1_without_linear_combination,zeta(s)/((s-rho_i) zeta'(rho_i) pi^{-rho_i/2} Gamma(rho_i/2))
3.702957519494432859e+01,3,4.52578371655230878609324591074829322e+6,-2.21192416978405914122939113620902325e+7,2.25775014458309792380313010508947414e+7,mpmath_70dps_heuristic_not_certified,zeta_dual_candidate_not_exact_for_a_lt_1_without_linear_combination,zeta(s)/((s-rho_i) zeta'(rho_i) pi^{-rho_i/2} Gamma(rho_i/2))
3.726202859646547694e+01,1,-9.41928836236922481452600706455591689,-2.00183914603634919651001151203200767e+3,2.00186130628392767017010382805513119e+3,mpmath_70dps_heuristic_not_certified,zeta_dual_candidate_not_exact_for_a_lt_1_without_linear_combination,zeta(s)/((s-rho_i) zeta'(rho_i) pi^{-rho_i/2} Gamma(rho_i/2))
3.726202859646547694e+01,2,2.30980820598493784120922949295978006e+3,4.90893187329239319369022243428776198e+5,4.9089862148941514623591875051131482e+5,mpmath_70dps_heuristic_not_certified,zeta_dual_candidate_not_exact_for_a_lt_1_without_linear_combination,zeta(s)/((s-rho_i) zeta'(rho_i) pi^{-rho_i/2} Gamma(rho_i/2))
3.726202859646547694e+01,3,-6.07927602802443464821959826187447815e+4,-1.29200129184691842274829949132250914e+7,1.29201559422908320614917108723680481e+7,mpmath_70dps_heuristic_not_certified,zeta_dual_candidate_not_exact_for_a_lt_1_without_linear_combination,zeta(s)/((s-rho_i) zeta'(rho_i) pi^{-rho_i/2} Gamma(rho_i/2))
3.748533394662714358e+01,1,-1.23514567489490741506594704039871482e+2,-5.9767828112584190289841437507946492e+2,6.10307443926138646794516452533018826e+2,mpmath_70dps_heuristic_not_certified,zeta_dual_candidate_not_exact_for_a_lt_1_without_linear_combination,zeta(s)/((s-rho_i) zeta'(rho_i) pi^{-rho_i/2} Gamma(rho_i/2))
3.748533394662714358e+01,2,3.01660333043614597924039293343088335e+4,1.45971307678098037547691820158730376e+5,1.49055735315934112708355176561951156e+5,mpmath_70dps_heuristic_not_certified,zeta_dual_candidate_not_exact_for_a_lt_1_without_linear_combination,zeta(s)/((s-rho_i) zeta'(rho_i) pi^{-rho_i/2} Gamma(rho_i/2))
3.748533394662714358e+01,3,-7.9046098505437350477590210975943589e+5,-3.82498495883520393704483710936497873e+6,3.90580830356645604411573383946130879e+6,mpmath_70dps_heuristic_not_certified,zeta_dual_candidate_not_exact_for_a_lt_1_without_linear_combination,zeta(s)/((s-rho_i) zeta'(rho_i) pi^{-rho_i/2} Gamma(rho_i/2))
3.769943642265292283e+01,1,2.55928393090468485865870734990541913e+2,6.13362980125893613108830510243865537e+2,6.64615293067189901262104255841100653e+2,mpmath_70dps_heuristic_not_certified,zeta_dual_candidate_not_exact_for_a_lt_1_without_linear_combination,zeta(s)/((s-rho_i) zeta'(rho_i) pi^{-rho_i/2} Gamma(rho_i/2))
3.769943642265292283e+01,2,-6.22688563686196261833018269534272085e+4,-1.49234756058452339422557184918094152e+5,1.61704739847914038209515911303983733e+5,mpmath_70dps_heuristic_not_certified,zeta_dual_candidate_not_exact_for_a_lt_1_without_linear_combination,zeta(s)/((s-rho_i) zeta'(rho_i) pi^{-rho_i/2} Gamma(rho_i/2))
3.769943642265292283e+01,3,1.62500231524568436279085146135002122e+6,3.8945122530357121374925761845237276e+6,4.21993580681023313415840888937839975e+6,mpmath_70dps_heuristic_not_certified,zeta_dual_candidate_not_exact_for_a_lt_1_without_linear_combination,zeta(s)/((s-rho_i) zeta'(rho_i) pi^{-rho_i/2} Gamma(rho_i/2))
3.790428346113369429e+01,1,9.81119149242054161702638076834172997e+2,1.50049751114686909069850165879768537e+3,1.79278765222415582054248391767280381e+3,mpmath_70dps_heuristic_not_certified,zeta_dual_candidate_not_exact_for_a_lt_1_without_linear_combination,zeta(s)/((s-rho_i) zeta'(rho_i) pi^{-rho_i/2} Gamma(rho_i/2))
3.790428346113369429e+01,2,-2.37865388997744866002682239539873876e+5,-3.63784994365696920659745175280573364e+5,4.34648668936991712788126357194738214e+5,mpmath_70dps_heuristic_not_certified,zeta_dual_candidate_not_exact_for_a_lt_1_without_linear_combination,zeta(s)/((s-rho_i) zeta'(rho_i) pi^{-rho_i/2} Gamma(rho_i/2))
3.790428346113369429e+01,3,6.18387795553280520113204446957935251e+6,9.45745834099885279570463273858620429e+6,1.12997285295113775891552594781160517e+7,mpmath_70dps_heuristic_not_certified,zeta_dual_candidate_not_exact_for_a_lt_1_without_linear_combination,zeta(s)/((s-rho_i) zeta'(rho_i) pi^{-rho_i/2} Gamma(rho_i/2))
3.809982477093420528e+01,1,1.88910582155387259242249252441912947e+3,2.00740638555532876050683205242603433e+3,2.75651976263495000953279699378785812e+3,mpmath_70dps_heuristic_not_certified,zeta_dual_candidate_not_exact_for_a_lt_1_without_linear_combination,zeta(s)/((s-rho_i) zeta'(rho_i) pi^{-rho_i/2} Gamma(rho_i/2))
3.809982477093420528e+01,2,-4.56480823908021522226425814058776613e+5,-4.85066802685933166191317448203610557e+5,6.66081485753582684318794401436007463e+5,mpmath_70dps_heuristic_not_certified,zeta_dual_candidate_not_exact_for_a_lt_1_without_linear_combination,zeta(s)/((s-rho_i) zeta'(rho_i) pi^{-rho_i/2} Gamma(rho_i/2))
3.809982477093420528e+01,3,1.18254185137701636105190670469417352e+7,1.25659560018085896486094490011886212e+7,1.72552534975643710796725660659125068e+7,mpmath_70dps_heuristic_not_certified,zeta_dual_candidate_not_exact_for_a_lt_1_without_linear_combination,zeta(s)/((s-rho_i) zeta'(rho_i) pi^{-rho_i/2} Gamma(rho_i/2))
3.828601234554264465e+01,1,2.83020107519411973985510751852689176e+3,2.14145171027615111507480891944544163e+3,3.54906375731327262290709619094419e+3,mpmath_70dps_heuristic_not_certified,zeta_dual_candidate_not_exact_for_a_lt_1_without_linear_combination,zeta(s)/((s-rho_i) zeta'(rho_i) pi^{-rho_i/2} Gamma(rho_i/2))
3.828601234554264465e+01,2,-6.81766082459248434177996180199265626e+5,-5.15853504574932606322031911411975452e+5,8.54932646103814865240950934768958322e+5,mpmath_70dps_heuristic_not_certified,zeta_dual_candidate_not_exact_for_a_lt_1_without_linear_combination,zeta(s)/((s-rho_i) zeta'(rho_i) pi^{-rho_i/2} Gamma(rho_i/2))
3.828601234554264465e+01,3,1.76037160597271647776292134889040757e+7,1.33197277726045888367493371824383756e+7,2.20750077474004547052786516182172591e+7,mpmath_70dps_heuristic_not_certified,zeta_dual_candidate_not_exact_for_a_lt_1_without_linear_combination,zeta(s)/((s-rho_i) zeta'(rho_i) pi^{-rho_i/2} Gamma(rho_i/2))
3.846280047486042974e+01,1,3.68608416642418951574232340319599734e+3,1.9556685170732615006453582394375072e+3,4.17275158985466588493071050929639734e+3,mpmath_70dps_heuristic_not_certified,zeta_dual_candidate_not_exact_for_a_lt_1_without_linear_combination,zeta(s)/((s-rho_i) zeta'(rho_i) pi^{-rho_i/2} Gamma(rho_i/2))
3.846280047486042974e+01,2,-8.85372708642814386582742331366455448e+5,-4.6973846879039806867459766502856203e+5,1.00226696157813247216410726849340435e+6,mpmath_70dps_heuristic_not_certified,zeta_dual_candidate_not_exact_for_a_lt_1_without_linear_combination,zeta(s)/((s-rho_i) zeta'(rho_i) pi^{-rho_i/2} Gamma(rho_i/2))
3.846280047486042974e+01,3,2.27915760625993123830015910659850353e+7,1.20921730887510799260772042028630437e+7,2.58007090876503975214127872254442208e+7,mpmath_70dps_heuristic_not_certified,zeta_dual_candidate_not_exact_for_a_lt_1_without_linear_combination,zeta(s)/((s-rho_i) zeta'(rho_i) pi^{-rho_i/2} Gamma(rho_i/2))
3.863014575642979054e+01,1,4.37767026168470830875876350249116678e+3,1.52893152798978146999663720509728288e+3,4.63698485411801085834394039767865057e+3,mpmath_70dps_heuristic_not_certified,zeta_dual_candidate_not_exact_for_a_lt_1_without_linear_combination,zeta(s)/((s-rho_i) zeta'(rho_i) pi^{-rho_i/2} Gamma(rho_i/2))
3.863014575642979054e+01,2,-1.04865796196511624903121274205819867e+6,-3.66251024925058924309812004611171387e+5,1.11077600552563581699020596607456904e+6,mpmath_70dps_heuristic_not_certified,zeta_dual_candidate_not_exact_for_a_lt_1_without_linear_combination,zeta(s)/((s-rho_i) zeta'(rho_i) pi^{-rho_i/2} Gamma(rho_i/2))
3.863014575642979054e+01,3,2.69190613170856130154869586689783849e+7,9.40166780303440618547006488069454846e+6,2.85136321725526370439719025519400077e+7,mpmath_70dps_heuristic_not_certified,zeta_dual_candidate_not_exact_for_a_lt_1_without_linear_combination,zeta(s)/((s-rho_i) zeta'(rho_i) pi^{-rho_i/2} Gamma(rho_i/2))
3.878800710609750269e+01,1,4.86470633986671785363358724383999378e+3,9.48214329468473239748320130630102119e+2,4.95625646912554202556858214452347976e+3,mpmath_70dps_heuristic_not_certified,zeta_dual_candidate_not_exact_for_a_lt_1_without_linear_combination,zeta(s)/((s-rho_i) zeta'(rho_i) pi^{-rho_i/2} Gamma(rho_i/2))
3.878800710609750269e+01,2,-1.16241463041545971639937450611454114e+6,-2.26574459451120045269000723346766115e+5,1.18429040301755255202137037555248584e+6,mpmath_70dps_heuristic_not_certified,zeta_dual_candidate_not_exact_for_a_lt_1_without_linear_combination,zeta(s)/((s-rho_i) zeta'(rho_i) pi^{-rho_i/2} Gamma(rho_i/2))
3.878800710609750269e+01,3,2.97617437922123561079517426179164015e+7,5.80107204056192105937066065834724809e+6,3.03218375164349161860937869418577308e+7,mpmath_70dps_heuristic_not_certified,zeta_dual_candidate_not_exact_for_a_lt_1_without_linear_combination,zeta(s)/((s-rho_i) zeta'(rho_i) pi^{-rho_i/2} Gamma(rho_i/2))
3.893634576811322034e+01,1,5.13986772509582689191308656150210063e+3,2.9513755522590441730748418012623368e+2,5.14833433335350458790543988926501434e+3,mpmath_70dps_heuristic_not_certified,zeta_dual_candidate_not_exact_for_a_lt_1_without_linear_combination,zeta(s)/((s-rho_i) zeta'(rho_i) pi^{-rho_i/2} Gamma(rho_i/2))
3.893634576811322034e+01,2,-1.22532295426625188942404474045835049e+6,-7.03595579548852946211860539388464826e+4,1.22734135824039681952522101468222125e+6,mpmath_70dps_heuristic_not_certified,zeta_dual_candidate_not_exact_for_a_lt_1_without_linear_combination,zeta(s)/((s-rho_i) zeta'(rho_i) pi^{-rho_i/2} Gamma(rho_i/2))
3.893634576811322034e+01,3,3.12973774193749208648678195788527746e+7,1.79713408020914114249785533219310085e+6,3.13489317877507324951438681775046622e+7,mpmath_70dps_heuristic_not_certified,zeta_dual_candidate_not_exact_for_a_lt_1_without_linear_combination,zeta(s)/((s-rho_i) zeta'(rho_i) pi^{-rho_i/2} Gamma(rho_i/2))
3.907512532466265043e+01,1,5.2201177310323804873275812734677185e+3,-3.62512010473718298482789452685851094e+2,5.23268994720462541551875684765710302e+3,mpmath_70dps_heuristic_not_certified,zeta_dual_candidate_not_exact_for_a_lt_1_without_linear_combination,zeta(s)/((s-rho_i) zeta'(rho_i) pi^{-rho_i/2} Gamma(rho_i/2))
3.907512532466265043e+01,2,-1.24179764023152189617580827595636157e+6,8.6236859465010357559892757539500705e+4,1.24478840580034494274753330048472616e+6,mpmath_70dps_heuristic_not_certified,zeta_dual_candidate_not_exact_for_a_lt_1_without_linear_combination,zeta(s)/((s-rho_i) zeta'(rho_i) pi^{-rho_i/2} Gamma(rho_i/2))
3.907512532466265043e+01,3,3.16484877992014856429579822233036639e+7,-2.19783490175660710209017400275494408e+6,3.1724710530304051475908231931531113e+7,mpmath_70dps_heuristic_not_certified,zeta_dual_candidate_not_exact_for_a_lt_1_without_linear_combination,zeta(s)/((s-rho_i) zeta'(rho_i) pi^{-rho_i/2} Gamma(rho_i/2))
3.920431170483696093e+01,1,5.13757319737943432327276649881143479e+3,-9.74690669552188428583487926954640272e+2,5.22921411492622258323033244810379707e+3,mpmath_70dps_heuristic_not_certified,zeta_dual_candidate_not_exact_for_a_lt_1_without_linear_combination,zeta(s)/((s-rho_i) zeta'(rho_i) pi^{-rho_i/2} Gamma(rho_i/2))
3.920431170483696093e+01,2,-1.21976340740433594234996134175802697e+6,2.31411206533197280260455272501496558e+5,1.24152080794152866666776025539272011e+6,mpmath_70dps_heuristic_not_certified,zeta_dual_candidate_not_exact_for_a_lt_1_without_linear_combination,zeta(s)/((s-rho_i) zeta'(rho_i) pi^{-rho_i/2} Gamma(rho_i/2))
3.920431170483696093e+01,3,3.10244056084081669501886423269279439e+7,-5.88589155096464444064436537873414387e+6,3.15778001561974723845264489078988466e+7,mpmath_70dps_heuristic_not_certified,zeta_dual_candidate_not_exact_for_a_lt_1_without_linear_combination,zeta(s)/((s-rho_i) zeta'(rho_i) pi^{-rho_i/2} Gamma(rho_i/2))
3.932387319304383055e+01,1,4.93139011692120968791019518390007498e+3,-1.50943792840931316613473723130197036e+3,5.15722903747630554807410380128302025e+3,mpmath_70dps_heuristic_not_certified,zeta_dual_candidate_not_exact_for_a_lt_1_without_linear_combination,zeta(s)/((s-rho_i) zeta'(rho_i) pi^{-rho_i/2} Gamma(rho_i/2))
3.932387319304383055e+01,2,-1.16871009725582829961969935183052948e+6,3.57727802158603764318331718216476194e+5,1.22223257683018447633251859141458143e+6,mpmath_70dps_heuristic_not_certified,zeta_dual_candidate_not_exact_for_a_lt_1_without_linear_combination,zeta(s)/((s-rho_i) zeta'(rho_i) pi^{-rho_i/2} Gamma(rho_i/2))
3.932387319304383055e+01,3,2.96714020400760852166192070920164206e+7,-9.08205162570550129250916585750491529e+6,3.10302394569524907920188366360541319e+7,mpmath_70dps_heuristic_not_certified,zeta_dual_candidate_not_exact_for_a_lt_1_without_linear_combination,zeta(s)/((s-rho_i) zeta'(rho_i) pi^{-rho_i/2} Gamma(rho_i/2))
3.943378043687145862e+01,1,4.64146753736791594502648032401514088e+3,-1.95084799688141844743671113610163819e+3,5.03478190266236150495743821703257882e+3,mpmath_70dps_heuristic_not_certified,zeta_dual_candidate_not_exact_for_a_lt_1_without_linear_combination,zeta(s)/((s-rho_i) zeta'(rho_i) pi^{-rho_i/2} Gamma(rho_i/2))
3.943378043687145862e+01,2,-1.09820477438429539617707244111730191e+6,4.61584739530063068726242002277857256e+5,1.19126579664132778344967945551092146e+6,mpmath_70dps_heuristic_not_certified,zeta_dual_candidate_not_exact_for_a_lt_1_without_linear_combination,zeta(s)/((s-rho_i) zeta'(rho_i) pi^{-rho_i/2} Gamma(rho_i/2))
3.943378043687145862e+01,3,2.78350954372605191181120930439427566e+7,-1.16993256420740588724439250132244103e+7,3.01938198722965981712042816177821808e+7,mpmath_70dps_heuristic_not_certified,zeta_dual_candidate_not_exact_for_a_lt_1_without_linear_combination,zeta(s)/((s-rho_i) zeta'(rho_i) pi^{-rho_i/2} Gamma(rho_i/2))
3.953400645443045391e+01,1,4.30419262965141680718562447367716745e+3,-2.29579041571571720371914653457495727e+3,4.87818899039774022765634934989769493e+3,mpmath_70dps_heuristic_not_certified,zeta_dual_candidate_not_exact_for_a_lt_1_without_linear_combination,zeta(s)/((s-rho_i) zeta'(rho_i) pi^{-rho_i/2} Gamma(rho_i/2))
3.953400645443045391e+01,2,-1.01690204958469772284398674822030445e+6,5.42399976031576813882074760264848569e+5,1.15251356280462666333916882433242518e+6,mpmath_70dps_heuristic_not_certified,zeta_dual_candidate_not_exact_for_a_lt_1_without_linear_combination,zeta(s)/((s-rho_i) zeta'(rho_i) pi^{-rho_i/2} Gamma(rho_i/2))
3.953400645443045391e+01,3,2.57358615852147195293431377273183228e+7,-1.37271143397472196884759899807599267e+7,2.91679316995536117070664905341058329e+7,mpmath_70dps_heuristic_not_certified,zeta_dual_candidate_not_exact_for_a_lt_1_without_linear_combination,zeta(s)/((s-rho_i) zeta'(rho_i) pi^{-rho_i/2} Gamma(rho_i/2))
3.962452664122694301e+01,1,3.95006254989511365215424144691139677e+3,-2.55026220589873742066082215709753238e+3,4.70179024063381430308281502532724602e+3,mpmath_70dps_heuristic_not_certified,zeta_dual_candidate_not_exact_for_a_lt_1_without_linear_combination,zeta(s)/((s-rho_i) zeta'(rho_i) pi^{-rho_i/2} Gamma(rho_i/2))
3.962452664122694301e+01,2,-9.32004425532305172975233661060459242e+5,6.01726082091665863307970399520859436e+5,1.10937213192020845182674297036434976e+6,mpmath_70dps_heuristic_not_certified,zeta_dual_candidate_not_exact_for_a_lt_1_without_linear_combination,zeta(s)/((s-rho_i) zeta'(rho_i) pi^{-rho_i/2} Gamma(rho_i/2))
3.962452664122694301e+01,3,2.35557822921995352501057441392720628e+7,-1.52082202626817488665934498330217359e+7,2.80386312603833233830891197040174629e+7,mpmath_70dps_heuristic_not_certified,zeta_dual_candidate_not_exact_for_a_lt_1_without_linear_combination,zeta(s)/((s-rho_i) zeta'(rho_i) pi^{-rho_i/2} Gamma(rho_i/2))
3.970531877668759080e+01,1,3.60281088477462206852111198009035396e+3,-2.72596956022176284560950577412297463e+3,4.51787077224505462380222582926918959e+3,mpmath_70dps_heuristic_not_certified,zeta_dual_candidate_not_exact_for_a_lt_1_without_linear_combination,zeta(s)/((s-rho_i) zeta'(rho_i) pi^{-rho_i/2} Gamma(rho_i/2))
3.970531877668759080e+01,2,-8.49078281681342478205731399759239618e+5,6.4243215204273184074095318691849068e+5,1.06473142078234775958835421105771768e+6,mpmath_70dps_heuristic_not_certified,zeta_dual_candidate_not_exact_for_a_lt_1_without_linear_combination,zeta(s)/((s-rho_i) zeta'(rho_i) pi^{-rho_i/2} Gamma(rho_i/2))
3.970531877668759080e+01,3,2.14345802907659495402085793297007384e+7,-1.62178963252500767820773888821343288e+7,2.68786419570976844806828543679582698e+7,mpmath_70dps_heuristic_not_certified,zeta_dual_candidate_not_exact_for_a_lt_1_without_linear_combination,zeta(s)/((s-rho_i) zeta'(rho_i) pi^{-rho_i/2} Gamma(rho_i/2))
3.977636303062806178e+01,1,3.27959954623519324967204079589007934e+3,-2.83747250976688018540070717556087164e+3,4.33670651847099787519649962289967049e+3,mpmath_70dps_heuristic_not_certified,zeta_dual_candidate_not_exact_for_a_lt_1_without_linear_combination,zeta(s)/((s-rho_i) zeta'(rho_i) pi^{-rho_i/2} Gamma(rho_i/2))
3.977636303062806178e+01,2,-7.72118108334847298583681902920096205e+5,6.68027872246881756450255346770172673e+5,1.02099344332727189275535153004948929e+6,mpmath_70dps_heuristic_not_certified,zeta_dual_candidate_not_exact_for_a_lt_1_without_linear_combination,zeta(s)/((s-rho_i) zeta'(rho_i) pi^{-rho_i/2} Gamma(rho_i/2))
3.977636303062806178e+01,3,1.94717343501572508449217543878235408e+7,-1.68467247775660078717544051283063159e+7,2.57480207847933483304760590445080496e+7,mpmath_70dps_heuristic_not_certified,zeta_dual_candidate_not_exact_for_a_lt_1_without_linear_combination,zeta(s)/((s-rho_i) zeta'(rho_i) pi^{-rho_i/2} Gamma(rho_i/2))
3.983764197044045119e+01,1,2.99186322541592628900127034198677605e+3,-2.90001693112461808231861416920409909e+3,4.16669458448848127477281659477673046e+3,mpmath_70dps_heuristic_not_certified,zeta_dual_candidate_not_exact_for_a_lt_1_without_linear_combination,zeta(s)/((s-rho_i) zeta'(rho_i) pi^{-rho_i/2} Gamma(rho_i/2))
3.983764197044045119e+01,2,-7.03760000028397817199128447365334896e+5,6.82155486986504529154353669491087452e+5,9.80109303121731237498658347584107066e+5,mpmath_70dps_heuristic_not_certified,zeta_dual_candidate_not_exact_for_a_lt_1_without_linear_combination,zeta(s)/((s-rho_i) zeta'(rho_i) pi^{-rho_i/2} Gamma(rho_i/2))
3.983764197044045119e+01,3,1.77322378544826366066613923295353718e+7,-1.71878813068333450282427568598846288e+7,2.4695253048829811819422842606350967e+7,mpmath_70dps_heuristic_not_certified,zeta_dual_candidate_not_exact_for_a_lt_1_without_linear_combination,zeta(s)/((s-rho_i) zeta'(rho_i) pi^{-rho_i/2} Gamma(rho_i/2))
3.988914057133519009e+01,1,2.74646917870952332392972181274502656e+3,-2.92803517391334179619556886533119836e+3,4.01453396165421638388066005819548802e+3,mpmath_70dps_heuristic_not_certified,zeta_dual_candidate_not_exact_for_a_lt_1_without_linear_combination,zeta(s)/((s-rho_i) zeta'(rho_i) pi^{-rho_i/2} Gamma(rho_i/2))
3.988914057133519009e+01,2,-6.45564754929568760249362636295081347e+5,6.88242316398644020959701230282529489e+5,9.43626694667465094591818348712715048e+5,mpmath_70dps_heuristic_not_certified,zeta_dual_candidate_not_exact_for_a_lt_1_without_linear_combination,zeta(s)/((s-rho_i) zeta'(rho_i) pi^{-rho_i/2} Gamma(rho_i/2))
3.988914057133519009e+01,3,1.62539898887421390260313805972704371e+7,-1.73285229193909406163543619152530504e+7,2.37585751650049254466906313736647397e+7,mpmath_70dps_heuristic_not_certified,zeta_dual_candidate_not_exact_for_a_lt_1_without_linear_combination,zeta(s)/((s-rho_i) zeta'(rho_i) pi^{-rho_i/2} Gamma(rho_i/2))
3.993084623795643040e+01,1,2.5469468260629425581180758617987522e+3,-2.93421402920090447556019995196749099e+3,3.88542791773975692110242338034487835e+3,mpmath_70dps_heuristic_not_certified,zeta_dual_candidate_not_exact_for_a_lt_1_without_linear_combination,zeta(s)/((s-rho_i) zeta'(rho_i) pi^{-rho_i/2} Gamma(rho_i/2))
3.993084623795643040e+01,2,-5.98313391396357972642363716122313058e+5,6.89287867704616052035029561455240437e+5,9.12741298993853858747655095478573081e+5,mpmath_70dps_heuristic_not_certified,zeta_dual_candidate_not_exact_for_a_lt_1_without_linear_combination,zeta(s)/((s-rho_i) zeta'(rho_i) pi^{-rho_i/2} Gamma(rho_i/2))
3.993084623795643040e+01,3,1.50553953977813209334966069933357716e+7,-1.73445915475288256812807147422350376e+7,2.29673635085558604234206615314594783e+7,mpmath_70dps_heuristic_not_certified,zeta_dual_candidate_not_exact_for_a_lt_1_without_linear_combination,zeta(s)/((s-rho_i) zeta'(rho_i) pi^{-rho_i/2} Gamma(rho_i/2))
3.996274887492609196e+01,1,2.39462773224569294422942460918599811e+3,-2.92899357641374109508033754096173963e+3,3.7832849941172959293943472849890154e+3,mpmath_70dps_heuristic_not_certified,zeta_dual_candidate_not_exact_for_a_lt_1_without_linear_combination,zeta(s)/((s-rho_i) zeta'(rho_i) pi^{-rho_i/2} Gamma(rho_i/2))
3.996274887492609196e+01,2,-5.62278536148426421497943851375011166e+5,6.87752087039258707289437661041802309e+5,8.88346827224633792541672819158698772e+5,mpmath_70dps_heuristic_not_certified,zeta_dual_candidate_not_exact_for_a_lt_1_without_linear_combination,zeta(s)/((s-rho_i) zeta'(rho_i) pi^{-rho_i/2} Gamma(rho_i/2))
3.996274887492609196e+01,3,1.4142279866264952139059720309541981e+7,-1.72981571733862268335167876708905327e+7,2.23434626101447492146285835418350336e+7,mpmath_70dps_heuristic_not_certified,zeta_dual_candidate_not_exact_for_a_lt_1_without_linear_combination,zeta(s)/((s-rho_i) zeta'(rho_i) pi^{-rho_i/2} Gamma(rho_i/2))
3.998484125123745514e+01,1,2.28960499389081664327079528456129684e+3,-2.92035764221411130709235425806819718e+3,3.7109001315702541910964680559812347e+3,mpmath_70dps_heuristic_not_certified,zeta_dual_candidate_not_exact_for_a_lt_1_without_linear_combination,zeta(s)/((s-rho_i) zeta'(rho_i) pi^{-rho_i/2} Gamma(rho_i/2))
3.998484125123745514e+01,2,-5.37451300824005989012813096670175584e+5,6.85511264112025957817544041619805736e+5,8.71079556631817636290856185151648844e+5,mpmath_70dps_heuristic_not_certified,zeta_dual_candidate_not_exact_for_a_lt_1_without_linear_combination,zeta(s)/((s-rho_i) zeta'(rho_i) pi^{-rho_i/2} Gamma(rho_i/2))
3.998484125123745514e+01,3,1.35136317565790506226854306324350833e+7,-1.7236439420639588252066488345781205e+7,2.19023534615301143446500971134112354e+7,mpmath_70dps_heuristic_not_certified,zeta_dual_candidate_not_exact_for_a_lt_1_without_linear_combination,zeta(s)/((s-rho_i) zeta'(rho_i) pi^{-rho_i/2} Gamma(rho_i/2))
3.999712285140279988e+01,1,2.2314560502770773604311756953295113e+3,-2.91379146977079890881813014296925096e+3,3.67009221050742087970254772787898391e+3,mpmath_70dps_heuristic_not_certified,zeta_dual_candidate_not_exact_for_a_lt_1_without_linear_combination,zeta(s)/((s-rho_i) zeta'(rho_i) pi^{-rho_i/2} Gamma(rho_i/2))
3.999712285140279988e+01,2,-5.2371135772250571373433655687955152e+5,6.83852001729740836027750770296251453e+5,8.61351929513903050194798038314190431e+5,mpmath_70dps_heuristic_not_certified,zeta_dual_candidate_not_exact_for_a_lt_1_without_linear_combination,zeta(s)/((s-rho_i) zeta'(rho_i) pi^{-rho_i/2} Gamma(rho_i/2))
3.999712285140279988e+01,3,1.31658857334590728779249665972190706e+7,-1.71917549249364148102045028582773063e+7,2.16540292912329972913047179576164234e+7,mpmath_70dps_heuristic_not_certified,zeta_dual_candidate_not_exact_for_a_lt_1_without_linear_combination,zeta(s)/((s-rho_i) zeta'(rho_i) pi^{-rho_i/2} Gamma(rho_i/2))
