tau,rho_index,CAND1_real,CAND1_imag,CAND1_abs,error_bound,status,formula
-3.999712285140279988e+01,1,-2.58675277315386480387747822527e-20,0.0,2.58675277315386480387747822527e-20,1.053817494348290369e-9,imported_from_step205_Burnol_boundary_candidate,"K_{1/2}^Gamma(1/2+i tau,rho_i), Burnol 2002 eq.1 + Thm.8"
-3.999712285140279988e+01,2,5.26073661169932278251075281022e-23,0.0,5.26073661169932278251075281022e-23,1.053817494348290369e-9,imported_from_step205_Burnol_boundary_candidate,"K_{1/2}^Gamma(1/2+i tau,rho_i), Burnol 2002 eq.1 + Thm.8"
-3.999712285140279988e+01,3,-4.3652427606939167172064099083e-24,0.0,4.3652427606939167172064099083e-24,1.053817494348290369e-9,imported_from_step205_Burnol_boundary_candidate,"K_{1/2}^Gamma(1/2+i tau,rho_i), Burnol 2002 eq.1 + Thm.8"
-3.998484125123745514e+01,1,-2.61942304709441336887178944518e-20,0.0,2.61942304709441336887178944518e-20,1.0538174944736562566e-9,imported_from_step205_Burnol_boundary_candidate,"K_{1/2}^Gamma(1/2+i tau,rho_i), Burnol 2002 eq.1 + Thm.8"
-3.998484125123745514e+01,2,5.61203889229701019180900166459e-23,0.0,5.61203889229701019180900166459e-23,1.0538174944736562566e-9,imported_from_step205_Burnol_boundary_candidate,"K_{1/2}^Gamma(1/2+i tau,rho_i), Burnol 2002 eq.1 + Thm.8"
-3.998484125123745514e+01,3,-4.27900693146098821082700888782e-24,0.0,4.27900693146098821082700888782e-24,1.0538174944736562566e-9,imported_from_step205_Burnol_boundary_candidate,"K_{1/2}^Gamma(1/2+i tau,rho_i), Burnol 2002 eq.1 + Thm.8"
-3.996274887492609196e+01,1,-2.6765437227342770400537835303e-20,0.0,2.6765437227342770400537835303e-20,1.0538174947032178779e-9,imported_from_step205_Burnol_boundary_candidate,"K_{1/2}^Gamma(1/2+i tau,rho_i), Burnol 2002 eq.1 + Thm.8"
-3.996274887492609196e+01,2,6.25517571487764394737214012896e-23,0.0,6.25517571487764394737214012896e-23,1.0538174947032178779e-9,imported_from_step205_Burnol_boundary_candidate,"K_{1/2}^Gamma(1/2+i tau,rho_i), Burnol 2002 eq.1 + Thm.8"
-3.996274887492609196e+01,3,-4.11378111439926942096344295322e-24,0.0,4.11378111439926942096344295322e-24,1.0538174947032178779e-9,imported_from_step205_Burnol_boundary_candidate,"K_{1/2}^Gamma(1/2+i tau,rho_i), Burnol 2002 eq.1 + Thm.8"
-3.993084623795643040e+01,1,-2.75499043068885442143141395116e-20,0.0,2.75499043068885442143141395116e-20,1.0538174950440997332e-9,imported_from_step205_Burnol_boundary_candidate,"K_{1/2}^Gamma(1/2+i tau,rho_i), Burnol 2002 eq.1 + Thm.8"
-3.993084623795643040e+01,2,7.20840634033677705069543933583e-23,0.0,7.20840634033677705069543933583e-23,1.0538174950440997332e-9,imported_from_step205_Burnol_boundary_candidate,"K_{1/2}^Gamma(1/2+i tau,rho_i), Burnol 2002 eq.1 + Thm.8"
-3.993084623795643040e+01,3,-3.85187874601424511228399552877e-24,0.0,3.85187874601424511228399552877e-24,1.0538174950440997332e-9,imported_from_step205_Burnol_boundary_candidate,"K_{1/2}^Gamma(1/2+i tau,rho_i), Burnol 2002 eq.1 + Thm.8"
-3.988914057133519009e+01,1,-2.84955262593741592961736100696e-20,0.0,2.84955262593741592961736100696e-20,1.0538174955069555074e-9,imported_from_step205_Burnol_boundary_candidate,"K_{1/2}^Gamma(1/2+i tau,rho_i), Burnol 2002 eq.1 + Thm.8"
-3.988914057133519009e+01,2,8.49562168907002331795210389575e-23,0.0,8.49562168907002331795210389575e-23,1.0538174955069555074e-9,imported_from_step205_Burnol_boundary_candidate,"K_{1/2}^Gamma(1/2+i tau,rho_i), Burnol 2002 eq.1 + Thm.8"
-3.988914057133519009e+01,3,-3.467034142311331856383485676e-24,0.0,3.467034142311331856383485676e-24,1.0538174955069555074e-9,imported_from_step205_Burnol_boundary_candidate,"K_{1/2}^Gamma(1/2+i tau,rho_i), Burnol 2002 eq.1 + Thm.8"
-3.983764197044045119e+01,1,-2.95217338301332788380008144884e-20,0.0,2.95217338301332788380008144884e-20,1.0538174961065039802e-9,imported_from_step205_Burnol_boundary_candidate,"K_{1/2}^Gamma(1/2+i tau,rho_i), Burnol 2002 eq.1 + Thm.8"
-3.983764197044045119e+01,2,1.01433485443295168138799788788e-22,0.0,1.01433485443295168138799788788e-22,1.0538174961065039802e-9,imported_from_step205_Burnol_boundary_candidate,"K_{1/2}^Gamma(1/2+i tau,rho_i), Burnol 2002 eq.1 + Thm.8"
-3.983764197044045119e+01,3,-2.92375410777801483208482004087e-24,0.0,2.92375410777801483208482004087e-24,1.0538174961065039802e-9,imported_from_step205_Burnol_boundary_candidate,"K_{1/2}^Gamma(1/2+i tau,rho_i), Burnol 2002 eq.1 + Thm.8"
-3.977636303062806178e+01,1,-3.05091181138974211397468243762e-20,0.0,3.05091181138974211397468243762e-20,1.0538174968622308123e-9,imported_from_step205_Burnol_boundary_candidate,"K_{1/2}^Gamma(1/2+i tau,rho_i), Burnol 2002 eq.1 + Thm.8"
-3.977636303062806178e+01,2,1.2175756133693411755070344745e-22,0.0,1.2175756133693411755070344745e-22,1.0538174968622308123e-9,imported_from_step205_Burnol_boundary_candidate,"K_{1/2}^Gamma(1/2+i tau,rho_i), Burnol 2002 eq.1 + Thm.8"
-3.977636303062806178e+01,3,-2.17687420678766799536000525142e-24,0.0,2.17687420678766799536000525142e-24,1.0538174968622308123e-9,imported_from_step205_Burnol_boundary_candidate,"K_{1/2}^Gamma(1/2+i tau,rho_i), Burnol 2002 eq.1 + Thm.8"
-3.970531877668759080e+01,1,-3.12864022702800933387626057488e-20,0.0,3.12864022702800933387626057488e-20,1.0538174977993316519e-9,imported_from_step205_Burnol_boundary_candidate,"K_{1/2}^Gamma(1/2+i tau,rho_i), Burnol 2002 eq.1 + Thm.8"
-3.970531877668759080e+01,2,1.46069674267035913251833691577e-22,0.0,1.46069674267035913251833691577e-22,1.0538174977993316519e-9,imported_from_step205_Burnol_boundary_candidate,"K_{1/2}^Gamma(1/2+i tau,rho_i), Burnol 2002 eq.1 + Thm.8"
-3.970531877668759080e+01,3,-1.17169184212601622560179583881e-24,0.0,1.17169184212601622560179583881e-24,1.0538174977993316519e-9,imported_from_step205_Burnol_boundary_candidate,"K_{1/2}^Gamma(1/2+i tau,rho_i), Burnol 2002 eq.1 + Thm.8"
-3.962452664122694301e+01,1,-3.16152113207862639872625459667e-20,0.0,3.16152113207862639872625459667e-20,1.0538174989499582642e-9,imported_from_step205_Burnol_boundary_candidate,"K_{1/2}^Gamma(1/2+i tau,rho_i), Burnol 2002 eq.1 + Thm.8"
-3.962452664122694301e+01,2,1.74297103595569989220138403337e-22,0.0,1.74297103595569989220138403337e-22,1.0538174989499582642e-9,imported_from_step205_Burnol_boundary_candidate,"K_{1/2}^Gamma(1/2+i tau,rho_i), Burnol 2002 eq.1 + Thm.8"
-3.962452664122694301e+01,3,1.54726316091426649735965317719e-25,0.0,1.54726316091426649735965317719e-25,1.0538174989499582642e-9,imported_from_step205_Burnol_boundary_candidate,"K_{1/2}^Gamma(1/2+i tau,rho_i), Burnol 2002 eq.1 + Thm.8"
-3.953400645443045391e+01,1,-3.11738436150061458151694634567e-20,0.0,3.11738436150061458151694634567e-20,1.0538175003548477677e-9,imported_from_step205_Burnol_boundary_candidate,"K_{1/2}^Gamma(1/2+i tau,rho_i), Burnol 2002 eq.1 + Thm.8"
-3.953400645443045391e+01,2,2.05992258999900536882011791066e-22,0.0,2.05992258999900536882011791066e-22,1.0538175003548477677e-9,imported_from_step205_Burnol_boundary_candidate,"K_{1/2}^Gamma(1/2+i tau,rho_i), Burnol 2002 eq.1 + Thm.8"
-3.953400645443045391e+01,3,1.87019244180750874330238207329e-24,0.0,1.87019244180750874330238207329e-24,1.0538175003548477677e-9,imported_from_step205_Burnol_boundary_candidate,"K_{1/2}^Gamma(1/2+i tau,rho_i), Burnol 2002 eq.1 + Thm.8"
-3.943378043687145862e+01,1,-2.95425004194359246927117102824e-20,0.0,2.95425004194359246927117102824e-20,1.0538175020654412782e-9,imported_from_step205_Burnol_boundary_candidate,"K_{1/2}^Gamma(1/2+i tau,rho_i), Burnol 2002 eq.1 + Thm.8"
-3.943378043687145862e+01,2,2.40114044191772499157699293526e-22,0.0,2.40114044191772499157699293526e-22,1.0538175020654412782e-9,imported_from_step205_Burnol_boundary_candidate,"K_{1/2}^Gamma(1/2+i tau,rho_i), Burnol 2002 eq.1 + Thm.8"
-3.943378043687145862e+01,3,4.0407982656372890202383691746e-24,0.0,4.0407982656372890202383691746e-24,1.0538175020654412782e-9,imported_from_step205_Burnol_boundary_candidate,"K_{1/2}^Gamma(1/2+i tau,rho_i), Burnol 2002 eq.1 + Thm.8"
-3.932387319304383055e+01,1,-2.61943341913373341222573575894e-20,0.0,2.61943341913373341222573575894e-20,1.0538175041466328754e-9,imported_from_step205_Burnol_boundary_candidate,"K_{1/2}^Gamma(1/2+i tau,rho_i), Burnol 2002 eq.1 + Thm.8"
-3.932387319304383055e+01,2,2.74745018489045334649449935477e-22,0.0,2.74745018489045334649449935477e-22,1.0538175041466328754e-9,imported_from_step205_Burnol_boundary_candidate,"K_{1/2}^Gamma(1/2+i tau,rho_i), Burnol 2002 eq.1 + Thm.8"
-3.932387319304383055e+01,3,6.71950094921338556727523295381e-24,0.0,6.71950094921338556727523295381e-24,1.0538175041466328754e-9,imported_from_step205_Burnol_boundary_candidate,"K_{1/2}^Gamma(1/2+i tau,rho_i), Burnol 2002 eq.1 + Thm.8"
-3.920431170483696093e+01,1,-2.04993540463998016966571752031e-20,0.0,2.04993540463998016966571752031e-20,1.0538175066803354524e-9,imported_from_step205_Burnol_boundary_candidate,"K_{1/2}^Gamma(1/2+i tau,rho_i), Burnol 2002 eq.1 + Thm.8"
-3.920431170483696093e+01,2,3.06747268286462237432130370855e-22,0.0,3.06747268286462237432130370855e-22,1.0538175066803354524e-9,imported_from_step205_Burnol_boundary_candidate,"K_{1/2}^Gamma(1/2+i tau,rho_i), Burnol 2002 eq.1 + Thm.8"
-3.920431170483696093e+01,3,9.92800604048131844779732848767e-24,0.0,9.92800604048131844779732848767e-24,1.0538175066803354524e-9,imported_from_step205_Burnol_boundary_candidate,"K_{1/2}^Gamma(1/2+i tau,rho_i), Burnol 2002 eq.1 + Thm.8"
-3.907512532466265043e+01,1,-1.17516848164833195645978854645e-20,0.0,1.17516848164833195645978854645e-20,1.0538175097701104587e-9,imported_from_step205_Burnol_boundary_candidate,"K_{1/2}^Gamma(1/2+i tau,rho_i), Burnol 2002 eq.1 + Thm.8"
-3.907512532466265043e+01,2,3.31378127445376702251984348611e-22,0.0,3.31378127445376702251984348611e-22,1.0538175097701104587e-9,imported_from_step205_Burnol_boundary_candidate,"K_{1/2}^Gamma(1/2+i tau,rho_i), Burnol 2002 eq.1 + Thm.8"
-3.907512532466265043e+01,3,1.3629934051113800964761728625e-23,0.0,1.3629934051113800964761728625e-23,1.0538175097701104587e-9,imported_from_step205_Burnol_boundary_candidate,"K_{1/2}^Gamma(1/2+i tau,rho_i), Burnol 2002 eq.1 + Thm.8"
-3.893634576811322034e+01,1,7.65339690538203790126123805428e-22,0.0,7.65339690538203790126123805428e-22,1.0538175135471888861e-9,imported_from_step205_Burnol_boundary_candidate,"K_{1/2}^Gamma(1/2+i tau,rho_i), Burnol 2002 eq.1 + Thm.8"
-3.893634576811322034e+01,2,3.419179694271245191046961615e-22,0.0,3.419179694271245191046961615e-22,1.0538175135471888861e-9,imported_from_step205_Burnol_boundary_candidate,"K_{1/2}^Gamma(1/2+i tau,rho_i), Burnol 2002 eq.1 + Thm.8"
-3.893634576811322034e+01,3,1.76935923301398812205370364681e-23,0.0,1.76935923301398812205370364681e-23,1.0538175135471888861e-9,imported_from_step205_Burnol_boundary_candidate,"K_{1/2}^Gamma(1/2+i tau,rho_i), Burnol 2002 eq.1 + Thm.8"
-3.878800710609750269e+01,1,1.76579864629721050658446764786e-20,0.0,1.76579864629721050658446764786e-20,1.0538175181783179519e-9,imported_from_step205_Burnol_boundary_candidate,"K_{1/2}^Gamma(1/2+i tau,rho_i), Burnol 2002 eq.1 + Thm.8"
-3.878800710609750269e+01,2,3.29410525468655908753990336061e-22,0.0,3.29410525468655908753990336061e-22,1.0538175181783179519e-9,imported_from_step205_Burnol_boundary_candidate,"K_{1/2}^Gamma(1/2+i tau,rho_i), Burnol 2002 eq.1 + Thm.8"
-3.878800710609750269e+01,3,2.18438883937177797033463672727e-23,0.0,2.18438883937177797033463672727e-23,1.0538175181783179519e-9,imported_from_step205_Burnol_boundary_candidate,"K_{1/2}^Gamma(1/2+i tau,rho_i), Burnol 2002 eq.1 + Thm.8"
-3.863014575642979054e+01,1,3.9224483500210422839281068541e-20,0.0,3.9224483500210422839281068541e-20,1.0538175238760110672e-9,imported_from_step205_Burnol_boundary_candidate,"K_{1/2}^Gamma(1/2+i tau,rho_i), Burnol 2002 eq.1 + Thm.8"
-3.863014575642979054e+01,2,2.826847523388570779103760158e-22,0.0,2.826847523388570779103760158e-22,1.0538175238760110672e-9,imported_from_step205_Burnol_boundary_candidate,"K_{1/2}^Gamma(1/2+i tau,rho_i), Burnol 2002 eq.1 + Thm.8"
-3.863014575642979054e+01,3,2.56056107485377157149547753033e-23,0.0,2.56056107485377157149547753033e-23,1.0538175238760110672e-9,imported_from_step205_Burnol_boundary_candidate,"K_{1/2}^Gamma(1/2+i tau,rho_i), Burnol 2002 eq.1 + Thm.8"
-3.846280047486042974e+01,1,6.51627624989019566962897149726e-20,0.0,6.51627624989019566962897149726e-20,1.0538175309119703663e-9,imported_from_step205_Burnol_boundary_candidate,"K_{1/2}^Gamma(1/2+i tau,rho_i), Burnol 2002 eq.1 + Thm.8"
-3.846280047486042974e+01,2,1.88915477594769094078388404495e-22,0.0,1.88915477594769094078388404495e-22,1.0538175309119703663e-9,imported_from_step205_Burnol_boundary_candidate,"K_{1/2}^Gamma(1/2+i tau,rho_i), Burnol 2002 eq.1 + Thm.8"
-3.846280047486042974e+01,3,2.82452129926338936901526337222e-23,0.0,2.82452129926338936901526337222e-23,1.0538175309119703663e-9,imported_from_step205_Burnol_boundary_candidate,"K_{1/2}^Gamma(1/2+i tau,rho_i), Burnol 2002 eq.1 + Thm.8"
-3.828601234554264465e+01,1,9.41758423114223891631074996517e-20,0.0,9.41758423114223891631074996517e-20,1.0538175396347082202e-9,imported_from_step205_Burnol_boundary_candidate,"K_{1/2}^Gamma(1/2+i tau,rho_i), Burnol 2002 eq.1 + Thm.8"
-3.828601234554264465e+01,2,3.50783158273716159127009528513e-23,0.0,3.50783158273716159127009528513e-23,1.0538175396347082202e-9,imported_from_step205_Burnol_boundary_candidate,"K_{1/2}^Gamma(1/2+i tau,rho_i), Burnol 2002 eq.1 + Thm.8"
-3.828601234554264465e+01,3,2.87261180074908793204958645731e-23,0.0,2.87261180074908793204958645731e-23,1.0538175396347082202e-9,imported_from_step205_Burnol_boundary_candidate,"K_{1/2}^Gamma(1/2+i tau,rho_i), Burnol 2002 eq.1 + Thm.8"
-3.809982477093420528e+01,1,1.23491228821527274174838677422e-19,0.0,1.23491228821527274174838677422e-19,1.0538175504927396265e-9,imported_from_step205_Burnol_boundary_candidate,"K_{1/2}^Gamma(1/2+i tau,rho_i), Burnol 2002 eq.1 + Thm.8"
-3.809982477093420528e+01,2,-1.8926360370423431118173129669e-22,0.0,1.8926360370423431118173129669e-22,1.0538175504927396265e-9,imported_from_step205_Burnol_boundary_candidate,"K_{1/2}^Gamma(1/2+i tau,rho_i), Burnol 2002 eq.1 + Thm.8"
-3.809982477093420528e+01,3,2.57038327545189748627321714279e-23,0.0,2.57038327545189748627321714279e-23,1.0538175504927396265e-9,imported_from_step205_Burnol_boundary_candidate,"K_{1/2}^Gamma(1/2+i tau,rho_i), Burnol 2002 eq.1 + Thm.8"
-3.790428346113369429e+01,1,1.48355060357654859848006229092e-19,0.0,1.48355060357654859848006229092e-19,1.0538175640651820204e-9,imported_from_step205_Burnol_boundary_candidate,"K_{1/2}^Gamma(1/2+i tau,rho_i), Burnol 2002 eq.1 + Thm.8"
-3.790428346113369429e+01,2,-4.87391256284071231043731396499e-22,0.0,4.87391256284071231043731396499e-22,1.0538175640651820204e-9,imported_from_step205_Burnol_boundary_candidate,"K_{1/2}^Gamma(1/2+i tau,rho_i), Burnol 2002 eq.1 + Thm.8"
-3.790428346113369429e+01,3,1.76013035982958535460111048078e-23,0.0,1.76013035982958535460111048078e-23,1.0538175640651820204e-9,imported_from_step205_Burnol_boundary_candidate,"K_{1/2}^Gamma(1/2+i tau,rho_i), Burnol 2002 eq.1 + Thm.8"
-3.769943642265292283e+01,1,1.6163258569307660324424859809e-19,0.0,1.6163258569307660324424859809e-19,1.0538175811022245635e-9,imported_from_step205_Burnol_boundary_candidate,"K_{1/2}^Gamma(1/2+i tau,rho_i), Burnol 2002 eq.1 + Thm.8"
-3.769943642265292283e+01,2,-8.48778879039709574421555055383e-22,0.0,8.48778879039709574421555055383e-22,1.0538175811022245635e-9,imported_from_step205_Burnol_boundary_candidate,"K_{1/2}^Gamma(1/2+i tau,rho_i), Burnol 2002 eq.1 + Thm.8"
-3.769943642265292283e+01,3,2.81952770941724974570324678199e-24,0.0,2.81952770941724974570324678199e-24,1.0538175811022245635e-9,imported_from_step205_Burnol_boundary_candidate,"K_{1/2}^Gamma(1/2+i tau,rho_i), Burnol 2002 eq.1 + Thm.8"
-3.748533394662714358e+01,1,1.53746709963406668510612964363e-19,0.0,1.53746709963406668510612964363e-19,1.0538176025787714868e-9,imported_from_step205_Burnol_boundary_candidate,"K_{1/2}^Gamma(1/2+i tau,rho_i), Burnol 2002 eq.1 + Thm.8"
-3.748533394662714358e+01,2,-1.24050411378258607363437974645e-21,0.0,1.24050411378258607363437974645e-21,1.0538176025787714868e-9,imported_from_step205_Burnol_boundary_candidate,"K_{1/2}^Gamma(1/2+i tau,rho_i), Burnol 2002 eq.1 + Thm.8"
-3.748533394662714358e+01,3,-1.98520521076335377363321054654e-23,0.0,1.98520521076335377363321054654e-23,1.0538176025787714868e-9,imported_from_step205_Burnol_boundary_candidate,"K_{1/2}^Gamma(1/2+i tau,rho_i), Burnol 2002 eq.1 + Thm.8"
-3.726202859646547694e+01,1,1.13308772710786583680005597766e-19,0.0,1.13308772710786583680005597766e-19,1.0538176297656992173e-9,imported_from_step205_Burnol_boundary_candidate,"K_{1/2}^Gamma(1/2+i tau,rho_i), Burnol 2002 eq.1 + Thm.8"
-3.726202859646547694e+01,2,-1.59776286294461078939909329885e-21,0.0,1.59776286294461078939909329885e-21,1.0538176297656992173e-9,imported_from_step205_Burnol_boundary_candidate,"K_{1/2}^Gamma(1/2+i tau,rho_i), Burnol 2002 eq.1 + Thm.8"
-3.726202859646547694e+01,3,-5.05662678584944960679705265854e-23,0.0,5.05662678584944960679705265854e-23,1.0538176297656992173e-9,imported_from_step205_Burnol_boundary_candidate,"K_{1/2}^Gamma(1/2+i tau,rho_i), Burnol 2002 eq.1 + Thm.8"
-3.702957519494432859e+01,1,2.89128208669346551733503414104e-20,0.0,2.89128208669346551733503414104e-20,1.0538176643246962782e-9,imported_from_step205_Burnol_boundary_candidate,"K_{1/2}^Gamma(1/2+i tau,rho_i), Burnol 2002 eq.1 + Thm.8"
-3.702957519494432859e+01,2,-1.8160234287640482678689184424e-21,0.0,1.8160234287640482678689184424e-21,1.0538176643246962782e-9,imported_from_step205_Burnol_boundary_candidate,"K_{1/2}^Gamma(1/2+i tau,rho_i), Burnol 2002 eq.1 + Thm.8"
-3.702957519494432859e+01,3,-8.74663897126614958274244283709e-23,0.0,8.74663897126614958274244283709e-23,1.0538176643246962782e-9,imported_from_step205_Burnol_boundary_candidate,"K_{1/2}^Gamma(1/2+i tau,rho_i), Burnol 2002 eq.1 + Thm.8"
-3.678803081074654102e+01,1,-1.07387177070767898508287660079e-19,0.0,1.07387177070767898508287660079e-19,1.0538177084347140303e-9,imported_from_step205_Burnol_boundary_candidate,"K_{1/2}^Gamma(1/2+i tau,rho_i), Burnol 2002 eq.1 + Thm.8"
-3.678803081074654102e+01,2,-1.74943714280651565842991160626e-21,0.0,1.74943714280651565842991160626e-21,1.0538177084347140303e-9,imported_from_step205_Burnol_boundary_candidate,"K_{1/2}^Gamma(1/2+i tau,rho_i), Burnol 2002 eq.1 + Thm.8"
-3.678803081074654102e+01,3,-1.25513572572370650544756016841e-22,0.0,1.25513572572370650544756016841e-22,1.0538177084347140303e-9,imported_from_step205_Burnol_boundary_candidate,"K_{1/2}^Gamma(1/2+i tau,rho_i), Burnol 2002 eq.1 + Thm.8"
-3.653745474444964003e+01,1,-2.94533481704392352408838388174e-19,0.0,2.94533481704392352408838388174e-19,1.0538177649608255248e-9,imported_from_step205_Burnol_boundary_candidate,"K_{1/2}^Gamma(1/2+i tau,rho_i), Burnol 2002 eq.1 + Thm.8"
-3.653745474444964003e+01,2,-1.22250370311364841103742698088e-21,0.0,1.22250370311364841103742698088e-21,1.0538177649608255248e-9,imported_from_step205_Burnol_boundary_candidate,"K_{1/2}^Gamma(1/2+i tau,rho_i), Burnol 2002 eq.1 + Thm.8"
-3.653745474444964003e+01,3,-1.55313704330755902834090687285e-22,0.0,1.55313704330755902834090687285e-22,1.0538177649608255248e-9,imported_from_step205_Burnol_boundary_candidate,"K_{1/2}^Gamma(1/2+i tau,rho_i), Burnol 2002 eq.1 + Thm.8"
-3.627790851396635219e+01,1,-5.14958578250748740237598653504e-19,0.0,5.14958578250748740237598653504e-19,1.0538178376800070289e-9,imported_from_step205_Burnol_boundary_candidate,"K_{1/2}^Gamma(1/2+i tau,rho_i), Burnol 2002 eq.1 + Thm.8"
-3.627790851396635219e+01,2,-6.38919707521112878573835358884e-23,0.0,6.38919707521112878573835358884e-23,1.0538178376800070289e-9,imported_from_step205_Burnol_boundary_candidate,"K_{1/2}^Gamma(1/2+i tau,rho_i), Burnol 2002 eq.1 + Thm.8"
-3.627790851396635219e+01,3,-1.62412814019563271583262049981e-22,0.0,1.62412814019563271583262049981e-22,1.0538178376800070289e-9,imported_from_step205_Burnol_boundary_candidate,"K_{1/2}^Gamma(1/2+i tau,rho_i), Burnol 2002 eq.1 + Thm.8"
-3.600945583944093187e+01,1,-7.2624831679029850086698534703e-19,0.0,7.2624831679029850086698534703e-19,1.0538179315833337515e-9,imported_from_step205_Burnol_boundary_candidate,"K_{1/2}^Gamma(1/2+i tau,rho_i), Burnol 2002 eq.1 + Thm.8"
-3.600945583944093187e+01,2,1.82868802438052792357601575334e-21,0.0,1.82868802438052792357601575334e-21,1.0538179315833337515e-9,imported_from_step205_Burnol_boundary_candidate,"K_{1/2}^Gamma(1/2+i tau,rho_i), Burnol 2002 eq.1 + Thm.8"
-3.600945583944093187e+01,3,-1.27865652883312127282576258253e-22,0.0,1.27865652883312127282576258253e-22,1.0538179315833337515e-9,imported_from_step205_Burnol_boundary_candidate,"K_{1/2}^Gamma(1/2+i tau,rho_i), Burnol 2002 eq.1 + Thm.8"
-3.573216262760506368e+01,1,-8.54774939995271488483647763644e-19,0.0,8.54774939995271488483647763644e-19,1.0538180532807220885e-9,imported_from_step205_Burnol_boundary_candidate,"K_{1/2}^Gamma(1/2+i tau,rho_i), Burnol 2002 eq.1 + Thm.8"
-3.573216262760506368e+01,2,4.38776810615849987094926676917e-21,0.0,4.38776810615849987094926676917e-21,1.0538180532807220885e-9,imported_from_step205_Burnol_boundary_candidate,"K_{1/2}^Gamma(1/2+i tau,rho_i), Burnol 2002 eq.1 + Thm.8"
-3.573216262760506368e+01,3,-3.12411252843145536354070152592e-23,0.0,3.12411252843145536354070152592e-23,1.0538180532807220885e-9,imported_from_step205_Burnol_boundary_candidate,"K_{1/2}^Gamma(1/2+i tau,rho_i), Burnol 2002 eq.1 + Thm.8"
-3.544609695559690721e+01,1,-7.96265340626514955314199893933e-19,0.0,7.96265340626514955314199893933e-19,1.0538182115431711013e-9,imported_from_step205_Burnol_boundary_candidate,"K_{1/2}^Gamma(1/2+i tau,rho_i), Burnol 2002 eq.1 + Thm.8"
-3.544609695559690721e+01,2,7.2459174166915205641740008076e-21,0.0,7.2459174166915205641740008076e-21,1.0538182115431711013e-9,imported_from_step205_Burnol_boundary_candidate,"K_{1/2}^Gamma(1/2+i tau,rho_i), Burnol 2002 eq.1 + Thm.8"
-3.544609695559690721e+01,3,1.42568591187730817931320986027e-22,0.0,1.42568591187730817931320986027e-22,1.0538182115431711013e-9,imported_from_step205_Burnol_boundary_candidate,"K_{1/2}^Gamma(1/2+i tau,rho_i), Burnol 2002 eq.1 + Thm.8"
-3.515132905424752607e+01,1,-4.30334308336353606462507890491e-19,0.0,4.30334308336353606462507890491e-19,1.0538184180290980535e-9,imported_from_step205_Burnol_boundary_candidate,"K_{1/2}^Gamma(1/2+i tau,rho_i), Burnol 2002 eq.1 + Thm.8"
-3.515132905424752607e+01,2,9.60398631978384518381284129465e-21,0.0,9.60398631978384518381284129465e-21,1.0538184180290980535e-9,imported_from_step205_Burnol_boundary_candidate,"K_{1/2}^Gamma(1/2+i tau,rho_i), Burnol 2002 eq.1 + Thm.8"
-3.515132905424752607e+01,3,3.91678696114977016615124824678e-22,0.0,3.91678696114977016615124824678e-22,1.0538184180290980535e-9,imported_from_step205_Burnol_boundary_candidate,"K_{1/2}^Gamma(1/2+i tau,rho_i), Burnol 2002 eq.1 + Thm.8"
-3.484793129083853813e+01,1,3.43212808127108200467623371952e-19,0.0,3.43212808127108200467623371952e-19,1.0538186882565994793e-9,imported_from_step205_Burnol_boundary_candidate,"K_{1/2}^Gamma(1/2+i tau,rho_i), Burnol 2002 eq.1 + Thm.8"
-3.484793129083853813e+01,2,1.01600520543384264368835087219e-20,0.0,1.01600520543384264368835087219e-20,1.0538186882565994793e-9,imported_from_step205_Burnol_boundary_candidate,"K_{1/2}^Gamma(1/2+i tau,rho_i), Burnol 2002 eq.1 + Thm.8"
-3.484793129083853813e+01,3,6.80986052944870624953027278554e-22,0.0,6.80986052944870624953027278554e-22,1.0538186882565994793e-9,imported_from_step205_Burnol_boundary_candidate,"K_{1/2}^Gamma(1/2+i tau,rho_i), Burnol 2002 eq.1 + Thm.8"
-3.453597815133532833e+01,1,1.54085696127017167348936898612e-18,0.0,1.54085696127017167348936898612e-18,1.0538190429031917557e-9,imported_from_step205_Burnol_boundary_candidate,"K_{1/2}^Gamma(1/2+i tau,rho_i), Burnol 2002 eq.1 + Thm.8"
-3.453597815133532833e+01,2,7.20543031050246959531594855718e-21,0.0,7.20543031050246959531594855718e-21,1.0538190429031917557e-9,imported_from_step205_Burnol_boundary_candidate,"K_{1/2}^Gamma(1/2+i tau,rho_i), Burnol 2002 eq.1 + Thm.8"
-3.453597815133532833e+01,3,9.24657502240055741590726806285e-22,0.0,9.24657502240055741590726806285e-22,1.0538190429031917557e-9,imported_from_step205_Burnol_boundary_candidate,"K_{1/2}^Gamma(1/2+i tau,rho_i), Burnol 2002 eq.1 + Thm.8"
-3.421554622210014429e+01,1,3.00712722026167877916427692375e-18,0.0,3.00712722026167877916427692375e-18,1.0538195095397504487e-9,imported_from_step205_Burnol_boundary_candidate,"K_{1/2}^Gamma(1/2+i tau,rho_i), Burnol 2002 eq.1 + Thm.8"
-3.421554622210014429e+01,2,-9.68026066168498883993035801568e-22,0.0,9.68026066168498883993035801568e-22,1.0538195095397504487e-9,imported_from_step205_Burnol_boundary_candidate,"K_{1/2}^Gamma(1/2+i tau,rho_i), Burnol 2002 eq.1 + Thm.8"
-3.421554622210014429e+01,3,9.75367993839752638946251058043e-22,0.0,9.75367993839752638946251058043e-22,1.0538195095397504487e-9,imported_from_step205_Burnol_boundary_candidate,"K_{1/2}^Gamma(1/2+i tau,rho_i), Burnol 2002 eq.1 + Thm.8"
-3.388671417108957939e+01,1,4.32058260887620502019396031525e-18,0.0,4.32058260887620502019396031525e-18,1.0538201249368469815e-9,imported_from_step205_Burnol_boundary_candidate,"K_{1/2}^Gamma(1/2+i tau,rho_i), Burnol 2002 eq.1 + Thm.8"
-3.388671417108957939e+01,2,-1.52110678354847817641720087619e-20,0.0,1.52110678354847817641720087619e-20,1.0538201249368469815e-9,imported_from_step205_Burnol_boundary_candidate,"K_{1/2}^Gamma(1/2+i tau,rho_i), Burnol 2002 eq.1 + Thm.8"
-3.388671417108957939e+01,3,6.34198524248323726004218624879e-22,0.0,6.34198524248323726004218624879e-22,1.0538201249368469815e-9,imported_from_step205_Burnol_boundary_candidate,"K_{1/2}^Gamma(1/2+i tau,rho_i), Burnol 2002 eq.1 + Thm.8"
-3.354956272854100519e+01,1,4.73970021616395608647363460584e-18,0.0,4.73970021616395608647363460584e-18,1.0538209381199350188e-9,imported_from_step205_Burnol_boundary_candidate,"K_{1/2}^Gamma(1/2+i tau,rho_i), Burnol 2002 eq.1 + Thm.8"
-3.354956272854100519e+01,2,-3.41800822772793587661025677284e-20,0.0,3.41800822772793587661025677284e-20,1.0538209381199350188e-9,imported_from_step205_Burnol_boundary_candidate,"K_{1/2}^Gamma(1/2+i tau,rho_i), Burnol 2002 eq.1 + Thm.8"
-3.354956272854100519e+01,3,-2.99944904151657434322010829427e-22,0.0,2.99944904151657434322010829427e-22,1.0538209381199350188e-9,imported_from_step205_Burnol_boundary_candidate,"K_{1/2}^Gamma(1/2+i tau,rho_i), Burnol 2002 eq.1 + Thm.8"
-3.320417466715277044e+01,1,3.2679131550154997480899159551e-18,0.0,3.2679131550154997480899159551e-18,1.0538220143943582588e-9,imported_from_step205_Burnol_boundary_candidate,"K_{1/2}^Gamma(1/2+i tau,rho_i), Burnol 2002 eq.1 + Thm.8"
-3.320417466715277044e+01,2,-5.27549399406799617452129540713e-20,0.0,5.27549399406799617452129540713e-20,1.0538220143943582588e-9,imported_from_step205_Burnol_boundary_candidate,"K_{1/2}^Gamma(1/2+i tau,rho_i), Burnol 2002 eq.1 + Thm.8"
-3.320417466715277044e+01,3,-1.92230375488598238008906642232e-21,0.0,1.92230375488598238008906642232e-21,1.0538220143943582588e-9,imported_from_step205_Burnol_boundary_candidate,"K_{1/2}^Gamma(1/2+i tau,rho_i), Burnol 2002 eq.1 + Thm.8"
-3.285063478176287077e+01,1,-1.05898679282700508737209209157e-18,0.0,1.05898679282700508737209209157e-18,1.053823440609518036e-9,imported_from_step205_Burnol_boundary_candidate,"K_{1/2}^Gamma(1/2+i tau,rho_i), Burnol 2002 eq.1 + Thm.8"
-3.285063478176287077e+01,2,-6.08821416569849575862918016238e-20,0.0,6.08821416569849575862918016238e-20,1.053823440609518036e-9,imported_from_step205_Burnol_boundary_candidate,"K_{1/2}^Gamma(1/2+i tau,rho_i), Burnol 2002 eq.1 + Thm.8"
-3.285063478176287077e+01,3,-4.0474872713935026563452754326e-21,0.0,4.0474872713935026563452754326e-21,1.053823440609518036e-9,imported_from_step205_Burnol_boundary_candidate,"K_{1/2}^Gamma(1/2+i tau,rho_i), Burnol 2002 eq.1 + Thm.8"
-3.248902986853133257e+01,1,-8.57981697243260470314015857865e-18,0.0,8.57981697243260470314015857865e-18,1.0538253319777003275e-9,imported_from_step205_Burnol_boundary_candidate,"K_{1/2}^Gamma(1/2+i tau,rho_i), Burnol 2002 eq.1 + Thm.8"
-3.248902986853133257e+01,2,-4.40502202030203876053709349769e-20,0.0,4.40502202030203876053709349769e-20,1.0538253319777003275e-9,imported_from_step205_Burnol_boundary_candidate,"K_{1/2}^Gamma(1/2+i tau,rho_i), Burnol 2002 eq.1 + Thm.8"
-3.248902986853133257e+01,3,-5.99208496205919083944763606479e-21,0.0,5.99208496205919083944763606479e-21,1.0538253319777003275e-9,imported_from_step205_Burnol_boundary_candidate,"K_{1/2}^Gamma(1/2+i tau,rho_i), Burnol 2002 eq.1 + Thm.8"
-3.211944870363112869e+01,1,-1.81335097414762081790576130205e-17,0.0,1.81335097414762081790576130205e-17,1.0538278407943512099e-9,imported_from_step205_Burnol_boundary_candidate,"K_{1/2}^Gamma(1/2+i tau,rho_i), Burnol 2002 eq.1 + Thm.8"
-3.211944870363112869e+01,2,1.29375646325914807489621704822e-20,0.0,1.29375646325914807489621704822e-20,1.0538278407943512099e-9,imported_from_step205_Burnol_boundary_candidate,"K_{1/2}^Gamma(1/2+i tau,rho_i), Burnol 2002 eq.1 + Thm.8"
-3.211944870363112869e+01,3,-6.40395568959483282591026186902e-21,0.0,6.40395568959483282591026186902e-21,1.0538278407943512099e-9,imported_from_step205_Burnol_boundary_candidate,"K_{1/2}^Gamma(1/2+i tau,rho_i), Burnol 2002 eq.1 + Thm.8"
-3.174198202145310432e+01,1,-2.61482182078044150017697917262e-17,0.0,2.61482182078044150017697917262e-17,1.0538311673993727681e-9,imported_from_step205_Burnol_boundary_candidate,"K_{1/2}^Gamma(1/2+i tau,rho_i), Burnol 2002 eq.1 + Thm.8"
-3.174198202145310432e+01,2,1.17222775917481830660220644727e-19,0.0,1.17222775917481830660220644727e-19,1.0538311673993727681e-9,imported_from_step205_Burnol_boundary_candidate,"K_{1/2}^Gamma(1/2+i tau,rho_i), Burnol 2002 eq.1 + Thm.8"
-3.174198202145310432e+01,3,-3.32536573792789244395040384951e-21,0.0,3.32536573792789244395040384951e-21,1.0538311673993727681e-9,imported_from_step205_Burnol_boundary_candidate,"K_{1/2}^Gamma(1/2+i tau,rho_i), Burnol 2002 eq.1 + Thm.8"
-3.135672249233006781e+01,1,-2.62537716885374239220909832733e-17,0.0,2.62537716885374239220909832733e-17,1.0538355736324891228e-9,imported_from_step205_Burnol_boundary_candidate,"K_{1/2}^Gamma(1/2+i tau,rho_i), Burnol 2002 eq.1 + Thm.8"
-3.135672249233006781e+01,2,2.53716772951079727161881603772e-19,0.0,2.53716772951079727161881603772e-19,1.0538355736324891228e-9,imported_from_step205_Burnol_boundary_candidate,"K_{1/2}^Gamma(1/2+i tau,rho_i), Burnol 2002 eq.1 + Thm.8"
-3.135672249233006781e+01,3,5.22788806544763565128476456946e-21,0.0,5.22788806544763565128476456946e-21,1.0538355736324891228e-9,imported_from_step205_Burnol_boundary_candidate,"K_{1/2}^Gamma(1/2+i tau,rho_i), Burnol 2002 eq.1 + Thm.8"
-3.096376469978567769e+01,1,-1.03065362812568804577181902974e-17,0.0,1.03065362812568804577181902974e-17,1.0538413988025872422e-9,imported_from_step205_Burnol_boundary_candidate,"K_{1/2}^Gamma(1/2+i tau,rho_i), Burnol 2002 eq.1 + Thm.8"
-3.096376469978567769e+01,2,3.68566406986914477388186704987e-19,0.0,3.68566406986914477388186704987e-19,1.0538413988025872422e-9,imported_from_step205_Burnol_boundary_candidate,"K_{1/2}^Gamma(1/2+i tau,rho_i), Burnol 2002 eq.1 + Thm.8"
-3.096376469978567769e+01,3,1.98836184283088437530262304233e-20,0.0,1.98836184283088437530262304233e-20,1.0538413988025872422e-9,imported_from_step205_Burnol_boundary_candidate,"K_{1/2}^Gamma(1/2+i tau,rho_i), Burnol 2002 eq.1 + Thm.8"
-3.056320511731357215e+01,1,2.81212750317086301264237431648e-17,0.0,2.81212750317086301264237431648e-17,1.0538490777064415374e-9,imported_from_step205_Burnol_boundary_candidate,"K_{1/2}^Gamma(1/2+i tau,rho_i), Burnol 2002 eq.1 + Thm.8"
-3.056320511731357215e+01,2,3.59809131774929132582122884592e-19,0.0,3.59809131774929132582122884592e-19,1.0538490777064415374e-9,imported_from_step205_Burnol_boundary_candidate,"K_{1/2}^Gamma(1/2+i tau,rho_i), Burnol 2002 eq.1 + Thm.8"
-3.056320511731357215e+01,3,3.76406963127806278653064535623e-20,0.0,3.76406963127806278653064535623e-20,1.0538490777064415374e-9,imported_from_step205_Burnol_boundary_candidate,"K_{1/2}^Gamma(1/2+i tau,rho_i), Burnol 2002 eq.1 + Thm.8"
-3.015514208469253532e+01,1,8.71485591320425632010091090603e-17,0.0,8.71485591320425632010091090603e-17,1.0538591593506883902e-9,imported_from_step205_Burnol_boundary_candidate,"K_{1/2}^Gamma(1/2+i tau,rho_i), Burnol 2002 eq.1 + Thm.8"
-3.015514208469253532e+01,2,9.23576020286293085914705661473e-20,0.0,9.23576020286293085914705661473e-20,1.0538591593506883902e-9,imported_from_step205_Burnol_boundary_candidate,"K_{1/2}^Gamma(1/2+i tau,rho_i), Burnol 2002 eq.1 + Thm.8"
-3.015514208469253532e+01,3,4.91480191666681805332020976149e-20,0.0,4.91480191666681805332020976149e-20,1.0538591593506883902e-9,imported_from_step205_Burnol_boundary_candidate,"K_{1/2}^Gamma(1/2+i tau,rho_i), Burnol 2002 eq.1 + Thm.8"
-2.973967578384348087e+01,1,1.47906341074937888129085626143e-16,0.0,1.47906341074937888129085626143e-16,1.0538723235867737082e-9,imported_from_step205_Burnol_boundary_candidate,"K_{1/2}^Gamma(1/2+i tau,rho_i), Burnol 2002 eq.1 + Thm.8"
-2.973967578384348087e+01,2,-5.42022861857848909397909864033e-19,0.0,5.42022861857848909397909864033e-19,1.0538723235867737082e-9,imported_from_step205_Burnol_boundary_candidate,"K_{1/2}^Gamma(1/2+i tau,rho_i), Burnol 2002 eq.1 + Thm.8"
-2.973967578384348087e+01,3,3.69613515627133401495285973641e-20,0.0,3.69613515627133401495285973641e-20,1.0538723235867737082e-9,imported_from_step205_Burnol_boundary_candidate,"K_{1/2}^Gamma(1/2+i tau,rho_i), Burnol 2002 eq.1 + Thm.8"
-2.931690821423418214e+01,1,1.68080248796601206984010807748e-16,0.0,1.68080248796601206984010807748e-16,1.0538893907769423519e-9,imported_from_step205_Burnol_boundary_candidate,"K_{1/2}^Gamma(1/2+i tau,rho_i), Burnol 2002 eq.1 + Thm.8"
-2.931690821423418214e+01,2,-1.5065335389509946627290097682e-18,0.0,1.5065335389509946627290097682e-18,1.0538893907769423519e-9,imported_from_step205_Burnol_boundary_candidate,"K_{1/2}^Gamma(1/2+i tau,rho_i), Burnol 2002 eq.1 + Thm.8"
-2.931690821423418214e+01,3,-2.22367022365668596603488340487e-20,0.0,2.22367022365668596603488340487e-20,1.0538893907769423519e-9,imported_from_step205_Burnol_boundary_candidate,"K_{1/2}^Gamma(1/2+i tau,rho_i), Burnol 2002 eq.1 + Thm.8"
-2.888694316783775307e+01,1,8.59356092306293005413619546572e-17,0.0,8.59356092306293005413619546572e-17,1.0539113172253790002e-9,imported_from_step205_Burnol_boundary_candidate,"K_{1/2}^Gamma(1/2+i tau,rho_i), Burnol 2002 eq.1 + Thm.8"
-2.888694316783775307e+01,2,-2.4558116620417919888178180514e-18,0.0,2.4558116620417919888178180514e-18,1.0539113172253790002e-9,imported_from_step205_Burnol_boundary_candidate,"K_{1/2}^Gamma(1/2+i tau,rho_i), Burnol 2002 eq.1 + Thm.8"
-2.888694316783775307e+01,3,-1.46644944457727571872790882983e-19,0.0,1.46644944457727571872790882983e-19,1.0539113172253790002e-9,imported_from_step205_Burnol_boundary_candidate,"K_{1/2}^Gamma(1/2+i tau,rho_i), Burnol 2002 eq.1 + Thm.8"
-2.844988620365111487e+01,1,-1.54942712977141225980037314403e-16,0.0,1.54942712977141225980037314403e-16,1.053939168314436757e-9,imported_from_step205_Burnol_boundary_candidate,"K_{1/2}^Gamma(1/2+i tau,rho_i), Burnol 2002 eq.1 + Thm.8"
-2.844988620365111487e+01,2,-2.59593048292663224044261544582e-18,0.0,2.59593048292663224044261544582e-18,1.053939168314436757e-9,imported_from_step205_Burnol_boundary_candidate,"K_{1/2}^Gamma(1/2+i tau,rho_i), Burnol 2002 eq.1 + Thm.8"
-2.844988620365111487e+01,3,-3.24122612840760381894361637229e-19,0.0,3.24122612840760381894361637229e-19,1.053939168314436757e-9,imported_from_step205_Burnol_boundary_candidate,"K_{1/2}^Gamma(1/2+i tau,rho_i), Burnol 2002 eq.1 + Thm.8"
-2.800584462177960532e+01,1,-5.53247259350939940758976267692e-16,0.0,5.53247259350939940758976267692e-16,1.0539740685858696983e-9,imported_from_step205_Burnol_boundary_candidate,"K_{1/2}^Gamma(1/2+i tau,rho_i), Burnol 2002 eq.1 + Thm.8"
-2.800584462177960532e+01,2,-7.29825849774459344181567990677e-19,0.0,7.29825849774459344181567990677e-19,1.0539740685858696983e-9,imported_from_step205_Burnol_boundary_candidate,"K_{1/2}^Gamma(1/2+i tau,rho_i), Burnol 2002 eq.1 + Thm.8"
-2.800584462177960532e+01,3,-4.70125834707243860454621478054e-19,0.0,4.70125834707243860454621478054e-19,1.0539740685858696983e-9,imported_from_step205_Burnol_boundary_candidate,"K_{1/2}^Gamma(1/2+i tau,rho_i), Burnol 2002 eq.1 + Thm.8"
-2.755492743709415038e+01,1,-9.75558654371770942756709934297e-16,0.0,9.75558654371770942756709934297e-16,1.0540171633055477126e-9,imported_from_step205_Burnol_boundary_candidate,"K_{1/2}^Gamma(1/2+i tau,rho_i), Burnol 2002 eq.1 + Thm.8"
-2.755492743709415038e+01,2,4.25829781068211864576996193977e-18,0.0,4.25829781068211864576996193977e-18,1.0540171633055477126e-9,imported_from_step205_Burnol_boundary_candidate,"K_{1/2}^Gamma(1/2+i tau,rho_i), Burnol 2002 eq.1 + Thm.8"
-2.755492743709415038e+01,3,-3.73830283202802826213628912037e-19,0.0,3.73830283202802826213628912037e-19,1.0540171633055477126e-9,imported_from_step205_Burnol_boundary_candidate,"K_{1/2}^Gamma(1/2+i tau,rho_i), Burnol 2002 eq.1 + Thm.8"
-2.709724535246746058e+01,1,-1.09387153410601561508330469563e-15,0.0,1.09387153410601561508330469563e-15,1.0540697466355689672e-9,imported_from_step205_Burnol_boundary_candidate,"K_{1/2}^Gamma(1/2+i tau,rho_i), Burnol 2002 eq.1 + Thm.8"
-2.709724535246746058e+01,2,1.22523001195393058036802176483e-17,0.0,1.22523001195393058036802176483e-17,1.0540697466355689672e-9,imported_from_step205_Burnol_boundary_candidate,"K_{1/2}^Gamma(1/2+i tau,rho_i), Burnol 2002 eq.1 + Thm.8"
-2.709724535246746058e+01,3,3.50204992196829525174547664471e-19,0.0,3.50204992196829525174547664471e-19,1.0540697466355689672e-9,imported_from_step205_Burnol_boundary_candidate,"K_{1/2}^Gamma(1/2+i tau,rho_i), Burnol 2002 eq.1 + Thm.8"
-2.663291073159579980e+01,1,-4.12173288382289723081278360169e-16,0.0,4.12173288382289723081278360169e-16,1.0541340701803976701e-9,imported_from_step205_Burnol_boundary_candidate,"K_{1/2}^Gamma(1/2+i tau,rho_i), Burnol 2002 eq.1 + Thm.8"
-2.663291073159579980e+01,2,2.01340457993128919393326025619e-17,0.0,2.01340457993128919393326025619e-17,1.0541340701803976701e-9,imported_from_step205_Burnol_boundary_candidate,"K_{1/2}^Gamma(1/2+i tau,rho_i), Burnol 2002 eq.1 + Thm.8"
-2.663291073159579980e+01,3,2.26879173943266849432344258526e-18,0.0,2.26879173943266849432344258526e-18,1.0541340701803976701e-9,imported_from_step205_Burnol_boundary_candidate,"K_{1/2}^Gamma(1/2+i tau,rho_i), Burnol 2002 eq.1 + Thm.8"
-2.616203757141302333e+01,1,1.5117282666097155684992980125e-15,0.0,1.5117282666097155684992980125e-15,1.0542162739813875992e-9,imported_from_step205_Burnol_boundary_candidate,"K_{1/2}^Gamma(1/2+i tau,rho_i), Burnol 2002 eq.1 + Thm.8"
-2.616203757141302333e+01,2,2.00288753315044701983921281797e-17,0.0,2.00288753315044701983921281797e-17,1.0542162739813875992e-9,imported_from_step205_Burnol_boundary_candidate,"K_{1/2}^Gamma(1/2+i tau,rho_i), Burnol 2002 eq.1 + Thm.8"
-2.616203757141302333e+01,3,6.03479542535735805409688425537e-18,0.0,6.03479542535735805409688425537e-18,1.0542162739813875992e-9,imported_from_step205_Burnol_boundary_candidate,"K_{1/2}^Gamma(1/2+i tau,rho_i), Burnol 2002 eq.1 + Thm.8"
-2.568474147410363884e+01,1,4.58212532302224182196201464655e-15,0.0,4.58212532302224182196201464655e-15,1.0543346173390407562e-9,imported_from_step205_Burnol_boundary_candidate,"K_{1/2}^Gamma(1/2+i tau,rho_i), Burnol 2002 eq.1 + Thm.8"
-2.568474147410363884e+01,2,-7.80252146883526561228973713123e-19,0.0,7.80252146883526561228973713123e-19,1.0543346173390407562e-9,imported_from_step205_Burnol_boundary_candidate,"K_{1/2}^Gamma(1/2+i tau,rho_i), Burnol 2002 eq.1 + Thm.8"
-2.568474147410363884e+01,3,1.21219362363481019376706259424e-17,0.0,1.21219362363481019376706259424e-17,1.0543346173390407562e-9,imported_from_step205_Burnol_boundary_candidate,"K_{1/2}^Gamma(1/2+i tau,rho_i), Burnol 2002 eq.1 + Thm.8"
-2.520113961872178265e+01,1,7.49470020947149395332435965784e-15,0.0,7.49470020947149395332435965784e-15,1.0545365641457039777e-9,imported_from_step205_Burnol_boundary_candidate,"K_{1/2}^Gamma(1/2+i tau,rho_i), Burnol 2002 eq.1 + Thm.8"
-2.520113961872178265e+01,2,-5.51046385192334657010062184846e-17,0.0,5.51046385192334657010062184846e-17,1.0545365641457039777e-9,imported_from_step205_Burnol_boundary_candidate,"K_{1/2}^Gamma(1/2+i tau,rho_i), Burnol 2002 eq.1 + Thm.8"
-2.520113961872178265e+01,3,2.03744636532413093530397989412e-17,0.0,2.03744636532413093530397989412e-17,1.0545365641457039777e-9,imported_from_step205_Burnol_boundary_candidate,"K_{1/2}^Gamma(1/2+i tau,rho_i), Burnol 2002 eq.1 + Thm.8"
-2.471135073242303193e+01,1,7.22234014659183923619235310583e-15,0.0,7.22234014659183923619235310583e-15,1.0549207191477435226e-9,imported_from_step205_Burnol_boundary_candidate,"K_{1/2}^Gamma(1/2+i tau,rho_i), Burnol 2002 eq.1 + Thm.8"
-2.471135073242303193e+01,2,-1.42043346090371172146311709197e-16,0.0,1.42043346090371172146311709197e-16,1.0549207191477435226e-9,imported_from_step205_Burnol_boundary_candidate,"K_{1/2}^Gamma(1/2+i tau,rho_i), Burnol 2002 eq.1 + Thm.8"
-2.471135073242303193e+01,3,2.94675253072366624668977561222e-17,0.0,2.94675253072366624668977561222e-17,1.0549207191477435226e-9,imported_from_step205_Burnol_boundary_candidate,"K_{1/2}^Gamma(1/2+i tau,rho_i), Burnol 2002 eq.1 + Thm.8"
-2.421549506131619367e+01,1,-5.81229021381016484671305978813e-16,0.0,5.81229021381016484671305978813e-16,1.0556541074884452835e-9,imported_from_step205_Burnol_boundary_candidate,"K_{1/2}^Gamma(1/2+i tau,rho_i), Burnol 2002 eq.1 + Thm.8"
-2.421549506131619367e+01,2,-2.21403822450363508865534874894e-16,0.0,2.21403822450363508865534874894e-16,1.0556541074884452835e-9,imported_from_step205_Burnol_boundary_candidate,"K_{1/2}^Gamma(1/2+i tau,rho_i), Burnol 2002 eq.1 + Thm.8"
-2.421549506131619367e+01,3,3.64834525329172599550740734651e-17,0.0,3.64834525329172599550740734651e-17,1.0556541074884452835e-9,imported_from_step205_Burnol_boundary_candidate,"K_{1/2}^Gamma(1/2+i tau,rho_i), Burnol 2002 eq.1 + Thm.8"
-2.371369434094216899e+01,1,-1.91624403419660965501079834654e-14,0.0,1.91624403419660965501079834654e-14,1.0569991003589851808e-9,imported_from_step205_Burnol_boundary_candidate,"K_{1/2}^Gamma(1/2+i tau,rho_i), Burnol 2002 eq.1 + Thm.8"
-2.371369434094216899e+01,2,-1.78432183159675038317207689746e-16,0.0,1.78432183159675038317207689746e-16,1.0569991003589851808e-9,imported_from_step205_Burnol_boundary_candidate,"K_{1/2}^Gamma(1/2+i tau,rho_i), Burnol 2002 eq.1 + Thm.8"
-2.371369434094216899e+01,3,3.69415188165689588701817703042e-17,0.0,3.69415188165689588701817703042e-17,1.0569991003589851808e-9,imported_from_step205_Burnol_boundary_candidate,"K_{1/2}^Gamma(1/2+i tau,rho_i), Burnol 2002 eq.1 + Thm.8"
-2.320607176638711877e+01,1,-4.55985464089026532341824154861e-14,0.0,4.55985464089026532341824154861e-14,1.0593759107716718091e-9,imported_from_step205_Burnol_boundary_candidate,"K_{1/2}^Gamma(1/2+i tau,rho_i), Burnol 2002 eq.1 + Thm.8"
-2.320607176638711877e+01,2,2.11315910294969559879585727678e-16,0.0,2.11315910294969559879585727678e-16,1.0593759107716718091e-9,imported_from_step205_Burnol_boundary_candidate,"K_{1/2}^Gamma(1/2+i tau,rho_i), Burnol 2002 eq.1 + Thm.8"
-2.320607176638711877e+01,3,2.5839677982804861110438071561e-17,0.0,2.5839677982804861110438071561e-17,1.0593759107716718091e-9,imported_from_step205_Burnol_boundary_candidate,"K_{1/2}^Gamma(1/2+i tau,rho_i), Burnol 2002 eq.1 + Thm.8"
-2.269275196203734168e+01,1,-6.42004439132823308022513902819e-14,0.0,6.42004439132823308022513902819e-14,1.0634696588013272648e-9,imported_from_step205_Burnol_boundary_candidate,"K_{1/2}^Gamma(1/2+i tau,rho_i), Burnol 2002 eq.1 + Thm.8"
-2.269275196203734168e+01,2,1.29214517321949709781046616721e-15,0.0,1.29214517321949709781046616721e-15,1.0634696588013272648e-9,imported_from_step205_Burnol_boundary_candidate,"K_{1/2}^Gamma(1/2+i tau,rho_i), Burnol 2002 eq.1 + Thm.8"
-2.269275196203734168e+01,3,2.2293750207729170928517541563e-19,0.0,2.2293750207729170928517541563e-19,1.0634696588013272648e-9,imported_from_step205_Burnol_boundary_candidate,"K_{1/2}^Gamma(1/2+i tau,rho_i), Burnol 2002 eq.1 + Thm.8"
-2.217386095098323651e+01,1,-4.24510231074127927408157499047e-14,0.0,4.24510231074127927408157499047e-14,1.0703970972544550771e-9,imported_from_step205_Burnol_boundary_candidate,"K_{1/2}^Gamma(1/2+i tau,rho_i), Burnol 2002 eq.1 + Thm.8"
-2.217386095098323651e+01,2,3.4683369770859898483492159493e-15,0.0,3.4683369770859898483492159493e-15,1.0703970972544550771e-9,imported_from_step205_Burnol_boundary_candidate,"K_{1/2}^Gamma(1/2+i tau,rho_i), Burnol 2002 eq.1 + Thm.8"
-2.217386095098323651e+01,3,-3.70624971468273248061992554884e-17,0.0,3.70624971468273248061992554884e-17,1.0703970972544550771e-9,imported_from_step205_Burnol_boundary_candidate,"K_{1/2}^Gamma(1/2+i tau,rho_i), Burnol 2002 eq.1 + Thm.8"
-2.164952612407989818e+01,1,6.19674025946228475295838889832e-14,0.0,6.19674025946228475295838889832e-14,1.0819677984078295613e-9,imported_from_step205_Burnol_boundary_candidate,"K_{1/2}^Gamma(1/2+i tau,rho_i), Burnol 2002 eq.1 + Thm.8"
-2.164952612407989818e+01,2,7.03334464459847812102923706314e-15,0.0,7.03334464459847812102923706314e-15,1.0819677984078295613e-9,imported_from_step205_Burnol_boundary_candidate,"K_{1/2}^Gamma(1/2+i tau,rho_i), Burnol 2002 eq.1 + Thm.8"
-2.164952612407989818e+01,3,-7.39379882645387343093667672872e-17,0.0,7.39379882645387343093667672872e-17,1.0819677984078295613e-9,imported_from_step205_Burnol_boundary_candidate,"K_{1/2}^Gamma(1/2+i tau,rho_i), Burnol 2002 eq.1 + Thm.8"
-2.111987620867185456e+01,1,2.7057047090619355504428756151e-13,0.0,2.7057047090619355504428756151e-13,1.1010950676794312831e-9,imported_from_step205_Burnol_boundary_candidate,"K_{1/2}^Gamma(1/2+i tau,rho_i), Burnol 2002 eq.1 + Thm.8"
-2.111987620867185456e+01,2,1.18898670160069092375413405351e-14,0.0,1.18898670160069092375413405351e-14,1.1010950676794312831e-9,imported_from_step205_Burnol_boundary_candidate,"K_{1/2}^Gamma(1/2+i tau,rho_i), Burnol 2002 eq.1 + Thm.8"
-2.111987620867185456e+01,3,-8.81803738860225733302165590268e-17,0.0,8.81803738860225733302165590268e-17,1.1010950676794312831e-9,imported_from_step205_Burnol_boundary_candidate,"K_{1/2}^Gamma(1/2+i tau,rho_i), Burnol 2002 eq.1 + Thm.8"
-2.058504123698975619e+01,1,5.2320656116044446109048870379e-13,0.0,5.2320656116044446109048870379e-13,1.1324400648795287221e-9,imported_from_step205_Burnol_boundary_candidate,"K_{1/2}^Gamma(1/2+i tau,rho_i), Burnol 2002 eq.1 + Thm.8"
-2.058504123698975619e+01,2,1.71960037778628403598899067114e-14,0.0,1.71960037778628403598899067114e-14,1.1324400648795287221e-9,imported_from_step205_Burnol_boundary_candidate,"K_{1/2}^Gamma(1/2+i tau,rho_i), Burnol 2002 eq.1 + Thm.8"
-2.058504123698975619e+01,3,-5.23077056898510754406417537433e-17,0.0,5.23077056898510754406417537433e-17,1.1324400648795287221e-9,imported_from_step205_Burnol_boundary_candidate,"K_{1/2}^Gamma(1/2+i tau,rho_i), Burnol 2002 eq.1 + Thm.8"
-2.004515251422669309e+01,1,6.01130563358918126267342028373e-13,0.0,6.01130563358918126267342028373e-13,1.1834151755537718173e-9,imported_from_step205_Burnol_boundary_candidate,"K_{1/2}^Gamma(1/2+i tau,rho_i), Burnol 2002 eq.1 + Thm.8"
-2.004515251422669309e+01,2,2.10402793996183036188956545629e-14,0.0,2.10402793996183036188956545629e-14,1.1834151755537718173e-9,imported_from_step205_Burnol_boundary_candidate,"K_{1/2}^Gamma(1/2+i tau,rho_i), Burnol 2002 eq.1 + Thm.8"
-2.004515251422669309e+01,3,5.20956446200699122005316503323e-17,0.0,5.20956446200699122005316503323e-17,1.1834151755537718173e-9,imported_from_step205_Burnol_boundary_candidate,"K_{1/2}^Gamma(1/2+i tau,rho_i), Burnol 2002 eq.1 + Thm.8"
-1.950034258630195083e+01,1,8.3299521511392532007430390566e-14,0.0,8.3299521511392532007430390566e-14,1.2657355824908998602e-9,imported_from_step205_Burnol_boundary_candidate,"K_{1/2}^Gamma(1/2+i tau,rho_i), Burnol 2002 eq.1 + Thm.8"
-1.950034258630195083e+01,2,2.04800865222952672323174034154e-14,0.0,2.04800865222952672323174034154e-14,1.2657355824908998602e-9,imported_from_step205_Burnol_boundary_candidate,"K_{1/2}^Gamma(1/2+i tau,rho_i), Burnol 2002 eq.1 + Thm.8"
-1.950034258630195083e+01,3,2.12001446181655355810246325677e-16,0.0,2.12001446181655355810246325677e-16,1.2657355824908998602e-9,imported_from_step205_Burnol_boundary_candidate,"K_{1/2}^Gamma(1/2+i tau,rho_i), Burnol 2002 eq.1 + Thm.8"
-1.895074520732021739e+01,1,-1.54861211486950571237627874715e-12,0.0,1.54861211486950571237627874715e-12,1.3977987044056570222e-9,imported_from_step205_Burnol_boundary_candidate,"K_{1/2}^Gamma(1/2+i tau,rho_i), Burnol 2002 eq.1 + Thm.8"
-1.895074520732021739e+01,2,1.23806376856568129204668488801e-14,0.0,1.23806376856568129204668488801e-14,1.3977987044056570222e-9,imported_from_step205_Burnol_boundary_candidate,"K_{1/2}^Gamma(1/2+i tau,rho_i), Burnol 2002 eq.1 + Thm.8"
-1.895074520732021739e+01,3,3.61479399280974223677648090609e-16,0.0,3.61479399280974223677648090609e-16,1.3977987044056570222e-9,imported_from_step205_Burnol_boundary_candidate,"K_{1/2}^Gamma(1/2+i tau,rho_i), Burnol 2002 eq.1 + Thm.8"
-1.839649530673413125e+01,1,-4.46785292513543443873956679555e-12,0.0,4.46785292513543443873956679555e-12,1.6082986604835626999e-9,imported_from_step205_Burnol_boundary_candidate,"K_{1/2}^Gamma(1/2+i tau,rho_i), Burnol 2002 eq.1 + Thm.8"
-1.839649530673413125e+01,2,-4.89980768311903584118310076459e-15,0.0,4.89980768311903584118310076459e-15,1.6082986604835626999e-9,imported_from_step205_Burnol_boundary_candidate,"K_{1/2}^Gamma(1/2+i tau,rho_i), Burnol 2002 eq.1 + Thm.8"
-1.839649530673413125e+01,3,3.74906090902669814252282117277e-16,0.0,3.74906090902669814252282117277e-16,1.6082986604835626999e-9,imported_from_step205_Burnol_boundary_candidate,"K_{1/2}^Gamma(1/2+i tau,rho_i), Burnol 2002 eq.1 + Thm.8"
-1.783772895621830656e+01,1,-7.55745323406204170474893475758e-12,0.0,7.55745323406204170474893475758e-12,1.9416560007394690071e-9,imported_from_step205_Burnol_boundary_candidate,"K_{1/2}^Gamma(1/2+i tau,rho_i), Burnol 2002 eq.1 + Thm.8"
-1.783772895621830656e+01,2,-2.91908205481434090493910749096e-14,0.0,2.91908205481434090493910749096e-14,1.9416560007394690071e-9,imported_from_step205_Burnol_boundary_candidate,"K_{1/2}^Gamma(1/2+i tau,rho_i), Burnol 2002 eq.1 + Thm.8"
-1.783772895621830656e+01,3,9.78847860832533808809273188269e-17,0.0,9.78847860832533808809273188269e-17,1.9416560007394690071e-9,imported_from_step205_Burnol_boundary_candidate,"K_{1/2}^Gamma(1/2+i tau,rho_i), Burnol 2002 eq.1 + Thm.8"
-1.727458333626289999e+01,1,-6.88787236188842636820537758738e-12,0.0,6.88787236188842636820537758738e-12,2.4660665621894218164e-9,imported_from_step205_Burnol_boundary_candidate,"K_{1/2}^Gamma(1/2+i tau,rho_i), Burnol 2002 eq.1 + Thm.8"
-1.727458333626289999e+01,2,-5.20101010432930375636025270769e-14,0.0,5.20101010432930375636025270769e-14,2.4660665621894218164e-9,imported_from_step205_Burnol_boundary_candidate,"K_{1/2}^Gamma(1/2+i tau,rho_i), Burnol 2002 eq.1 + Thm.8"
-1.727458333626289999e+01,3,-5.62046767863154286307609055046e-16,0.0,5.62046767863154286307609055046e-16,2.4660665621894218164e-9,imported_from_step205_Burnol_boundary_candidate,"K_{1/2}^Gamma(1/2+i tau,rho_i), Burnol 2002 eq.1 + Thm.8"
-1.670719670249499345e+01,1,6.22204100352602789473118055308e-12,0.0,6.22204100352602789473118055308e-12,3.285240185743492667e-9,imported_from_step205_Burnol_boundary_candidate,"K_{1/2}^Gamma(1/2+i tau,rho_i), Burnol 2002 eq.1 + Thm.8"
-1.670719670249499345e+01,2,-5.79080822462358661217276498073e-14,0.0,5.79080822462358661217276498073e-14,3.285240185743492667e-9,imported_from_step205_Burnol_boundary_candidate,"K_{1/2}^Gamma(1/2+i tau,rho_i), Burnol 2002 eq.1 + Thm.8"
-1.670719670249499345e+01,3,-1.49856977425174661429352835736e-15,0.0,1.49856977425174661429352835736e-15,3.285240185743492667e-9,imported_from_step205_Burnol_boundary_candidate,"K_{1/2}^Gamma(1/2+i tau,rho_i), Burnol 2002 eq.1 + Thm.8"
-1.613570835173600315e+01,1,4.66194166880395921073360529969e-11,0.0,4.66194166880395921073360529969e-11,4.5551734144693304748e-9,imported_from_step205_Burnol_boundary_candidate,"K_{1/2}^Gamma(1/2+i tau,rho_i), Burnol 2002 eq.1 + Thm.8"
-1.613570835173600315e+01,2,-2.82010962257495443843520388239e-14,0.0,2.82010962257495443843520388239e-14,4.5551734144693304748e-9,imported_from_step205_Burnol_boundary_candidate,"K_{1/2}^Gamma(1/2+i tau,rho_i), Burnol 2002 eq.1 + Thm.8"
-1.613570835173600315e+01,3,-2.26806075085453821165171391392e-15,0.0,2.26806075085453821165171391392e-15,4.5551734144693304748e-9,imported_from_step205_Burnol_boundary_candidate,"K_{1/2}^Gamma(1/2+i tau,rho_i), Burnol 2002 eq.1 + Thm.8"
-1.556025858780346560e+01,1,1.34739434935572251605749534657e-10,0.0,1.34739434935572251605749534657e-10,6.5074834750055805962e-9,imported_from_step205_Burnol_boundary_candidate,"K_{1/2}^Gamma(1/2+i tau,rho_i), Burnol 2002 eq.1 + Thm.8"
-1.556025858780346560e+01,2,5.02196635661845744468982543667e-14,0.0,5.02196635661845744468982543667e-14,6.5074834750055805962e-9,imported_from_step205_Burnol_boundary_candidate,"K_{1/2}^Gamma(1/2+i tau,rho_i), Burnol 2002 eq.1 + Thm.8"
-1.556025858780346560e+01,3,-2.03920017372933222733548032995e-15,0.0,2.03920017372933222733548032995e-15,6.5074834750055805962e-9,imported_from_step205_Burnol_boundary_candidate,"K_{1/2}^Gamma(1/2+i tau,rho_i), Burnol 2002 eq.1 + Thm.8"
-1.498098868706562925e+01,1,2.92615241193560872126638750886e-10,0.0,2.92615241193560872126638750886e-10,9.4807103070043261722e-9,imported_from_step205_Burnol_boundary_candidate,"K_{1/2}^Gamma(1/2+i tau,rho_i), Burnol 2002 eq.1 + Thm.8"
-1.498098868706562925e+01,2,1.70202871122069273635100296552e-13,0.0,1.70202871122069273635100296552e-13,9.4807103070043261722e-9,imported_from_step205_Burnol_boundary_candidate,"K_{1/2}^Gamma(1/2+i tau,rho_i), Burnol 2002 eq.1 + Thm.8"
-1.498098868706562925e+01,3,1.95579532517421049973711606038e-16,0.0,1.95579532517421049973711606038e-16,9.4807103070043261722e-9,imported_from_step205_Burnol_boundary_candidate,"K_{1/2}^Gamma(1/2+i tau,rho_i), Burnol 2002 eq.1 + Thm.8"
-1.439804086375722925e+01,1,5.33264872309394238380512345931e-10,0.0,5.33264872309394238380512345931e-10,1.3960153440853068803e-8,imported_from_step205_Burnol_boundary_candidate,"K_{1/2}^Gamma(1/2+i tau,rho_i), Burnol 2002 eq.1 + Thm.8"
-1.439804086375722925e+01,2,2.87554750919410101602166024247e-13,0.0,2.87554750919410101602166024247e-13,1.3960153440853068803e-8,imported_from_step205_Burnol_boundary_candidate,"K_{1/2}^Gamma(1/2+i tau,rho_i), Burnol 2002 eq.1 + Thm.8"
-1.439804086375722925e+01,3,5.05392231631590669006227418306e-15,0.0,5.05392231631590669006227418306e-15,1.3960153440853068803e-8,imported_from_step205_Burnol_boundary_candidate,"K_{1/2}^Gamma(1/2+i tau,rho_i), Burnol 2002 eq.1 + Thm.8"
-1.381155823506506763e+01,1,8.42407963493095469211157142005e-10,0.0,8.42407963493095469211157142005e-10,2.0624513102435484201e-8,imported_from_step205_Burnol_boundary_candidate,"K_{1/2}^Gamma(1/2+i tau,rho_i), Burnol 2002 eq.1 + Thm.8"
-1.381155823506506763e+01,2,3.1455980775418374775774271187e-13,0.0,3.1455980775418374775774271187e-13,2.0624513102435484201e-8,imported_from_step205_Burnol_boundary_candidate,"K_{1/2}^Gamma(1/2+i tau,rho_i), Burnol 2002 eq.1 + Thm.8"
-1.381155823506506763e+01,3,1.18665355432451906960109478806e-14,0.0,1.18665355432451906960109478806e-14,2.0624513102435484201e-8,imported_from_step205_Burnol_boundary_candidate,"K_{1/2}^Gamma(1/2+i tau,rho_i), Burnol 2002 eq.1 + Thm.8"
-1.322168478599186336e+01,1,0.0000000011602616570048855433740349251,0.0,0.0000000011602616570048855433740349251,3.0392707314485532897e-8,imported_from_step205_Burnol_boundary_candidate,"K_{1/2}^Gamma(1/2+i tau,rho_i), Burnol 2002 eq.1 + Thm.8"
-1.322168478599186336e+01,2,1.32114168090877440389104044084e-13,0.0,1.32114168090877440389104044084e-13,3.0392707314485532897e-8,imported_from_step205_Burnol_boundary_candidate,"K_{1/2}^Gamma(1/2+i tau,rho_i), Burnol 2002 eq.1 + Thm.8"
-1.322168478599186336e+01,3,1.75890090978942620108045434577e-14,0.0,1.75890090978942620108045434577e-14,3.0392707314485532897e-8,imported_from_step205_Burnol_boundary_candidate,"K_{1/2}^Gamma(1/2+i tau,rho_i), Burnol 2002 eq.1 + Thm.8"
-1.262856533400708869e+01,1,0.00000000136541496589940130087737161596,0.0,0.00000000136541496589940130087737161596,4.4455442167222231003e-8,imported_from_step205_Burnol_boundary_candidate,"K_{1/2}^Gamma(1/2+i tau,rho_i), Burnol 2002 eq.1 + Thm.8"
-1.262856533400708869e+01,2,-3.64323928152226632161132685388e-13,0.0,3.64323928152226632161132685388e-13,4.4455442167222231003e-8,imported_from_step205_Burnol_boundary_candidate,"K_{1/2}^Gamma(1/2+i tau,rho_i), Burnol 2002 eq.1 + Thm.8"
-1.262856533400708869e+01,3,1.62752450726917136365683003106e-14,0.0,1.62752450726917136365683003106e-14,4.4455442167222231003e-8,imported_from_step205_Burnol_boundary_candidate,"K_{1/2}^Gamma(1/2+i tau,rho_i), Burnol 2002 eq.1 + Thm.8"
-1.203234549349339488e+01,1,0.0000000012662877267885970316977317986,0.0,0.0000000012662877267885970316977317986,6.4263677196003054137e-8,imported_from_step205_Burnol_boundary_candidate,"K_{1/2}^Gamma(1/2+i tau,rho_i), Burnol 2002 eq.1 + Thm.8"
-1.203234549349339488e+01,2,-1.17527981261952703195455846412e-12,0.0,1.17527981261952703195455846412e-12,6.4263677196003054137e-8,imported_from_step205_Burnol_boundary_candidate,"K_{1/2}^Gamma(1/2+i tau,rho_i), Burnol 2002 eq.1 + Thm.8"
-1.203234549349339488e+01,3,-1.28831948733881814894082432305e-16,0.0,1.28831948733881814894082432305e-16,6.4263677196003054137e-8,imported_from_step205_Burnol_boundary_candidate,"K_{1/2}^Gamma(1/2+i tau,rho_i), Burnol 2002 eq.1 + Thm.8"
-1.143317163999741659e+01,1,6.36662794967370041091582377262e-10,0.0,6.36662794967370041091582377262e-10,9.1439218783674054498e-8,imported_from_step205_Burnol_boundary_candidate,"K_{1/2}^Gamma(1/2+i tau,rho_i), Burnol 2002 eq.1 + Thm.8"
-1.143317163999741659e+01,2,-2.09675042804313916039725966448e-12,0.0,2.09675042804313916039725966448e-12,9.1439218783674054498e-8,imported_from_step205_Burnol_boundary_candidate,"K_{1/2}^Gamma(1/2+i tau,rho_i), Burnol 2002 eq.1 + Thm.8"
-1.143317163999741659e+01,3,-3.89457516703522933814922414776e-14,0.0,3.89457516703522933814922414776e-14,9.1439218783674054498e-8,imported_from_step205_Burnol_boundary_candidate,"K_{1/2}^Gamma(1/2+i tau,rho_i), Burnol 2002 eq.1 + Thm.8"
-1.083119087429369998e+01,1,-7.04787457805032016353867041408e-10,0.0,7.04787457805032016353867041408e-10,1.2761741129168273374e-7,imported_from_step205_Burnol_boundary_candidate,"K_{1/2}^Gamma(1/2+i tau,rho_i), Burnol 2002 eq.1 + Thm.8"
-1.083119087429369998e+01,2,-2.62152675511985577911334511428e-12,0.0,2.62152675511985577911334511428e-12,1.2761741129168273374e-7,imported_from_step205_Burnol_boundary_candidate,"K_{1/2}^Gamma(1/2+i tau,rho_i), Burnol 2002 eq.1 + Thm.8"
-1.083119087429369998e+01,3,-1.00664072179166376234000052772e-13,0.0,1.00664072179166376234000052772e-13,1.2761741129168273374e-7,imported_from_step205_Burnol_boundary_candidate,"K_{1/2}^Gamma(1/2+i tau,rho_i), Burnol 2002 eq.1 + Thm.8"
-1.022655098627056880e+01,1,-0.00000000277768957827256280937274652949,0.0,0.00000000277768957827256280937274652949,1.7451403487538161533e-7,imported_from_step205_Burnol_boundary_candidate,"K_{1/2}^Gamma(1/2+i tau,rho_i), Burnol 2002 eq.1 + Thm.8"
-1.022655098627056880e+01,2,-1.92309273702822198560491854401e-12,0.0,1.92309273702822198560491854401e-12,1.7451403487538161533e-7,imported_from_step205_Burnol_boundary_candidate,"K_{1/2}^Gamma(1/2+i tau,rho_i), Burnol 2002 eq.1 + Thm.8"
-1.022655098627056880e+01,3,-1.71143993219940219956797928255e-13,0.0,1.71143993219940219956797928255e-13,1.7451403487538161533e-7,imported_from_step205_Burnol_boundary_candidate,"K_{1/2}^Gamma(1/2+i tau,rho_i), Burnol 2002 eq.1 + Thm.8"
-9.619400418646833373e+00,1,-0.00000000524881817063707955417456972213,0.0,0.00000000524881817063707955417456972213,2.3568951643788091664e-7,imported_from_step205_Burnol_boundary_candidate,"K_{1/2}^Gamma(1/2+i tau,rho_i), Burnol 2002 eq.1 + Thm.8"
-9.619400418646833373e+00,2,9.83086159763247591075580214093e-13,0.0,9.83086159763247591075580214093e-13,2.3568951643788091664e-7,imported_from_step205_Burnol_boundary_candidate,"K_{1/2}^Gamma(1/2+i tau,rho_i), Burnol 2002 eq.1 + Thm.8"
-9.619400418646833373e+00,3,-2.12936175290385048960549260601e-13,0.0,2.12936175290385048960549260601e-13,2.3568951643788091664e-7,imported_from_step205_Burnol_boundary_candidate,"K_{1/2}^Gamma(1/2+i tau,rho_i), Burnol 2002 eq.1 + Thm.8"
-9.009888230528202868e+00,1,-0.00000000727059022451189249722033855841,0.0,0.00000000727059022451189249722033855841,3.2527947726786000359e-7,imported_from_step205_Burnol_boundary_candidate,"K_{1/2}^Gamma(1/2+i tau,rho_i), Burnol 2002 eq.1 + Thm.8"
-9.009888230528202868e+00,2,6.94469910114748001339714873661e-12,0.0,6.94469910114748001339714873661e-12,3.2527947726786000359e-7,imported_from_step205_Burnol_boundary_candidate,"K_{1/2}^Gamma(1/2+i tau,rho_i), Burnol 2002 eq.1 + Thm.8"
-9.009888230528202868e+00,3,-1.58609879852579323478353481304e-13,0.0,1.58609879852579323478353481304e-13,3.2527947726786000359e-7,imported_from_step205_Burnol_boundary_candidate,"K_{1/2}^Gamma(1/2+i tau,rho_i), Burnol 2002 eq.1 + Thm.8"
-8.398164060812385756e+00,1,-0.00000000735130242845942461312784814017,0.0,0.00000000735130242845942461312784814017,4.9476432080443978407e-7,imported_from_step205_Burnol_boundary_candidate,"K_{1/2}^Gamma(1/2+i tau,rho_i), Burnol 2002 eq.1 + Thm.8"
-8.398164060812385756e+00,2,1.60644577572657860429306725608e-11,0.0,1.60644577572657860429306725608e-11,4.9476432080443978407e-7,imported_from_step205_Burnol_boundary_candidate,"K_{1/2}^Gamma(1/2+i tau,rho_i), Burnol 2002 eq.1 + Thm.8"
-8.398164060812385756e+00,3,8.63532765830308882096448457229e-14,0.0,8.63532765830308882096448457229e-14,4.9476432080443978407e-7,imported_from_step205_Burnol_boundary_candidate,"K_{1/2}^Gamma(1/2+i tau,rho_i), Burnol 2002 eq.1 + Thm.8"
-7.784378091451836568e+00,1,-0.00000000331667123576224168403380663784,0.0,0.00000000331667123576224168403380663784,8.7661099144777981184e-7,imported_from_step205_Burnol_boundary_candidate,"K_{1/2}^Gamma(1/2+i tau,rho_i), Burnol 2002 eq.1 + Thm.8"
-7.784378091451836568e+00,2,2.70998620162034955507235112407e-11,0.0,2.70998620162034955507235112407e-11,8.7661099144777981184e-7,imported_from_step205_Burnol_boundary_candidate,"K_{1/2}^Gamma(1/2+i tau,rho_i), Burnol 2002 eq.1 + Thm.8"
-7.784378091451836568e+00,3,6.3550165287998432326609929371e-13,0.0,6.3550165287998432326609929371e-13,8.7661099144777981184e-7,imported_from_step205_Burnol_boundary_candidate,"K_{1/2}^Gamma(1/2+i tau,rho_i), Burnol 2002 eq.1 + Thm.8"
-7.168681010583197732e+00,1,0.00000000742809162457079640282004672357,0.0,0.00000000742809162457079640282004672357,1.7213015485322521467e-6,imported_from_step205_Burnol_boundary_candidate,"K_{1/2}^Gamma(1/2+i tau,rho_i), Burnol 2002 eq.1 + Thm.8"
-7.168681010583197732e+00,2,3.6911794827326912830454999609e-11,0.0,3.6911794827326912830454999609e-11,1.7213015485322521467e-6,imported_from_step205_Burnol_boundary_candidate,"K_{1/2}^Gamma(1/2+i tau,rho_i), Burnol 2002 eq.1 + Thm.8"
-7.168681010583197732e+00,3,1.59446624272294227272414611662e-12,0.0,1.59446624272294227272414611662e-12,1.7213015485322521467e-6,imported_from_step205_Burnol_boundary_candidate,"K_{1/2}^Gamma(1/2+i tau,rho_i), Burnol 2002 eq.1 + Thm.8"
-6.551223975532442623e+00,1,0.0000000276363612407350686557530354327,0.0,0.0000000276363612407350686557530354327,3.4666551669952405082e-6,imported_from_step205_Burnol_boundary_candidate,"K_{1/2}^Gamma(1/2+i tau,rho_i), Burnol 2002 eq.1 + Thm.8"
-6.551223975532442623e+00,2,4.00309904763180227553155109114e-11,0.0,4.00309904763180227553155109114e-11,3.4666551669952405082e-6,imported_from_step205_Burnol_boundary_candidate,"K_{1/2}^Gamma(1/2+i tau,rho_i), Burnol 2002 eq.1 + Thm.8"
-6.551223975532442623e+00,3,3.03047002912793070035450135848e-12,0.0,3.03047002912793070035450135848e-12,3.4666551669952405082e-6,imported_from_step205_Burnol_boundary_candidate,"K_{1/2}^Gamma(1/2+i tau,rho_i), Burnol 2002 eq.1 + Thm.8"
-5.932158575704860048e+00,1,0.0000000594595971813319909539235377304,0.0,0.0000000594595971813319909539235377304,6.9024648051964200098e-6,imported_from_step205_Burnol_boundary_candidate,"K_{1/2}^Gamma(1/2+i tau,rho_i), Burnol 2002 eq.1 + Thm.8"
-5.932158575704860048e+00,2,2.94416330702070663799346029898e-11,0.0,2.94416330702070663799346029898e-11,6.9024648051964200098e-6,imported_from_step205_Burnol_boundary_candidate,"K_{1/2}^Gamma(1/2+i tau,rho_i), Burnol 2002 eq.1 + Thm.8"
-5.932158575704860048e+00,3,4.94096264011115718944116576469e-12,0.0,4.94096264011115718944116576469e-12,6.9024648051964200098e-6,imported_from_step205_Burnol_boundary_candidate,"K_{1/2}^Gamma(1/2+i tau,rho_i), Burnol 2002 eq.1 + Thm.8"
-5.311636795368935182e+00,1,0.00000010392548849037977102852963274,0.0,0.00000010392548849037977102852963274,0.000013464467331421838652,imported_from_step205_Burnol_boundary_candidate,"K_{1/2}^Gamma(1/2+i tau,rho_i), Burnol 2002 eq.1 + Thm.8"
-5.311636795368935182e+00,2,-3.19406484899143909955579781755e-12,0.0,3.19406484899143909955579781755e-12,0.000013464467331421838652,imported_from_step205_Burnol_boundary_candidate,"K_{1/2}^Gamma(1/2+i tau,rho_i), Burnol 2002 eq.1 + Thm.8"
-5.311636795368935182e+00,3,7.21050382161449417138446923739e-12,0.0,7.21050382161449417138446923739e-12,0.000013464467331421838652,imported_from_step205_Burnol_boundary_candidate,"K_{1/2}^Gamma(1/2+i tau,rho_i), Burnol 2002 eq.1 + Thm.8"
-4.689810976343302684e+00,1,0.000000160289634258662196181264596237,0.0,0.000000160289634258662196181264596237,0.000025748850171531427281,imported_from_step205_Burnol_boundary_candidate,"K_{1/2}^Gamma(1/2+i tau,rho_i), Burnol 2002 eq.1 + Thm.8"
-4.689810976343302684e+00,2,-6.46462662548109063559404146038e-11,0.0,6.46462662548109063559404146038e-11,0.000025748850171531427281,imported_from_step205_Burnol_boundary_candidate,"K_{1/2}^Gamma(1/2+i tau,rho_i), Burnol 2002 eq.1 + Thm.8"
-4.689810976343302684e+00,3,9.63792977655272508911048641406e-12,0.0,9.63792977655272508911048641406e-12,0.000025748850171531427281,imported_from_step205_Burnol_boundary_candidate,"K_{1/2}^Gamma(1/2+i tau,rho_i), Burnol 2002 eq.1 + Thm.8"
-4.066833780595922043e+00,1,0.0000002254223529973295649046226621,0.0,0.0000002254223529973295649046226621,0.000048435974186694939914,imported_from_step205_Burnol_boundary_candidate,"K_{1/2}^Gamma(1/2+i tau,rho_i), Burnol 2002 eq.1 + Thm.8"
-4.066833780595922043e+00,2,-1.59518618382334532071671528096e-10,0.0,1.59518618382334532071671528096e-10,0.000048435974186694939914,imported_from_step205_Burnol_boundary_candidate,"K_{1/2}^Gamma(1/2+i tau,rho_i), Burnol 2002 eq.1 + Thm.8"
-4.066833780595922043e+00,3,1.18898436838703889939965104469e-11,0.0,1.18898436838703889939965104469e-11,0.000048435974186694939914,imported_from_step205_Burnol_boundary_candidate,"K_{1/2}^Gamma(1/2+i tau,rho_i), Burnol 2002 eq.1 + Thm.8"
-3.442858152764641133e+00,1,0.000000294658878448851302887353924169,0.0,0.000000294658878448851302887353924169,0.000089990974213361264374,imported_from_step205_Burnol_boundary_candidate,"K_{1/2}^Gamma(1/2+i tau,rho_i), Burnol 2002 eq.1 + Thm.8"
-3.442858152764641133e+00,2,-2.8695872304700919480776885308e-10,0.0,2.8695872304700919480776885308e-10,0.000089990974213361264374,imported_from_step205_Burnol_boundary_candidate,"K_{1/2}^Gamma(1/2+i tau,rho_i), Burnol 2002 eq.1 + Thm.8"
-3.442858152764641133e+00,3,1.36506106100143382612758070778e-11,0.0,1.36506106100143382612758070778e-11,0.000089990974213361264374,imported_from_step205_Burnol_boundary_candidate,"K_{1/2}^Gamma(1/2+i tau,rho_i), Burnol 2002 eq.1 + Thm.8"
-2.818037282608373939e+00,1,0.00000036060327785058827532952124875,0.0,0.00000036060327785058827532952124875,0.00016593888393093209431,imported_from_step205_Burnol_boundary_candidate,"K_{1/2}^Gamma(1/2+i tau,rho_i), Burnol 2002 eq.1 + Thm.8"
-2.818037282608373939e+00,2,-4.40075363792837674246448967723e-10,0.0,4.40075363792837674246448967723e-10,0.00016593888393093209431,imported_from_step205_Burnol_boundary_candidate,"K_{1/2}^Gamma(1/2+i tau,rho_i), Burnol 2002 eq.1 + Thm.8"
-2.818037282608373939e+00,3,1.45394549357748563779431906923e-11,0.0,1.45394549357748563779431906923e-11,0.00016593888393093209431,imported_from_step205_Burnol_boundary_candidate,"K_{1/2}^Gamma(1/2+i tau,rho_i), Burnol 2002 eq.1 + Thm.8"
-2.192524567398094870e+00,1,0.000000417308143010498292069290828549,0.0,0.000000417308143010498292069290828549,0.00030577663521020740256,imported_from_step205_Burnol_boundary_candidate,"K_{1/2}^Gamma(1/2+i tau,rho_i), Burnol 2002 eq.1 + Thm.8"
-2.192524567398094870e+00,2,-6.07309664965219131372782973039e-10,0.0,6.07309664965219131372782973039e-10,0.00030577663521020740256,imported_from_step205_Burnol_boundary_candidate,"K_{1/2}^Gamma(1/2+i tau,rho_i), Burnol 2002 eq.1 + Thm.8"
-2.192524567398094870e+00,3,1.43919974937628277484593321094e-11,0.0,1.43919974937628277484593321094e-11,0.00030577663521020740256,imported_from_step205_Burnol_boundary_candidate,"K_{1/2}^Gamma(1/2+i tau,rho_i), Burnol 2002 eq.1 + Thm.8"
-1.566473574256890045e+00,1,0.000000455877119581144575629489531226,0.0,0.000000455877119581144575629489531226,0.00057042195932617638382,imported_from_step205_Burnol_boundary_candidate,"K_{1/2}^Gamma(1/2+i tau,rho_i), Burnol 2002 eq.1 + Thm.8"
-1.566473574256890045e+00,2,-7.68845579235881337996578083017e-10,0.0,7.68845579235881337996578083017e-10,0.00057042195932617638382,imported_from_step205_Burnol_boundary_candidate,"K_{1/2}^Gamma(1/2+i tau,rho_i), Burnol 2002 eq.1 + Thm.8"
-1.566473574256890045e+00,3,1.30344671215888364227934247102e-11,0.0,1.30344671215888364227934247102e-11,0.00057042195932617638382,imported_from_step205_Burnol_boundary_candidate,"K_{1/2}^Gamma(1/2+i tau,rho_i), Burnol 2002 eq.1 + Thm.8"
-9.400380024583054883e-01,1,0.000000475290774880381733992669230493,0.0,0.000000475290774880381733992669230493,0.0011093512574470804654,imported_from_step205_Burnol_boundary_candidate,"K_{1/2}^Gamma(1/2+i tau,rho_i), Burnol 2002 eq.1 + Thm.8"
-9.400380024583054883e-01,2,-9.10272632746271426119699933517e-10,0.0,9.10272632746271426119699933517e-10,0.0011093512574470804654,imported_from_step205_Burnol_boundary_candidate,"K_{1/2}^Gamma(1/2+i tau,rho_i), Burnol 2002 eq.1 + Thm.8"
-9.400380024583054883e-01,3,1.07465400926435055232023921368e-11,0.0,1.07465400926435055232023921368e-11,0.0011093512574470804654,imported_from_step205_Burnol_boundary_candidate,"K_{1/2}^Gamma(1/2+i tau,rho_i), Burnol 2002 eq.1 + Thm.8"
-3.133716456922547300e-01,1,0.000000467028549034242154488651362898,0.0,0.000000467028549034242154488651362898,0.0022686469750294088965,imported_from_step205_Burnol_boundary_candidate,"K_{1/2}^Gamma(1/2+i tau,rho_i), Burnol 2002 eq.1 + Thm.8"
-3.133716456922547300e-01,2,-0.00000000101011941882589667851905683295,0.0,0.00000000101011941882589667851905683295,0.0022686469750294088965,imported_from_step205_Burnol_boundary_candidate,"K_{1/2}^Gamma(1/2+i tau,rho_i), Burnol 2002 eq.1 + Thm.8"
-3.133716456922547300e-01,3,7.39711006852044501976904385659e-12,0.0,7.39711006852044501976904385659e-12,0.0022686469750294088965,imported_from_step205_Burnol_boundary_candidate,"K_{1/2}^Gamma(1/2+i tau,rho_i), Burnol 2002 eq.1 + Thm.8"
3.133716456922547300e-01,1,0.00000043930104424750205753223536816,0.0,0.00000043930104424750205753223536816,0.0022686469750294088965,imported_from_step205_Burnol_boundary_candidate,"K_{1/2}^Gamma(1/2+i tau,rho_i), Burnol 2002 eq.1 + Thm.8"
3.133716456922547300e-01,2,-0.00000000104940736551526435872882602431,0.0,0.00000000104940736551526435872882602431,0.0022686469750294088965,imported_from_step205_Burnol_boundary_candidate,"K_{1/2}^Gamma(1/2+i tau,rho_i), Burnol 2002 eq.1 + Thm.8"
3.133716456922547300e-01,3,4.23594577247541886576374484262e-12,0.0,4.23594577247541886576374484262e-12,0.0022686469750294088965,imported_from_step205_Burnol_boundary_candidate,"K_{1/2}^Gamma(1/2+i tau,rho_i), Burnol 2002 eq.1 + Thm.8"
9.400380024583054883e-01,1,0.00000039313323174957604575703101696,0.0,0.00000039313323174957604575703101696,0.0011093512574470804654,imported_from_step205_Burnol_boundary_candidate,"K_{1/2}^Gamma(1/2+i tau,rho_i), Burnol 2002 eq.1 + Thm.8"
9.400380024583054883e-01,2,-0.00000000104649939027684846926535610552,0.0,0.00000000104649939027684846926535610552,0.0011093512574470804654,imported_from_step205_Burnol_boundary_candidate,"K_{1/2}^Gamma(1/2+i tau,rho_i), Burnol 2002 eq.1 + Thm.8"
9.400380024583054883e-01,3,6.7805861901318491316890341426e-13,0.0,6.7805861901318491316890341426e-13,0.0011093512574470804654,imported_from_step205_Burnol_boundary_candidate,"K_{1/2}^Gamma(1/2+i tau,rho_i), Burnol 2002 eq.1 + Thm.8"
1.566473574256890045e+00,1,0.000000331799606815224355959066626364,0.0,0.000000331799606815224355959066626364,0.00057042195932617638382,imported_from_step205_Burnol_boundary_candidate,"K_{1/2}^Gamma(1/2+i tau,rho_i), Burnol 2002 eq.1 + Thm.8"
1.566473574256890045e+00,2,-9.76062615284312929440835618813e-10,0.0,9.76062615284312929440835618813e-10,0.00057042195932617638382,imported_from_step205_Burnol_boundary_candidate,"K_{1/2}^Gamma(1/2+i tau,rho_i), Burnol 2002 eq.1 + Thm.8"
1.566473574256890045e+00,3,-2.17534399507815278147446582885e-12,0.0,2.17534399507815278147446582885e-12,0.00057042195932617638382,imported_from_step205_Burnol_boundary_candidate,"K_{1/2}^Gamma(1/2+i tau,rho_i), Burnol 2002 eq.1 + Thm.8"
2.192524567398094870e+00,1,0.000000266193504076858655156708852709,0.0,0.000000266193504076858655156708852709,0.00030577663521020740256,imported_from_step205_Burnol_boundary_candidate,"K_{1/2}^Gamma(1/2+i tau,rho_i), Burnol 2002 eq.1 + Thm.8"
2.192524567398094870e+00,2,-8.66965275151350660871251975048e-10,0.0,8.66965275151350660871251975048e-10,0.00030577663521020740256,imported_from_step205_Burnol_boundary_candidate,"K_{1/2}^Gamma(1/2+i tau,rho_i), Burnol 2002 eq.1 + Thm.8"
2.192524567398094870e+00,3,-4.30404583251789927059313755057e-12,0.0,4.30404583251789927059313755057e-12,0.00030577663521020740256,imported_from_step205_Burnol_boundary_candidate,"K_{1/2}^Gamma(1/2+i tau,rho_i), Burnol 2002 eq.1 + Thm.8"
2.818037282608373939e+00,1,0.000000200553901821346665190727893111,0.0,0.000000200553901821346665190727893111,0.00016593888393093209431,imported_from_step205_Burnol_boundary_candidate,"K_{1/2}^Gamma(1/2+i tau,rho_i), Burnol 2002 eq.1 + Thm.8"
2.818037282608373939e+00,2,-7.25478275246898323748656923273e-10,0.0,7.25478275246898323748656923273e-10,0.00016593888393093209431,imported_from_step205_Burnol_boundary_candidate,"K_{1/2}^Gamma(1/2+i tau,rho_i), Burnol 2002 eq.1 + Thm.8"
2.818037282608373939e+00,3,-5.50629800509889765798200254521e-12,0.0,5.50629800509889765798200254521e-12,0.00016593888393093209431,imported_from_step205_Burnol_boundary_candidate,"K_{1/2}^Gamma(1/2+i tau,rho_i), Burnol 2002 eq.1 + Thm.8"
3.442858152764641133e+00,1,0.000000141703302087687426918810061366,0.0,0.000000141703302087687426918810061366,0.000089990974213361264374,imported_from_step205_Burnol_boundary_candidate,"K_{1/2}^Gamma(1/2+i tau,rho_i), Burnol 2002 eq.1 + Thm.8"
3.442858152764641133e+00,2,-5.7385090512076390973520641152e-10,0.0,5.7385090512076390973520641152e-10,0.000089990974213361264374,imported_from_step205_Burnol_boundary_candidate,"K_{1/2}^Gamma(1/2+i tau,rho_i), Burnol 2002 eq.1 + Thm.8"
3.442858152764641133e+00,3,-5.85665711090111067981069413411e-12,0.0,5.85665711090111067981069413411e-12,0.000089990974213361264374,imported_from_step205_Burnol_boundary_candidate,"K_{1/2}^Gamma(1/2+i tau,rho_i), Burnol 2002 eq.1 + Thm.8"
4.066833780595922043e+00,1,0.0000000925808979295546513639218908731,0.0,0.0000000925808979295546513639218908731,0.000048435974186694939914,imported_from_step205_Burnol_boundary_candidate,"K_{1/2}^Gamma(1/2+i tau,rho_i), Burnol 2002 eq.1 + Thm.8"
4.066833780595922043e+00,2,-4.25424697551450294569487327754e-10,0.0,4.25424697551450294569487327754e-10,0.000048435974186694939914,imported_from_step205_Burnol_boundary_candidate,"K_{1/2}^Gamma(1/2+i tau,rho_i), Burnol 2002 eq.1 + Thm.8"
4.066833780595922043e+00,3,-5.48357429707732161107307290902e-12,0.0,5.48357429707732161107307290902e-12,0.000048435974186694939914,imported_from_step205_Burnol_boundary_candidate,"K_{1/2}^Gamma(1/2+i tau,rho_i), Burnol 2002 eq.1 + Thm.8"
4.689810976343302684e+00,1,0.0000000550416334645551797958829261009,0.0,0.0000000550416334645551797958829261009,0.000025748850171531427281,imported_from_step205_Burnol_boundary_candidate,"K_{1/2}^Gamma(1/2+i tau,rho_i), Burnol 2002 eq.1 + Thm.8"
4.689810976343302684e+00,2,-2.94444733141806736011077253815e-10,0.0,2.94444733141806736011077253815e-10,0.000025748850171531427281,imported_from_step205_Burnol_boundary_candidate,"K_{1/2}^Gamma(1/2+i tau,rho_i), Burnol 2002 eq.1 + Thm.8"
4.689810976343302684e+00,3,-4.64955366190821146516007895427e-12,0.0,4.64955366190821146516007895427e-12,0.000025748850171531427281,imported_from_step205_Burnol_boundary_candidate,"K_{1/2}^Gamma(1/2+i tau,rho_i), Burnol 2002 eq.1 + Thm.8"
5.311636795368935182e+00,1,0.0000000287099876164108042339569721736,0.0,0.0000000287099876164108042339569721736,0.000013464467331421838652,imported_from_step205_Burnol_boundary_candidate,"K_{1/2}^Gamma(1/2+i tau,rho_i), Burnol 2002 eq.1 + Thm.8"
5.311636795368935182e+00,2,-1.87608158240662376542061584803e-10,0.0,1.87608158240662376542061584803e-10,0.000013464467331421838652,imported_from_step205_Burnol_boundary_candidate,"K_{1/2}^Gamma(1/2+i tau,rho_i), Burnol 2002 eq.1 + Thm.8"
5.311636795368935182e+00,3,-3.58240241879712792372211234543e-12,0.0,3.58240241879712792372211234543e-12,0.000013464467331421838652,imported_from_step205_Burnol_boundary_candidate,"K_{1/2}^Gamma(1/2+i tau,rho_i), Burnol 2002 eq.1 + Thm.8"
5.932158575704860048e+00,1,0.0000000120404538214319932692213840867,0.0,0.0000000120404538214319932692213840867,6.9024648051964200098e-6,imported_from_step205_Burnol_boundary_candidate,"K_{1/2}^Gamma(1/2+i tau,rho_i), Burnol 2002 eq.1 + Thm.8"
5.932158575704860048e+00,2,-1.08017595490641251766225625835e-10,0.0,1.08017595490641251766225625835e-10,6.9024648051964200098e-6,imported_from_step205_Burnol_boundary_candidate,"K_{1/2}^Gamma(1/2+i tau,rho_i), Burnol 2002 eq.1 + Thm.8"
5.932158575704860048e+00,3,-2.5126157075479093483748595823e-12,0.0,2.5126157075479093483748595823e-12,6.9024648051964200098e-6,imported_from_step205_Burnol_boundary_candidate,"K_{1/2}^Gamma(1/2+i tau,rho_i), Burnol 2002 eq.1 + Thm.8"
6.551223975532442623e+00,1,0.0000000028127088003605010846834013263,0.0,0.0000000028127088003605010846834013263,3.4666551669952405082e-6,imported_from_step205_Burnol_boundary_candidate,"K_{1/2}^Gamma(1/2+i tau,rho_i), Burnol 2002 eq.1 + Thm.8"
6.551223975532442623e+00,2,-5.38599641828567286213738803338e-11,0.0,5.38599641828567286213738803338e-11,3.4666551669952405082e-6,imported_from_step205_Burnol_boundary_candidate,"K_{1/2}^Gamma(1/2+i tau,rho_i), Burnol 2002 eq.1 + Thm.8"
6.551223975532442623e+00,3,-1.58026951159594871558010588732e-12,0.0,1.58026951159594871558010588732e-12,3.4666551669952405082e-6,imported_from_step205_Burnol_boundary_candidate,"K_{1/2}^Gamma(1/2+i tau,rho_i), Burnol 2002 eq.1 + Thm.8"
7.168681010583197732e+00,1,-0.00000000135757043469115878592673144081,0.0,0.00000000135757043469115878592673144081,1.7213015485322521467e-6,imported_from_step205_Burnol_boundary_candidate,"K_{1/2}^Gamma(1/2+i tau,rho_i), Burnol 2002 eq.1 + Thm.8"
7.168681010583197732e+00,2,-2.08778516723287767678880438735e-11,0.0,2.08778516723287767678880438735e-11,1.7213015485322521467e-6,imported_from_step205_Burnol_boundary_candidate,"K_{1/2}^Gamma(1/2+i tau,rho_i), Burnol 2002 eq.1 + Thm.8"
7.168681010583197732e+00,3,-8.67998835857406168904579042005e-13,0.0,8.67998835857406168904579042005e-13,1.7213015485322521467e-6,imported_from_step205_Burnol_boundary_candidate,"K_{1/2}^Gamma(1/2+i tau,rho_i), Burnol 2002 eq.1 + Thm.8"
7.784378091451836568e+00,1,-0.00000000250227362890359012112253983235,0.0,0.00000000250227362890359012112253983235,8.7661099144777981184e-7,imported_from_step205_Burnol_boundary_candidate,"K_{1/2}^Gamma(1/2+i tau,rho_i), Burnol 2002 eq.1 + Thm.8"
7.784378091451836568e+00,2,-3.53898636529031207312842675575e-12,0.0,3.53898636529031207312842675575e-12,8.7661099144777981184e-7,imported_from_step205_Burnol_boundary_candidate,"K_{1/2}^Gamma(1/2+i tau,rho_i), Burnol 2002 eq.1 + Thm.8"
7.784378091451836568e+00,3,-3.86238590604624594714635678614e-13,0.0,3.86238590604624594714635678614e-13,8.7661099144777981184e-7,imported_from_step205_Burnol_boundary_candidate,"K_{1/2}^Gamma(1/2+i tau,rho_i), Burnol 2002 eq.1 + Thm.8"
8.398164060812385756e+00,1,-0.00000000218517506229756870353073894495,0.0,0.00000000218517506229756870353073894495,4.9476432080443978407e-7,imported_from_step205_Burnol_boundary_candidate,"K_{1/2}^Gamma(1/2+i tau,rho_i), Burnol 2002 eq.1 + Thm.8"
8.398164060812385756e+00,2,3.61764630493630796171885739075e-12,0.0,3.61764630493630796171885739075e-12,4.9476432080443978407e-7,imported_from_step205_Burnol_boundary_candidate,"K_{1/2}^Gamma(1/2+i tau,rho_i), Burnol 2002 eq.1 + Thm.8"
8.398164060812385756e+00,3,-1.04910520022384310841611659575e-13,0.0,1.04910520022384310841611659575e-13,4.9476432080443978407e-7,imported_from_step205_Burnol_boundary_candidate,"K_{1/2}^Gamma(1/2+i tau,rho_i), Burnol 2002 eq.1 + Thm.8"
9.009888230528202868e+00,1,-0.00000000139345705751642229549106723709,0.0,0.00000000139345705751642229549106723709,3.2527947726786000359e-7,imported_from_step205_Burnol_boundary_candidate,"K_{1/2}^Gamma(1/2+i tau,rho_i), Burnol 2002 eq.1 + Thm.8"
9.009888230528202868e+00,2,5.05225124121305040250459227285e-12,0.0,5.05225124121305040250459227285e-12,3.2527947726786000359e-7,imported_from_step205_Burnol_boundary_candidate,"K_{1/2}^Gamma(1/2+i tau,rho_i), Burnol 2002 eq.1 + Thm.8"
9.009888230528202868e+00,3,2.83208078718548714927759614134e-14,0.0,2.83208078718548714927759614134e-14,3.2527947726786000359e-7,imported_from_step205_Burnol_boundary_candidate,"K_{1/2}^Gamma(1/2+i tau,rho_i), Burnol 2002 eq.1 + Thm.8"
9.619400418646833373e+00,1,-6.56533310771807763191207089055e-10,0.0,6.56533310771807763191207089055e-10,2.3568951643788091664e-7,imported_from_step205_Burnol_boundary_candidate,"K_{1/2}^Gamma(1/2+i tau,rho_i), Burnol 2002 eq.1 + Thm.8"
9.619400418646833373e+00,2,3.97247187946215439361372450718e-12,0.0,3.97247187946215439361372450718e-12,2.3568951643788091664e-7,imported_from_step205_Burnol_boundary_candidate,"K_{1/2}^Gamma(1/2+i tau,rho_i), Burnol 2002 eq.1 + Thm.8"
9.619400418646833373e+00,3,6.89387617499208925939113583126e-14,0.0,6.89387617499208925939113583126e-14,2.3568951643788091664e-7,imported_from_step205_Burnol_boundary_candidate,"K_{1/2}^Gamma(1/2+i tau,rho_i), Burnol 2002 eq.1 + Thm.8"
1.022655098627056880e+01,1,-1.68306331605859474653133370013e-10,0.0,1.68306331605859474653133370013e-10,1.7451403487538161533e-7,imported_from_step205_Burnol_boundary_candidate,"K_{1/2}^Gamma(1/2+i tau,rho_i), Burnol 2002 eq.1 + Thm.8"
1.022655098627056880e+01,2,2.28345064693666376629955227358e-12,0.0,2.28345064693666376629955227358e-12,1.7451403487538161533e-7,imported_from_step205_Burnol_boundary_candidate,"K_{1/2}^Gamma(1/2+i tau,rho_i), Burnol 2002 eq.1 + Thm.8"
1.022655098627056880e+01,3,6.21924223767168472615524363289e-14,0.0,6.21924223767168472615524363289e-14,1.7451403487538161533e-7,imported_from_step205_Burnol_boundary_candidate,"K_{1/2}^Gamma(1/2+i tau,rho_i), Burnol 2002 eq.1 + Thm.8"
1.083119087429369998e+01,1,6.9572615766892918586654921566e-11,0.0,6.9572615766892918586654921566e-11,1.2761741129168273374e-7,imported_from_step205_Burnol_boundary_candidate,"K_{1/2}^Gamma(1/2+i tau,rho_i), Burnol 2002 eq.1 + Thm.8"
1.083119087429369998e+01,2,9.01510909642338701893287134363e-13,0.0,9.01510909642338701893287134363e-13,1.2761741129168273374e-7,imported_from_step205_Burnol_boundary_candidate,"K_{1/2}^Gamma(1/2+i tau,rho_i), Burnol 2002 eq.1 + Thm.8"
1.083119087429369998e+01,3,3.94505688226234394291094293582e-14,0.0,3.94505688226234394291094293582e-14,1.2761741129168273374e-7,imported_from_step205_Burnol_boundary_candidate,"K_{1/2}^Gamma(1/2+i tau,rho_i), Burnol 2002 eq.1 + Thm.8"
1.143317163999741659e+01,1,1.32939402450340888443592153283e-10,0.0,1.32939402450340888443592153283e-10,9.1439218783674054498e-8,imported_from_step205_Burnol_boundary_candidate,"K_{1/2}^Gamma(1/2+i tau,rho_i), Burnol 2002 eq.1 + Thm.8"
1.143317163999741659e+01,2,8.59222425371689731955913569169e-14,0.0,8.59222425371689731955913569169e-14,9.1439218783674054498e-8,imported_from_step205_Burnol_boundary_candidate,"K_{1/2}^Gamma(1/2+i tau,rho_i), Burnol 2002 eq.1 + Thm.8"
1.143317163999741659e+01,3,1.76911298770329720987734264802e-14,0.0,1.76911298770329720987734264802e-14,9.1439218783674054498e-8,imported_from_step205_Burnol_boundary_candidate,"K_{1/2}^Gamma(1/2+i tau,rho_i), Burnol 2002 eq.1 + Thm.8"
1.203234549349339488e+01,1,1.08742864420791849672303872612e-10,0.0,1.08742864420791849672303872612e-10,6.4263677196003054137e-8,imported_from_step205_Burnol_boundary_candidate,"K_{1/2}^Gamma(1/2+i tau,rho_i), Burnol 2002 eq.1 + Thm.8"
1.203234549349339488e+01,2,-2.44037062059196948255226437747e-13,0.0,2.44037062059196948255226437747e-13,6.4263677196003054137e-8,imported_from_step205_Burnol_boundary_candidate,"K_{1/2}^Gamma(1/2+i tau,rho_i), Burnol 2002 eq.1 + Thm.8"
1.203234549349339488e+01,3,3.41276545774210018840196892209e-15,0.0,3.41276545774210018840196892209e-15,6.4263677196003054137e-8,imported_from_step205_Burnol_boundary_candidate,"K_{1/2}^Gamma(1/2+i tau,rho_i), Burnol 2002 eq.1 + Thm.8"
1.262856533400708869e+01,1,5.97204500807632541695668546143e-11,0.0,5.97204500807632541695668546143e-11,4.4455442167222231003e-8,imported_from_step205_Burnol_boundary_candidate,"K_{1/2}^Gamma(1/2+i tau,rho_i), Burnol 2002 eq.1 + Thm.8"
1.262856533400708869e+01,2,-2.76547206657903074579256913209e-13,0.0,2.76547206657903074579256913209e-13,4.4455442167222231003e-8,imported_from_step205_Burnol_boundary_candidate,"K_{1/2}^Gamma(1/2+i tau,rho_i), Burnol 2002 eq.1 + Thm.8"
1.262856533400708869e+01,3,-3.15476754950006052443172143959e-15,0.0,3.15476754950006052443172143959e-15,4.4455442167222231003e-8,imported_from_step205_Burnol_boundary_candidate,"K_{1/2}^Gamma(1/2+i tau,rho_i), Burnol 2002 eq.1 + Thm.8"
1.322168478599186336e+01,1,1.89023507560066833956748587611e-11,0.0,1.89023507560066833956748587611e-11,3.0392707314485532897e-8,imported_from_step205_Burnol_boundary_candidate,"K_{1/2}^Gamma(1/2+i tau,rho_i), Burnol 2002 eq.1 + Thm.8"
1.322168478599186336e+01,2,-1.85830756162554581382288242579e-13,0.0,1.85830756162554581382288242579e-13,3.0392707314485532897e-8,imported_from_step205_Burnol_boundary_candidate,"K_{1/2}^Gamma(1/2+i tau,rho_i), Burnol 2002 eq.1 + Thm.8"
1.322168478599186336e+01,3,-4.48971948361397764663129108156e-15,0.0,4.48971948361397764663129108156e-15,3.0392707314485532897e-8,imported_from_step205_Burnol_boundary_candidate,"K_{1/2}^Gamma(1/2+i tau,rho_i), Burnol 2002 eq.1 + Thm.8"
1.381155823506506763e+01,1,-3.66923017175786933295076040287e-12,0.0,3.66923017175786933295076040287e-12,2.0624513102435484201e-8,imported_from_step205_Burnol_boundary_candidate,"K_{1/2}^Gamma(1/2+i tau,rho_i), Burnol 2002 eq.1 + Thm.8"
1.381155823506506763e+01,2,-8.15934307049873048219833602925e-14,0.0,8.15934307049873048219833602925e-14,2.0624513102435484201e-8,imported_from_step205_Burnol_boundary_candidate,"K_{1/2}^Gamma(1/2+i tau,rho_i), Burnol 2002 eq.1 + Thm.8"
1.381155823506506763e+01,3,-3.32419544618761167642968704246e-15,0.0,3.32419544618761167642968704246e-15,2.0624513102435484201e-8,imported_from_step205_Burnol_boundary_candidate,"K_{1/2}^Gamma(1/2+i tau,rho_i), Burnol 2002 eq.1 + Thm.8"
1.439804086375722925e+01,1,-1.08100519737633996109246446685e-11,0.0,1.08100519737633996109246446685e-11,1.3960153440853068803e-8,imported_from_step205_Burnol_boundary_candidate,"K_{1/2}^Gamma(1/2+i tau,rho_i), Burnol 2002 eq.1 + Thm.8"
1.439804086375722925e+01,2,-1.0907073885620127834781059725e-14,0.0,1.0907073885620127834781059725e-14,1.3960153440853068803e-8,imported_from_step205_Burnol_boundary_candidate,"K_{1/2}^Gamma(1/2+i tau,rho_i), Burnol 2002 eq.1 + Thm.8"
1.439804086375722925e+01,3,-1.61899580357849231498419039457e-15,0.0,1.61899580357849231498419039457e-15,1.3960153440853068803e-8,imported_from_step205_Burnol_boundary_candidate,"K_{1/2}^Gamma(1/2+i tau,rho_i), Burnol 2002 eq.1 + Thm.8"
1.498098868706562925e+01,1,-9.27394066775274290528038945544e-12,0.0,9.27394066775274290528038945544e-12,9.4807103070043261722e-9,imported_from_step205_Burnol_boundary_candidate,"K_{1/2}^Gamma(1/2+i tau,rho_i), Burnol 2002 eq.1 + Thm.8"
1.498098868706562925e+01,2,2.00798332083534637529601835385e-14,0.0,2.00798332083534637529601835385e-14,9.4807103070043261722e-9,imported_from_step205_Burnol_boundary_candidate,"K_{1/2}^Gamma(1/2+i tau,rho_i), Burnol 2002 eq.1 + Thm.8"
1.498098868706562925e+01,3,-3.42224354849400680796906419047e-16,0.0,3.42224354849400680796906419047e-16,9.4807103070043261722e-9,imported_from_step205_Burnol_boundary_candidate,"K_{1/2}^Gamma(1/2+i tau,rho_i), Burnol 2002 eq.1 + Thm.8"
1.556025858780346560e+01,1,-4.98229655016054046383013393607e-12,0.0,4.98229655016054046383013393607e-12,6.5074834750055805962e-9,imported_from_step205_Burnol_boundary_candidate,"K_{1/2}^Gamma(1/2+i tau,rho_i), Burnol 2002 eq.1 + Thm.8"
1.556025858780346560e+01,2,2.39453268612203607823502047388e-14,0.0,2.39453268612203607823502047388e-14,6.5074834750055805962e-9,imported_from_step205_Burnol_boundary_candidate,"K_{1/2}^Gamma(1/2+i tau,rho_i), Burnol 2002 eq.1 + Thm.8"
1.556025858780346560e+01,3,2.8518331953875993005710298072e-16,0.0,2.8518331953875993005710298072e-16,6.5074834750055805962e-9,imported_from_step205_Burnol_boundary_candidate,"K_{1/2}^Gamma(1/2+i tau,rho_i), Burnol 2002 eq.1 + Thm.8"
1.613570835173600315e+01,1,-1.32157398144201876913672876836e-12,0.0,1.32157398144201876913672876836e-12,4.5551734144693304748e-9,imported_from_step205_Burnol_boundary_candidate,"K_{1/2}^Gamma(1/2+i tau,rho_i), Burnol 2002 eq.1 + Thm.8"
1.613570835173600315e+01,2,1.58433147104415234748098084767e-14,0.0,1.58433147104415234748098084767e-14,4.5551734144693304748e-9,imported_from_step205_Burnol_boundary_candidate,"K_{1/2}^Gamma(1/2+i tau,rho_i), Burnol 2002 eq.1 + Thm.8"
1.613570835173600315e+01,3,4.15840680703606813498120163151e-16,0.0,4.15840680703606813498120163151e-16,4.5551734144693304748e-9,imported_from_step205_Burnol_boundary_candidate,"K_{1/2}^Gamma(1/2+i tau,rho_i), Burnol 2002 eq.1 + Thm.8"
1.670719670249499345e+01,1,6.39430092676389060490146919813e-13,0.0,6.39430092676389060490146919813e-13,3.285240185743492667e-9,imported_from_step205_Burnol_boundary_candidate,"K_{1/2}^Gamma(1/2+i tau,rho_i), Burnol 2002 eq.1 + Thm.8"
1.670719670249499345e+01,2,6.28944866411752246932985740295e-15,0.0,6.28944866411752246932985740295e-15,3.285240185743492667e-9,imported_from_step205_Burnol_boundary_candidate,"K_{1/2}^Gamma(1/2+i tau,rho_i), Burnol 2002 eq.1 + Thm.8"
1.670719670249499345e+01,3,3.00295980563541831559987622876e-16,0.0,3.00295980563541831559987622876e-16,3.285240185743492667e-9,imported_from_step205_Burnol_boundary_candidate,"K_{1/2}^Gamma(1/2+i tau,rho_i), Burnol 2002 eq.1 + Thm.8"
1.727458333626289999e+01,1,1.144064984285279069583085938e-12,0.0,1.144064984285279069583085938e-12,2.4660665621894218164e-9,imported_from_step205_Burnol_boundary_candidate,"K_{1/2}^Gamma(1/2+i tau,rho_i), Burnol 2002 eq.1 + Thm.8"
1.727458333626289999e+01,2,4.77053485973306183122813078403e-18,0.0,4.77053485973306183122813078403e-18,2.4660665621894218164e-9,imported_from_step205_Burnol_boundary_candidate,"K_{1/2}^Gamma(1/2+i tau,rho_i), Burnol 2002 eq.1 + Thm.8"
1.727458333626289999e+01,3,1.33660478447263197046028753019e-16,0.0,1.33660478447263197046028753019e-16,2.4660665621894218164e-9,imported_from_step205_Burnol_boundary_candidate,"K_{1/2}^Gamma(1/2+i tau,rho_i), Burnol 2002 eq.1 + Thm.8"
1.783772895621830656e+01,1,8.68977647736662697001088745234e-13,0.0,8.68977647736662697001088745234e-13,1.9416560007394690071e-9,imported_from_step205_Burnol_boundary_candidate,"K_{1/2}^Gamma(1/2+i tau,rho_i), Burnol 2002 eq.1 + Thm.8"
1.783772895621830656e+01,2,-2.46285736098941349753021515368e-15,0.0,2.46285736098941349753021515368e-15,1.9416560007394690071e-9,imported_from_step205_Burnol_boundary_candidate,"K_{1/2}^Gamma(1/2+i tau,rho_i), Burnol 2002 eq.1 + Thm.8"
1.783772895621830656e+01,3,1.30926648403653437541630783307e-17,0.0,1.30926648403653437541630783307e-17,1.9416560007394690071e-9,imported_from_step205_Burnol_boundary_candidate,"K_{1/2}^Gamma(1/2+i tau,rho_i), Burnol 2002 eq.1 + Thm.8"
1.839649530673413125e+01,1,3.99092736636157222238547045206e-13,0.0,3.99092736636157222238547045206e-13,1.6082986604835626999e-9,imported_from_step205_Burnol_boundary_candidate,"K_{1/2}^Gamma(1/2+i tau,rho_i), Burnol 2002 eq.1 + Thm.8"
1.839649530673413125e+01,2,-2.42192031130252342153443720525e-15,0.0,2.42192031130252342153443720525e-15,1.6082986604835626999e-9,imported_from_step205_Burnol_boundary_candidate,"K_{1/2}^Gamma(1/2+i tau,rho_i), Burnol 2002 eq.1 + Thm.8"
1.839649530673413125e+01,3,-4.04178605301377336838364268356e-17,0.0,4.04178605301377336838364268356e-17,1.6082986604835626999e-9,imported_from_step205_Burnol_boundary_candidate,"K_{1/2}^Gamma(1/2+i tau,rho_i), Burnol 2002 eq.1 + Thm.8"
1.895074520732021739e+01,1,4.47159578093825802724387668689e-14,0.0,4.47159578093825802724387668689e-14,1.3977987044056570222e-9,imported_from_step205_Burnol_boundary_candidate,"K_{1/2}^Gamma(1/2+i tau,rho_i), Burnol 2002 eq.1 + Thm.8"
1.895074520732021739e+01,2,-1.39792064765463871796908682574e-15,0.0,1.39792064765463871796908682574e-15,1.3977987044056570222e-9,imported_from_step205_Burnol_boundary_candidate,"K_{1/2}^Gamma(1/2+i tau,rho_i), Burnol 2002 eq.1 + Thm.8"
1.895074520732021739e+01,3,-4.52251930360022366367106855564e-17,0.0,4.52251930360022366367106855564e-17,1.3977987044056570222e-9,imported_from_step205_Burnol_boundary_candidate,"K_{1/2}^Gamma(1/2+i tau,rho_i), Burnol 2002 eq.1 + Thm.8"
1.950034258630195083e+01,1,-1.16893117954557354199046259887e-13,0.0,1.16893117954557354199046259887e-13,1.2657355824908998602e-9,imported_from_step205_Burnol_boundary_candidate,"K_{1/2}^Gamma(1/2+i tau,rho_i), Burnol 2002 eq.1 + Thm.8"
1.950034258630195083e+01,2,-4.03529845292996655706694869027e-16,0.0,4.03529845292996655706694869027e-16,1.2657355824908998602e-9,imported_from_step205_Burnol_boundary_candidate,"K_{1/2}^Gamma(1/2+i tau,rho_i), Burnol 2002 eq.1 + Thm.8"
1.950034258630195083e+01,3,-2.8474012922219396877931745981e-17,0.0,2.8474012922219396877931745981e-17,1.2657355824908998602e-9,imported_from_step205_Burnol_boundary_candidate,"K_{1/2}^Gamma(1/2+i tau,rho_i), Burnol 2002 eq.1 + Thm.8"
2.004515251422669309e+01,1,-1.33293244628612421385088462188e-13,0.0,1.33293244628612421385088462188e-13,1.1834151755537718173e-9,imported_from_step205_Burnol_boundary_candidate,"K_{1/2}^Gamma(1/2+i tau,rho_i), Burnol 2002 eq.1 + Thm.8"
2.004515251422669309e+01,2,1.67467698789361475539473269917e-16,0.0,1.67467698789361475539473269917e-16,1.1834151755537718173e-9,imported_from_step205_Burnol_boundary_candidate,"K_{1/2}^Gamma(1/2+i tau,rho_i), Burnol 2002 eq.1 + Thm.8"
2.004515251422669309e+01,3,-9.81789956163191166517760252286e-18,0.0,9.81789956163191166517760252286e-18,1.1834151755537718173e-9,imported_from_step205_Burnol_boundary_candidate,"K_{1/2}^Gamma(1/2+i tau,rho_i), Burnol 2002 eq.1 + Thm.8"
2.058504123698975619e+01,1,-8.39946703645750946638150071589e-14,0.0,8.39946703645750946638150071589e-14,1.1324400648795287221e-9,imported_from_step205_Burnol_boundary_candidate,"K_{1/2}^Gamma(1/2+i tau,rho_i), Burnol 2002 eq.1 + Thm.8"
2.058504123698975619e+01,2,3.308932880687807269222126576e-16,0.0,3.308932880687807269222126576e-16,1.1324400648795287221e-9,imported_from_step205_Burnol_boundary_candidate,"K_{1/2}^Gamma(1/2+i tau,rho_i), Burnol 2002 eq.1 + Thm.8"
2.058504123698975619e+01,3,1.95219934923721375727338626055e-18,0.0,1.95219934923721375727338626055e-18,1.1324400648795287221e-9,imported_from_step205_Burnol_boundary_candidate,"K_{1/2}^Gamma(1/2+i tau,rho_i), Burnol 2002 eq.1 + Thm.8"
2.111987620867185456e+01,1,-2.8418950851024530658154759813e-14,0.0,2.8418950851024530658154759813e-14,1.1010950676794312831e-9,imported_from_step205_Burnol_boundary_candidate,"K_{1/2}^Gamma(1/2+i tau,rho_i), Burnol 2002 eq.1 + Thm.8"
2.111987620867185456e+01,2,2.59744599861160670935117908578e-16,0.0,2.59744599861160670935117908578e-16,1.1010950676794312831e-9,imported_from_step205_Burnol_boundary_candidate,"K_{1/2}^Gamma(1/2+i tau,rho_i), Burnol 2002 eq.1 + Thm.8"
2.111987620867185456e+01,3,6.01785616100513013468342118932e-18,0.0,6.01785616100513013468342118932e-18,1.1010950676794312831e-9,imported_from_step205_Burnol_boundary_candidate,"K_{1/2}^Gamma(1/2+i tau,rho_i), Burnol 2002 eq.1 + Thm.8"
2.164952612407989818e+01,1,6.65408507324565519624809088192e-15,0.0,6.65408507324565519624809088192e-15,1.0819677984078295613e-9,imported_from_step205_Burnol_boundary_candidate,"K_{1/2}^Gamma(1/2+i tau,rho_i), Burnol 2002 eq.1 + Thm.8"
2.164952612407989818e+01,2,1.214659357376012847349146351e-16,0.0,1.214659357376012847349146351e-16,1.0819677984078295613e-9,imported_from_step205_Burnol_boundary_candidate,"K_{1/2}^Gamma(1/2+i tau,rho_i), Burnol 2002 eq.1 + Thm.8"
2.164952612407989818e+01,3,5.21589995064481286466576482872e-18,0.0,5.21589995064481286466576482872e-18,1.0819677984078295613e-9,imported_from_step205_Burnol_boundary_candidate,"K_{1/2}^Gamma(1/2+i tau,rho_i), Burnol 2002 eq.1 + Thm.8"
2.217386095098323651e+01,1,1.85927422918329438368814471796e-14,0.0,1.85927422918329438368814471796e-14,1.0703970972544550771e-9,imported_from_step205_Burnol_boundary_candidate,"K_{1/2}^Gamma(1/2+i tau,rho_i), Burnol 2002 eq.1 + Thm.8"
2.217386095098323651e+01,2,1.28884057244799655842691900978e-17,0.0,1.28884057244799655842691900978e-17,1.0703970972544550771e-9,imported_from_step205_Burnol_boundary_candidate,"K_{1/2}^Gamma(1/2+i tau,rho_i), Burnol 2002 eq.1 + Thm.8"
2.217386095098323651e+01,3,2.71626288362315108609212918737e-18,0.0,2.71626288362315108609212918737e-18,1.0703970972544550771e-9,imported_from_step205_Burnol_boundary_candidate,"K_{1/2}^Gamma(1/2+i tau,rho_i), Burnol 2002 eq.1 + Thm.8"
2.269275196203734168e+01,1,1.58768010818386015787494321736e-14,0.0,1.58768010818386015787494321736e-14,1.0634696588013272648e-9,imported_from_step205_Burnol_boundary_candidate,"K_{1/2}^Gamma(1/2+i tau,rho_i), Burnol 2002 eq.1 + Thm.8"
2.269275196203734168e+01,2,-3.83813161026876313408216544656e-17,0.0,3.83813161026876313408216544656e-17,1.0634696588013272648e-9,imported_from_step205_Burnol_boundary_candidate,"K_{1/2}^Gamma(1/2+i tau,rho_i), Burnol 2002 eq.1 + Thm.8"
2.269275196203734168e+01,3,5.2765279038887417213519178627e-19,0.0,5.2765279038887417213519178627e-19,1.0634696588013272648e-9,imported_from_step205_Burnol_boundary_candidate,"K_{1/2}^Gamma(1/2+i tau,rho_i), Burnol 2002 eq.1 + Thm.8"
2.320607176638711877e+01,1,8.12604662393402250796062433328e-15,0.0,8.12604662393402250796062433328e-15,1.0593759107716718091e-9,imported_from_step205_Burnol_boundary_candidate,"K_{1/2}^Gamma(1/2+i tau,rho_i), Burnol 2002 eq.1 + Thm.8"
2.320607176638711877e+01,2,-4.44118872208356369943360694142e-17,0.0,4.44118872208356369943360694142e-17,1.0593759107716718091e-9,imported_from_step205_Burnol_boundary_candidate,"K_{1/2}^Gamma(1/2+i tau,rho_i), Burnol 2002 eq.1 + Thm.8"
2.320607176638711877e+01,3,-6.30351082600756417441611415397e-19,0.0,6.30351082600756417441611415397e-19,1.0593759107716718091e-9,imported_from_step205_Burnol_boundary_candidate,"K_{1/2}^Gamma(1/2+i tau,rho_i), Burnol 2002 eq.1 + Thm.8"
2.371369434094216899e+01,1,1.43045356423242341111623257887e-15,0.0,1.43045356423242341111623257887e-15,1.0569991003589851808e-9,imported_from_step205_Burnol_boundary_candidate,"K_{1/2}^Gamma(1/2+i tau,rho_i), Burnol 2002 eq.1 + Thm.8"
2.371369434094216899e+01,2,-2.87103432324893654165843045316e-17,0.0,2.87103432324893654165843045316e-17,1.0569991003589851808e-9,imported_from_step205_Burnol_boundary_candidate,"K_{1/2}^Gamma(1/2+i tau,rho_i), Burnol 2002 eq.1 + Thm.8"
2.371369434094216899e+01,3,-8.72977131620338174521143878607e-19,0.0,8.72977131620338174521143878607e-19,1.0569991003589851808e-9,imported_from_step205_Burnol_boundary_candidate,"K_{1/2}^Gamma(1/2+i tau,rho_i), Burnol 2002 eq.1 + Thm.8"
2.421549506131619367e+01,1,-2.07460854221887081869639900959e-15,0.0,2.07460854221887081869639900959e-15,1.0556541074884452835e-9,imported_from_step205_Burnol_boundary_candidate,"K_{1/2}^Gamma(1/2+i tau,rho_i), Burnol 2002 eq.1 + Thm.8"
2.421549506131619367e+01,2,-1.01180686421180213091549395532e-17,0.0,1.01180686421180213091549395532e-17,1.0556541074884452835e-9,imported_from_step205_Burnol_boundary_candidate,"K_{1/2}^Gamma(1/2+i tau,rho_i), Burnol 2002 eq.1 + Thm.8"
2.421549506131619367e+01,3,-6.23383761361566913322033232456e-19,0.0,6.23383761361566913322033232456e-19,1.0556541074884452835e-9,imported_from_step205_Burnol_boundary_candidate,"K_{1/2}^Gamma(1/2+i tau,rho_i), Burnol 2002 eq.1 + Thm.8"
2.471135073242303193e+01,1,-2.77003072261511005755821783993e-15,0.0,2.77003072261511005755821783993e-15,1.0549207191477435226e-9,imported_from_step205_Burnol_boundary_candidate,"K_{1/2}^Gamma(1/2+i tau,rho_i), Burnol 2002 eq.1 + Thm.8"
2.471135073242303193e+01,2,2.151250244190596953125174027e-18,0.0,2.151250244190596953125174027e-18,1.0549207191477435226e-9,imported_from_step205_Burnol_boundary_candidate,"K_{1/2}^Gamma(1/2+i tau,rho_i), Burnol 2002 eq.1 + Thm.8"
2.471135073242303193e+01,3,-2.61313948402138879822214575975e-19,0.0,2.61313948402138879822214575975e-19,1.0549207191477435226e-9,imported_from_step205_Burnol_boundary_candidate,"K_{1/2}^Gamma(1/2+i tau,rho_i), Burnol 2002 eq.1 + Thm.8"
2.520113961872178265e+01,1,-1.95825829371313080979274534324e-15,0.0,1.95825829371313080979274534324e-15,1.0545365641457039777e-9,imported_from_step205_Burnol_boundary_candidate,"K_{1/2}^Gamma(1/2+i tau,rho_i), Burnol 2002 eq.1 + Thm.8"
2.520113961872178265e+01,2,6.72539968553349528372350680537e-18,0.0,6.72539968553349528372350680537e-18,1.0545365641457039777e-9,imported_from_step205_Burnol_boundary_candidate,"K_{1/2}^Gamma(1/2+i tau,rho_i), Burnol 2002 eq.1 + Thm.8"
2.520113961872178265e+01,3,5.05138268593315670068495189526e-21,0.0,5.05138268593315670068495189526e-21,1.0545365641457039777e-9,imported_from_step205_Burnol_boundary_candidate,"K_{1/2}^Gamma(1/2+i tau,rho_i), Burnol 2002 eq.1 + Thm.8"
2.568474147410363884e+01,1,-8.11439499832090186246486600915e-16,0.0,8.11439499832090186246486600915e-16,1.0543346173390407562e-9,imported_from_step205_Burnol_boundary_candidate,"K_{1/2}^Gamma(1/2+i tau,rho_i), Burnol 2002 eq.1 + Thm.8"
2.568474147410363884e+01,2,6.09549447749268505876847871433e-18,0.0,6.09549447749268505876847871433e-18,1.0543346173390407562e-9,imported_from_step205_Burnol_boundary_candidate,"K_{1/2}^Gamma(1/2+i tau,rho_i), Burnol 2002 eq.1 + Thm.8"
2.568474147410363884e+01,3,1.23052840080109326955525474614e-19,0.0,1.23052840080109326955525474614e-19,1.0543346173390407562e-9,imported_from_step205_Burnol_boundary_candidate,"K_{1/2}^Gamma(1/2+i tau,rho_i), Burnol 2002 eq.1 + Thm.8"
2.616203757141302333e+01,1,2.84094310248560100025414683794e-17,0.0,2.84094310248560100025414683794e-17,1.0542162739813875992e-9,imported_from_step205_Burnol_boundary_candidate,"K_{1/2}^Gamma(1/2+i tau,rho_i), Burnol 2002 eq.1 + Thm.8"
2.616203757141302333e+01,2,3.40333648068685915086260110953e-18,0.0,3.40333648068685915086260110953e-18,1.0542162739813875992e-9,imported_from_step205_Burnol_boundary_candidate,"K_{1/2}^Gamma(1/2+i tau,rho_i), Burnol 2002 eq.1 + Thm.8"
2.616203757141302333e+01,3,1.28217250482438576751106945572e-19,0.0,1.28217250482438576751106945572e-19,1.0542162739813875992e-9,imported_from_step205_Burnol_boundary_candidate,"K_{1/2}^Gamma(1/2+i tau,rho_i), Burnol 2002 eq.1 + Thm.8"
2.663291073159579980e+01,1,4.01779418697117648082704809594e-16,0.0,4.01779418697117648082704809594e-16,1.0541340701803976701e-9,imported_from_step205_Burnol_boundary_candidate,"K_{1/2}^Gamma(1/2+i tau,rho_i), Burnol 2002 eq.1 + Thm.8"
2.663291073159579980e+01,2,8.42150512709171744614515641031e-19,0.0,8.42150512709171744614515641031e-19,1.0541340701803976701e-9,imported_from_step205_Burnol_boundary_candidate,"K_{1/2}^Gamma(1/2+i tau,rho_i), Burnol 2002 eq.1 + Thm.8"
2.663291073159579980e+01,3,8.07023159934266311758100815811e-20,0.0,8.07023159934266311758100815811e-20,1.0541340701803976701e-9,imported_from_step205_Burnol_boundary_candidate,"K_{1/2}^Gamma(1/2+i tau,rho_i), Burnol 2002 eq.1 + Thm.8"
2.709724535246746058e+01,1,4.19331697704428887728128127667e-16,0.0,4.19331697704428887728128127667e-16,1.0540697466355689672e-9,imported_from_step205_Burnol_boundary_candidate,"K_{1/2}^Gamma(1/2+i tau,rho_i), Burnol 2002 eq.1 + Thm.8"
2.709724535246746058e+01,2,-6.65458261381158498155555575816e-19,0.0,6.65458261381158498155555575816e-19,1.0540697466355689672e-9,imported_from_step205_Burnol_boundary_candidate,"K_{1/2}^Gamma(1/2+i tau,rho_i), Burnol 2002 eq.1 + Thm.8"
2.709724535246746058e+01,3,2.77007066061508425836519266878e-20,0.0,2.77007066061508425836519266878e-20,1.0540697466355689672e-9,imported_from_step205_Burnol_boundary_candidate,"K_{1/2}^Gamma(1/2+i tau,rho_i), Burnol 2002 eq.1 + Thm.8"
2.755492743709415038e+01,1,2.6761076847951324791966236725e-16,0.0,2.6761076847951324791966236725e-16,1.0540171633055477126e-9,imported_from_step205_Burnol_boundary_candidate,"K_{1/2}^Gamma(1/2+i tau,rho_i), Burnol 2002 eq.1 + Thm.8"
2.755492743709415038e+01,2,-1.11599887070266431653089463279e-18,0.0,1.11599887070266431653089463279e-18,1.0540171633055477126e-9,imported_from_step205_Burnol_boundary_candidate,"K_{1/2}^Gamma(1/2+i tau,rho_i), Burnol 2002 eq.1 + Thm.8"
2.755492743709415038e+01,3,-7.64418468879217180168403933888e-21,0.0,7.64418468879217180168403933888e-21,1.0540171633055477126e-9,imported_from_step205_Burnol_boundary_candidate,"K_{1/2}^Gamma(1/2+i tau,rho_i), Burnol 2002 eq.1 + Thm.8"
2.800584462177960532e+01,1,9.54961103525412326901415110339e-17,0.0,9.54961103525412326901415110339e-17,1.0539740685858696983e-9,imported_from_step205_Burnol_boundary_candidate,"K_{1/2}^Gamma(1/2+i tau,rho_i), Burnol 2002 eq.1 + Thm.8"
2.800584462177960532e+01,2,-9.11141486788593212804252884122e-19,0.0,9.11141486788593212804252884122e-19,1.0539740685858696983e-9,imported_from_step205_Burnol_boundary_candidate,"K_{1/2}^Gamma(1/2+i tau,rho_i), Burnol 2002 eq.1 + Thm.8"
2.800584462177960532e+01,3,-2.15602840510481445983673773547e-20,0.0,2.15602840510481445983673773547e-20,1.0539740685858696983e-9,imported_from_step205_Burnol_boundary_candidate,"K_{1/2}^Gamma(1/2+i tau,rho_i), Burnol 2002 eq.1 + Thm.8"
2.844988620365111487e+01,1,-2.18341037231552628654577353123e-17,0.0,2.18341037231552628654577353123e-17,1.053939168314436757e-9,imported_from_step205_Burnol_boundary_candidate,"K_{1/2}^Gamma(1/2+i tau,rho_i), Burnol 2002 eq.1 + Thm.8"
2.844988620365111487e+01,2,-4.77849083432806511717938512432e-19,0.0,4.77849083432806511717938512432e-19,1.053939168314436757e-9,imported_from_step205_Burnol_boundary_candidate,"K_{1/2}^Gamma(1/2+i tau,rho_i), Burnol 2002 eq.1 + Thm.8"
2.844988620365111487e+01,3,-2.03044099423577774495454872027e-20,0.0,2.03044099423577774495454872027e-20,1.053939168314436757e-9,imported_from_step205_Burnol_boundary_candidate,"K_{1/2}^Gamma(1/2+i tau,rho_i), Burnol 2002 eq.1 + Thm.8"
2.888694316783775307e+01,1,-7.05134223832343529158549938139e-17,0.0,7.05134223832343529158549938139e-17,1.0539113172253790002e-9,imported_from_step205_Burnol_boundary_candidate,"K_{1/2}^Gamma(1/2+i tau,rho_i), Burnol 2002 eq.1 + Thm.8"
2.888694316783775307e+01,2,-9.54492310136954152863051628017e-20,0.0,9.54492310136954152863051628017e-20,1.0539113172253790002e-9,imported_from_step205_Burnol_boundary_candidate,"K_{1/2}^Gamma(1/2+i tau,rho_i), Burnol 2002 eq.1 + Thm.8"
2.888694316783775307e+01,3,-1.23536121564568619768645603613e-20,0.0,1.23536121564568619768645603613e-20,1.0539113172253790002e-9,imported_from_step205_Burnol_boundary_candidate,"K_{1/2}^Gamma(1/2+i tau,rho_i), Burnol 2002 eq.1 + Thm.8"
2.931690821423418214e+01,1,-6.91784892929372986286320450212e-17,0.0,6.91784892929372986286320450212e-17,1.0538893907769423519e-9,imported_from_step205_Burnol_boundary_candidate,"K_{1/2}^Gamma(1/2+i tau,rho_i), Burnol 2002 eq.1 + Thm.8"
2.931690821423418214e+01,2,1.25244877079528339146798663187e-19,0.0,1.25244877079528339146798663187e-19,1.0538893907769423519e-9,imported_from_step205_Burnol_boundary_candidate,"K_{1/2}^Gamma(1/2+i tau,rho_i), Burnol 2002 eq.1 + Thm.8"
2.931690821423418214e+01,3,-4.07956325745072340988863607252e-21,0.0,4.07956325745072340988863607252e-21,1.0538893907769423519e-9,imported_from_step205_Burnol_boundary_candidate,"K_{1/2}^Gamma(1/2+i tau,rho_i), Burnol 2002 eq.1 + Thm.8"
2.973967578384348087e+01,1,-4.43489610306740808239408809199e-17,0.0,4.43489610306740808239408809199e-17,1.0538723235867737082e-9,imported_from_step205_Burnol_boundary_candidate,"K_{1/2}^Gamma(1/2+i tau,rho_i), Burnol 2002 eq.1 + Thm.8"
2.973967578384348087e+01,2,1.90402043562928870534268530655e-19,0.0,1.90402043562928870534268530655e-19,1.0538723235867737082e-9,imported_from_step205_Burnol_boundary_candidate,"K_{1/2}^Gamma(1/2+i tau,rho_i), Burnol 2002 eq.1 + Thm.8"
2.973967578384348087e+01,3,1.43258860693223223753191281078e-21,0.0,1.43258860693223223753191281078e-21,1.0538723235867737082e-9,imported_from_step205_Burnol_boundary_candidate,"K_{1/2}^Gamma(1/2+i tau,rho_i), Burnol 2002 eq.1 + Thm.8"
3.015514208469253532e+01,1,-1.67527547875929453759042879134e-17,0.0,1.67527547875929453759042879134e-17,1.0538591593506883902e-9,imported_from_step205_Burnol_boundary_candidate,"K_{1/2}^Gamma(1/2+i tau,rho_i), Burnol 2002 eq.1 + Thm.8"
3.015514208469253532e+01,2,1.57815762431882744006664706781e-19,0.0,1.57815762431882744006664706781e-19,1.0538591593506883902e-9,imported_from_step205_Burnol_boundary_candidate,"K_{1/2}^Gamma(1/2+i tau,rho_i), Burnol 2002 eq.1 + Thm.8"
3.015514208469253532e+01,3,3.7052409681837364477297039356e-21,0.0,3.7052409681837364477297039356e-21,1.0538591593506883902e-9,imported_from_step205_Burnol_boundary_candidate,"K_{1/2}^Gamma(1/2+i tau,rho_i), Burnol 2002 eq.1 + Thm.8"
3.056320511731357215e+01,1,2.79927965071379323393136328243e-18,0.0,2.79927965071379323393136328243e-18,1.0538490777064415374e-9,imported_from_step205_Burnol_boundary_candidate,"K_{1/2}^Gamma(1/2+i tau,rho_i), Burnol 2002 eq.1 + Thm.8"
3.056320511731357215e+01,2,8.86412899943585483067462189281e-20,0.0,8.86412899943585483067462189281e-20,1.0538490777064415374e-9,imported_from_step205_Burnol_boundary_candidate,"K_{1/2}^Gamma(1/2+i tau,rho_i), Burnol 2002 eq.1 + Thm.8"
3.056320511731357215e+01,3,3.62334990475613115968318693832e-21,0.0,3.62334990475613115968318693832e-21,1.0538490777064415374e-9,imported_from_step205_Burnol_boundary_candidate,"K_{1/2}^Gamma(1/2+i tau,rho_i), Burnol 2002 eq.1 + Thm.8"
3.096376469978567769e+01,1,1.18653137107576077280568911294e-17,0.0,1.18653137107576077280568911294e-17,1.0538413988025872422e-9,imported_from_step205_Burnol_boundary_candidate,"K_{1/2}^Gamma(1/2+i tau,rho_i), Burnol 2002 eq.1 + Thm.8"
3.096376469978567769e+01,2,2.43762962647559106074967548355e-20,0.0,2.43762962647559106074967548355e-20,1.0538413988025872422e-9,imported_from_step205_Burnol_boundary_candidate,"K_{1/2}^Gamma(1/2+i tau,rho_i), Burnol 2002 eq.1 + Thm.8"
3.096376469978567769e+01,3,2.40133696499705068458049896234e-21,0.0,2.40133696499705068458049896234e-21,1.0538413988025872422e-9,imported_from_step205_Burnol_boundary_candidate,"K_{1/2}^Gamma(1/2+i tau,rho_i), Burnol 2002 eq.1 + Thm.8"
3.135672249233006781e+01,1,1.27614575892152782706430263377e-17,0.0,1.27614575892152782706430263377e-17,1.0538355736324891228e-9,imported_from_step205_Burnol_boundary_candidate,"K_{1/2}^Gamma(1/2+i tau,rho_i), Burnol 2002 eq.1 + Thm.8"
3.135672249233006781e+01,2,-1.66355829156500052267977232308e-20,0.0,1.66355829156500052267977232308e-20,1.0538355736324891228e-9,imported_from_step205_Burnol_boundary_candidate,"K_{1/2}^Gamma(1/2+i tau,rho_i), Burnol 2002 eq.1 + Thm.8"
3.135672249233006781e+01,3,1.00350854235993919473629797049e-21,0.0,1.00350854235993919473629797049e-21,1.0538355736324891228e-9,imported_from_step205_Burnol_boundary_candidate,"K_{1/2}^Gamma(1/2+i tau,rho_i), Burnol 2002 eq.1 + Thm.8"
3.174198202145310432e+01,1,9.26488259964336170126423083662e-18,0.0,9.26488259964336170126423083662e-18,1.0538311673993727681e-9,imported_from_step205_Burnol_boundary_candidate,"K_{1/2}^Gamma(1/2+i tau,rho_i), Burnol 2002 eq.1 + Thm.8"
3.174198202145310432e+01,2,-3.29527656477181664340767409144e-20,0.0,3.29527656477181664340767409144e-20,1.0538311673993727681e-9,imported_from_step205_Burnol_boundary_candidate,"K_{1/2}^Gamma(1/2+i tau,rho_i), Burnol 2002 eq.1 + Thm.8"
3.174198202145310432e+01,3,-4.10285943474240495913362734833e-23,0.0,4.10285943474240495913362734833e-23,1.0538311673993727681e-9,imported_from_step205_Burnol_boundary_candidate,"K_{1/2}^Gamma(1/2+i tau,rho_i), Burnol 2002 eq.1 + Thm.8"
3.211944870363112869e+01,1,4.61246172248427059203403782084e-18,0.0,4.61246172248427059203403782084e-18,1.0538278407943512099e-9,imported_from_step205_Burnol_boundary_candidate,"K_{1/2}^Gamma(1/2+i tau,rho_i), Burnol 2002 eq.1 + Thm.8"
3.211944870363112869e+01,2,-3.16399897367072108831756787229e-20,0.0,3.16399897367072108831756787229e-20,1.0538278407943512099e-9,imported_from_step205_Burnol_boundary_candidate,"K_{1/2}^Gamma(1/2+i tau,rho_i), Burnol 2002 eq.1 + Thm.8"
3.211944870363112869e+01,3,-5.82952097514379627008968343084e-22,0.0,5.82952097514379627008968343084e-22,1.0538278407943512099e-9,imported_from_step205_Burnol_boundary_candidate,"K_{1/2}^Gamma(1/2+i tau,rho_i), Burnol 2002 eq.1 + Thm.8"
3.248902986853133257e+01,1,7.61605201656230161138233588147e-19,0.0,7.61605201656230161138233588147e-19,1.0538253319777003275e-9,imported_from_step205_Burnol_boundary_candidate,"K_{1/2}^Gamma(1/2+i tau,rho_i), Burnol 2002 eq.1 + Thm.8"
3.248902986853133257e+01,2,-2.16398330550189817864942580991e-20,0.0,2.16398330550189817864942580991e-20,1.0538253319777003275e-9,imported_from_step205_Burnol_boundary_candidate,"K_{1/2}^Gamma(1/2+i tau,rho_i), Burnol 2002 eq.1 + Thm.8"
3.248902986853133257e+01,3,-7.03284538135951647976662144321e-22,0.0,7.03284538135951647976662144321e-22,1.0538253319777003275e-9,imported_from_step205_Burnol_boundary_candidate,"K_{1/2}^Gamma(1/2+i tau,rho_i), Burnol 2002 eq.1 + Thm.8"
3.285063478176287077e+01,1,-1.54710951413804770647299169687e-18,0.0,1.54710951413804770647299169687e-18,1.053823440609518036e-9,imported_from_step205_Burnol_boundary_candidate,"K_{1/2}^Gamma(1/2+i tau,rho_i), Burnol 2002 eq.1 + Thm.8"
3.285063478176287077e+01,2,-1.00476134461433136436800145507e-20,0.0,1.00476134461433136436800145507e-20,1.053823440609518036e-9,imported_from_step205_Burnol_boundary_candidate,"K_{1/2}^Gamma(1/2+i tau,rho_i), Burnol 2002 eq.1 + Thm.8"
3.285063478176287077e+01,3,-5.6909911223829214084017885609e-22,0.0,5.6909911223829214084017885609e-22,1.053823440609518036e-9,imported_from_step205_Burnol_boundary_candidate,"K_{1/2}^Gamma(1/2+i tau,rho_i), Burnol 2002 eq.1 + Thm.8"
3.320417466715277044e+01,1,-2.38849837586371431270544681164e-18,0.0,2.38849837586371431270544681164e-18,1.0538220143943582588e-9,imported_from_step205_Burnol_boundary_candidate,"K_{1/2}^Gamma(1/2+i tau,rho_i), Burnol 2002 eq.1 + Thm.8"
3.320417466715277044e+01,2,-9.10204226597920126540401968636e-22,0.0,9.10204226597920126540401968636e-22,1.0538220143943582588e-9,imported_from_step205_Burnol_boundary_candidate,"K_{1/2}^Gamma(1/2+i tau,rho_i), Burnol 2002 eq.1 + Thm.8"
3.320417466715277044e+01,3,-3.38786857395167586071674692063e-22,0.0,3.38786857395167586071674692063e-22,1.0538220143943582588e-9,imported_from_step205_Burnol_boundary_candidate,"K_{1/2}^Gamma(1/2+i tau,rho_i), Burnol 2002 eq.1 + Thm.8"
3.354956272854100519e+01,1,-2.21788447410148083809049571752e-18,0.0,2.21788447410148083809049571752e-18,1.0538209381199350188e-9,imported_from_step205_Burnol_boundary_candidate,"K_{1/2}^Gamma(1/2+i tau,rho_i), Burnol 2002 eq.1 + Thm.8"
3.354956272854100519e+01,2,4.41384338554688229448901467375e-21,0.0,4.41384338554688229448901467375e-21,1.0538209381199350188e-9,imported_from_step205_Burnol_boundary_candidate,"K_{1/2}^Gamma(1/2+i tau,rho_i), Burnol 2002 eq.1 + Thm.8"
3.354956272854100519e+01,3,-1.20230854913814927789449885874e-22,0.0,1.20230854913814927789449885874e-22,1.0538209381199350188e-9,imported_from_step205_Burnol_boundary_candidate,"K_{1/2}^Gamma(1/2+i tau,rho_i), Burnol 2002 eq.1 + Thm.8"
3.388671417108957939e+01,1,-1.54950739717154439376080377305e-18,0.0,1.54950739717154439376080377305e-18,1.0538201249368469815e-9,imported_from_step205_Burnol_boundary_candidate,"K_{1/2}^Gamma(1/2+i tau,rho_i), Burnol 2002 eq.1 + Thm.8"
3.388671417108957939e+01,2,6.27821467674640313484195126052e-21,0.0,6.27821467674640313484195126052e-21,1.0538201249368469815e-9,imported_from_step205_Burnol_boundary_candidate,"K_{1/2}^Gamma(1/2+i tau,rho_i), Burnol 2002 eq.1 + Thm.8"
3.388671417108957939e+01,3,3.41401817081427331736149440131e-23,0.0,3.41401817081427331736149440131e-23,1.0538201249368469815e-9,imported_from_step205_Burnol_boundary_candidate,"K_{1/2}^Gamma(1/2+i tau,rho_i), Burnol 2002 eq.1 + Thm.8"
3.421554622210014429e+01,1,-7.83447118286775841105728253021e-19,0.0,7.83447118286775841105728253021e-19,1.0538195095397504487e-9,imported_from_step205_Burnol_boundary_candidate,"K_{1/2}^Gamma(1/2+i tau,rho_i), Burnol 2002 eq.1 + Thm.8"
3.421554622210014429e+01,2,5.78679998279387166619664276512e-21,0.0,5.78679998279387166619664276512e-21,1.0538195095397504487e-9,imported_from_step205_Burnol_boundary_candidate,"K_{1/2}^Gamma(1/2+i tau,rho_i), Burnol 2002 eq.1 + Thm.8"
3.421554622210014429e+01,3,1.14007866641360197224676001288e-22,0.0,1.14007866641360197224676001288e-22,1.0538195095397504487e-9,imported_from_step205_Burnol_boundary_candidate,"K_{1/2}^Gamma(1/2+i tau,rho_i), Burnol 2002 eq.1 + Thm.8"
3.453597815133532833e+01,1,-1.53988928912883862533271154991e-19,0.0,1.53988928912883862533271154991e-19,1.0538190429031917557e-9,imported_from_step205_Burnol_boundary_candidate,"K_{1/2}^Gamma(1/2+i tau,rho_i), Burnol 2002 eq.1 + Thm.8"
3.453597815133532833e+01,2,4.12307557649853712024773798249e-21,0.0,4.12307557649853712024773798249e-21,1.0538190429031917557e-9,imported_from_step205_Burnol_boundary_candidate,"K_{1/2}^Gamma(1/2+i tau,rho_i), Burnol 2002 eq.1 + Thm.8"
3.453597815133532833e+01,3,1.33100572325006237438303331877e-22,0.0,1.33100572325006237438303331877e-22,1.0538190429031917557e-9,imported_from_step205_Burnol_boundary_candidate,"K_{1/2}^Gamma(1/2+i tau,rho_i), Burnol 2002 eq.1 + Thm.8"
3.484793129083853813e+01,1,2.49586525004472379105378391853e-19,0.0,2.49586525004472379105378391853e-19,1.0538186882565994793e-9,imported_from_step205_Burnol_boundary_candidate,"K_{1/2}^Gamma(1/2+i tau,rho_i), Burnol 2002 eq.1 + Thm.8"
3.484793129083853813e+01,2,2.20447025450225059681145375154e-21,0.0,2.20447025450225059681145375154e-21,1.0538186882565994793e-9,imported_from_step205_Burnol_boundary_candidate,"K_{1/2}^Gamma(1/2+i tau,rho_i), Burnol 2002 eq.1 + Thm.8"
3.484793129083853813e+01,3,1.13847847922088606971216937624e-22,0.0,1.13847847922088606971216937624e-22,1.0538186882565994793e-9,imported_from_step205_Burnol_boundary_candidate,"K_{1/2}^Gamma(1/2+i tau,rho_i), Burnol 2002 eq.1 + Thm.8"
3.515132905424752607e+01,1,4.34113601135734731521901173192e-19,0.0,4.34113601135734731521901173192e-19,1.0538184180290980535e-9,imported_from_step205_Burnol_boundary_candidate,"K_{1/2}^Gamma(1/2+i tau,rho_i), Burnol 2002 eq.1 + Thm.8"
3.515132905424752607e+01,2,5.82533272551000394412418119758e-22,0.0,5.82533272551000394412418119758e-22,1.0538184180290980535e-9,imported_from_step205_Burnol_boundary_candidate,"K_{1/2}^Gamma(1/2+i tau,rho_i), Burnol 2002 eq.1 + Thm.8"
3.515132905424752607e+01,3,7.74782569723797070408847896009e-23,0.0,7.74782569723797070408847896009e-23,1.0538184180290980535e-9,imported_from_step205_Burnol_boundary_candidate,"K_{1/2}^Gamma(1/2+i tau,rho_i), Burnol 2002 eq.1 + Thm.8"
3.544609695559690721e+01,1,4.53921993264540818476590427134e-19,0.0,4.53921993264540818476590427134e-19,1.0538182115431711013e-9,imported_from_step205_Burnol_boundary_candidate,"K_{1/2}^Gamma(1/2+i tau,rho_i), Burnol 2002 eq.1 + Thm.8"
3.544609695559690721e+01,2,-5.1400460872454843920038523635e-22,0.0,5.1400460872454843920038523635e-22,1.0538182115431711013e-9,imported_from_step205_Burnol_boundary_candidate,"K_{1/2}^Gamma(1/2+i tau,rho_i), Burnol 2002 eq.1 + Thm.8"
3.544609695559690721e+01,3,3.93973135401691228205926238129e-23,0.0,3.93973135401691228205926238129e-23,1.0538182115431711013e-9,imported_from_step205_Burnol_boundary_candidate,"K_{1/2}^Gamma(1/2+i tau,rho_i), Burnol 2002 eq.1 + Thm.8"
3.573216262760506368e+01,1,3.7513796894454624083062725011e-19,0.0,3.7513796894454624083062725011e-19,1.0538180532807220885e-9,imported_from_step205_Burnol_boundary_candidate,"K_{1/2}^Gamma(1/2+i tau,rho_i), Burnol 2002 eq.1 + Thm.8"
3.573216262760506368e+01,2,-1.07815924705959267010260995613e-21,0.0,1.07815924705959267010260995613e-21,1.0538180532807220885e-9,imported_from_step205_Burnol_boundary_candidate,"K_{1/2}^Gamma(1/2+i tau,rho_i), Burnol 2002 eq.1 + Thm.8"
3.573216262760506368e+01,3,8.3449291841414030133335544009e-24,0.0,8.3449291841414030133335544009e-24,1.0538180532807220885e-9,imported_from_step205_Burnol_boundary_candidate,"K_{1/2}^Gamma(1/2+i tau,rho_i), Burnol 2002 eq.1 + Thm.8"
3.600945583944093187e+01,1,2.55096913019238447972303152531e-19,0.0,2.55096913019238447972303152531e-19,1.0538179315833337515e-9,imported_from_step205_Burnol_boundary_candidate,"K_{1/2}^Gamma(1/2+i tau,rho_i), Burnol 2002 eq.1 + Thm.8"
3.600945583944093187e+01,2,-1.22050762101757241645550825844e-21,0.0,1.22050762101757241645550825844e-21,1.0538179315833337515e-9,imported_from_step205_Burnol_boundary_candidate,"K_{1/2}^Gamma(1/2+i tau,rho_i), Burnol 2002 eq.1 + Thm.8"
3.600945583944093187e+01,3,-1.24023038681857347391263621056e-23,0.0,1.24023038681857347391263621056e-23,1.0538179315833337515e-9,imported_from_step205_Burnol_boundary_candidate,"K_{1/2}^Gamma(1/2+i tau,rho_i), Burnol 2002 eq.1 + Thm.8"
3.627790851396635219e+01,1,1.33994526204944481208462251497e-19,0.0,1.33994526204944481208462251497e-19,1.0538178376800070289e-9,imported_from_step205_Burnol_boundary_candidate,"K_{1/2}^Gamma(1/2+i tau,rho_i), Burnol 2002 eq.1 + Thm.8"
3.627790851396635219e+01,2,-1.08901606047520585578625801539e-21,0.0,1.08901606047520585578625801539e-21,1.0538178376800070289e-9,imported_from_step205_Burnol_boundary_candidate,"K_{1/2}^Gamma(1/2+i tau,rho_i), Burnol 2002 eq.1 + Thm.8"
3.627790851396635219e+01,3,-2.31468836477422823676049255994e-23,0.0,2.31468836477422823676049255994e-23,1.0538178376800070289e-9,imported_from_step205_Burnol_boundary_candidate,"K_{1/2}^Gamma(1/2+i tau,rho_i), Burnol 2002 eq.1 + Thm.8"
3.653745474444964003e+01,1,3.44581075577804787304280827009e-20,0.0,3.44581075577804787304280827009e-20,1.0538177649608255248e-9,imported_from_step205_Burnol_boundary_candidate,"K_{1/2}^Gamma(1/2+i tau,rho_i), Burnol 2002 eq.1 + Thm.8"
3.653745474444964003e+01,2,-8.19948991844753106341361104608e-22,0.0,8.19948991844753106341361104608e-22,1.0538177649608255248e-9,imported_from_step205_Burnol_boundary_candidate,"K_{1/2}^Gamma(1/2+i tau,rho_i), Burnol 2002 eq.1 + Thm.8"
3.653745474444964003e+01,3,-2.60159840073850563999511096868e-23,0.0,2.60159840073850563999511096868e-23,1.0538177649608255248e-9,imported_from_step205_Burnol_boundary_candidate,"K_{1/2}^Gamma(1/2+i tau,rho_i), Burnol 2002 eq.1 + Thm.8"
3.678803081074654102e+01,1,-3.48730791225080580933458262076e-20,0.0,3.48730791225080580933458262076e-20,1.0538177084347140303e-9,imported_from_step205_Burnol_boundary_candidate,"K_{1/2}^Gamma(1/2+i tau,rho_i), Burnol 2002 eq.1 + Thm.8"
3.678803081074654102e+01,2,-5.15543867716956914915824448226e-22,0.0,5.15543867716956914915824448226e-22,1.0538177084347140303e-9,imported_from_step205_Burnol_boundary_candidate,"K_{1/2}^Gamma(1/2+i tau,rho_i), Burnol 2002 eq.1 + Thm.8"
3.678803081074654102e+01,3,-2.36787080066805225899034748859e-23,0.0,2.36787080066805225899034748859e-23,1.0538177084347140303e-9,imported_from_step205_Burnol_boundary_candidate,"K_{1/2}^Gamma(1/2+i tau,rho_i), Burnol 2002 eq.1 + Thm.8"
3.702957519494432859e+01,1,-7.45656172213028262219781368003e-20,0.0,7.45656172213028262219781368003e-20,1.0538176643246962782e-9,imported_from_step205_Burnol_boundary_candidate,"K_{1/2}^Gamma(1/2+i tau,rho_i), Burnol 2002 eq.1 + Thm.8"
3.702957519494432859e+01,2,-2.39867877871318646506870298591e-22,0.0,2.39867877871318646506870298591e-22,1.0538176643246962782e-9,imported_from_step205_Burnol_boundary_candidate,"K_{1/2}^Gamma(1/2+i tau,rho_i), Burnol 2002 eq.1 + Thm.8"
3.702957519494432859e+01,3,-1.8578814729713115024294008857e-23,0.0,1.8578814729713115024294008857e-23,1.0538176643246962782e-9,imported_from_step205_Burnol_boundary_candidate,"K_{1/2}^Gamma(1/2+i tau,rho_i), Burnol 2002 eq.1 + Thm.8"
3.726202859646547694e+01,1,-9.00462223280766760121466444283e-20,0.0,9.00462223280766760121466444283e-20,1.0538176297656992173e-9,imported_from_step205_Burnol_boundary_candidate,"K_{1/2}^Gamma(1/2+i tau,rho_i), Burnol 2002 eq.1 + Thm.8"
3.726202859646547694e+01,2,-2.44741972922432973614474446568e-23,0.0,2.44741972922432973614474446568e-23,1.0538176297656992173e-9,imported_from_step205_Burnol_boundary_candidate,"K_{1/2}^Gamma(1/2+i tau,rho_i), Burnol 2002 eq.1 + Thm.8"
3.726202859646547694e+01,3,-1.25845266318793800290410910471e-23,0.0,1.25845266318793800290410910471e-23,1.0538176297656992173e-9,imported_from_step205_Burnol_boundary_candidate,"K_{1/2}^Gamma(1/2+i tau,rho_i), Burnol 2002 eq.1 + Thm.8"
3.748533394662714358e+01,1,-8.83940129398667040324054981244e-20,0.0,8.83940129398667040324054981244e-20,1.0538176025787714868e-9,imported_from_step205_Burnol_boundary_candidate,"K_{1/2}^Gamma(1/2+i tau,rho_i), Burnol 2002 eq.1 + Thm.8"
3.748533394662714358e+01,2,1.22340146442705877560046512874e-22,0.0,1.22340146442705877560046512874e-22,1.0538176025787714868e-9,imported_from_step205_Burnol_boundary_candidate,"K_{1/2}^Gamma(1/2+i tau,rho_i), Burnol 2002 eq.1 + Thm.8"
3.748533394662714358e+01,3,-6.91732613765822133725301339763e-24,0.0,6.91732613765822133725301339763e-24,1.0538176025787714868e-9,imported_from_step205_Burnol_boundary_candidate,"K_{1/2}^Gamma(1/2+i tau,rho_i), Burnol 2002 eq.1 + Thm.8"
3.769943642265292283e+01,1,-7.63617537618830802280107910074e-20,0.0,7.63617537618830802280107910074e-20,1.0538175811022245635e-9,imported_from_step205_Burnol_boundary_candidate,"K_{1/2}^Gamma(1/2+i tau,rho_i), Burnol 2002 eq.1 + Thm.8"
3.769943642265292283e+01,2,2.06386736417179336172450880981e-22,0.0,2.06386736417179336172450880981e-22,1.0538175811022245635e-9,imported_from_step205_Burnol_boundary_candidate,"K_{1/2}^Gamma(1/2+i tau,rho_i), Burnol 2002 eq.1 + Thm.8"
3.769943642265292283e+01,3,-2.23478076879218207811418149483e-24,0.0,2.23478076879218207811418149483e-24,1.0538175811022245635e-9,imported_from_step205_Burnol_boundary_candidate,"K_{1/2}^Gamma(1/2+i tau,rho_i), Burnol 2002 eq.1 + Thm.8"
3.790428346113369429e+01,1,-5.94055017323498675741736252588e-20,0.0,5.94055017323498675741736252588e-20,1.0538175640651820204e-9,imported_from_step205_Burnol_boundary_candidate,"K_{1/2}^Gamma(1/2+i tau,rho_i), Burnol 2002 eq.1 + Thm.8"
3.790428346113369429e+01,2,2.40279218915628478906385663006e-22,0.0,2.40279218915628478906385663006e-22,1.0538175640651820204e-9,imported_from_step205_Burnol_boundary_candidate,"K_{1/2}^Gamma(1/2+i tau,rho_i), Burnol 2002 eq.1 + Thm.8"
3.790428346113369429e+01,3,1.22468718256784212458633588614e-24,0.0,1.22468718256784212458633588614e-24,1.0538175640651820204e-9,imported_from_step205_Burnol_boundary_candidate,"K_{1/2}^Gamma(1/2+i tau,rho_i), Burnol 2002 eq.1 + Thm.8"
3.809982477093420528e+01,1,-4.14049660867099236071375281351e-20,0.0,4.14049660867099236071375281351e-20,1.0538175504927396265e-9,imported_from_step205_Burnol_boundary_candidate,"K_{1/2}^Gamma(1/2+i tau,rho_i), Burnol 2002 eq.1 + Thm.8"
3.809982477093420528e+01,2,2.3841880991398441195495393968e-22,0.0,2.3841880991398441195495393968e-22,1.0538175504927396265e-9,imported_from_step205_Burnol_boundary_candidate,"K_{1/2}^Gamma(1/2+i tau,rho_i), Burnol 2002 eq.1 + Thm.8"
3.809982477093420528e+01,3,3.4925821125588992754407782835e-24,0.0,3.4925821125588992754407782835e-24,1.0538175504927396265e-9,imported_from_step205_Burnol_boundary_candidate,"K_{1/2}^Gamma(1/2+i tau,rho_i), Burnol 2002 eq.1 + Thm.8"
3.828601234554264465e+01,1,-2.47816341294908153963514645705e-20,0.0,2.47816341294908153963514645705e-20,1.0538175396347082202e-9,imported_from_step205_Burnol_boundary_candidate,"K_{1/2}^Gamma(1/2+i tau,rho_i), Burnol 2002 eq.1 + Thm.8"
3.828601234554264465e+01,2,2.1404268679570821895424943063e-22,0.0,2.1404268679570821895424943063e-22,1.0538175396347082202e-9,imported_from_step205_Burnol_boundary_candidate,"K_{1/2}^Gamma(1/2+i tau,rho_i), Burnol 2002 eq.1 + Thm.8"
3.828601234554264465e+01,3,4.74595486536736557375433562531e-24,0.0,4.74595486536736557375433562531e-24,1.0538175396347082202e-9,imported_from_step205_Burnol_boundary_candidate,"K_{1/2}^Gamma(1/2+i tau,rho_i), Burnol 2002 eq.1 + Thm.8"
3.846280047486042974e+01,1,-1.07959118029903745927141979144e-20,0.0,1.07959118029903745927141979144e-20,1.0538175309119703663e-9,imported_from_step205_Burnol_boundary_candidate,"K_{1/2}^Gamma(1/2+i tau,rho_i), Burnol 2002 eq.1 + Thm.8"
3.846280047486042974e+01,2,1.77836759903849208854890748358e-22,0.0,1.77836759903849208854890748358e-22,1.0538175309119703663e-9,imported_from_step205_Burnol_boundary_candidate,"K_{1/2}^Gamma(1/2+i tau,rho_i), Burnol 2002 eq.1 + Thm.8"
3.846280047486042974e+01,3,5.21768285925890061016929354048e-24,0.0,5.21768285925890061016929354048e-24,1.0538175309119703663e-9,imported_from_step205_Burnol_boundary_candidate,"K_{1/2}^Gamma(1/2+i tau,rho_i), Burnol 2002 eq.1 + Thm.8"
3.863014575642979054e+01,1,1.15966027910285310557493829847e-22,0.0,1.15966027910285310557493829847e-22,1.0538175238760110672e-9,imported_from_step205_Burnol_boundary_candidate,"K_{1/2}^Gamma(1/2+i tau,rho_i), Burnol 2002 eq.1 + Thm.8"
3.863014575642979054e+01,2,1.3758398520724559386757359172e-22,0.0,1.3758398520724559386757359172e-22,1.0538175238760110672e-9,imported_from_step205_Burnol_boundary_candidate,"K_{1/2}^Gamma(1/2+i tau,rho_i), Burnol 2002 eq.1 + Thm.8"
3.863014575642979054e+01,3,5.13987024146183677449634910401e-24,0.0,5.13987024146183677449634910401e-24,1.0538175238760110672e-9,imported_from_step205_Burnol_boundary_candidate,"K_{1/2}^Gamma(1/2+i tau,rho_i), Burnol 2002 eq.1 + Thm.8"
3.878800710609750269e+01,1,8.04002406635986415527917328344e-21,0.0,8.04002406635986415527917328344e-21,1.0538175181783179519e-9,imported_from_step205_Burnol_boundary_candidate,"K_{1/2}^Gamma(1/2+i tau,rho_i), Burnol 2002 eq.1 + Thm.8"
3.878800710609750269e+01,2,9.84038890916860550350029129249e-23,0.0,9.84038890916860550350029129249e-23,1.0538175181783179519e-9,imported_from_step205_Burnol_boundary_candidate,"K_{1/2}^Gamma(1/2+i tau,rho_i), Burnol 2002 eq.1 + Thm.8"
3.878800710609750269e+01,3,4.7136251288648511030758984359e-24,0.0,4.7136251288648511030758984359e-24,1.0538175181783179519e-9,imported_from_step205_Burnol_boundary_candidate,"K_{1/2}^Gamma(1/2+i tau,rho_i), Burnol 2002 eq.1 + Thm.8"
3.893634576811322034e+01,1,1.33481274754132949233912008648e-20,0.0,1.33481274754132949233912008648e-20,1.0538175135471888861e-9,imported_from_step205_Burnol_boundary_candidate,"K_{1/2}^Gamma(1/2+i tau,rho_i), Burnol 2002 eq.1 + Thm.8"
3.893634576811322034e+01,2,6.32606081140276691220520626438e-23,0.0,6.32606081140276691220520626438e-23,1.0538175135471888861e-9,imported_from_step205_Burnol_boundary_candidate,"K_{1/2}^Gamma(1/2+i tau,rho_i), Burnol 2002 eq.1 + Thm.8"
3.893634576811322034e+01,3,4.09723957897353347350070946065e-24,0.0,4.09723957897353347350070946065e-24,1.0538175135471888861e-9,imported_from_step205_Burnol_boundary_candidate,"K_{1/2}^Gamma(1/2+i tau,rho_i), Burnol 2002 eq.1 + Thm.8"
3.907512532466265043e+01,1,1.6531177433077527579712557209e-20,0.0,1.6531177433077527579712557209e-20,1.0538175097701104587e-9,imported_from_step205_Burnol_boundary_candidate,"K_{1/2}^Gamma(1/2+i tau,rho_i), Burnol 2002 eq.1 + Thm.8"
3.907512532466265043e+01,2,3.35331421024900410824358431684e-23,0.0,3.35331421024900410824358431684e-23,1.0538175097701104587e-9,imported_from_step205_Burnol_boundary_candidate,"K_{1/2}^Gamma(1/2+i tau,rho_i), Burnol 2002 eq.1 + Thm.8"
3.907512532466265043e+01,3,3.40568448316743065165162651993e-24,0.0,3.40568448316743065165162651993e-24,1.0538175097701104587e-9,imported_from_step205_Burnol_boundary_candidate,"K_{1/2}^Gamma(1/2+i tau,rho_i), Burnol 2002 eq.1 + Thm.8"
3.920431170483696093e+01,1,1.80928041600013425224540005613e-20,0.0,1.80928041600013425224540005613e-20,1.0538175066803354524e-9,imported_from_step205_Burnol_boundary_candidate,"K_{1/2}^Gamma(1/2+i tau,rho_i), Burnol 2002 eq.1 + Thm.8"
3.920431170483696093e+01,2,9.53409879371164413776442873553e-24,0.0,9.53409879371164413776442873553e-24,1.0538175066803354524e-9,imported_from_step205_Burnol_boundary_candidate,"K_{1/2}^Gamma(1/2+i tau,rho_i), Burnol 2002 eq.1 + Thm.8"
3.920431170483696093e+01,3,2.71603675755875094491645247558e-24,0.0,2.71603675755875094491645247558e-24,1.0538175066803354524e-9,imported_from_step205_Burnol_boundary_candidate,"K_{1/2}^Gamma(1/2+i tau,rho_i), Burnol 2002 eq.1 + Thm.8"
3.932387319304383055e+01,1,1.84896303063056489240317684376e-20,0.0,1.84896303063056489240317684376e-20,1.0538175041466328754e-9,imported_from_step205_Burnol_boundary_candidate,"K_{1/2}^Gamma(1/2+i tau,rho_i), Burnol 2002 eq.1 + Thm.8"
3.932387319304383055e+01,2,-9.07225836105803062741381112958e-24,0.0,9.07225836105803062741381112958e-24,1.0538175041466328754e-9,imported_from_step205_Burnol_boundary_candidate,"K_{1/2}^Gamma(1/2+i tau,rho_i), Burnol 2002 eq.1 + Thm.8"
3.932387319304383055e+01,3,2.07521681647159249193764037253e-24,0.0,2.07521681647159249193764037253e-24,1.0538175041466328754e-9,imported_from_step205_Burnol_boundary_candidate,"K_{1/2}^Gamma(1/2+i tau,rho_i), Burnol 2002 eq.1 + Thm.8"
3.943378043687145862e+01,1,1.81041186780522650743976583369e-20,0.0,1.81041186780522650743976583369e-20,1.0538175020654412782e-9,imported_from_step205_Burnol_boundary_candidate,"K_{1/2}^Gamma(1/2+i tau,rho_i), Burnol 2002 eq.1 + Thm.8"
3.943378043687145862e+01,2,-2.2962141759312285949963061721e-23,0.0,2.2962141759312285949963061721e-23,1.0538175020654412782e-9,imported_from_step205_Burnol_boundary_candidate,"K_{1/2}^Gamma(1/2+i tau,rho_i), Burnol 2002 eq.1 + Thm.8"
3.943378043687145862e+01,3,1.50787342023011328213991146916e-24,0.0,1.50787342023011328213991146916e-24,1.0538175020654412782e-9,imported_from_step205_Burnol_boundary_candidate,"K_{1/2}^Gamma(1/2+i tau,rho_i), Burnol 2002 eq.1 + Thm.8"
3.953400645443045391e+01,1,1.72381961709356809636456323544e-20,0.0,1.72381961709356809636456323544e-20,1.0538175003548477677e-9,imported_from_step205_Burnol_boundary_candidate,"K_{1/2}^Gamma(1/2+i tau,rho_i), Burnol 2002 eq.1 + Thm.8"
3.953400645443045391e+01,2,-3.29430770214630960604992483813e-23,0.0,3.29430770214630960604992483813e-23,1.0538175003548477677e-9,imported_from_step205_Burnol_boundary_candidate,"K_{1/2}^Gamma(1/2+i tau,rho_i), Burnol 2002 eq.1 + Thm.8"
3.953400645443045391e+01,3,1.02330947327904128395781694874e-24,0.0,1.02330947327904128395781694874e-24,1.0538175003548477677e-9,imported_from_step205_Burnol_boundary_candidate,"K_{1/2}^Gamma(1/2+i tau,rho_i), Burnol 2002 eq.1 + Thm.8"
3.962452664122694301e+01,1,1.6118723429227642904640531317e-20,0.0,1.6118723429227642904640531317e-20,1.0538174989499582642e-9,imported_from_step205_Burnol_boundary_candidate,"K_{1/2}^Gamma(1/2+i tau,rho_i), Burnol 2002 eq.1 + Thm.8"
3.962452664122694301e+01,2,-3.98235151149318410405416011979e-23,0.0,3.98235151149318410405416011979e-23,1.0538174989499582642e-9,imported_from_step205_Burnol_boundary_candidate,"K_{1/2}^Gamma(1/2+i tau,rho_i), Burnol 2002 eq.1 + Thm.8"
3.962452664122694301e+01,3,6.21027901252638906925197135489e-25,0.0,6.21027901252638906925197135489e-25,1.0538174989499582642e-9,imported_from_step205_Burnol_boundary_candidate,"K_{1/2}^Gamma(1/2+i tau,rho_i), Burnol 2002 eq.1 + Thm.8"
3.970531877668759080e+01,1,1.49086293774903278432779161657e-20,0.0,1.49086293774903278432779161657e-20,1.0538174977993316519e-9,imported_from_step205_Burnol_boundary_candidate,"K_{1/2}^Gamma(1/2+i tau,rho_i), Burnol 2002 eq.1 + Thm.8"
3.970531877668759080e+01,2,-4.43401809688817589119479161072e-23,0.0,4.43401809688817589119479161072e-23,1.0538174977993316519e-9,imported_from_step205_Burnol_boundary_candidate,"K_{1/2}^Gamma(1/2+i tau,rho_i), Burnol 2002 eq.1 + Thm.8"
3.970531877668759080e+01,3,2.94874183321279666933139467283e-25,0.0,2.94874183321279666933139467283e-25,1.0538174977993316519e-9,imported_from_step205_Burnol_boundary_candidate,"K_{1/2}^Gamma(1/2+i tau,rho_i), Burnol 2002 eq.1 + Thm.8"
3.977636303062806178e+01,1,1.37197873362893987391294712322e-20,0.0,1.37197873362893987391294712322e-20,1.0538174968622308123e-9,imported_from_step205_Burnol_boundary_candidate,"K_{1/2}^Gamma(1/2+i tau,rho_i), Burnol 2002 eq.1 + Thm.8"
3.977636303062806178e+01,2,-4.71246842146809541333781879105e-23,0.0,4.71246842146809541333781879105e-23,1.0538174968622308123e-9,imported_from_step205_Burnol_boundary_candidate,"K_{1/2}^Gamma(1/2+i tau,rho_i), Burnol 2002 eq.1 + Thm.8"
3.977636303062806178e+01,3,3.59501370032810808202910999309e-26,0.0,3.59501370032810808202910999309e-26,1.0538174968622308123e-9,imported_from_step205_Burnol_boundary_candidate,"K_{1/2}^Gamma(1/2+i tau,rho_i), Burnol 2002 eq.1 + Thm.8"
3.983764197044045119e+01,1,1.26253843067540032379783276295e-20,0.0,1.26253843067540032379783276295e-20,1.0538174961065039802e-9,imported_from_step205_Burnol_boundary_candidate,"K_{1/2}^Gamma(1/2+i tau,rho_i), Burnol 2002 eq.1 + Thm.8"
3.983764197044045119e+01,2,-4.86948195236633887932387206662e-23,0.0,4.86948195236633887932387206662e-23,1.0538174961065039802e-9,imported_from_step205_Burnol_boundary_candidate,"K_{1/2}^Gamma(1/2+i tau,rho_i), Burnol 2002 eq.1 + Thm.8"
3.983764197044045119e+01,3,-1.6545343498029816332348509678e-25,0.0,1.6545343498029816332348509678e-25,1.0538174961065039802e-9,imported_from_step205_Burnol_boundary_candidate,"K_{1/2}^Gamma(1/2+i tau,rho_i), Burnol 2002 eq.1 + Thm.8"
3.988914057133519009e+01,1,1.16706772495180451217489374598e-20,0.0,1.16706772495180451217489374598e-20,1.0538174955069555074e-9,imported_from_step205_Burnol_boundary_candidate,"K_{1/2}^Gamma(1/2+i tau,rho_i), Burnol 2002 eq.1 + Thm.8"
3.988914057133519009e+01,2,-4.94599205886411839554429578195e-23,0.0,4.94599205886411839554429578195e-23,1.0538174955069555074e-9,imported_from_step205_Burnol_boundary_candidate,"K_{1/2}^Gamma(1/2+i tau,rho_i), Burnol 2002 eq.1 + Thm.8"
3.988914057133519009e+01,3,-3.18654995200285424196374729949e-25,0.0,3.18654995200285424196374729949e-25,1.0538174955069555074e-9,imported_from_step205_Burnol_boundary_candidate,"K_{1/2}^Gamma(1/2+i tau,rho_i), Burnol 2002 eq.1 + Thm.8"
3.993084623795643040e+01,1,1.08817462728060881906376537832e-20,0.0,1.08817462728060881906376537832e-20,1.0538174950440997332e-9,imported_from_step205_Burnol_boundary_candidate,"K_{1/2}^Gamma(1/2+i tau,rho_i), Burnol 2002 eq.1 + Thm.8"
3.993084623795643040e+01,2,-4.97329936922050551794740150128e-23,0.0,4.97329936922050551794740150128e-23,1.0538174950440997332e-9,imported_from_step205_Burnol_boundary_candidate,"K_{1/2}^Gamma(1/2+i tau,rho_i), Burnol 2002 eq.1 + Thm.8"
3.993084623795643040e+01,3,-4.3189260440547443441480274649e-25,0.0,4.3189260440547443441480274649e-25,1.0538174950440997332e-9,imported_from_step205_Burnol_boundary_candidate,"K_{1/2}^Gamma(1/2+i tau,rho_i), Burnol 2002 eq.1 + Thm.8"
3.996274887492609196e+01,1,1.02722593161245927599492034686e-20,0.0,1.02722593161245927599492034686e-20,1.0538174947032178779e-9,imported_from_step205_Burnol_boundary_candidate,"K_{1/2}^Gamma(1/2+i tau,rho_i), Burnol 2002 eq.1 + Thm.8"
3.996274887492609196e+01,2,-4.97449512978708788455774706233e-23,0.0,4.97449512978708788455774706233e-23,1.0538174947032178779e-9,imported_from_step205_Burnol_boundary_candidate,"K_{1/2}^Gamma(1/2+i tau,rho_i), Burnol 2002 eq.1 + Thm.8"
3.996274887492609196e+01,3,-5.11970997418437582701170644921e-25,0.0,5.11970997418437582701170644921e-25,1.0538174947032178779e-9,imported_from_step205_Burnol_boundary_candidate,"K_{1/2}^Gamma(1/2+i tau,rho_i), Burnol 2002 eq.1 + Thm.8"
3.998484125123745514e+01,1,9.84845355299878971936783081808e-21,0.0,9.84845355299878971936783081808e-21,1.0538174944736562566e-9,imported_from_step205_Burnol_boundary_candidate,"K_{1/2}^Gamma(1/2+i tau,rho_i), Burnol 2002 eq.1 + Thm.8"
3.998484125123745514e+01,2,-4.96581193660644651042437570371e-23,0.0,4.96581193660644651042437570371e-23,1.0538174944736562566e-9,imported_from_step205_Burnol_boundary_candidate,"K_{1/2}^Gamma(1/2+i tau,rho_i), Burnol 2002 eq.1 + Thm.8"
3.998484125123745514e+01,3,-5.64113919203206110281409878497e-25,0.0,5.64113919203206110281409878497e-25,1.0538174944736562566e-9,imported_from_step205_Burnol_boundary_candidate,"K_{1/2}^Gamma(1/2+i tau,rho_i), Burnol 2002 eq.1 + Thm.8"
3.999712285140279988e+01,1,9.61254356849261350703734364497e-21,0.0,9.61254356849261350703734364497e-21,1.053817494348290369e-9,imported_from_step205_Burnol_boundary_candidate,"K_{1/2}^Gamma(1/2+i tau,rho_i), Burnol 2002 eq.1 + Thm.8"
3.999712285140279988e+01,2,-4.95774064759715331345917250707e-23,0.0,4.95774064759715331345917250707e-23,1.053817494348290369e-9,imported_from_step205_Burnol_boundary_candidate,"K_{1/2}^Gamma(1/2+i tau,rho_i), Burnol 2002 eq.1 + Thm.8"
3.999712285140279988e+01,3,-5.91934630109791160497249792468e-25,0.0,5.91934630109791160497249792468e-25,1.053817494348290369e-9,imported_from_step205_Burnol_boundary_candidate,"K_{1/2}^Gamma(1/2+i tau,rho_i), Burnol 2002 eq.1 + Thm.8"
