j,T,rho,Re_zeta_prime,Im_zeta_prime,Re_zeta_double_prime,Im_zeta_double_prime,abs_zeta_double_prime,s_bwd,s_fwd,s_min,nearest_j,nearest_direction,actual_signflip_Re_zeta2_ge_0
1,14.13472514173469379045725198356247027078,0.5+14.13472514173469379045725198356247027078i,0.78329651186703092864965720923906507,0.12469982974817108940992849150890537,-0.61440979457722918637030916990658477,-0.22978364311243427507468689925433001,0.65597249813879814131564393036788669,14.13472514173469379045725198356247,6.8873144970368612021712276103344325,6.8873144970368612021712276103344325,2,above,False
2,21.02203963877155499262847959389690277733,0.5+21.02203963877155499262847959389690277733i,1.1092955634626715656522258941296316,-0.2487297885164974582208299579616461,-1.313328037447389252425898085340122,0.41746946664334026969807865111279431,1.3780824683323150311366999982971025,6.8873144970368612021712276103344325,3.988817941374133770585311398665919,3.988817941374133770585311398665919,3,above,False
3,25.01085758014568876321379099256282181866,0.5+25.01085758014568876321379099256282181866i,1.2957956050088351734442657684569052,0.45003670943786714356857517109274557,-1.6732907094485720804346849732433353,-0.95761700159429510405786831442160906,1.9279346773346222121436812619640922,3.988817941374133770585311398665919,5.4140185457138244470981065380212695,3.988817941374133770585311398665919,2,below,False
4,30.42487612585951321031189753058409132018,0.5+30.42487612585951321031189753058409132018i,1.120130845244493437037871652290748,-0.66750946934949228255188338608610197,-1.4630795126060514957029460735671337,1.562596845678349107529112387602762,2.1406332152733423316473500338659684,5.4140185457138244470981065380212695,2.5101854618796764803504714334908122,2.5101854618796764803504714334908122,5,above,False
5,32.93506158773918969066236896407490348881,0.5+32.93506158773918969066236896407490348881i,1.1605700674935625703787678685286799,0.75055415034226382161380717883765296,-1.5220801517736407386067236043583862,-1.8627428940089092371550567837916701,2.4055226204723071983116828193418983,2.5101854618796764803504714334908122,4.6511165710864815665553945166304293,2.5101854618796764803504714334908122,4,below,False
6,37.58617815882567125721776348070533282141,0.5+37.58617815882567125721776348070533282141i,1.8534662499829554254405966605875197,-0.56100442049576069098496234168430208,-3.2033537637323339334937461566672889,1.3735036031076084241268911647571728,3.4853963165424519938604421909972989,4.6511165710864815665553945166304293,3.3325408533218239301803634339279216,3.3325408533218239301803634339279216,7,above,False
7,40.91871901214749518739812691463325439573,0.5+40.91871901214749518739812691463325439573i,1.4595173346719907852347919029893782,-0.30286893544609256109180117404561781,-2.6651244043047168386238187904185193,0.90265200206332391053934609179718194,2.8138352345596745503829639717525897,3.3325408533218239301803634339279216,2.4083542687675043320979952507735514,2.4083542687675043320979952507735514,8,above,False
8,43.32707328091499951949612216540680578265,0.5+43.32707328091499951949612216540680578265i,1.4640875741457993909575018889191772,1.1037257926214103575826625140275411,-2.1742989469005580601898960883224137,-2.9969324742346576244546563491268172,3.7025910070672324508817471415944185,2.4083542687675043320979952507735514,4.6780776002521602084463505840207103,2.4083542687675043320979952507735514,7,below,False
9,48.00515088116715972794247274942751604169,0.5+48.00515088116715972794247274942751604169i,1.0339297984719464888763938241618607,-1.1788604159878191767053851719775721,-1.042526985150963367890051093457034,3.3266868241474089474594910121403731,3.4862168235386523039855815409834999,4.6780776002521602084463505840207103,1.768681596505142453974311929136208,1.768681596505142453974311929136208,10,above,False
10,49.77383247767230218191678467856372405772,0.5+49.77383247767230218191678467856372405772i,1.2608936467842434457729473091340337,0.65078102523623133751555302309472975,-2.1865457244380257352534720880413345,-2.166408076524324139872868266743476,3.0780360880093710576781639547999998,1.768681596505142453974311929136208,3.196489000042158462230511930317266,1.768681596505142453974311929136208,9,below,False
11,52.97032147771446064414729660888099006383,0.5+52.97032147771446064414729660888099006383i,2.3449706326674450731838977480478836,0.62401819239326753929260820135334118,-4.8756153516734316755579769248912677,-1.7943514858612523278991171390138326,5.1953173447139997440873068318542213,3.196489000042158462230511930317266,3.4759262193489341602204628678251375,3.196489000042158462230511930317266,10,below,False
12,56.44624769706339480436775947670612755278,0.5+56.44624769706339480436775947670612755278i,2.2168085378914293331998719075311796,-0.83239157594724129259778350060344284,-4.6488424868129666167189676820571886,2.4078342347492501500813846679355991,5.2353989503406399688511872111379818,3.4759262193489341602204628678251375,2.9007963055389582752858891982860915,2.9007963055389582752858891982860915,13,above,False
13,59.3470440026023530796536486749922190311,0.5+59.3470440026023530796536486749922190311i,1.260151512614870286712204049619,-0.59088157874629211465030260945290138,-2.3924035074129573224886751621050555,2.2594112833902488814509767826830874,3.2906737744408806229954561541833594,2.9007963055389582752858891982860915,1.4847345220074567646062531495317848,1.4847345220074567646062531495317848,14,above,False
14,60.83177852460980984425990182452400380291,0.5+60.83177852460980984425990182452400380291i,0.85593650398215791084181268286815653,1.4154783527660133919397696389762288,-0.2106584479803954782183184725382543,-4.2610972210371259141739404026365444,4.2663012679410986585020740233065232,1.4847345220074567646062531495317848,4.2807655234717968166151524286597012,1.4847345220074567646062531495317848,13,below,False
15,65.11254404808160666087505425318370502935,0.5+65.11254404808160666087505425318370502935i,1.6515820757305586406876431228338009,-1.5831012172721204453508190290899076,-2.6557113162063339406353999036104211,4.95989462787214146189351425573945,5.6261316474662506113843833689075593,4.2807655234717968166151524286597012,1.9672664814125670536037746433385117,1.9672664814125670536037746433385117,16,above,False
16,67.07981052949417371447882889652221677011,0.5+67.07981052949417371447882889652221677011i,1.7800760754908273922031283191772798,0.1117372342025973502741924206542467,-4.1930781423676186927540955119142143,-0.61724459082561437114777438136274398,4.2382655878206311486082670200878716,1.9672664814125670536037746433385117,2.4665911816798055384480286300325217,1.9672664814125670536037746433385117,15,below,False
17,69.54640171117397925292685752655473844301,0.5+69.54640171117397925292685752655473844301i,2.1120179422005900578435603378949622,0.56509828998751021456408968554337637,-4.9696283312271651433651530713652508,-1.7617967293792349099873409462398091,5.2726780165478592700717427540062999,2.4665911816798055384480286300325217,2.5207559633079283295952504432714299,2.4665911816798055384480286300325217,16,below,False
18,72.06715767448190758252210796982616839048,0.5+72.06715767448190758252210796982616839048i,2.7844203978322208048943005467587352,1.0175779107893829167403172439217913,-6.436375579038556647400877722512822,-3.4589508103872857233938479654158467,7.3069330983062090714249161708869052,2.5207559633079283295952504432714299,3.6375330246020255858048087922041775,2.5207559633079283295952504432714299,17,below,False
19,75.70469069908393316832691676203034592281,0.5+75.70469069908393316832691676203034592281i,0.97575697422686857747267025639618351,-1.4881928193913025143442825222016966,-0.62485946758366477045690841413638739,4.8867073812213998942549410647960766,4.9264955479440609314797857976700069,3.6375330246020255858048087922041775,1.4401493697908722043557480942742911,1.4401493697908722043557480942742911,20,above,False
20,77.1448400688748053726826648563046370158,0.5+77.1448400688748053726826648563046370158i,1.3681211817005665297430816957009048,0.50266771858187695302772464887157162,-3.1233688368663249634654147004093779,-2.0978089378372886207105702768049406,3.76247727312441221005876328265184,1.4401493697908722043557480942742911,2.1925349513745625500809280208115912,1.4401493697908722043557480942742911,19,below,False
21,79.33737502024936792276359287711622819061,0.5+79.33737502024936792276359287711622819061i,1.9673676408202182695324737368264748,1.7572444965098600586548387121026635,-3.7770696845004079793758458406744974,-5.8128024879903619370359900457569046,6.9321661957831733237137251210608148,2.1925349513745625500809280208115912,3.5730058338366622604012446176543813,2.1925349513745625500809280208115912,20,below,False
22,82.91038085408603018316483749477060949751,0.5+82.91038085408603018316483749477060949751i,2.0103919192946272259927314079720865,-1.6907953829316193550785100426931302,-3.9042127286808036457075013007941317,5.8867876964820290204315331832208037,7.0637912210260999425819374006395142,3.5730058338366622604012446176543813,1.8251121264310199225704737120571319,1.8251121264310199225704737120571319,23,above,False
23,84.73549298051705010573531120682774141711,0.5+84.73549298051705010573531120682774141711i,2.1551931061832097065023732171474141,0.16861318780693095092662178955686465,-5.5575458248148834106165087522287443,-1.0715796827634517692481579542605931,5.6599115374207716234252613849667221,1.8251121264310199225704737120571319,2.6897816326081793007963566440914718,1.8251121264310199225704737120571319,22,below,False
24,87.42527461312522940653166785091921325217,0.5+87.42527461312522940653166785091921325217i,1.7198208831227327295398915984283588,-0.53274094643464034843577182999152211,-4.1490667648074506246562473386784169,2.6263321758611543453155085092878945,4.9104353897382002059572903524303423,2.6897816326081793007963566440914718,1.3838365945092360171506802285901651,1.3838365945092360171506802285901651,25,above,False
25,88.80911120763446542368234807950937839544,0.5+88.80911120763446542368234807950937839544i,1.1501913618395919329001159272042871,1.8477124677988850824689578449256394,-0.67734126204543427936549632622023771,-6.3685936550237022202254205470952626,6.4045121850206093828302416553147855,1.3838365945092360171506802285901651,3.6827880629240188725773771623013065,1.3838365945092360171506802285901651,24,below,False
26,92.49189927055848429625972524181068487872,0.5+92.49189927055848429625972524181068487872i,2.1798501475768579315925503095856709,-2.0685210851138017325107804557976784,-4.3824010412406550407780688862892111,7.1221254680509638098123450438900081,8.3624225000251773815026036539229788,3.6827880629240188725773771623013065,2.1594447699614026703382005733974691,2.1594447699614026703382005733974691,27,above,False
27,94.65134404051988696659792581520815393773,0.5+94.65134404051988696659792581520815393773i,1.2736284432201338288092699171205532,-0.75266287773737742000029830646837125,-2.7585113725772951266916070817726361,3.219163692807233062585959924224507,4.2393867332111344339124305257812597,2.1594447699614026703382005733974691,1.2192901877254227921431034040386278,1.2192901877254227921431034040386278,28,above,False
28,95.87063422824530975874102921924678169526,0.5+95.87063422824530975874102921924678169526i,0.98458392516445658914357876217929675,1.3779474237420037677477523187264003,-0.76172765911995239769294431452942515,-5.1279518510090861055643112708346642,5.1842182836890534256469719545094297,1.2192901877254227921431034040386278,2.9605599899483824745833909193755461,1.2192901877254227921431034040386278,27,below,False
29,98.83119421819369223332442013862232782066,0.5+98.83119421819369223332442013862232782066i,3.5135624370712609264940061807012979,0.12448741421238858648655657147367409,-9.6860736258286958405976923284745969,-0.22053417279674922163461182645015741,9.6885838803380034998209661349027047,2.9605599899483824745833909193755461,2.4866567875376989954610278016699811,2.4866567875376989954610278016699811,30,above,False
30,101.3178510057313912287854479402923089063,0.5+101.3178510057313912287854479402923089063i,3.044910497544995653558161321335501,-0.82481491661098156581813325061889093,-8.3166439513226496277349784647577206,2.8447144121650735901195646937078875,8.7897079985544056033680551644979742,2.4866567875376989954610278016699811,2.4076870347469481876129601684029719,2.4076870347469481876129601684029719,31,above,False
31,103.7255380404783394163984081086952808345,0.5+103.7255380404783394163984081086952808345i,1.9181860435388026059710826072574097,-1.0090828691886666966771788413364512,-4.7958889413760988474880502338646094,3.9365263264725158907884260944730212,6.2045781691445195983805621727752989,2.4076870347469481876129601684029719,1.7210850118477550772724243054165282,1.7210850118477550772724243054165282,32,above,False
32,105.4466230523260944936708324141118089973,0.5+105.4466230523260944936708324141118089973i,1.8211482627540633797308809888671111,0.44058627788052815230700674866082185,-5.0620621705181504417757071715756982,-1.5491591428412570966747821257244974,5.2938046307017778731304562762182269,1.7210850118477550772724243054165282,1.7219881319503130214525195489743822,1.7210850118477550772724243054165282,31,below,False
33,107.1686111842764075151233519630861912135,0.5+107.1686111842764075151233519630861912135i,1.7501537068394582446053212004191575,2.4150054403200574017110932868687336,-2.4782864146091227987849156488846904,-8.6518678148042404527221095880377884,8.9998177891378247437214797601274008,1.7219881319503130214525195489743822,3.8609243588932670095330983468581592,1.7219881319503130214525195489743822,32,below,False
34,111.0295355431696745246564503099443504153,0.5+111.0295355431696745246564503099443504153i,0.23129777527349576314647674009602816,-1.5739414123903085073186374260665507,3.1350540226441673835169395688322845,5.0785546533940332641559273522967247,5.968272873487569093729355356500518,3.8609243588932670095330983468581592,0.84512363382296256095562840682624454,0.84512363382296256095562840682624454,35,above,True
35,111.8746591769926370856120787167705949603,0.5+111.8746591769926370856120787167705949603i,1.1935155788373838292867725653214684,0.6544096580195666068014543558073801,-2.3513785514121408216621989394270665,-3.8638349324185977629109430014780955,4.5230743390993793966931239216118088,0.84512363382296256095562840682624454,2.4455617384600756802788585594204848,0.84512363382296256095562840682624454,34,below,False
36,114.3202209154527127658909372761910798099,0.5+114.3202209154527127658909372761910798099i,2.5312036442083713413737159903547266,0.27666197355461031815632483904723573,-7.3552841376300408689814439935154265,-0.69329441230359558911488615847582587,7.387886158259579055283133559992384,2.4455617384600756802788585594204848,1.9064594054048416162698670358736753,1.9064594054048416162698670358736753,37,above,False
37,116.2266803208575543821608043120647551273,0.5+116.2266803208575543821608043120647551273i,2.7706794068015378026356223278903378,1.4323176905795801223240024988564339,-7.372411688563784874468902976224943,-5.5553374125383792502040744776495607,9.2311552837562283239811977103807887,1.9064594054048416162698670358736753,2.5641025451186629408183353906350692,1.9064594054048416162698670358736753,36,below,False
38,118.7907828659762173229791397026998243473,0.5+118.7907828659762173229791397026998243473i,3.8517622382531661884353658437625213,-0.52677660380479812974790460950742878,-11.281969797503975983463332046777508,1.8425589859540702123412319101702523,11.431441996901003231149413061370394,2.5641025451186629408183353906350692,2.5793421364444285959663932678000984,2.5641025451186629408183353906350692,37,below,False
39,121.370125002420645918945532970499922723,0.5+121.370125002420645918945532970499922723i,1.6002242219041122700964797711249334,-1.6450014716161425203954987993144203,-3.1791921841159508113726670452016739,6.3873703810036575408310587382478084,7.1348274910937236324300613725081489,2.5793421364444285959663932678000984,1.5767042911319422818719273602700938,1.5767042911319422818719273602700938,40,above,False
40,122.9468292935525882008174603307700164962,0.5+122.9468292935525882008174603307700164962i,1.5591385084859497206487651813007835,0.0047020422421788230907475768232906022,-4.6376513049632343992527614167172313,0.30855387328565615270712065481264479,4.6479043793032975546666258970317226,1.5767042911319422818719273602700938,1.3099892607931789839145476353599079,1.3099892607931789839145476353599079,41,above,False
41,124.2568185543457671847320079661299244416,0.5+124.2568185543457671847320079661299244416i,0.85372476859176649758970202787060414,2.1528388832675031507503737659879683,0.71429180351184670797416978468849169,-7.7187385009361300528944869396501897,7.751718314438286062203693347440626,1.3099892607931789839145476353599079,3.2598653252507279395473158007761518,1.3099892607931789839145476353599079,40,below,True
42,127.5166838795964951242793237669060762681,0.5+127.5166838795964951242793237669060762681i,3.3558903099109434509368401988566938,-2.0613429666591964995546750673765611,-8.9069986655805847295903394421913732,8.1516305150153863891427364075049552,12.074092317105428302010160481008692,3.2598653252507279395473158007761518,2.0620203203595558614887101392738973,2.0620203203595558614887101392738973,43,above,False
43,129.5787041999560509857680339061799736086,0.5+129.5787041999560509857680339061799736086i,2.0326646822280342642369493091016148,-1.1671950234319419215494666101799779,-5.4314259473001688747736755851230685,4.7867188857385542426851888367906462,7.239686837984891950281243584262512,2.0620203203595558614887101392738973,1.5089843309766057377983385553213755,1.5089843309766057377983385553213755,44,above,False
44,131.0876885309326567235663724615013490592,0.5+131.0876885309326567235663724615013490592i,2.1925470947909339995715861928040819,0.75729694376567702814603015368782186,-6.205693316625973403606222116230712,-3.6186707891640077634701887523161074,7.1836904039891040196198588092832796,1.5089843309766057377983385553213755,2.4100486720649297265641195811392586,1.5089843309766057377983385553213755,43,below,False
45,133.497737202997586450130492042640607665,0.5+133.497737202997586450130492042640607665i,2.2446744358654202770561935959076697,-0.44964145533860147141870378759561344,-6.5382388640594758094421590915383704,2.9814002160997404311830344656657187,7.1859108463755187014703814819666931,2.4100486720649297265641195811392586,1.2587725503762848811955721145291285,1.2587725503762848811955721145291285,46,above,False
46,134.7565097533738713313260641571697361784,0.5+134.7565097533738713313260641571697361784i,1.480830855127905865773782910841414,2.3970040991993250382701413543275428,-1.1743736077391599544168498386552152,-9.4272279616495604529885149718544848,9.5000937054042586314146315539680339,1.2587725503762848811955721145291285,3.3595323011595718688654910331127117,1.2587725503762848811955721145291285,45,below,False
47,138.1160420545334432001915551902824478598,0.5+138.1160420545334432001915551902824478598i,1.6772315364290145063824327777224505,-2.6779000882994272854601086247629084,-2.1667866279150653414305976148438903,10.164415752507019499998885511484736,10.392800964163817724589749238329616,3.3595323011595718688654910331127117,1.620166897587945750258491333100013,1.620166897587945750258491333100013,48,above,False
48,139.7362089521213889504500465233824608468,0.5+139.7362089521213889504500465233824608468i,1.6745083428654893458169888706853266,-0.66439338629038072287676305257437774,-4.8958178632099279333950177422443556,2.8126927176197324287520122309195063,5.6462618495316439307896955939325034,1.620166897587945750258491333100013,1.3874984518997348114903072950928942,1.3874984518997348114903072950928942,49,above,False
49,141.1237074040211237619403538184753550903,0.5+141.1237074040211237619403538184753550903i,1.6558837669513381500941925267123044,1.1536761192893887477389433576854739,-4.2073413043616902157084561861469028,-4.9468570946354577791412852227026203,6.4940831505404280021586559688723122,1.3874984518997348114903072950928942,1.9881384035995089774647700504385749,1.3874984518997348114903072950928942,48,below,False
50,143.1118458076206327394051238689139299662,0.5+143.1118458076206327394051238689139299662i,2.9854907043185245097554938946816001,2.2688166519830230303121728001523756,-7.8549456621060173416922235669655952,-9.0352289396389651727258721905623843,11.972281877166424205219533251469044,1.9881384035995089774647700504385749,2.8891366791448858079973837275107525,1.9881384035995089774647700504385749,49,below,False
51,146.000982486765518547402507596424682429,0.5+146.000982486765518547402507596424682429i,2.4019772630781728003433158637987519,-2.1862276679789451555669752013679028,-5.3754044800020438183509884209318979,9.2730613233839747493668914135453954,10.718425240251750537210910294148161,2.8891366791448858079973837275107525,1.4217828557940835021186774140068237,1.4217828557940835021186774140068237,52,above,False
52,147.4227653425596020495211850104315061688,0.5+147.4227653425596020495211850104315061688i,2.7796446436250725741608367466441342,0.45844185277014759688989262914844907,-8.5065641557960414016345732530456931,-3.0496839603853505795292482550150296,9.0367143362455413568213754820004806,1.4217828557940835021186774140068237,2.6307550782252783019112822265278645,1.4217828557940835021186774140068237,51,below,False
53,150.053520420784880351432467236959370623,0.5+150.053520420784880351432467236959370623i,1.0604974033613040290765051127572676,-1.2248580563813049286773948442223293,-1.0336972911733483608483599279741144,5.9051518911752450838741860169289553,5.9949436150500774915070605968545374,2.6307550782252783019112822265278645,0.87173719145658641042005744134625698,0.87173719145658641042005744134625698,54,above,False
54,150.9252576122414667618525246783056276024,0.5+150.9252576122414667618525246783056276024i,0.98342887322961815604918851945913276,1.2394669246822574420277462528667183,-0.91663257051813417128607656501946166,-5.693305330618480438337617133928804,5.7666230028486765181956719068469253,0.87173719145658641042005744134625698,2.0994361989574294364040195768798189,0.87173719145658641042005744134625698,53,below,False
55,153.0246938111988961982565442551854465086,0.5+153.0246938111988961982565442551854465086i,3.2514085501221653270060750070004883,2.7244545216240132774436403247646567,-8.4614365649296491298376711378846136,-10.989067452129878450651542215713587,13.869228969549414674059516164820072,2.0994361989574294364040195768798189,3.0882154830389713714936450549837482,2.0994361989574294364040195768798189,54,below,False
56,156.1129092942378675697501893101691947465,0.5+156.1129092942378675697501893101691947465i,1.3866849461124573063753068936765476,-2.767797311788619318802865540107034,-0.86446715081879224355013808906126071,10.690987323060201177739266621915923,10.725880541786706235169847032878619,3.0882154830389713714936450549837482,1.484682523356192317780313848329571,1.484682523356192317780313848329571,57,above,False
57,157.5975918175940598875305031584987657307,0.5+157.5975918175940598875305031584987657307i,1.6355332626245699872209357606254796,-0.60293605671306903296297455967576618,-4.9933579526495406657802349069652008,2.6930747431275464127847801328980435,5.6732949170089785220786714837492485,1.484682523356192317780313848329571,1.2523963538264388366444916170415057,1.2523963538264388366444916170415057,58,above,False
58,158.8499881714204987241749947755402714143,0.5+158.8499881714204987241749947755402714143i,1.5359636225512477916870804946628876,1.4840390681846637979650023842720616,-3.1988752559336862860429688591850396,-6.6176442442768620900095383848904498,7.35023933262281522202131723684039,1.2523963538264388366444916170415057,2.338975966175528795262349353829283,1.2523963538264388366444916170415057,57,below,False
59,161.1889641375960275194373441293695543649,0.5+161.1889641375960275194373441293695543649i,3.5632706887938444190819805222091266,0.44299987094204019628019834425153019,-11.58970638898081536218161909451755,-1.2124514526233652501534148004259604,11.652953819000195419582910724933364,2.338975966175528795262349353829283,1.8417455495859597238736948713184405,1.8417455495859597238736948713184405,60,above,False
60,163.030709687181987243311039000687994897,0.5+163.030709687181987243311039000687994897i,3.9630632841819631437633476051049918,1.1057161991980470800004634410298078,-12.484433134106433775962000340297826,-5.1039712047466216498566515683933211,13.487460574135417026696938779801528,1.8417455495859597238736948713184405,2.5063595007184315867278803541868024,1.8417455495859597238736948713184405,59,below,False
61,165.5370691879004188300389193548747973284,0.5+165.5370691879004188300389193548747973284i,2.6471280288417985484320338524075802,-2.1246249414888472374866303832431054,-7.0563669076184798183037797868857448,8.9478247443466045006322843245429956,11.395432488083748279972548680430554,2.5063595007184315867278803541868024,1.6473707902740946109188368913355814,1.6473707902740946109188368913355814,62,above,False
62,167.1844399781745134409577562462103787365,0.5+167.1844399781745134409577562462103787365i,2.3894960447651598928419825771785265,-0.56796403555683937553689517929984604,-7.7783373209218747932824968928712632,2.1249723689149970624007110987916896,8.0633764048752122602535214406176687,1.6473707902740946109188368913355814,1.9100754373943080485481149352214561,1.6473707902740946109188368913355814,61,below,False
63,169.0945154155688214895058711814318347967,0.5+169.0945154155688214895058711814318347967i,1.4953123693554440382400843310084261,-0.35152444542834576718045871152125767,-4.442686828585151942821289062764057,3.2024236051348617307367495906971309,5.4765849946484862389672061113605764,1.9100754373943080485481149352214561,0.81746106384287747719397241438995749,0.81746106384287747719397241438995749,64,above,False
64,169.9119764794116989666998435958217922884,0.5+169.9119764794116989666998435958217922884i,0.013574582174888432275567665814949954,1.978890909947907388496007988393867,5.1822066316149511322790579482330228,-6.5610542469535976183146863166361786,8.3607833606798961092766766247557589,0.81746106384287747719397241438995749,3.499560040179853993146275053523803,0.81746106384287747719397241438995749,63,below,True
65,173.4115365195915529598461186493455952542,0.5+173.4115365195915529598461186493455952542i,1.6368102053052165729545104487090081,-3.0783308149179222367129211213444598,-1.1414287550043892786009036337838107,12.493886168257935547981022854434698,12.545917710081547840671619495683647,3.499560040179853993146275053523803,1.3426550037741728535326438065213227,1.3426550037741728535326438065213227,66,above,False
66,174.7541915233657258133787624558669179388,0.5+174.7541915233657258133787624558669179388i,2.3208262109685110885673599544671513,-0.39938569675487776965223098321424888,-7.7701706209666439063588244886223385,1.0244839276118815706076870773995384,7.8374178653985412953455484052716622,1.3426550037741728535326438065213227,1.6872427743446930755138786019940156,1.3426550037741728535326438065213227,65,below,False
67,176.4414342977104188888926410578609335281,0.5+176.4414342977104188888926410578609335281i,2.6242960878990696598413295358367437,0.42795162222890123693354948438147919,-8.6391779244997260869224460169041111,-2.1210646638610096514418350844796705,8.8957467656989434331782931611368831,1.6872427743446930755138786019940156,1.9359734783895583969382943563234927,1.6872427743446930755138786019940156,66,below,False
68,178.3774077760999772858309354141844261831,0.5+178.3774077760999772858309354141844261831i,2.8137481429794195137067058339752673,0.19617808186310369498667746117588546,-9.4460891981171076632582862509844527,-0.20859554241848536211026200100661899,9.4483920980821686153447165996467189,1.9359734783895583969382943563234927,1.5390762441570188535091011978668113,1.5390762441570188535091011978668113,69,above,False
69,179.9164840202569961393400366120512374537,0.5+179.9164840202569961393400366120512374537i,2.8269042950495979712706067057194679,2.0741486790753344045013562083258088,-7.8949168358063576041599892609545383,-9.1226406255249237979067004749972515,12.064505121503179279371802842699383,1.5390762441570188535091011978668113,2.2905944641094657760670006149365612,1.5390762441570188535091011978668113,68,below,False
70,182.2070784843664619154070372269877986908,0.5+182.2070784843664619154070372269877986908i,4.9966404311841977768092170276913488,-0.37394162169238129476642791693640279,-16.830624040586734978985647539910314,1.1842122823591717652624297252615954,16.872233531019728984862671710482011,2.2905944641094657760670006149365612,2.6673893640210468855536093902464597,2.2905944641094657760670006149365612,69,below,False
71,184.8744678483875088009606466172342584134,0.5+184.8744678483875088009606466172342584134i,0.20418884303568093663731372314059629,-1.4803208726149486478285870081793477,3.5088276321425920504185921875859601,5.5853872943434723386264413940036336,6.5960914623662461602505549602425142,2.6673893640210468855536093902464597,0.7243158293199626655670576511583882,0.7243158293199626655670576511583882,72,above,True
72,185.5987836777074714665277042683926466129,0.5+185.5987836777074714665277042683926466129i,1.0924443701324744113992570919887566,0.57209342706809734450196877253906139,-2.7033753913613012662101272310141644,-3.8375673902158585039207611057229628,4.6941625431024460846824615173561195,0.7243158293199626655670576511583882,1.6301389057943805251138363177385964,0.7243158293199626655670576511583882,71,below,False
73,187.2289225835018519916415405861312430168,0.5+187.2289225835018519916415405861312430168i,1.8483085975551697299070021560751988,2.1506031940211900847017275946999692,-4.1961592645347912254890106748861941,-9.0858954073947795894749916010232122,10.008059148878902772674189640028577,1.6301389057943805251138363177385964,2.1872360725150850932107485137140815,1.6301389057943805251138363177385964,72,below,False
74,189.4161586560169370848522890998453244914,0.5+189.4161586560169370848522890998453244914i,4.8449444848864708951553196487710465,1.4133629123070572784221729049026704,-16.114099686705105034617032330256143,-6.1444409215184950302705053186263485,17.245821608467965845203823093456315,2.1872360725150850932107485137140815,2.6104977046968494624313423257381056,2.1872360725150850932107485137140815,73,below,False
75,192.0266563607137865472836314255834301058,0.5+192.0266563607137865472836314255834301058i,1.427566757272255833911332676111216,-2.3733999688030158190786894255985516,-1.0336849133175133931343427300465656,10.431114165751386633697156298396096,10.482206220016828209247064208815463,2.6104977046968494624313423257381056,1.0530702431319175001185743687926245,1.0530702431319175001185743687926245,76,above,False
76,193.079726603845704047402205794376054604,0.5+193.079726603845704047402205794376054604i,2.2765151982773594573030235984356013,0.72984536051445257277206948632084378,-7.0372509295382487325973306225603826,-4.8714737998342909180352590105141228,8.5588642720724863079060529491527686,1.0530702431319175001185743687926245,2.1856700756835312740609820204861963,1.0530702431319175001185743687926245,75,below,False
77,195.2653966795292353214631878148622509269,0.5+195.2653966795292353214631878148622509269i,2.7249060938224188239176562216537083,-0.83554496929371833128140268909604384,-8.9552566559961672170316828873144289,4.2046330750595925221770417896707011,9.8932078251014589828023623541818366,2.1856700756835312740609820204861963,1.6110851614290816271590760998339568,1.6110851614290816271590760998339568,78,above,False
78,196.8764818409583169486222639146962077357,0.5+196.8764818409583169486222639146962077357i,2.175324463269565474963724925754267,0.15802261220259494192776518443500525,-7.5544082821360087022719481883321266,0.2963656117447157117946239189905144,7.5602193796893183563349030252434903,1.6110851614290816271590760998339568,1.1388278352935954762976547875126594,1.1388278352935954762976547875126594,79,above,False
79,198.0153096762519124249199187022088671551,0.5+198.0153096762519124249199187022088671551i,0.99274406362597852368981522659120168,2.9978032280082931763208541637295335,1.8740572309767096786633565835985977,-12.098781973403610483340576721190143,12.243063985168592419343550992861881,1.1388278352935954762976547875126594,3.2494422674518763080962147253393061,1.1388278352935954762976547875126594,78,below,True
80,201.2647519437037887330161334275481732224,0.5+201.2647519437037887330161334275481732224i,1.1410955424282859424543863146325886,-3.1843398957234066985197632611298307,1.1833751664228738259284831638626936,12.88092191892157824631482149484819,12.935166263556905587872361563079053,3.2494422674518763080962147253393061,1.2288425704367455446705272103161426,1.2288425704367455446705272103161426,81,above,True
81,202.493594514140534277686660637864315821,0.5+202.493594514140534277686660637864315821i,2.1807129078074150779074015109332855,-0.48084393200486647214890730226325814,-7.6562847278398044065414637180961583,1.2932919902174517300077559162972186,7.7647472596159654457193392280653181,1.2288425704367455446705272103161426,1.6960772889640200530297777484493693,1.2288425704367455446705272103161426,80,below,False
82,204.1896718031045543307164383863136851365,0.5+204.1896718031045543307164383863136851365i,2.0757243617871956990948668345242057,-0.049970221400095299139354703695262316,-7.2077423565708705382177401391567738,0.9303690597084103581702932590619534,7.2675399184296550990396415603434366,1.6960772889640200530297777484493693,1.2050253990587316944959410043794058,1.2050253990587316944959410043794058,83,above,False
83,205.3946972021632860252123793906930909237,0.5+205.3946972021632860252123793906930909237i,1.4696308796658092722249773960501044,2.3836516038619615137188039078694549,-1.7278063580468612256711869728648909,-10.406256812997737211787707173265679,10.548720096247173676346483891458571,1.2050253990587316944959410043794058,2.5115616856429238362895885170605533,1.2050253990587316944959410043794058,82,below,False
84,207.9062588878062098615019679077536442687,0.5+207.9062588878062098615019679077536442687i,4.4014873482233975391555721289672509,-1.0154183743043043267742153869403682,-14.963908024326138585151571343995588,5.4509479262291790464201543061223683,15.925808508674038045070815728603991,2.5115616856429238362895885170605533,1.6702508290500499913336763821331079,1.6702508290500499913336763821331079,85,above,False
85,209.5765097168562598528356442898867521754,0.5+209.5765097168562598528356442898867521754i,4.1177479681664223525474558215140031,-0.044323708956226942638550009318111189,-14.449840637370899850926962119433411,-0.5905711247367083350129057170152655,14.461904048180800800489048308099459,1.6702508290500499913336763821331079,2.1143528785090477110718424408325421,1.6702508290500499913336763821331079,84,below,False
86,211.6908625953653075639074867307192942534,0.5+211.6908625953653075639074867307192942534i,2.7650702934750818327516674130352247,-1.8203991860808088997802970140863455,-8.565858658624246678985269296772889,8.1641285533841136247154420545604926,11.833297494600131890813926417047625,2.1143528785090477110718424408325421,1.6570567643473586267316352903533146,1.6570567643473586267316352903533146,87,above,False
87,213.3479193597126661906391220210726088219,0.5+213.3479193597126661906391220210726088219i,1.9530114983155626832010907507093206,-0.73068288450672476210041818518838928,-6.3755753502374040344971655702679098,3.9358563848794089008379776033621953,7.4925914428154166405864818474206776,1.6570567643473586267316352903533146,1.1991254237787570323050790515180822,1.1991254237787570323050790515180822,88,above,False
88,214.5470447834914232229442010725906910456,0.5+214.5470447834914232229442010725906910456i,1.7339203455869399941197979889365516,1.3692398002944020287696589145206523,-4.903626572491141989242240800172371,-6.3770129735960022117621116378397789,8.0443674722039489513507260617294281,1.1991254237787570323050790515180822,1.6224937247722770429253622819074375,1.1991254237787570323050790515180822,87,below,False
89,216.1695385082637002658695633544981285755,0.5+216.1695385082637002658695633544981285755i,2.5939234662269657234867443365201761,3.5720401957656446330795864725024744,-5.332186654646651404475225750797037,-15.431110777259150797139909548731567,16.326401757277546572294061682489437,1.6224937247722770429253622819074375,2.8980578407576787198076932359391127,1.6224937247722770429253622819074375,88,below,False
90,219.0675963490213789856772565904372412451,0.5+219.0675963490213789856772565904372412451i,2.0458060423389850858246453205173271,-3.5854916216385192955809358563648493,-2.9673707120552965141589236786002352,15.186409821070180694791034521426488,15.473601138592799952495346481873584,2.8980578407576787198076932359391127,1.6473224902926243834383360434690984,1.6473224902926243834383360434690984,91,above,False
91,220.7149188393140033691155926339063396568,0.5+220.7149188393140033691155926339063396568i,0.98624089278118403525923152377108714,-1.0981201867289830021275666229336258,-1.2840998412711485155827956608265487,5.9073457163469331732438314277638643,6.0452994809847964932515663134970926,1.6473224902926243834383360434690984,0.71578671537933536298188248536973829,0.71578671537933536298188248536973829,92,above,False
92,221.4307055546933387320974751192760779502,0.5+221.4307055546933387320974751192760779502i,0.83597337354405889389607365214681142,1.3865970025670954809969351229836194,0.58790681549845976426780267974723627,-7.0892081580907959305036517888585162,7.1135438940411856768790929849951838,0.71578671537933536298188248536973829,2.5762946999109964796314004092288174,0.71578671537933536298188248536973829,91,below,True
93,224.0070002546043352117288755285048953561,0.5+224.0070002546043352117288755285048953561i,2.4107553975298058477123529793414393,-1.0948488804371843317565011254711241,-7.1698101078539107867770907453029028,7.0961687128817840054999290369831874,10.087704762946149135018380088016118,2.5762946999109964796314004092288174,0.97632441497795229205364815202376142,0.97632441497795229205364815202376142,94,above,False
94,224.9833246695822875037825236805286567721,0.5+224.9833246695822875037825236805286567721i,1.6328783569379591413587127125948057,2.3808358341916161600469036940537377,-1.8447013605677539936866934446076157,-11.26096825389257212608519057446813,11.411061700159930670141240664126021,0.97632441497795229205364815202376142,2.4381196100970038066789124801309832,0.97632441497795229205364815202376142,93,below,False
95,227.421444279679291310461436160659639964,0.5+227.421444279679291310461436160659639964i,4.9756113269872973308969062311779857,-1.309407711083142892430562669263027,-17.470366206118015267783400943945137,6.1689386574472960952961063533065508,18.527533552397578165994214858267855,2.4381196100970038066789124801309832,1.9159690258460567972986471453961001,1.9159690258460567972986471453961001,96,above,False
96,229.3374133055253481077600833060557400828,0.5+229.3374133055253481077600833060557400828i,3.1527012698511942333709860799616711,-1.9673670569672155833917073418137501,-10.417459578691889485363462387783695,8.5576368203568538711421073829740189,13.481713986834417473097194606865335,1.9159690258460567972986471453961001,1.9127753949738166660461034639546325,1.9127753949738166660461034639546325,97,above,False
97,231.2501887004991647738061867700103726067,0.5+231.2501887004991647738061867700103726067i,0.96413903323495990353392202138746851,-1.1215161812803859571528937405001839,-1.0234405875061886302953807443642889,6.1524431308768869479766676600988182,6.2369854188405157442436868407624918,1.9127753949738166660461034639546325,0.7370465526810838299654817691874896,0.7370465526810838299654817691874896,98,above,False
98,231.9872352531802486037716685391978622054,0.5+231.9872352531802486037716685391978622054i,0.85147170944784473372217287692519454,1.1945615803370167804168459482583528,-0.52393913490666288145469232001194866,-6.1277384925998834909038177713618109,6.1500968488940915756221634707735275,0.7370465526810838299654817691874896,1.706168925728052036932826193371926,0.7370465526810838299654817691874896,97,below,False
99,233.6934041789083006407044947325697881795,0.5+233.6934041789083006407044947325697881795i,2.2916868512159608745232654240757663,3.6600915725466641081459354083063812,-4.1939449033140547794496144693498168,-15.798179172541358607455941714740556,16.345385863287336369416331516620566,1.706168925728052036932826193371926,2.8308254869079051617710132230931905,1.706168925728052036932826193371926,98,below,False
100,236.5242296658162058024755079556629786895,0.5+236.5242296658162058024755079556629786895i,2.2455848965354943317495435088981322,-3.3041746292631055863785909767303378,-3.5990631028303666245626235612158768,15.079239471679641181776568077847489,15.502797110922152885390400627609357,2.8308254869079051617710132230931905,1.2455908151089982007611179707241291,1.2455908151089982007611179707241291,101,above,False
101,237.7698204809252040032366259263871077942,0.5+237.7698204809252040032366259263871077942i,2.92547554792976410352037991611323,-0.27442911535961398237866903876158528,-10.718209959243752060449321545595419,0.051415173283443909535271655191396903,10.718333277635833981246987108320958,1.2455908151089982007611179707241291,1.7856570924024247370323061079473847,1.2455908151089982007611179707241291,100,below,False
102,239.5554775733276287402689320343344924817,0.5+239.5554775733276287402689320343344924817i,2.8452767527952888644282763845522328,-0.57472347651261262012773846214822004,-10.196563062752571815632282548870904,2.898613928351013768657275925791668,10.600559466288588477017964036277106,1.7856570924024247370323061079473847,1.4936802228889576725689893760011781,1.4936802228889576725689893760011781,103,above,False
103,241.0491577962165864128379214103356705496,0.5+241.0491577962165864128379214103356705496i,2.8480676389592494843904888159442889,0.63922589252516810560457771998967102,-10.197894834092129307034477221109305,-3.1750211193389262861661282230175,10.680721799365956049804542546602847,1.4936802228889576725689893760011781,1.7741141380060136039885530485428794,1.4936802228889576725689893760011781,102,below,False
104,242.8232719342226000168264744588785499539,0.5+242.8232719342226000168264744588785499539i,3.0013996835057251684594492177748847,0.37382823264076425372159136989872117,-11.074069298497893130189957306523071,-0.51840924677102196485373016768010999,11.086196776851442717908843001160983,1.7741141380060136039885530485428794,1.2476265628555582199900535309659514,1.2476265628555582199900535309659514,105,above,False
105,244.0708984970781582368165279898445013471,0.5+244.0708984970781582368165279898445013471i,2.326582512252552048472296114877541,3.5005882494791013332976088479856954,-3.5866526705373214768315161667528437,-16.085740875999272557627505383157054,16.480750495923004064035393232958303,1.2476265628555582199900535309659514,3.0660915778193412307344401893636309,1.2476265628555582199900535309659514,104,below,False
106,247.1369900748974994675509681792081322679,0.5+247.1369900748974994675509681792081322679i,0.21376793227560918411998993510065666,-2.7815163906007124391172275318391444,5.4991559263371423495277996653144381,10.69686315462783502733848953660921,12.027618103806067912070626740175313,3.0660915778193412307344401893636309,0.96499998525095978921117390544886509,0.96499998525095978921117390544886509,107,above,True
107,248.1019900601484592567621420846569973558,0.5+248.1019900601484592567621420846569973558i,1.8484947565176690884517404804710714,-0.2326739033500711732499111193278571,-6.9107059848265062326771556162571123,-0.063959622398342620010322801012317831,6.9110019564469977050168059254211928,0.96499998525095978921117390544886509,1.471699584558749935567652104082973,0.96499998525095978921117390544886509,106,below,False
108,249.5736896447072091923297941887399703426,0.5+249.5736896447072091923297941887399703426i,2.2044285025293145238991768537699213,0.70430418077375007606285779996755729,-7.9044206731704774461026111471190721,-3.2567479282554427658351166234810114,8.5490510143898979080394308052382851,1.471699584558749935567652104082973,1.4412581503087919506243609149680778,1.4412581503087919506243609149680778,109,above,False
109,251.0149477950160011429541551037080481523,0.5+251.0149477950160011429541551037080481523i,2.4224848784534068021669196853523994,2.4718971517259164822641887005610771,-6.6275612727931230467549512325417673,-11.375042423382857918679612119318428,13.164959497027970812066468225375467,1.4412581503087919506243609149680778,2.0550389529834760516448586819100428,1.4412581503087919506243609149680778,108,below,False
110,253.0699867479994771945990137856180909301,0.5+253.0699867479994771945990137856180909301i,5.4315406124290439986280645824952282,0.78634527339075687393643365697260144,-19.967434265890082484213664625744793,-3.6410379300426042399053692462167814,20.29668909873357520707816491914256,2.0550389529834760516448586819100428,2.2362697069145455584874780083833322,2.0550389529834760516448586819100428,109,below,False
111,255.3062564549140227530864917940014231579,0.5+255.3062564549140227530864917940014231579i,2.1764796741713592429854737076827669,-2.4873129358168109736758641225974619,-4.6165684324745595669789179925338534,12.230166494373779794851243827010522,13.072477828316391615399475406389238,2.2362697069145455584874780083833322,1.0744572395204550362718905457281077,1.0744572395204550362718905457281077,112,above,False
112,256.3807136944344777893583823397295308712,0.5+256.3807136944344777893583823397295308712i,2.8640860785429868563661936251925596,0.88065291642414993094261780190329924,-9.7311499158334030569312828816031538,-6.1643190781251901724022941006981321,11.519292876794245386393183666149428,1.0744572395204550362718905457281077,2.2297257970968904196246763050296008,1.0744572395204550362718905457281077,111,below,False
113,258.6104394915313682089830586447591316322,0.5+258.6104394915313682089830586447591316322i,2.0359404478556397252875103661048586,-1.7138845591467795414962121397853998,-5.5597311692544055095338912750301669,8.7575045877427495348345333088039938,10.373258758881620828661296910850855,2.2297257970968904196246763050296008,1.263967498146632141689785969117461,1.263967498146632141689785969117461,114,above,False
114,259.8744069896780003506728446138765926662,0.5+259.8744069896780003506728446138765926662i,1.7430137903763080680632327565247124,0.15898849491430241262954072064597079,-6.5592738646069670896715046685752759,0.18896056871047753580798413728056616,6.5619951026683496248243938444759147,1.263967498146632141689785969117461,0.93067751491886983525838885858795537,0.93067751491886983525838885858795537,115,above,False
115,260.8050845045968701859312334724645480349,0.5+260.8050845045968701859312334724645480349i,0.18922432761609749918489023335159334,2.6526641578003371393611250834069005,5.5516475308607133084512075571146829,-10.329861751675671754304682413309457,11.727183554274395015833766540234942,0.93067751491886983525838885858795537,2.7688094002732620471503546585587551,0.93067751491886983525838885858795537,114,below,True
116,263.5738939048701322330815881310233031703,0.5+263.5738939048701322330815881310233031703i,5.2489503985577843050549664041847971,-3.0353530300065934627956660808008259,-17.896352975904436807002617172991558,14.30910078694131794045816539794103,22.913529085869951073355589110854681,2.7688094002732620471503546585587551,1.9839579340061880593957208331616115,1.9839579340061880593957208331616115,117,above,False
117,265.557851838876320292477308964184914641,0.5+265.557851838876320292477308964184914641i,1.1626253463044411398127416684903446,-2.2447747079552706514280899230153849,-0.70661885157747827204953447649748192,10.292793478919994073733471311149376,10.317020296631320903033559775451216,1.9839579340061880593957208331616115,1.0571219426247522032428040096829972,1.0571219426247522032428040096829972,118,above,False
118,266.6149737815010724957201129738679118066,0.5+266.6149737815010724957201129738679118066i,1.871449999763790386737619149809446,0.12881237616534699482706546577838802,-6.9623635381082398804111978152588555,-1.2338469992480106300846481638962385,7.0708475060866931824502143473449255,1.0571219426247522032428040096829972,1.3069413013229869446588541983177066,1.0571219426247522032428040096829972,117,below,False
119,267.9219150828240594403789671721856183743,0.5+267.9219150828240594403789671721856183743i,2.0612380300751592428830910664106712,1.9573599309572155564244863205335712,-5.5983722015631240130583381924365655,-9.5961101521287500216100533650938522,11.10977503638229399791579922595337,1.3069413013229869446588541983177066,2.0485339411735431543145381467128613,1.3069413013229869446588541983177066,118,below,False
120,269.9704490239976025946935053188984796629,0.5+269.9704490239976025946935053188984796629i,4.145598691913174685788550167904758,0.2213941441934377208235117553887356,-15.637850633367895634616303709249103,0.077434766032955449764194591934149091,15.638042351090985365708292056833498,2.0485339411735431543145381467128613,1.523606617647396423485911438624371,1.523606617647396423485911438624371,121,above,False
121,271.4940556416449990181794167575228506935,0.5+271.4940556416449990181794167575228506935i,4.3075764197543420279004488957353253,1.466261652692503236439035820028107,-15.541308263024336692648066986279078,-7.523536138250381841406784571253793,17.266611090480609824813316742964261,1.523606617647396423485911438624371,1.9655535467582880275348335412789222,1.523606617647396423485911438624371,120,below,False
122,273.4596091884032870457142502988017729228,0.5+273.4596091884032870457142502988017729228i,5.0104102754633983473721206949839965,-1.1999603926478133174023736928458525,-18.755010989989113901751521940405041,5.1568239258102686898236872604296572,19.451048049820391975530848896598094,1.9655535467582880275348335412789222,2.1278834609405542030264523205760119,1.9655535467582880275348335412789222,121,below,False
123,275.5874926493438412487407026193777848264,0.5+275.5874926493438412487407026193777848264i,0.97929832350917037583444673962026923,-1.9833239315225505574376810988823124,0.3376218021099276857064715144750895,9.4940033852339299165629518036337251,9.5000046715827080289551333287485251,2.1278834609405542030264523205760119,0.86455685378909743114664101902145712,0.86455685378909743114664101902145712,124,above,True
124,276.4520495031329386798873436383992419481,0.5+276.4520495031329386798873436383992419481i,1.7510757067007130869621191353162687,0.72862732704968183618887376761160208,-5.6797557446022164258551648909731574,-5.0321481776658111084133365978043529,7.5882897019240917739820165241155767,0.86455685378909743114664101902145712,1.798694026709015812860933072917017,0.86455685378909743114664101902145712,123,below,False
125,278.2507435298419544927482767113162589261,0.5+278.2507435298419544927482767113162589261i,2.3905093216721652428803466147679612,0.31182597478597549079780734677394875,-9.2565326441496043206830236983618927,0.3125761936128554011303829175729679,9.2618087039746597520450517138177449,1.798694026709015812860933072917017,0.97850739790323473566160374063910036,0.97850739790323473566160374063910036,126,above,False
126,279.2292509277451892284098804519553592835,0.5+279.2292509277451892284098804519553592835i,0.53213578144865752980098273176530173,3.4069561939530850522823141628045211,5.2994966944079884334811297064239417,-14.06960568690346677639836070816369,15.034575797108063718103683236005806,0.97850739790323473566160374063910036,3.2358638373069070046173207345456649,0.97850739790323473566160374063910036,125,below,True
127,282.4651147650520962330272011865010242055,0.5+282.4651147650520962330272011865010242055i,-0.051786600288820422899687315572741359,-2.6180661382164802049902502474337167,7.8340708627976275649898885810551987,9.8124520383787262716190092059041728,12.55614914250454357717678704596213,3.2358638373069070046173207345456649,0.74607096818177118746663675682791409,0.74607096818177118746663675682791409,128,above,True
128,283.2111857332338674204938379433289382985,0.5+283.2111857332338674204938379433289382985i,1.9706771196692234616122305938783893,0.25939200586668943872875998356796717,-7.1434347813045258787856830151873403,-3.7344578917973224568580648974119003,8.0606970058648490073604488835918209,0.74607096818177118746663675682791409,1.6247782476708567126637959793672782,0.74607096818177118746663675682791409,127,below,False
129,284.8359639809047241331576339226962164631,0.5+284.8359639809047241331576339226962164631i,3.1510195727001193670124051703688545,0.56137335667036718671787941455284661,-11.830269412308526380052594431467599,-3.1954109615618442314504835824786098,12.254220725165363043309679513528618,1.6247782476708567126637959793672782,1.8314813820981601596899902237187229,1.6247782476708567126637959793672782,128,below,False
130,286.6674453630028842928476241464149393439,0.5+286.6674453630028842928476241464149393439i,2.9339205574428415901427134334989084,-0.52693573364777335093385460525809234,-10.900546262127969176533308171991528,3.7299134657117125909021448351802853,11.521031345955517340165023724118082,1.8314813820981601596899902237187229,1.244475138419302862406496125452571,1.244475138419302862406496125452571,131,above,False
131,287.9119205014221871552541202718675103855,0.5+287.9119205014221871552541202718675103855i,2.6410351511722630387954641023332635,1.7504471683821863514654576439919283,-8.7505489188675940595527754648004211,-8.7331593517888849964630434579818742,12.362854793502691513038527113975094,1.244475138419302862406496125452571,1.6679344277966469974839032974848335,1.244475138419302862406496125452571,130,below,False
132,289.5798549292188341527380235693523438897,0.5+289.5798549292188341527380235693523438897i,4.5266612294019371713139456484010593,2.6812469222525797340171510871120586,-15.591449055546874408386485052569025,-13.222036436385036034549619894709198,20.44298244329351824807071577680629,1.6679344277966469974839032974848335,2.266436399848561682775030855286168,1.6679344277966469974839032974848335,131,below,False
133,291.8462913290673958355130544246385118828,0.5+291.8462913290673958355130544246385118828i,4.0067788560853034884192900461747779,-3.1674000056506989973988905801791808,-13.161488450090101325978873744287948,14.963282842254889215004758437631737,19.927985639275603748902859557849241,2.266436399848561682775030855286168,1.7121428102888895212636426813965655,1.7121428102888895212636426813965655,134,above,False
134,293.5584341393562853567766971060350773438,0.5+293.5584341393562853567766971060350773438i,1.857469998858146809144503923804715,-1.9737626506130698525724347717740783,-5.1787542398368087571779361533047668,9.4336833882780014768221207214417199,10.76168563687399471744899232694255,1.7121428102888895212636426813965655,1.406935479909256818289751532974594,1.406935479909256818289751532974594,135,above,False
135,294.9653696192655421750664486390096713431,0.5+294.9653696192655421750664486390096713431i,1.156615726156405417714053930128513,-0.46210545248293308052669918602738925,-3.524731570219068711408532832233465,4.0989966235405050975551423832273991,5.4060619643040943389596562110724408,1.406935479909256818289751532974594,0.60788525969275021339438281976893929,0.60788525969275021339438281976893929,136,above,False
136,295.5732548789582923884608314587786106373,0.5+295.5732548789582923884608314587786106373i,-0.031941907138887597471226366611488747,1.5570943212442599339392380527314375,5.6031203418809388836800261941103977,-5.884013366948331308330670993836095,8.1250582070546797764959717332525729,0.60788525969275021339438281976893929,2.4060221829851228214688514989042235,0.60788525969275021339438281976893929,135,below,True
137,297.9792770619434152099296829576828341811,0.5+297.9792770619434152099296829576828341811i,5.8395934656451395796657175148386997,0.55746122034049975492918881581571887,-22.571409700079600869414201278602137,-1.7787843292567454688167015962946273,22.64139151065713247863966019773994,2.4060221829851228214688514989042235,1.8610489917778977500973695676109351,1.8610489917778977500973695676109351,138,above,False
138,299.8403260537213129600270525252937692542,0.5+299.8403260537213129600270525252937692542i,4.7206669896076730802708156937434048,-1.7616014240650070470273092101385349,-17.669299940900267387417000720118447,8.3577087776434287513392875825050205,19.546238932679509445065196358087786,1.8610489917778977500973695676109351,1.8089994084728706634430476831242128,1.8089994084728706634430476831242128,139,above,False
139,301.6493254621941836234701002084179820811,0.5+301.6493254621941836234701002084179820811i,2.1997978706660739930434277837975838,-1.9081543545211033005737556912268654,-6.2568485215192414892347537072314548,9.9919584173198904761413520907145578,11.78929117609228144767138286407088,1.8089994084728706634430476831242128,1.0474241274127334282813768869349407,1.0474241274127334282813768869349407,140,above,False
140,302.6967495896069170517514770953529227629,0.5+302.6967495896069170517514770953529227629i,2.6247593935658073753641008441771856,1.1056172955512550904442208360389893,-8.9412375661300296596507728281874608,-7.2025420118136573502090344461492496,11.481391058835840520805763237710677,1.0474241274127334282813768869349407,2.1676217512503806483972728077915768,1.0474241274127334282813768869349407,139,below,False
141,304.8643713408572977001487499031444995926,0.5+304.8643713408572977001487499031444995926i,1.786950304537914352314401363932001,-1.3960974130883788474645617877261467,-4.4824751330910559155498407589674781,8.5612322073365310283736258624413464,9.6637094444481313187226438204240302,2.1676217512503806483972728077915768,0.86454126117951158907407135851646766,0.86454126117951158907407135851646766,142,above,False
142,305.728912602036809289222821261660967257,0.5+305.728912602036809289222821261660967257i,1.496745575756264105049198561346113,1.5401591093990738742778851842424683,-3.5545326736735755269173669977676032,-8.1795935263932747003093530724019883,8.9185454411146991939230231579871581,0.86454126117951158907407135851646766,1.490583526133245500187212138273535,0.86454126117951158907407135851646766,141,below,False
143,307.2194961281700547894100333999345022674,0.5+307.2194961281700547894100333999345022674i,2.5473044669652883311549910931522642,4.3811308537657104549757166985067986,-4.2109048251929548104899633149378795,-20.353782613791275794315604648839734,20.784806617726933474913230827553715,1.490583526133245500187212138273535,2.8899670185318440153761863680644436,1.490583526133245500187212138273535,142,below,False
144,310.1094631467018988047862197679989458348,0.5+310.1094631467018988047862197679989458348i,0.46166532232038003580663684268667911,-3.5525455934476544133714000632388763,5.5548589285694016186714079266180711,14.807341209761567837401519249671172,15.814986924389484674364647739985676,2.8899670185318440153761863680644436,1.0556783836541044661564510323558741,1.0556783836541044661564510323558741,145,above,True
145,311.1651415303560032709426708003548198992,0.5+311.1651415303560032709426708003548198992i,2.0018839537177863385205765508906892,-0.75109816460686096053287820860370011,-7.7907913669312009631487161177519733,2.9882989722114509929981551740110731,8.3442411800216887761590750406809006,1.0556783836541044661564510323558741,1.2626596502448887095433122925194439,1.0556783836541044661564510323558741,144,below,False
146,312.4278011806008919804859830928742637629,0.5+312.4278011806008919804859830928742637629i,2.3145495031443130639553956464756227,0.76096109869782823590745081415734779,-8.5974281009396209251197911415789169,-4.324232576478458460828083879741531,9.623656130925698437821879517542362,1.2626596502448887095433122925194439,1.5574845505580309985629826617020648,1.2626596502448887095433122925194439,145,below,False
147,313.985285731158922979048965754576328568,0.5+313.985285731158922979048965754576328568i,3.0208398484420851774475522484065835,1.3314596605524428973181225575145226,-11.40944323524451590989306085845773,-6.1301852868178460475446775139234946,12.95201013700131580558036591788441,1.5574845505580309985629826617020648,1.4903303583168108895471123893774368,1.4903303583168108895471123893774368,148,above,False
148,315.4756160894757338685960781439537653358,0.5+315.4756160894757338685960781439537653358i,3.8377214670764072092253532038854537,2.8590140281063669342934677320930207,-12.761590841606999026608226474200095,-14.240480742425830418526052057631239,19.121963617369126351896680589232982,1.4903303583168108895471123893774368,2.2591898528944465270494160610143487,1.4903303583168108895471123893774368,147,below,False
149,317.7348059423701803956454942049681140152,0.5+317.7348059423701803956454942049681140152i,3.3851837256896526689150542303023555,-2.5515346849988325110574479957345676,-10.279765579362007540035648435525206,13.992647560704575145022305394723291,17.362827135139242856174065944130134,2.2591898528944465270494160610143487,1.1182983139464175110436903427810682,1.1182983139464175110436903427810682,150,above,False
150,318.853104256316597906689184547749182203,0.5+318.853104256316597906689184547749182203i,3.8086051083111950636812874362389817,1.182271969476631261215990406831819,-13.829081438652981280349702760821129,-8.2723567765404937533280823683806989,16.114446316124914844050682832995814,1.1182983139464175110436903427810682,2.3070300527969803852322868696815118,1.1182983139464175110436903427810682,149,below,False
151,321.1601343091135782919214714174306940298,0.5+321.1601343091135782919214714174306940298i,1.2231518929168592250706065712618284,-2.3521427363595425717506413838521245,-0.45802081042365929847731065451671669,11.517592226898830844225313017394573,11.526695700325462960511035332414471,2.3070300527969803852322868696815118,0.98442436336935400691597358855785523,0.98442436336935400691597358855785523,152,above,False
152,322.1445586724829322988374450059885492604,0.5+322.1445586724829322988374450059885492604i,1.9300636370367645485036270753573914,0.21938448023962964386887670621839426,-7.4916540252881257988533708437375838,-1.8072345811154864758830184324567783,7.7065541499294901206378340269749705,0.98442436336935400691597358855785523,1.3224108850291182073745854088066141,0.98442436336935400691597358855785523,151,below,False
153,323.4669695575120505062120304147951633568,0.5+323.4669695575120505062120304147951633568i,2.1288090603811815045995417995505589,1.6189060620436582443165380441155956,-7.3212116481531464790631590041484954,-7.7860228695850709133534010846129254,10.687482964793677445911632623899272,1.3224108850291182073745854088066141,1.3958964942275627587680565806052466,1.3224108850291182073745854088066141,152,below,False
154,324.8628660517396132649800869954004099198,0.5+324.8628660517396132649800869954004099198i,2.5030717170225389050118712066920894,4.2593219878040443981989169853134115,-4.3949224003776475927141960583498597,-20.026285030552364879305776165920996,20.50286406896038897056142780469448,1.3958964942275627587680565806052466,2.5810352101658440784891768209202934,1.3958964942275627587680565806052466,153,below,False
155,327.4439012619054573434692638163207033567,0.5+327.4439012619054573434692638163207033567i,3.3146025338251364174752830588512267,-4.3152037461194786468634697835406349,-8.462246394050940676949910691918433,20.625390043554211775816028583359628,22.293863022867377398150018375107865,2.5810352101658440784891768209202934,1.5891704185754766901454637604832428,1.5891704185754766901454637604832428,156,above,False
156,329.0330716804809340336147275768039462037,0.5+329.0330716804809340336147275768039462037i,1.3902939398823120088873275440315335,-1.8162873950620534113750702861252659,-2.6876952499566758397998687129507453,9.3445096025228422779462470312644146,9.7233515553167821269430149048223848,1.5891704185754766901454637604832428,0.92016804775293231027739461182751985,0.92016804775293231027739461182751985,157,above,False
157,329.9532397282338663438921221886314660583,0.5+329.9532397282338663438921221886314660583i,1.9247193944042033085881260408304817,0.81905805999058963275516373729042929,-6.6831208444015663998337147498740159,-5.4552323857853213513400042754883532,8.6269151267295840397333170438997043,0.92016804775293231027739461182751985,1.5212278544295580317696316777133619,0.92016804775293231027739461182751985,156,below,False
158,331.4744675826634243756617538663448279232,0.5+331.4744675826634243756617538663448279232i,3.1786112382891586995678118181080392,1.8595339505004219358802290321676415,-11.284381160488744940382282982147163,-9.6322866773564812628197568862202177,14.836381122429164523746515356507583,1.5212278544295580317696316777133619,2.1709109422064262092999292145345975,1.5212278544295580317696316777133619,157,below,False
159,333.6453785248698505849616830808794253809,0.5+333.6453785248698505849616830808794253809i,1.6998871245168478692084434677585658,-1.258225958827780173710022326573468,-3.1937838990618989898573885257608213,9.8055410042475498375042370124392583,10.31255981703316348699577498160095,2.1709109422064262092999292145345975,0.56597630837453264744172487831306777,0.56597630837453264744172487831306777,160,above,False
160,334.2113548332443832324034079591924931542,0.5+334.2113548332443832324034079591924931542i,0.43879832897161050956220532704360501,2.2728140197565601852355829021628614,6.1526660059647352558067668047252028,-10.556437599180381960852857770621458,12.218579040393498812228490692807199,0.56597630837453264744172487831306777,2.6304955951463015622513549602193929,0.56597630837453264744172487831306777,159,below,True
161,336.8418504283906847946547629194118860072,0.5+336.8418504283906847946547629194118860072i,4.156114239773710407417174393918388,-3.5733767747983524260256269591801054,-13.343487174339733684731614480343796,17.955979985205557306784832688321611,22.371094456929717599389034866448951,2.6304955951463015622513549602193929,1.4981424224159270916025631677513174,1.4981424224159270916025631677513174,162,above,False
162,338.3399928508066118862573260871632033909,0.5+338.3399928508066118862573260871632033909i,2.9548091521294213885587082805123683,-1.8231083549644697138323826880080228,-10.950860684158961919758518497399347,8.6084364911696938101616462037278833,13.929340563944887530682574423448716,1.4981424224159270916025631677513174,1.5182238745569283060692248437107938,1.4981424224159270916025631677513174,161,below,False
163,339.8582167253635401923265509308739971832,0.5+339.8582167253635401923265509308739971832i,2.1084879301329146279680943100378999,-0.98976137378660613488458116388334496,-7.670711064045135734911260510190061,5.533730742865333384532605817072424,9.4584345513725141453419569495141585,1.5182238745569283060692248437107938,1.18404438568302029027123366766292,1.18404438568302029027123366766292,164,above,False
164,341.0422611110465604825977845985369171873,0.5+341.0422611110465604825977845985369171873i,1.8667418397609819286106140449445947,0.65849776412344908532527445267358313,-7.4240076650116194308055723183010843,-2.7208402070134138507226007796049288,7.9068869501373341975922624454502005,1.18404438568302029027123366766292,1.0126163993170249688060404955611395,1.0126163993170249688060404955611395,165,above,False
165,342.0548775103635854514038250940980567152,0.5+342.0548775103635854514038250940980567152i,0.37547554092175788565118471044611752,3.3059800897851056911104141380325682,5.6293048463956666162513548438002094,-14.024112820167810620996520233175618,15.111744222506179060809005953992148,1.0126163993170249688060404955611395,2.6068254298887515927773630041011291,1.0126163993170249688060404955611395,164,below,True
166,344.6617029402523370441811880981991857827,0.5+344.6617029402523370441811880981991857827i,5.0611341007586860615040215696161646,-3.5790532930746354997649716872604056,-17.448601961076209223472478779401852,18.320248348414646584232134972564029,25.299905334677877411549918843845158,2.6068254298887515927773630041011291,1.6861676257576103517552717179527481,1.6861676257576103517552717179527481,167,above,False
167,346.3478705660099473959364598161519338982,0.5+346.3478705660099473959364598161519338982i,1.883299075490363727764621599579934,-2.1536621043241367868047453315870879,-4.3479870953274900820191805927299383,11.436354814994387784102715936460782,12.234999110567180665120044972862758,1.6861676257576103517552717179527481,0.92480701841053707986063507191804578,0.92480701841053707986063507191804578,168,above,False
168,347.2726775844204844757970948880699796761,0.5+347.2726775844204844757970948880699796761i,2.5211885404158881861576461897416109,1.1705454124148534980855328591389846,-8.503732415438950865329129765388219,-8.1682249927596888317090889395966871,11.791241008720464292966511033807551,0.92480701841053707986063507191804578,2.0435832862756596473584608459237417,0.92480701841053707986063507191804578,167,below,False
169,349.3162608706961441231555557339937213361,0.5+349.3162608706961441231555557339937213361i,2.5520845023739772797140957769124179,-1.483013944753005785692535612308363,-8.5921131801957176813242454350142905,8.8197161130443071380251041353702304,12.313074401463931333987115499625803,2.0435832862756596473584608459237417,1.0921584784959550645163975004935131,1.0921584784959550645163975004935131,170,above,False
170,350.4084193491920991876719532344872344696,0.5+350.4084193491920991876719532344872344696i,2.4321876338324751035819873249148528,1.0865359403672166627016377353133439,-9.0301842714245620020800217430157661,-6.0484689171508449053931452767622268,10.868679966657563792847705878176298,1.0921584784959550645163975004935131,1.4702296761671812490414398421096983,1.0921584784959550645163975004935131,169,below,False
171,351.8786490253592804367133930765969327299,0.5+351.8786490253592804367133930765969327299i,3.3024163479823432072500155768237263,2.2793624608045186475847911575470216,-11.903162005700449024684886702755283,-11.189844797260221500001884944659282,16.337009895348731901141475271129501,1.4702296761671812490414398421096983,1.6102514633595263468903755328383857,1.4702296761671812490414398421096983,170,below,False
172,353.4889004887188067836037686094353184133,0.5+353.4889004887188067836037686094353184133i,5.6003927876527193851144110689416241,3.080765258394532635441352344486767,-20.41623800982150581826587349924248,-16.329622901431862989390049902430931,26.143438155235978373060905375792477,1.6102514633595263468903755328383857,2.5286744885461405343565933513311243,1.6102514633595263468903755328383857,171,below,False
173,356.0175749772649473179603619607664426757,0.5+356.0175749772649473179603619607664426757i,0.39459797807566048401858357868041329,-3.3997739795494285095226477986420173,5.3009806312518198562328617472278875,14.525396873365198026268440193870935,15.462456143241746093581540813991432,2.5286744885461405343565933513311243,1.1337272747746774916425662715239139,1.1337272747746774916425662715239139,174,above,True
174,357.1513022520396248096029282322903566118,0.5+357.1513022520396248096029282322903566118i,1.2783085256096444786854366951737867,-0.88026054440784750405190482870884273,-4.128246598210133552600628970219447,5.0616710067785869239650969862060958,6.5316868691400457861032573962131266,1.1337272747746774916425662715239139,0.80138284959264894552599075048708621,0.80138284959264894552599075048708621,175,above,False
175,357.9526851016322737551289189827774428235,0.5+357.9526851016322737551289189827774428235i,1.1125682725934188189353377664218503,1.4586547114359146299603635206922988,-1.4387805908593469175058785627884505,-8.2297043851536267170221146617199907,8.3545271473405605655442235954912915,0.80138284959264894552599075048708621,1.7910698514821750441630669942128526,0.80138284959264894552599075048708621,174,below,False
176,359.7437549531144487992919859769902954054,0.5+359.7437549531144487992919859769902954054i,3.7116799877626858772956589672751492,1.7398155847916493560446538082557014,-14.575537770451303210930831936226457,-7.9967023398517712635919209367672167,16.625087957964112387252313382136802,1.7910698514821750441630669942128526,1.5456067426902015909993252507249328,1.5456067426902015909993252507249328,177,above,False
177,361.2893616958046503902913112277152281909,0.5+361.2893616958046503902913112277152281909i,4.9231122884633395351742218601807603,2.380143941891191772536612890833874,-18.641823386215138687480692684784283,-12.344494256072837232795256266951762,22.358535676583404798250371452701576,1.5456067426902015909993252507249328,2.0419688831691843570431383388995031,1.5456067426902015909993252507249328,176,below,False
178,363.33133057897383474733444956661473127,0.5+363.33133057897383474733444956661473127i,4.3034686057290129438953020980395089,-2.6253688776876173859233670112662465,-15.461536093582754473152970833811261,13.929856731591230380083883997649132,20.811054921262876207629660506305727,2.0419688831691843570431383388995031,1.4046935351151589689276525603256687,1.4046935351151589689276525603256687,179,above,False
179,364.7360241140889937162621021269404000172,0.5+364.7360241140889937162621021269404000172i,3.6940848491496253329593924604148372,-0.97193308920555032257627463330046484,-14.889637501735065043035731522281546,4.3773125428434357412322914387861486,15.519734856975156923362361953516533,1.4046935351151589689276525603256687,1.4766861742423231448150430698661742,1.4046935351151589689276525603256687,178,below,False
180,366.2127102883313168610771451968065741791,0.5+366.2127102883313168610771451968065741791i,3.6859935352879709324106433570813744,-0.42877358658052806891946690031589607,-15.021410842638237288727024222274139,1.4284300253267396436860939511455742,15.08917479654154407667332599491092,1.4766861742423231448150430698661742,1.7808651934089864651061528474012722,1.4766861742423231448150430698661742,179,below,False
181,367.993575481740303326183298044207846399,0.5+367.993575481740303326183298044207846399i,1.9536407501868831641588498513218694,-1.325921472942126214660339455776051,-6.0880476483132188391458728224676898,8.142673018819558816875561858619899,10.166978315091664519664971089414603,1.7808651934089864651061528474012722,0.97486261399408656539360325568406424,0.97486261399408656539360325568406424,182,above,False
182,368.9684380957343898915769012998919106382,0.5+368.9684380957343898915769012998919106382i,1.7104355027284971696632700160398422,1.0740931116012037061959391046715758,-6.2754675184650683578350628289683507,-5.4747471430547386573873370418025228,8.3279258435516911209296869097068118,0.97486261399408656539360325568406424,1.0824811163716104480742617613747008,0.97486261399408656539360325568406424,181,below,False
183,370.0509192121060003396511630612666114225,0.5+370.0509192121060003396511630612666114225i,0.29425217206393487542817846382199743,3.9879824647330695996447505376347301,7.3564541905678615614270953169318924,-16.885356445574988554582470761270359,18.418270292078033858058235804857381,1.0824811163716104480742617613747008,3.0110091600068381094682333700187805,1.0824811163716104480742617613747008,182,below,True
184,373.0619283721128384491193964312853919029,0.5+373.0619283721128384491193964312853919029i,0.23789552605748626044917933607165413,-3.527126432126993784941946229192555,8.2944743912826574066845614533330824,15.029283684069688200276729049347123,17.166178185137399692766318088035046,3.0110091600068381094682333700187805,0.80294553879573129563696630237406905,0.80294553879573129563696630237406905,185,above,True
185,373.8648739109085697447563627336594609497,0.5+373.8648739109085697447563627336594609497i,2.6632616580778807680958862423639354,-0.0049308356240000195315914166780072964,-10.887939397949560776076192996216027,-3.1162470083360745024136699740148047,11.325114557936523511968421350175461,0.80294553879573129563696630237406905,1.9610388558307643631513514130335648,0.80294553879573129563696630237406905,184,below,False
186,375.8259127667393341079077141466930257529,0.5+375.8259127667393341079077141466930257529i,0.92083030595292650696123331031346241,-1.0898124716568716605345173478446296,-0.089022162010798484382540825628675971,7.5666706104372703814627228609476005,7.5671942668458175933131895887505097,1.9610388558307643631513514130335648,0.49817946392871800928310546573455386,0.49817946392871800928310546573455386,187,above,False
187,376.324092230668052117190819612427579613,0.5+376.324092230668052117190819612427579613i,0.47059044545789559813603243817360915,1.4310592390649362081963562249856265,3.5368999465293049958014700071313781,-7.6531141069172405270670637604704479,8.4308846964749003503401194870714581,0.49817946392871800928310546573455386,2.1125880192974276069001463007759409,0.49817946392871800928310546573455386,186,below,True
188,378.4366802499654797240909659132035205563,0.5+378.4366802499654797240909659132035205563i,4.5670508989458385141559424334444717,0.31455931730027209935630063267521628,-18.796389957286861052314971710190202,-0.13003853206045865781885009154146896,18.796839772850509808882480494381688,2.1125880192974276069001463007759409,1.436295096566866926933093777242751,1.436295096566866926933093777242751,189,above,False
189,379.8729753465323466510240596904462715681,0.5+379.8729753465323466510240596904462715681i,4.5588915613824109736355011763308818,1.2416442743059300611416880196981081,-18.316187499059507256619563169256467,-6.503830093216748628482878456682769,19.436628575504949137493935132546657,1.436295096566866926933093777242751,1.6114932706541782686384627332111238,1.436295096566866926933093777242751,188,below,False
190,381.4844686171865249196625224236573953658,0.5+381.4844686171865249196625224236573953658i,5.7217745155322969835482690032515396,0.57786597402260343747858992374669829,-23.338655163535700801739434107420365,-3.9180078464166395151822467226170095,23.665240550795463710770979788358283,1.6114932706541782686384627332111238,1.9590608323499627846832330570651415,1.6114932706541782686384627332111238,189,below,False
191,383.4435294495364877043457554807225369042,0.5+383.4435294495364877043457554807225369042i,3.1227315617119655543873316374075501,-3.1040998289179151694860707481134038,-10.089004111287494378165225801476082,15.527964741048762936577899281147858,18.517712951572328000302758701976249,1.9590608323499627846832330570651415,1.5125873653271993994058287280709765,1.5125873653271993994058287280709765,192,above,False
192,384.9561168148636871037515842087935133903,0.5+384.9561168148636871037515842087935133903i,1.5444567588160421847069204189443607,-1.4436201892953384470081510796101766,-4.2492511377201169582770052640035046,8.1945825012079705090082180276854263,9.2307809854052753582120807429173634,1.5125873653271993994058287280709765,0.90518403111054207681037515100974423,0.90518403111054207681037515100974423,193,above,False
193,385.8613008459742291805619593598032576156,0.5+385.8613008459742291805619593598032576156i,1.6972505737802641613112180755525315,0.9873160494674954948519652117033154,-5.8960928834280701300576419448675972,-5.9434530610148488171667474127025036,8.3718902034425839930707310632756081,0.90518403111054207681037515100974423,1.3615893764137517953865553783065565,0.90518403111054207681037515100974423,192,below,False
194,387.222890222387980975948514738109814091,0.5+387.222890222387980975948514738109814091i,2.3120295242009117378987214967731199,2.7074794679621877576733539996415847,-6.9241595689083085491342405827554561,-13.381519297519249555162844776322865,15.066819320798420040407234961074836,1.3615893764137517953865553783065565,1.623238131844273624860905562263744,1.3615893764137517953865553783065565,193,below,False
195,388.8461283542322546008094203003735580574,0.5+388.8461283542322546008094203003735580574i,5.2942748072488171346993931978887414,4.1015384337483759066175940834421007,-18.540833772980428806075615670231568,-21.179326204171407414004315540836469,28.148292585163905811613964667142633,1.623238131844273624860905562263744,2.6099552094057911697688078221805767,1.623238131844273624860905562263744,194,below,False
196,391.4560835636380457705782281225541347722,0.5+391.4560835636380457705782281225541347722i,-0.047584869480501456716808035422413515,-2.9220928879117550213074588808068415,8.4464407190312331414588406396970264,11.939731780233604272698175896010481,14.625305323446384988772830912944664,2.6099552094057911697688078221805767,0.78899977588105097843695604843874579,0.78899977588105097843695604843874579,197,above,True
197,392.2450833395190967490151841709928805624,0.5+392.2450833395190967490151841709928805624i,1.9702263117379029188461786355386543,-0.14993898581893631051841400739006175,-8.2548270853121801938626492191700588,-0.82416217420630427505530571678867259,8.2958672541088823102444864119535372,0.78899977588105097843695604843874579,1.1826605049149291876837687491359894,0.78899977588105097843695604843874579,196,below,False
198,393.4277438444340259366989529201288699205,0.5+393.4277438444340259366989529201288699205i,2.5662183685007380428738893667653125,1.8327484300895194622910090508131671,-8.335419788158945724189598562722671,-10.776086316642705680880000543330998,13.623628714427220445586661437089557,1.1826605049149291876837687491359894,2.1551261665596950341787584030127722,1.1826605049149291876837687491359894,197,below,False
199,395.5828700109937209708777113231416421361,0.5+395.5828700109937209708777113231416421361i,1.9759809275292780950054131640684743,-1.6612144713269407778171361951449159,-4.9170163565974535119787722186548988,10.769308805011340612033548746886477,11.838710317798205389455871093557068,2.1551261665596950341787584030127722,0.79898421159846596112174316858888693,0.79898421159846596112174316858888693,200,above,False
200,396.3818542225921869319994544917305290638,0.5+396.3818542225921869319994544917305290638i,1.7236039482145055698825473445375492,1.7299232756549088348099966427804202,-4.2758780601817796795636560703698895,-10.026792708435224980921126610097277,10.900445183728676211167292706484319,0.79898421159846596112174316858888693,1.5368819870220564549817252190681547,0.79898421159846596112174316858888693,199,below,False
201,397.9187362096142433869811797107986838045,0.5+397.9187362096142433869811797107986838045i,3.9452868962417558848276247904825854,3.6207359169513621263037813592317492,-13.094845422204268507152344966893911,-18.585081736430853463440795467078357,22.735000325076746180457301817772647,1.5368819870220564549817252190681547,2.066383666580656118936120157490962,1.5368819870220564549817252190681547,200,below,False
202,399.9851198761948995059172998682896457706,0.5+399.9851198761948995059172998682896457706i,6.0901448715476401169256353858129112,-2.608097954114341002106568544929961,-24.264870047271575131577764094569365,13.239996433779257409968415518277339,27.642022790987361222089313979047635,2.066383666580656118936120157490962,1.854108724338317033994004509997585,1.854108724338317033994004509997585,203,above,False
203,401.8392286005332165399113043782872307264,0.5+401.8392286005332165399113043782872307264i,1.3395088022570105551517667544571202,-2.7375561256349755384890774538961838,-1.0063679375720317289650731673071066,13.616216386856165912769742903248904,13.653355818972248787702738395346267,1.854108724338317033994004509997585,1.022689163352897636404138717752404,1.022689163352897636404138717752404,204,above,False
204,402.8619177638861141763154430960396346969,0.5+402.8619177638861141763154430960396346969i,2.1735950361524920065731181527486396,-0.22040618598904428034199510013060938,-9.1051725884029646822621591932538553,0.31094565928586727316122213410688266,9.1104805069564506674407720117595889,1.022689163352897636404138717752404,1.3745240363218905639123564674880555,1.022689163352897636404138717752404,203,below,False
205,404.2364418002080047402277995635276901961,0.5+404.2364418002080047402277995635276901961i,2.0810512301500604108999485449139098,0.37839303266786644538946178827900465,-8.8395860466044429450555912806157456,-0.61964143052878205995261053520061437,8.8612773897306544257486716657075783,1.3745240363218905639123564674880555,0.89794565970192251725846846188904597,0.89794565970192251725846846188904597,206,above,False
206,405.1343874599099272574862680254167361628,0.5+405.1343874599099272574862680254167361628i,0.37717238233080852254681024533646975,3.1434188038107914901607257111747644,5.8126769368050300881240169766630287,-13.982559992053903690485905915664747,15.142628474048076273918244581335768,0.89794565970192251725846846188904597,2.4470729269862548188227331559738015,0.89794565970192251725846846188904597,205,below,True
207,407.5814603868961820763090011813905376405,0.5+407.5814603868961820763090011813905376405i,5.2306857414889565013569820330321867,-2.9147598767351717469063216320899796,-19.294791543366390806385750259157395,16.700810015778017249384460507765625,25.518738916433047869195241482940407,2.4470729269862548188227331559738015,1.3657851154549304433250385827673642,1.3657851154549304433250385827673642,208,above,False
208,408.9472455023511125196340397641579017956,0.5+408.9472455023511125196340397641579017956i,4.4376444586346235708779126404120399,-0.97936447138369505306219693236395976,-18.502388835384693435886434945806335,4.2160613675200834030681009002273367,18.976658453754798715708362919915718,1.3657851154549304433250385827673642,1.566623691015526127135065520709286,1.3657851154549304433250385827673642,207,below,False
209,410.5138691933666386467691052848671877897,0.5+410.5138691933666386467691052848671877897i,3.7240949382922267174331172196154193,-1.3509697782846408384173346442970877,-15.12873956846306885693614189518677,6.8489535752202781265291526560382401,16.606833714043828916456325798973147,1.566623691015526127135065520709286,1.4583986109121120178711932224057296,1.4583986109121120178711932224057296,210,above,False
210,411.9722678042787506646402985072729174075,0.5+411.9722678042787506646402985072729174075i,3.0985071052252167143554063195967423,-0.80907289828137160632816596110237083,-12.684949517981509473764632556210181,4.4427520194553419022624040834777418,13.440460921416119656806817859604393,1.4583986109121120178711932224057296,1.2904682659062962216167608104561735,1.2904682659062962216167608104561735,211,above,False
211,413.2627360701850468862570593177290908706,0.5+413.2627360701850468862570593177290908706i,3.1406125777092808810172338547051818,0.59132285565907565907491440476487197,-12.937028431905941939072726211964103,-3.5919311751220950435259263486661311,13.426417028185766493918071226810641,1.2904682659062962216167608104561735,1.7560736849700687600621521450881306,1.2904682659062962216167608104561735,210,below,False
212,415.0188097551551156463192114628172215099,0.5+415.0188097551551156463192114628172215099i,1.521365763330637183867102768670178,-0.55501366399231677126815322786328734,-4.459050223927227385761819648019643,7.578179908102939460233252050128382,8.7927208314082469028504955405443463,1.7560736849700687600621521450881306,0.43640524113948321080957102385260342,0.43640524113948321080957102385260342,213,above,False
213,415.4552149962945988571287824866698249317,0.5+415.4552149962945988571287824866698249317i,-0.57814342438306688475476695686202598,1.8267996422111255469166976066189014,11.575373008987663444390673975844707,-4.7605845467897232975917819242365041,12.516086669735601858219181729781612,0.43640524113948321080957102385260342,2.9324907932401803689169406128849739,0.43640524113948321080957102385260342,212,below,True
214,418.3877057895347792260457230995547988242,0.5+418.3877057895347792260457230995547988242i,2.4991493007486469211037879429343331,-5.3255891294918445535995467906008255,-3.1068002409563595542443115687095859,25.825673873911359393694152958873039,26.011874957004430726979729006014631,2.9324907932401803689169406128849739,1.4736590286175444618065860388280186,1.4736590286175444618065860388280186,215,above,False
215,419.8613648181523236878523091383828173933,0.5+419.8613648181523236878523091383828173933i,0.97520080579873252791467909718934043,-1.8484784378527497466826982659010686,-0.37918020368004484237681823323692026,9.7292451227842562953911122336244111,9.7366312596341081036979863755957739,1.4736590286175444618065860388280186,0.78246280688946258012234384661766331,0.78246280688946258012234384661766331,216,above,False
216,420.6438276250417862679746529850004807025,0.5+420.6438276250417862679746529850004807025i,1.7249691698483742602536424453172837,0.75366282910291939449102062831652367,-6.1474250560680418342242435887743218,-5.6955760477415881756154350311586627,8.380359260531785650317801288986417,0.78246280688946258012234384661766331,1.4328824337849733618660124643808946,0.78246280688946258012234384661766331,215,below,False
217,422.0767100588267596298406654493813752742,0.5+422.0767100588267596298406654493813752742i,2.9226286613588375548989437384211198,1.7536519558578708561803135998982224,-11.142457847772519601438416091146859,-9.3013188375184590039723756405421779,14.514437605589930233926420983868244,1.4328824337849733618660124643808946,1.6398695686550589807222092823846989,1.4328824337849733618660124643808946,216,below,False
218,423.7165796274818186105628747317660741893,0.5+423.7165796274818186105628747317660741893i,4.2369960714287123657159846602448134,0.99528546044850709881355898503765839,-17.873423531156322663200980936385565,-4.0609027719313590655791847179651809,18.328944324405929788368264680494147,1.6398695686550589807222092823846989,1.3533028669795290038118179173903572,1.3533028669795290038118179173903572,219,above,False
219,425.0698824944613476143746926491564313421,0.5+425.0698824944613476143746926491564313421i,4.763867259233621853937485221747073,2.7385483805111060194869068771920368,-17.943518275527032971102884819670911,-15.252120252563234074053672903656295,23.549883657946639594511355925985622,1.3533028669795290038118179173903572,2.138942589613232913768241236555167,1.3533028669795290038118179173903572,218,below,False
220,427.2088250840745805281429338857115983852,0.5+427.2088250840745805281429338857115983852i,2.6995550109197193461579911045414322,-3.0515111366647577926845753398316346,-6.3708769110467608685132664999656691,17.316192830128564537242389331028785,18.450978476652793031735510810328649,2.138942589613232913768241236555167,0.91908899254210158216213460060656092,0.91908899254210158216213460060656092,221,above,False
221,428.1279140766166821103050684863181593093,0.5+428.1279140766166821103050684863181593093i,3.554735775730112236295633651910528,1.32009743274388595682167793802302,-13.252865106603791314846992955373385,-10.294943892389210706564966415771282,16.781665688520857713097350557521944,0.91908899254210158216213460060656092,2.2008313543219545596219130555367034,0.91908899254210158216213460060656092,220,below,False
222,430.3287454309386366699269815418548626842,0.5+430.3287454309386366699269815418548626842i,1.082130481346041093835183674275054,-2.425211673499942159009798153813234,0.37873780197564867829382430348266725,12.460403917333568393818517294974822,12.466158514383935203292336936047074,2.2008313543219545596219130555367034,0.97256149976495534957814038570081837,0.97256149976495534957814038570081837,223,above,True
223,431.3013069307035920195051219275556810535,0.5+431.3013069307035920195051219275556810535i,1.5674828802875300182081028284651023,-0.1026792458467263199709442729000468,-6.585894008521926190173310177135478,1.0888340246272732699739849282450116,6.6752947069527223035316852750263145,0.97256149976495534957814038570081837,0.83733480388497628674812718139703585,0.83733480388497628674812718139703585,224,above,False
224,432.1386417345885683062532491089527169051,0.5+432.1386417345885683062532491089527169051i,0.59334440499048775072605540160965442,2.1817392122504327218656711645842819,2.5337727805213946902984159383445814,-10.602453015080527693361755141659585,10.901009789936952998720880313338908,0.83733480388497628674812718139703585,1.7505767463386569966933619418401855,0.83733480388497628674812718139703585,223,below,True
225,433.8892184809272253029466110507929024489,0.5+433.8892184809272253029466110507929024489i,4.9547638725741588823795114839494475,4.5409866908153099035541053887412023,-17.352620636273735728599816394632709,-23.191848086022592373295295313461392,28.965069663157775498452928949956677,1.7505767463386569966933619418401855,2.2717879517197587688549072115851355,1.7505767463386569966933619418401855,224,below,False
226,436.1610064326469840718015182623780379899,0.5+436.1610064326469840718015182623780379899i,3.4578369767532219876734984166572613,-4.6359051413940104940207875629696197,-9.2678507097183114007145780282701566,23.680028047095280535495434391551354,25.429053955836527227765406125245206,2.2717879517197587688549072115851355,1.4206917350215970822116489709474215,1.4206917350215970822116489709474215,227,above,False
227,437.5816981676685811540131672333254594988,0.5+437.5816981676685811540131672333254594988i,1.9806975491987022262140584138262026,-2.0453727858461809919525844145136062,-6.0852826938373569118950598903038831,10.925542576147141677649169240487709,12.505924437926224748435321319536263,1.4206917350215970822116489709474215,1.0400404886036151369018429038449361,1.0400404886036151369018429038449361,228,above,False
228,438.6217386562721962909150101371703956298,0.5+438.6217386562721962909150101371703956298i,2.4261395872446511432900969377434954,0.3242656740491339233556587432592909,-10.133113108259671018787151596489857,-2.6314293050354530322709570295541082,10.469212074085773270470800435437132,1.0400404886036151369018429038449361,1.2967035580984601193067798898536437,1.0400404886036151369018429038449361,227,below,False
229,439.9184422143706564102217900270240392808,0.5+439.9184422143706564102217900270240392808i,3.0415403352053415574209492501796165,1.7445271360407601370049857241431639,-11.525834994425398159276003756234638,-9.8472698669499135021561427632505479,15.159604089528884698075643166175131,1.2967035580984601193067798898536437,1.7647569868183674639826464721439538,1.2967035580984601193067798898536437,228,below,False
230,441.6831992011890238742044364991679930714,0.5+441.6831992011890238742044364991679930714i,3.9399487927159909427419895518981855,-0.34916315502963656563245087181274464,-16.569667651991122282446692299693053,3.5816129108504525109793098724308959,16.952340167086420370681836005776159,1.7647569868183674639826464721439538,1.221347101420425595518665913598209,1.221347101420425595518665913598209,231,above,False
231,442.9045463026094494697231024127662020661,0.5+442.9045463026094494697231024127662020661i,3.6140603145920859483679935202183797,1.769644651645416498568432677378048,-14.409832308330703470596347557844705,-9.5110910860390133183645783572593554,17.265692016283104886672673728614578,1.221347101420425595518665913598209,1.4147899749497064505826411270244189,1.221347101420425595518665913598209,230,below,False
232,444.3193362775591559203057435397906209456,0.5+444.3193362775591559203057435397906209456i,5.2724960165139582944171700040171591,3.4959603335343121069081004517853764,-19.241199615189646539036725103145023,-19.733271142948850189262906816279587,27.561308978942056451129085445332777,1.4147899749497064505826411270244189,2.5412864188703666085551316409561222,1.4147899749497064505826411270244189,231,below,False
233,446.8606226964295225288608751807467431377,0.5+446.8606226964295225288608751807467431377i,-0.27263428500279642459222038376596407,-2.3198768584005389363501321382396789,9.7209242478647570314112182486035764,8.8870306431876062547241709856681889,13.17101673697518731980428548927811,2.5412864188703666085551316409561222,0.58108149806376753666605012286241659,0.58108149806376753666605012286241659,234,above,True
234,447.4417041944932900655269253036091597305,0.5+447.4417041944932900655269253036091597305i,1.8421173353357110312470413395349092,0.40159730146222651711370898691549399,-6.9792501900660865340850879056437729,-5.7432563652757432039007335715065048,9.038524597124126101828947579288167,0.58108149806376753666605012286241659,1.7068414905300146874965778310954903,0.58108149806376753666605012286241659,233,below,False
235,449.1485456850233047530235031347046500033,0.5+449.1485456850233047530235031347046500033i,2.3201630001893048332227032052835178,-0.68175058950408806877263856887306644,-9.2514103296295541564558293654757792,5.1380414185874929043726990444645694,10.582441245114332897627402796082495,1.7068414905300146874965778310954903,0.97840009529021927702225939407705551,0.97840009529021927702225939407705551,236,above,False
236,450.1269457803135240300457625287817055144,0.5+450.1269457803135240300457625287817055144i,1.8057619576982216482925589656235755,1.7392516092564244729071228125049682,-5.8573901493839957188100217999173532,-9.3566579048163407952724412386801578,11.038843531360646295259226504791966,0.97840009529021927702225939407705551,1.2763626650752714320674621025771057,0.97840009529021927702225939407705551,235,below,False
237,451.4033084453887954621132246313588112042,0.5+451.4033084453887954621132246313588112042i,1.9934855595163994485189165338062626,4.8557881410057830003944028160335617,-0.94699685565484429057515817425466427,-23.865454531055591683468218904136993,23.884235868423800874973341044617653,1.2763626650752714320674621025771057,2.5834293612891205762535856626460472,1.2763626650752714320674621025771057,236,below,False
238,453.9867378066779160383668102940048583722,0.5+453.9867378066779160383668102940048583722i,1.6567678164275209709988257873806084,-4.2902900597350219650215175447556717,1.3792712621122366327255378867482734,21.634306683258767214721927868992606,21.678229053125710601185691808568779,2.5834293612891205762535856626460472,0.98794596193887283694262865726608755,0.98794596193887283694262865726608755,239,above,True
239,454.974683768616788875309438951270945927,0.5+454.974683768616788875309438951270945927i,3.0984107754870768695201090358881095,-0.54947036511883829985738189382068707,-13.453391501069311708126789508787936,1.3105841779072661677507628254459066,13.517077116315673842026667258779673,0.98794596193887283694262865726608755,1.3537429206292623491903911117845376,0.98794596193887283694262865726608755,238,below,False
240,456.3284266892460512244998300630554834985,0.5+456.3284266892460512244998300630554834985i,3.6809034268266620879418919263022608,0.24499985580754977121051539662396948,-15.693128524326419856860176199913617,-2.2635187062374057250026848550306057,15.855528998255282909230397428512889,1.3537429206292623491903911117845376,1.5754663748569203501994991087321615,1.3537429206292623491903911117845376,239,below,False
241,457.9038930641029715746993291717876450449,0.5+457.9038930641029715746993291717876450449i,3.7295987207690898758768579284262793,-0.63639115672840859414582002496665948,-15.856727325754537086557284695812817,3.5422517571763134465570722371475354,16.247564401920347937777347069254388,1.5754663748569203501994991087321615,1.6095222170030401793106146302537603,1.5754663748569203501994991087321615,240,below,False
242,459.5134152811060117540099438020414053836,0.5+459.5134152811060117540099438020414053836i,1.6533765670110931619521266105608958,-0.86133322485685644407846176461642891,-4.9588386986083198069071466883676341,7.8009756723557900233091936784339576,9.2436628389130639590792327401671177,1.6095222170030401793106146302537603,0.57452914106982950132031162616514086,0.57452914106982950132031162616514086,243,above,False
243,460.0879444221758412553302554282065462455,0.5+460.0879444221758412553302554282065462455i,0.30210198139362625329442598160033256,2.1030077196652556439295199167765973,5.8733620053692175181385757625584028,-10.059400379872278182893072181593424,11.648515667186495694150034395852544,0.57452914106982950132031162616514086,1.9774228527066897085006657174119158,0.57452914106982950132031162616514086,242,below,True
244,462.0653672748825309638309211456184620432,0.5+462.0653672748825309638309211456184620432i,7.0109899549824404183961576335685001,2.3429813118295533399163163108840526,-29.366242008037225156780814688665509,-12.361249158491031730912011555816276,31.861836896715566453791809751307018,1.9774228527066897085006657174119158,1.9919196356657536124151636380482139,1.9774228527066897085006657174119158,243,below,False
245,464.0572869105482845762460847836666759158,0.5+464.0572869105482845762460847836666759158i,4.0208182297049879018315214462739998,-4.2962068152338072429855124418443602,-13.575784295560267233610883391916586,21.966543860978924876024550794693784,25.823070468786078757050899168786324,1.9919196356657536124151636380482139,1.6142523008228099767205609603288529,1.6142523008228099767205609603288529,246,above,False
246,465.6715392113710945529666457439955288515,0.5+465.6715392113710945529666457439955288515i,0.92670310329510956991043217815101279,-2.0744377572155273910979468941841836,0.13290188202993650265794277174305552,10.773516249919114593822551732316612,10.774335956221075677741046985699656,1.6142523008228099767205609603288529,0.89874771945516061442548020826888324,0.89874771945516061442548020826888324,247,above,True
247,466.570286930826255167392125952264412091,0.5+466.570286930826255167392125952264412091i,1.5335220381317349004214515077778674,0.085450940965070205641034952642328012,-6.6032825021219183848877097269603385,-0.41136640277312700860215791673066187,6.6160835938007921783984128542197435,0.89874771945516061442548020826888324,0.86875927943538368925287543218243023,0.86875927943538368925287543218243023,248,above,False
248,467.4390462102616388566450013844468423202,0.5+467.4390462102616388566450013844468423202i,0.60207219181990857788018211545916707,2.4075861816540420261652720537320047,3.1948281715956225933468353633496304,-11.823002546937872755735282025602267,12.247053370950926618527169638370585,0.86875927943538368925287543218243023,2.0969583488503933351740674446763234,0.86875927943538368925287543218243023,247,below,True
249,469.536004559112032191819068829123165678,0.5+469.536004559112032191819068829123165678i,5.1988009385921702534581800052131066,-0.27743208612816013789790297772156334,-22.275966454817576835630508295753084,4.0258914853110149173540192128931364,22.636839084723328312465251898662944,2.0969583488503933351740674446763234,1.2376509189896154982998106253131879,1.2376509189896154982998106253131879,250,above,False
250,470.7736554781016476901188794544363535409,0.5+470.7736554781016476901188794544363535409i,5.1002215915458072824521370895618781,2.2649832872729593742804232618873234,-20.26790771195899566373072589910176,-13.711092543080343901363275819176258,24.470025372798458602748414712146814,1.2376509189896154982998106253131879,2.0255191838071689681791132273336497,1.2376509189896154982998106253131879,249,below,False
251,472.799174661908816658297992681770003197,0.5+472.799174661908816658297992681770003197i,3.0389082878470384171172663400519083,-3.2193795633210675880037710349175955,-8.6857533336697597997864334623861695,18.105853571630681794391532239073748,20.081440300204735618383669891346111,2.0255191838071689681791132273336497,1.0360576832308704155074753416130405,1.0360576832308704155074753416130405,252,above,False
252,473.8352323451396870738054680233830436907,0.5+473.8352323451396870738054680233830436907i,3.7671309934681230305250616827796084,0.33427375541301575284650424157004274,-16.036160574806384422608391835154216,-4.252095667081664463794785733952432,16.590321381546208454438223568247968,1.0360576832308704155074753416130405,1.7651070242360985316233519002968814,1.0360576832308704155074753416130405,251,below,False
253,475.6003393693757856054288199236799250624,0.5+475.6003393693757856054288199236799250624i,2.8018435427391740279924712525694245,-1.8630726128446524088587585102776061,-10.324693576046719179379880603967024,10.765006511318978137403411504408063,14.915919771438849716657509416689453,1.7651070242360985316233519002968814,1.1686758681087352474198692717883869,1.1686758681087352474198692717883869,254,above,False
254,476.7690152374845208528486891954683119209,0.5+476.7690152374845208528486891954683119209i,2.6465161790431771395692479674781156,0.068321958878836748321748630944274703,-11.454001823617071947696414321629818,-0.4188251832607088519708557349106918,11.461656612791912468733460833013216,1.1686758681087352474198692717883869,1.3062485291864483470240382094412024,1.1686758681087352474198692717883869,253,below,False
255,478.0752637666709691998727274049095143199,0.5+478.0752637666709691998727274049095143199i,2.3838044587286543148547085347672739,0.84064614800671665945345499322708577,-10.632010195912641041209487473625224,-2.7749201978640819562933262355208937,10.988167404554063831819338239611128,1.3062485291864483470240382094412024,0.8669177679638573384443743621289697,0.8669177679638573384443743621289697,256,above,False
256,478.9421815346348265383171017670384840219,0.5+478.9421815346348265383171017670384840219i,-0.12771720375134527046693273569186939,4.0225446791724885165513432847889848,11.078380327357357150192645771467269,-17.098343468425345282974397495084957,20.373606947269356071783989895610697,0.8669177679638573384443743621289697,2.8881578416517348283642745180591141,0.8669177679638573384443743621289697,255,below,True
257,481.8303393762865613666813762850975980902,0.5+481.8303393762865613666813762850975980902i,0.23645488445405368161340963685451498,-4.510868801106397858844994437765433,9.3077575845551053061764889775380311,20.117576293216610250615340790361033,22.166443719420444206401206804016667,2.8881578416517348283642745180591141,1.0044434146958359398756203912240484,1.0044434146958359398756203912240484,258,above,True
258,482.8347827909823973065569966763216464687,0.5+482.8347827909823973065569966763216464687i,2.0406114782787816858980159938721096,-1.2704370434810348434209048473358022,-8.296455725487514822462280070006551,6.4210343805282297377206088724102003,10.490989472919135139002253539267515,1.0044434146958359398756203912240484,1.0166444215001402536312244083464812,1.0044434146958359398756203912240484,257,below,False
259,483.8514272124825375601882210846681276889,0.5+483.8514272124825375601882210846681276889i,2.5384911419804427755973554079785227,1.0055882846519398385249566967505801,-9.9304588237768886066193555453138445,-7.1361489255469452296163449385848756,12.228599017807112920241855243758734,1.0166444215001402536312244083464812,1.6877209168734693698372025734139896,1.0166444215001402536312244083464812,258,below,False
260,485.5391481293560069300254236580821172608,0.5+485.5391481293560069300254236580821172608i,3.0233199493172438566923928863908383,-0.45183595756789202180913270411162431,-12.782467158750123772568551812393749,4.3802354348918528148834714170354356,13.512140064756865925968129416158893,1.6877209168734693698372025734139896,0.98957013229523742234210261185938218,0.98957013229523742234210261185938218,261,above,False
261,486.5287182616512443523675262699414994362,0.5+486.5287182616512443523675262699414994362i,2.3692293426471590208655639661382529,2.6523348668498363594691890503391182,-6.4963929355367765946410506224956993,-14.937992818726663178590508136141689,16.289467475188423033907673808078057,0.98957013229523742234210261185938218,1.8518488283662041747439043948704228,0.98957013229523742234210261185938218,260,below,False
262,488.3805670900174485271114306648119221918,0.5+488.3805670900174485271114306648119221918i,5.1849543808589188834469624093825693,-0.23703289302908468082821618425098568,-22.47387957113331980795403395747928,3.1614535597282028611004357235367314,22.695154804233473132670619265623679,1.8518488283662041747439043948704228,1.2811944879386829856694735101651828,1.2811944879386829856694735101651828,263,above,False
263,489.6617615779561315127809041749771049742,0.5+489.6617615779561315127809041749771049742i,5.2300874275530371855720525564296438,1.654662786503137305411889985421644,-21.816573495559281070173893481213712,-10.257119871804694831191440082720196,24.107496492827920092103985566545794,1.2811944879386829856694735101651828,1.737060015706875056432426833562023,1.2811944879386829856694735101651828,262,below,False
264,491.3988215936630065692133310085391280176,0.5+491.3988215936630065692133310085391280176i,5.7962606601178310857399943179149176,-2.028930624270576871094348607123109,-24.856556108967812242869405793994479,10.020566648839356649893374818362657,26.800375698152007076218126435985078,1.737060015706875056432426833562023,1.9156199881222943671472730346879542,1.737060015706875056432426833562023,263,below,False
265,493.3144415817853009363606040432270822347,0.5+493.3144415817853009363606040432270822347i,0.40053132998569555011004200454450777,-1.9926998377366708190488143614944713,4.3464573865007120217479190695216093,9.9195932172419630362419522853639561,10.830051773108906001663333838967641,1.9156199881222943671472730346879542,0.64355622358416397322248724365806975,0.64355622358416397322248724365806975,266,above,True
266,493.9579978053694649095830912868851519854,0.5+493.9579978053694649095830912868851519854i,1.5591370048571059249297869188280395,0.59567015160347300975449620781776651,-5.7368067124063046342823800877406181,-5.3957042001682601048201844630607449,7.8755682379891444096500521592246445,0.64355622358416397322248724365806975,1.4008310167618125872510414502854463,0.64355622358416397322248724365806975,265,below,False
267,495.3588288221312774968341327371705982626,0.5+495.3588288221312774968341327371705982626i,2.4492765887632412785441266479594316,1.1786793209399405444939645404278765,-10.557085675431516938814328552000941,-5.4384750349289343862764086344526127,11.87556603551791135862732853022048,1.4008310167618125872510414502854463,1.0708673936278259870847800789024222,1.0708673936278259870847800789024222,268,above,False
268,496.4296962157591034839189128160730204362,0.5+496.4296962157591034839189128160730204362i,1.3773819871505693748732689521421848,4.1603680490364611820385080186545108,1.4012526062924411775075165281228656,-20.635490287840049186607359512666925,20.683011586473144825018143421754873,1.0708673936278259870847800789024222,2.1510862139274385327561700964148847,1.0708673936278259870847800789024222,267,below,True
269,498.5807824296865420166750829124879051616,0.5+498.5807824296865420166750829124879051616i,7.366047375010653537946410336025325,-2.3539213765009870502446373068632167,-31.259923071407668599862049917352504,13.294709593208420288282197976300664,33.969575999680558998475721911591242,2.1510862139274385327561700964148847,1.7283025120039535226343078126835413,1.7283025120039535226343078126835413,270,above,False
270,500.3090849416904955393093907251714464727,0.5+500.3090849416904955393093907251714464727i,2.4823828723792570847060992441144676,-3.4633483730357024770105817120064504,-6.6738356568225515534465592695233646,18.16523493945933443485581727843153,19.352411807834967309308133966983067,1.7283025120039535226343078126835413,1.2953620234549821240231550376797281,1.2953620234549821240231550376797281,271,above,False
271,501.6044469651454776633325457628511745334,0.5+501.6044469651454776633325457628511745334i,1.5751158098994635851752555308452226,-1.1807988588624709796452055232068418,-4.7933909579716545383015648253625085,7.980451980622929623736999224450437,9.3093614545248406260242808615376683,1.2953620234549821240231550376797281,0.67182336197275551206696157103416802,0.67182336197275551206696157103416802,272,above,False
272,502.2762703271182331753995073338853425487,0.5+502.2762703271182331753995073338853425487i,1.1919060009997999471235042421517513,1.9705626597506980541097682799450337,0.23954818448127122082411587311124827,-11.93706124261910447337313417730738,11.939464579399171354712298126419318,0.67182336197275551206696157103416802,2.2235029863095040083917548944760466,0.67182336197275551206696157103416802,271,below,True
273,504.4997733134277371837912622283613891551,0.5+504.4997733134277371837912622283613891551i,2.3970065575557378804140934735392903,-2.039286155189988797196880168568544,-6.91125841663048194527857372440311,13.176661870926924285635565093597987,14.879177092910249686782060125314169,2.2235029863095040083917548944760466,0.91545842881670484576090388092146618,0.91545842881670484576090388092146618,274,above,False
274,505.4152317422444420295521661092828553381,0.5+505.4152317422444420295521661092828553381i,2.2494148143562070515067638945719967,1.0283142745579262010675938611162016,-9.2868270729540733630472167900763231,-5.7859104322407640830365313014724397,10.941751076169902857400978966213459,0.91545842881670484576090388092146618,1.0489209672790891919739086713623754,0.91545842881670484576090388092146618,273,below,False
275,506.4641527095235312215260747806452307393,0.5+506.4641527095235312215260747806452307393i,1.3317433115262821861122694199848492,4.2742944121313393798259316683404197,2.5675353661317648799980538320083044,-21.383683727745414255158192759208487,21.537273913487319340778984671699348,1.0489209672790891919739086713623754,2.3365476269442895879435977275467686,1.0489209672790891919739086713623754,274,below,True
276,508.8007003364678208094696725081919993377,0.5+508.8007003364678208094696725081919993377i,5.1916389630081461881704402979610776,-4.5586261288678314175274536098295244,-18.60862759773447959401937271457425,24.819603943246977935821798474853527,31.020860093988468346939546605299127,2.3365476269442895879435977275467686,1.4635276072050136113098451465429258,1.4635276072050136113098451465429258,277,above,False
277,510.2642279436728344207795176547349251302,0.5+510.2642279436728344207795176547349251302i,2.7147073414894055896911965715873446,-2.7702631345170653249662808411340705,-9.5858448318598872236367959458116592,14.484707600998722896913454229909862,17.369374641216219901500545892507818,1.4635276072050136113098451465429258,1.2980617567017610396753868318642004,1.2980617567017610396753868318642004,278,above,False
278,511.5622897003745954604549044865991255703,0.5+511.5622897003745954604549044865991255703i,2.1139818373207675112785290095175206,-1.1785387089817968995708466062905011,-8.3669750524262778537532652311413214,6.8598657522696981908756146022828459,10.819613193968000042411162671864722,1.2980617567017610396753868318642004,1.0608548310328232066463504568819085,1.0608548310328232066463504568819085,279,above,False
279,512.6231445314074186671012549434810340696,0.5+512.6231445314074186671012549434810340696i,2.058067326290454765285582739076451,0.6339250064302200303544508853642572,-8.8896813866448633577074577431779381,-3.3397668747014163479983457926958721,9.4963402389243092355047863922596583,1.0608548310328232066463504568819085,1.0458410240662647691428914744450748,1.0458410240662647691428914744450748,280,above,False
280,513.668985555473683436244146417926108828,0.5+513.668985555473683436244146417926108828i,1.432109910601493658859223804086899,3.1008560906132037123559827729698903,-1.1255019639513784858540820624380344,-16.048094671436456019085229735940977,16.087513706419820276661709880045334,1.0458410240662647691428914744450748,1.7660716118256938134327472550312019,1.0458410240662647691428914744450748,279,below,False
281,515.4350571672993772496768936729573107082,0.5+515.4350571672993772496768936729573107082i,6.7474665040587836534115719302531377,2.7703236710669235416692360283425724,-28.596153998623802659428296213490614,-14.987834494381316001447406037517081,32.285836001937049672536658998210791,1.7660716118256938134327472550312019,2.1546114051680480916810716139832381,1.7660716118256938134327472550312019,280,below,False
282,517.5896685724674253413579652869405488328,0.5+517.5896685724674253413579652869405488328i,1.1094275193217799915874617914975639,-3.0214839802335433319748898137146654,3.8104168890767162547124394818154244,16.524782820441754820178986654371733,16.958411604019052039536954034967659,2.1546114051680480916810716139832381,0.64455457508271823250030908653927184,0.64455457508271823250030908653927184,283,above,True
283,518.2342231475501435738582743734798206691,0.5+518.2342231475501435738582743734798206691i,2.5485293325834231784302679258888484,1.395012720357512521943998646496581,-8.1302245008979576269579078365128315,-11.846841320404335573629175553324895,14.368305387408808320617051728890562,0.64455457508271823250030908653927184,1.8720872641731123293378717607820374,0.64455457508271823250030908653927184,282,below,False
284,520.1063104117232559031961461342618580756,0.5+520.1063104117232559031961461342618580756i,3.8364883370585122708189360261838799,-2.04439784052283449264569974946766,-15.638226692548810333727549116770213,11.476019076458573847981269844882494,19.397245885196877658163878261126617,1.8720872641731123293378717607820374,1.4188830377687850645362520289322831,1.4188830377687850645362520289322831,285,above,False
285,521.5251934494920409677323981631941412038,0.5+521.5251934494920409677323981631941412038i,2.3240158674988904023515550384543522,-1.2157772462847020881654200269010083,-8.9277150863390759906510144612454493,7.9373516083304561955711641562394612,11.945946894956147207528409529183187,1.4188830377687850645362520289322831,0.93150272823816946241201515931836693,0.93150272823816946241201515931836693,286,above,False
286,522.4566961777302104301444133225125081376,0.5+522.4566961777302104301444133225125081376i,2.1993799604405569298414149440874089,1.5082067688255714574941648679485182,-7.9404430963350689947772630665378244,-9.2663287983767430037212083753128084,12.203093294970805543916503344975032,0.93150272823816946241201515931836693,1.5038347142856300568630961584595944,0.93150272823816946241201515931836693,285,below,False
287,523.960530892015840487007509480972102534,0.5+523.960530892015840487007509480972102534i,3.5839064826167925453012101081580451,1.5902944256593190883961433751931436,-15.830194262679045843497277696018485,-7.0873657618308692679285811690897283,17.344330596368631193713063839004023,1.5038347142856300568630961584595944,1.1168547952637816935837081491659424,1.1168547952637816935837081491659424,288,above,False
288,525.0773856872796221805912176301380448888,0.5+525.0773856872796221805912176301380448888i,2.8205569526017600410510090971393148,5.3862560288072668340611926255553844,-3.5328824233557776674693807678460984,-28.524506832314571831615718045235953,28.742455501296629496521198745621089,1.1168547952637816935837081491659424,2.8262559139927230490260504410160755,1.1168547952637816935837081491659424,287,below,False
289,527.9036416012723452296172680711541204259,0.5+527.9036416012723452296172680711541204259i,-0.96196701578032407265865661296201619,-1.9561351320406293341848039776725362,13.316699650267411113693807652471265,4.2151351395853898973248137727128694,13.967886519455967209627714843586295,2.8262559139927230490260504410160755,0.50257225102031371199162857622952224,0.50257225102031371199162857622952224,290,above,True
290,528.4062138522926589416088966473836426627,0.5+528.4062138522926589416088966473836426627i,1.6386318527351950158893444586760356,0.00029073484115064860638330671669622822,-7.2617233650472089014975998565341205,-3.7974421348192611017212051933052443,8.1947051806500779324058461062802892,0.50257225102031371199162857622952224,1.4000124664142418565550866541811867,0.50257225102031371199162857622952224,289,below,False
291,529.806226318706900798163983301564829357,0.5+529.806226318706900798163983301564829357i,2.5230199228217995183094381286932203,0.096992902304745648777634938588351058,-11.204218006812646643623654954625069,-0.025692512411337007930808296712841079,11.204247464661728144084106834208079,1.4000124664142418565550866541811867,1.0606915652541888462234512132912408,1.0606915652541888462234512132912408,292,above,False
292,530.8669178839610896443874345148560701761,0.5+530.8669178839610896443874345148560701761i,2.2909043222356174665908407321638806,2.4928943874955181403036127269576951,-6.7806411713915443721296730058158163,-14.169190177128684836197054952478002,15.708056689826724272025650039542656,1.0606915652541888462234512132912408,1.8212651443326408607390110542874983,1.0606915652541888462234512132912408,291,below,False
293,532.6881830282937305051264455691435684763,0.5+532.6881830282937305051264455691435684763i,4.4757262653026216926973457861611036,-0.32512433737473133799040799425601392,-19.65511717042186829068979945805429,4.4359518051546175449340680644949526,20.149473923670242072365538841503076,1.8212651443326408607390110542874983,1.0914477254750020603561004539919042,1.0914477254750020603561004539919042,294,above,False
294,533.7796307537687325654825460231354727219,0.5+533.7796307537687325654825460231354727219i,4.0344667379606315556824809463177994,3.0383019922708810160976444481762824,-14.529097232441732735241754242138799,-18.001162899876315840095287636922314,23.133018223691207521799249721542898,1.0914477254750020603561004539919042,1.884683322104492051563577159139242,1.0914477254750020603561004539919042,293,below,False
295,535.6643140758732246170461231822747146814,0.5+535.6643140758732246170461231822747146814i,5.5966363399006130307684262672259423,-2.3700270595018790410376793601639126,-23.51794072183636411703557347580793,13.754025273482619177654779518332751,27.244572799355980368962557932916235,1.884683322104492051563577159139242,1.4054450072491029713436145713075534,1.4054450072491029713436145713075534,296,above,False
296,537.0697590831223275883897377535822680387,0.5+537.0697590831223275883897377535822680387i,4.2640043081654292071970585698892239,-1.7226580856659075525379012087077278,-18.417815307643088390628000521776402,9.0230752571708608564039352219191537,20.509310271265122860169771637115647,1.4054450072491029713436145713075534,1.3587670931256352551112174861992987,1.3587670931256352551112174861992987,297,above,False
297,538.4285261762479628435009552397815667706,0.5+538.4285261762479628435009552397815667706i,3.9229589094919094610622343681189196,-1.0658204813551566754155155545439187,-17.435089208863075417619288345136393,4.8362192119867751232706165230697403,18.093406312449948549675861685316036,1.3587670931256352551112174861992987,1.7846401999801705401447137501817842,1.3587670931256352551112174861992987,296,below,False
298,540.213166376228133383645668989963350953,0.5+540.213166376228133383645668989963350953i,0.54628926946631724653549304690405904,-1.0645880319243361657916592867493422,2.4340856986418736196948932591088919,7.2394064174585082405169504642996372,7.6376552989430159858773843284392781,1.7846401999801705401447137501817842,0.41822387106698397648240860921258307,0.41822387106698397648240860921258307,299,above,True
299,540.631390247295117360128077599175934027,0.5+540.631390247295117360128077599175934027i,0.49663883627353214036063167760680365,1.0090532841534715255415463763424679,1.7773895297874967645553264546533643,-6.4589259643125316830702241878903457,6.6990177006087083595062835099287531,0.41822387106698397648240860921258307,1.2160468739061641869910359097308027,0.41822387106698397648240860921258307,298,below,True
300,541.8474371212012815471191135089067366934,0.5+541.8474371212012815471191135089067366934i,0.11254271939248227725813163446389063,4.4784260771587902136379249273442744,9.0280689416767700583000156462265511,-20.200306120912292797190997366928938,22.125966559547977336313453197280631,1.2160468739061641869910359097308027,2.4764529798039813560021952468540995,1.2160468739061641869910359097308027,299,below,True
301,544.3238901010052629031213087557608362045,0.5+544.3238901010052629031213087557608362045i,4.7079015768539622765251838948433738,-5.1941991423654142471896319684187135,-14.788118363931602603355689681122806,28.809707280807803130894970617347672,32.383447598294429293268337397174782,2.4764529798039813560021952468540995,1.3129431479295553517341310386612154,1.3129431479295553517341310386612154,302,above,False
302,545.6368332489348182548554397944220515668,0.5+545.6368332489348182548554397944220515668i,3.4099904823054783818940157329421393,-2.4479639588548261215025799552401863,-13.947293669871673233904838805759407,12.704190009628603898748751804093232,18.865933438724670575724468402911863,1.3129431479295553517341310386612154,1.3740788091874742088004419987030201,1.3129431479295553517341310386612154,301,below,False
303,547.0109120581222924636558817931250716643,0.5+547.0109120581222924636558817931250716643i,2.2677224614551455230478933607446219,-1.3869024940733626944047552183038558,-8.6769101235909249167575549730954302,8.5690208260600122456460352741351608,12.194953350067596488803015994477953,1.3740788091874742088004419987030201,0.92070130636704584679527763302048586,0.92070130636704584679527763302048586,304,above,False
304,547.9316133644893383104511594261455575254,0.5+547.9316133644893383104511594261455575254i,2.4011000454819366226403767112593644,1.4266351756691562955330030141985259,-8.8873539587896761107415793116086759,-9.4737952986108899985232808159551942,12.989913692892510145250810050056817,0.92070130636704584679527763302048586,1.5659541981720401495335744536280124,0.92070130636704584679527763302048586,303,below,False
305,549.4975675626613784599847338797735699636,0.5+549.4975675626613784599847338797735699636i,4.1670773986217298307945531181115565,0.74981515571585633698404409776153815,-18.581888348144059314089583345484994,-3.6284169406884675031938867489734665,18.932828211293922137295965927207451,1.5659541981720401495335744536280124,1.4724424768225105856725001772203165,1.4724424768225105856725001772203165,306,above,False
306,550.9700100394838890456572340569938864736,0.5+550.9700100394838890456572340569938864736i,3.890340293596961481210661680577772,0.104679928098800965650879280205236,-17.450745254476912768973554476230835,1.2460087691165163642289313228258767,17.495172128029027973786311420615251,1.4724424768225105856725001772203165,1.0795621610810037469194684885756832,1.0795621610810037469194684885756832,307,above,False
307,552.0495722005648927925767025455695696804,0.5+552.0495722005648927925767025455695696804i,3.4458905807642921293354325418274555,3.2301323402263529329437756165759652,-11.542523637088086725825529504521366,-18.596954052310184158159849822789747,21.887817431997950895575439909024985,1.0795621610810037469194684885756832,1.715399918593921824573080046523986,1.0795621610810037469194684885756832,306,below,False
308,553.7649721191588146171497825920935557112,0.5+553.7649721191588146171497825920935557112i,7.6402011270558914404166722108832939,0.4167482352459302695642301776300528,-34.134848366681828581308519039074436,-3.4169155711970876400033389480483152,34.305439583789772801159976523474317,1.715399918593921824573080046523986,2.0270484425236937994234388932616336,1.715399918593921824573080046523986,307,below,False
309,555.7920205616825084165732214853551893267,0.5+555.7920205616825084165732214853551893267i,0.84678715843393701004363627528644336,-3.689717016408268532880874004880827,3.3601451695651779711761819108853485,18.181488623871797273889302064768421,18.489378143694605587474252524382515,2.0270484425236937994234388932616336,1.1074558451728428453909971707911851,1.1074558451728428453909971707911851,310,above,True
310,556.8994764068553512619642186561463744726,0.5+556.8994764068553512619642186561463744726i,1.2482143964434677158461787868309394,-1.0223661271104851438512094480309422,-3.8407457499155688749894795377876382,6.7297978388430312116478611626690529,7.7486454859666175739815978497434976,1.1074558451728428453909971707911851,0.66518276520317714655977121818490332,0.66518276520317714655977121818490332,311,above,False
311,557.5646591720585284085239898743312777888,0.5+557.5646591720585284085239898743312777888i,1.0557827374177763751844640301214627,1.5197425422766268547193172896893891,-0.76774017827466210680744537396152118,-9.5738556716559286739676555327717673,9.6045893927348920846287188970578191,0.66518276520317714655977121818490332,1.7515778566236353524111523658745112,0.66518276520317714655977121818490332,310,below,False
312,559.3162370286821637609351422402057889716,0.5+559.3162370286821637609351422402057889716i,3.4359530128700113814650295995481874,0.60863793754809205547083481839787147,-15.820335546448717050161016575466598,-0.49145324895921552194926547001779546,15.827967118304908690742632196583106,1.7515778566236353524111523658745112,0.92457046861350448085813411865473086,0.92457046861350448085813411865473086,313,above,False
313,560.2408074972956682417932763588605198266,0.5+560.2408074972956682417932763588605198266i,1.5371853617737268996888084414123357,4.4967584935559696939877707123600858,2.2668283765187407235970786885193479,-23.327190844195186528322252749918978,23.43707199225394556173828142741233,0.92457046861350448085813411865473086,2.3184001187501828663446403364640164,0.92457046861350448085813411865473086,312,below,True
314,562.5592076160458511081379166953245362396,0.5+562.5592076160458511081379166953245362396i,4.6012475665564237902011697677614168,-4.9786347863969153096908825023788793,-15.328821379089335585351767452716958,27.32341026766140668972396077587535,31.329562932268478489111227697689832,2.3184001187501828663446403364640164,1.6016714947402667057416168050819924,1.6016714947402667057416168050819924,315,above,False
315,564.1608791107861178138795335004065286639,0.5+564.1608791107861178138795335004065286639i,0.39882012272386308208623393833601117,-1.3511189124392994832081064028442896,5.4086575948719761364822299469270623,8.2025750381773850117883229852895014,9.8252640796823898256510875490477824,1.6016714947402667057416168050819924,0.34517682736371730836643543857031191,0.34517682736371730836643543857031191,316,above,True
316,564.5060559381498351222459689389768405769,0.5+564.5060559381498351222459689389768405769i,0.67563115990324390986252512098325533,1.2690124539314124320737688668820327,4.0334433561758440474367997657997889,-9.4735511327526875892687038433978872,10.296447755044396227403839582594718,0.34517682736371730836643543857031191,2.1927317446581211192663117282638857,0.34517682736371730836643543857031191,315,below,True
317,566.6987876828079562415122806672407263184,0.5+566.6987876828079562415122806672407263184i,2.718520375682163173730133677774225,-2.3390495163707541841823038299680699,-8.9144826848808383812872839947682942,14.393736332512092053688713846414657,16.93067178669880574071219021629649,2.1927317446581211192663117282638857,1.0329702183689812088224498263343383,1.0329702183689812088224498263343383,318,above,False
318,567.7317579011769374503347304935750646418,0.5+567.7317579011769374503347304935750646418i,2.6866389931459090283308005942925221,0.28428886014897127541656680462978142,-12.044281651235346110414278391911573,-1.8070177864921978568864810644237226,12.17908181165491628865257753041186,1.0329702183689812088224498263343383,1.1921972784524310464187569232910871,1.0329702183689812088224498263343383,317,below,False
319,568.9239551796293684967534874168661517306,0.5+568.9239551796293684967534874168661517306i,2.7238706638429589253073027521686588,1.7141810657633800145648564594627587,-11.506366279828273339141689677519824,-8.9427189330387944601483949674649141,14.572875038265429834935209779447612,1.1921972784524310464187569232910871,1.1271596028342235417735291844617171,1.1271596028342235417735291844617171,320,above,False
320,570.0511147824635920385270166013278688405,0.5+570.0511147824635920385270166013278688405i,2.2225084274878706136451936613002786,5.1490014091347723008340133377635688,-1.2620602957977448057960139378946446,-26.990638679134848339323589108052775,27.020129024448407355218355739853969,1.1271596028342235417735291844617171,2.3688693499891720067499105060189933,1.1271596028342235417735291844617171,319,below,False
321,572.4199841324527640452769271073468621495,0.5+572.4199841324527640452769271073468621495i,3.1763286424361525270886332209527302,-5.37180700125847338613802142216024,-6.5365168144142598734863716764628534,28.84676189214369577564833316794811,29.578061527543587134815932200908406,2.3688693499891720067499105060189933,1.1946263943053659419691050022964388,1.1946263943053659419691050022964388,322,above,False
322,573.6146105267581299872460321096433009372,0.5+573.6146105267581299872460321096433009372i,3.172748408541063400438555646079398,-2.1284979405918883013906280984402698,-13.65359131041234034544542821591566,10.604606640491014779435336491604839,17.288095258625615752011728305577123,1.1946263943053659419691050022964388,1.4792754877367556202111401725549069,1.1946263943053659419691050022964388,321,below,False
323,575.0938860144948856074571722821982078526,0.5+575.0938860144948856074571722821982078526i,1.3584744743483910313288417139089684,-1.3684347809252621987981452403226406,-3.3394094307998885324804780163640829,8.9567483651371464330821821997619962,9.5590269705081479554909965003498578,1.4792754877367556202111401725549069,0.713361126433895101972160612232236,0.713361126433895101972160612232236,324,above,False
324,575.807247140928780709429332894430443853,0.5+575.807247140928780709429332894430443853i,1.365370021834684508940069018427114,1.2500072892732291573362421586923729,-3.9357882503169752255656416891561103,-8.0862792056277573281743726917993851,8.9932386014550415307132900961626087,0.713361126433895101972160612232236,1.2317563311694305072077567933087454,0.713361126433895101972160612232236,323,below,False
325,577.0390034720982112166370896877391892968,0.5+577.0390034720982112166370896877391892968i,1.9576046288544453383573373312497512,3.8441147053486167378510858233718771,-3.0072703818071710633228070540771024,-20.350121704072338819267079524214866,20.571123657200904580632451116463708,1.2317563311694305072077567933087454,2.0598311999383962146472746411819109,1.2317563311694305072077567933087454,324,below,False
326,579.098834672036607431284364328921100148,0.5+579.098834672036607431284364328921100148i,4.9309578164449914420765068780866812,-2.1767486408044881655554201972360927,-19.860377480480322837931186900528042,15.385997252543586414365869822445019,25.122967681435422445381616628762663,2.0598311999383962146472746411819109,1.0381246903480212414319120191120999,1.0381246903480212414319120191120999,327,above,False
327,580.1369593623846286727162763480332000092,0.5+580.1369593623846286727162763480332000092i,4.8212968359591214960879605644138156,1.9110676693451432795373942929718786,-19.98716873189873157422131368675466,-13.267785624926686997416376634321136,23.990019785452482778010274030680799,1.0381246903480212414319120191120999,1.8096169035169968787898381966907567,1.0381246903480212414319120191120999,326,below,False
328,581.9465762659016255515061145447239567325,0.5+581.9465762659016255515061145447239567325i,4.4633334509508735786657437969530239,-2.9054104560022951809061210094151564,-17.939311393151977642287544714605078,16.648818271523048239523280575542903,24.47451824037956520289962246535136,1.8096169035169968787898381966907567,1.2895119532656527104544591047617054,1.2895119532656527104544591047617054,329,above,False
329,583.2360882191672782619605736494856620974,0.5+583.2360882191672782619605736494856620974i,3.6952547493551926099815768584364882,-1.373814242316877863122887106546961,-16.399100695268688364916339083684657,7.147075216316308315632600209561456,17.888856524698407436534071892575744,1.2895119532656527104544591047617054,1.3256176842982501049853197439688048,1.2895119532656527104544591047617054,328,below,False
330,584.5617059034655283669458933934544668492,0.5+584.5617059034655283669458933934544668492i,3.3498536220981654412281552906476601,-0.74241485148893244625789103645625289,-15.05775731220693684648382337491262,3.9387512378858573825913742623261047,15.564376524206449846461183109411146,1.3256176842982501049853197439688048,1.422857301522772207241365592134524,1.3256176842982501049853197439688048,329,below,False
331,585.9845632049883005741872589855889908383,0.5+585.9845632049883005741872589855889908383i,2.1387098055516240620675539012864127,-0.66690071999273419754488703403015512,-8.7344248599353800146478501582201094,6.1210178634940167467097632716930087,10.665694413354905426520219696025191,1.422857301522772207241365592134524,0.75820868626185507058458610175623004,0.75820868626185507058458610175623004,332,above,False
332,586.7427718912501556447718450873452208747,0.5+586.7427718912501556447718450873452208747i,1.0972323097298362513781107046851578,2.2650001829854278241733474404634854,-0.29254666306180953166250495666518485,-12.545332809380368589955765596705308,12.548743317487378245715221862352668,0.75820868626185507058458610175623004,1.3968913749978007727823901831455644,0.75820868626185507058458610175623004,331,below,False
333,588.1396632662479564175542352704907852915,0.5+588.1396632662479564175542352704907852915i,3.1832102723942587521557233205430555,6.1293808811138958253720039886440376,-5.8022224976199194861946541320103867,-32.312312536704215497419416610226482,32.829123158889564688171274649344583,1.3968913749978007727823901831455644,2.5207342505173192134777680397834896,1.3968913749978007727823901831455644,332,below,False
334,590.6603975167652756310320033102742748608,0.5+590.6603975167652756310320033102742748608i,0.40145060547357628239820544335437792,-4.9715279279806447547038447959701816,8.9981854145777195281482309022569435,23.461346952430445176773167407238373,25.127716600945588980316224923980878,2.5207342505173192134777680397834896,1.0654605482827810181904431624662833,1.0654605482827810181904431624662833,335,above,True
335,591.725858065048056649222446472740558131,0.5+591.725858065048056649222446472740558131i,1.6323384987157145646094068003702111,-1.5812324939411245446055443933274796,-5.6285084296333796430572423476015571,9.0355834449201124671066127325022361,10.645274788964746139042524195428158,1.0654605482827810181904431624662833,0.84550023517751317155026964757591617,0.84550023517751317155026964757591617,336,above,False
336,592.5713583002255698207727161203164743041,0.5+592.5713583002255698207727161203164743041i,2.1315723703045257746831143608981477,1.0305210477173810242154813948896939,-8.2526459885648984315112697802850504,-7.661327667305761324989119840380027,11.260644183988811569199914714092062,0.84550023517751317155026964757591617,1.4033563820054594230324583890651519,0.84550023517751317155026964757591617,335,below,False
337,593.9747146822310292438051745093816262202,0.5+593.9747146822310292438051745093816262202i,3.7724450831438464004142884935054869,1.5987069415683535002819700582672494,-16.249475914928222073797465703001545,-9.4226555580791994438853004834186503,18.783820305678853288190828370544512,1.4033563820054594230324583890651519,1.7534390151579199332157462234861782,1.4033563820054594230324583890651519,336,below,False
338,595.7281536973889491770209207328678044227,0.5+595.7281536973889491770209207328678044227i,2.4891009902637864059686344508730804,-1.1932386913317123802708279712373019,-8.715378586863356060266644462181736,10.885950497563992573515543577403544,13.944954003071148413542478419457183,1.7534390151579199332157462234861782,0.63461463100473491255817633759455178,0.63461463100473491255817633759455178,339,above,False
339,596.3627683283936840895790970704623562038,0.5+596.3627683283936840895790970704623562038i,0.97679385129246734690625354765211108,2.9402192669081118762385409821198478,4.1799462573012154947116371085046066,-16.252867651709193476192756402671178,16.781765628738281018508341287678312,0.63461463100473491255817633759455178,2.1303090177710703114844858656476946,0.63461463100473491255817633759455178,338,below,True
340,598.4930773461647544010635829361100508374,0.5+598.4930773461647544010635829361100508374i,5.1327659123026788972291975428601529,-2.5422317170949721568974233357419149,-20.6637104438936475458977904589517,17.083392286077259702843419816441809,26.811027979342444935257179312478169,2.1303090177710703114844858656476946,1.0525630182000995964518122083353595,1.0525630182000995964518122083353595,341,above,False
341,599.5456403643648539975153951444454102922,0.5+599.5456403643648539975153951444454102922i,5.3581359484125198137398503834722769,1.5595237507582249581586089309072735,-22.911073056789836972097985289072147,-12.306685971541888793621095585860198,26.007148790586543794028578402535327,1.0525630182000995964518122083353595,2.0564963715677820542227124515230982,1.0525630182000995964518122083353595,340,below,False
342,601.6021367359326360517381075959685084747,0.5+601.6021367359326360517381075959685084747i,1.0738726536384047324942279749447072,-3.3897047497542648218261126929018622,1.9243773951781615365962959530680787,17.624462248736114361796506825911485,17.729210301539015224890194020459348,2.0564963715677820542227124515230982,0.97703115045471824708461694686930998,0.97703115045471824708461694686930998,343,above,True
343,602.579167886387354298822724542837818458,0.5+602.579167886387354298822724542837818458i,1.9874336333788705408666760554237721,-0.72833090914680630357621757845156703,-8.8482609706036720019894113258760194,3.9268901439838226436339546811076356,9.6805055863227269283603650854075301,0.97703115045471824708461694686930998,1.0464510171918063734212423146137357,0.97703115045471824708461694686930998,342,below,False
344,603.6256189035791606722439668574515542055,0.5+603.6256189035791606722439668574515542055i,1.9623964087500562661765470350497452,0.83480951084415741621232192832716243,-8.6770984585119763276424698329338883,-4.4724416694538813368938054998600407,9.7619041249839335296952832402978494,1.0464510171918063734212423146137357,0.99059959017407224239563593119768333,0.99059959017407224239563593119768333,345,above,False
345,604.6162184937532329146396027886492375358,0.5+604.6162184937532329146396027886492375358i,1.0124367730499747074092409354414891,3.4116616197641301009010156350895949,1.9032880764336734110573856514485131,-17.516970190461957265993937173269762,17.620066689868895387126688066400716,0.99059959017407224239563593119768333,1.7672419283558081740347084512345077,0.99059959017407224239563593119768333,344,below,True
346,606.3834604221090410886743112398837452139,0.5+606.3834604221090410886743112398837452139i,7.6325136605295265228671366355280222,3.1139662139939865495439030102727605,-33.618365312388200691037325792298669,-17.316649320333229405524198056422418,37.816145096513783851286637106731117,1.7672419283558081740347084512345077,2.029756889078284086452412517295926,1.7672419283558081740347084512345077,345,below,False
347,608.4132173111873251751267237571796712432,0.5+608.4132173111873251751267237571796712432i,2.1786419070396324734973259496588798,-4.3924445756236685152473894666015936,-2.0400764529423844290587869505766743,24.016239701647559287813277735669401,24.102731823194698367898012147514196,2.029756889078284086452412517295926,0.9763578435327553521971557907190966,0.9763578435327553521971557907190966,348,above,False
348,609.389575154720080527323879547898767848,0.5+609.389575154720080527323879547898767848i,3.4533839827587315893254584068302973,-0.70573828714688680506190188925209211,-16.062877929212058499957432844514768,1.9312710910982348728146845870257217,16.178561598488279553140423665040525,0.9763578435327553521971557907190966,1.4495877830193263993786582198800649,0.9763578435327553521971557907190966,347,below,False
349,610.8391629377394069267025377677788327119,0.5+610.8391629377394069267025377677788327119i,2.7795481102566510744436032436555018,-1.0988656951542623801290470323950982,-11.754345700075021700745627338948498,7.476786527129860144271885491491989,13.930792497526576355516363829755341,1.4495877830193263993786582198800649,0.93504668314779770846582420487813419,0.93504668314779770846582420487813419,350,above,False
350,611.7742096208872046351683619726569669045,0.5+611.7742096208872046351683619726569669045i,2.7231378694292554799442390316881128,1.964364474122186748934145134182388,-9.6732203821190203502436623636420971,-12.867922706303608192718828443765129,16.09828026021558683030990683573057,0.93504668314779770846582420487813419,1.8255690547499147700180942132573365,0.93504668314779770846582420487813419,349,below,False
351,613.5997786756371194051864561859143033969,0.5+613.5997786756371194051864561859143033969i,3.3370641118370410661533830742008799,-1.4663716864380212276743571097079416,-13.569619998487538441978656027562021,10.63016567474037749583104571600772,17.237604508045237314853267363966679,1.8255690547499147700180942132573365,1.0464591965955021203666278017049317,1.0464591965955021203666278017049317,352,above,False
352,614.6462378722326215255530839876192350523,0.5+614.6462378722326215255530839876192350523i,2.675928430981200411261143531928783,0.91647541591149588500791115128277316,-12.294459906140418189859288999125374,-4.1121089677642668011929617778310423,12.96391856447970612092707683949766,1.0464591965955021203666278017049317,0.89232549717440632792118190808023934,0.89232549717440632792118190808023934,353,above,False
353,615.53856336940702785347426589569947439,0.5+615.53856336940702785347426589569947439i,0.67126838951955287661035053388631412,4.616340814789702912350752987924209,8.216093220676215250864119201424757,-22.806388668805913064221734431702012,24.241195348486435784386884718680835,0.89232549717440632792118190808023934,2.574267997035345529065961128881452,0.89232549717440632792118190808023934,352,below,True
354,618.1128313664423733825402270245809263633,0.5+618.1128313664423733825402270245809263633i,1.2894482482810413260583663560131076,-5.3837914304976620130008465542992563,4.6301178585795236656963403620720829,27.231205762765408097776378777435711,27.622030314196764442033452587068054,2.574267997035345529065961128881452,1.071651231511260866487919399730886,1.071651231511260866487919399730886,355,above,True
355,619.184482597953634249028146424311812394,0.5+619.184482597953634249028146424311812394i,2.3702735055034916171296166645836179,-1.8145804133704670792799957313886918,-9.8777199809291563305726129766363019,9.6401428304956315833968656332486897,13.802235536825308789909303652979226,1.071651231511260866487919399730886,1.088411074273887670057426170481084,1.071651231511260866487919399730886,354,below,False
356,620.2728936722275219190855725947928964014,0.5+620.2728936722275219190855725947928964014i,2.7823186523849420278939312071053857,-0.029100793587387976879246971630807475,-12.78773460123085527382495719755603,-0.87425379117959847099833164277084197,12.817584636853729865686777065899843,1.088411074273887670057426170481084,1.4364008557211010382130604660554755,1.088411074273887670057426170481084,355,below,False
357,621.7092945279486229572986330608483718565,0.5+621.7092945279486229572986330608483718565i,2.0821016504782381819621720489423707,-0.35285645637980870098827046346786614,-9.0090728686717392452615838611016096,4.909942323343413220469244953294726,10.260162161076995160330022725577937,1.4364008557211010382130604660554755,0.66570821183038626058291071827515081,0.66570821183038626058291071827515081,358,above,False
358,622.375002739779009217881543779123522671,0.5+622.375002739779009217881543779123522671i,0.3343500329470035628219339792591471,2.6271220063135492426712359845300081,6.2903012068362590837357730801394622,-13.069487796056727699604663039864109,14.504461400686391535141428484155878,0.66570821183038626058291071827515081,1.8948972783988716168914032596264512,0.66570821183038626058291071827515081,357,below,True
359,624.2699000181778808347729470387499738705,0.5+624.2699000181778808347729470387499738705i,7.4409690110440664219343530099361007,1.743846525536528577929530480125654,-33.977895694599807953777697612900715,-9.047483594685227635165671476931419,35.161830942503584226336300653735779,1.8948972783988716168914032596264512,1.7493834094765013635632703671455861,1.7493834094765013635632703671455861,360,above,False
360,626.0192834276543821983362174058955599554,0.5+626.0192834276543821983362174058955599554i,4.5643918880059424152488312745986839,-3.4834194293265665912201371114273868,-17.649847360391214278252579917348447,20.422757736274173234175196094594211,26.9927054109004662209283496480392,1.7493834094765013635632703671455861,1.2491134231286385536614281904877376,1.2491134231286385536614281904877376,361,above,False
361,627.2683968507830207519976455963832975695,0.5+627.2683968507830207519976455963832975695i,3.5615250455342010487352080788521405,-1.4424153726568361527550049490651572,-15.653846569588753889235801890758081,8.4713298478039979268689545165556715,17.799054520241250852086146766340957,1.2491134231286385536614281904877376,1.0574655086773411839461700687382383,1.0574655086773411839461700687382383,362,above,False
362,628.3258623594603619359438156651215358396,0.5+628.3258623594603619359438156651215358396i,4.1052570533925767089832163122350925,1.3710109095205997415758885653276833,-17.4569397041991644124303937325291,-10.651084638252641022397425684407128,20.449702878214798227915577442112797,1.0574655086773411839461700687382383,2.148025078831683934662771111227014,1.0574655086773411839461700687382383,361,below,False
363,630.4738874382920458706065867763485498501,0.5+630.4738874382920458706065867763485498501i,0.10408581549725709829169672772883581,-1.1954269299270319752226586209794193,6.9153386207501508781254499376103371,6.1531230933457590102475887112086839,9.2565021493814541882372854265337048,2.148025078831683934662771111227014,0.33189348890548677126513847179833698,0.33189348890548677126513847179833698,364,above,True
364,630.805780927197532641871725248146886834,0.5+630.805780927197532641871725248146886834i,0.68880891165023433850677724726876002,0.85532754528065106721397442149608839,1.1911829674976644784737141648328427,-7.4583065576426102712109513855318446,7.5528308315380204229404895932913469,0.33189348890548677126513847179833698,1.4193602399184193102829806814635816,0.33189348890548677126513847179833698,363,below,True
365,632.2251411671159519521547059296104684573,0.5+632.2251411671159519521547059296104684573i,2.7760521724364705318906554981420699,2.6523584604385940142498088877818209,-10.800798526797258403234437885138564,-14.32490145706609700301266533135835,17.940458482745646275161737198278369,1.4193602399184193102829806814635816,1.3217170851358255320424275291719908,1.3217170851358255320424275291719908,366,above,False
366,633.5468582522517774841971334587824592879,0.5+633.5468582522517774841971334587824592879i,4.4067872917554509699056027925824947,5.0780843331245847392117184639866143,-14.722579613704272943420865785648752,-28.294124129295510425209463606256028,31.89532584448453451279498869958602,1.3217170851358255320424275291719908,1.9769420583536763263284482923354313,1.3217170851358255320424275291719908,365,below,False
367,635.5238003106054538105255817511178906058,0.5+635.5238003106054538105255817511178906058i,6.9923124134640552072019823664701429,-4.4244592900769093474778036287581733,-29.826162138632366448859454583459928,24.304640674546046655100483157478015,38.474868501903745548508038011037721,1.9769420583536763263284482923354313,1.8733928492318533632224925368115877,1.8733928492318533632224925368115877,368,above,False
368,637.3971931598373071737480742879294782583,0.5+637.3971931598373071737480742879294782583i,-0.31309354934078881437343571755807133,-1.7455689870517671580645772559611067,8.7689435490929894409257709864137814,6.7502667027031089709748427514048804,11.066185952025289217508651027771227,1.8733928492318533632224925368115877,0.52832082098527391968076542859441682,0.52832082098527391968076542859441682,369,above,True
369,637.9255139808225810934288397165238950757,0.5+637.9255139808225810934288397165238950757i,1.3034952628064807505805656930438367,0.22766898277928855425428877370329685,-5.5912135063170659186840757353259559,-3.5217506768214428453278997824763991,6.6079040779141663701147270748160402,0.52832082098527391968076542859441682,1.0024242860341891003438512048479671,0.52832082098527391968076542859441682,368,below,False
370,638.9279382668567701937726909213718621921,0.5+638.9279382668567701937726909213718621921i,1.5116449426044499062732646586050392,2.3456867225551491647935648512508118,-2.5703210060272102950829604115196645,-13.687632988992104823757190236223529,13.926874987425200263352241390854891,1.0024242860341891003438512048479671,1.766856401968897429414847577325933,1.0024242860341891003438512048479671,369,below,False
371,640.694794668825667623187538498697795209,0.5+640.694794668825667623187538498697795209i,4.8303372642723671978677107640994144,0.26877191240517131789244139648658234,-22.433307050776946479161028213594867,0.45647517931299808926182816200850796,22.437950771489082089068169721325047,1.766856401968897429414847577325933,1.2507049968796269221910000545196159,1.2507049968796269221910000545196159,372,above,False
372,641.9454996657052945453785385532174111105,0.5+641.9454996657052945453785385532174111105i,4.6135641019843024486254798500967542,1.4499987366760026754102446496231397,-20.921635131418707595127861773264962,-8.0564055658012061814619360601715071,22.419199076079549709614764582451646,1.2507049968796269221910000545196159,1.3333841156925948157648242501396941,1.2507049968796269221910000545196159,371,below,False
373,643.2788837813978893611433628033571052195,0.5+643.2788837813978893611433628033571052195i,5.8298875520021760355837809000302484,2.2002512886962956632537249270371622,-25.719882602470534619305275420992808,-13.535909050258553090411671859374836,29.064294157982537964212041050491954,1.3333841156925948157648242501396941,1.7116944483501131513003495213421534,1.3333841156925948157648242501396941,372,below,False
374,644.9905782297480025124437123246992586259,0.5+644.9905782297480025124437123246992586259i,5.5308673950251965864780634975046466,-2.7411237539957955552661540871431341,-24.005214931461513153898835375477999,15.944117690808671970788312545841045,28.81779368452798188498795871470474,1.7116944483501131513003495213421534,1.3576133657535895214372292969631179,1.3576133657535895214372292969631179,375,above,False
375,646.3481915955015920338809416216623765381,0.5+646.3481915955015920338809416216623765381i,4.1273392793815904338071376691435447,-2.060554104658940404937562486443717,-18.398280996866797645487901915548365,11.000862358834853631261389342784405,21.436317693990716400308298086183423,1.3576133657535895214372292969631179,1.4135614087872917598858673305864736,1.3576133657535895214372292969631179,374,below,False
376,647.761753004288883793766808952248850112,0.5+647.761753004288883793766808952248850112i,2.5254839938290847366530116440020366,-1.7169136406748026649317199679851461,-9.9923176522465521704799948585426693,10.481572043425427005360157865801893,14.481359209857185563008839820310164,1.4135614087872917598858673305864736,1.0246478844935569773133248172257482,1.0246478844935569773133248172257482,377,above,False
377,648.7864008887824407710801337694745983596,0.5+648.7864008887824407710801337694745983596i,2.6292020020385555318154507723338679,0.44907742921475827380733556400154853,-11.996055358452404407508834699606855,-3.2308651904291738509998792606168756,12.423519390325013156716660601841216,1.0246478844935569773133248172257482,1.4111184564740183121737638228817252,1.0246478844935569773133248172257482,376,below,False
378,650.197519345256459083253897592356323526,0.5+650.197519345256459083253897592356323526i,1.8272724232411987163617747739796624,0.069761161353531671972577680361251042,-8.6547018653968034466481080652328885,4.3192621001663631771700350862974211,9.6726361178758529589001525666506357,1.4111184564740183121737638228817252,0.4711645461395234473067354623191681,0.4711645461395234473067354623191681,379,above,False
379,650.6686838913959825305606330546754916218,0.5+650.6686838913959825305606330546754916218i,-1.1938254746851489365115662750194801,2.1049786840374778650433928788926159,15.972180569750283906934841385340714,-3.850530047351715369010531174430907,16.42976365619015553228175153539686,0.4711645461395234473067354623191681,2.9808877139987093715262319047738355,0.4711645461395234473067354623191681,378,below,True
380,653.6495716053946919020868649594493271571,0.5+653.6495716053946919020868649594493271571i,-0.46270946880222256171953941730589669,-3.8323253159976359663387066199925896,15.298094930373423838620048664537586,16.212393747177030373266855182181174,22.29065767338913497152807058562671,2.9808877139987093715262319047738355,0.65234898092465037338375136353241497,0.65234898092465037338375136353241497,381,above,True
381,654.3019205863193422754706163229817421251,0.5+654.3019205863193422754706163229817421251i,2.7939562954395928001695025602236104,-0.1804720015610315130454181711892943,-13.233355807648172402014394319342505,-3.0860537480469438271325132792832927,13.588430139926032056747249114249476,0.65234898092465037338375136353241497,1.4075424360362940405561264274140622,0.65234898092465037338375136353241497,380,below,False
382,655.7094630223556363160267427503958042889,0.5+655.7094630223556363160267427503958042889i,3.5102064728948195313634992547851708,-0.6866356733652449031198774942187507,-16.193396361877275871235724045653963,3.812421098191453448300558703930095,16.636124559608091671397891853827834,1.4075424360362940405561264274140622,1.2546215771049811068431538353681235,1.2546215771049811068431538353681235,383,above,False
383,656.9640845994606174228698965857639277926,0.5+656.9640845994606174228698965857639277926i,3.4212795710113532626622712256119794,0.11013584627190223862437867451684074,-15.90781132238244845676176654172486,-0.52113939822402180762490847370781652,15.916345288441706806764359993292652,1.2546215771049811068431538353681235,1.211529819144782322009911323512718,1.211529819144782322009911323512718,384,above,False
384,658.1756144186053997448798079092766458149,0.5+658.1756144186053997448798079092766458149i,3.6907033466116268586166608642186318,1.3747069060819184839121134815335891,-16.453352016911843930389452835284973,-8.3122851486020403333982155409029276,18.433851387707536966322634841462052,1.211529819144782322009911323512718,1.4882315543587080862853742367469897,1.211529819144782322009911323512718,383,below,False
385,659.6638459729641078311651821460236355644,0.5+659.6638459729641078311651821460236355644i,4.0984444502062864590571296311650191,0.14754660092629242161635874360572968,-19.14368132713177514820040678498148,1.2611507304603960809073700943971815,19.185177505556590351935449663224186,1.4882315543587080862853742367469897,1.0528866223151622209936991057910495,1.0528866223151622209936991057910495,386,above,False
386,660.7167325952792700521588812518146850472,0.5+660.7167325952792700521588812518146850472i,3.6300490924250812366185790205340986,3.2301274057625981052554824408349944,-13.191530610153217139595243700311565,-19.204748496131289152758755483884,23.298902219595375640143384388325783,1.0528866223151622209936991057910495,1.579853835821140592219385139990954,1.0528866223151622209936991057910495,385,below,False
387,662.2965864311004106443782663918056390286,0.5+662.2965864311004106443782663918056390286i,7.8032267004602593155883347495966163,1.5035737001262344542698525676176205,-35.790841818596129570184059314211344,-9.8853449621419152813539184708468495,37.130908999165561067866460732077611,1.579853835821140592219385139990954,1.9480182211726028055119908696320888,1.579853835821140592219385139990954,386,below,False
388,664.2446046522730134498902572614377278702,0.5+664.2446046522730134498902572614377278702i,1.6877705703861775580380920723361633,-4.422987828998979613014849784149977,-0.39487124061640880526764157173749353,23.465576663657853322844107073138144,23.468898812144339137064859419334273,1.9480182211726028055119908696320888,1.0981584433260270928979125310782904,1.0981584433260270928979125310782904,389,above,False
389,665.3427630955990405427881697925160182302,0.5+665.3427630955990405427881697925160182302i,2.1501401646102502710807031585654423,-1.5488580014434314573014185161679506,-9.0789895172298117140305453932246425,8.5345120221245219899301592128387003,12.460575673288807040626515763932499,1.0981584433260270928979125310782904,1.1723846085739200059869260267160246,1.0981584433260270928979125310782904,388,below,False
390,666.5151477041729605487750958192320428226,0.5+666.5151477041729605487750958192320428226i,1.617643267606941515532365084773079,-0.35538271686235755547123420753903388,-7.0193086787341266493303292183580214,4.0503789562559360091946129729909529,8.1040893391320135663812225483117844,1.1723846085739200059869260267160246,0.63334719038246939229411745530069313,0.63334719038246939229411745530069313,391,above,False
391,667.1484948945554299410692132745327359495,0.5+667.1484948945554299410692132745327359495i,0.26364653219591055096337699286661495,2.1390642372173826504538044758447133,5.6393859733980709968314066705106908,-10.825691802622469896359879569158949,12.206485045348896442203948188148784,0.63334719038246939229411745530069313,1.8273539256797014651230663877306929,0.63334719038246939229411745530069313,390,below,True
392,668.9758488202351314061922796622634288949,0.5+668.9758488202351314061922796622634288949i,5.938671175797003229709176316056881,2.0081484728361729709297259703584111,-27.685238612610336949407024366590066,-9.4793857543297933337689184942519129,29.263137072374194783668459629791445,1.8273539256797014651230663877306929,1.3477363856274526282372736549583296,1.3477363856274526282372736549583296,393,above,False
393,670.3235852058625840344295533172217584499,0.5+670.3235852058625840344295533172217584499i,7.2197304992082319811139647394242597,2.4042617528476410875128332046861101,-32.273991484551285151827671197549596,-15.555709955586987412395416615162527,35.827233197209591120944612150972251,1.3477363856274526282372736549583296,2.1345983783071501469355330179562473,1.3477363856274526282372736549583296,392,below,False
394,672.4581835841697341813650863351780057639,0.5+672.4581835841697341813650863351780057639i,0.13640470549209221320549561857437371,-2.840140242232283029774144796989532,9.4236427430909101361230179170804696,13.75536123148724371983128834296045,16.673781969250774494396157418487196,2.1345983783071501469355330179562473,0.58539470197791158876595431614259425,0.58539470197791158876595431614259425,395,above,True
395,673.0435782861476457701310406513206000103,0.5+673.0435782861476457701310406513206000103i,2.2127381452022757055649521739846292,0.56704748354831229797064420204302656,-9.2075153348624066572627852403044377,-7.0780789815150053884317894524313656,11.613679034237637850051489468908794,0.58539470197791158876595431614259425,1.312319523975522126025279454767301,0.58539470197791158876595431614259425,394,below,False
396,674.3558978101231678961563201060879009985,0.5+674.3558978101231678961563201060879009985i,4.1217559260572596504154046093349749,1.3886929621376613365114871919306332,-18.218149925611950314804481848051122,-9.6237693188852319458123960776024619,20.603832716637733175626773076379751,1.312319523975522126025279454767301,1.7837765535035803070218156082555295,1.312319523975522126025279454767301,395,below,False
397,676.1396743636267482031781357143434305253,0.5+676.1396743636267482031781357143434305253i,2.6119867475308676204650260819522505,-2.2223584282414454316172016510954886,-9.0024124931278473156032987817302036,14.17933600015857153748322362359164,16.795743511432211133753494874320256,1.7837765535035803070218156082555295,1.0905063051372250446766638552695018,1.0905063051372250446766638552695018,398,above,False
398,677.2301806687639732478547995696129323011,0.5+677.2301806687639732478547995696129323011i,1.7526312561858942317616147789388759,-0.20209432470240825229671924340400054,-7.8544818002433297055171984383466997,3.964388631589581669266727263597046,8.7982533250998412805157135204308463,1.0905063051372250446766638552695018,0.57026407745736167108395782365653918,0.57026407745736167108395782365653918,399,above,False
399,677.8004447462213349189387573932694714798,0.5+677.8004447462213349189387573932694714798i,-0.28543337024636091435559066316390103,2.3392674441496951778146514129071416,10.288312983565565947146449501403492,-9.8577214591100699570305129780241774,14.248651038368613365803622267092818,0.57026407745736167108395782365653918,1.9417531363068828005871815180005239,0.57026407745736167108395782365653918,398,below,True
400,679.7421978825282177195259389112699953456,0.5+679.7421978825282177195259389112699953456i,9.0894301776289400693993920491179011,2.6903228237558306032387306363061037,-41.674303188401523319254348422660762,-15.638703753467459925172550471110058,44.51198267127100902188846571076358,1.9417531363068828005871815180005239,2.1527936506236713899264721700976619,1.9417531363068828005871815180005239,399,below,False
401,681.8949915331518891094524110813676572786,0.5+681.8949915331518891094524110813676572786i,-0.15311683546294978763607589124587833,-3.5411481582937021264536929266661227,11.418964086404128522721311383417483,16.134638999116755051589036822919554,19.766621270171758840217579854044013,2.1527936506236713899264721700976619,0.70774348659865637808842556350353182,0.70774348659865637808842556350353182,402,above,True
402,682.6027350197505454875408366448711890959,0.5+682.6027350197505454875408366448711890959i,2.5340425096207144610785369777302415,-0.3343768992790515176990991172728452,-12.252571785737602180374117481458471,-1.2583360281901289309006749764436529,12.31701769603723685843710296408316,0.70774348659865637808842556350353182,1.4108147941189597486532913139233305,0.70774348659865637808842556350353182,401,below,False
403,684.0135498138695052361941279587945196167,0.5+684.0135498138695052361941279587945196167i,2.5022297975384770311511679785716718,-0.7666532114807914371482574464293332,-11.131693691388410875180134061085669,5.5670884559374439410897233857275726,12.446167213850555485708457655954254,1.4108147941189597486532913139233305,0.95908004822894730954253377954989363,0.95908004822894730954253377954989363,404,above,False
404,684.9726298620984525457366617383444132492,0.5+684.9726298620984525457366617383444132492i,2.2471245530100796919120897463833664,1.5204393303614560128395263540200961,-9.1554447515743150094008299572711095,-9.1829695919631457670862526034373367,12.967231744904131794184797999208387,0.95908004822894730954253377954989363,1.1905937256294970577363449730441021,0.95908004822894730954253377954989363,403,below,False
405,686.1632235877279496034730067113885153934,0.5+686.1632235877279496034730067113885153934i,2.8379722019915223801102558023489906,3.9112325982405053475614642055989235,-8.268662066798972756111815665198089,-22.021051892730347039003852469105538,23.52227665081003717493304055133209,1.1905937256294970577363449730441021,1.7983195969756988793233307782965201,1.1905937256294970577363449730441021,404,below,False
406,687.9615431847036484827963374896850355278,0.5+687.9615431847036484827963374896850355278i,6.7255186727688764039032790778127601,-0.92348903093956578743667879694692095,-31.209110365163826993503129744895675,7.0527037698966451183377152488386408,31.996081013944357320596670100487528,1.7983195969756988793233307782965201,1.4073981775687199404588553354875154,1.4073981775687199404588553354875154,407,above,False
407,689.3689413622723684232551928251725509009,0.5+689.3689413622723684232551928251725509009i,4.9216868060072623801432638683928701,-1.52274707521272977015518615698645,-22.270817541718124312688350270084645,9.9035023492556428262481150462174022,24.373524011890684212938918009722976,1.4073981775687199404588553354875154,1.1057936700780292706878966287304208,1.1057936700780292706878966287304208,408,above,False
408,690.4747350323503976939430894539029717297,0.5+690.4747350323503976939430894539029717297i,5.3607567099249652169950944242919678,1.3325769969855491099673301062821667,-24.038534209277709560803360576614696,-10.906240572821468811156859050625673,26.396916682879307019244652687426304,1.1057936700780292706878966287304208,1.9769493831704511559035629111563097,1.1057936700780292706878966287304208,407,below,False
409,692.4516844155208488498466523650592814303,0.5+692.4516844155208488498466523650592814303i,0.91503260224950339791264412699301942,-2.8636686529609160977759927244493618,3.1838152234419964415964031136696162,15.858219207178062665988634975861882,16.174665245374700865448445247726568,1.9769493831704511559035629111563097,0.72528564508097599577644514303390052,0.72528564508097599577644514303390052,410,above,True
410,693.1769700606018248456230975080931819507,0.5+693.1769700606018248456230975080931819507i,2.340382471218571674173520469027359,0.41285104798640264892363968589820908,-10.486095636684696176525711760850829,-4.8991133922924032360643032203600723,11.574088030261243980581850392395563,0.72528564508097599577644514303390052,1.3569386392713151700076070338390425,0.72528564508097599577644514303390052,409,below,False
411,694.5339086998731400156307045419322244287,0.5+694.5339086998731400156307045419322244287i,3.1020456783556363031290485021181588,0.38795341275362835093946041958097534,-14.63130225246680253840503370351604,-1.5452151673647819322677281873781935,14.712671256997972514881158782680572,1.3569386392713151700076070338390425,1.1924272210535901521707236857971155,1.1924272210535901521707236857971155,412,above,False
412,695.726335920926730167801428227729339893,0.5+695.726335920926730167801428227729339893i,2.8043515953086013677814191397575393,1.3897510828442623974185908308131755,-13.297775030258739004051727973557535,-6.344985918273723704395899622682641,14.733963046596277379252636737661566,1.1924272210535901521707236857971155,0.89973397941888480310139029183176516,0.89973397941888480310139029183176516,413,above,False
413,696.6260699003456149709028185195611050569,0.5+696.6260699003456149709028185195611050569i,0.4475723412501691968391581237858154,5.1340689600674495635917455883473015,10.319354726496997907486665983257992,-25.256425392058543866364886870055448,27.28325687222651762967788044920925,0.89973397941888480310139029183176516,2.5060255756678917399133510683900593,0.89973397941888480310139029183176516,412,below,True
414,699.1320954760135067108161695879511643128,0.5+699.1320954760135067108161695879511643128i,1.8757751877887911827405422618040264,-6.1879909104294113620006284604212992,2.2815553670193226642661200288054854,32.52844588330642558607604059647947,32.608362217013742900172875330717087,2.5060255756678917399133510683900593,1.1646436561299878571959802561590675,1.1646436561299878571959802561590675,415,above,True
415,700.2967391321434945680121498441102318192,0.5+700.2967391321434945680121498441102318192i,1.92692388261001851252541645421754,-2.3273256466830823511462764998289313,-6.5032974084456824899554999882559995,13.105860764900400507091679206742462,14.630668596193819914201207792392772,1.1646436561299878571959802561590675,1.0050038225026611171617641953655121,1.0050038225026611171617641953655121,416,above,False
416,701.3017429546461556851739140394757438996,0.5+701.3017429546461556851739140394757438996i,2.2753681013805453036345673314233517,-0.24350970135765910632604380661840172,-10.698815183073235885773879061592874,1.4255359460185818478892695031316924,10.793368290526803431362516990119475,1.0050038225026611171617641953655121,0.92560019111434443426140577086166408,0.92560019111434443426140577086166408,417,above,False
417,702.2273431457605001194353198103374079756,0.5+702.2273431457605001194353198103374079756i,2.110579911553269098774504633198784,2.414897708986391363194151110169188,-5.7289339115817391536316048516859639,-15.08247152383163392963126592799336,16.133865966669717437586369191258919,0.92560019111434443426140577086166408,1.806496149764809203217752485488596,0.92560019111434443426140577086166408,416,below,False
418,704.0338392955253093226530722958260039567,0.5+704.0338392955253093226530722958260039567i,4.1735677783504210594472377450724414,-1.1419897910629292105674923287043379,-18.658157267320477815321226467186171,9.1777531713220107749279980162699071,20.793219709457580449165355144446883,1.806496149764809203217752485488596,1.091974659093918344214407143613139,1.091974659093918344214407143613139,419,above,False
419,705.125813954619227666867479439439142922,0.5+705.125813954619227666867479439439142922i,3.5178098653704164423558779016013197,1.0789273461541686925977116374149502,-16.425476075426839463528283390466925,-5.6810758795296353939688352416081331,17.380186634596100009201106664212792,1.091974659093918344214407143613139,1.0588408448986913589435055765619444,1.0588408448986913589435055765619444,420,above,False
420,706.1846547995179190258109850160010872721,0.5+706.1846547995179190258109850160010872721i,3.2855892329015029831021317584102934,4.4955588662386299855362596296248822,-8.4833884617151449581577629568494214,-26.366768064728716338606237511362964,27.697912159070036139469245146426657,1.0588408448986913589435055765619444,2.0844160855919809694580436236285618,1.0588408448986913589435055765619444,419,below,False
421,708.269070885109899995269028639629649109,0.5+708.269070885109899995269028639629649109i,3.8286071583965804211508430768714862,-4.2849813589570465905523964138116929,-11.442086073079708657723772372965124,26.186153051810750067838459983132297,28.576842816459310316633110783457966,2.0844160855919809694580436236285618,0.96051768517440071376566466393230324,0.96051768517440071376566466393230324,422,above,False
422,709.2295885702843007090346933035619523512,0.5+709.2295885702843007090346933035619523512i,4.8846219918510643325864790900538253,0.14894174531243783660890716344904723,-22.95898186938480117175208547815922,-4.8761087072635794566702687256253275,23.471073358578889572913051797045712,0.96051768517440071376566466393230324,1.9006856094011308564401630868156454,0.96051768517440071376566466393230324,421,below,False
423,711.1302741796854315654748563903775977822,0.5+711.1302741796854315654748563903775977822i,0.61381567543237439362147892476464576,-2.4039774326646612863074186791768212,3.5462765909097206158516658259780397,13.015001935330996188668496130840561,13.489490466133398259106114196629573,1.9006856094011308564401630868156454,0.77001573468988047344022266283400666,0.77001573468988047344022266283400666,424,above,True
424,711.900289914375312038915079053211604438,0.5+711.900289914375312038915079053211604438i,1.5870570137348140579715030376949967,-0.00018090447478250149155920624206669589,-7.5069019804929749408607425378853987,-0.22683744282598686250543103265277226,7.5103283929663942743676912039328145,0.77001573468988047344022266283400666,0.84909355572597821569549531400989549,0.77001573468988047344022266283400666,423,below,False
425,712.749383470101290254610574367221499929,0.5+712.749383470101290254610574367221499929i,0.99888745695235981522242209098813486,2.1344789607622835935023042407666916,-0.52677013994722318541225668483448291,-12.063897997319725650872993791296556,12.075393230453197311206477584196391,0.84909355572597821569549531400989549,1.3333883505681028223139527987467673,0.84909355572597821569549531400989549,424,below,False
426,714.0827718206693930769245271659682672645,0.5+714.0827718206693930769245271659682672645i,2.6791284243389350633498515773089623,5.5316351230004953372203462339706032,-4.9919436855181668928675611894652566,-29.905757489401755394469858016138268,30.319528900929412083257086752580399,1.3333883505681028223139527987467673,2.0296246333827170712574993099626131,1.3333883505681028223139527987467673,425,below,False
427,716.1123964540521101481820264759308803733,0.5+716.1123964540521101481820264759308803733i,6.7481262213412924549772355384777628,-4.0754866500556723243714405776902408,-28.573863789930725335707512893502066,24.906157765577961031670638157183853,37.904912432683097374571338255576923,2.0296246333827170712574993099626131,1.3701732490480805662598711033918174,1.3701732490480805662598711033918174,428,above,False
428,717.4825697031001907144418975793226977666,0.5+717.4825697031001907144418975793226977666i,3.9360148435318941870588649585690003,-2.9730867572808727228498797629360155,-16.535839671942955582157698779899382,16.882793516285114018730411462580144,23.631815642682243922395658966911858,1.3701732490480805662598711033918174,1.2602168423857032740072851055866741,1.2602168423857032740072851055866741,429,above,False
429,718.742786545485893988449182684909371865,0.5+718.742786545485893988449182684909371865i,2.8769571486352383602655575892506754,-1.5391659855958725364714235315940375,-12.396841699830764471333427556993642,9.6107077903461893348040850398967966,15.685897754418898769643716327992429,1.2602168423857032740072851055866741,0.95431444287977114424177821267935874,0.95431444287977114424177821267935874,430,above,False
430,719.6971009883656651326909608975887306013,0.5+719.6971009883656651326909608975887306013i,3.2279086577884753570811329081913909,1.3211033864707734801536944092300552,-13.796208785536003670805549493101192,-9.9457868867998169128085452155711173,17.007470524794097300839761998120252,0.95431444287977114424177821267935874,1.6540612301707519956951977987696124,0.95431444287977114424177821267935874,429,below,False
431,721.3511622185364171283861586963583429952,0.5+721.3511622185364171283861586963583429952i,3.2239712977611413835124003275948464,-1.3319945991056328110817041753739585,-13.752651105478643135872383002878762,10.044073499673494664432402185864672,17.029939074931134584111150606097656,1.6540612301707519956951977987696124,0.92634275713782021198998496382746954,0.92634275713782021198998496382746954,432,above,False
432,722.2775049756742373403761436601858125359,0.5+722.2775049756742373403761436601858125359i,2.9479662827199559564750817594211392,1.8178314948034952621426051925790435,-11.966450480393417111818727666102606,-11.901020896114484320951049667120586,16.876914275703999278790101834779744,0.92634275713782021198998496382746954,1.568316069454178171295778743494377,0.92634275713782021198998496382746954,431,below,False
433,723.8458210451284155116719224036801895288,0.5+723.8458210451284155116719224036801895288i,3.5177205432835776534673329649398693,-0.095553324561549310301223910786491317,-16.571921945192408493695499129537181,5.0791447628021080516711852237307948,17.332810172590301075787177521130062,1.568316069454178171295778743494377,0.7167928452506640805742943677246618,0.7167928452506640805742943677246618,434,above,False
434,724.5626138903790795922462167714048513284,0.5+724.5626138903790795922462167714048513284i,0.72408640839017922602125967807902438,4.552285519024736419938898066116617,9.6175686883581174261059054460787315,-23.689421958523531276323802227396329,25.567290435325041295234791532030734,0.7167928452506640805742943677246618,2.4937893396703020254021885064860034,0.7167928452506640805742943677246618,433,below,True
435,727.0564032300493816176484052778908547699,0.5+727.0564032300493816176484052778908547699i,1.2505305838645529048916518394669878,-6.0621093914637253426631162298653942,4.9990172422142792976768389199617455,31.058716202978516538166385278557878,31.458449191991583266412184296576819,2.4937893396703020254021885064860034,1.3490783588846784170959499550401708,1.3490783588846784170959499550401708,436,above,True
436,728.4054815889340600347443552329310256048,0.5+728.4054815889340600347443552329310256048i,0.16619947886030255558807869504901102,-1.1829791727730565318457040968914322,5.45387392055052042012780410039636,6.4998854730416866525697191729186005,8.484883729546295614797761175942262,1.3490783588846784170959499550401708,0.35326820668020853138627704045946048,0.35326820668020853138627704045946048,437,above,True
437,728.7587497956142685661306322733904860822,0.5+728.7587497956142685661306322733904860822i,0.75870433320099055608002151526951803,0.90076084598699025807687704854884407,1.0092733760905382982374179164428158,-8.1695470598418647181545861346792973,8.2316542633091709259395203606378702,0.35326820668020853138627704045946048,1.6577323271421661438134070809673606,0.35326820668020853138627704045946048,436,below,True
438,730.4164821227564347099440393543578466815,0.5+730.4164821227564347099440393543578466815i,3.2785335579356996023168562802438507,0.23467576146757444301575263188933109,-15.710594046456307847081942510478925,0.54291378642656315578768367080844763,15.71997203152856797852790264088244,1.6577323271421661438134070809673606,1.0008727958420903708053176059374553,1.0008727958420903708053176059374553,439,above,False
439,731.4173549185985250807493569602953020102,0.5+731.4173549185985250807493569602953020102i,2.62295784548147687436115301284149,2.8839903717338207024012390707728329,-9.0408486110004692482450167959511591,-16.845222109165803529580800251266949,19.11801379626444135523249033866481,1.0008727958420903708053176059374553,1.4006977959013241278181699274757153,1.0008727958420903708053176059374553,438,below,False
440,732.8180527144998492085675268877710173065,0.5+732.8180527144998492085675268877710173065i,5.7467658196517517377936543390879551,4.297068065000396479049437763855777,-23.749309259495328565175601311919835,-25.263916002487999598753924273447434,34.674127848929665290579756534904503,1.4006977959013241278181699274757153,1.9715905378781450437449831156335307,1.4006977959013241278181699274757153,439,below,False
441,734.789643252377994252312510003404548027,0.5+734.789643252377994252312510003404548027i,3.361403501205555473000828237345387,-4.3159925389390328244942644587807994,-8.900322311434040464589674921420224,26.085587587325573101411884728044293,27.562177291053125265573237290196619,1.9715905378781450437449831156335307,0.97581595620032682461967880182774998,0.97581595620032682461967880182774998,442,above,False
442,735.7654592085783210769321888052322980024,0.5+735.7654592085783210769321888052322980024i,4.0880839205389731533285367522459597,-0.37348688754899958180837012101069578,-19.613305038135302363202094923090061,0.22878349402599195900237275493086374,19.614639339179356309934281202187431,0.97581595620032682461967880182774998,1.2874697036869869653783520717565214,0.97581595620032682461967880182774998,441,below,False
443,737.0529289122653080423105408769888194234,0.5+737.0529289122653080423105408769888194234i,4.7895074938950459641038164275399361,-0.077636836367471826362938880675782246,-22.843380214255355077380359881255557,-1.0130960407594613725694668713000296,22.865834408585126641725649755630548,1.2874697036869869653783520717565214,1.5274922591085144793949072147212249,1.2874697036869869653783520717565214,442,below,False
444,738.5804211713738225217054480917100442745,0.5+738.5804211713738225217054480917100442745i,3.567080786099978916258158516145213,-2.0163619626519130924406045447409059,-15.552574991665010017296369581694266,12.17892619376665140688457558520375,19.753704262861164477380746125524723,1.5274922591085144793949072147212249,1.3291025026681215079955112961232072,1.3291025026681215079955112961232072,445,above,False
445,739.9095236740419440297009593878332515204,0.5+739.9095236740419440297009593878332515204i,1.7466164247491047902385691770387616,-1.0500952182660059145592808881204614,-6.2117206150909037223955784064693177,8.5292004108653102845769323954226237,10.551432729665213244760753134027081,1.3291025026681215079955112961232072,0.6642837732530664853350122093198198,0.6642837732530664853350122093198198,446,above,False
446,740.5738074472950105150359715971530713247,0.5+740.5738074472950105150359715971530713247i,1.1026820520254506309752476978369607,1.7803498757800938290877692682136653,-1.4092556046801321518602547487200054,-10.876034811325772481036462380112935,10.966956486486685988785272484645371,0.6642837732530664853350122093198198,1.1835281256466627608251904056386369,0.6642837732530664853350122093198198,445,below,False
447,741.7573355729416732758611620027917081787,0.5+741.7573355729416732758611620027917081787i,1.3239249351193097422944021993690661,5.5086505486774481144117513819791285,3.8453984451387291114890405765470471,-28.72486983168761130460090709573809,28.981118612801549597187995617562515,1.1835281256466627608251904056386369,2.1376775695319861056889871950744271,1.1835281256466627608251904056386369,446,below,True
448,743.8950131424736593815501491978661352872,0.5+743.8950131424736593815501491978661352872i,7.0158478801742223662806622413335368,-5.0575252360299330565892222649094497,-29.236541010767352299927404710931202,30.050475791590292956433376957141069,41.926202136316085816282033162371296,2.1376775695319861056889871950744271,1.4499764081382149440903992857264949,1.4499764081382149440903992857264949,449,above,False
449,745.3449895506118743256405484835926302084,0.5+745.3449895506118743256405484835926302084i,2.6920454125965305714024762819742628,-3.7235956113757737939548585782216027,-8.5906707588514075497991547201983225,20.868298988944142568634870224729518,22.567355334175773583960332740096533,1.4499764081382149440903992857264949,1.1543163488204551839644581350347497,1.1543163488204551839644581350347497,450,above,False
450,746.499305899432329509605006618627379878,0.5+746.499305899432329509605006618627379878i,2.4471389289003304498223609613019955,-1.5347939762879037957490590277620863,-10.763039680068305954845760619850741,8.8124807132746843729995219354839687,13.910529805746550056607810485656483,1.1543163488204551839644581350347497,1.1752577248371988499643612543252851,1.1543163488204551839644581350347497,449,below,False
451,747.674563624269528359569367872952664963,0.5+747.674563624269528359569367872952664963i,1.686721779000429194858457160362736,-0.38860874119045048859513834186464404,-7.3648916281809189946353712451586422,4.8785770563725322833652154306451727,8.8341464098017908047379945579173279,1.1752577248371988499643612543252851,0.56819084081501950893392682598145659,0.56819084081501950893392682598145659,452,above,False
452,748.2427544650845478685032946989341215482,0.5+748.2427544650845478685032946989341215482i,0.030748267409321648197158728673330245,2.2824327733231755404049825777036642,8.5412068262530733197363000571266389,-11.026731635835472851216437456171343,13.947796407231034015483564825084382,0.56819084081501950893392682598145659,2.4131958970397519983041436713605051,0.56819084081501950893392682598145659,451,below,True
453,750.6559503621242998668074383702946266551,0.5+750.6559503621242998668074383702946266551i,0.89906324806208973228544219902704549,-1.6441092926571250981464797637753216,5.8242446908642023743096318520596976,13.400377764788663468272174860131213,14.611363743952932772861311053599842,2.4131958970397519983041436713605051,0.31043070452653740165098132513415877,0.31043070452653740165098132513415877,454,above,True
454,750.9663810666508372684584196954287854228,0.5+750.9663810666508372684584196954287854228i,0.44834569416058532477409192471381384,1.8161656248314190265464384388248205,8.9951288786996104292154855625704786,-11.437608860130832494016564904226924,14.550987594722188897766058829963378,0.31043070452653740165098132513415877,1.9212405005515374810492853076977735,0.31043070452653740165098132513415877,453,below,True
455,752.8876215672023747495077050031265589404,0.5+752.8876215672023747495077050031265589404i,7.2797844463166388708609660474502094,-0.92195291133762088535507489890007824,-34.612635257954829276791849888492025,6.2182955988056512468811716530255602,35.166770105517843872285640533135334,1.9212405005515374810492853076977735,1.4347489045102979355953812474662554,1.4347489045102979355953812474662554,456,above,False
456,754.3223704717126726851030862505928143318,0.5+754.3223704717126726851030862505928143318i,5.6044088493394522165825808018377609,-2.492345775389834706479881671466525,-26.064870881454987631883364252039762,13.661783872536284381817030069270826,29.428248888556257739245671814777851,1.4347489045102979355953812474662554,1.5169385043251571876893541194115736,1.4347489045102979355953812474662554,455,below,False
457,755.8393089760378298727924403700043879568,0.5+755.8393089760378298727924403700043879568i,2.1126501142604463736307131746678859,-2.7127419776631712724824392871111615,-5.9931168320810808603496037430859638,16.207473148209071599882614095890561,17.280035741076800358137830594710601,1.5169385043251571876893541194115736,0.92893946391310084734076986473964633,0.92893946391310084734076986473964633,458,above,False
458,756.7682484399509307201332102347440342887,0.5+756.7682484399509307201332102347440342887i,2.7487652933470133391839700678439166,0.02032910120491379852741656996957906,-13.159576575908986048159462040379624,-1.4836762716444430625828466730330924,13.242950990479925084267901025937949,0.92893946391310084734076986473964633,1.3334808064616526913565580562999561,0.92893946391310084734076986473964633,457,below,False
459,758.1017292464125834114897682910439904202,0.5+758.1017292464125834114897682910439904202i,2.4686596439904166623154017819406807,-0.11381680628995044700857177319142122,-11.722504564682728126914079279071625,2.9234546546609917479774415010434254,12.081543791538663118223029991220198,1.3334808064616526913565580562999561,0.79850897847979135594562461436576606,0.79850897847979135594562461436576606,460,above,False
460,758.9002382248923747674353929054097564824,0.5+758.9002382248923747674353929054097564824i,1.1492292714446793014247611257055502,2.8030645299813651035435386166823821,0.12836898536932343805079733512058597,-15.749301771875943587053208097679993,15.749824916424292930413824064110648,0.79850897847979135594562461436576606,1.3821287586196897644342079566939432,0.79850897847979135594562461436576606,459,below,True
461,760.282366983512064531869600862103699677,0.5+760.282366983512064531869600862103699677i,4.2520049538281306726210835460784517,6.7657590647589491816150214440776113,-11.428222506062159431743115911814042,-38.080570620443379444698924009282522,39.758447258747934314813002553131227,1.3821287586196897644342079566939432,2.4176662661789901961993990464729535,1.3821287586196897644342079566939432,460,below,False
462,762.7000332496910547280689999085766531655,0.5+762.7000332496910547280689999085766531655i,-0.35036515665904480656725823726083348,-4.5320319951366054697494160209833365,14.124780297465979390546402950794408,20.787184930323266332047841602429532,25.131981135181958038162574565920808,2.4176662661789901961993990464729535,0.89303292314616826890424726408769938,0.89303292314616826890424726408769938,463,above,True
463,763.5930661728372229969732471726643525444,0.5+763.5930661728372229969732471726643525444i,1.6918232123905824385090850824249666,-1.2846561706151671639849536185295981,-6.7449162384652778152278613254870634,7.9788052549436979675761541076853323,10.447737954228645447085520464733713,0.89303292314616826890424726408769938,0.71445655134299873927797865288863118,0.71445655134299873927797865288863118,464,above,False
464,764.3075227241802217362512258255529837255,0.5+764.3075227241802217362512258255529837255i,1.8736907301607014102192937849878157,1.8433152993972627580924399580612893,-4.5428621422862188388784216182161741,-13.376207816482137188504765405645931,14.126589538651399420923326032133534,0.71445655134299873927797865288863118,1.7800173756559836581712390013681416,0.71445655134299873927797865288863118,463,below,False
465,766.0875400998362053944224648269211253504,0.5+766.0875400998362053944224648269211253504i,3.9165427922568927594660291194594674,-1.4529123405351508803534961866256633,-17.592130595443676447505126086095239,10.26943700560010885963957376959426,20.370183978038450998811326511403433,1.7800173756559836581712390013681416,1.1309320557033086880769453354831395,1.1309320557033086880769453354831395,466,above,False
466,767.2184721555395140824994101624042648772,0.5+767.2184721555395140824994101624042648772i,3.3239307278723206023789825465296708,0.2323006593871475860808158843690076,-15.998073893140642058116116792289005,-0.73073775401656368662419823738687623,16.014754008586374520333816982121015,1.1309320557033086880769453354831395,1.0629896509697167409572548638106335,1.0629896509697167409572548638106335,467,above,False
467,768.2814618065092308234566650262148983278,0.5+768.2814618065092308234566650262148983278i,3.2360577316392386522259022972548355,2.4971464366764602946664776081968813,-13.144404110107023560615954847165925,-15.123801050870554335382069387064976,20.037582629551691947375627793660365,1.0629896509697167409572548638106335,1.4119454461151935015499898842041564,1.0629896509697167409572548638106335,466,below,False
468,769.6934072526244243250066549104190546809,0.5+769.6934072526244243250066549104190546809i,5.6317156643576414624980023770813948,2.4147432867118181374454431999432374,-26.228609208230393100325850643484778,-13.591184705547220656989353405147809,29.540823324653103844163629876711025,1.4119454461151935015499898842041564,1.3774320610538919961805670057002346,1.3774320610538919961805670057002346,469,above,False
469,771.0708393136783163211872219161192892495,0.5+771.0708393136783163211872219161192892495i,7.7629530196362269860143549588422679,1.8554769590357595309412981077336485,-36.388739922695155039597298617546902,-12.900583982386735086554122452778872,38.607841952745317764511808569557273,1.3774320610538919961805670057002346,1.8907782520787080166419440291491204,1.3774320610538919961805670057002346,468,below,False
470,772.9616175657570243378291659452684096708,0.5+772.9616175657570243378291659452684096708i,2.0193333192927658911235437008885443,-4.7946633781147025929694131028260209,-2.0952187150365961260727981341917236,26.28393206113417989493412533694425,26.367309799411787227663307887307905,1.8907782520787080166419440291491204,1.1561270621834830643127434512887793,1.1561270621834830643127434512887793,471,above,False
471,774.1177446279405074021419093965571889946,0.5+774.1177446279405074021419093965571889946i,1.7403466505139340905565953713135586,-1.8386764627967168487029762967715201,-6.1435308785155044921989676090795601,10.965854736846782681052757874063166,12.56952432532347295026984289206067,1.1561270621834830643127434512887793,0.93010246864000064787508357264837166,0.93010246864000064787508357264837166,472,above,False
472,775.0478470965805080500169929692055606518,0.5+775.0478470965805080500169929692055606518i,2.0181131218133254207093173815427077,0.18163956584473739976058698438464212,-9.6888381204494092655840456975455062,-1.1909499656705699378029620216193126,9.7617593672966746287457634953001554,0.93010246864000064787508357264837166,0.95186486659093442771458963382563741,0.93010246864000064787508357264837166,471,below,False
473,775.999711963171442477731582603031198059,0.5+775.999711963171442477731582603031198059i,1.6857456914782687558725178960917538,2.3054014561801211967656796742654913,-4.7846541155253465538776623239906243,-13.541584280276151911583614868306273,14.362013084001693092753666109804692,0.95186486659093442771458963382563741,1.3000365664211223387793944598437924,0.95186486659093442771458963382563741,472,below,False
474,777.2997485295925648165109770628749904341,0.5+777.2997485295925648165109770628749904341i,3.5051024468501009348297959506257056,4.8994818848596060360536731977550485,-11.086856642043214129315097555191429,-27.755180925024531710825898634247368,29.887597066041681927213729921317131,1.3000365664211223387793944598437924,1.8573284195964392474135606792449336,1.3000365664211223387793944598437924,473,below,False
475,779.1570769491890040639245377421199240695,0.5+779.1570769491890040639245377421199240695i,6.6754670154296443316490825718402374,-2.6970065489885733999578135546734521,-30.021468226996211156587956687072546,18.338170433667067229179306710628388,35.17921331352882914850615343479382,1.8573284195964392474135606792449336,1.1918480549926664742032458086750629,1.1918480549926664742032458086750629,476,above,False
476,780.3489250041816705381277835507949869522,0.5+780.3489250041816705381277835507949869522i,6.1541570903947391338453463415339652,-0.71324522580285609830712856289245814,-29.862029948425610984287656163067544,1.821165053247956845507353290392344,29.917511173087906646966569431338056,1.1918480549926664742032458086750629,1.7887393866304242161899037769915782,1.1918480549926664742032458086750629,475,below,False
477,782.1376643908120947543176873277865651751,0.5+782.1376643908120947543176873277865651751i,0.6122558823341843882423558483339914,-2.1018226816083238327597950506042871,5.5448290658758463450026517590755451,12.615092219675640286427803547468198,13.779901345100496900292560498559018,1.7887393866304242161899037769915782,0.46027955526144511184881841630636565,0.46027955526144511184881841630636565,478,above,True
478,782.5979439460735398661665057440929308299,0.5+782.5979439460735398661665057440929308299i,1.5366330458156783047790479397225072,1.4142623732236315063429242489590458,-2.2800043012950682378293765077553788,-12.401517178805517634913361947863136,12.609363502973985465352404764006465,0.46027955526144511184881841630636565,1.6908786663919615969795939216828895,0.46027955526144511184881841630636565,477,below,False
479,784.2888226124655014631460996657758202879,0.5+784.2888226124655014631460996657758202879i,4.532380898806704497806797871043625,-0.89233491923211334378396339991705841,-21.590788843164439969514391370090644,5.7627254502224610342898393736412835,22.346614228664612677063991917881233,1.6908786663919615969795939216828895,1.450267088249550377500088103302874,1.450267088249550377500088103302874,480,above,False
480,785.7390897007150518406461877690786943018,0.5+785.7390897007150518406461877690786943018i,2.118670934461712480783816140071988,-1.3095394604766956684593462665288962,-7.6574719669125167256645502963772115,10.486317080868343410418686730843515,12.984595598037014826871314295138713,1.450267088249550377500088103302874,0.72205774979122561925059972779977838,0.72205774979122561925059972779977838,481,above,False
481,786.4611474505062774598967874968784726833,0.5+786.4611474505062774598967874968784726833i,1.541704676250196244398142627158711,1.7355958415439893898767527238834362,-4.853555655070693020335802760193249,-10.685107359478651895168719100381465,11.735779555719916158687965012986032,0.72205774979122561925059972779977838,1.0073163654037609215767121261515643,0.72205774979122561925059972779977838,480,below,False
482,787.468463815910038381473499623030036964,0.5+787.468463815910038381473499623030036964i,0.096594862525696876095637559304307859,5.5078590741707486678248318377516079,12.784004066533512420679658625536076,-26.840555948185435641439848306992013,29.729551015459650772213441234059182,1.0073163654037609215767121261515643,2.5906285482095259134725036316518968,1.0073163654037609215767121261515643,481,below,True
483,790.0590923641195642949460032546819337544,0.5+790.0590923641195642949460032546819337544i,0.02989082662564756661720170473189963,-5.0426252882779247535737304620159074,13.975719112521982093463410565790823,24.460912979665570594945875146401485,28.171918438595618687868182249877163,2.5906285482095259134725036316518968,0.77252810380147072413692814011632997,0.77252810380147072413692814011632997,484,above,True
484,790.8316204679210350190829313947982637225,0.5+790.8316204679210350190829313947982637225i,3.3226028522679441337888021549473156,-0.99423756953597280045102866194960875,-16.858801531890300932460466307159873,2.1561614662296221972538006418273858,16.996123715721777236300514467310706,0.77252810380147072413692814011632997,1.5960871406834918473081387943231491,0.77252810380147072413692814011632997,483,below,False
485,792.4277076086045268663910701891214127956,0.5+792.4277076086045268663910701891214127956i,0.86633850603819679341697524630963278,-1.375334284033431705701879075087153,0.91083276284935565266174130430676039,9.8662963051460123530082231825932863,9.9082500524975471501908741127524469,1.5960871406834918473081387943231491,0.46094495401806117585168301723166999,0.46094495401806117585168301723166999,486,above,True
486,792.8886525626225880422427532063530827861,0.5+792.8886525626225880422427532063530827861i,0.86380388343306353302646398681005836,1.4001158032354850365760938943684807,1.1637356087777326176905052781461207,-10.069645963251448739482223357825279,10.136668604248807979472266014938091,0.46094495401806117585168301723166999,1.5951393072705764390756220710931086,0.46094495401806117585168301723166999,485,below,True
487,794.4837918698931644813183752774461914191,0.5+794.4837918698931644813183752774461914191i,4.0937375350064026074377520566369741,1.2677293123776433372215319873669867,-19.92277882839917190914292149122202,-5.7808667942235394621376990158292288,20.744530294462360350901620945257822,1.5951393072705764390756220710931086,1.1228042862692481465941827703189217,1.1228042862692481465941827703189217,488,above,False
488,795.6065961561624126279125580477651131218,0.5+795.6065961561624126279125580477651131218i,4.1489310871991706930723506616514554,3.6714861560312547273228862771971595,-16.238571462755129376400771972314802,-22.122163488936119575716058542518336,27.442327171401181457592427980224788,1.1228042862692481465941827703189217,1.6568738818731722882791465296522764,1.1228042862692481465941827703189217,487,below,False
489,797.2634700380355849161917045774173894747,0.5+797.2634700380355849161917045774173894747i,7.0481223462891039915852447830950289,-1.032789363590719934710897637884069,-33.816335996729067147120775238356906,7.1851728550202371062265787409717171,34.571249459633271063084770372299362,1.6568738818731722882791465296522764,1.4441001282606263935002488443108847,1.4441001282606263935002488443108847,490,above,False
490,798.7075701662962113096919534217282742102,0.5+798.7075701662962113096919534217282742102i,4.279728319159944652101133151869009,-2.3473163772459497282282944745985021,-18.369211635540198320613404353949132,15.687867576169196123161829706608945,24.156513100997962042415667810453081,1.4441001282606263935002488443108847,0.94676604460142146313493724180926257,0.94676604460142146313493724180926257,491,above,False
491,799.6543362108976327728268906635375367826,0.5+799.6543362108976327728268906635375367826i,4.8061204144841432522360840123298615,1.7328633027667797346429407870179933,-21.140693945471180015207684320574518,-14.364415547202947654758969891692161,25.559056604436861846029237367925606,0.94676604460142146313493724180926257,1.9499102520844231938497254788997617,0.94676604460142146313493724180926257,490,below,False
492,801.604246462982055966676616142437298484,0.5+801.604246462982055966676616142437298484i,1.1226866213543262277818675376564132,-3.2530480880802157716169636266578164,1.657650234692141267666405470503193,18.223953923478243746685199195501758,18.299188531342939988269216011448903,1.9499102520844231938497254788997617,0.93773841543609369574052491653078764,0.93773841543609369574052491653078764,493,above,True
493,802.5419848784181496624171410589680861263,0.5+802.5419848784181496624171410589680861263i,1.6534326357538478698797044170570563,-0.64241367093195026654697610020559111,-7.3288125932382371892759898789626088,4.8920244459688409848846034895284743,8.8115490809938816718551330442950537,0.93773841543609369574052491653078764,0.7011113258520445278090879948522153,0.7011113258520445278090879948522153,494,above,False
494,803.2430962042701941902262290538203014261,0.5+803.2430962042701941902262290538203014261i,1.0630373485169086235644964948561764,1.9454073588974510862552918705704036,-0.36705296805768505376461214589357846,-12.05389498616406735113335731677716,12.059482253348656816986864359882224,0.7011113258520445278090879948522153,1.519142908391569761369554909217535,0.7011113258520445278090879948522153,493,below,False
495,804.7622391126617639515957839630378364379,0.5+804.7622391126617639515957839630378364379i,4.1539760055901776377117165074728466,2.4174825561068439249295836144165184,-19.88262008720920434148352251231966,-12.20421453281008045265610292214398,23.329411349092109459551387572635788,1.519142908391569761369554909217535,1.099396554433038885207407579688694,1.099396554433038885207407579688694,496,above,False
496,805.8616356670948028368031915427265304327,0.5+805.8616356670948028368031915427265304327i,3.9836553427807461246365655534563244,6.2146759845482021179866454218986821,-9.7270085411248500274561629085542763,-36.326206305272461435457046731760063,37.60595643900487896354456025906949,1.099396554433038885207407579688694,2.2901792688989445555526670382158168,1.099396554433038885207407579688694,495,below,False
497,808.1518149359937473923558585809423471962,0.5+808.1518149359937473923558585809423471962i,0.87524810905307096762685747295374687,-5.6673316029476735583582481112057103,7.7030781489942073897349414890202872,29.371660952834472449271964381486734,30.364977854392933088124810540278637,2.2901792688989445555526670382158168,1.0459684273069629953637462140760486,1.0459684273069629953637462140760486,498,above,True
498,809.1977833633007103877196047950183957501,0.5+809.1977833633007103877196047950183957501i,1.842138111218203695108254554593655,-1.9599835367866461189699543100714884,-6.7730142904575316798877968023575431,11.567467170297721124250507494513117,13.404477584548288127048104902514445,1.0459684273069629953637462140760486,0.8840215231063895038051251064529938,0.8840215231063895038051251064529938,499,above,False
499,810.0818048864070998915247299014713895479,0.5+810.0818048864070998915247299014713895479i,2.4254071445507930844243962262354525,0.43535573124565270162747898357479619,-11.47084373431391401346932144240463,-3.8694841518952368237751126166595762,12.105914404902141887137681534876552,0.8840215231063895038051251064529938,1.1025539600991604463595975634086325,0.8840215231063895038051251064529938,498,below,False
500,811.184358846506260337884327464880022077,0.5+811.184358846506260337884327464880022077i,3.0608092717504763434235514860618663,2.279035967714886698780680533699938,-12.28265139413207680689164853220472,-14.562377961574035724325310362187097,19.050626686949482551696833400103743,1.1025539600991604463595975634086325,1.586749542603082381916961197444822,1.1025539600991604463595975634086325,499,below,False
501,812.7711083891093427198012886623248440905,0.5+812.7711083891093427198012886623248440905i,4.8267851802297503670877213793290516,-0.3648613573431695750250452917782063,-23.313116992527579745126298849268263,3.8574217631889821969270744896072759,23.630089432044098401220179129100114,1.586749542603082381916961197444822,1.2748052184016507821663121183953297,1.2748052184016507821663121183953297,502,above,False
502,814.0459136075109935019676007807201737933,0.5+814.0459136075109935019676007807201737933i,3.5896225952283881643884499803906721,-0.12127044768386473196070118931043128,-17.359201386596524107454023344062428,3.5861263499631487579072358223244575,17.725748925738362192389296428695768,1.2748052184016507821663121183953297,0.82462601836157428205208617606523963,0.82462601836157428205208617606523963,503,above,False
503,814.8705396258725677840196869567854134267,0.5+814.8705396258725677840196869567854134267i,2.0923717338497128711342970154603494,4.1320938054673869789142254962784183,-1.3451162697959567210187452968612124,-24.5768438110665564998429209876106,24.613626093951096058094946550146901,0.82462601836157428205208617606523963,1.857198088522148532482887880938678,0.82462601836157428205208617606523963,502,below,False
504,816.7277377143947163165025748377240914352,0.5+816.7277377143947163165025748377240914352i,8.2161102949123865382476678172335332,-2.3197191372985681735603455782784722,-39.269615173834931844070226188807762,13.847279824417215139644141084378341,41.639522504908708245601773250578099,1.857198088522148532482887880938678,1.6529311519669601950842001885812567,1.6529311519669601950842001885812567,505,above,False
505,818.3806688663616765115867750263053481087,0.5+818.3806688663616765115867750263053481087i,1.6013397139498627742259906839853397,-3.6482246896780291889839298936296742,-0.3610828148825074913437151308431228,21.029029235872804244849470457963066,21.032129026857851899839539818324084,1.6529311519669601950842001885812567,0.82397330446218609423726382003230144,0.82397330446218609423726382003230144,506,above,False
506,819.2046421708238626058240388463376495499,0.5+819.2046421708238626058240388463376495499i,3.1968930204039983345452969664110793,-0.070163586108366696729048942068769716,-15.636205317320847836159917241435001,-2.6598068156413631629233220066959855,15.860816152453977808549983823284482,0.82397330446218609423726382003230144,1.5172562730454248606069829771215415,0.82397330446218609423726382003230144,505,below,False
507,820.7218984438692874664310218234591910171,0.5+820.7218984438692874664310218234591910171i,2.2272694534303167574019278059138319,-1.4462798544720801227950307224766452,-8.8512939578362186786561964729485999,10.127714022945391870280189638363077,13.450501702858250112800871603970215,1.5172562730454248606069829771215415,0.99155568951011434344501264150853511,0.99155568951011434344501264150853511,508,above,False
508,821.713454133379401809876034464967726123,0.5+821.713454133379401809876034464967726123i,1.4668332995520943206452665827742062,0.22137873725933164861276542431033317,-7.5598741052068774484739054722253721,1.6459463682440507401375655278447601,7.7369784757173304571921257125416941,0.99155568951011434344501264150853511,0.4843033600248753337058211210824583,0.4843033600248753337058211210824583,509,above,False
509,822.1977574934042771435818555860501844193,0.5+822.1977574934042771435818555860501844193i,-1.1046417576397013270030383888213341,1.8412025233289491009243618389313071,14.586294901685461796021426179321254,-3.45331708988327439299852480898041,14.989509594453555125112233747080396,0.4843033600248753337058211210824583,2.3285363782254710201846293424092553,0.4843033600248753337058211210824583,508,below,True
510,824.5262938716297481637664849284594397266,0.5+824.5262938716297481637664849284594397266i,8.4513447555189972779115710540194453,-3.8110406890301059017409645708768427,-38.539357958273084330894340542478427,24.523297377300550485733731615815739,45.680129444775252052234310429734795,2.3285363782254710201846293424092553,1.5129935049446353842476786047609805,1.5129935049446353842476786047609805,511,above,False
511,826.0392873765743835480141635332204202664,0.5+826.0392873765743835480141635332204202664i,2.4851248109660536029484838544957868,-3.6428239778556070967654493671048461,-5.8721596276997530712552240321549823,22.037703991506282261455571554574515,22.806636225240205902639211938347124,1.5129935049446353842476786047609805,0.86652357750638843165028738027371773,0.86652357750638843165028738027371773,512,above,False
512,826.9058109540807719796644509134941379921,0.5+826.9058109540807719796644509134941379921i,3.7044795655683918936277902499629317,0.20567729720769749811325144846362751,-17.893444387690473123565071268008134,-4.3127722596811519882205462065241303,18.405851151719307558899953382747315,0.86652357750638843165028738027371773,1.4343633464091283908397641624276989,0.86652357750638843165028738027371773,511,below,False
513,828.3401743004899003705042150759218369303,0.5+828.3401743004899003705042150759218369303i,3.7915083527155789785669577314004314,-1.1864811930997741812026897288086127,-17.874137132536190020622703973423054,7.818789170965682933643656265881657,19.509439826215392511661641174725758,1.4343633464091283908397641624276989,1.0968366678194332525433764163967726,1.0968366678194332525433764163967726,514,above,False
514,829.4370109683093336230475914923186095013,0.5+829.4370109683093336230475914923186095013i,3.860213137805292472706641023700801,0.62621658285408270207914238941570026,-18.547825528678094190605062487377111,-4.9137778736948356046046129333408702,19.187679506242951733462917215507682,1.0968366678194332525433764163967726,1.4588730850080671070310261188230108,1.0968366678194332525433764163967726,513,below,False
515,830.8958840533174007300786176111416203111,0.5+830.8958840533174007300786176111416203111i,3.2519351257872296560920893208752904,-0.86498025322013681118571871980407903,-14.97751635512960966301554084641978,7.634922503312896043421852452302674,16.811247360019678409375306802690724,1.4588730850080671070310261188230108,0.90389360575318234424599076169862463,0.90389360575318234424599076169862463,516,above,False
516,831.7997776590705830743246083728402449437,0.5+831.7997776590705830743246083728402449437i,2.6573761857930942439728484444930603,2.1217389848374655845662816600533336,-10.743061784478729829592667319756283,-13.171853844557869478213701021948203,16.997385393275085640046450459186034,0.90389360575318234424599076169862463,1.2038632500836164639866458351529485,0.90389360575318234424599076169862463,515,below,False
517,833.0036409091541995383112542079931934211,0.5+833.0036409091541995383112542079931934211i,3.9282458530422533027650867090485296,4.694945560757642805961784384707596,-13.614470303202296128614021638422038,-27.616650119978210491600771930092144,30.790147214426723637298320712823396,1.2038632500836164639866458351529485,1.648274238671376269034085668020584,1.2038632500836164639866458351529485,516,below,False
518,834.6519151478255758073453398760137774166,0.5+834.6519151478255758073453398760137774166i,9.6832493574084769369518911416076739,-0.12430610182466428494294677887552195,-47.360887200411377623353591241103068,-0.80597076761065832717821459251364458,47.367744566195392920396290532126934,1.648274238671376269034085668020584,2.0416610397662913615250008831326847,1.648274238671376269034085668020584,517,below,False
519,836.6935761875918671688703407591464620759,0.5+836.6935761875918671688703407591464620759i,-0.79007128635862533525896817400096365,-2.6219521319536987631038203233863675,13.459851551390592429845522652047326,9.9341885603043329594111748349542018,16.728888371232357932001777808626814,2.0416610397662913615250008831326847,0.65375887193964759861607555657500937,0.65375887193964759861607555657500937,520,above,True
520,837.3473350595315147674864163157214714455,0.5+837.3473350595315147674864163157214714455i,1.5808997023620513500745886599001138,-0.52558618193622614893275741309596889,-7.9727250632970281742469684010358049,1.8543043759535949056858013784456675,8.1855231753141627119974851674106245,0.65375887193964759861607555657500937,0.90168693320063106906067959590466268,0.65375887193964759861607555657500937,519,below,False
521,838.2490219927321458365470959116261341279,0.5+838.2490219927321458365470959116261341279i,1.8753570102705259112235028733876782,1.3238746392018016442805882617265318,-7.4027188275189408406027239060067087,-8.9916064596835454691593347847047127,11.64685505899022788141408341465728,0.90168693320063106906067959590466268,1.2163728175503297137632062884901557,0.90168693320063106906067959590466268,520,below,False
522,839.4653948102824755503103022001162898351,0.5+839.4653948102824755503103022001162898351i,3.0317919777657520086088050980834404,2.9975870958311739150049887574824073,-11.756468836900716258854928208015282,-17.791856012518181615962245248292526,21.325212774628933340597970964844656,1.2163728175503297137632062884901557,1.5709950187309481741011825178913794,1.2163728175503297137632062884901557,521,below,False
523,841.0363898290134237244114847180076692466,0.5+841.0363898290134237244114847180076692466i,5.2446559193389891829363241602302132,0.39757415142275726876990132597209779,-25.898679143287625199675635346111589,0.91403844223429173979915013557163809,25.914803638863319209876245889029275,1.5709950187309481741011825178913794,1.0049643775129476089562144821948498,1.0049643775129476089562144821948498,524,above,False
524,842.0413542065263713333676992002025190964,0.5+842.0413542065263713333676992002025190964i,4.7045186561322233364419361164873512,4.4394671770608557775629538570808611,-16.752377646062990939439302647709889,-28.409968431693704103373286909603325,32.981335071311831636866963877543889,1.0049643775129476089562144821948498,2.1248424008243974879784019254652903,1.0049643775129476089562144821948498,523,below,False
525,844.1661966073507688213461011256678093743,0.5+844.1661966073507688213461011256678093743i,1.0090134953275937388608777682801758,-3.7360537564516982834193540669613385,6.4172428798644640689047453735256379,21.376985332031926916354931075039004,22.319419976000257007477166608638513,2.1248424008243974879784019254652903,0.63979736841295805993867552396876843,0.63979736841295805993867552396876843,526,above,True
526,844.8059939757637268812847766496365778052,0.5+844.8059939757637268812847766496365778052i,3.079637646751315070163874169313194,0.84172085210820403604169296257164912,-13.581184829905022840504709701122507,-9.6605087215642627851501127433633096,16.666553637253909223073048333346813,0.63979736841295805993867552396876843,1.388775951930270882377741890340035,0.63979736841295805993867552396876843,525,below,False
527,846.1947699276939977636625185399766128279,0.5+846.1947699276939977636625185399766128279i,5.2872783546367724190765694277764334,0.023629263420674850920873525931532678,-25.915108733662398413305865517762094,-1.8483239603057636801636714219626236,25.980938438397207005776429080447157,1.388775951930270882377741890340035,1.7769477118180088726650662453995462,1.388775951930270882377741890340035,526,below,False
528,847.9717176395120066363275847853761590193,0.5+847.9717176395120066363275847853761590193i,0.71631509157885285780737752222146117,-1.9039099138466581743149745288567289,3.5255442628207123920313421494242609,11.986948616027323180679081655262926,12.494654836064396018953725413376112,1.7769477118180088726650662453995462,0.51756354143151718855914554934841903,0.51756354143151718855914554934841903,529,above,True
529,848.4892811809435238248867303347245780488,0.5+848.4892811809435238248867303347245780488i,1.4156548126440142268519839541713963,1.1015401903618806016137008265738074,-3.9742225703926048257723102822808634,-9.2211133805540925598220735618884047,10.041084454183807324545254953844431,0.51756354143151718855914554934841903,1.3729931677543024394579843730317942,0.51756354143151718855914554934841903,528,below,False
530,849.862274348697826264344714707756372226,0.5+849.862274348697826264344714707756372226i,2.8136611461337445554809973598534435,1.3061905335377245683339829957442908,-14.386573478194732104334405785858764,-5.1616863796665387745814440407538955,15.284518400182948904957924246233523,1.3729931677543024394579843730317942,0.78317411730626611389733347990235543,0.78317411730626611389733347990235543,531,above,False
531,850.6454484660040923782420481876587276523,0.5+850.6454484660040923782420481876587276523i,-0.41042530312403836048623827684842786,4.8951994879402357348783584612027164,16.14551262648681546210050421099143,-22.841432985941787438501558328106278,27.97156840120544162632150795907933,0.78317411730626611389733347990235543,2.5176641173850629475974238836080252,0.78317411730626611389733347990235543,530,below,True
532,853.1631125833891553258394720712667528806,0.5+853.1631125833891553258394720712667528806i,1.1525476256718540085530213314529156,-6.1089223985865649572826827733631337,8.1530824826262749992349954313461096,32.607476946212299418274825758491081,33.611312184535045424762060684038684,2.5176641173850629475974238836080252,0.93239913647990329417874956083541024,0.93239913647990329417874956083541024,533,above,True
533,854.0955117198690586200182216321021631243,0.5+854.0955117198690586200182216321021631243i,3.2040052499906795068238706792250246,-1.8881619761382003917590672981460155,-15.57750699233740675562884386078866,9.5483312445932149427019962900810994,18.270997609676265658323074086241371,0.93239913647990329417874956083541024,1.1911985245358777282102159384993441,0.93239913647990329417874956083541024,532,below,False
534,855.2867102444049363482284375706015072466,0.5+855.2867102444049363482284375706015072466i,3.1185126952159452830992916025379981,-1.0231703894314430487840895124790421,-15.069411342760308841943165882786376,5.8003136116847752163535733805895611,16.147160623812743124236496199026325,1.1911985245358777282102159384993441,1.1974072463867265058064873309954059,1.1911985245358777282102159384993441,533,below,False
535,856.4841174907916628540349249015969131399,0.5+856.4841174907916628540349249015969131399i,2.5907811524523904110521275788515439,-0.30614451180652840811221226027235053,-12.508488842459678657715463306467241,3.4095649006882758074529212125447633,12.964853486790497616548238355882473,1.1974072463867265058064873309954059,0.82662311181216317892930505439765404,0.82662311181216317892930505439765404,536,above,False
536,857.3107406026038260329642299559945671772,0.5+857.3107406026038260329642299559945671772i,1.8036597603625055128360632717708849,2.7624001338281367256270635535969574,-3.496096650221944352026430804070972,-17.086356004412899603189793509180427,17.440362762776175911026375214402269,0.82662311181216317892930505439765404,1.5932858638718683798653437647642264,0.82662311181216317892930505439765404,535,below,False
537,858.9040264664756944128295737207587936244,0.5+858.9040264664756944128295737207587936244i,6.0300227428044503117077829428983693,1.3293211225930402090632237995179887,-29.575699009833546863770874348296938,-6.8939724549084365155771054792692793,30.368549983976931708569236379598803,1.5932858638718683798653437647642264,1.5066444295389763387645664255685532,1.5066444295389763387645664255685532,538,above,False
538,860.4106708960146707515941401463273468471,0.5+860.4106708960146707515941401463273468471i,4.0798279920376538584119245917576694,-1.4742945937709789778709748488057403,-17.924009395721540787932770232408351,13.193802765236354013354253566059018,22.256382101003580124618705639912562,1.5066444295389763387645664255685532,0.76042731670066685438097025481480437,0.76042731670066685438097025481480437,539,above,False
539,861.1710982127153376059751104011421512195,0.5+861.1710982127153376059751104011421512195i,2.9981519726833357468986874226960375,3.9717851280446605897552178771228988,-5.9661856320916927714726065693709745,-26.17503507196063428917347796753571,26.846374653106266278802014483642384,0.76042731670066685438097025481480437,2.0186215591935966301350196645965121,0.76042731670066685438097025481480437,538,below,False
540,863.1897197719089342361101300657386633081,0.5+863.1897197719089342361101300657386633081i,3.9441226921867831714703511609207502,-4.9868696632342330510760129116709698,-12.880618299760305794790039069490868,29.717960283058663152383278458471747,32.389311372265576610143733863796132,2.0186215591935966301350196645965121,1.1511041581606066195773696995055839,1.1511041581606066195773696995055839,541,above,False
541,864.3408239300695408556874997652442471612,0.5+864.3408239300695408556874997652442471612i,3.2873949925865703067238680086194229,-2.2188597630250551360223117597552233,-15.129234461688972257607346101813893,12.493653951616887908805302401351872,19.621037802815361904001836716983202,1.1511041581606066195773696995055839,1.2538403964464245394193773101492913,1.1511041581606066195773696995055839,540,below,False
542,865.5946643265159653951068770753935384875,0.5+865.5946643265159653951068770753935384875i,2.1547744613126058070553083165064369,-1.2904510182652992720367388786837101,-9.0093943241896175300171460116511888,9.0345556917399949631490977175843597,12.759011820509127268208734942212587,1.2538403964464245394193773101492913,0.82907557752667606787271158255822652,0.82907557752667606787271158255822652,543,above,False
543,866.4237399040426414629795886579517650053,0.5+866.4237399040426414629795886579517650053i,2.1204171952439504104570864893909603,1.3293249575525968430945747780421851,-8.8175355231545665341828865495865121,-9.1468576026265466985262686633474446,12.704878460844075804295383433164713,0.82907557752667606787271158255822652,1.2693827077423647757889384493693054,0.82907557752667606787271158255822652,542,below,False
544,867.6931226117850062387685271073210703886,0.5+867.6931226117850062387685271073210703886i,3.0929365477127516198939532502114441,2.0012877935882866122863908805026245,-14.905709921780807318924578036377104,-10.381795524467016480359530213092641,18.164852506533549468297887167999401,1.2693827077423647757889384493693054,0.97737161734659042906974746725611264,0.97737161734659042906974746725611264,545,above,False
545,868.6704942291315966678382745745771830269,0.5+868.6704942291315966678382745745771830269i,1.5900195895252360250624817424989368,5.8961719483391573231115203224586163,4.1425767072641760987048302135900177,-32.293366164211756633688364041324925,32.557985809804396547985758365626104,0.97737161734659042906974746725611264,2.1764080966224195379570008795017327,0.97737161734659042906974746725611264,544,below,True
546,870.8469023257540162057952754540789157639,0.5+870.8469023257540162057952754540789157639i,4.9814443910148978790207749067984101,-6.4910235182632719879887429599181399,-16.476519059421081194128553272670708,38.219553741362440505827232113490517,41.619826627514414406845643717468696,2.1764080966224195379570008795017327,1.3418484958591915500779526275535476,1.3418484958591915500779526275535476,547,above,False
547,872.1887508216132077558732280816324633565,0.5+872.1887508216132077558732280816324633565i,1.6233905199922443665641836382909912,-3.0662477793286759759900082114700108,-2.7144599192857128052076275714999799,17.929009323121249104925086609443935,18.133330305323875323749261044346498,1.3418484958591915500779526275535476,0.91022814966877374245217487565692682,0.91022814966877374245217487565692682,548,above,False
548,873.0989789712819814983254029572893901801,0.5+873.0989789712819814983254029572893901801i,2.2717815879966866674936845208995801,-0.43139160507759690893411051071942953,-11.084635878568396920784291885322347,2.7853822230310104793306425713675862,11.429239112417893170900987576772336,0.91022814966877374245217487565692682,0.80941026405554894130458281460500314,0.80941026405554894130458281460500314,549,above,False
549,873.9083892353375304396299857718943933161,0.5+873.9083892353375304396299857718943933161i,1.9185082945256547900533307249702838,2.722102607824749223638011344719657,-3.2454727077527782524686576816783435,-17.819433051504621092480365899063945,18.11257263267213077937162485074969,0.80941026405554894130458281460500314,2.076895873442791934762455424846299,0.80941026405554894130458281460500314,548,below,False
550,875.985285108780322374392441196740692286,0.5+875.985285108780322374392441196740692286i,1.4078576071624083492908352515167086,-2.3318324300821719255825616065451965,0.30305626065005238799572536919594496,15.893192684307427249016838247170992,15.896081806459172766577283003486225,2.076895873442791934762455424846299,0.61554072424712002285068882233301915,0.61554072424712002285068882233301915,551,above,True
551,876.600825833027442397243130019073711436,0.5+876.600825833027442397243130019073711436i,1.8428402813426146505957665038298927,1.2452792223895093222775509138510603,-6.9751371582667615598576662546431809,-9.2943033535586078582808264532083132,11.620525513271957800646799794646992,0.61554072424712002285068882233301915,1.0538725080060327467789631192503267,0.61554072424712002285068882233301915,550,below,False
552,877.654698341033475144022093138324038104,0.5+877.654698341033475144022093138324038104i,2.0033908587281784468340143245280228,4.2847133890501322709192116517114904,-2.3229879748022529360021292474939779,-24.704468627554484707688421820896361,24.813444809233957666692919835252066,1.0538725080060327467789631192503267,1.7262536287575073124397069337105897,1.0538725080060327467789631192503267,551,below,False
553,879.3809519697909824564618000720346278169,0.5+879.3809519697909824564618000720346278169i,8.4999180629188416399270590613783404,0.092367527106641097988142403449711863,-42.011768121793636327808839838975144,0.53502081484897586373698367618680412,42.015174734751224922297927037688398,1.7262536287575073124397069337105897,1.4536968781484078265704871799386253,1.4536968781484078265704871799386253,554,above,False
554,880.8346488479393902830322872519732530696,0.5+880.8346488479393902830322872519732530696i,6.681285360221374493931980906687701,-3.1433574824779821796475689167676676,-32.047210667212713039690032246791502,17.6170685827946665045834397165386,36.570272312352326581833448789330444,1.4536968781484078265704871799386253,1.5520477792570709693523631807955587,1.4536968781484078265704871799386253,553,below,False
555,882.3866966271964612523846504327688117775,0.5+882.3866966271964612523846504327688117775i,1.6174482801465112374075416941432708,-3.4709351107679647816309091732995752,-2.2584250790106955225630125325411491,19.83749261276686349727626945283151,19.965635401836935947910113866209098,1.5520477792570709693523631807955587,1.0436352115051844321836870036600508,1.0436352115051844321836870036600508,556,above,False
556,883.4303318387016456845683374364288626174,0.5+883.4303318387016456845683374364288626174i,1.6631861429665786148100318772374218,-1.0747377332082205363469725718712677,-6.8769784281198351187429798040162486,7.4032483645017493689841424100750334,10.10449992069490716186514489958695,1.0436352115051844321836870036600508,0.7684112758930812758159417178460096,0.7684112758930812758159417178460096,557,above,False
557,884.1987431145947269603842791542748722213,0.5+884.1987431145947269603842791542748722213i,1.5960475227041321997483175332926637,1.2579307516473976342542281781190492,-6.1331813304053350034336529636514642,-8.4585379196202665432316203304407548,10.448099203648791052384356674950141,0.7684112758930812758159417178460096,1.0735613650224000908138069463259943,0.7684112758930812758159417178460096,556,below,False
558,885.272304479617127051198086100600866541,0.5+885.272304479617127051198086100600866541i,1.6724288507825184797352818432836566,3.7713088249460588033007494339602131,-2.094315080248588196147939824485252,-21.40149044957351434093723031713145,21.503719425219047332831662406895733,1.0735613650224000908138069463259943,1.5804974832991713208352438463737458,1.0735613650224000908138069463259943,557,below,False
559,886.8528019629162983720333299469746123885,0.5+886.8528019629162983720333299469746123885i,7.4433735234645326300712199496701978,3.0085606892442744263419781912577702,-35.851867474504482013935492383583177,-17.344460493933718638408402495503514,39.826959603201697078579453446685382,1.5804974832991713208352438463737458,1.6227647109008964016930588018880257,1.5804974832991713208352438463737458,558,below,False
560,888.4755666738171947737263887488626380586,0.5+888.4755666738171947737263887488626380586i,6.203138001725224601572861244823967,-3.3183693298277041523611168406061147,-28.207018014026904135725581104759304,21.120795842417437064896280310840617,35.238102705178608552959893156463051,1.6227647109008964016930588018880257,1.2597276202735423236857993942530768,1.2597276202735423236857993942530768,561,above,False
561,889.7352942940907370974121881431157148726,0.5+889.7352942940907370974121881431157148726i,4.3159065253808484177900248139815972,-2.1864804138199352761576359048302852,-20.054684554937137654726872649028288,13.439643822449529151043735529517933,24.141549218563832053292125284720118,1.2597276202735423236857993942530768,1.0778378184373265887837361635646745,1.0778378184373265887837361635646745,562,above,False
562,890.8131321125280636861959243066803894002,0.5+890.8131321125280636861959243066803894002i,4.6729267368884166633344920253039573,0.014272588447808337212089647540275383,-23.143517393489982160512958281039496,-2.4821224554337032319833285094947661,23.276239585176587837339093987142357,1.0778378184373265887837361635646745,1.5733011476278056555450749725431788,1.0778378184373265887837361635646745,561,below,False
563,892.386433260155869341740999279223568184,0.5+892.386433260155869341740999279223568184i,2.2830210683401881775222079638411395,-2.141042590454949911351040369053524,-7.226945813649216148393280905634238,14.969882157884657472515929018125938,16.623059815039328062499485670188853,1.5733011476278056555450749725431788,0.7326843071383889944345436582259571,0.7326843071383889944345436582259571,564,above,False
564,893.1191175672942583361755429374495252873,0.5+893.1191175672942583361755429374495252873i,2.5860006998072378069554999739852206,1.6667746744694355768501810436110674,-9.7839083838665954874923506357781974,-12.969952027135513957341380436434458,16.246369405196093970160372530289546,0.7326843071383889944345436582259571,1.7671747535744578060173606659321496,0.7326843071383889944345436582259571,563,below,False
565,894.8862923208687161421929036033816748995,0.5+894.8862923208687161421929036033816748995i,1.7376231010983530931116104751760021,-1.3669336784485963252077086885923929,-4.1458694414243101018218163984634058,12.461443313693151261062739675781839,13.133004335860232529891928228286983,1.7671747535744578060173606659321496,0.51162735391424891320395579118114074,0.51162735391424891320395579118114074,566,above,False
566,895.3979196747829650553968593945628156397,0.5+895.3979196747829650553968593945628156397i,0.78324146457649509396006435147025157,2.0535963429002509763622047031208851,2.6830904816200938777512353436478616,-12.689428013172765608925955800787944,12.969986809324598114474708702559678,0.51162735391424891320395579118114074,1.2343318814197549781297273262275978,0.51162735391424891320395579118114074,565,below,True
567,896.6322515562027200335265867207904134895,0.5+896.6322515562027200335265867207904134895i,2.0962743862895560841205882267000032,7.1825388421363991539598634326410087,2.968714794608103832554520354237213,-39.532413790290130368200164326215315,39.64372595529393863941138324989031,1.2343318814197549781297273262275978,2.589271112180699356569057219062821,1.2343318814197549781297273262275978,566,below,True
568,899.2215226683834193900956439398532345143,0.5+899.2215226683834193900956439398532345143i,-1.5005906529077325188114178671536731,-3.3152666742235614226875465942812626,20.344404367425711294956589087265339,10.618711390733833451973808477555866,22.948895848494123563977889292017852,2.589271112180699356569057219062821,0.63736193955406405417021137184982507,0.63736193955406405417021137184982507,569,above,True
569,899.8588846079374834442658553117030595879,0.5+899.8588846079374834442658553117030595879i,2.0044371081430788531281440424258275,-0.93430629770134110174398565063078475,-10.53972014875991401032797570367079,3.3746699611635665442253729263223817,11.066801622915060260868443500391435,0.63736193955406405417021137184982507,0.9908552525839126735587859348357131,0.63736193955406405417021137184982507,568,below,False
570,900.8497398605213961178246412465387726875,0.5+900.8497398605213961178246412465387726875i,2.8245695830410555054226483026429377,0.70819085018560940586513378902958769,-13.365113753810082748656301449828249,-6.1495654279511557524492413791448306,14.712016197820593841073527515184548,0.9908552525839126735587859348357131,1.3934677262308923438158065958417714,0.9908552525839126735587859348357131,569,below,False
571,902.2432075867522884616404478423805440653,0.5+902.2432075867522884616404478423805440653i,3.0817158045482081354725546245129404,-0.22502459595800932917542563953001329,-15.124472107906239423202750092984129,3.6161062492884708457978022493088806,15.550751780829663080876825797926682,1.3934677262308923438158065958417714,0.85646685587816648502459853836510021,0.85646685587816648502459853836510021,572,above,False
572,903.0996744426304549466650463807456442756,0.5+903.0996744426304549466650463807456442756i,2.2018821745352478755656856323389514,3.0241605060535777434218632115815307,-5.6665629322366803413701638338197994,-18.86263456231317969157486340412098,19.695403476353828804678418422900888,0.85646685587816648502459853836510021,1.603228279650865827659045044971331,0.85646685587816648502459853836510021,571,below,False
573,904.7029027222813207743240914257169752769,0.5+904.7029027222813207743240914257169752769i,5.8875745793341615943400395817307713,0.59048436284028314965445702033248291,-29.456708555706540606187562439552287,-0.96975500342813901865870772368790009,29.472667061236735305170591603342154,1.603228279650865827659045044971331,1.1270380359408886305153193045967964,1.1270380359408886305153193045967964,574,above,False
574,905.8299407582222094048394107303137716517,0.5+905.8299407582222094048394107303137716517i,6.1319023500882201010776226161770065,2.8917540287863344274463023499768553,-28.0314415789734758656318482780732,-19.570195399362497755436345804287178,34.187048204906958109113402366190183,1.1270380359408886305153193045967964,1.8267887107453159067173027781588037,1.1270380359408886305153193045967964,573,below,False
575,907.6567294689675253115567135084725753775,0.5+907.6567294689675253115567135084725753775i,2.4818422255399629152363159653498717,-3.5383565088294597407595761540882209,-3.8651160045914343904902570299895581,23.5421106323712729891261295030584,23.857285988891473069117111035342645,1.8267887107453159067173027781588037,0.67681417609339996915148316672173914,0.67681417609339996915148316672173914,576,above,False
576,908.3335436450609252807081966751943145179,0.5+908.3335436450609252807081966751943145179i,3.6131925967273114608742299514095978,1.9713059458772638123400775100286837,-13.820613225246445769190863270118169,-17.412078178513162017342181221286226,22.230380482945207520406403110726666,0.67681417609339996915148316672173914,1.852790412118917284644355003613565,0.67681417609339996915148316672173914,575,below,False
577,910.1863340571798425653525516788078794869,0.5+910.1863340571798425653525516788078794869i,2.4722086673819969480060154079803896,-3.5885450864553424037892240260800486,-6.7653460917388898825012141083475796,21.669488857303917863942290394262868,22.701027621625971842608463021946928,1.852790412118917284644355003613565,1.0486174287756615272449496077792972,1.0486174287756615272449496077792972,578,above,False
578,911.2349514859555040925975012865871766379,0.5+911.2349514859555040925975012865871766379i,2.3716578431786282281266270927010588,-1.1023592133891432715676280575324924,-11.133603132583934673000061026552199,6.9277285460818648821214275176742325,13.112991326241329925297407647204646,1.0486174287756615272449496077792972,1.0960941140800831562096658849283356,1.0486174287756615272449496077792972,577,below,False
579,912.3310456000355872488071671715155122172,0.5+912.3310456000355872488071671715155122172i,1.5646856271144863193063712316495591,-0.033525062680683514811220298729009106,-7.7190723772603625770544509106118661,3.4399844562107975016202714094255918,8.4508917532030808444456957093331855,1.0960941140800831562096658849283356,0.49295364670780812918504948722198705,0.49295364670780812918504948722198705,580,above,False
580,912.8239992467433953779922166587374992655,0.5+912.8239992467433953779922166587374992655i,-0.66932270850572184720282470712878177,2.0042010437623877846427783249644317,12.535475542786155887183253275838307,-6.9047677055757437579260105246074078,14.311322935066191510655084541972306,0.49295364670780812918504948722198705,1.9060977116322179603830225549623749,0.49295364670780812918504948722198705,579,below,True
581,914.7300969583756133383752392136998741271,0.5+914.7300969583756133383752392136998741271i,9.1878437926436235348257185129468141,2.7297375605178411395805162419032652,-45.30488559880640734737114335175285,-15.135964575596274301371823926845329,47.76641165876542485994276436078119,1.9060977116322179603830225549623749,1.6249038502671525530456037342996518,1.6249038502671525530456037342996518,582,above,False
582,916.3550008086427658914208429479995258864,0.5+916.3550008086427658914208429479995258864i,6.5870919353472284638102927375284611,-4.6723494345089336814508230300862826,-29.696486561109829618418378043094117,27.684154184598676121181513472018736,40.599183575421921336838740552342236,1.6249038502671525530456037342996518,1.4703767617840171350631213860491566,1.4703767617840171350631213860491566,583,above,False
583,917.8253775704267830264839643340486824888,0.5+917.8253775704267830264839643340486824888i,1.5896835720158448886277607717468935,-3.4502708192476328120107149202884427,-1.9890901895758862898183425753497331,19.930685369849042434628702902660482,20.029695431887667539451762815243307,1.4703767617840171350631213860491566,1.0111576731022465447650182849042268,1.0111576731022465447650182849042268,584,above,False
584,918.836535243529029571248982618952909298,0.5+918.836535243529029571248982618952909298i,1.6423821835255004018257685793479391,-0.93514298254547729675741415621054467,-6.6786807791681531858315702960533061,7.3120996886067920721970292812259262,9.9031095523655434985907060862462509,1.0111576731022465447650182849042268,0.61180919615327521051614673336502063,0.61180919615327521051614673336502063,585,above,False
585,919.4483444396823047817651293523179299287,0.5+919.4483444396823047817651293523179299287i,1.0622397252150165403083588478489211,2.0812951386115535505347129242357083,1.136243133312281326954809860497825,-13.660085848476124417047959651666478,13.70726062514815505914930002021296,0.61180919615327521051614673336502063,1.7080510674725485856342758667080309,0.61180919615327521051614673336502063,584,below,True
586,921.1563955071548533673994052190259608786,0.5+921.1563955071548533673994052190259608786i,5.269759973721117921959375770040568,-0.096972148520098758657870750302908033,-26.253713843448231328064649902347678,2.1436233564118478465214377685819757,26.341082203808933460252066212731543,1.7080510674725485856342758667080309,1.3442337994819168988459238687474366,1.3442337994819168988459238687474366,587,above,False
587,922.5006293066367702662453290877733974814,0.5+922.5006293066367702662453290877733974814i,3.4918204923127271209997591179578366,-0.81629739597858058649437964495122969,-16.405737342826791014905222476222426,8.4174358628453923959328914482229461,18.439128077730172678553865123904916,1.3442337994819168988459238687474366,0.78509049578547240769777346518722918,0.78509049578547240769777346518722918,588,above,False
588,923.285719802422242673943102552960626659,0.5+923.285719802422242673943102552960626659i,2.3581622542919927256490781442234987,3.3206111628563261270118795643586154,-5.4019902114105506936206343620496355,-21.090490293810511919445929457544204,21.771317807553377855445161998523334,0.78509049578547240769777346518722918,1.4877641310544217423033532118696682,0.78509049578547240769777346518722918,587,below,False
589,924.7734839334766644162464557648302948884,0.5+924.7734839334766644162464557648302948884i,7.8668722735625258534206106400580161,3.1627716363998455934343665554225148,-37.472292320510958380420944859650955,-20.256142837365433809455753060376354,42.596760609247923342748919098438508,1.4877641310544217423033532118696682,1.7780688511263645253459192895462689,1.4877641310544217423033532118696682,588,below,False
590,926.5515527846030289415923750543765637831,0.5+926.5515527846030289415923750543765637831i,4.13778954639380031114059327292293,-5.375430607762676569260934853553012,-14.440555112927944984481103486895794,31.632062503961132260902884903467296,34.772359859865899392461209711428011,1.7780688511263645253459192895462689,1.2993062011505652062785865336991874,1.2993062011505652062785865336991874,591,above,False
591,927.8508589857535941478709615880757512237,0.5+927.8508589857535941478709615880757512237i,1.5879559253067278224881676500500864,-2.5723111839189329620178939083355504,-3.36647333867667739572684080041657,15.666994510622606839104333818144645,16.024601702878602000420224296759549,1.2993062011505652062785865336991874,0.8128003431812981408853287698688821,0.8128003431812981408853287698688821,592,above,False
592,928.6636593289348922887562903579446333274,0.5+928.6636593289348922887562903579446333274i,2.5058710860635455613628365029670977,0.23552577790168065504919118322846225,-12.32153748149426734171275128096987,-3.2776067546701155166799706945711739,12.750019291990395232323151423570256,0.8128003431812981408853287698688821,1.2104335217128624883497771402130906,0.8128003431812981408853287698688821,591,below,False
593,929.8740928506477547771060674981577239401,0.5+929.8740928506477547771060674981577239401i,3.0280011090383239857343646925399569,0.6496028596686742260372099999394049,-15.092077927046856027602896021486901,-3.4296682428420384376911557962770762,15.476867913502851966832212161981951,1.2104335217128624883497771402130906,1.1351184859803181771700992672936534,1.1351184859803181771700992672936534,594,above,False
594,931.009211336628072954276166765451377384,0.5+931.009211336628072954276166765451377384i,2.8229197286275296656640996991677987,1.6027695688982956448590232202383526,-14.196489051577942533532678412990669,-7.8590444642434365187912933443758558,16.226671910238642476713154897933165,1.1351184859803181771700992672936534,0.84352940889200696741017558554655194,0.84352940889200696741017558554655194,595,above,False
595,931.8527407455200799216863423509979293219,0.5+931.8527407455200799216863423509979293219i,0.11479175479961921673271172421197203,5.4251195598139861937102348860893814,13.69778708765552234179263386740777,-27.423766158049645687446238182159224,30.654401337982958249368564936083109,0.84352940889200696741017558554655194,2.532566091738384832728198841581567,0.84352940889200696741017558554655194,594,below,True
596,934.3853068372584647544145411925794963447,0.5+934.3853068372584647544145411925794963447i,-0.29006006031705764808862763045877159,-4.1241817741340457211213559807076291,16.427507769057780177540861217934273,19.575876745707762637301710912297078,25.555390074612355040472146974725055,2.532566091738384832728198841581567,0.61011802658799486319519645258810908,0.61011802658799486319519645258810908,597,above,True
597,934.9954248638464596176097376451676054274,0.5+934.9954248638464596176097376451676054274i,3.0059272563613023571048357791466962,-0.076451022052170336851399180943683835,-15.150419935051666391498494226610162,-4.0516391828014482950209554214357225,15.682825136945923590929045006648635,0.61011802658799486319519645258810908,1.2332245154364675961089262686052584,0.61011802658799486319519645258810908,596,below,False
598,936.2286493792829272137186639137728638062,0.5+936.2286493792829272137186639137728638062i,4.3425554208652589722319439594226544,0.13489699551508277751431544929088335,-21.686931045425799080635595819767806,-2.0637949894085674307586094344152673,21.784908260705649608733396123618545,1.2332245154364675961089262686052584,1.3042763326874540591975699718098249,1.2332245154364675961089262686052584,597,below,False
599,937.5329257119703812729162338855826886966,0.5+937.5329257119703812729162338855826886966i,4.7338957374240646686820350692417583,-0.43243321701190273320227951438338361,-23.711777143857277718648438819629654,1.9799779796975548274403620626576852,23.794299487903391725575913101179261,1.3042763326874540591975699718098249,1.4913751872480009113021848235968724,1.3042763326874540591975699718098249,598,below,False
600,939.0243008992183821842184187091795610692,0.5+939.0243008992183821842184187091795610692i,2.0301377464470148804897200787182595,-1.6502450324120069832805068898809692,-6.3529519913534414153970424396856051,12.9521012111429999541238597268534,14.426258170022246730227587788059109,1.4913751872480009113021848235968724,0.63663971530978380138233576556158772,0.63663971530978380138233576556158772,601,above,False
601,939.6609406145281659856007544747411487931,0.5+939.6609406145281659856007544747411487931i,1.7046882430865175927297300392542762,2.0007464755997300637765284032236811,-3.8615997644335499056498078194141768,-14.002132255590357680959767312359737,14.524863525820721658920008972624783,0.63663971530978380138233576556158772,1.496059027514206622170242468945659,0.63663971530978380138233576556158772,600,below,False
602,941.1569996420423726077709969436868077801,0.5+941.1569996420423726077709969436868077801i,4.3152985300312306998007326370818318,1.1491668723642525187021171614787177,-22.148063378880643759680885040098534,-3.7597231968139670288981820822683814,22.464911082654543067498127789133824,1.496059027514206622170242468945659,0.89534200133312526661894869129550931,0.89534200133312526661894869129550931,603,above,False
603,942.0523416433754978743899456349823170886,0.5+942.0523416433754978743899456349823170886i,2.5124443450618573010789660178440088,5.7547344174612106964582825554633965,-0.74543987299084909552704694092197062,-34.002504927504211418598302504608799,34.010675117515570879444255192597869,0.89534200133312526661894869129550931,2.1356941661972466375885559801212531,0.89534200133312526661894869129550931,602,below,False
604,944.1880358095727445119785016151035701613,0.5+944.1880358095727445119785016151035701613i,3.7345058090214401437708116577687443,-6.5191001473949114663530207936875132,-8.9891622020819878008121189062912527,38.250457919739805064297393663092429,39.292525601762036233208704220077114,2.1356941661972466375885559801212531,1.1455266934732016295637373058928824,1.1455266934732016295637373058928824,605,above,False
605,945.3335625030459461415422389209964525265,0.5+945.3335625030459461415422389209964525265i,3.0642130442413159753876687836290607,-3.0329823552440578597488697599443049,-13.564681427068170220966460683543786,17.023104251841642525303183693134742,21.766641003768063682347064451379027,1.1455266934732016295637373058928824,1.4322797016819050151899282972449245,1.1455266934732016295637373058928824,604,below,False
606,946.7658422047278511567321672182413770306,0.5+946.7658422047278511567321672182413770306i,0.34331599481310561253503266313987072,-0.96719091863345881316614631905695533,4.0939249362688581877356272360921122,6.9149889380239049543498492650896272,8.0359998380286785199842201919073375,1.4322797016819050151899282972449245,0.31334089152702680838730732478826123,0.31334089152702680838730732478826123,607,above,True
607,947.0791830962548779651194745430296382638,0.5+947.0791830962548779651194745430296382638i,0.4338817297716597770582121787860011,0.91056994451035308148935672305168077,3.0922887685535478866369586471984868,-7.07734511116271747243474727959063,7.7234101050391746879241522854980612,0.31334089152702680838730732478826123,1.2674631587900892014856114508063453,0.31334089152702680838730732478826123,606,below,True
608,948.3466462550449671666050859938359835911,0.5+948.3466462550449671666050859938359835911i,2.1334007462462566108487495506749111,4.0781194360892889197908371814960024,-4.4130695396093380415786265178540599,-23.749724801210534368752009483907392,24.156254074145323309719311431781161,1.2674631587900892014856114508063453,1.804966429598873698141724357009462,1.2674631587900892014856114508063453,607,below,False
609,950.151612684643840864746810350845445565,0.5+950.151612684643840864746810350845445565i,5.308119214518103952570949010052075,-1.6307669317537355272739914922711949,-24.574303940642059173105324243145979,14.908514275577271998290649398000828,28.743002836727883352286117699357318,1.804966429598873698141724357009462,0.88163604917966910975260012555274072,0.88163604917966910975260012555274072,610,above,False
610,951.0332487338235099744994104763981862826,0.5+951.0332487338235099744994104763981862826i,4.6481719182645783390403006766248514,3.3959371810334037736257780262507455,-18.489171051520721751223740130078577,-23.675496129637706806564258054985639,30.039616561415725007474523340448355,0.88163604917966910975260012555274072,1.694739886027116110168110847534426,0.88163604917966910975260012555274072,609,below,False
611,952.7279886198506260846675213239326123176,0.5+952.7279886198506260846675213239326123176i,6.3376489796102916789919039665786588,-3.3132709631105321687883059805870482,-29.720053472867037266128353297832876,20.662263280991256521002412316681494,36.19683276646004572966182147728524,1.694739886027116110168110847534426,1.4017306497007892520904880904843128,1.4017306497007892520904880904843128,612,above,False
612,954.1297192695514153367580094144169251503,0.5+954.1297192695514153367580094144169251503i,2.2890349818058786408009928013178032,-2.6588358310468461141021572694511316,-6.2282247647663706773433502115147516,17.891656226950930906717079746881559,18.944712884175392912406208840239098,1.4017306497007892520904880904843128,0.69958966866522178275575342368469171,0.69958966866522178275575342368469171,613,above,False
613,954.8293089382166371195137628381016168627,0.5+954.8293089382166371195137628381016168627i,3.0739094261680371615182628970968529,1.7783082766582831642257854538276074,-11.749023745122088760482410230891843,-15.317585413083802958534572814723022,19.304610378108136555737223975786122,0.69958966866522178275575342368469171,1.8461704050731589036282692951260538,0.69958966866522178275575342368469171,612,below,False
614,956.6754793432897960231420321332276706241,0.5+956.6754793432897960231420321332276706241i,1.8087701715951936018702561717403266,-2.6512137456427564722637170403943131,-3.4237953061369117545456378129659186,17.189720300787320598314902584117517,17.52737454148866190151161440277877,1.8461704050731589036282692951260538,0.83457325313392644458673698370465366,0.83457325313392644458673698370465366,615,above,False
615,957.5100525964237224677287691169323242857,0.5+957.5100525964237224677287691169323242857i,2.1685084267928274889903007323830288,0.15686603164819994794339622464457469,-10.889518115636268020318844125472156,-0.93226108220145394738279832091632028,10.929351102245635313190622192968942,0.83457325313392644458673698370465366,0.9045407937124585022752303503224693,0.83457325313392644458673698370465366,614,below,False
616,958.4145933901361809700039994672547935902,0.5+958.4145933901361809700039994672547935902i,1.6772604967605098856918596222833507,2.2978791363086945309052490188437347,-5.5499246224785257406853435718380996,-13.656233823008562480143185289424613,14.740908572536377557548912524008252,0.9045407937124585022752303503224693,1.0445754169319315909956095718995349,0.9045407937124585022752303503224693,615,below,False
617,959.4591688070681125609996090391543284638,0.5+959.4591688070681125609996090391543284638i,0.72823064200015472779168032332972722,6.3063652871778535077365938447080198,9.8695016662330523404235351787308163,-33.274057045522288136523690731189151,34.706914806828457408090936012382989,1.0445754169319315909956095718995349,2.2104036671246407816690484640443182,1.0445754169319315909956095718995349,616,below,True
618,961.6695724741927533426686575031986466238,0.5+961.6695724741927533426686575031986466238i,5.1945763585975115871681554785559865,-7.4410527751824025308291932946273014,-16.900653894717558350101631514951574,43.879365044062470119861802997238145,47.021599066164510800982416484622821,2.2104036671246407816690484640443182,1.5125141971186936544635324689730501,1.5125141971186936544635324689730501,619,above,False
619,963.1820866713114469971321899721716967047,0.5+963.1820866713114469971321899721716967047i,-0.095959443297738908121225343819610143,-1.7711038849179708064025801789677408,9.589202683469507339687238205023784,8.4194572102889613965291210264410216,12.760880370121239440745611534313099,1.5125141971186936544635324689730501,0.38495352030082367472990954683508993,0.38495352030082367472990954683508993,620,above,True
620,963.5670401916122706718620995190067866386,0.5+963.5670401916122706718620995190067866386i,1.38654516834470636875303025358772,0.84631927098723653577933390181477464,-3.4041431638401192472368012649004756,-10.114716837650680693015188187059984,10.672192248351488699141754499659748,0.38495352030082367472990954683508993,1.4885394321388455530645952963003472,0.38495352030082367472990954683508993,619,below,False
621,965.0555796237511162249266948153071338835,0.5+965.0555796237511162249266948153071338835i,3.5884892040764406021289249507411862,-0.20368440083097648756927204245330518,-17.990802411216665036912714927054127,2.342516343337501544670102100485004,18.142666678805590294679505883058062,1.4885394321388455530645952963003472,1.0551751946590877937979264708126397,1.0551751946590877937979264708126397,622,above,False
622,966.1107548184102040187246212861197735979,0.5+966.1107548184102040187246212861197735979i,3.5072649343510345395855884420620987,1.6024217806693503693241925769984565,-16.665401592872975359218764676859432,-10.246807063729898357237593955185575,19.563554514786878207195782487725227,1.0551751946590877937979264708126397,1.2603989478526502964401569181286383,1.0551751946590877937979264708126397,621,below,False
623,967.3711537662628543151647782042484118949,0.5+967.3711537662628543151647782042484118949i,4.6570038689890890985753447783827637,1.9494384613647484445541867223260055,-22.789972179885362435680999878347666,-11.409710425683490735885424605520908,25.486551825578510807359194052558795,1.2603989478526502964401569181286383,1.2651481398244720929251272938345996,1.2603989478526502964401569181286383,622,below,False
624,968.6363019060873264080899054980830115029,0.5+968.6363019060873264080899054980830115029i,5.9252495839716666183232377744738414,2.1731675676127257920598986491824691,-28.905484016123606554485447444053386,-13.5277471493753744390305572736805,31.91436900745197048963014715620231,1.2651481398244720929251272938345996,1.4893086508538490711252140911574223,1.2651481398244720929251272938345996,623,below,False
625,970.1256105569411754792151195892404337812,0.5+970.1256105569411754792151195892404337812i,5.5863888021490464253431047823947295,-1.4802782269849305134036465086603666,-26.920922515157881771414162198926253,12.109179306124764691538001835284312,29.518948025548180242054308211393684,1.4893086508538490711252140911574223,0.94588092944455246103591497161579587,0.94588092944455246103591497161579587,626,above,False
626,971.0714914863857279402510345608562296492,0.5+971.0714914863857279402510345608562296492i,5.7306349248397414582065279709296231,3.1226974527052903159188102407250671,-24.53129014008909718284954065722887,-23.730490826765169070130607675203962,34.130930119415415584939760540701402,0.94588092944455246103591497161579587,2.1138698079154662813980623975944845,0.94588092944455246103591497161579587,625,below,False
627,973.1853612943011942216490969584507141798,0.5+973.1853612943011942216490969584507141798i,-0.36857815244172598185257888643215643,-3.1267907432432033651293779650897362,12.326629611868691787811915132120212,14.533518300796360143404790456485368,19.056992202018156217285798047638942,2.1138698079154662813980623975944845,0.68771769835240297258346650687623729,0.68771769835240297258346650687623729,628,above,True
628,973.8730789926535971942325634653269514703,0.5+973.8730789926535971942325634653269514703i,1.8590365946902960148449707683949412,-0.53585694080859528282394935101591191,-9.5589888852714057085655868589805692,2.0672608979350591740233505182775916,9.779971172190311659519835838711027,0.68771769835240297258346650687623729,0.90155607318383268107059138169684605,0.68771769835240297258346650687623729,627,below,False
629,974.7746350658374298753031548470237975253,0.5+974.7746350658374298753031548470237975253i,2.1871014845277792208523749358593033,1.4558209389894660325718489614663108,-9.0518261642665137633984787567943529,-10.319175567466932749063375660125572,13.726650767769475125381971897870983,0.90155607318383268107059138169684605,1.4038673547521794688846433122199417,0.90155607318383268107059138169684605,628,below,False
630,976.1785024205896093441877981592437391927,0.5+976.1785024205896093441877981592437391927i,3.0993903523563506947558325665696794,0.58834480932829901774567604398147146,-16.193760364421399699232168205514395,-0.045160231700471125850389639723205822,16.193823334433185801199375624296352,1.4038673547521794688846433122199417,0.73869969646101267722946901254407459,0.73869969646101267722946901254407459,631,above,False
631,976.9172021170506220214172671717878137778,0.5+976.9172021170506220214172671717878137778i,0.45409009134226634603313187575648148,4.2921592611989852434492705419105241,9.2805913778016002250529918628690267,-22.884768635181022060066376976862601,24.694979485868994411450034691888993,0.73869969646101267722946901254407459,1.8494694180623524326057395686372325,0.73869969646101267722946901254407459,630,below,True
632,978.7666715351129744540230067404250462619,0.5+978.7666715351129744540230067404250462619i,10.45171801628450424214761952441814,-0.63399972045908043023135342515837331,-52.711548581704291472657220077194397,4.0756332633353620982746857121586583,52.868876859439499113735854757568661,1.8494694180623524326057395686372325,1.811329104661443607315945762050546,1.811329104661443607315945762050546,633,above,False
633,980.5780006397744180613389525024755922729,0.5+980.5780006397744180613389525024755922729i,0.30402731294339469310644898899581306,-3.850506002389685602790792727908244,9.6457399783442835871369965566203322,20.328915205440113895896047798267193,22.501224259133178297770983293945471,1.811329104661443607315945762050546,0.71061466198455139802548184465389882,0.71061466198455139802548184465389882,634,above,True
634,981.2886153017589694593644343471294910891,0.5+981.2886153017589694593644343471294910891i,2.6775932539294072555788889843796219,-0.39081545390757650038317846085614713,-13.838234590634268724975583002221202,-0.17551573263322202925112124853221526,13.839347613158235993228964912671373,0.71061466198455139802548184465389882,1.1078698670200089420457875250714442,0.71061466198455139802548184465389882,633,below,False
635,982.3964851687789784014102218722009353246,0.5+982.3964851687789784014102218722009353246i,3.4466064977036983526701356927555517,0.69301645918579703850967431494176638,-17.075814735318377070959050386194175,-5.1764582051749637841090166882006928,17.843182687649628597043834139710553,1.1078698670200089420457875250714442,1.1785908376523503541228915705590258,1.1078698670200089420457875250714442,634,below,False
636,983.5750760064313287555331134427599611365,0.5+983.5750760064313287555331134427599611365i,4.4518753175596113398913246393676699,1.6882929141287727207652142185235816,-21.306027421230298296969174006223285,-11.671271192031687397656611024961605,24.293319569629963606662110540230259,1.1785908376523503541228915705590258,1.6118526493421070139954517062715691,1.1785908376523503541228915705590258,635,below,False
637,985.1869286557734357695285651490315301946,0.5+985.1869286557734357695285651490315301946i,3.1233736080286365606726786165623586,-1.9984291950654013186415843989259367,-12.686841105563775299627135154869604,14.9496122404889340652570400482184,19.607316067702872711020304716832049,1.6118526493421070139954517062715691,0.94358645441109087984542306959863179,0.94358645441109087984542306959863179,638,above,False
638,986.1305151101845266493739882186301619796,0.5+986.1305151101845266493739882186301619796i,2.3219319845728182022532494441188504,0.44000959471324978595590401482378779,-12.117076105333866493474732960107157,-0.23208893341620043594281242226994038,12.119298602454979199832885604422695,0.94358645441109087984542306959863179,0.62549329747150897240385089904259537,0.62549329747150897240385089904259537,639,above,False
639,986.7560084076560356217778391176727573451,0.5+986.7560084076560356217778391176727573451i,-0.63575559454621844298777247063127821,3.5592098213428854816931012149548383,16.429929931615270309773147090374216,-15.636772180506342248734570247778083,22.681517625212922028186535052164278,0.62549329747150897240385089904259537,2.2366139630013709855883445490409575,0.62549329747150897240385089904259537,638,below,True
640,988.992622370657406607366183666713714837,0.5+988.992622370657406607366183666713714837i,6.2650553382061454389914080974006588,-6.0373260978943511120286252803706554,-24.622198755671401629465872466040835,37.879947981416777646732773187870662,45.179012059125721062435084140701097,2.2366139630013709855883445490409575,1.2312954333705657556119469096555728,1.2312954333705657556119469096555728,641,above,False
641,990.2239178040279723629781305763692876782,0.5+990.2239178040279723629781305763692876782i,3.7746318957758192944788610233243077,-3.4474380054490771878851068676993131,-16.510618788809743382421266019352792,20.279186074639438811602644098590908,26.150447809535641837527490601456251,1.2312954333705657556119469096555728,1.15037634373353306888530268391686,1.15037634373353306888530268391686,642,above,False
642,991.3742941477615054318634332602861476863,0.5+991.3742941477615054318634332602861476863i,3.2983844828643548986682406590493607,-1.8421617230207521201735718030920425,-16.079310426312819345620811486525417,10.423877589660353786544632673311048,19.162501083886609586199339295476967,1.15037634373353306888530268391686,1.3544021889711540117639636728072301,1.15037634373353306888530268391686,641,below,False
643,992.7286963367326594436273969330933778239,0.5+992.7286963367326594436273969330933778239i,1.113613204182085883186978571483719,-1.1367496810135481208822242910103081,-1.8614516850056554453817797335135385,9.4543313028228508820162703912324883,9.6358384564679382553348555286342924,1.3544021889711540117639636728072301,0.48588462071029426389567418825067608,0.48588462071029426389567418825067608,644,above,False
644,993.2145809574429537075230711213440539003,0.5+993.2145809574429537075230711213440539003i,0.70641870434237808068769909499721028,1.4444428019176987037843189114198444,1.3279586533686590798353822373614253,-9.7119592869668088829057893027051478,9.8023276509591102961931647862950965,0.48588462071029426389567418825067608,1.1900096136515381925047343448908228,0.48588462071029426389567418825067608,643,below,True
645,994.4045905710944919000278054662348766737,0.5+994.4045905710944919000278054662348766737i,1.6787212701377003260259920290647953,4.9629192218416794863534889553609633,0.032973127163860599264050741584439064,-28.020355186700711266408449948271289,28.020374587360184251313432474987702,1.1900096136515381925047343448908228,1.8007455932037945835001759830668228,1.1900096136515381925047343448908228,644,below,True
646,996.2053361642982864835279814493016994643,0.5+996.2053361642982864835279814493016994643i,8.2470046958706761615857856163534072,-1.4524061641241556501957023765031069,-41.040894441300308047995859308200443,11.554509352803942211763640393602786,42.63638942178369188216193111341833,1.8007455932037945835001759830668228,1.3065985876409427275018586261384937,1.3065985876409427275018586261384937,647,above,False
647,997.5119347519392292110298400754401931267,0.5+997.5119347519392292110298400754401931267i,6.1685328522883244642809769582081296,-2.2016652652860933831125146840337537,-30.484806699570744946044249908862227,13.323951931274773729999356156514701,33.269372320155277435248940906967547,1.3065985876409427275018586261384937,1.3156123849904039194897753711991746,1.3065985876409427275018586261384937,646,below,False
648,998.8275471369296331305196154466393677103,0.5+998.8275471369296331305196154466393677103i,3.9826448276901545580375959677180676,-2.3604605108421896021397617953835842,-18.091884478361518792010431036244723,15.499174371871560837483854175994119,23.823112520996466916709360375247589,1.3156123849904039194897753711991746,0.96402442048330733264353171120769968,0.96402442048330733264353171120769968,649,above,False
649,999.7915715574129404631631471578470673915,0.5+999.7915715574129404631631471578470673915i,4.525957479936693084118663870635925,0.7450679459246832317193755954105547,-22.288708256837142251296631767578632,-7.7645955391088880194574821782798542,23.602446052143617678753705190787904,0.96402442048330733264353171120769968,1.5579110803697966589401624952591032,0.96402442048330733264353171120769968,648,below,False
650,1001.349482637782737122103309653106170598,0.5+1001.349482637782737122103309653106170598i,3.2579703986226868036674831922364572,-2.4506245068880500319357967950577207,-13.682484241425397564743851869793088,16.202528303313197684021556185320588,21.206892710543890180814352082376992,1.5579110803697966589401624952591032,1.0548228506089741860560179133296759,1.0548228506089741860560179133296759,651,above,False
651,1002.404305488391711308159327566435846464,0.5+1002.404305488391711308159327566435846464i,2.6942567985556049763458683331963262,-0.48529602156629466467574600279143772,-13.370196051463293839373274669713386,4.1039275591161168287361371328659612,13.985863000367100053547055519406523,1.0548228506089741860560179133296759,0.86350269106153694936887433501218279,0.86350269106153694936887433501218279,652,above,False
652,1003.267808179453248257528201901448029258,0.5+1003.267808179453248257528201901448029258i,2.3151052699451539101794711781809972,2.2594464293127108121015389705345381,-8.4395664148499681103479488531287653,-14.849199713826205649071726462484353,17.079959408961129371723803118114568,0.86350269106153694936887433501218279,1.407235941719645968605144968152465,0.86350269106153694936887433501218279,651,below,False
653,1004.675044121172894226133346869600494216,0.5+1004.675044121172894226133346869600494216i,4.3102056316294466287515938757160074,1.5478901290536073224644365508297905,-22.490831513437468046942517648670656,-6.1325489586015713512322063312014401,23.311920961076483684400081408593656,1.407235941719645968605144968152465,0.8683761832054699704777012345434377,0.8683761832054699704777012345434377,654,above,False
654,1005.543420304378364196611048104143931911,0.5+1005.543420304378364196611048104143931911i,1.9270357213196047959900216530942337,6.5070070474634791349713520617661605,5.1747449153016907718867309717948143,-37.454663908769332185964978022113064,37.810446089107553561293931480120278,0.8683761832054699704777012345434377,2.4632840026852820015287720209570572,0.8683761832054699704777012345434377,653,below,True
655,1008.006704307063646198139820125100989082,0.5+1008.006704307063646198139820125100989082i,-1.2055520590025190555640813861032171,-4.5810830233174435648175973807944972,20.396815755441172214905511696252716,19.505422520354993037539795374874994,28.222182776301782103983199969569697,2.4632840026852820015287720209570572,0.78900559367863614763273698465943681,0.78900559367863614763273698465943681,656,above,True
656,1008.795709900742282345772557109760425892,0.5+1008.795709900742282345772557109760425892i,1.9463288353792804020187600406197625,-1.606080162271268940623922553866314,-9.4597129134365287754734026719595929,8.6717097852780273716073014044552399,12.832954414503486069043077557305891,0.78900559367863614763273698465943681,1.0108808462223471115093786388422063,0.78900559367863614763273698465943681,655,below,False
657,1009.806590746964629457281935748602632235,0.5+1009.806590746964629457281935748602632235i,2.1000861024622253644776101206778654,-0.24368240930689892627965248894010835,-10.550434236644751165194722806043531,2.2482144554625962505181042760004173,10.787313419916781643397016029453785,1.0108808462223471115093786388422063,0.76316626409644644128457994322938785,0.76316626409644644128457994322938785,658,above,False
658,1010.569757011061075898566515691832020086,0.5+1010.569757011061075898566515691832020086i,1.3869648016215410431338854494306516,2.643619888712228497911678352224851,-0.61330609128388509937777667650269967,-16.805684949517228601044605882518281,16.816872211681808805641153597226435,0.76316626409644644128457994322938785,1.8402855047005209442867461525398928,0.76316626409644644128457994322938785,657,below,False
659,1012.410042515761596842853261844371912927,0.5+1012.410042515761596842853261844371912927i,3.24499794453597565776014078019883,-1.5527474012255000034036593279789293,-13.108208060189833101475193834871979,14.962497401412156852383525286942447,19.892245902272856571787340911473353,1.8402855047005209442867461525398928,0.64859558264738822979937580997679582,0.64859558264738822979937580997679582,660,above,False
660,1013.058638098408985072652637654348708751,0.5+1013.058638098408985072652637654348708751i,1.8985793291001570586543413991578298,3.2871986409080785905460221000177194,-1.4098357194151096776254499828239823,-21.467711281920024281418975218440314,21.513955109175416612041094797709851,0.64859558264738822979937580997679582,1.6309945239614196154938002991340593,0.64859558264738822979937580997679582,659,below,False
661,1014.689632622370404688146437953482768061,0.5+1014.689632622370404688146437953482768061i,7.5708543979450189749472346057498769,0.32513327692186666924816738283343136,-38.530274779057840745647406802181631,-0.80178619558177335499012907278411467,38.538616161625811965836710593730001,1.6309945239614196154938002991340593,1.3705463202769734421433569385792022,1.3705463202769734421433569385792022,662,above,False
662,1016.060178942647378130289794892061970274,0.5+1016.060178942647378130289794892061970274i,6.2376359657991329131881348471143226,-1.9308634955641326868415786259303843,-30.912923241705160076133182812577115,12.438360177420806842695150249511604,33.321488971094956580964843846880174,1.3705463202769734421433569385792022,1.2062234217080285394250670877338936,1.2062234217080285394250670877338936,663,above,False
663,1017.266402364355406669714861979795863902,0.5+1017.266402364355406669714861979795863902i,5.6353014272199973784408046127951951,-1.2973320892515346834834637058823193,-28.662132849552887098180632685296845,6.6196352682549396409870336264274359,29.416618272162817567050914299973997,1.2062234217080285394250670877338936,1.3391701542647482812687055867340221,1.2062234217080285394250670877338936,662,below,False
664,1018.605572518620154950983567566529886016,0.5+1018.605572518620154950983567566529886016i,4.3541423000064078427426615657054576,-2.3297129492777775776867925892475307,-21.073121161957007189926009795362747,13.876742001226934837590714525088253,25.231734067937858662874754711012447,1.3391701542647482812687055867340221,1.3068672253238834106879491286427155,1.3068672253238834106879491286427155,665,above,False
665,1019.912439743944038361671516695172601531,0.5+1019.912439743944038361671516695172601531i,2.3753741054500637433571060779335797,-1.9013048695886570911980891113694179,-9.7279775859941588426242380230210428,12.627453392528425358560259303813243,15.940079268751532182167319252225796,1.3068672253238834106879491286427155,1.0050352733196399544755677969201732,1.0050352733196399544755677969201732,666,above,False
666,1020.917475017263678316147084492092774722,0.5+1020.917475017263678316147084492092774722i,1.8201620155824137155092949249929507,-0.16658003897360351886970672058043449,-9.050245881924889947019521957579729,3.2019639938982608491420297670432773,9.5999752052554453912221997129452989,1.0050352733196399544755677969201732,0.62686948264097359097700047621430786,0.62686948264097359097700047621430786,667,above,False
667,1021.54434449990465190712408496830708258,0.5+1021.54434449990465190712408496830708258i,0.27493906341419359190136761340811218,2.3568672664824298006056260109894064,5.7506831885257470910407648802731768,-12.833399802499244123425768560780003,14.062948041772048420723788962802807,0.62686948264097359097700047621430786,1.3409264118116959188755784630519874,0.62686948264097359097700047621430786,666,below,True
668,1022.885270911716347825999663431359070028,0.5+1022.885270911716347825999663431359070028i,3.1293808281611844978086449251942082,7.64706366356586655290269078789059,-4.1321816545900639388860235800414726,-43.77330787188351806392824918323926,43.967913383207421065447739695567214,1.3409264118116959188755784630519874,2.3804532860113485406286483469032862,1.3409264118116959188755784630519874,667,below,False
669,1025.265724197727696366628311778262356223,0.5+1025.265724197727696366628311778262356223i,-0.57135202351690583315819896327900097,-3.3715252322828403931716108056314439,19.13063067098867225123803839539389,14.428695082402596595508529159334943,23.961808605585709628225889558354268,2.3804532860113485406286483469032862,0.44222017373519287109938946836504115,0.44222017373519287109938946836504115,670,above,True
670,1025.707944371462889237727701246627397376,0.5+1025.707944371462889237727701246627397376i,2.7856490670891070648881111644820533,0.79006233739087256039784410718117897,-11.5943002067813507449962698762274,-13.190374866871554389277590700083634,17.561713652533082137905398715118749,0.44222017373519287109938946836504115,1.7597491441248810356697217747356771,0.44222017373519287109938946836504115,669,below,False
671,1027.467693515587770273397423021363074477,0.5+1027.467693515587770273397423021363074477i,1.3351992665669065348990163956603244,-2.4163962565771289567885683661032341,-0.47851180607667898111825071965142661,15.812328436348101902337144357767062,15.819567128322366790408174546941199,1.7597491441248810356697217747356771,0.66127073990974760427210875348044796,0.66127073990974760427210875348044796,672,above,False
672,1028.128964255497517877669531774843522433,0.5+1028.128964255497517877669531774843522433i,2.1524239633109262112267889312057052,0.88540529241217141748275478299392966,-9.6291153671004536423420170571959581,-7.7785925263198156671703646673356735,12.378463735191398794733683503702926,0.66127073990974760427210875348044796,1.09833318846384885345917182957896,0.66127073990974760427210875348044796,671,below,False
673,1029.227297443961366731128703604422482394,0.5+1029.227297443961366731128703604422482394i,3.2301621245522920734358189536246658,2.9030386250422376769224706173836507,-12.729100409212578927940099197656393,-18.963656864278881952488916328081669,22.839664596791420529641370022419106,1.09833318846384885345917182957896,1.6700713466351568295978521351195783,1.09833318846384885345917182957896,672,below,False
674,1030.897368790596523560726555739542060675,0.5+1030.897368790596523560726555739542060675i,4.1863074671899094060319147849236365,-1.6942274005957739949691630906823211,-19.173974242830229522080877946131261,14.021475463693697180707984190493496,23.753801010442127846484115645863668,1.6700713466351568295978521351195783,0.9358115068112389804976684868104234,0.9358115068112389804976684868104234,675,above,False
675,1031.833180297407762541224224226352484073,0.5+1031.833180297407762541224224226352484073i,3.5227777336316541543504176936577291,1.3678130286658257818952919582720945,-17.461010586187818339751004351350954,-8.2895535113508000352233387784912951,19.328827903122098983352591203383841,0.9358115068112389804976684868104234,0.97970273775108891942721673196778359,0.9358115068112389804976684868104234,674,below,False
676,1032.812883035158851460651440958320267662,0.5+1032.812883035158851460651440958320267662i,3.1968590758149573689185991712344165,5.1227842271242070941718803220727677,-7.3040639170230412428166065413657198,-31.757977002236502477838819431268412,32.587090280946234872261243368425531,0.97970273775108891942721673196778359,1.8000324943619586055228996912147764,0.97970273775108891942721673196778359,675,below,False
677,1034.612915529520810066174340649535044022,0.5+1034.612915529520810066174340649535044022i,8.423014820487256129873802921768761,-3.9483173053263788630712779805318019,-41.104025076719608324221857413330747,24.175802257814455985058641385927978,47.686583986657515146599745167623052,1.8000324943619586055228996912147764,1.5830018285339301878085872369517556,1.5830018285339301878085872369517556,678,above,False
678,1036.195917358054740253982927886486799584,0.5+1036.195917358054740253982927886486799584i,0.89333511849891134377615384619296386,-3.7527519379865413068344147793687663,3.94940083620752665395077320485102,21.185280418952649243262024815532159,21.550263882252004763249632207526958,1.5830018285339301878085872369517556,0.82879028822700949659433608982486045,0.82879028822700949659433608982486045,679,above,True
679,1037.024707646281749750577263976311660033,0.5+1037.024707646281749750577263976311660033i,2.434042160525823962228970365151456,-0.78328338191448105840970450544437828,-12.551494443889304812678728243831934,3.6183216860302903929124157927974158,13.062628548595461475625607857014636,0.82879028822700949659433608982486045,1.063044594337086686769678359859367,0.82879028822700949659433608982486045,678,below,False
680,1038.087752240618836437346942336171027055,0.5+1038.087752240618836437346942336171027055i,2.6110190622484100550918892270563828,0.30399274271433071548334955873697695,-13.320165903480937497138955595841008,-1.6812630398079177514769821323105444,13.425850628741565883161095608771156,1.063044594337086686769678359859367,0.98964919627785228933265646521749308,0.98964919627785228933265646521749308,681,above,False
681,1039.077401436896688726679598801388520134,0.5+1039.077401436896688726679598801388520134i,2.4834988970135465643847330820312418,2.2228163481668336549024120625876786,-10.494770927076492271556061699258549,-13.803088122219362640439576600027892,17.339707567360045523384286676125503,0.98964919627785228933265646521749308,1.1866365007990721044733272506016662,0.98964919627785228933265646521749308,680,below,False
682,1040.264037937695760831152926051990186371,0.5+1040.264037937695760831152926051990186371i,3.7299657522872184955359836228309696,4.1656577819771161637970855715068835,-15.076380862725671886156299735512439,-24.8487319448144445255015938435251,29.064699193062410241648588662974316,1.1866365007990721044733272506016662,1.3574900768465133235587823822591225,1.1866365007990721044733272506016662,681,below,False
683,1041.621528014542274154711708434249308853,0.5+1041.621528014542274154711708434249308853i,8.1698409148567444305904704272493022,4.6099192843338412993078471287812235,-38.229535447044239072243788204056946,-29.804556803803872487143951878686923,48.474828383068914949514918953708947,1.3574900768465133235587823822591225,2.0024263350792197157383870177316183,1.3574900768465133235587823822591225,682,below,False
684,1043.623954349621493870450095451980927115,0.5+1043.623954349621493870450095451980927115i,0.52100047305226627349113250665138921,-4.7920626606852778712249482329669545,9.6791397799435639696580601170941364,25.841719055653853377498295294336015,27.594930524120357486676234984702039,2.0024263350792197157383870177316183,0.89102147945727424415321792057997859,0.89102147945727424415321792057997859,685,above,True
685,1044.514975829078768114603313372560905704,0.5+1044.514975829078768114603313372560905704i,1.811304493221872955680686669003675,-1.2360070886457001620056842080359395,-7.352022413688393680219422776806124,9.119181148083244317744151510692521,11.7137397266173432777826081887927,0.89102147945727424415321792057997859,0.59206652389914327604708216509491386,0.59206652389914327604708216509491386,686,above,False
686,1045.107042352977911390650395537655819567,0.5+1045.107042352977911390650395537655819567i,1.4440932937675532230452687111944491,2.3990968356370106466120957753589891,0.59591351010677687876575628909369688,-17.072996735825075400131903234728819,17.083393411527507731198024562634918,0.59206652389914327604708216509491386,1.9827751313168728304642549782572927,0.59206652389914327604708216509491386,685,below,True
687,1047.08981748429478422111465051591311229,0.5+1047.08981748429478422111465051591311229i,2.5159890793597778070021560620516868,-3.1727806007648767105886669960237114,-6.8421489215853423476336641363806182,21.012856123659171194162452052032022,22.098758434327304835001301339095576,1.9827751313168728304642549782572927,0.89733000530568691020694599401990333,0.89733000530568691020694599401990333,688,above,False
688,1047.987147489600471131321596509933015625,0.5+1047.987147489600471131321596509933015625i,2.716488980497200151569706984020905,-0.14755494621440495390833970592011887,-13.88977891347084859677235174264346,0.93569066964099406473571907623227223,13.921259831435969548325507190193659,0.89733000530568691020694599401990333,0.96663770508549050173542803360059568,0.89733000530568691020694599401990333,687,below,False
689,1048.953785194685961633057024543533611308,0.5+1048.953785194685961633057024543533611308i,2.5763994054536558272482902128473665,1.8163986216862591734123668403964068,-11.811234441758296179382762188917457,-11.244530247827713252244561624821901,16.307811610773831378987935364018498,0.96663770508549050173542803360059568,1.0424990619072581225731752497582234,0.96663770508549050173542803360059568,688,below,False
690,1049.996284256593219755630199793291834751,0.5+1049.996284256593219755630199793291834751i,2.5377216460071150509500429177230322,4.8394446683495240475965727804679931,-5.3538048935517341967733974892345165,-28.775651654760569828957794392306579,29.269461132626668440767581654029216,1.0424990619072581225731752497582234,1.5802875866119760399479495274505823,1.0424990619072581225731752497582234,689,below,False
691,1051.576571843205195795578149320742417098,0.5+1051.576571843205195795578149320742417098i,9.8258147391819110484266852114308162,1.8321958586681894812296084788312786,-49.869342645745605716125762677652516,-11.743420673654329397872965155477672,51.233380378784232956174739036191729,1.5802875866119760399479495274505823,1.6692133151805618300323714383292305,1.5802875866119760399479495274505823,690,below,False
692,1053.24578515838575762561052075907164756,0.5+1053.24578515838575762561052075907164756i,4.2847907424126533252535350045151653,-5.9670981344590788771555441975758547,-15.547822896105735938239819241160121,35.156095757334899056105562194757594,38.440679828894424011772782509506502,1.6692133151805618300323714383292305,1.535254319895592281188272195023666,1.535254319895592281188272195023666,693,above,False
693,1054.7810394782813499067987929540953136,0.5+1054.7810394782813499067987929540953136i,-0.15426299762747885334166937427845856,-0.91060342410062106869215999151293254,9.0889106426887310801006206983905708,3.259371128868076659499176929467358,9.6556613873146588837943306811235107,1.535254319895592281188272195023666,0.22110699740438630255458947932312574,0.22110699740438630255458947932312574,694,above,True
694,1055.002146475685736209353382433418439335,0.5+1055.002146475685736209353382433418439335i,0.59345223746003975692996721130137568,0.65753821383566950069948603939151103,2.453835808251650853715329156497522,-8.3276887744426084590421989525558558,8.6816882285552886976557119880275904,0.22110699740438630255458947932312574,1.6867008881424936481714082153756138,0.22110699740438630255458947932312574,693,below,True
695,1056.688847363828229857524790648794053094,0.5+1056.688847363828229857524790648794053094i,1.7103183087471707364554460132554676,-0.6114354117520241142584362736757142,-6.5911038198013400613608497011278167,9.2156349134234691156387524619169332,11.330073981263732548904604619477986,1.6867008881424936481714082153756138,0.41119629578955374553629506916139506,0.41119629578955374553629506916139506,696,above,False
696,1057.100043659617783603061085717955448152,0.5+1057.100043659617783603061085717955448152i,-0.36886848236335533544355206575454293,2.1019089796009490303366164625752475,12.696909557938359995807025475949533,-8.8767180573246780938133814721572078,15.492179826986920412715602228389889,0.41119629578955374553629506916139506,2.0337254472793626263602139744474752,0.41119629578955374553629506916139506,695,below,True
697,1059.133769106897146229421299692402923351,0.5+1059.133769106897146229421299692402923351i,6.3189555767400917857851992199512566,-2.1411355806242594237367619003320809,-30.048546630032758239267322422552726,17.916090550217894115724020180350999,34.984302982635797481431345656122876,2.0337254472793626263602139744474752,1.005749454710672867817693716382668,1.005749454710672867817693716382668,698,above,False
698,1060.13951856160781909723899340878559131,0.5+1060.13951856160781909723899340878559131i,5.8242152460981997936553786809882248,1.4021442533180994506496744739430454,-29.016413115885746986520477996989136,-10.728727561175971511613246711934425,30.936351193922067216439459121691855,1.005749454710672867817693716382668,1.3617859034606009658812184235674889,1.005749454710672867817693716382668,697,below,False
699,1061.501304465068420063120211832353080197,0.5+1061.501304465068420063120211832353080197i,6.9412978552069665946320169706154195,-0.79760239893059807427819033925641879,-35.604949621507840544354721311483955,4.0989305521511977549436027026366087,35.840112572667372141389068040059848,1.3617859034606009658812184235674889,1.4140770428121435393331628672489149,1.3617859034606009658812184235674889,698,below,False
700,1062.915381507880563602453374699601995063,0.5+1062.915381507880563602453374699601995063i,4.5145140233519299304906340615831575,-3.0890843913188350584964849858290771,-20.736559884077893479908795665061782,19.396580354160366087303156858369552,28.394229083765391988168778881103056,1.4140770428121435393331628672489149,1.1561695638379768228326557913184023,1.1561695638379768228326557913184023,701,above,False
701,1064.071551071718540425286030490920397315,0.5+1064.071551071718540425286030490920397315i,3.5720185269875392607814581341507187,-1.6161815223640095358371580399228632,-17.513937506325719584870821534751452,10.101223358628834444011711067498384,20.218128506773112195096945253976609,1.1561695638379768228326557913184023,1.0503040345745150532937925931413418,1.0503040345745150532937925931413418,702,above,False
702,1065.121855106293055478579823084061739105,0.5+1065.121855106293055478579823084061739105i,3.7312373657247297339757699939930131,0.079744774966735441765820074910061771,-19.124458694510746510840564609311648,-1.7129369895358162229718436621042299,19.201017511792642279845352890602393,1.0503040345745150532937925931413418,1.3413683629499264651989960474117604,1.0503040345745150532937925931413418,701,below,False
703,1066.463223469242981943778819131473499478,0.5+1066.463223469242981943778819131473499478i,2.9463303625786029092216414029824529,-0.84742323261095155235303819702709415,-14.222940336442716033002655165977142,7.494544285997550521305469350217525,16.07669822658831195756740854293991,1.3413683629499264651989960474117604,0.95563665172157611556635722710670493,0.95563665172157611556635722710670493,704,above,False
704,1067.418860120964558059345176358580204405,0.5+1067.418860120964558059345176358580204405i,2.0015011607262699416772600472237478,0.86537556341775752198705866784534348,-11.081214279617965543599360943257344,-2.585967337768494623584376807280224,11.378951488727534891317933968993098,0.95563665172157611556635722710670493,0.57113995807806740839038795147163605,0.57113995807806740839038795147163605,705,above,False
705,1067.990000079042625467735564310051840459,0.5+1067.990000079042625467735564310051840459i,-1.7174345696419817734927145362639971,3.0533261242089704505738080300483816,22.174151525678275813365356098566862,-8.1694791987359098822569603556717963,23.631195193267710197254256566523501,0.57113995807806740839038795147163605,2.5450419177866373416175354820468286,0.57113995807806740839038795147163605,704,below,True
706,1070.535041996829262809353099792098669066,0.5+1070.535041996829262809353099792098669066i,2.0293056173612850003019756511119427,-7.6649337407060778148884353950450848,4.7502726759091765742216211517699254,43.400829128575272443307279291677216,43.660016714876291619598215044338667,2.5450419177866373416175354820468286,1.083581218260275095374955688461263,1.083581218260275095374955688461263,707,above,True
707,1071.618623215089537904728055480559932035,0.5+1071.618623215089537904728055480559932035i,2.097552947174756418163252559985561,-2.9606521482599538642714680522024451,-7.157165523576762618939661219579047,17.781221835541930687655646565135562,19.167599440113229300921578488507032,1.083581218260275095374955688461263,0.92537479603201744405476351329265205,0.92537479603201744405476351329265205,708,above,False
708,1072.543998011121555348782818993852584081,0.5+1072.543998011121555348782818993852584081i,2.7909095590770974533231048511419805,-0.53901648796855546284876875429753313,-14.408792931896935482709664560417729,2.4403379466588484103645237818469409,14.613985187079745035937028839770793,0.92537479603201744405476351329265205,1.0263551539721700889448896049978881,0.92537479603201744405476351329265205,707,below,False
709,1073.570353165093725437727708598850472204,0.5+1073.570353165093725437727708598850472204i,3.1803641744489119240889451628584267,1.0288522703382906763047843418364059,-15.685889638215654657365329559476851,-7.3415586843494525490654384875870894,17.318938121548564098713683489620278,1.0263551539721700889448896049978881,1.1774178792172731415665070670707686,1.0263551539721700889448896049978881,708,below,False
710,1074.747771044310998579294215665921240853,0.5+1074.747771044310998579294215665921240853i,4.2320427650499904238193934419961125,1.9289861033425118965282630685190949,-20.50386079274300312556526182486263,-12.676868308976657626444818735074803,24.106250175656114178035720318169568,1.1774178792172731415665070670707686,1.5188545498664112857095345713752937,1.1774178792172731415665070670707686,709,below,False
711,1076.266625594177409865003750237296534556,0.5+1076.266625594177409865003750237296534556i,3.3550220061842553873882134395634654,-1.172547824134053085220593445508584,-15.041315653944756420468163219368846,12.368155223658137651371851115981287,19.473377730586588004587458834368095,1.5188545498664112857095345713752937,0.65743047157703702258161140219064451,0.65743047157703702258161140219064451,712,above,False
712,1076.924056065754446887585361639487179067,0.5+1076.924056065754446887585361639487179067i,1.7592370344463749353899502294833513,3.5846958383693972174734506767029183,0.32553522948541993033923246986266771,-23.040548237701051586155647523754111,23.042847833535358373485508442639013,0.65743047157703702258161140219064451,1.7231424152019178067051531808333485,0.65743047157703702258161140219064451,711,below,True
713,1078.647198480956364694290514820320527617,0.5+1078.647198480956364694290514820320527617i,7.2704300451585797737391015057852917,-1.2962893795084523674328676680475439,-36.690655636087922759232866127988179,10.708205079978648938255949129882651,38.221327384601270479768650033050032,1.7231424152019178067051531808333485,1.1627669483027045192811494301327869,1.1627669483027045192811494301327869,714,above,False
714,1079.809965429259069213571664250453314491,0.5+1079.809965429259069213571664250453314491i,6.8044319716194560893133560345890095,-0.18186586010439885194256936237956138,-35.061795042410522834211476432202355,-0.62325390728639279666772525552094964,35.067334045076065237618091953015117,1.1627669483027045192811494301327869,1.3610369142087345714948152314151051,1.1627669483027045192811494301327869,713,below,False
715,1081.171002343467803785066479481868419582,0.5+1081.171002343467803785066479481868419582i,6.3236020411417652403261735447886609,-2.5842551750535318705214767928318487,-32.247736458423898789629672382294996,14.051535174817178146339385430844876,35.176158793436874691344675199981927,1.3610369142087345714948152314151051,1.7817473796018648757255123506836936,1.3610369142087345714948152314151051,714,below,False
716,1082.952749723069668660791991832552113146,0.5+1082.952749723069668660791991832552113146i,-0.30706381976560282287362173845899219,-1.1430011897721964210260996355426849,9.0562878601862437495143485774366233,3.8778167787535056886963711384384914,9.8515893527967835665077877495594933,1.7817473796018648757255123506836936,0.34271679101593810754868802247724295,0.34271679101593810754868802247724295,717,above,True
717,1083.295466514085606768340679855029356093,0.5+1083.295466514085606768340679855029356093i,0.86024073363125752792739984511176103,0.39026045446780879702547637681811052,-2.9286759507124777487376527072957729,-5.319437706870676040781304512218861,6.0723603599884610071648902184907687,0.34271679101593810754868802247724295,0.88779779634460937482316876225797045,0.34271679101593810754868802247724295,716,below,False
718,1084.183264310430216143163848617287326547,0.5+1084.183264310430216143163848617287326547i,0.74767807263684248290637860469760504,2.5099372276819038227730416401762709,2.1486836360012717473645783017683355,-14.715195909897820747193256507950937,14.871241778489555520939640557359803,0.88779779634460937482316876225797045,1.4645668982091245688562179475040304,0.88779779634460937482316876225797045,717,below,True
719,1085.647831208639340712020066564791356926,0.5+1085.647831208639340712020066564791356926i,4.9901976741169965162258494962395053,3.7983062918691003295276234958156379,-24.018001371826506589364866998637611,-21.791725374666334842419603944644799,32.430597970156772366744391339165091,1.4645668982091245688562179475040304,1.264167781185752403545623769867725,1.264167781185752403545623769867725,720,above,False
720,1086.911998989825093115565690334659081961,0.5+1086.911998989825093115565690334659081961i,7.7738401470151949025336693623948558,4.6102910481255666042748309870791794,-36.356888528530356495636880439104741,-30.002503798029056518212155412745271,47.137814731134176667707512800539245,1.264167781185752403545623769867725,1.8437256849837083561314346672544141,1.264167781185752403545623769867725,719,below,False
721,1088.755724674808801471697125001913496065,0.5+1088.755724674808801471697125001913496065i,3.1438830731685906996042071909083865,-5.8052171640029393495206604343391683,-6.5272396123940669672830924694326842,35.167280461526674074496519399043643,35.767897226665170732630832050601626,1.8437256849837083561314346672544141,1.0396132492659734867264442108967897,1.0396132492659734867264442108967897,722,above,False
722,1089.795337924074774958423569212810285732,0.5+1089.795337924074774958423569212810285732i,3.1668876759056909755058699083538354,-2.2259999497352734214872685421971823,-15.038134482492588325670552354312687,13.312107607922387410750153143335817,20.083767019123621935921452847476878,1.0396132492659734867264442108967897,1.0678531021740858265854206882787998,1.0396132492659734867264442108967897,721,below,False
723,1090.863191026248860785008989901089085543,0.5+1090.863191026248860785008989901089085543i,2.9557417220096412116847816336141933,-0.67398422102914127120632935507074402,-14.93225445820986096225295045505313,4.8353717103539431060428268108592627,15.695637699119443085945324311304049,1.0678531021740858265854206882787998,0.86528194068796821439031529373948643,0.86528194068796821439031529373948643,724,above,False
724,1091.72847296693682899939930519482857197,0.5+1091.72847296693682899939930519482857197i,2.9794840452113192213801725939955252,2.4399286401062657711864100515792205,-11.24957805813406749073280905557637,-17.612336424984767810280684515654854,20.898502358611649770187563877512441,0.86528194068796821439031529373948643,1.7124003054318056813962804712719344,0.86528194068796821439031529373948643,723,below,False
725,1093.44087327236863468079558566610050633,0.5+1093.44087327236863468079558566610050633i,3.2656222118833015438845619949544625,-2.1812487490246601536089844985328636,-13.227003751474590062055460859237889,16.674667434038963566389049655133236,21.283753481877261031846259162095964,1.7124003054318056813962804712719344,0.84358425138552515554297352521293798,0.84358425138552515554297352521293798,726,above,False
726,1094.284457523754159836338559191313444311,0.5+1094.284457523754159836338559191313444311i,3.0759156867694414650095914277845272,1.215849662636959978583590828012276,-14.954143111625160757244896222973026,-8.5949372929019599347051206707527557,17.248169273052810476526045121216941,0.84358425138552515554297352521293798,1.1486272349073188533289256786700386,0.84358425138552515554297352521293798,725,below,False
727,1095.433084758661478689667484869983482871,0.5+1095.433084758661478689667484869983482871i,3.6879207680350381988764928382905123,2.2828404353444796957371052420340609,-18.328725437240466972731369409170284,-12.920303212669854978793859860150886,22.424906047987641970909073570226164,1.1486272349073188533289256786700386,0.96883303608104981248197054889092955,0.96883303608104981248197054889092955,728,above,False
728,1096.401917794742528502149455418874412425,0.5+1096.401917794742528502149455418874412425i,2.6972319617136196941404305373259354,6.8476688083914349998538456780902166,0.060949511867349056044754063770497888,-40.855159693276049003958175987678273,40.855205156822854640659555822079017,0.96883303608104981248197054889092955,2.439097671907333285145278083812754,0.96883303608104981248197054889092955,727,below,True
729,1098.841015466649861787294733502687166405,0.5+1098.841015466649861787294733502687166405i,-1.2981794590787992855379041943856931,-3.1707593505354368225310504102740787,20.859899435019842713746603648711321,10.578475312034048065246247996324846,23.388876509282249058535203541065906,2.439097671907333285145278083812754,0.519651711921933807321778299197704,0.519651711921933807321778299197704,730,above,True
730,1099.360667178571795594616511801884870406,0.5+1099.360667178571795594616511801884870406i,2.4380665335398939472860760199561472,-0.39256139858407259884665335367034609,-13.331836397012815560383634723634928,-2.5695891683673557934072973446407685,13.57721069332381284443009708550254,0.519651711921933807321778299197704,1.2137934438907676240079151386442207,0.519651711921933807321778299197704,729,below,False
731,1100.574460622462563218624426940529091111,0.5+1100.574460622462563218624426940529091111i,3.4034668666081762229246020230537023,-0.52402555774213976179666411538648587,-17.594348319114915811720707950405367,2.622375840238051467357965562400201,17.788702814477678766502534506705181,1.2137934438907676240079151386442207,1.2646505462934501863867874097217065,1.2137934438907676240079151386442207,730,below,False
732,1101.839111168756013405011214350250797599,0.5+1101.839111168756013405011214350250797599i,2.3845147894914125373573280822148628,-0.68038381655281121861067690982461654,-11.337505919391670123293806497917415,6.9603381521924337312223449778289896,13.303584015787127054655055365798708,1.2646505462934501863867874097217065,0.71266873116170934177472888627575443,0.71266873116170934177472888627575443,733,above,False
733,1102.551779899917722746785943236526552028,0.5+1102.551779899917722746785943236526552028i,1.4254505041417990803724161403966856,2.3333567825072988146695222169020886,-2.7221331029084645913657168061511183,-14.894592112802773781462433058227613,15.141297263996789455805849637704735,0.71266873116170934177472888627575443,1.1805172746292131008101668631430466,0.71266873116170934177472888627575443,732,below,False
734,1103.732297174546935847596110099669598581,0.5+1103.732297174546935847596110099669598581i,2.9239306068604539075969746478600578,5.9420874999642429668164570252339516,-5.9024309019949505736812266544698062,-35.24416680249591312294665789708285,35.734996630124087961572216427149892,1.1805172746292131008101668631430466,1.8848916562151356697246989340744715,1.1805172746292131008101668631430466,733,below,False
735,1105.61718883076207151732080903374407009,0.5+1105.61718883076207151732080903374407009i,6.4649871826096358612297119871452308,-4.5842745984334327626186623166903788,-28.219880453232358756866565158427626,31.043664596748419966998130043879628,41.95319730831175873100107901914816,1.8848916562151356697246989340744715,1.1571828450707035835966386819781824,1.1571828450707035835966386819781824,736,above,False
736,1106.774371675832775100917447715722252525,0.5+1106.774371675832775100917447715722252525i,4.4912047494642945397104640969080948,-2.2644157472540292764479065234946315,-21.725524835339743847252187056798942,14.685048272924962065381948244516438,26.223063744518877540038879138987186,1.1571828450707035835966386819781824,1.000160279177361832234223090400284,1.000160279177361832234223090400284,737,above,False
737,1107.774531955010136933151670806122536507,0.5+1107.774531955010136933151670806122536507i,4.952267067495388087899562843721854,0.4384012852986664480151246353294952,-25.324519850426517840820457974953577,-5.5405932265886333033795190527191642,25.923531375126471839344287645207275,1.000160279177361832234223090400284,1.3843869017563149546535042573816754,1.000160279177361832234223090400284,736,below,False
738,1109.158918856766451887805175063504211935,0.5+1109.158918856766451887805175063504211935i,4.9449041563212843799756509255468861,-1.80911763202125734685901164728325,-24.92069151924738121406308826409949,11.167998274862550501986779716445512,27.308699186611237292838951065110254,1.3843869017563149546535042573816754,1.2852241368467539154678531469923175,1.2852241368467539154678531469923175,739,above,False
739,1110.444142993613205803273028210496529408,0.5+1110.444142993613205803273028210496529408i,3.1364646774794884743036273919531438,-1.8548096125240610896609097939694652,-14.432713218278149203477894326974616,12.637281378386407955934509078814563,19.183432734460552795736202246173091,1.2852241368467539154678531469923175,0.99936177128669078414534456492676044,0.99936177128669078414534456492676044,740,above,False
740,1111.443504764899896587418372775423289848,0.5+1111.443504764899896587418372775423289848i,2.8717294661733086916113457025757755,0.062184561596156144801574995754967015,-14.86973965564453480017813481713945,0.0012068758100890153884849850696765662,14.869739704621492444032056444659565,0.99936177128669078414534456492676044,0.98949064317654799326954659538919856,0.98949064317654799326954659538919856,741,above,False
741,1112.432995408076444580687919370812488407,0.5+1112.432995408076444580687919370812488407i,2.6332322400957346155749462457377712,1.8109781226491331070724236214950059,-12.651538320197411744197918382313181,-10.798188974487819859650452186392541,16.633168880167538947902402198651995,0.98949064317654799326954659538919856,0.96459970672554893292651419859361784,0.96459970672554893292651419859361784,742,above,False
742,1113.397595114801993513614433569406106249,0.5+1113.397595114801993513614433569406106249i,1.7492249167653784761420804877862183,5.2163155927408953119912406100085321,0.90883354114374442410052320970171959,-30.348066084934133822492152782360631,30.361671454335930271710787221085409,0.96459970672554893292651419859361784,1.6677643467646121629157992402586834,0.96459970672554893292651419859361784,741,below,True
743,1115.065359461566605676530232809664789693,0.5+1115.065359461566605676530232809664789693i,10.905077996750836886144190623675153,0.77510650249105551108459491022239868,-56.388422289774958746506456558778995,-5.2339042584416540347761469461566176,56.630803650632780703623928449105765,1.6677643467646121629157992402586834,1.7218944196479185141028071034855664,1.6677643467646121629157992402586834,742,below,False
744,1116.787253881214524190633039913150356068,0.5+1116.787253881214524190633039913150356068i,1.9938891715203932522677154829492464,-5.9367824486571427276800822370989775,-0.56109704215860944077178603444664126,34.035105810502247715159550723709351,34.039730572124142544181691134388314,1.7218944196479185141028071034855664,1.1786657879851467548445424626830642,1.1786657879851467548445424626830642,745,above,False
745,1117.965919669199670945477582375833420299,0.5+1117.965919669199670945477582375833420299i,0.93748939694139288327975841634672749,-2.1431424596863395911877350486135599,0.0085211230297392254453513113781676464,13.233030490245383374080822159580427,13.233033233741297431932802257771335,1.1786657879851467548445424626830642,0.7182151918187199584005401677444767,0.7182151918187199584005401677444767,746,above,True
746,1118.684134861018390903878122543577896998,0.5+1118.684134861018390903878122543577896998i,1.7380753631519052332629032279931146,0.21374259640156745174797476956960876,-8.901368104784242588237580632497868,-1.9646360607605290373921598225620208,9.1155992116871213329099034177386221,0.7182151918187199584005401677444767,0.78911256516059199798332471686179525,0.7182151918187199584005401677444767,745,below,False
747,1119.473247426178982901861447260439692249,0.5+1119.473247426178982901861447260439692249i,1.0314329868257891085178051510869962,2.8117916744823498589276783953927448,1.8487704302032940479074902418258587,-17.211860348617347467368434444969066,17.310866204898591117821503223084944,0.78911256516059199798332471686179525,1.6826902496315870035119234730742533,0.78911256516059199798332471686179525,746,below,True
748,1121.155937675810569905373370733513945588,0.5+1121.155937675810569905373370733513945588i,6.0074560602677150377431117618526111,-0.0017819927986207894222948348311973877,-31.143371180264467107270715333618904,2.4140241403440015735790854273967803,31.236790504497913009962697417457142,1.6826902496315870035119234730742533,1.3026836810699423487594836903021138,1.3026836810699423487594836903021138,749,above,False
749,1122.458621356880512254132854423816059421,0.5+1122.458621356880512254132854423816059421i,3.643906777092137453590370297126778,-0.87549590762203859643297298381891682,-17.429196410962692503814834185944951,10.641096214415683831424529930884666,20.420818205360102530583247362527598,1.3026836810699423487594836903021138,0.64249603092868791253160110988707788,0.64249603092868791253160110988707788,750,above,False
750,1123.101117387809200166664455533703137305,0.5+1123.101117387809200166664455533703137305i,1.4927829227741761759670415216789758,4.3455742108855640395013318887465349,5.2678782920592302539440498046051594,-27.004991615785329891011109721706271,27.513998507461339819718305172272983,0.64249603092868791253160110988707788,2.2136120100372699131345212687575902,0.64249603092868791253160110988707788,749,below,True
751,1125.314729397846470079798976802460727505,0.5+1125.314729397846470079798976802460727505i,0.73935083064791545457743217410353231,-3.4461231534408717270517391873464587,11.038787298677225187302015091819453,21.069542159859639110482365827415461,23.786139490290147052709701179565704,2.2136120100372699131345212687575902,0.44871303140608938664499520666171442,0.44871303140608938664499520666171442,752,above,True
752,1125.763442429252559466443972009122441925,0.5+1125.763442429252559466443972009122441925i,2.6620754678909717449324107837396872,1.8930350336520288675127842947036483,-6.9368061342292926227728776580777727,-19.489582316246942041332371795322395,20.687268988574752450637578947953435,0.44871303140608938664499520666171442,1.8945810979631597643313019899067493,0.44871303140608938664499520666171442,751,below,False
753,1127.658023527215719230775273999029191222,0.5+1127.658023527215719230775273999029191222i,1.51322552303004651664986849281234,-3.4357418833742372357775024835005353,0.088380672763775953721672359456118988,21.329541587916069582251050426819858,21.32972469334659145124054064291475,1.8945810979631597643313019899067493,0.77220108667699214133075452157079158,0.77220108667699214133075452157079158,754,above,True
754,1128.430224613892711372106028520599982797,0.5+1128.430224613892711372106028520599982797i,2.8315651688165947638707267170622862,-0.051918162278772335406026918179821878,-14.738255144111400648678145921014596,-1.9357265117331873001642276316548737,14.864831039105452826341503477935453,0.77220108667699214133075452157079158,1.2987721631728508029831270378350168,0.77220108667699214133075452157079158,753,below,False
755,1129.728996777065562175089155558434999647,0.5+1129.728996777065562175089155558434999647i,2.2129627921744449563182160268057609,-0.5600824986404695874481058526389686,-10.555603411857847127382431457088694,6.5973630975027497140178725086192747,12.447729239853994320950303007396474,1.2987721631728508029831270378350168,0.66260111916610865692175214907450469,0.66260111916610865692175214907450469,756,above,False
756,1130.391597896231670832010907707509504337,0.5+1130.391597896231670832010907707509504337i,0.9745280494982922017912826947368711,2.3227509064640669284665381222589086,0.15334055376233139893304847708383379,-14.24812307808692948681585315614833,14.248948191840038288513335793873014,0.66260111916610865692175214907450469,1.1034876656853723902759846462639261,0.66260111916610865692175214907450469,755,below,True
757,1131.495085561917043222286892353773430416,0.5+1131.495085561917043222286892353773430416i,0.84736268097522410985751286816190761,6.9788895184945920365470201045894686,10.217366706969655963762227958460843,-38.019187809403369786509838656591555,39.368175270278628388641213596214735,1.1034876656853723902759846462639261,2.2135401075391926291233828918310398,1.1034876656853723902759846462639261,756,below,True
758,1133.708625669456235851410275245604470169,0.5+1133.708625669456235851410275245604470169i,3.3071260925684051238866086630911883,-7.5396953931196105710669659834710451,-4.1354246056518208271659091669555252,44.894017682652137434345603529237846,45.084083226337355677300673531328867,2.2135401075391926291233828918310398,1.1770289220769605792139230960273788,1.1770289220769605792139230960273788,759,above,False
759,1134.885654591533196430624198341631848996,0.5+1134.885654591533196430624198341631848996i,1.5047040848272433236918389970249779,-2.773476166426524362757831103542881,-1.8666082017627204959803857353387531,17.641524492270786391821050461890145,17.740000354855630178570887539486293,1.1770289220769605792139230960273788,0.67655938394434952589784805570462542,0.67655938394434952589784805570462542,760,above,False
760,1135.562213975477545956522046397336474418,0.5+1135.562213975477545956522046397336474418i,2.8172490121756196999388181658372515,0.90228180656482379478080558301701296,-13.032016342709687701392842604014086,-9.7138032437917179122694489409687392,16.253966390261513196290246909824684,0.67655938394434952589784805570462542,1.367079505491983828947620907739547,0.67655938394434952589784805570462542,759,below,False
761,1136.929293480969529785469667305076021451,0.5+1136.929293480969529785469667305076021451i,4.2871947939408239819352676132655317,-0.43548364023085382441872238575479442,-22.20680856878191034487379558078288,3.0407445113402233784845434293092499,22.414024047318486161607393258223149,1.367079505491983828947620907739547,1.2222962988360109437638645934773858,1.2222962988360109437638645934773858,762,above,False
762,1138.151589779805540729233531898553407253,0.5+1138.151589779805540729233531898553407253i,3.4195459841291057225713892472697423,-0.47088117784140325880087334502078598,-17.407268122705450267022163563869166,5.1491450946186454248785783970541136,18.152869709806011542714463107959894,1.2222962988360109437638645934773858,0.84075204068809516462646011802556801,0.84075204068809516462646011802556801,763,above,False
763,1138.99234182049363589385999201657897526,0.5+1138.99234182049363589385999201657897526i,2.8218217791462876708428172773201893,3.0177718119116910982545353958175438,-9.5162177439070558401513742586686317,-20.514923128714408296782352398388346,22.614607472306762609262376757680944,0.84075204068809516462646011802556801,1.7295063514097238587953378426845088,0.84075204068809516462646011802556801,762,below,False
764,1140.721848171903359752655329859263484023,0.5+1140.721848171903359752655329859263484023i,2.9294270577008082272655910862174929,-1.743498202988865989563688346303341,-10.309036750456057373762303751713173,17.349733568868758876465686017276031,20.181414559762283116699024071464961,1.7295063514097238587953378426845088,0.53917479223339857732695171002523049,0.53917479223339857732695171002523049,765,above,False
765,1141.261022964136758329982281569288714517,0.5+1141.261022964136758329982281569288714517i,1.3081219279205424011118149298506903,3.3887594775661448135022835214053802,4.3717516906039014497670976521264125,-21.942742279290740680732602672884732,22.374006158479341045310487764480352,0.53917479223339857732695171002523049,1.5976366437197227885165182722841969,0.53917479223339857732695171002523049,764,below,True
766,1142.858659607856481118498799841572911396,0.5+1142.858659607856481118498799841572911396i,9.9131738311014006786360132051125003,1.885666301021449951958276447778192,-50.831054800448475303006235496332337,-13.761370838071433388806952428879835,52.660910165597393046720971903074601,1.5976366437197227885165182722841969,1.9236399107688607585664910186817089,1.5976366437197227885165182722841969,765,below,False
767,1144.782299518625341877065290860254620334,0.5+1144.782299518625341877065290860254620334i,-0.41013137622567935729284280370714492,-3.8844956546700247075297781664291684,14.3729083724286801424356245297732,18.927037467850474922294987738962549,23.765799847504526367160503105876431,1.9236399107688607585664910186817089,0.70302799849176493095199065023011556,0.70302799849176493095199065023011556,768,above,True
768,1145.485327517117106808017281510484735898,0.5+1145.485327517117106808017281510484735898i,2.3460862875712057018175505348345065,-0.8942508655584899151012084622814588,-12.678676481768897051126297473022517,3.433592111505526645137045336179097,13.13538701818689155752395916325063,0.70302799849176493095199065023011556,1.0914874077498465980344629711659698,0.70302799849176493095199065023011556,767,below,False
769,1146.576814924866953406051744481650705704,0.5+1146.576814924866953406051744481650705704i,2.5464170592402414890486525690461332,-0.16272133212008975399088723012854385,-13.215574893475815903725695119885641,1.5162332641043723481411549494514738,13.302269846768442481600835549908512,1.0914874077498465980344629711659698,0.92496159845236268524809025063490926,0.92496159845236268524809025063490926,770,above,False
770,1147.501776523319316091299834732285614968,0.5+1147.501776523319316091299834732285614968i,2.3461916550016964820743809184146039,1.8572952089808814257543834075676604,-10.377327160537622284712049222360059,-11.996630292922343351355497086984499,15.862158030416096567406538825259107,0.92496159845236268524809025063490926,1.1135006855147029124673983120052818,0.92496159845236268524809025063490926,769,below,False
771,1148.615277208834019003767233044290896766,0.5+1148.615277208834019003767233044290896766i,3.1121017950138083748276977027931132,4.0171851550473927031842819794015991,-11.634048777054227781799568011405252,-24.467590576841483481928643379116258,27.092694210484477607572709041577688,1.1135006855147029124673983120052818,1.3673238192730786616815836187743185,1.1135006855147029124673983120052818,770,below,False
772,1149.982601028107097665448816663065215246,0.5+1149.982601028107097665448816663065215246i,7.5237236392663186387190532379316091,4.0329234793017074368721151806259886,-36.876795348192492837293902095848791,-25.336257746082519703144581355818011,44.741747750042107183773540778604944,1.3673238192730786616815836187743185,1.5802136955661204839398799185261159,1.3673238192730786616815836187743185,771,below,False
773,1151.562814723673218149388696581591331146,0.5+1151.562814723673218149388696581591331146i,7.4601440548323113676178768204916434,-3.9128720734228669574089294563828885,-36.469945940642664613475859785009812,24.97497356607335039715006348656579,44.201880746631822202801425533750565,1.5802136955661204839398799185261159,1.380313806916577802249962915120328,1.380313806916577802249962915120328,774,above,False
774,1152.943128530589795951638659496711659148,0.5+1152.943128530589795951638659496711659148i,2.6564599377782113125410569082693176,-3.6242494380644077663465146055740454,-8.3072879301191645418605634607477294,22.949991883179907403910212664461031,24.40723581628872585323960405875475,1.380313806916577802249962915120328,0.9471751856814720749443232117350529,0.9471751856814720749443232117350529,775,above,False
775,1153.89030371627126802658298270844671205,0.5+1153.89030371627126802658298270844671205i,2.8738305371655142611940326222725578,-0.780889176076719717290259583506662,-14.623333650544967091011589204415738,5.3882815824567084534659603355397488,15.584462309204092778881556088244854,0.9471751856814720749443232117350529,0.80721581911111488658822994629791996,0.80721581911111488658822994629791996,776,above,False
776,1154.697519535382382913171212654744632009,0.5+1154.697519535382382913171212654744632009i,2.8595056782299971238058163355765419,2.7845493396332039212941392248304416,-9.130163690504893923079587120224454,-20.451888837029861558386317673754092,22.397313366063363795909545108181438,0.80721581911111488658822994629791996,1.924048298490160497407902767899703,0.80721581911111488658822994629791996,775,below,False
777,1156.621567833872543410579115422644335047,0.5+1156.621567833872543410579115422644335047i,1.4798329010772367946621350122861822,-2.9278484915595978643455927837601721,-0.15527522916268142848837205203771306,19.092247771157435217591860659794396,19.092879179213845746387019616396023,1.924048298490160497407902767899703,0.81074674173836292228613678567356866,0.81074674173836292228613678567356866,778,above,False
778,1157.43231457561090633286525220831790371,0.5+1157.43231457561090633286525220831790371i,1.7065580427809267225902893573689676,-0.12915484643351016363501641446719446,-8.7464459870851864209711682613982278,2.7230747321453829390654184174910886,9.1605378336562318937023902342933736,0.81074674173836292228613678567356866,0.56929445168405981222143490481205914,0.56929445168405981222143490481205914,779,above,False
779,1158.00160902729496614508668711312996285,0.5+1158.00160902729496614508668711312996285i,-0.024975233242910183515862324018348533,2.3909130480010550211343344136324534,8.9655467327765255387865416730669223,-12.380082484119655270762357083581891,15.2855314114755632965910449381317,0.56929445168405981222143490481205914,1.4790479917273311643181478340358458,0.56929445168405981222143490481205914,778,below,True
780,1159.480657019022297309404834947165808658,0.5+1159.480657019022297309404834947165808658i,5.9973504236573120483656206734779268,7.0311424826038318171695623938482163,-23.742715834761343465096444983753029,-43.127848340058810540118650930153686,49.231370666002592399875393741274868,1.4790479917273311643181478340358458,1.9159876153557941890840555746111275,1.4790479917273311643181478340358458,779,below,False
781,1161.396644634378091498488890521776936154,0.5+1161.396644634378091498488890521776936154i,4.414808317731126089181890796438871,-6.7751694729397505263745132126666634,-12.891917658085455442511678510237452,41.977678079098653753371621226455927,43.912720227916821860683582406564821,1.9159876153557941890840555746111275,1.0908839676273363055287964906954643,1.0908839676273363055287964906954643,782,above,False
782,1162.487528602005427804017687012472400422,0.5+1162.487528602005427804017687012472400422i,3.7351417007958377277763494263229174,-3.1389514809987134955812105849017337,-17.917301213245073646722476947340789,18.268924623249638484622784369520326,25.588733646980859015693109377814153,1.0908839676273363055287964906954643,1.213503080773187783624509497260151,1.0908839676273363055287964906954643,781,below,False
783,1163.701031682778615587642196509732551426,0.5+1163.701031682778615587642196509732551426i,2.3510273296408722813943043265278169,-2.083398553325033804300398895058796,-10.042828203483757017114676183144471,13.398303198937059576692322981408184,16.744340146310210163058618774636344,1.213503080773187783624509497260151,1.0365546684489943469780211258093592,1.0365546684489943469780211258093592,784,above,False
784,1164.737586351227609934620217635541910635,0.5+1164.737586351227609934620217635541910635i,1.6596332518220677336482820980166508,-0.49513557658087545263774472551159897,-7.7064798864794861188132624053723612,5.8060838270213359785717896382708414,9.6488570124710416990552601044375669,1.0365546684489943469780211258093592,0.53364135523008367091337029887831987,0.53364135523008367091337029887831987,785,above,False
785,1165.271227706457693605533587934420230504,0.5+1165.271227706457693605533587934420230504i,0.24826219748888377411330427160666848,2.1947885111487444675740883441781398,7.120388435304361106842300961916208,-12.415098025873361048283540512640877,14.312043545967176608973950330588392,0.53364135523008367091337029887831987,1.6723857030710190715723662191198535,0.53364135523008367091337029887831987,784,below,True
786,1166.943613409528712677105954153540083959,0.5+1166.943613409528712677105954153540083959i,6.1977434627777900370336117803816173,1.4633173699263167776268948420833615,-32.675048046186446738793006785383713,-6.3894433186014845465105282591737863,33.293899602512978719431958813389789,1.6723857030710190715723662191198535,1.1426582006100816208319739691849033,1.1426582006100816208319739691849033,787,above,False
787,1168.086271610138794297937928122724987289,0.5+1168.086271610138794297937928122724987289i,6.6733787001294849358219560977143048,2.730624129031487715960691131001382,-33.102565533611405174812527994705716,-18.587710449544789432848419685727899,37.964230858311278210992782868835298,1.1426582006100816208319739691849033,1.6120852747461118885305852731613705,1.1426582006100816208319739691849033,786,below,False
788,1169.698356884884906186468513395886357769,0.5+1169.698356884884906186468513395886357769i,4.1158027239749949721944172226449149,-3.344229787731843611279600217826613,-15.587964829735684461843932833579723,24.769543563942734120714891145959281,29.266276426958274204304983944836659,1.6120852747461118885305852731613705,0.76528169339875985474751676207637405,0.76528169339875985474751676207637405,789,above,False
789,1170.463638578283666041216030157962731819,0.5+1170.463638578283666041216030157962731819i,4.6592551190372839888904211619953329,2.3038430848544237898950873140521264,-20.511338934786534218291881028368775,-19.81663644262471385197933046014873,28.52041557896469134407675513509488,0.76528169339875985474751676207637405,1.6570432874119338051847101705375437,0.76528169339875985474751676207637405,788,below,False
790,1172.120681865695599846400740328500275508,0.5+1172.120681865695599846400740328500275508i,4.404062542271205712971500047367444,-3.9467964682240286068355135776940501,-19.03148474144264856479532591637313,25.095559280871601126369397929546789,31.495785544791625497947296715236661,1.6570432874119338051847101705375437,1.1850058983527588806414215333791439,1.1850058983527588806414215333791439,791,above,False
791,1173.305687764048358727042161861879419446,0.5+1173.305687764048358727042161861879419446i,2.6286767721375575174008867186606232,-2.1581585981475643645804115983023169,-11.30377450390993458620809648644777,14.262665845989169202736618010424358,18.198872357088233377303515779075943,1.1850058983527588806414215333791439,0.92707909240794392502219977910302568,0.92707909240794392502219977910302568,792,above,False
792,1174.232766856456302652064361640982445125,0.5+1174.232766856456302652064361640982445125i,2.7625914020137611546677209981444786,0.082395404785536481966642494937276354,-14.437672917932685502642815067524633,-0.83473489581457051687043819348972496,14.461783487229279744968918235420501,0.92707909240794392502219977910302568,0.98268553949447259496657131184926223,0.92707909240794392502219977910302568,791,below,False
793,1175.21545239595077524703093295283170735,0.5+1175.21545239595077524703093295283170735i,2.9052138958268002207402965031879423,1.9928512209847964119673370686729479,-13.210748083889987000738072847022044,-13.322504816237907091718547397147738,18.762009474325643075834406407911547,0.98268553949447259496657131184926223,1.4174234138376833859628959416705041,0.98268553949447259496657131184926223,792,below,False
794,1176.632875809788458632993828894502211477,0.5+1176.632875809788458632993828894502211477i,2.8758759629801712716271906216135349,0.1004075169500619118868066226407307,-15.301686669764400649337355996450873,6.7372298526258708330672708300327309,16.719206949695872678262353484843194,1.4174234138376833859628959416705041,0.47342861186768831600629036442582434,0.47342861186768831600629036442582434,795,above,False
795,1177.10630442165614694900011925892803582,0.5+1177.10630442165614694900011925892803582i,-1.3443663484505966062500932425204229,3.4968290537440386563234163839721698,23.78307393650682000146323230562232,-11.859834521225328548777210629458171,26.576122379688840251231710598830309,0.47342861186768831600629036442582434,2.5949190802777510835838579447709053,0.47342861186768831600629036442582434,794,below,True
796,1179.701223501933898032583977203698941155,0.5+1179.701223501933898032583977203698941155i,-0.87023033489304349788800287890104994,-6.142551449602542315368335568951492,21.296575291094803198162047775055091,29.785403086929487318466771600392604,36.615766497236382909708072459029368,2.5949190802777510835838579447709053,0.9523202851504872982899926365038433,0.9523202851504872982899926365038433,797,above,True
797,1180.653543787084385330873969840202784459,0.5+1180.653543787084385330873969840202784459i,1.1051382138931612363196981063575168,-1.9854988888380699787122494687580993,-1.580389708572725221151274274678801,12.737075811013002060707702647188605,12.834747050349496760869607346644804,0.9523202851504872982899926365038433,0.6137743645956336282590058539075418,0.6137743645956336282590058539075418,798,above,False
798,1181.267318151680018959132975694110326261,0.5+1181.267318151680018959132975694110326261i,2.0540066306776153942998949397384679,1.0479474929483446859564408800357021,-8.3677517819936295477501190437548923,-10.168057802610215630541987474005637,13.168472552360810901433530780742489,0.6137743645956336282590058539075418,1.3149521952403714809081435817457262,0.6137743645956336282590058539075418,797,below,False
799,1182.582270346920390440041119275856052505,0.5+1182.582270346920390440041119275856052505i,4.0198077510255160461403089200131614,0.69063690735318147489385334481462104,-20.983017944910863130382680419444179,-4.0307551703891582490507439685517432,21.366656952365529896306493595807387,1.3149521952403714809081435817457262,1.1305049490539249098492791203258987,1.1305049490539249098492791203258987,800,above,False
800,1183.712775295974315349890398396181951227,0.5+1183.712775295974315349890398396181951227i,4.5334956430453772471284656291615452,1.6595604883013884137747751525854546,-22.844097385357591080949029648855032,-11.165276212272219105606116357144097,25.426682407424555731207855560906039,1.1305049490539249098492791203258987,1.4430675514914769331297425079489243,1.1305049490539249098492791203258987,799,below,False
801,1185.155842847465792283020140904130875483,0.5+1185.155842847465792283020140904130875483i,3.6762411134341939886051940568132515,-1.0878781083262949132843905514921966,-17.552638923198678207123191168495048,11.478621351927459722447743133958023,20.972693706558398044392700700546517,1.4430675514914769331297425079489243,0.71951584789082772959894846469708837,0.71951584789082772959894846469708837,802,above,False
802,1185.875358695356620012619089368827963855,0.5+1185.875358695356620012619089368827963855i,2.3906926807867796902870396287711725,3.4790202975935236945077257429631477,-5.1638688015913455241197208253022008,-23.291818012849872808393268211668234,23.857374695128679156396335257696933,0.71951584789082772959894846469708837,1.4698027979106899429274943683502087,0.71951584789082772959894846469708837,801,below,False
803,1187.345161493267309955546583737178172509,0.5+1187.345161493267309955546583737178172509i,8.1130271080659748016525080254822801,2.1471266116387687530008953086316779,-41.857249295980487115480520219610026,-13.778362359988234361914054746179699,44.066683423523031584323249915074016,1.4698027979106899429274943683502087,1.5112828049619968332595681982407274,1.4698027979106899429274943683502087,802,below,False
804,1188.856444298229306788806151935418899951,0.5+1188.856444298229306788806151935418899951i,6.060102723027456861883142463579574,-3.8072872321226044767360392242413171,-28.535892097984834212515434008325217,25.112589294615787656023928737187703,38.012356923872594386749073806486751,1.5112828049619968332595681982407274,1.1071921996891365549424851729512672,1.1071921996891365549424851729512672,805,above,False
805,1189.963636497918443343748637108370167148,0.5+1189.963636497918443343748637108370167148i,5.5692115132806314787750887727885822,-1.8581562622304190120788996480648203,-29.403443379975855612326949500284627,9.1455457225416346766100449462840796,30.792912969749152311386019968223688,1.1071921996891365549424851729512672,1.5189694284950275213847410174700469,1.1071921996891365549424851729512672,804,below,False
806,1191.482605926413470865133378125840214094,0.5+1191.482605926413470865133378125840214094i,1.1515691455389813779661692301751708,-2.6693394848286884047176591137393833,0.41898395927288044577285600234933866,16.787364192450206861943305005175091,16.792591940736467639971170804640097,1.5189694284950275213847410174700469,0.7360055516880742127588274462376172,0.7360055516880742127588274462376172,807,above,True
807,1192.218611478101545077892205572077831293,0.5+1192.218611478101545077892205572077831293i,2.1386288946678701164812064398135258,0.10222725241125977759416137275030802,-11.151459144967723438233615418593385,-1.9407169762309268385414837054654702,11.319073435741778124495808513245085,0.7360055516880742127588274462376172,1.1054099493535351974974559173029115,0.7360055516880742127588274462376172,806,below,False
808,1193.324021427455080275389661489380742838,0.5+1193.324021427455080275389661489380742838i,1.8618003159723028198224275803986223,0.55513750419691885520118105202286492,-10.552440556224308148536056804711201,-0.28230539080175109633074718005441002,10.556216084673679857736547467744557,1.1054099493535351974974559173029115,0.53340570798191169055150469531315849,0.53340570798191169055150469531315849,809,above,False
809,1193.857427135436991965941166184693901333,0.5+1193.857427135436991965941166184693901333i,-1.2879255706800712932843956148389844,2.5915132920833577294454519462226353,18.379822892029074137441438489500068,-7.8219703552222710299729986557053131,19.975012134672960430775080718733303,0.53340570798191169055150469531315849,2.1772446132340702661703736870896116,0.53340570798191169055150469531315849,808,below,True
810,1196.034671748671062232111539871783512946,0.5+1196.034671748671062232111539871783512946i,7.5174479055699255049375141446178325,-4.5005715589875030845537234576202524,-33.900738318495419310795198540784404,32.905902672280827650324369051602454,47.244666251511631820346528796042294,2.1772446132340702661703736870896116,1.0371149101509045723679267812842117,1.0371149101509045723679267812842117,811,above,False
811,1197.071786658821966804479466653067724637,0.5+1197.071786658821966804479466653067724637i,7.0680544062718569671975455605884347,-0.85178760401804730422751039083821783,-37.427784632709478782724574907797214,1.7979300810614111567172453557285513,37.470943610868265750864459628400002,1.0371149101509045723679267812842117,1.6147824458085996720075451408604314,1.0371149101509045723679267812842117,810,below,False
812,1198.686569104630566476487011793928156012,0.5+1198.686569104630566476487011793928156012i,1.2217666515878550987164774814252599,-3.3130272057995963293937464692220825,2.4422276776555142773371449794731598,20.663620373728754344738062752847314,20.807442970703649436212101647017614,1.6147824458085996720075451408604314,0.66994460326340165539409913818964385,0.66994460326340165539409913818964385,813,above,True
813,1199.356513707893968131881110932117799865,0.5+1199.356513707893968131881110932117799865i,2.8324499899664371585380952210100816,0.4717338161556791218955898407768416,-14.22295872775337502052574407957814,-6.3929076436832450045690465593708687,15.593646883011028477234923517710176,0.66994460326340165539409913818964385,1.176178323325946178457148096062013,0.66994460326340165539409913818964385,812,below,False
814,1200.532692031219914310338259028179812825,0.5+1200.532692031219914310338259028179812825i,4.2107631230074869491118990822134976,0.93228186061743130905744916515684589,-21.678683896901351380475723348642686,-6.8795322388340718279038592589496471,22.744082732150956076999345726251421,1.176178323325946178457148096062013,1.2776428253861354761221995054035744,1.176178323325946178457148096062013,813,below,False
815,1201.810334856606049786460458533583387249,0.5+1201.810334856606049786460458533583387249i,4.8278062705017480782308631689816557,0.01757924766373887555150983352040063,-25.364818547747406938199788871793994,0.16522198665358608304760711758058701,25.365356655584889128545605401839158,1.2776428253861354761221995054035744,1.3270160048194296663730315806833578,1.2776428253861354761221995054035744,814,below,False
816,1203.137350861425479452833490114266745086,0.5+1203.137350861425479452833490114266745086i,3.0283537297152328552337939769822912,-1.074679834220351796169628140554262,-14.165047189158229792264309594515139,10.574017251020101673679738359079432,17.67649294107714610264912295062309,1.3270160048194296663730315806833578,0.71789673267152257416909869470363648,0.71789673267152257416909869470363648,817,above,False
817,1203.855247594097002027002588808970381562,0.5+1203.855247594097002027002588808970381562i,2.025375755684101044379095573824027,2.6284716352610109393349111719428789,-5.9723119069092389491307437995275724,-17.413605083805393155633626180741537,18.409295248002920321531108892994648,0.71789673267152257416909869470363648,1.1302445773694086885839705508404101,0.71789673267152257416909869470363648,816,below,False
818,1204.98549217146641071558655935981079169,0.5+1204.98549217146641071558655935981079169i,3.5320087687414699304835773971530803,6.6999539835545626579762609396381757,-7.5041868669150229053561374919846245,-41.048435430769133620015637301244892,41.728729573851186873744436594009235,1.1302445773694086885839705508404101,1.8850076223866575765513864680398164,1.1302445773694086885839705508404101,817,below,False
819,1206.870499793853068292137945827850608091,0.5+1206.870499793853068292137945827850608091i,7.5516578991463876116231802886515401,-6.7258074199516792284579638324530427,-34.128362261439041872306667525648269,41.626108623711238660977839087762658,53.82822707280097427879110035321588,1.8850076223866575765513864680398164,1.6009601556779631708612066433840479,1.6009601556779631708612066433840479,820,above,False
820,1208.471459949531031462999152471234656026,0.5+1208.471459949531031462999152471234656026i,-0.50555037385747817166553942447693052,-2.212786964607845633623577886459924,12.115556747205066387732036568746621,9.4770037674489237262186440040516486,15.381817698275691854648279484430822,1.6009601556779631708612066433840479,0.51802421840799421365339221955380807,0.51802421840799421365339221955380807,821,above,True
821,1208.989484167939025676652544690788464096,0.5+1208.989484167939025676652544690788464096i,1.6316294544893591282673598097118874,-0.026234286823692724234030400190358144,-8.6244470546564447576320781847469218,-2.5131141369530097973631666585926024,8.9831414140001879585509510772300767,0.51802421840799421365339221955380807,0.90854591960693007672593404630046449,0.51802421840799421365339221955380807,820,below,False
822,1209.898030087545955753378478737088928585,0.5+1209.898030087545955753378478737088928585i,2.1852337753854039078729050240204666,1.9794317300500033682503447259172359,-8.1117415960918356967766868055627445,-14.147906953171775797669362459035273,16.308391179922463532436591468922724,0.90854591960693007672593404630046449,1.5180858052521673071005044644344326,0.90854591960693007672593404630046449,821,below,False
823,1211.41611589279812306047898320152336116,0.5+1211.41611589279812306047898320152336116i,3.3740876497811821007707958161354322,-0.39227467663039541823681910905280369,-17.163210651771983959189434926370037,7.1398334541568066786295959455258468,18.589056501882929283564716547163939,1.5180858052521673071005044644344326,0.69703717352166956391529682309044299,0.69703717352166956391529682309044299,824,above,False
824,1212.113153066319792624394280024613804152,0.5+1212.113153066319792624394280024613804152i,1.4672585245828835926467538935139695,3.6860064307785651231795422352836159,1.152510601878871258925053053813239,-22.928897600664838211844159853105074,22.957844538832842541898024018143702,0.69703717352166956391529682309044299,1.485219614048425860740772910640442,0.69703717352166956391529682309044299,823,below,True
825,1213.598372680368218485135052935254246107,0.5+1213.598372680368218485135052935254246107i,8.4883426274477308227909391025043047,3.8448126627158579781019419276788892,-42.581167389223383000046993369230509,-24.866571718783208704843536884192837,49.310264704972430289072872282738294,1.485219614048425860740772910640442,1.7916023846774157846787172722191052,1.485219614048425860740772910640442,824,below,False
826,1215.389975065045634269813770207473351293,0.5+1215.389975065045634269813770207473351293i,2.1569900535743205832069172487058685,-4.804097970617894968677486902658702,-0.12616943976112140633877641142069842,30.335573121067917205548059975200304,30.335835497167173466944904843941597,1.7916023846774157846787172722191052,0.79374696842178245395899503506329258,0.79374696842178245395899503506329258,827,above,False
827,1216.183722033467416723772765242536643872,0.5+1216.183722033467416723772765242536643872i,3.6928406751616271127464436865787248,-0.3587227081075100440154942030613334,-19.599979245735954763221694241582011,0.2935427204365039721288055357760606,19.602177270956444182288648390778774,0.79374696842178245395899503506329258,0.99076046427150231599914905157256941,0.79374696842178245395899503506329258,826,below,False
828,1217.17448249773891903977191429410921328,0.5+1217.17448249773891903977191429410921328i,4.8152880524578017824754529027405831,2.2439414875010169624911293291175813,-22.378332599990564660624689261313118,-18.214356522368480395354369784954279,28.853986786573318675031329520385674,0.99076046427150231599914905157256941,1.8755456796672444695049162789533193,0.99076046427150231599914905157256941,827,below,False
829,1219.050028177406163509276830573062532541,0.5+1219.050028177406163509276830573062532541i,0.57072001077673718295133176500603658,-2.6901419784382276000447527054680962,6.586424183872894821095525368681998,16.206700490740543252719838927525073,17.493945361938098099151539646673134,1.8755456796672444695049162789533193,0.56444313345232080094488891828035326,0.56444313345232080094488891828035326,830,above,True
830,1219.614471310858484310221719491342885798,0.5+1219.614471310858484310221719491342885798i,2.0921828780777822662625131198153218,0.63130046885069147187073710961561179,-9.8356886463545703883835340549780068,-7.2590894187180713082119435101857716,12.224367073062427782911292531493753,0.56444313345232080094488891828035326,1.2018763801196471204636422530106712,0.56444313345232080094488891828035326,829,below,False
831,1220.816347690978131430685361744353556959,0.5+1220.816347690978131430685361744353556959i,2.9657900653136962658778422525736546,0.81557477632561904233139909748475792,-15.822552638725117579052718045078643,-3.5898473268585629076448916325461379,16.224677988649905743444134897373683,1.2018763801196471204636422530106712,0.87589479216560178110716213562309855,0.87589479216560178110716213562309855,832,above,False
832,1221.692242483143733211792523879976655512,0.5+1221.692242483143733211792523879976655512i,1.8749443601967586345052411174518087,3.7028216367427638779844589635839314,-3.7139056682067245128053879508797208,-22.637126482989685138950261534523314,22.939760040576078104517978070954097,0.87589479216560178110716213562309855,1.260241611964625030771718767397364,0.87589479216560178110716213562309855,831,below,False
833,1222.952484095108358242564242647374019467,0.5+1222.952484095108358242564242647374019467i,5.6409308364860148071668640402254391,7.4471334665626084415158595841550349,-20.045516247601468455969078939493884,-46.593730360476348256641422635402845,50.72276047828656841345712013924868,1.260241611964625030771718767397364,2.0658459290601809547875144059925766,1.260241611964625030771718767397364,832,below,False
834,1225.018330024168539197351757053366596046,0.5+1225.018330024168539197351757053366596046i,1.2117152885170855736651052061863697,-6.3221707116647227130786327043782068,8.7520406814830635890598988095198105,36.23774103250079826087930855090508,37.279647144640821405906577575117294,2.0658459290601809547875144059925766,0.836690736627176199309609818074983,0.836690736627176199309609818074983,835,above,True
835,1225.855020760795715396661366871441579049,0.5+1225.855020760795715396661366871441579049i,3.8437067178244094160581839922890594,-1.8370751605281522139042953981884737,-20.883715894725479190646233679122523,8.4034606963312005433823926419067166,22.511058199169422603120712619477266,0.836690736627176199309609818074983,1.376806880695216527484794288643764,0.836690736627176199309609818074983,834,below,False
836,1227.231827641490931924146161160085343057,0.5+1227.231827641490931924146161160085343057i,1.4452724242015694386473672700535249,-1.9580712887808191221503120262514997,-3.1353371477138979061371551504887445,13.640724077143900679748117563067292,13.996417126486622459236996411182899,1.376806880695216527484794288643764,0.68531397290911248180018793802571012,0.68531397290911248180018793802571012,837,above,False
837,1227.917141614400044405946349098111053175,0.5+1227.917141614400044405946349098111053175i,1.8550734375197792718411478307328468,0.78246930743089093937294038849821353,-8.9536094796241920205115217505199711,-6.1008192398406062340532294380164764,10.834533589907112707400559724023971,0.68531397290911248180018793802571012,0.87601274858112736323268468382479133,0.68531397290911248180018793802571012,836,below,False
838,1228.793154362981171769179033781935844506,0.5+1228.793154362981171769179033781935844506i,1.2836857453141952307515562206449909,3.6200226820204910409053589407879426,1.5665980174752901488991023171525186,-22.056059245221747017982945578391688,22.11162542141778437050474313217349,0.87601274858112736323268468382479133,1.7914487912681039503227250606994223,0.87601274858112736323268468382479133,837,below,True
839,1230.584603154249275719501758842635266767,0.5+1230.584603154249275719501758842635266767i,5.3725580527879017248753043932415345,-1.9904053545284259511850089336381184,-25.938005745135680282452848758607049,17.02262217293452240922592092949139,31.024986827993555141251229756426652,1.7914487912681039503227250606994223,0.9776707233961224452164197875908521,0.9776707233961224452164197875908521,840,above,False
840,1231.562273877645398164718178630226118864,0.5+1231.562273877645398164718178630226118864i,4.4759754503035223992079621063651043,0.93922429852049497827133948997794988,-23.516415125742324101612990917660471,-5.4744797095546058067939011872026351,24.14522123436783608880194481423322,0.9776707233961224452164197875908521,0.96731316295249738631595891823037377,0.96731316295249738631595891823037377,841,above,False
841,1232.529587040597895551034137548456492637,0.5+1232.529587040597895551034137548456492637i,4.5944301753339538435227035235040352,4.6874641186618807572772273610915585,-16.958007574420864656441121357402078,-31.895817250239303841048015761790192,36.123637399281631079618443208541973,0.96731316295249738631595891823037377,1.7482296128338924978100873568482665,0.96731316295249738631595891823037377,840,below,False
842,1234.277816653431788048844224905304759169,0.5+1234.277816653431788048844224905304759169i,6.0698225667595048142679824611617847,-4.8885010087488994557026182378709682,-27.243403977515441378301452417140194,31.782275890346199650973499030531781,41.86067511462500875251142163385425,1.7482296128338924978100873568482665,1.2247318730892092698732020072746396,1.2247318730892092698732020072746396,843,above,False
843,1235.502548526520997318717426912579398804,0.5+1235.502548526520997318717426912579398804i,3.1576563455329138051115551497980009,-3.0633366395018529589701743134257773,-13.037227412154637108912220545676492,19.930110255903466020497846088693209,23.815511613415001668506249540210174,1.2247318730892092698732020072746396,0.89646893925799854672693159067033284,0.89646893925799854672693159067033284,844,above,False
844,1236.399017465778995865444358503249731642,0.5+1236.399017465778995865444358503249731642i,4.0087592023736444813119697687452588,0.015660164849578694305246736256254775,-21.162051839136970267360855669489766,-3.2928322306028584754436859940458785,21.416703344380932575286657758388086,0.89646893925799854672693159067033284,1.5782810478021496479820770405384097,0.89646893925799854672693159067033284,843,below,False
845,1237.977298513581145513426435543788141381,0.5+1237.977298513581145513426435543788141381i,0.96206338163750869645736944974621516,-1.5780490317945699986544724452191277,0.99576902138709538744394503485273073,12.043294132098135372114840472312899,12.084390323726869480309530929115511,1.5782810478021496479820770405384097,0.4799342820806616029069894374459853,0.4799342820806616029069894374459853,846,above,True
846,1238.457232795661807116333424981234126677,0.5+1238.457232795661807116333424981234126677i,1.0893438305314305467132857121386349,1.2410498166179252416899023808391645,-2.2044363028324403251034870717316779,-9.6746479548254125933340908120863801,9.9226182262068864290776589378470446,0.4799342820806616029069894374459853,1.0335743511339471613712503985255085,0.4799342820806616029069894374459853,845,below,False
847,1239.490807146795754277704675379759635201,0.5+1239.490807146795754277704675379759635201i,1.2932029617079674866135032443414534,4.0428960973461299597205306114197721,0.27229339281704695186558372230020407,-23.638106941055901009483900590183132,23.639675197611471924801227811605791,1.0335743511339471613712503985255085,1.3226646384205126138155306162306822,1.0335743511339471613712503985255085,846,below,True
848,1240.813471785216266891520205995990317427,0.5+1240.813471785216266891520205995990317427i,6.2345893023087988897968556609374229,7.9801874393468041907005731157554754,-23.136147245809389119438545882934829,-49.850587506548500964726840519423987,54.957823684420245357981405596514853,1.3226646384205126138155306162306822,2.2646046128048519899993080693031518,1.3226646384205126138155306162306822,847,below,False
849,1243.078076398021118881519514065293469249,0.5+1243.078076398021118881519514065293469249i,-1.1895479350332073421711860517737817,-3.10365555148377223086435356585159,21.591970003747928642450492867059789,10.545531307522944852640883997347738,24.029594237121377504075894823342505,2.2646046128048519899993080693031518,0.46007012809314109895435450997402314,0.46007012809314109895435450997402314,850,above,True
850,1243.538146526114259980473868575267492394,0.5+1243.538146526114259980473868575267492394i,2.5409049250602937002234779099636431,-0.029357731438112076571962913741705698,-13.510913531678771316858942233392302,-6.3375313694355179979129925600408453,14.923440900780213871719267792466454,0.46007012809314109895435450997402314,1.3132874408695985841078141239485124,0.46007012809314109895435450997402314,849,below,False
851,1244.851433966983858564581682699216004747,0.5+1244.851433966983858564581682699216004747i,3.0883997544579171433315095835528509,-1.1012929152505197051963460137403,-15.326825232017749387173652114706611,8.6496996129338101186672933472220357,17.599115747298306859939279329845974,1.3132874408695985841078141239485124,0.80443222116396391422219187821873597,0.80443222116396391422219187821873597,852,above,False
852,1245.65586618814782247880387457743474072,0.5+1245.65586618814782247880387457743474072i,3.0272468954159332662276076637192058,2.4064923925349048427893092053007219,-11.679699611276401911907271010056016,-18.179992349824764158805367315173443,21.608505382125277475295421059241702,0.80443222116396391422219187821873597,1.7166957817078214369003016017875144,0.80443222116396391422219187821873597,851,below,False
853,1247.372561969855643915704176179222255113,0.5+1247.372561969855643915704176179222255113i,2.547271521405932649334664445045543,-2.2686751238614148212449976115422221,-8.233334498554919872633564266458738,17.89142108561698332395172098482994,19.694942128068175361792811023857781,1.7166957817078214369003016017875144,0.69049908335255476944527377847631296,0.69049908335255476944527377847631296,854,above,False
854,1248.063061053208198685149449957698568074,0.5+1248.063061053208198685149449957698568074i,2.4804574271374616875004536905130433,1.6507513424676997129116137848556726,-10.726018780518199290210284256577589,-12.340071362871345075784111295112551,16.350071563170192280930312784290189,0.69049908335255476944527377847631296,1.0968268997947846554338642476968687,0.69049908335255476944527377847631296,853,below,False
855,1249.159887953002983340583314205395436769,0.5+1249.159887953002983340583314205395436769i,3.7073390023826230034267853223311045,4.0264306563888802012899606216045183,-14.676412439676031090037055505293907,-25.861581006261077618339440133841867,29.735810973351325144560415944873544,1.0968268997947846554338642476968687,1.5125093226751338145062136857504368,1.0968268997947846554338642476968687,854,below,False
856,1250.672397275678117155089527891145873563,0.5+1250.672397275678117155089527891145873563i,6.9797527812751943919617672156868795,-0.2415583191300723461159939703601703,-36.809142324327453845754498450769613,5.2833453357466986114983538942636149,37.186377836371091049853033612363819,1.5125093226751338145062136857504368,0.98743472859310402494805788526907948,0.98743472859310402494805788526907948,857,above,False
857,1251.659832004271221180037585776414953043,0.5+1251.659832004271221180037585776414953043i,7.2063619163313357833924321827614376,3.8742115882161124371003204183795363,-33.254323297070736680194809589445021,-29.62336801414957695242236001358966,44.535311275973381271819005320174931,0.98743472859310402494805788526907948,2.0137458478358808383426760238576666,0.98743472859310402494805788526907948,856,below,False
858,1253.673577852107102018380261800272619624,0.5+1253.673577852107102018380261800272619624i,-0.52545478721266123766292296895211316,-4.1523136727513119147065128161706753,15.383816873017308399993655231894471,20.395873438196106155102495791992165,25.547083490869275528871412756736759,2.0137458478358808383426760238576666,0.75775056966634735013649129656127287,0.75775056966634735013649129656127287,859,above,True
859,1254.431328421773449368516753096833892492,0.5+1254.431328421773449368516753096833892492i,2.0118794425188756721212437112999508,-1.2661195971338480426857635463158101,-10.489001679167518460252645587191668,6.9715069942487379962066102867399086,12.594485539173011224822481689616622,0.75775056966634735013649129656127287,0.97690222351728526986480173675426159,0.75775056966634735013649129656127287,858,below,False
860,1255.408230645290734638381554833588154087,0.5+1255.408230645290734638381554833588154087i,2.1052537726818515658808109518234879,-0.015599087371177100432171056757972012,-11.146459410853865211447042505052285,0.86317264594729741653040624658492104,11.179831144276033044968221579633938,0.97690222351728526986480173675426159,0.77298355317013142987418937031062873,0.77298355317013142987418937031062873,861,above,False
861,1256.181214198460866068255744203898782814,0.5+1256.181214198460866068255744203898782814i,1.3430777354326582659765341275416271,2.5541270104757674096163105454321642,-1.6811058801643344523129300794160339,-16.389337772662247583550279272894691,16.475330333766805061971983110735937,0.77298355317013142987418937031062873,1.3600052141832483585674439800631047,0.77298355317013142987418937031062873,860,below,False
862,1257.541219412644114426823188183961887472,0.5+1257.541219412644114426823188183961887472i,4.8957857288378543257418095592989767,3.534378115827804209863068956498425,-24.261012710241999746464104244404467,-21.058598722054481453693107319152434,32.125711165093894328437760533671293,1.3600052141832483585674439800631047,1.2380140759509387638481688565346199,1.2380140759509387638481688565346199,863,above,False
863,1258.779233488595053190671357040496507359,0.5+1258.779233488595053190671357040496507359i,7.398617194247207722639511684009455,3.9125204457785490776244749427904116,-36.628174608397159821064306990218209,-25.624036755218734820839429979616277,44.701391866205140574953101073984254,1.2380140759509387638481688565346199,1.5653148275904666775077135060396805,1.2380140759509387638481688565346199,862,below,False
864,1260.344548316185519868179070546536187809,0.5+1260.344548316185519868179070546536187809i,7.0470867328061354148829707266705338,-4.0401251477947223273280026726558347,-34.351878990175964979292607012024216,26.662073659125778727663875767413206,43.484684222842662458762361817072523,1.5653148275904666775077135060396805,1.2671688452943200361461886628056018,1.2671688452943200361461886628056018,865,above,False
865,1261.611717161479839904325259209341789635,0.5+1261.611717161479839904325259209341789635i,3.5789368736629591168669747029003645,-3.2553281902527309136524458485368249,-15.207605163100265974319584767607969,21.404161495691669578536667430297517,26.25660648542388687585830451139745,1.2671688452943200361461886628056018,0.94489683887638443823247581085711929,0.94489683887638443823247581085711929,866,above,False
866,1262.556614000356224342557735020198908924,0.5+1262.556614000356224342557735020198908924i,3.9677029613312349389550879381526415,-0.40497272774103262414588148370545928,-21.156251661237659901420886115540882,1.0164043386401081683667355083656626,21.180653014796963052865459579629059,0.94489683887638443823247581085711929,1.1201188435055689878418794626212648,0.94489683887638443823247581085711929,865,below,False
867,1263.676732843861793330399614482820173676,0.5+1263.676732843861793330399614482820173676i,4.5703878834904622104471175665086486,0.31872680924030604960711304290663413,-24.127079789911050516363703079049371,-3.3225828619139548876850038329530428,24.354784664681775595569533562044147,1.1201188435055689878418794626212648,1.2804901631379959572959995147826094,1.1201188435055689878418794626212648,866,below,False
868,1264.957223006999789287695613997602783041,0.5+1264.957223006999789287695613997602783041i,4.5283661946156073399660511290542218,-0.84699356880837899791010309766997903,-23.765805842321830704417713830128062,5.8661784772157329458111777002017051,24.4790844857704504081440559406072,1.2804901631379959572959995147826094,1.2218147535622729551343855998451521,1.2218147535622729551343855998451521,869,above,False
869,1266.179037760562062242829999597447935179,0.5+1266.179037760562062242829999597447935179i,3.2034014371027155410002327476375741,-0.93650184161198196602499374998426707,-16.103773438720726283562359097923291,8.0238965837545332933126110024128523,17.992065900069253457009222939953602,1.2218147535622729551343855998451521,1.0213078512834269774599463087118031,1.0213078512834269774599463087118031,870,above,False
870,1267.200345611845489220289945906159738321,0.5+1267.200345611845489220289945906159738321i,1.7091479878708955718070768442224926,0.25393871665866742424613069128226211,-9.8616972563598490089039644259422967,3.9815557310301639952268306142533139,10.6351238269892521792838108394567,1.0213078512834269774599463087118031,0.37022616759473423835383246100103112,0.37022616759473423835383246100103112,871,above,False
871,1267.570571779440223458643778367160769442,0.5+1267.570571779440223458643778367160769442i,-1.5825330726757162234446217407172552,1.7473961922336041234920911798733831,19.809182424283638014861535587838265,1.0607370438768656445848975758317827,19.837562133357022499569029790207368,0.37022616759473423835383246100103112,2.5483501070523804665474000661651582,0.37022616759473423835383246100103112,870,below,True
872,1270.118921886492603925191178433325927594,0.5+1270.118921886492603925191178433325927594i,2.0909375401816636347668235570107321,-7.9946333646316586912955166635892081,5.5463874560188524387153455786415786,46.797358313631553746183905259207059,47.124888954210847855536972256864759,2.5483501070523804665474000661651582,1.0153777451173874751005034664265263,1.0153777451173874751005034664265263,873,above,True
873,1271.134299631609991400291681899752453886,0.5+1271.134299631609991400291681899752453886i,2.6461245311095594457398557306691253,-3.1295804031623608692555191791959155,-11.076934560181493057469373752496639,19.131500139553107226227035697339188,22.106849093443048341760275384172694,1.0153777451173874751005034664265263,0.94965996772290602260396468225188889,0.94965996772290602260396468225188889,874,above,False
874,1272.083959599332897422895646582004342778,0.5+1272.083959599332897422895646582004342778i,3.3079491768590384672336914870500873,-0.84021876668766490433292841581810642,-17.736901042789590108839014947598925,3.7930251862347426600358748520664881,18.137935347363038642257969143045235,0.94965996772290602260396468225188889,1.1771850341228553908318431375832812,0.94965996772290602260396468225188889,873,below,False
875,1273.26114463345575281372748971958762397,0.5+1273.26114463345575281372748971958762397i,2.9445106512058825391746918302174831,-0.69926056834815635112808213556337736,-15.192654248751595906833905502594991,5.5963427153913510886054853822070468,16.190608231633046337629144162339038,1.1771850341228553908318431375832812,0.93507625602460601439496903413856848,0.93507625602460601439496903413856848,876,above,False
876,1274.196220889480358828122458753726192452,0.5+1274.196220889480358828122458753726192452i,2.6438250274463445681138253468013677,1.1963940860608851932042629305889176,-13.619514503244970627441835892004899,-7.2946458425510582081545225175886197,15.450017257995135874996397880736639,0.93507625602460601439496903413856848,0.89580942636009895354886866500929474,0.89580942636009895354886866500929474,877,above,False
877,1275.092030315840457781671327418735487189,0.5+1275.092030315840457781671327418735487189i,1.7747942581078837851846270916559509,4.3953712396081843690292585935536564,-0.4646033093075133123040575138103602,-26.97198095684312684463537301197973,26.97598215026336662438530342241462,0.89580942636009895354886866500929474,1.7501412397293369038638611552559217,0.89580942636009895354886866500929474,876,below,False
878,1276.842171555569794685535188573991408897,0.5+1276.842171555569794685535188573991408897i,6.2970155585472478214775202922920699,-2.0947189504668292502680296830668334,-31.023567077269116532136583964694961,18.46826601479358412271728571733183,36.104550458231659404253005547618427,1.7501412397293369038638611552559217,0.92092043077702623507442993988712336,0.92092043077702623507442993988712336,879,above,False
879,1277.763091986346820920609618513878532252,0.5+1277.763091986346820920609618513878532252i,5.9944037121007031915798861376559031,2.3476550932020443274868854142874045,-29.480121539692566207754229903496095,-18.554929782641205441958240524785135,34.833360234605435089605503480111522,0.92092043077702623507442993988712336,1.5697513303614304736756118042809405,0.92092043077702623507442993988712336,878,below,False
880,1279.332843316708251394285230318159472795,0.5+1279.332843316708251394285230318159472795i,4.4210842889954620830753619354019496,-3.4115396704128238242436632020327826,-18.405622688739920050207157590299698,24.742854973699665042992670246518675,30.837895823317646975025014023694538,1.5697513303614304736756118042809405,0.82295109231467907230624691723732537,0.82295109231467907230624691723732537,881,above,False
881,1280.155794409022930466591477235396798163,0.5+1280.155794409022930466591477235396798163i,5.2028491400037581843539249058201857,1.5909320561147363994838577273595003,-25.474332132977357389966346311049147,-15.615808993537027145956951791416214,29.879676841356143081873749354372701,0.82295109231467907230624691723732537,1.6729325506770034622735040168547411,0.82295109231467907230624691723732537,880,below,False
882,1281.828726959699933928864981252251539266,0.5+1281.828726959699933928864981252251539266i,2.511525748905491113378025451227939,-3.9951026400589931712228110105115825,-7.1477757576361598398484582562058966,25.149872680755645136335658559521913,26.14587527966257088241873489292187,1.6729325506770034622735040168547411,1.1717644269997426788381336891507976,1.1717644269997426788381336891507976,883,above,False
883,1283.000491386699676607703114941402336837,0.5+1283.000491386699676607703114941402336837i,0.69191427359137549305989705181003706,-1.0407461823197023966698655046999028,1.650164985905509530179592682785522,9.0796705551123862108652002472086564,9.2284051639534876909834549341453649,1.1717644269997426788381336891507976,0.33454075217960399277943978375621407,0.33454075217960399277943978375621407,884,above,True
884,1283.335032138879280600482554725158550911,0.5+1283.335032138879280600482554725158550911i,0.39171786671444464477112381598146122,1.2529041642102210745071558277960699,5.087881473825397793136272219035466,-8.9067976050580454074882920212824866,10.257562160141338155272113075283484,0.33454075217960399277943978375621407,1.5197630157423772399486062112503671,0.33454075217960399277943978375621407,883,below,True
885,1284.854795154621657840431160936408917981,0.5+1284.854795154621657840431160936408917981i,3.9594910934674747574261235054957216,1.5214150539824481986961679710532224,-21.775358205802691683972476213147419,-6.2500921019785383278730316552582113,22.654577380172712537002812142977079,1.5197630157423772399486062112503671,0.84022817651693493434378756168644999,0.84022817651693493434378756168644999,886,above,False
886,1285.695023331138592774774948498095367972,0.5+1285.695023331138592774774948498095367972i,1.7550419944531904671342462516655216,5.7197978648218753333887924240813201,3.0345222986128429241894079129598641,-34.232673402988474533273257091491257,34.366906376577643261854229786389592,0.84022817651693493434378756168644999,1.7150032859367233568978381370892642,0.84022817651693493434378756168644999,885,below,True
887,1287.410026617075316131672786635184632188,0.5+1287.410026617075316131672786635184632188i,11.617902828725123828958620869993159,-1.741831629237264602607133861987738,-61.647161865736232207092572079260736,10.533200800183896436828852681523736,62.54055392461181428625469911592913,1.7150032859367233568978381370892642,1.7553249156977453497403238001003097,1.7150032859367233568978381370892642,886,below,False
888,1289.165351532773061481413110435284941936,0.5+1289.165351532773061481413110435284941936i,-0.4606377553803472934339104326974326,-4.2329677715635201284379699863415087,14.231580673240800118042586249901875,21.253953395604227127159335327783132,25.578671259498166551115675897495057,1.7553249156977453497403238001003097,0.93941998703427640810869859735699938,0.93941998703427640810869859735699938,889,above,True
889,1290.104771519807337889521809032641941315,0.5+1290.104771519807337889521809032641941315i,0.55150039373606257874032926092568355,-0.93620886565972155150121416801279215,1.8487234391021162160296536716336868,7.8038225901287341566325695987084303,8.019814547262866797646512193298387,0.93941998703427640810869859735699938,0.31293655323516577302179317434701092,0.31293655323516577302179317434701092,890,above,True
890,1290.417708073042503662543602206988952234,0.5+1290.417708073042503662543602206988952234i,0.35737038262958596054522668646237531,1.152015948793311610153675448538611,5.5661596973378691036578190297735481,-8.4513180972963157510357104526433376,10.119630001040384743844952125153627,0.31293655323516577302179317434701092,1.5281628950406947379144357076659157,0.31293655323516577302179317434701092,889,below,True
891,1291.945870968083198400458037914654867906,0.5+1291.945870968083198400458037914654867906i,5.3040849032576215616920397911181306,1.8913150669579930109708637430633073,-27.45771629052025008616261185682507,-12.294278126187344119551853557468592,30.084472050124956712174950903953687,1.5281628950406947379144357076659157,1.5481105893342466615624089323298907,1.5281628950406947379144357076659157,890,below,False
892,1293.493981557417445062020446846984758645,0.5+1293.493981557417445062020446846984758645i,2.7258802761619220491465478118399446,-2.0252561173135301137492786067560228,-9.539949865494158900618565357091859,17.493716628223324666552422997949751,19.925881784872640053509894483833805,1.5481105893342466615624089323298907,0.6244928204309073240893311367536189,0.6244928204309073240893311367536189,893,above,False
893,1294.118474377848352386109777983738377549,0.5+1294.118474377848352386109777983738377549i,2.1816146401409974042812414424509734,2.4295822675088703630430180518642476,-6.3301740103546202554432196729266803,-17.696740236407269178830420626331727,18.794832215166090845517517863801037,0.6244928204309073240893311367536189,1.2468891275098978688223951037225182,0.6244928204309073240893311367536189,892,below,False
894,1295.365363505358250254932173087460895724,0.5+1295.365363505358250254932173087460895724i,5.4565388021747897978557118298581789,4.2250921930849555592514265086072106,-25.373987524386671623502976066288051,-27.295257343764139556938005667572488,37.2675504474072006834230666113414,1.2468891275098978688223951037225182,1.4357474869890412472619407817623381,1.2468891275098978688223951037225182,893,below,False
895,1296.80111099234729150219411386922323385,0.5+1296.80111099234729150219411386922323385i,9.1131280256660169125404054080537255,-0.23001527525454278432217784899709055,-48.57378339813854645227229333829243,1.1139087378247285123524917035370094,48.586553965942904241895915788638793,1.4357474869890412472619407817623381,1.4554160755422379301551083071363457,1.4357474869890412472619407817623381,894,below,False
896,1298.256527067889529432349222176359579502,0.5+1298.256527067889529432349222176359579502i,4.8602434756352323429026086275587166,-4.6432862845018998669155236577224765,-21.366277037867388940634824583827884,29.508374268502871674444417330311945,36.43160642119616485961703971482328,1.4554160755422379301551083071363457,1.148644182854448965966801283471493,1.148644182854448965966801283471493,897,above,False
897,1299.405171250743978398316023459831072539,0.5+1299.405171250743978398316023459831072539i,3.3322464363083377891874454204925077,-2.7106142294839952959415384190418862,-15.776015843362285100686085182625635,16.89977321304768907458026575154395,23.118931864220328725576858872759161,1.148644182854448965966801283471493,1.0848477317036599951549198831715378,1.0848477317036599951549198831715378,898,above,False
898,1300.490018982447638393470943343002610334,0.5+1300.490018982447638393470943343002610334i,2.7854834625117545149944550674700866,-1.2896696245213592713131963263024918,-14.058142219770510975179435470756452,8.5960782642581635728048401789837518,16.477983013601688743303373388012861,1.0848477317036599951549198831715378,1.0054976981274199628850750299302381,1.0054976981274199628850750299302381,899,above,False
899,1301.495516680575058356356018372932848408,0.5+1301.495516680575058356356018372932848408i,2.465781568266402937318163811843241,0.066150258924139967185898814361742671,-13.178207233358023028466842775768719,0.66209668626680222268670619011082563,13.194829210993797472797033634514158,1.0054976981274199628850750299302381,0.85122569867185956415723480225607492,0.85122569867185956415723480225607492,900,above,False
900,1302.346742379246917920513253175188923323,0.5+1302.346742379246917920513253175188923323i,1.7844650735600769986705707878723689,2.2409391063587666988286001380676496,-7.0472343568596316792507339528761579,-13.921082284993493072887222416593145,15.603206211098488229620624665457311,0.85122569867185956415723480225607492,0.92645784954722554864275435519414107,0.85122569867185956415723480225607492,899,below,False
901,1303.273200228794143469156007530383064396,0.5+1303.273200228794143469156007530383064396i,0.011849061675506067031650282204229155,6.1119231632968695749356821405630662,15.096740449735375802999443418814922,-32.635015992726184234976069447522024,35.957695157673414053779620078888873,0.92645784954722554864275435519414107,2.1284719592102411938563081211041205,0.92645784954722554864275435519414107,900,below,True
902,1305.401672188004384663012315651487184847,0.5+1305.401672188004384663012315651487184847i,4.8525350913426997430679195514062804,-7.0484112806099766048100502254039357,-14.348319002925846033479370557227861,45.56247926292355190773757953295097,47.768334436047292839122391391915508,2.1284719592102411938563081211041205,1.1067211249644523087214051831390261,1.1067211249644523087214051831390261,903,above,False
903,1306.508393312968836971733720834626210918,0.5+1306.508393312968836971733720834626210918i,2.9274855209097758367425553327933779,-2.8928520236471648579380511269492282,-11.440927454227646982316032148935207,19.673678363964276803740820566754925,22.758480647477678457823945168829344,1.1067211249644523087214051831390261,0.75884879483359012605043049715863171,0.75884879483359012605043049715863171,904,above,False
904,1307.267242107802427097784151331784842625,0.5+1307.267242107802427097784151331784842625i,3.9920851311232959408107280452816218,1.3984942611867115537465323384355717,-18.992701341546755181800148431617537,-14.076976530959063450192493452770135,23.640726987602648220927264149961486,0.75884879483359012605043049715863171,1.7209544098409601443241837486450361,0.75884879483359012605043049715863171,903,below,False
905,1308.988196517643387242108335080429878752,0.5+1308.988196517643387242108335080429878752i,1.0385819335397301224470626429621265,-2.1190495369085092025995738878708325,3.2379506986984023743870772551888904,15.618621029027767882357756046037246,15.950725612823696335637283824512004,1.7209544098409601443241837486450361,0.43333597561257943170247673409660327,0.43333597561257943170247673409660327,906,above,True
906,1309.421532493255966673810811814526482027,0.5+1309.421532493255966673810811814526482027i,1.4886695313212652367360962419813261,1.7633088442767553545073059397469775,-1.0086448609198021013110577801910687,-15.274246780476542482201612526884773,15.307513814018197719232983204263732,0.43333597561257943170247673409660327,1.635038017855929990121523960401253,0.43333597561257943170247673409660327,905,below,False
907,1311.056570511111896663932335774927734986,0.5+1311.056570511111896663932335774927734986i,3.94106273321773255389280521151565,-1.4581906177921941620118527157945579,-19.320737598799765184132973437641864,12.456274663437548340938035959269804,22.988033405506246660815693621097239,1.635038017855929990121523960401253,0.91037009693745820487863547274339724,0.91037009693745820487863547274339724,908,above,False
908,1311.966940608049354868810971247671132229,0.5+1311.966940608049354868810971247671132229i,3.4335498234336259480467835920576158,1.2769105078063324043457519442889585,-17.7353526112469813075706846580491,-8.4463172888122043763182378801206114,19.643905110454821812460630086540001,0.91037009693745820487863547274339724,1.0646587609703096836319749028876472,0.91037009693745820487863547274339724,907,below,False
909,1313.03159936901966455244294615055877945,0.5+1313.03159936901966455244294615055877945i,3.7810610799504579972702734190733023,2.8985138740033493160491366717899246,-18.450513467942011958344508003182194,-17.765683803193161606933362802003152,25.613296707486707432573677204450767,1.0646587609703096836319749028876472,1.0209662827065016409305204715059041,1.0209662827065016409305204715059041,910,above,False
910,1314.052565651726166193373466622064683574,0.5+1314.052565651726166193373466622064683574i,4.0273967972464933083321108524542401,7.328826417064907434725632673452777,-8.2913758100625047412772869365495372,-46.426475779509187112097055908336397,47.161049247541586474440015137731487,1.0209662827065016409305204715059041,2.1595469511278835869168870620583863,1.0209662827065016409305204715059041,909,below,False
911,1316.212112602854049780290353684123069915,0.5+1316.212112602854049780290353684123069915i,0.06594102123603733879069935145532365,-6.2239686866863646068244963996235799,15.642288192370612022787328441431216,33.434307372523011743385460025921319,36.912519412436801130465317333151279,2.1595469511278835869168870620583863,0.86087343197590522071803558428764747,0.86087343197590522071803558428764747,912,above,True
912,1317.072986034829955001008389268410717386,0.5+1317.072986034829955001008389268410717386i,2.6018343809461796265200042963350924,-2.2786628486303447052545983734914143,-13.1609091174448838042035695075298,13.032657785597332542296177037015644,18.521870795201402596335064039763559,0.86087343197590522071803558428764747,1.0982930973350975475719478624430728,0.86087343197590522071803558428764747,911,below,False
913,1318.171279132165052548580337130853790206,0.5+1318.171279132165052548580337130853790206i,2.0834664654103699396191532650656242,-1.1743430111766275407446531531443571,-9.7769126900856128900200464367991981,8.6937950333456790114054807598702711,13.083198914309263517763976354742644,1.0982930973350975475719478624430728,0.77660146440128578781094390723985179,0.77660146440128578781094390723985179,914,above,False
914,1318.947880596566338336391281038093641999,0.5+1318.947880596566338336391281038093641999i,2.0393086614502471218852750392324152,1.2568100486192371518486102306675384,-9.4668163230152089791222009306807646,-9.0511326392498290342318857064481971,13.097465913183388671838171496039198,0.77660146440128578781094390723985179,0.98320228097013471564399912929710313,0.77660146440128578781094390723985179,913,below,False
915,1319.931082877536473052035280167390745129,0.5+1319.931082877536473052035280167390745129i,2.16082278926023446198931282933155,3.9039490515842442952510763907456805,-4.7506692222457101395545036336805654,-24.642326230415073657771861174712443,25.096077384830391743168050065852301,0.98320228097013471564399912929710313,1.697055674375945005430645494596592,0.98320228097013471564399912929710313,914,below,False
916,1321.628138551912418057465925661987337086,0.5+1321.628138551912418057465925661987337086i,4.4253906748065969877991317913108086,-1.5214791674830565087832878123823512,-20.520873836842288626382108811364103,17.298384409007801419164242354661663,26.839157330091467224242184215154901,1.697055674375945005430645494596592,0.62992857147873988772777276355601799,0.62992857147873988772777276355601799,917,above,False
917,1322.258067123391157945193698425543355072,0.5+1322.258067123391157945193698425543355072i,2.2643618205506655593870011280450481,4.7469731157247659154240435405131385,1.3075192156457692831716983982723828,-31.794138053158785813148370507999211,31.821012256724368300223179645565674,0.62992857147873988772777276355601799,1.9669115954531729680354973099655389,0.62992857147873988772777276355601799,916,below,True
918,1324.22497871884433091322919573550889402,0.5+1324.22497871884433091322919573550889402i,3.7108005458171735007268025627104845,-5.7055521812394602668266802281813034,-9.8713522156799857387137993481073147,37.022196617257212464366473506306101,38.315618707426108183549448752365842,1.9669115954531729680354973099655389,1.0126456401380044402682694444089378,1.0126456401380044402682694444089378,919,above,False
919,1325.237624358982335353497465179917831853,0.5+1325.237624358982335353497465179917831853i,3.0783200264154277360958460706811928,-1.9382650165515156008443876637960733,-14.295326514168159482691448291774154,13.831964724885137379778552384559612,19.891696968764277749809933914251482,1.0126456401380044402682694444089378,0.74434527146394586954457944270396093,0.74434527146394586954457944270396093,920,above,False
920,1325.981969630446281223042044622621792783,0.5+1325.981969630446281223042044622621792783i,3.5099811812825806886591751393423405,2.3393716439712472262932145194558625,-14.054248811857523935563658695643546,-19.619180326973673683906942166078305,24.133672459199189369211802853638649,0.74434527146394586954457944270396093,1.6533114780111684173096961107042475,0.74434527146394586954457944270396093,919,below,False
921,1327.635281108457449640351740733326040331,0.5+1327.635281108457449640351740733326040331i,4.0891571874815272909180596965468891,-3.4117253687516174673198830800942045,-18.417925946900449530411445272222942,22.425873121986544065063656138667146,29.019644750908776849502980110817005,1.6533114780111684173096961107042475,1.408236888061151599460111682116787,1.408236888061151599460111682116787,922,above,False
922,1329.043517996518601239811852415442827374,0.5+1329.043517996518601239811852415442827374i,0.15344168280566310718079349717031784,-0.60765120131560944998520106118254533,6.6434037087446403222483136059436311,5.1385976072979053921122666473560947,8.3988093327024515885921710402329558,1.408236888061151599460111682116787,0.16150078896503360780662172568062306,0.16150078896503360780662172568062306,923,above,True
923,1329.205018785483634847618474141123450438,0.5+1329.205018785483634847618474141123450438i,0.11360670025843976143997806299086953,0.60698630195154388914800953589057363,6.6245629248331146445346684015206484,-4.6038239485064886333363017852172563,8.0672194028621377424727843607130962,0.16150078896503360780662172568062306,1.2249183349756283350423168835185096,0.16150078896503360780662172568062306,922,below,True
924,1330.429937120459263182660791024641960015,0.5+1330.429937120459263182660791024641960015i,1.571304656508253050510888670389845,4.6927708893162182622823596421010218,-0.64667000312869060582914361749133315,-27.732660843130872588110229117681303,27.740199341985104443781215710871059,1.2249183349756283350423168835185096,1.3976542648259543408815397349945806,1.2249183349756283350423168835185096,923,below,False
925,1331.827591385285217523542330759636540653,0.5+1331.827591385285217523542330759636540653i,8.5011411082219684227044621919750134,6.4149178199697011112893820327272335,-40.218686194727427469218667072724903,-41.407335964211295378138379836135708,57.72443322270929605302817100229675,1.3976542648259543408815397349945806,1.845931224999715747433540942361995,1.3976542648259543408815397349945806,924,below,False
926,1333.673522610284933270975871701998535626,0.5+1333.673522610284933270975871701998535626i,3.1339563787367688776024010662016539,-7.1250022181608921238883683174857722,-4.6308270825306684183924496211929213,43.523209908693252594619855916031166,43.768874331246788725031470237287257,1.845931224999715747433540942361995,1.0738064414048432593636064222439304,1.0738064414048432593636064222439304,927,above,False
927,1334.747329051689776530339478124242466067,0.5+1334.747329051689776530339478124242466067i,2.4774810920919815374777162993166525,-3.0691247945880495099014925711641896,-9.9054000640874445878740036209683338,19.167017451286713308560420209505547,21.575252221180473762395872344584641,1.0738064414048432593636064222439304,0.94764547431229005867580611565034751,0.94764547431229005867580611565034751,928,above,False
928,1335.694974526002066589015284239892813573,0.5+1335.694974526002066589015284239892813573i,2.8707449086993237656322166035858916,-0.85440287285484298727367217366152533,-15.272382064546720444390098182789783,4.9583208789457376278955103001456697,16.057104342442244317012660803964698,0.94764547431229005867580611565034751,0.99521012738380446451995684102936626,0.94764547431229005867580611565034751,927,below,False
929,1336.690184653385871053535241080922179831,0.5+1336.690184653385871053535241080922179831i,3.0198468463583848677748688285776686,0.56607752876091714380381782496626508,-16.034421785119124614648390109991211,-3.8460666614620212707516325448903739,16.489236208736667648517748275140833,0.99521012738380446451995684102936626,0.99860715628407854961319887496458696,0.99521012738380446451995684102936626,928,below,False
930,1337.688791809669949603148439955886766793,0.5+1337.688791809669949603148439955886766793i,3.2543601778356175127429239277217809,2.4760523879229805108124865843526471,-14.975441232816556410296484026417305,-16.520872660050490699576126930466229,22.298050891661944525868512459274693,0.99860715628407854961319887496458696,1.234372789000400225833529350675079,0.99860715628407854961319887496458696,929,below,False
931,1338.923164598670349828981969306561845755,0.5+1338.923164598670349828981969306561845755i,5.5598887726298493779473688863992771,2.9163784063537569633928267290636253,-28.073355567650643686441639326671928,-18.949009161528230857534614973381936,33.870019796737973286200348669393496,1.234372789000400225833529350675079,1.5032358586298259607520531298323016,1.234372789000400225833529350675079,930,below,False
932,1340.426400457300175789734022436394147346,0.5+1340.426400457300175789734022436394147346i,4.5304854891168457294867875759815042,-1.9461140309220915454181152419808405,-21.10071047376346315044463544973616,17.876170679674257046796433241434944,27.654971716970471395778304998568885,1.5032358586298259607520531298323016,0.73987179562621128220110592954406762,0.73987179562621128220110592954406762,933,above,False
933,1341.166272252926387071935128365938214966,0.5+1341.166272252926387071935128365938214966i,3.747467969821310075213627851228086,3.5040825081499126447421103632343665,-13.599483384771081043820841405099317,-25.745069158906095784409015103613245,29.116224589213528825061854624249016,0.73987179562621128220110592954406762,1.4422356308504742555652449410639734,0.73987179562621128220110592954406762,932,below,False
934,1342.608507883776861327500373307002188373,0.5+1342.608507883776861327500373307002188373i,8.9549841512512232627130748567903711,0.22747396930576761870323072215622467,-47.993715793022432190248554323771331,-3.0008570876604680041504797186862808,48.087440136505217103401148971393866,1.4422356308504742555652449410639734,1.5475361198189296707039561715636425,1.4422356308504742555652449410639734,933,below,False
935,1344.156044003595790998204329478565830911,0.5+1344.156044003595790998204329478565830911i,3.437557613943104895058843526563447,-5.1735353274907105477412882880858128,-11.869924234691100421085846478314728,32.12797201736632927805395040989708,34.250572072389987861614409296769763,1.5475361198189296707039561715636425,1.3210622578029234292029715773329357,1.3210622578029234292029715773329357,936,above,False
936,1345.47710626139871442740730105589876665,0.5+1345.47710626139871442740730105589876665i,0.20879291396993739009961764880641023,-1.1246623373997483992841372911908272,7.222338142286377238557276710118913,7.5844887378220202283217272082798277,10.473138863572548858272511530093443,1.3210622578029234292029715773329357,0.25430699401969333159942112754852,0.25430699401969333159942112754852,937,above,True
937,1345.73141325541840775900672218344728665,0.5+1345.73141325541840775900672218344728665i,0.55107149660018243277649023652408458,1.0115220568488776015818827177229629,4.6634174605228233310932493712406992,-9.5804849407244870026343266889505607,10.65519376222496555206738954213314,0.25430699401969333159942112754852,1.788058495481503348220011119637417,0.25430699401969333159942112754852,936,below,True
938,1347.519471750899911107226733303084703624,0.5+1347.519471750899911107226733303084703624i,1.8895549446869467553529850114037766,-1.2518855316941757475564571246780483,-6.0049657817869121322070992941776861,12.966721830773852610165767722098691,14.289698704909733427693098779275645,1.788058495481503348220011119637417,0.49776626783649898439730481795809338,0.49776626783649898439730481795809338,939,above,False
939,1348.017238018736410091624038121042797006,0.5+1348.017238018736410091624038121042797006i,0.76565935256643454588825110640915126,2.0947826752853313975270179082401399,2.4511946610779056121324154571300954,-13.644200933690116934552194395522276,13.862632303621382833727835572887768,0.49776626783649898439730481795809338,1.0679559953112478891153998909966968,0.49776626783649898439730481795809338,938,below,True
940,1349.085194014047657980739438012039493814,0.5+1349.085194014047657980739438012039493814i,0.54428607191039633253531092279345118,7.1753983961161272307394745968615785,13.343895730759440055341775980542787,-39.760776081579254693241060734231423,41.940182020144654608116503551762685,1.0679559953112478891153998909966968,2.2110123600490600290982443685075556,1.0679559953112478891153998909966968,939,below,True
941,1351.2962063740967180098376823805470494,0.5+1351.2962063740967180098376823805470494i,2.0433230194142497547211564328656118,-7.3609924709499434945797245024114865,5.3586191891998450036759942032695789,44.069364194190916806668816278235973,44.393959725339856627226057901450163,2.2110123600490600290982443685075556,0.91425878507882036961097731049555227,0.91425878507882036961097731049555227,942,above,True
942,1352.210465159175538379448659691042601667,0.5+1352.210465159175538379448659691042601667i,3.6941305683929449748702374176524355,-2.6028665273884696919030975631950284,-19.269192765635167346137729190809728,14.796640160308296571666855077570461,24.294903783980190971108500108756673,0.91425878507882036961097731049555227,1.2728731990890381743075186702194296,0.91425878507882036961097731049555227,941,below,False
943,1353.483338358264576553756178361262031219,0.5+1353.483338358264576553756178361262031219i,1.1851614683852165337936651322687161,-1.4668097867188517471826852216165854,-0.66782504488129322810142633247056593,12.485658961126339567008159691037759,12.503506307597287981197318504881427,1.2728731990890381743075186702194296,0.40344361343165113047986855172532411,0.40344361343165113047986855172532411,944,above,False
944,1353.886781971696227684236046912987355331,0.5+1353.886781971696227684236046912987355331i,0.81352215718162582040447511268619339,1.9018451782735760860845073128237594,4.8083335121992080678914986257993226,-14.14481537698764116761468074875954,14.939741403839759807053010656391165,0.40344361343165113047986855172532411,1.7938133489402642026214615284145304,0.40344361343165113047986855172532411,943,below,True
945,1355.680595320636491886857508441401885732,0.5+1355.680595320636491886857508441401885732i,4.0806886533587264181214856601664963,-2.2898498325937681108301121008735218,-18.850471814421796279462918697808534,17.794671925231293353827223064207251,25.922782191595973687668296220219737,1.7938133489402642026214615284145304,0.92506038917146203281701353233294907,0.92506038917146203281701353233294907,946,above,False
946,1356.605655709807953919674521973734834801,0.5+1356.605655709807953919674521973734834801i,3.739451722565884047686373644069756,0.54359159906230344770110548695065584,-19.928979322615681640095157841340491,-4.0916336314467695015338875622532183,20.344672094069977205352911803896667,0.92506038917146203281701353233294907,1.1660871187715101521268969251172223,0.92506038917146203281701353233294907,945,below,False
947,1357.77174282857946407180141889885205712,0.5+1357.77174282857946407180141889885205712i,3.3853862582860376706155805403103336,0.51829402169861944721079904134656755,-18.669009316652316892632221050521364,0.28445418980433405232595058299112518,18.67117626319638835223562687526211,1.1660871187715101521268969251172223,0.68841757057956236555377027378313294,0.68841757057956236555377027378313294,948,above,False
948,1358.460160399159026437355189172635190063,0.5+1358.460160399159026437355189172635190063i,0.61350884192428040256196721200216628,4.7764835980344766901441874159142571,10.910717040698138663460734614477939,-27.504540360060739758683288197890542,29.589584092386140132572026777521723,0.68841757057956236555377027378313294,1.9329843630321258747345627376526234,0.68841757057956236555377027378313294,947,below,True
949,1360.393144762191152312089751910287813455,0.5+1360.393144762191152312089751910287813455i,7.0200771463908073926717891517794033,-4.9287207590746657376982860376245624,-31.625831732235578024013492029134735,35.229903183116798887036740602550888,47.342785205852242720793800624642058,1.9329843630321258747345627376526234,0.99992995144852938680101101864143328,0.99992995144852938680101101864143328,950,above,False
950,1361.393074713639681698890762928929246735,0.5+1361.393074713639681698890762928929246735i,7.0658636421444628349622210042880043,-1.1356127347435337547661640514730724,-38.549970344472943578884903256197519,2.7041456258359074672713063792461699,38.644697141075783981194045187008648,0.99992995144852938680101101864143328,1.6292538896410751396519749756423415,0.99992995144852938680101101864143328,949,below,False
951,1363.022328603280756838542737904571588213,0.5+1363.022328603280756838542737904571588213i,0.62136100970409723039980114495922535,-3.5946110495328471064662908950884436,5.4023559081731426535224956824256067,20.849163055875514153314397042471797,21.537712262193904345488169677374365,1.6292538896410751396519749756423415,0.85686219385371559942196049711896776,0.85686219385371559942196049711896776,952,above,True
952,1363.879190797134472437964698401690555977,0.5+1363.879190797134472437964698401690555977i,1.542051540881010906211920368346131,-0.97314011972845202859596359814065228,-7.118471972369007336725001007447799,7.1025188796868004990267716845865333,10.05576539392753281503067432073673,0.85686219385371559942196049711896776,0.69739409961950020331504752925871046,0.69739409961950020331504752925871046,953,above,False
953,1364.576584896753972641279745930949266436,0.5+1364.576584896753972641279745930949266436i,1.4593905143971307123817065804927556,1.2354488890193747794935098768407115,-5.9817960029107520996523197001537353,-8.8574904117277497104466038882747733,10.688171958491689219832145725466734,0.69739409961950020331504752925871046,0.91714865454127462415602810023693799,0.69739409961950020331504752925871046,952,below,False
954,1365.493733551295247265435774031186204424,0.5+1365.493733551295247265435774031186204424i,0.78996814978096350447451104863950884,4.0137766019413945571781514527283624,4.773320221528635355881778323220723,-23.375854160792698869275718980816743,23.858230103758818270792085767602032,0.91714865454127462415602810023693799,1.6103574187129836145193813199630848,0.91714865454127462415602810023693799,953,below,True
955,1367.104090970008230879955155351149289247,0.5+1367.104090970008230879955155351149289247i,8.1077518512779693452672519872304496,1.5139260753664817169271560223527683,-43.896644697751166769490273076406171,-6.7773977431459102128462145372077933,44.416759628426350351343425659248476,1.6103574187129836145193813199630848,1.2261023379776640149225467343465633,1.2261023379776640149225467343465633,956,above,False
956,1368.33019330798589489487770208549585252,0.5+1368.33019330798589489487770208549585252i,8.1894038537765604659343145147009983,0.21399781546473988753019786828788014,-44.064220580980246639950353080839637,-2.0392729143424683125857077753993344,44.111383671660697168661171676186992,1.2261023379776640149225467343465633,1.3567557693570217061560469928670215,1.2261023379776640149225467343465633,955,below,False
957,1369.68694907734291660103374907836287399,0.5+1369.68694907734291660103374907836287399i,6.2741859550675207309829157150476965,-3.3035417651218351355121438301376968,-31.94700621644038332553934256862124,21.2749654380371802828775514182775,38.382748215610578483795896559232466,1.3567557693570217061560469928670215,1.2865736904407274448879199426200557,1.2865736904407274448879199426200557,958,above,False
958,1370.9735227677836440459216690209829297,0.5+1370.9735227677836440459216690209829297i,2.6680503204588329440180067327626618,-2.7864799419311484918658706006241252,-9.3253643225633802591788470958903978,19.83511741422949914909551873499988,21.917899137116410787234589398197882,1.2865736904407274448879199426200557,0.71303078504374708290786303250668106,0.71303078504374708290786303250668106,959,above,False
959,1371.68655355282739112882953205348961076,0.5+1371.68655355282739112882953205348961076i,3.5023431081154928710489822723711083,1.5406482131428353715120189297372161,-16.112399860049536849200529482540259,-14.551490220921489556613472313167778,21.710718479582799739447190393221605,0.71303078504374708290786303250668106,1.5163610095459909744668382202059786,0.71303078504374708290786303250668106,958,below,False
960,1373.202914562373382103296370273695589324,0.5+1373.202914562373382103296370273695589324i,3.7834716175324316174366332420287507,-2.206190871354086164825037543143056,-17.874925621339522721310075451055172,16.18367486224289987684578279924243,24.112741403980030796316503305125471,1.5163610095459909744668382202059786,0.95188409626726352322342350711464805,0.95188409626726352322342350711464805,961,above,False
961,1374.15479865864064562651979378081023737,0.5+1374.15479865864064562651979378081023737i,3.5953322210264462113852927769464347,0.17849841271249178994796268594422144,-19.330833003695378631891070922686852,-1.7633477395196766132976636150355493,19.41109218635642994680710548975203,0.95188409626726352322342350711464805,1.1475936861082565283007610399956154,0.95188409626726352322342350711464805,960,below,False
962,1375.30239234474890215482055482080585273,0.5+1375.30239234474890215482055482080585273i,3.3572846500838409937413201151299508,0.33517229354858623623405651289467805,-18.271965212078592153794601942444682,0.0075402464062113639111893943503428899,18.271966767885884526022146244121638,1.1475936861082565283007610399956154,0.85938764887044988394425719525834097,0.85938764887044988394425719525834097,963,above,False
963,1376.161779993619352038764812016064193695,0.5+1376.161779993619352038764812016064193695i,2.3653151757552335785931577653183804,3.1422194899819733078057687349132569,-8.8615071080614307454691808994454819,-19.858867876454540684680615343781974,21.746285695738970030178110139945313,0.85938764887044988394425719525834097,1.0158536484852742837171138190889541,0.85938764887044988394425719525834097,962,below,False
964,1377.177633642104626322481925835153147781,0.5+1377.177633642104626322481925835153147781i,2.0324498405170113961137553968927596,8.2636886469776679600795853034456496,6.7296456386414908909112334799219305,-48.890037430685716258897048146179584,49.351027247622078568978265272602828,1.0158536484852742837171138190889541,2.5056493865083000632896523289800128,1.0158536484852742837171138190889541,963,below,True
965,1379.683283028612926385771578164133160624,0.5+1379.683283028612926385771578164133160624i,-1.9869360580674612019140397663218348,-2.303563577527050864014445311851151,23.19082473426226748270632701381612,1.6574880759824998930565823774115133,23.249981044665278146886372747053941,2.5056493865083000632896523289800128,0.46529541307947667815657381141123395,0.46529541307947667815657381141123395,966,above,True
966,1380.148578441692403063928151975544394576,0.5+1380.148578441692403063928151975544394576i,1.8288108867343162078244168544481637,-0.76320727073425850542463882261354139,-11.105489901698052585154557522560024,1.1333776376020408805285200918612175,11.163173868848133495936775335640048,0.46529541307947667815657381141123395,0.92539870751323180672840141169146575,0.46529541307947667815657381141123395,965,below,False
967,1381.073977149205634870656553387235860329,0.5+1381.073977149205634870656553387235860329i,2.9574736401248748546313420025278898,0.75888296116361282681280328771788316,-15.112560540967643881665959569448744,-7.351733471739199677183781731195669,16.805876089746191834653172154377983,0.92539870751323180672840141169146575,1.2716858292680450170858360536924449,0.92539870751323180672840141169146575,966,below,False
968,1382.345662978473679887742389440928305187,0.5+1382.345662978473679887742389440928305187i,3.6169722432384643553820089013704645,-0.131919077715243933249284215026071,-19.447697756050454021536281739943451,2.3846008695176368160864065293465419,19.59334757813462906524796119776531,1.2716858292680450170858360536924449,0.95192802947279501557436839093627136,0.95192802947279501557436839093627136,969,above,False
969,1383.29759100794647490331675783186457655,0.5+1383.29759100794647490331675783186457655i,3.3631892634234678846373373893907437,2.0058809570970685826990957275995584,-16.580773801533187991866450215249318,-13.438433010368467120767871732839189,21.34276321453644924244998947932033,0.95192802947279501557436839093627136,1.1468248398136080700788713583383076,0.95192802947279501557436839093627136,968,below,False
970,1384.444415847760082973395629190202884101,0.5+1384.444415847760082973395629190202884101i,4.6854860927987402881937906241240766,3.1098068750191686334451158968854847,-23.290466086067691641189119036187592,-19.774085717320246139378751285395132,30.552582157032126250313110924545438,1.1468248398136080700788713583383076,1.2193611634326034654782846824242076,1.1468248398136080700788713583383076,969,below,False
971,1385.663777011192686438873913872627091746,0.5+1385.663777011192686438873913872627091746i,7.2387515814349431476737033652930314,3.3896891850107377826421750532913813,-36.841051717937257324616282719580835,-23.031104476897074755870933725383591,43.447610579978690223450087091190917,1.2193611634326034654782846824242076,1.6628706522968441668233362648729222,1.2193611634326034654782846824242076,970,below,False
972,1387.326647663489530605697250137500013944,0.5+1387.326647663489530605697250137500013944i,2.8717615107033580387387890556821869,-3.6746628585723025237072855782193863,-5.4494826399254290996100448002687851,27.687326872957247589529932968418762,28.218521052897672761623621554051704,1.6628706522968441668233362648729222,0.59480646362326641747125306776906511,0.59480646362326641747125306776906511,973,above,False
973,1387.921454127112797023168503205269079057,0.5+1387.921454127112797023168503205269079057i,3.6573355495262862465978534735109247,2.6606353954844085834340097189157271,-13.020162801620288264229834913344476,-23.60000379062584661445632230469027,26.95338231647840895916314259670188,0.59480646362326641747125306776906511,1.6443776712811401718411522532076518,0.59480646362326641747125306776906511,972,below,False
974,1389.56583179839393719500965545847673088,0.5+1389.56583179839393719500965545847673088i,5.0692030370147570673306751891604968,-3.9986315750979665587259238649088799,-23.597893048997256856084271784954801,26.367541419646024677170020261098564,35.385135252937238843622343796013353,1.6443776712811401718411522532076518,1.1396584880337279265049677111193153,1.1396584880337279265049677111193153,975,above,False
975,1390.705490286427665121514623169596046208,0.5+1390.705490286427665121514623169596046208i,3.5203950369737262017431879223948647,-2.4237311290413436133154488534003947,-17.428415456114881172472533026397087,15.383203227956667427764134842108422,23.246346097044165663199278085383773,1.1396584880337279265049677111193153,1.1477101568420902630122675329605407,1.1396584880337279265049677111193153,974,below,False
976,1391.853200443269755384526890702556586919,0.5+1391.853200443269755384526890702556586919i,2.1713093234464033740444151676815775,-1.3620201063386070808103406151313349,-9.7598443098929454877061729515488602,10.490319208181748187116750445599895,14.32834107783928507691186218032874,1.1477101568420902630122675329605407,0.79082734527889287130413493803653646,0.79082734527889287130413493803653646,977,above,False
977,1392.644027788548648255831025640593123381,0.5+1392.644027788548648255831025640593123381i,1.9547109182531266883776248241911835,0.93414135603759577268310245585846512,-10.158577698103382410759146526863711,-5.8802420364710497614763601659772792,11.737714737370499507252768617310006,0.79082734527889287130413493803653646,0.78937395224501677058644543474181401,0.78937395224501677058644543474181401,978,above,False
978,1393.433401740793665026417471075334937394,0.5+1393.433401740793665026417471075334937394i,0.42542444974094627748302983038819542,3.6750640693262987459185050276896165,7.015590605401704960643086453739075,-20.929544079563513946606587891717177,22.074064576352783681993365347900179,0.78937395224501677058644543474181401,1.4507829348866894526120044930048453,0.78937395224501677058644543474181401,977,below,True
979,1394.88418467568035447902947556833978274,0.5+1394.88418467568035447902947556833978274i,7.7645800725647154972145290527409056,6.2590950350227767359429746352845406,-37.150361267010133035268840072588998,-39.769555263563827505217047681365846,54.422117453577861265691269353343902,1.4507829348866894526120044930048453,1.6599784480021472912181613781069606,1.4507829348866894526120044930048453,978,below,False
980,1396.544163123682501770247636946446743349,0.5+1396.544163123682501770247636946446743349i,7.5909957029162408464745595479206456,-5.9478126060697578083425574977395355,-35.720002666705409692875397041154949,38.90651842430270132127578131242032,52.81700262614347876620833888054258,1.6599784480021472912181613781069606,1.2904601977047225090677189537188722,1.2904601977047225090677189537188722,981,above,False
981,1397.834623321387224279315355900165615556,0.5+1397.834623321387224279315355900165615556i,2.6987058608922733779302244989134121,-4.2975751209070866583861701201335261,-8.6999836363549933366988548293172816,26.923711127868982365787828898163856,28.29445062498617808157348197636289,1.2904601977047225090677189537188722,1.0030518799986409545954257233860261,1.0030518799986409545954257233860261,982,above,False
982,1398.837675201385865233910781623551641673,0.5+1398.837675201385865233910781623551641673i,2.6513985262942873528766029405670291,-1.734488184366471919951643974227354,-13.156143917885336228195424566203404,11.173550934243300363801478365257078,17.260717345123309066949060352716354,1.0030518799986409545954257233860261,1.0017977398206162331432041225915176,1.0017977398206162331432041225915176,983,above,False
983,1399.839472941206481467053985746143159286,0.5+1399.839472941206481467053985746143159286i,2.1512535690402318072292530279064664,-0.31526270158524158673002665934067759,-11.224378493005856025416033220366015,4.4734735096603260059609865673057391,12.082989605055740774050009041536545,1.0017977398206162331432041225915176,0.58747335618781679399743927839350351,0.58747335618781679399743927839350351,984,above,False
984,1400.426946297394298261051425024536662798,0.5+1400.426946297394298261051425024536662798i,0.48835106049095423711076301320498064,2.9733816749498078116605254643448843,8.1125157658607973425275758188397851,-17.842110236941018649744152090695962,19.599842085039754011283634914421078,0.58747335618781679399743927839350351,2.1374009526716955561396862194148409,0.58747335618781679399743927839350351,983,below,True
985,1402.564347250065993817191111243951503735,0.5+1402.564347250065993817191111243951503735i,0.8099076263412432721918183325379561,-2.2787897166776371751308010159907781,7.0677185671448447883584770152141796,16.392799525562752983805681265666037,17.85151315798339816481820255859491,2.1374009526716955561396862194148409,0.4094003908532142333062075118769716,0.4094003908532142333062075118769716,986,above,True
986,1402.973747640919208050497318755828475335,0.5+1402.973747640919208050497318755828475335i,1.4343221358713577608047576640324076,1.4922767289291608968350975837487881,-2.6075968953387465330129491810394226,-13.020828791551984796723262685647202,13.279365345809617816974603331537593,0.4094003908532142333062075118769716,1.0325445296035490789434091949051181,0.4094003908532142333062075118769716,985,below,False
987,1404.00629217052275712944072795073359347,0.5+1404.00629217052275712944072795073359347i,2.3764339667987756302552160075242674,5.372793635055053561828515978956853,-2.4586811339287294847891212419315093,-33.660776027255290256788410147994812,33.750451192174920375476039070634637,1.0325445296035490789434091949051181,1.6606828887241179628165973033967809,1.0325445296035490789434091949051181,986,below,False
988,1405.666975059246875092257325254130374417,0.5+1405.666975059246875092257325254130374417i,9.960997731084836036128070076444112,-1.9780674900484184450990987047390062,-53.294865355594796623659508952592709,13.71356971160717085041056288930192,55.030942818618763612299344154689795,1.6606828887241179628165973033967809,1.4181677171896117489465362998152987,1.4181677171896117489465362998152987,989,above,False
989,1407.085142776436486841203861553945673144,0.5+1407.085142776436486841203861553945673144i,4.0264364658814960104110298496931252,-4.9834161817840109990203858217473182,-15.704482734860720943918631011781261,31.883059676877755343483619304002041,35.540966114174312722638074600256455,1.4181677171896117489465362998152987,1.0511647197530639135602476626230407,1.0511647197530639135602476626230407,990,above,False
990,1408.136307496189550754764109216568713803,0.5+1408.136307496189550754764109216568713803i,3.5449397326044701316175519543696156,-2.393896195882864661625486102256245,-18.168952526138865074184639803597503,14.461780905152439249651038256761536,23.221841934819028296566561181493156,1.0511647197530639135602476626230407,1.1843735836494064949470736359872504,1.0511647197530639135602476626230407,989,below,False
991,1409.320681079838957249711182852555964218,0.5+1409.320681079838957249711182852555964218i,2.0136027736613192199691694314866247,-1.5550786020202536363488876206505405,-8.25793134662306670732498986700131,11.838203728077082330444563206309062,14.433866343880214361702953308312325,1.1843735836494064949470736359872504,0.70412964596326858337211657899269399,0.70412964596326858337211657899269399,992,above,False
992,1410.024810725802225833083299431548658209,0.5+1410.024810725802225833083299431548658209i,2.0934422697084889577427678845969952,1.3660886902720847722383942850783615,-9.1479749791623855976903997205246912,-10.743433533900055506489374733693045,14.110521263111057879883019884028559,0.70412964596326858337211657899269399,1.2322460899043980269409313471467168,0.70412964596326858337211657899269399,991,below,False
993,1411.257056815706623860024230778695375048,0.5+1411.257056815706623860024230778695375048i,3.0515351103982501271549352189267514,1.2334255804909135091772385585621325,-17.318439068497067430188777917860067,-4.7080566184449446022538006631017817,17.946981052303164988479570463353679,1.2322460899043980269409313471467168,0.70859664606638042446994663841803998,0.70859664606638042446994663841803998,994,above,False
994,1411.965653461773004284494177417113415026,0.5+1411.965653461773004284494177417113415026i,-0.17998932345115225494738337854797285,4.9250399703929887969081495099490617,15.808167430346561684115099459300855,-26.126303535372348510341935187652727,30.536566505229095447854964427689643,0.70859664606638042446994663841803998,1.8774953267958487143034262228528265,0.70859664606638042446994663841803998,993,below,True
995,1413.843148788568852998797603639966241538,0.5+1413.843148788568852998797603639966241538i,10.825437411390583551303720741094941,-3.767270589854878192732467151647646,-56.81883292834443061412689250700947,25.616270437568496980048573625325811,62.326343438948534709339825155856154,1.8774953267958487143034262228528265,1.7426360069264982101954348958496096,1.7426360069264982101954348958496096,996,above,False
996,1415.585784795495351208993038535815851149,0.5+1415.585784795495351208993038535815851149i,-0.41689336181511064677948151511691898,-1.1701044579639148759700553758362919,14.714199315146643749039969614528847,1.901137076709371554737465673863448,14.83650847303033810496082262738014,1.7426360069264982101954348958496096,0.19579650778755887377899812457832658,0.19579650778755887377899812457832658,997,above,True
997,1415.781581303282910082772036660394177734,0.5+1415.781581303282910082772036660394177734i,0.88704016526801968288018591215521181,0.74437066716255537767486399243334713,2.0469855353827013194970392538547161,-12.198648179600233223359470577195716,12.369202366835546612581749387086276,0.19579650778755887377899812457832658,1.3212416305397046728529276652543607,0.19579650778755887377899812457832658,996,below,True
998,1417.102822933822614755624964325648538469,0.5+1417.102822933822614755624964325648538469i,5.2973530866244911785227289702195518,1.4120471990436839135065416875889912,-27.652780195023690114036066779046955,-11.593620373354287845589962704411629,29.984800914392445733206909578491446,1.3212416305397046728529276652543607,1.5941409186295509196080875042262046,1.3212416305397046728529276652543607,997,below,False
999,1418.696963852452165675233051829874743058,0.5+1418.696963852452165675233051829874743058i,2.1524872187466362086366539540769352,-2.8108637103207625286268969274586605,-5.1873889319256159145742914975445326,20.194695541177110289791221445013357,20.8502933296369488198711246709554,1.5941409186295509196080875042262046,0.72551709354352079075598625004207617,0.72551709354352079075598625004207617,1000,above,False
1000,1419.422480945995686465989038079916819232,0.5+1419.422480945995686465989038079916819232i,2.6920981207121812662144640110395995,0.71100345263653361406909900391851119,-13.973900459203895790989493218833823,-6.1922343579978241767452848815545571,15.284425418971678681642815184079098,0.72551709354352079075598625004207617,0.99404537775544956838621285299834051,0.72551709354352079075598625004207617,999,below,False
