y,tail_model,c,log_seed_tail,log_after_H1,log_after_raw,after_H1,after_raw
10,exp(-c sqrt(y)/log y),0.5,-0.6866798690285268,0.35436194413686517,1.2381674312098871,1.4252709616013628,3.449286614341395
10,exp(-c sqrt(y)/log y),1.0,-1.3733597380570537,-0.3323179248916617,0.5514875621813602,0.7172592520316731,1.7358332581656413
10,exp(-c sqrt(y)/log y),2.0,-2.7467194761141074,-1.7056776629487154,-0.8218721758756935,0.18164924749213085,0.43960786037191296
10,exp(-c sqrt(y)/log y),4.0,-5.493438952228215,-4.452397139062823,-3.568591651989801,0.011650605348650386,0.02819553485670034
10,exp(-c y/log y),0.05,-0.21714724095162588,0.8238945722137662,1.707700059286788,2.279359704608444,5.516259806164524
10,exp(-c y/log y),0.1,-0.43429448190325176,0.6067473312621403,1.4905528183351622,1.8344548103071752,4.439549104892583
10,exp(-c y/log y),0.2,-0.8685889638065035,0.1724528493588885,1.0562583364319105,1.1882157941576836,2.875591339580976
10,exp(-c y/log y),0.5,-2.1714724095162588,-1.1304305963508667,-0.24662510927784487,0.3228941894238487,0.7814335908288885
20,exp(-c sqrt(y)/log y),0.5,-0.7464178282016596,0.8184790859883451,3.1032767722751684,2.267049227221984,22.270808215366603
20,exp(-c sqrt(y)/log y),1.0,-1.4928356564033192,0.07206125778668548,2.3568589440735086,1.0747211770880127,10.557736873340742
20,exp(-c sqrt(y)/log y),2.0,-2.9856713128066383,-1.4207743986166337,0.8640232876701894,0.24152690635515356,2.37268752071952
20,exp(-c sqrt(y)/log y),4.0,-5.971342625613277,-4.406445711423272,-2.121648025136449,0.01219845821043074,0.11983397628315628
20,exp(-c y/log y),0.05,-0.33380820069533407,1.2310887134946706,3.5158863997814938,3.4249563033768973,33.64573828508621
20,exp(-c y/log y),0.1,-0.6676164013906681,0.8972805127993365,3.1820781990861597,2.4529233388718117,24.0967794572119
20,exp(-c y/log y),0.2,-1.3352328027813363,0.22966411140866838,2.5144617976954917,1.2581773315354918,12.359954832513633
20,exp(-c y/log y),0.5,-3.3380820069533406,-1.773185092763336,0.5116125935234872,0.1697913255371768,1.6679787991657389
30,exp(-c sqrt(y)/log y),0.5,-0.8051907843664982,0.9564901651282712,4.006927466229536,2.6025459179294708,54.97768998094396
30,exp(-c sqrt(y)/log y),1.0,-1.6103815687329963,0.15129938076177307,3.2017366818630384,1.1633448890314788,24.57517241462235
30,exp(-c sqrt(y)/log y),2.0,-3.2207631374659926,-1.4590821879712232,1.5913551131300419,0.23244952182162754,4.91039856737484
30,exp(-c sqrt(y)/log y),4.0,-6.441526274931985,-4.679845325437216,-1.6294080243359508,0.009280449225483097,0.19604559400374372
30,exp(-c y/log y),0.05,-0.4410211556928091,1.3206597938019602,4.3710970949032255,3.7458920784707463,79.13039765157359
30,exp(-c y/log y),0.1,-0.8820423113856182,0.8796386381091512,3.9300759392104165,2.4100286565322477,50.91084365167829
30,exp(-c y/log y),0.2,-1.7640846227712363,-0.0024036732764669555,3.048033627824798,0.997599213232938,21.07386459255564
30,exp(-c y/log y),0.5,-4.410211556928091,-2.6485306074333215,0.40190669366794385,0.07075510373712879,1.4946718638202396
40,exp(-c sqrt(y)/log y),0.5,-0.857246136531169,1.076224404413304,4.9172957641840735,2.933582593941828,136.6326263043764
40,exp(-c sqrt(y)/log y),1.0,-1.714492273062338,0.21897826788213504,4.060049627652904,1.2448042241614596,57.97718827934063
40,exp(-c sqrt(y)/log y),2.0,-3.428984546124676,-1.495514005180203,2.345557354590566,0.22413336940436496,10.439089380816867
40,exp(-c sqrt(y)/log y),4.0,-6.857969092249352,-4.924498551304879,-1.0834271915341098,0.007266369077692714,0.3384336588417022
40,exp(-c y/log y),0.05,-0.5421700613636337,1.3913004795808392,5.232371839351608,4.020074680032298,187.23637187064324
40,exp(-c y/log y),0.1,-1.0843401227272673,0.8491304182172057,4.6902017779879746,2.33761322197731,108.87514619911478
40,exp(-c y/log y),0.2,-2.1686802454545346,-0.23520970451006162,3.6058616552607075,0.7904050807378946,36.81339064683675
40,exp(-c y/log y),0.5,-5.421700613636336,-3.488230072691863,0.35284128707890616,0.03055490430016031,1.4231052603159027
50,exp(-c sqrt(y)/log y),0.5,-0.9037610210949657,1.2567608475602574,6.314416354799086,3.514020584353156,552.4795144572556
50,exp(-c sqrt(y)/log y),1.0,-1.8075220421899314,0.3529998264652916,5.4106553337041206,1.4233308964362683,223.7781890284146
50,exp(-c sqrt(y)/log y),2.0,-3.615044084379863,-1.4545222157246398,3.603133291514189,0.2335119055691923,36.71308722074648
50,exp(-c sqrt(y)/log y),4.0,-7.230088168759726,-5.069566300104503,-0.01191079286567387,0.00628514541669287,0.9881598598395549
50,exp(-c y/log y),0.05,-0.6390555465883287,1.5214663220668943,6.579121829305723,4.578934467615612,719.9068504789466
50,exp(-c y/log y),0.1,-1.2781110931766575,0.8824107754785655,5.940066282717394,2.4167188558237394,379.9601134923259
50,exp(-c y/log y),0.2,-2.556222186353315,-0.395700317698092,4.661955189540737,0.673208414357435,105.84282276229142
50,exp(-c y/log y),0.5,-6.390555465883287,-4.230033597228063,0.8276219100107651,0.014551901636645097,2.2878715015049695
60,exp(-c sqrt(y)/log y),0.5,-0.9459348834347872,1.3482619598166352,7.2346661425784715,3.850726992970391,1386.6778681931403
60,exp(-c sqrt(y)/log y),1.0,-1.8918697668695743,0.40232707638184806,6.288731259143685,1.4953003301236785,538.4697169832173
60,exp(-c sqrt(y)/log y),2.0,-3.7837395337391486,-1.4895426904877263,4.39686149227411,0.22547574416853206,81.19563521996118
60,exp(-c sqrt(y)/log y),4.0,-7.567479067478297,-5.273282224226875,0.6131219585349612,0.005126755765554083,1.846186127633404
60,exp(-c y/log y),0.05,-0.7327180100279169,1.5614788332235054,7.447883015985342,4.76586395431254,1716.2260737593297
60,exp(-c y/log y),0.1,-1.4654360200558338,0.8287608231955885,6.715165005957425,2.2904786729123425,824.8198558594521
60,exp(-c y/log y),0.2,-2.9308720401116677,-0.6366751968602453,5.249728985901591,0.5290484852112476,190.51462931098106
60,exp(-c y/log y),0.5,-7.327180100279169,-5.032983257027746,0.8534209257340892,0.006519332686174903,2.347664315805828
70,exp(-c sqrt(y)/log y),0.5,-0.9846545410399158,1.4345638919972576,8.15837013509255,4.197813909298507,3492.489676050565
70,exp(-c sqrt(y)/log y),1.0,-1.9693090820798316,0.44990935095734197,7.173715594052634,1.5681700259353764,1304.6832813955
70,exp(-c sqrt(y)/log y),2.0,-3.938618164159663,-1.5193997311224896,5.2044065119728025,0.21884321230241072,182.0727826802675
70,exp(-c sqrt(y)/log y),4.0,-7.877236328319326,-5.458017895282152,1.2657883478131398,0.004261995098803228,3.5458870268110076
70,exp(-c y/log y),0.05,-0.823821094433354,1.5953973386038194,8.319203581699112,4.93028767660062,4101.891885284748
70,exp(-c y/log y),0.1,-1.647642188866708,0.7715762441704654,7.495382487265758,2.163173257181228,1799.7130009692587
70,exp(-c y/log y),0.2,-3.295284377733416,-0.8760659446962427,5.847740298399049,0.4164179045626949,346.45062025887984
70,exp(-c y/log y),0.5,-8.23821094433354,-5.818992511296367,0.9048137317989262,0.0029705964800563795,2.471471523625205
80,exp(-c sqrt(y)/log y),0.5,-1.0205633894629225,1.5726713481353998,9.566096761848353,4.819505590110032,14272.598109644057
80,exp(-c sqrt(y)/log y),1.0,-2.041126778925845,0.5521079586724773,8.545533372385432,1.7369104971512632,5143.727922866894
80,exp(-c sqrt(y)/log y),2.0,-4.08225355785169,-1.4890188202533676,6.504406593459587,0.22559389514465947,668.0791091924843
80,exp(-c sqrt(y)/log y),4.0,-8.16450711570338,-5.571272378105057,2.422153035607897,0.0038056351438931746,11.270098134585764
80,exp(-c y/log y),0.05,-0.9128196456746749,1.6804150919236474,9.673840505636601,5.367783632381578,15896.28170194913
80,exp(-c y/log y),0.1,-1.8256392913493498,0.7675954462489725,8.761020859961928,2.1545792184898556,6380.621975831064
80,exp(-c y/log y),0.2,-3.6512785826986995,-1.0580438451003773,6.935381568612577,0.3471341948572234,1028.011434093784
80,exp(-c y/log y),0.5,-9.128196456746748,-6.534961719148425,1.4584636945645286,0.0014517846022401994,4.299349338252507
90,exp(-c sqrt(y)/log y),0.5,-1.0541371386280043,1.646927327599726,10.49494666280248,5.1910050391897515,36132.45109395302
90,exp(-c sqrt(y)/log y),1.0,-2.1082742772560086,0.5927901889717218,9.440809524174476,1.8090289126794903,12591.906234238848
90,exp(-c sqrt(y)/log y),2.0,-4.216548554512017,-1.5154840882842868,7.332535246918467,0.21970180403161738,1529.2538977509334
90,exp(-c sqrt(y)/log y),4.0,-8.433097109024034,-5.7320326427963035,3.11598669240645,0.0032404837887918475,22.55567489056891
90,exp(-c y/log y),0.05,-1.0000422972711467,1.7010221689565836,10.549041504159337,5.479545551466118,38140.86292744976
90,exp(-c y/log y),0.1,-2.0000845945422934,0.700979871685437,9.54899920688819,2.015726893796681,14030.645868963107
90,exp(-c y/log y),0.2,-4.000169189084587,-1.2991047228568564,7.5489146123458974,0.2727758937716971,1898.6808078409363
90,exp(-c y/log y),0.5,-10.000422972711467,-7.2993585064837365,1.548660828719017,0.0006759722679646508,4.705164939873299
100,exp(-c sqrt(y)/log y),0.5,-1.0857362047581294,1.6660737877164808,10.944559421731958,5.291351989104322,56645.02381494337
100,exp(-c sqrt(y)/log y),1.0,-2.1714724095162588,0.5803375829583515,9.858823216973828,1.7866414686691907,19126.368601054415
100,exp(-c sqrt(y)/log y),2.0,-4.3429448190325175,-1.5911348265579073,7.68735080745757,0.20369432279541688,2180.5901005025103
100,exp(-c sqrt(y)/log y),4.0,-8.685889638065035,-5.934079645590424,3.344405988425052,0.0026476584176326223,28.343734158955844
100,exp(-c y/log y),0.05,-1.0857362047581296,1.6660737877164806,10.944559421731958,5.291351989104321,56645.02381494337
100,exp(-c y/log y),0.1,-2.171472409516259,0.580337582958351,9.858823216973828,1.78664146866919,19126.368601054415
100,exp(-c y/log y),0.2,-4.342944819032518,-1.5911348265579082,7.687350807457569,0.2036943227954167,2180.5901005025084
100,exp(-c y/log y),0.5,-10.857362047581296,-8.105552055106685,1.1729335789087916,0.00030185854175598936,3.2314584857936155
110,exp(-c sqrt(y)/log y),0.5,-1.1156400692606034,1.8313388842205414,12.839502857467897,6.2422387009657125,376812.44808885746
110,exp(-c sqrt(y)/log y),1.0,-2.231280138521207,0.7156988149599379,11.723862788207294,2.0456156897407745,123483.49571780207
110,exp(-c sqrt(y)/log y),2.0,-4.462560277042414,-1.515581323561269,9.492582649686087,0.21968044230442246,13260.999655326561
110,exp(-c sqrt(y)/log y),4.0,-8.925120554084828,-5.978141600603683,5.030022372643673,0.002533530231028826,152.93643424968806
110,exp(-c y/log y),0.05,-1.1700931760136815,1.7768857774674633,12.785049750714819,5.911418251297381,356842.48707181157
110,exp(-c y/log y),0.1,-2.340186352027363,0.6067926014537819,11.614956574701138,1.834537858307781,110741.7922665629
110,exp(-c y/log y),0.2,-4.680372704054726,-1.733393750573581,9.274770222673775,0.17668377068829935,10665.507578287352
110,exp(-c y/log y),0.5,-11.700931760136815,-8.75395280665567,2.254211166591686,0.0001578361944594322,9.527774518152686
120,exp(-c sqrt(y)/log y),0.5,-1.1440699784620008,1.8499276920087238,13.292284773326102,6.3593596734528575,592605.8425933885
120,exp(-c sqrt(y)/log y),1.0,-2.2881399569240015,0.705857713546723,12.148214794864103,2.025583310297585,188756.8192365281
120,exp(-c sqrt(y)/log y),2.0,-4.576279913848003,-1.5822822433772785,9.8600748379401,0.20550554891780565,19150.322552510977
120,exp(-c sqrt(y)/log y),4.0,-9.152559827696006,-6.1585621572252816,5.283794924092097,0.002115292544312296,197.11649991847156
120,exp(-c y/log y),0.05,-1.2532658691361747,1.7407318013345499,13.183088882651928,5.7015142721225525,531303.5970262866
120,exp(-c y/log y),0.1,-2.5065317382723493,0.4874659321983752,11.929823013515755,1.6281850565151372,151724.70608038967
120,exp(-c y/log y),0.2,-5.013063476544699,-2.019065806073974,9.423291275243404,0.13277944891330873,12373.239011913607
120,exp(-c y/log y),0.5,-12.532658691361746,-9.538661020891022,1.9036960604263573,7.201320731131086e-05,6.710651636000458
130,exp(-c sqrt(y)/log y),0.5,-1.1712042685105413,1.8671466839371398,13.746362308337167,6.469809625796272,933188.3250017088
130,exp(-c sqrt(y)/log y),1.0,-2.3424085370210825,0.6959424154265985,12.575158039826626,2.0055982903563945,289282.2227321143
130,exp(-c sqrt(y)/log y),2.0,-4.684817074042165,-1.646466121594484,10.232749502805543,0.19272979024756315,27798.838071208113
130,exp(-c sqrt(y)/log y),4.0,-9.36963414808433,-6.331283195636649,5.547932428763378,0.0017797485376576984,256.7062483815542
130,exp(-c y/log y),0.05,-1.3353783247269315,1.7029726277207495,13.582188252120776,5.490243608778902,791898.2989390745
130,exp(-c y/log y),0.1,-2.670756649453863,0.367594302993818,12.246809927393844,1.444255989771503,208315.68561071483
130,exp(-c y/log y),0.2,-5.341513298907726,-2.303162346460045,9.576053277939982,0.09994229131127284,14415.413253233233
130,exp(-c y/log y),0.5,-13.353783247269314,-10.315432294821633,1.5637833295783938,3.311804377945327e-05,4.7768595351949905
140,exp(-c sqrt(y)/log y),0.5,-1.1971889661688202,1.9699349518305977,15.164013085857697,7.170210064137856,3851653.46639282
140,exp(-c sqrt(y)/log y),1.0,-2.3943779323376404,0.7727459856617775,13.966824119688876,2.165705091200009,1163361.3864990827
140,exp(-c sqrt(y)/log y),2.0,-4.788755864675281,-1.6216319466758629,11.572446187351236,0.19757600234304265,106132.77539897541
140,exp(-c sqrt(y)/log y),4.0,-9.577511729350562,-6.410387811351144,6.783690322675955,0.0016443866665836774,883.3224616549232
140,exp(-c y/log y),0.05,-1.4165330878602573,1.7505908301391606,14.94466896416626,5.75800367331253,3093052.3108019233
140,exp(-c y/log y),0.1,-2.8330661757205147,0.3340577422789033,13.528135876306003,1.3966237854864036,750230.5785321755
140,exp(-c y/log y),0.2,-5.666132351441029,-2.4990084334416114,10.695069700585488,0.08216643172997988,44137.70569662652
140,exp(-c y/log y),0.5,-14.165330878602573,-10.998206960603156,2.195871173423944,1.6731674461713357e-05,8.987827603731905
150,exp(-c sqrt(y)/log y),0.5,-1.2221452964603468,1.9859287716199732,15.620268580625773,7.285811098571648,6078500.411197087
150,exp(-c sqrt(y)/log y),1.0,-2.4442905929206935,0.7637834751596264,14.398123284165425,2.1463816591555025,1790710.9615181163
150,exp(-c sqrt(y)/log y),2.0,-4.888581185841387,-1.680507117761067,11.953832691244733,0.18627948644666004,155411.65144750843
150,exp(-c sqrt(y)/log y),4.0,-9.777162371682774,-6.569088303602454,7.065251505403346,0.0014030760085447156,1170.5763407113063
150,exp(-c y/log y),0.05,-1.496816183935163,1.711257884145157,15.345597693150957,5.535920646602443,4618579.245531683
150,exp(-c y/log y),0.1,-2.993632367870326,0.21444170020999387,13.848781509215794,1.2391698755250369,1033830.6189956882
150,exp(-c y/log y),0.2,-5.987264735740652,-2.779190667660332,10.855149141345468,0.06208873747136147,51800.19233882796
150,exp(-c y/log y),0.5,-14.968161839351628,-11.760087771271309,1.8742520377344913,7.810139197631552e-06,6.515943617261358
160,exp(-c sqrt(y)/log y),0.5,-1.2461751164763546,2.0424709166135395,16.558662410728974,7.7096355494993345,15535874.799232082
160,exp(-c sqrt(y)/log y),1.0,-2.492350232952709,0.7962958001371847,15.31248729425262,2.2173123296865214,4468160.203375692
160,exp(-c sqrt(y)/log y),2.0,-4.984700465905418,-1.6960544328155245,12.82013706129991,0.18340573800529525,369585.3798557398
160,exp(-c sqrt(y)/log y),4.0,-9.969400931810837,-6.680754898720943,7.835436595394492,0.0012548303451034735,2528.6392606549052
160,exp(-c y/log y),0.05,-1.5763006925963616,1.7123453404935323,16.228536834608967,5.541943993123318,11167706.627469756
160,exp(-c y/log y),0.1,-3.1526013851927233,0.13604464789717063,14.652236142012606,1.1457330470241753,2308794.6320713204
160,exp(-c y/log y),0.2,-6.3052027703854465,-3.0165567372955526,11.499634756819884,0.04896954340449505,98679.72233229662
160,exp(-c y/log y),0.5,-15.763006925963616,-12.474360892873722,2.0418306012417133,3.823436651203078e-06,7.7047005314983705
170,exp(-c sqrt(y)/log y),0.5,-1.2693649264294224,2.0971156397060007,17.497896250895113,8.142649673046728,39741091.10875545
170,exp(-c sqrt(y)/log y),1.0,-2.538729852858845,0.8277507132765782,16.228531324465692,2.288166205805155,11167645.09197572
170,exp(-c sqrt(y)/log y),2.0,-5.07745970571769,-1.7109791395822667,13.689801471606845,0.18068878643151548,881871.3578793182
170,exp(-c sqrt(y)/log y),4.0,-10.15491941143538,-6.7884388452999564,8.612341765889155,0.001126726396066908,5499.1112424931725
170,exp(-c y/log y),0.05,-1.6550493762917151,1.711431189843708,17.11221180103282,5.536880136337343,27023348.270134754
170,exp(-c y/log y),0.1,-3.3100987525834302,0.0563818135519929,15.457162424741105,1.0580015659637656,5163692.202717538
170,exp(-c y/log y),0.2,-6.6201975051668605,-3.2537169390314373,12.147063672157675,0.03863035397883885,188539.66198721132
170,exp(-c y/log y),0.5,-16.55049376291715,-13.184013196781727,2.2167674144073857,1.88042414639909e-06,9.177615435491063
180,exp(-c sqrt(y)/log y),0.5,-1.2917888835046656,2.150059889886398,18.437895943939075,8.58537255876843,101736423.55393028
180,exp(-c sqrt(y)/log y),1.0,-2.583577767009331,0.8582710063817327,17.14610706043441,2.3590783341512362,27955011.96450571
180,exp(-c sqrt(y)/log y),2.0,-5.167155534018662,-1.7253067606275985,14.56252929342508,0.1781184036780859,2110698.078074222
180,exp(-c sqrt(y)/log y),4.0,-10.334311068037325,-6.892462294646261,9.395373759406416,0.0010154105204156114,12032.586131700544
180,exp(-c y/log y),0.05,-1.7331166536569935,1.7087321197340704,17.99656817378675,5.5219558585569954,65435021.74503763
180,exp(-c y/log y),0.1,-3.466233307313987,-0.02438453392292317,16.263451520129752,0.9759103669546876,11564510.423228035
180,exp(-c y/log y),0.2,-6.932466614627974,-3.49061784123691,12.797218212815768,0.03048203329494497,361211.2379342551
180,exp(-c y/log y),0.5,-17.331166536569935,-13.889317763178871,2.398518290873806,9.288507541616043e-07,11.006855334106579
190,exp(-c sqrt(y)/log y),0.5,-1.3135111029150068,2.165493827690194,18.89738554958834,8.718906491358362,161075788.72167277
190,exp(-c sqrt(y)/log y),1.0,-2.6270222058300137,0.851982724775187,17.583874446673335,2.344290329552357,43309148.251503654
190,exp(-c sqrt(y)/log y),2.0,-5.254044411660027,-1.7750394810548267,14.95685224084332,0.16947675824619793,3130966.312295619
190,exp(-c sqrt(y)/log y),4.0,-10.508088823320055,-7.029083892714854,9.702807829183293,0.000885742844500928,16363.488635182915
190,exp(-c y/log y),0.05,-1.8105501078992252,1.6684548227059754,18.400346544604123,5.303965894447737,97987114.62816952
190,exp(-c y/log y),0.1,-3.6211002157984504,-0.14209528519324977,16.589796436704898,0.86753858896538,16027177.55977622
190,exp(-c y/log y),0.2,-7.242200431596901,-3.7631955009917,12.968696220906446,0.023209455910689333,428778.70296241035
190,exp(-c y/log y),0.5,-18.10550107899225,-14.626496148387051,2.105395573511096,4.4441983436741085e-07,8.210350164351103
200,exp(-c sqrt(y)/log y),0.5,-1.3345874402522668,2.2876239927647255,20.80115651248949,9.851502609769486,1081004471.9830258
200,exp(-c sqrt(y)/log y),1.0,-2.6691748805045337,0.9530365525124584,19.466569072237224,2.5935732355170917,284592551.7219208
200,exp(-c sqrt(y)/log y),2.0,-5.338349761009067,-1.7161383279920752,16.797394191732693,0.1797589795256873,19724936.229897663
200,exp(-c sqrt(y)/log y),4.0,-10.676699522018135,-7.0544880890011425,11.459044430723624,0.000863524671735971,94754.48251808381
200,exp(-c y/log y),0.05,-1.8873916581775487,1.7348197748394434,20.24835229456421,5.667906212442354,621938825.4898841
200,exp(-c y/log y),0.1,-3.7747833163550975,-0.15257188333810534,18.36096063638666,0.8584971800952628,94202816.32443395
200,exp(-c y/log y),0.2,-7.549566632710195,-3.927355199693203,14.586177320031563,0.019695694908306256,2161206.784189297
200,exp(-c y/log y),0.5,-18.873916581775486,-15.251705148758493,3.261827370966273,2.3783108342616686e-07,26.09718283029214
210,exp(-c sqrt(y)/log y),0.5,-1.3550668901776324,2.2671445428393597,20.780677062564127,9.651801123328022,1059091246.3101437
210,exp(-c sqrt(y)/log y),1.0,-2.7101337803552648,0.9120776526617274,19.425610172386495,2.489489458387989,273171448.4654633
210,exp(-c sqrt(y)/log y),2.0,-5.4202675607105295,-1.7980561276935374,16.715476392031228,0.1656205206576044,18173524.443416514
210,exp(-c sqrt(y)/log y),4.0,-10.840535121421059,-7.218323688404067,11.2952088313207,0.0007330301765258607,80435.33360455603
210,exp(-c y/log y),0.05,-1.9636784821851383,1.6585329508318538,20.17206547055662,5.251600833712759,576257674.7108147
210,exp(-c y/log y),0.1,-3.9273569643702766,-0.3051455313532845,18.208386988371483,0.7370161076349423,80872709.45721644
210,exp(-c y/log y),0.2,-7.854713928740553,-4.232502495723561,14.281030024001206,0.01451601878237708,1592841.4010242452
210,exp(-c y/log y),0.5,-19.636784821851382,-16.01457338883439,2.498959130890377,1.1090704833547893e-07,12.169820176081306
220,exp(-c sqrt(y)/log y),0.5,-1.3749926970969915,2.2816333618039235,21.24196308070437,9.792662314442378,1679837804.4059792
220,exp(-c sqrt(y)/log y),1.0,-2.749985394193983,0.906640664706932,19.86697038360738,2.475990863291084,424732613.2532948
220,exp(-c sqrt(y)/log y),2.0,-5.499970788387966,-1.8433447294870509,17.116984989413396,0.15828711215151997,27152644.133375637
220,exp(-c sqrt(y)/log y),4.0,-10.999941576775932,-7.343315517875016,11.61701420102543,0.0006469021457962937,110969.89208514767
220,exp(-c y/log y),0.05,-2.0394437519956585,1.6171823069052564,20.577512025805703,5.038872299283195,864370475.3738346
220,exp(-c y/log y),0.1,-4.078887503991317,-0.4222614450904021,18.538068273810044,0.6555626233571498,112455514.39538287
220,exp(-c y/log y),0.2,-8.157775007982634,-4.501148949081719,14.459180769818728,0.011096240196467747,1903454.1547813157
220,exp(-c y/log y),0.5,-20.394437519956586,-16.73781146105567,2.2225182578447757,5.380973376973287e-08,9.23054651829537
230,exp(-c sqrt(y)/log y),0.5,-1.3944032466773733,2.3619140341355496,22.6661880063028,10.611242307541671,6979115359.087273
230,exp(-c sqrt(y)/log y),1.0,-2.7888064933547465,0.9675107874581763,21.271784759625426,2.6313862207325434,1730687836.2161996
230,exp(-c sqrt(y)/log y),2.0,-5.577612986709493,-1.8212957058965702,18.48297826627068,0.1618159491630475,106427894.43668316
230,exp(-c sqrt(y)/log y),4.0,-11.155225973418986,-7.398908692606064,12.905365279561188,0.000611920189906097,402465.75020476006
230,exp(-c y/log y),0.05,-2.1147172276671222,1.6416000531458006,21.945874025313053,5.163424660006233,3396033688.2070603
230,exp(-c y/log y),0.1,-4.2294344553342444,-0.4731171745213216,19.83115679764593,0.6230570604874264,409790576.2970912
230,exp(-c y/log y),0.2,-8.458868910668489,-4.7025516298555665,15.601722342311685,0.009072098904763869,5966806.050635253
230,exp(-c y/log y),0.5,-21.14717227667122,-17.390854995858298,2.9134189763089537,2.800577786161669e-08,18.419667438776752
240,exp(-c sqrt(y)/log y),0.5,-1.4133327885230373,2.40807140209248,23.609682114576344,11.112508903921494,17928941982.148262
240,exp(-c sqrt(y)/log y),1.0,-2.8266655770460747,0.9947386135694427,22.196349326053305,2.7040174554274534,4362666657.568815
240,exp(-c sqrt(y)/log y),2.0,-5.653331154092149,-1.831926963476632,19.36968374900723,0.16010475432059468,258313300.45252532
240,exp(-c sqrt(y)/log y),4.0,-11.306662308184299,-7.485258117568781,13.716352594915081,0.0005612982703271565,905599.6454432032
240,exp(-c y/log y),0.05,-2.189525741039445,1.6318784495760723,22.833489162059934,5.113471100175804,8250083529.750055
240,exp(-c y/log y),0.1,-4.37905148207889,-0.5576472914633728,20.64396342102049,0.5725545344189541,923760522.305706
240,exp(-c y/log y),0.2,-8.75810296415778,-4.936698773542263,16.2649119389416,0.007178256350441841,11581411.790333204
240,exp(-c y/log y),0.5,-21.89525741039445,-18.073853219778933,3.12775749270493,1.4145727247289905e-08,22.822741948261104
250,exp(-c sqrt(y)/log y),0.5,-1.4318120272925539,2.4217944288052076,24.072414700866428,11.266057325301878,28478484260.01156
250,exp(-c sqrt(y)/log y),1.0,-2.8636240545851077,0.9899824015126537,22.640602673573873,2.691187111110199,6802817309.6877165
250,exp(-c sqrt(y)/log y),2.0,-5.727248109170215,-1.873641653072454,19.776978618988768,0.15356341763516027,388179577.4476333
250,exp(-c sqrt(y)/log y),4.0,-11.45449621834043,-7.600889762242669,14.049730509818552,0.000500006348690012,1263922.4637260418
250,exp(-c y/log y),0.05,-2.2638935937338207,1.5897128623639407,23.240333134425164,4.902341079584367,12392200682.18594
250,exp(-c y/log y),0.1,-4.527787187467641,-0.67418073136988,20.97643954069134,0.5095737274106221,1288107006.41362
250,exp(-c y/log y),0.2,-9.055574374935283,-5.201967918837521,16.4486523532237,0.005505718944727162,13917426.991545927
250,exp(-c y/log y),0.5,-22.638935937338207,-18.785329481240446,2.865290790820776,6.9444053910808475e-09,17.554157050211558
260,exp(-c sqrt(y)/log y),0.5,-1.4498686102311826,2.4664764180551106,25.01678176804701,11.780862796812233,73223465101.96063
260,exp(-c sqrt(y)/log y),1.0,-2.8997372204623653,1.0166078078239282,23.566913157815826,2.763803491888505,17178306209.60417
260,exp(-c sqrt(y)/log y),2.0,-5.7994744409247305,-1.883129412638437,20.667175937353463,0.1521133347471333,945454136.1277422
260,exp(-c sqrt(y)/log y),4.0,-11.598948881849461,-7.682603853563167,14.867701496428731,0.0004607735485441812,2863918.9194921157
260,exp(-c y/log y),0.05,-2.337842887370241,1.5785021409160525,24.128807490907953,4.847689215100524,30130611669.89514
260,exp(-c y/log y),0.1,-4.675685774740482,-0.7593407464541886,21.79096460353771,0.4679748394099866,2908678244.806051
260,exp(-c y/log y),0.2,-9.351371549480964,-5.43502652119467,17.11527882879723,0.004361119357523274,27106356.859320965
260,exp(-c y/log y),0.5,-23.378428873702408,-19.462083845416114,3.0882215045757846,3.5295909693649478e-09,21.938026579803857
270,exp(-c sqrt(y)/log y),0.5,-1.4675275323561718,2.5101247522295473,25.961546496041226,12.30646522372541,188345992888.23254
270,exp(-c sqrt(y)/log y),1.0,-2.9350550647123437,1.0425972198733757,24.494018963685054,2.8365746635877853,43412747828.27649
270,exp(-c sqrt(y)/log y),2.0,-5.870110129424687,-1.892457844838968,21.55896389897271,0.15070095370958317,2306423513.139593
270,exp(-c sqrt(y)/log y),4.0,-11.740220258849375,-7.762567974263655,15.688853769548023,0.0004253628560912379,6510024.447460802
270,exp(-c y/log y),0.05,-2.411393799694104,1.5662584848916152,25.017680228703295,4.788697648995432,73289283067.47026
270,exp(-c y/log y),0.1,-4.822787599388208,-0.8451353148024889,22.606286429009188,0.429499236674096,6573330254.098105
270,exp(-c y/log y),0.2,-9.645575198776417,-5.667922914190697,17.78349882962098,0.0034550342308301636,52878047.50091721
270,exp(-c y/log y),0.5,-24.11393799694104,-20.13628571235532,3.3151360314563583,1.7985488127393286e-09,27.526138150561035
280,exp(-c sqrt(y)/log y),0.5,-1.4848114755935196,2.5532465492951664,26.906686202923083,12.848750243486021,484646794069.29706
280,exp(-c sqrt(y)/log y),1.0,-2.969622951187039,1.068435073701647,25.421874727329566,2.9108207139402524,109794330217.9795
280,exp(-c sqrt(y)/log y),2.0,-5.939245902374078,-1.901187877485392,22.452251776142525,0.14939105551018675,5634936841.608098
280,exp(-c sqrt(y)/log y),4.0,-11.878491804748156,-7.84043377985947,16.51300587376845,0.00039349831198595117,14842509.330614125
280,exp(-c y/log y),0.05,-2.484564817136348,1.553493207752338,25.906932861380255,4.727957106116876,178335574320.80762
280,exp(-c y/log y),0.1,-4.969129634272696,-0.9310716093840101,23.422368044243907,0.3941311293743911,14866378805.288807
280,exp(-c y/log y),0.2,-9.938259268545393,-5.900201243656706,18.453238409971213,0.0027388935783443746,103309346.58135678
280,exp(-c y/log y),0.5,-24.84564817136348,-20.807590146474794,3.5458495071531253,9.191331241242122e-10,34.6691245053605
290,exp(-c sqrt(y)/log y),0.5,-1.5017410945003113,2.595857549286012,27.852180234135503,13.408080522606376,1247521918222.91
290,exp(-c sqrt(y)/log y),1.0,-3.0034821890006227,1.0941164547857007,26.350439139635192,2.9865427717511714,277875536411.646
290,exp(-c sqrt(y)/log y),2.0,-6.006964378001245,-1.909365734214922,23.346956950634567,0.14817433871027733,13786517387.600174
290,exp(-c sqrt(y)/log y),4.0,-12.01392875600249,-7.916330112216167,17.33999257263332,0.00036473842241516283,33936190.61384562
290,exp(-c y/log y),0.05,-2.5573729319834992,1.5402257118028242,26.796548396652312,4.66564324289725,434103315408.15393
290,exp(-c y/log y),0.1,-5.1147458639669985,-1.017147220180675,24.239175464668815,0.3616251068620703,33646519815.383602
290,exp(-c y/log y),0.2,-10.229491727933997,-6.1318930841476735,19.124429600701816,0.002172464407522461,202131614.6165704
290,exp(-c y/log y),0.5,-25.573729319834992,-21.47613067604867,3.780192008800821,4.710152351480861e-10,43.82445560894735
300,exp(-c sqrt(y)/log y),0.5,-1.518335258457834,2.608469544902076,28.31679789523758,13.578254033485493,1985313387098.0132
300,exp(-c sqrt(y)/log y),1.0,-3.036670516915668,1.090134286444242,26.79846263677975,2.9746735040709895,434935089247.4017
300,exp(-c sqrt(y)/log y),2.0,-6.073341033831336,-1.946536230471426,23.76179211986408,0.14276773064742312,20874457511.322216
300,exp(-c sqrt(y)/log y),4.0,-12.146682067662672,-8.019877264302762,17.688451086032742,0.00032886038324558787,48083569.487913996
300,exp(-c y/log y),0.05,-2.6298338105721917,1.4969709927877184,27.205299343123226,4.4681345405684585,653298082129.676
300,exp(-c y/log y),0.1,-5.259667621144383,-1.1328628177844733,24.575465532551032,0.32210979355445557,47096547441.37109
300,exp(-c y/log y),0.2,-10.519335242288767,-6.392530438928857,19.315797911406648,0.0016740148450743815,244762255.4365965
300,exp(-c y/log y),0.5,-26.298338105721914,-22.171533302362004,3.536795047973502,2.3497704148580885e-10,34.356631196618736
310,exp(-c sqrt(y)/log y),0.5,-1.534611258137192,2.620726180885051,28.781733720617826,13.745701827553733,3160444254831.138
310,exp(-c sqrt(y)/log y),1.0,-3.069222516274384,1.0861149227478588,27.247122462480636,2.9627412055679776,681200460999.3212
310,exp(-c sqrt(y)/log y),2.0,-6.138445032548768,-1.9831075935265252,24.177899946206253,0.13764084022956896,31646707326.481377
310,exp(-c sqrt(y)/log y),4.0,-12.276890065097536,-8.121552626075292,18.039454913657483,0.0002970670681180995,68302362.4775123
310,exp(-c y/log y),0.05,-2.701961937586166,1.453375501436077,27.614383041168853,4.277528978671515,983499573547.9309
310,exp(-c y/log y),0.1,-5.403923875172332,-1.248586436150089,24.912421103582687,0.28691007606038654,65967042855.5766
310,exp(-c y/log y),0.2,-10.807847750344663,-6.652510311322421,19.508497228410356,0.001290777780959026,296778678.4024577
310,exp(-c y/log y),0.5,-27.019619375861655,-22.86428193683941,3.296725602893364,1.175353546647078e-10,27.0240065621825
320,exp(-c sqrt(y)/log y),0.5,-1.5505849824448523,2.68943807625459,30.209395471488975,14.72340016732205,13175701734114.693
320,exp(-c sqrt(y)/log y),1.0,-3.1011699648897046,1.1388530938097379,28.65881048904412,3.1231843108725172,2794880562443.298
320,exp(-c sqrt(y)/log y),2.0,-6.202339929779409,-1.9623168710799668,25.55764052415442,0.1405324478838103,125759919328.39537
320,exp(-c sqrt(y)/log y),4.0,-12.404679859558819,-8.164656800859376,19.35530059437501,0.00028453428532241665,254624531.96499142
320,exp(-c y/log y),0.05,-2.7737707405096064,1.4662523181898361,28.986209713424223,4.332966096279773,3877492172991.551
320,exp(-c y/log y),0.1,-5.547541481019213,-1.3075184223197702,26.212438972914615,0.2704904673086369,242056975880.46478
320,exp(-c y/log y),0.2,-11.095082962038425,-6.855059903338983,20.664897491895402,0.0010541084890853308,943302422.6572212
320,exp(-c y/log y),0.5,-27.737707405096064,-23.49768434639662,4.022273048837764,6.238574286434985e-11,55.82786116662023
330,exp(-c sqrt(y)/log y),0.5,-1.566271070924532,2.6737519877749105,30.193709383009296,14.494249546619102,12970639031460.572
330,exp(-c sqrt(y)/log y),1.0,-3.132542141849064,1.1074809168503785,28.627438312084763,3.026724212940392,2708560183648.058
330,exp(-c sqrt(y)/log y),2.0,-6.265084283698128,-2.0250612249986855,25.494896170235698,0.13198576211233898,118111646425.37117
330,exp(-c sqrt(y)/log y),4.0,-12.530168567396256,-8.290145508696813,19.229811886537572,0.0002509779406134673,224595572.3396503
330,exp(-c y/log y),0.05,-2.8452726974983906,1.394750361201052,28.914707756435437,4.033967412144502,3609923714871.203
330,exp(-c y/log y),0.1,-5.690545394996781,-1.4505223362973387,26.069435058937046,0.2344477955119949,209803047582.90085
330,exp(-c y/log y),0.2,-11.381090789993562,-7.14106773129412,20.378889663940264,0.0007919061019723634,708662298.2761073
330,exp(-c y/log y),0.5,-28.452726974983904,-24.21270391628446,3.3072534789499244,3.0518016057798935e-11,27.31001484201436
340,exp(-c sqrt(y)/log y),0.5,-1.581683045633351,2.7130524093203947,31.140721058419683,15.075221102231636,33438232885636.375
340,exp(-c sqrt(y)/log y),1.0,-3.163366091266702,1.1313693636870439,29.55903801278633,3.099898483469655,6875861170403.986
340,exp(-c sqrt(y)/log y),2.0,-6.326732182533404,-2.031996727579658,26.39567192151963,0.13107354152923364,290733222224.57025
340,exp(-c sqrt(y)/log y),4.0,-12.653464365066808,-8.358728910113062,20.068939738986224,0.0002343420143041864,519792233.6298276
340,exp(-c y/log y),0.05,-2.916479431312619,1.3782560236411268,29.805924672740414,3.967975534254435,8801336252326.389
340,exp(-c y/log y),0.1,-5.832958862625238,-1.5382234076714925,26.889445241427794,0.21476230777101715,476362635984.21814
340,exp(-c y/log y),0.2,-11.665917725250477,-7.371182270296731,21.056486378802557,0.0006291239446883775,1395455020.776182
340,exp(-c y/log y),0.5,-29.16479431312619,-24.870058858172445,3.5576097909268434,1.5815053786882597e-11,35.07925011768896
350,exp(-c sqrt(y)/log y),0.5,-1.5968334257579428,2.751501405605639,32.0879943284143,15.666135459170473,86226125559425.05
350,exp(-c sqrt(y)/log y),1.0,-3.1936668515158857,1.1546679798476962,30.491160902656354,3.1729697527177514,17463967996902.889
350,exp(-c sqrt(y)/log y),2.0,-6.387333703031771,-2.0389988716681895,27.29749405114047,0.13015895148773918,716392509366.1343
350,exp(-c sqrt(y)/log y),4.0,-12.774667406063543,-8.42633257469996,20.910160348108697,0.00021902327074134728,1205500111.536719
350,exp(-c y/log y),0.05,-2.9874017914673723,1.3609330398962096,30.697425962704866,3.899830302058455,21464595283382.535
350,exp(-c y/log y),0.1,-5.974803582934745,-1.6264687515711627,27.710024171237496,0.1966226731599146,1082207628543.9144
350,exp(-c y/log y),0.2,-11.94960716586949,-7.601272334505907,21.735220588302752,0.0004998150967157434,2750973231.2878866
350,exp(-c y/log y),0.5,-29.874017914673722,-25.525683083310142,3.8108098394985177,8.209877747065138e-12,45.18701828481785
360,exp(-c sqrt(y)/log y),0.5,-1.6117338276414854,2.7895961071540896,33.035517576649966,16.27444534214434,222404203031640.84
360,exp(-c sqrt(y)/log y),1.0,-3.223467655282971,1.177862279512604,31.423783749008482,3.247424691185792,44378833512570.37
360,exp(-c sqrt(y)/log y),2.0,-6.446935310565942,-2.045605375770367,28.20031609372551,0.12930189004802461,1767020823262.4624
360,exp(-c sqrt(y)/log y),4.0,-12.893870621131883,-8.492540686336309,21.75338078315957,0.0002049917781252398,2801387825.115024
360,exp(-c y/log y),0.05,-3.0580499263730054,1.3432800084225693,31.589201477918447,3.831590566213811,52361959397508.766
360,exp(-c y/log y),0.1,-6.116099852746011,-1.714769917950436,28.53115155154544,0.18000513189862352,2459923951930.1436
360,exp(-c y/log y),0.2,-12.232199705492022,-7.830869770696447,22.41505169879943,0.0003972797876570633,5429167796.314393
360,exp(-c y/log y),0.5,-30.580499263730054,-26.179169328934478,4.066752140561398,4.271016209051237e-12,58.3670863208725
370,exp(-c sqrt(y)/log y),0.5,-1.626395052419119,2.8010317076418776,33.502068176931935,16.461621593860254,354620094816373.7
370,exp(-c sqrt(y)/log y),1.0,-3.252790104838238,1.1746366552227587,31.87567312451282,3.236966595234359,69731489961327.914
370,exp(-c sqrt(y)/log y),2.0,-6.505580209676476,-2.0781534496154794,28.62288301967458,0.12516111525140633,2696249959623.12
370,exp(-c sqrt(y)/log y),4.0,-13.011160419352953,-8.583733659291955,22.1173028099981,0.00018712501046637438,4031090653.8424106
370,exp(-c y/log y),0.05,-3.128433346928386,1.298993413132611,32.000029882422666,3.6656050600546117,78965319822487.55
370,exp(-c y/log y),0.1,-6.256866693856772,-1.8294399337957747,28.871596535494284,0.16050343515667537,3457602464561.739
370,exp(-c y/log y),0.2,-12.513733387713543,-8.086306627652547,22.614729841637512,0.0003077242009362589,6629066564.985914
370,exp(-c y/log y),0.5,-31.284333469283855,-26.85690670922286,3.844129760067201,2.168670716270812e-12,46.71801077703587
380,exp(-c sqrt(y)/log y),0.5,-1.6408271630797184,2.8381661766312236,34.45005971639054,17.08440700811902,915104805697477.0
380,exp(-c sqrt(y)/log y),1.0,-3.281654326159437,1.1973390135515052,32.80923255331082,3.3112938808014576,177365298190216.62
380,exp(-c sqrt(y)/log y),2.0,-6.563308652318874,-2.0843153126079317,29.527578227151388,0.12439226082774398,6662915231470.802
380,exp(-c sqrt(y)/log y),4.0,-13.126617304637747,-8.647623964926805,22.964269574832514,0.0001755434504259443,9402764463.358744
380,exp(-c y/log y),0.05,-3.1985609827828676,1.2804323569280744,32.892325896687396,3.5981950938853235,192732801360138.28
380,exp(-c y/log y),0.1,-6.397121965565735,-1.9181286258547932,29.693764913904527,0.1468815754808079,7867527127340.608
380,exp(-c y/log y),0.2,-12.79424393113147,-8.31525059142053,23.296642948338793,0.0002447555522493089,13110023776.537455
380,exp(-c y/log y),0.5,-31.985609827828675,-27.506616488117732,4.105277051641586,1.1324740087842605e-12,60.65954804714429
390,exp(-c sqrt(y)/log y),0.5,-1.655039552465998,2.8748481068250715,35.39827097712347,17.72273195498091,2361966612037616.5
390,exp(-c sqrt(y)/log y),1.0,-3.310079104931996,1.2198085543590733,33.74323142465747,3.386539333363414,451335203628608.1
390,exp(-c sqrt(y)/log y),2.0,-6.620158209863992,-2.0902705505729227,30.433152319725476,0.12365367671838955,16479731037315.959
390,exp(-c sqrt(y)/log y),4.0,-13.240316419727984,-8.710428760436915,23.812994109861485,0.0001648575549204978,21971107019.701855
390,exp(-c y/log y),0.05,-3.2684412322825573,1.261446427008512,33.78486929730691,3.5305244418570165,470524571258632.2
390,exp(-c y/log y),0.1,-6.536882464565115,-2.0069948052740454,30.516428065024353,0.13439194237274676,17910854918849.008
390,exp(-c y/log y),0.2,-13.07376492913023,-8.543877269839161,23.97954560045924,0.00019473375918436028,25952806745.506657
390,exp(-c y/log y),0.5,-32.68441232282557,-28.154524663534502,4.368898206763895,5.924412614941501e-13,78.95658992062766
400,exp(-c sqrt(y)/log y),0.5,-1.6690410034766703,2.8859383034812573,35.8654813511724,17.920374459058078,3768605187690478.5
400,exp(-c sqrt(y)/log y),1.0,-3.3380820069533406,1.2168973000045873,34.19644034769573,3.376694593207023,710109534277847.2
400,exp(-c sqrt(y)/log y),2.0,-6.676164013906681,-2.1211847069487533,30.858358340742388,0.11988951040786373,25212432469254.05
400,exp(-c sqrt(y)/log y),4.0,-13.352328027813362,-8.797348720855435,24.182194326835706,0.00015113324079495363,31782902561.193108
400,exp(-c y/log y),0.05,-3.338082006953341,1.2168973000045868,34.19644034769573,3.3766945932070214,710109534277847.2
400,exp(-c y/log y),0.1,-6.676164013906682,-2.121184706948754,30.858358340742388,0.11988951040786362,25212432469254.05
400,exp(-c y/log y),0.2,-13.352328027813364,-8.797348720855435,24.182194326835706,0.00015113324079495363,31782902561.193108
400,exp(-c y/log y),0.5,-33.38082006953341,-28.825840762575478,4.1537022851156635,3.0275855277863926e-13,63.6692863324918
410,exp(-c sqrt(y)/log y),0.5,-1.6828397425319115,2.921826670023654,36.814106262236365,18.57518722616693,9731128464506548.0
410,exp(-c sqrt(y)/log y),1.0,-3.365679485063823,1.2389869274917427,35.131266519704454,3.452114450439227,1808486169338903.0
410,exp(-c sqrt(y)/log y),2.0,-6.731358970127646,-2.1266925575720803,31.76558703464063,0.11923099206831338,62462471394789.99
410,exp(-c sqrt(y)/log y),4.0,-13.462717940255292,-8.858051527699725,25.034228064512984,0.00014223192931786473,74512152103.47925
410,exp(-c y/log y),0.05,-3.4074907712397358,1.1971756413158299,35.08945523352854,3.3107529515047904,1734430016401266.5
410,exp(-c y/log y),0.1,-6.8149815424794715,-2.210315129923906,31.681964462288803,0.10966608400493412,57451628274736.66
410,exp(-c y/log y),0.2,-13.629963084958943,-9.025296672403378,24.86698291980933,0.00012032710214084007,63036699142.651825
410,exp(-c y/log y),0.5,-34.074907712397355,-29.47024129984179,4.422038292370921,1.5894132279269238e-13,83.26583261758347
420,exp(-c sqrt(y)/log y),0.5,-1.6964434871973366,2.9326470953903683,37.28171434263054,18.777269992287394,1.5532551952635988e+16
420,exp(-c sqrt(y)/log y),1.0,-3.3928869743946732,1.2362036081930317,35.58527085543321,3.4425194728054196,2847651047318067.0
420,exp(-c sqrt(y)/log y),2.0,-6.7857739487893465,-2.1566833662016416,32.19238388103853,0.11570824722572781,95713826457214.7
420,exp(-c sqrt(y)/log y),4.0,-13.571547897578693,-8.942457314990989,25.406609932249186,0.0001307194263838059,108131069232.06688
420,exp(-c y/log y),0.05,-3.4766745781087844,1.1524160044789205,35.501483251719094,3.16583234264099,2618775538489033.0
420,exp(-c y/log y),0.1,-6.953349156217569,-2.324258573629864,32.02480867361031,0.09785597015839421,80946428367124.7
420,exp(-c y/log y),0.2,-13.906698312435138,-9.277607729847432,25.07145951739274,9.349452029595508e-05,77338638384.60963
420,exp(-c y/log y),0.5,-34.76674578108784,-30.137655198500138,4.211412048740037,8.154224230087555e-14,67.45171770939064
430,exp(-c sqrt(y)/log y),0.5,-1.7098594887248433,2.943597191680036,37.749510166162636,18.984012767628442,2.479727507812173e+16
430,exp(-c sqrt(y)/log y),1.0,-3.4197189774496866,1.2337377029551928,36.0396506774378,3.4340410038528097,4485609046117687.5
430,exp(-c sqrt(y)/log y),2.0,-6.839437954899373,-2.1859812744944938,32.61993169998811,0.11236741625773199,146776435776116.4
430,exp(-c sqrt(y)/log y),4.0,-13.678875909798746,-9.025419229393867,25.780493745088734,0.0001203123561169601,157154265878.73608
430,exp(-c y/log y),0.05,-3.5456401010373635,1.1078165793675159,35.91372955385012,3.0277403413369557,3954891467271069.0
430,exp(-c y/log y),0.1,-7.091280202074727,-2.4378235216698476,32.368089452812754,0.0873507617592813,114099210432577.55
430,exp(-c y/log y),0.2,-14.182560404149454,-9.529103723744575,25.276809250738026,7.270475834746688e-05,94968324889.91873
430,exp(-c y/log y),0.5,-35.45640101037363,-30.802944329968753,4.0029686445138495,4.192289362489476e-14,54.760473352611456
440,exp(-c sqrt(y)/log y),0.5,-1.7230945701553675,3.0023315236458994,39.17991055991093,20.1324214624319,1.0366185057958042e+17
440,exp(-c sqrt(y)/log y),1.0,-3.446189140310735,1.279236953490532,37.45681598975556,3.5938963689683185,1.850497462978743e+16
440,exp(-c sqrt(y)/log y),2.0,-6.89237828062147,-2.166952186820203,34.010626849444826,0.11452613980303677,589695164780463.6
440,exp(-c sqrt(y)/log y),4.0,-13.78475656124294,-9.059330467441672,27.118248568823358,0.00011630081770794009,598832982412.0024
440,exp(-c y/log y),0.05,-3.614393662825787,1.11103243097548,37.288611467240514,3.037492777771606,1.5640052194093156e+16
440,exp(-c y/log y),0.1,-7.228787325651574,-2.503361231850307,33.674217804414724,0.08180955508621494,421237449809714.2
440,exp(-c y/log y),0.2,-14.457574651303148,-9.73214855750188,26.44543047876315,5.934465158379351e-05,305565647761.5463
440,exp(-c y/log y),0.5,-36.14393662825787,-31.4185105344566,4.759068501808429,2.2652401220364848e-14,116.63722791398958
450,exp(-c sqrt(y)/log y),0.5,-1.7361551605343266,3.0366186861155757,40.12927361965118,20.834675419087837,2.678687775896322e+17
450,exp(-c sqrt(y)/log y),1.0,-3.4723103210686532,1.300463525581249,38.39311845911685,3.670997874735926,4.7197553763604456e+16
450,exp(-c sqrt(y)/log y),2.0,-6.9446206421373065,-2.1718467954874043,34.920808138048194,0.11396694879350351,1465258596299859.5
450,exp(-c sqrt(y)/log y),4.0,-13.889241284274613,-9.11646743762471,27.976187495910892,0.00010984201655787338,1412224866070.2104
450,exp(-c y/log y),0.05,-3.682941261617524,1.089832585032378,38.18248751856798,2.973776176244319,3.823346287535355e+16
450,exp(-c y/log y),0.1,-7.365882523235048,-2.593108676585146,34.49954625695045,0.07478718915992685,961529399266790.2
450,exp(-c y/log y),0.2,-14.731765046470096,-9.958991199820193,27.13366373371541,4.730042866510736e-05,608135608120.8682
450,exp(-c y/log y),0.5,-36.82941261617524,-32.056638769525335,5.036016164010263,1.196681766971146e-14,153.85585598740968
460,exp(-c sqrt(y)/log y),0.5,-1.749047325711763,3.047113402471647,40.59759327953334,21.05448080816149,4.278689189862885e+17
460,exp(-c sqrt(y)/log y),1.0,-3.498094651423526,1.2980660767598842,38.84854595382158,3.662207386790858,7.442333676935874e+16
460,exp(-c sqrt(y)/log y),2.0,-6.996189302847052,-2.2000285746636417,35.350451302398056,0.11079999224458884,2251676179400467.0
460,exp(-c sqrt(y)/log y),4.0,-13.992378605694103,-9.196217877510694,28.354261999551003,0.00010142226879957034,2061102190446.1956
460,exp(-c y/log y),0.05,-3.751288594451987,1.044872133731423,38.59535201079312,2.843034972135956,5.777612429637727e+16
460,exp(-c y/log y),0.1,-7.502577188903974,-2.706416460720564,34.84406341634113,0.06677567171083547,1357014439340776.0
460,exp(-c y/log y),0.2,-15.005154377807948,-10.208993649624539,27.34148622743716,3.6837520639170075e-05,748611674523.3175
460,exp(-c y/log y),0.5,-37.512885944519866,-32.71672521633646,4.833754660725241,6.1845310261144034e-15,125.68196901606734
470,exp(-c sqrt(y)/log y),0.5,-1.7617767961331372,3.104039206202799,42.02849928429078,22.28779470986275,1.789556118121805e+18
470,exp(-c sqrt(y)/log y),1.0,-3.5235535922662744,1.342262410069662,40.26672248815764,3.82769352911017,3.073373773621097e+17
470,exp(-c sqrt(y)/log y),2.0,-7.047107184532549,-2.1812911821966123,36.743168895891365,0.11289566761674343,9064743072296190.0
470,exp(-c sqrt(y)/log y),4.0,-14.094214369065098,-9.228398366729161,29.696061711358816,9.821040738235082e-05,7885618011213.373
470,exp(-c y/log y),0.05,-3.81944107863281,1.0463749237031266,39.9708350017911,2.847310668513425,2.2861939879484058e+17
470,exp(-c y/log y),0.1,-7.63888215726562,-2.7730661549296833,36.151393923158295,0.06247016757893431,5015923380768808.0
470,exp(-c y/log y),0.2,-15.27776431453124,-10.411948312195303,28.512511765892675,3.0071029878105724e-05,2414496193864.076
470,exp(-c y/log y),0.5,-38.1944107863281,-33.32859478399216,5.595865294095816,3.3540937372835817e-15,269.31058215704394
480,exp(-c sqrt(y)/log y),0.5,-1.7743489919710573,3.1143106066870523,42.49713891351246,22.517901310715327,2.8593869240128824e+18
480,exp(-c sqrt(y)/log y),1.0,-3.5486979839421147,1.3399616147159947,40.722789921541406,3.8188969131102644,4.8493435275446714e+17
480,exp(-c sqrt(y)/log y),2.0,-7.097395967884229,-2.20873636922612,37.174091937599286,0.10983935725074635,1.3947712867686714e+16
480,exp(-c sqrt(y)/log y),4.0,-14.194791935768459,-9.306132337110348,30.07669596971506,9.086530279182501e-05,11538333660152.404
480,exp(-c y/log y),0.05,-3.8874038711564043,1.001255727501705,40.38408403432712,2.7216973937692535,3.456088483326143e+17
480,exp(-c y/log y),0.1,-7.774807742312809,-2.886148143654699,36.49668016317071,0.05579069701504541,7084460817424107.0
480,exp(-c y/log y),0.2,-15.549615484625617,-10.660955885967507,28.7218724208579,2.344259512247651e-05,2976807164806.2534
480,exp(-c y/log y),0.5,-38.87403871156404,-33.98537911290593,5.397449193919478,1.7391513806825982e-15,220.84237106219095
490,exp(-c sqrt(y)/log y),0.5,-1.7867690459011973,3.1245457774282155,42.965930684641926,22.749559382978017,4.569478162498428e+18
490,exp(-c sqrt(y)/log y),1.0,-3.5735380918023947,1.337776731527018,41.17916163874072,3.8105621779713563,7.653897979277316e+17
490,exp(-c sqrt(y)/log y),2.0,-7.147076183604789,-2.2357613602753768,37.60562354693833,0.10691070129783346,2.1474091286505244e+16
490,exp(-c sqrt(y)/log y),4.0,-14.294152367209579,-9.382837543880166,30.458547363333544,8.41560668822783e-05,16903593752591.996
490,exp(-c y/log y),0.05,-3.9551818864136083,0.9561329369158043,40.797517844129516,2.601616381141613,5.2256085670475994e+17
490,exp(-c y/log y),0.1,-7.910363772827217,-2.999048949497804,36.8423359577159,0.049834440907506175,1.000974944761141e+16
490,exp(-c y/log y),0.2,-15.820727545654433,-10.90941272232502,28.931972184888686,1.8285306898708654e-05,3672788081810.0103
490,exp(-c y/log y),0.5,-39.55181886413608,-34.64050404080667,5.20088086640704,9.032755289682656e-16,181.4319888510909
500,exp(-c sqrt(y)/log y),0.5,-1.7990418237857175,3.1572169747237195,43.91608155687661,23.505089560041064,1.1817126564610888e+19
500,exp(-c sqrt(y)/log y),1.0,-3.598083647571435,1.3581751509380022,42.11703973309089,3.8890898204649527,1.9552304411425398e+18
500,exp(-c sqrt(y)/log y),2.0,-7.19616729514287,-2.239908496633433,38.518956085519456,0.10646824613649823,5.352665160000097e+16
500,exp(-c sqrt(y)/log y),4.0,-14.39233459028574,-9.436075791776304,31.322788790376585,7.979291900041259e-05,40115695810434.05
500,exp(-c y/log y),0.05,-4.022779812350062,0.9334789861593755,41.69234356831227,2.5433420557891044,1.2786590280196728e+18
500,exp(-c y/log y),0.1,-8.045559624700124,-3.0893008261906862,37.6695637559622,0.04553377930368537,2.289199671510492e+16
500,exp(-c y/log y),0.2,-16.091119249400247,-11.134860450890809,29.62400413126208,1.4594578250983734e-05,7337388692284.997
500,exp(-c y/log y),0.5,-40.22779812350062,-35.27153932499118,5.487325257161707,4.805793469467898e-16,241.61009694099272
510,exp(-c sqrt(y)/log y),0.5,-1.811171943493524,3.189539203360434,44.86637508728801,24.27723799557634,3.0564628634892812e+19
510,exp(-c sqrt(y)/log y),1.0,-3.622343886987048,1.37836725986691,43.05520314379449,3.968416941426645,4.996169255548118e+18
510,exp(-c sqrt(y)/log y),2.0,-7.244687773974096,-2.243976627120138,39.43285925680745,0.10603599923305618,1.3349751479466936e+17
510,exp(-c sqrt(y)/log y),4.0,-14.489375547948192,-9.488664401094233,32.18817148283335,7.570514750450044e-05,95311489702678.22
510,exp(-c y/log y),0.05,-4.090202125247646,0.9105090216063125,42.5873449055339,2.48558742913368,3.129312186372779e+18
510,exp(-c y/log y),0.1,-8.180404250495291,-3.179693103641333,38.49714278028625,0.04159841956588325,5.237170085251693e+16
510,exp(-c y/log y),0.2,-16.360808500990583,-11.360097354136624,30.316738529790957,1.1651246894178207e-05,14668721150194.074
510,exp(-c y/log y),0.5,-40.90202125247646,-35.9013101056225,5.775525778305081,2.560112959396426e-16,322.31385580841777
520,exp(-c sqrt(y)/log y),0.5,-1.8231637920576584,3.1775473547962996,44.854383238723884,23.987847664450694,3.0200291143000543e+19
520,exp(-c sqrt(y)/log y),1.0,-3.646327584115317,1.3543835627386414,43.03121944666622,3.8743719131494934,4.877768168703998e+18
520,exp(-c sqrt(y)/log y),2.0,-7.292655168230634,-2.2919440213766755,39.38489186255091,0.10106978891743466,1.272451406964541e+17
520,exp(-c sqrt(y)/log y),4.0,-14.585310336461268,-9.58459918960731,32.09223669432027,6.877988743150071e-05,86592705367744.53
520,exp(-c y/log y),0.05,-4.157453103269395,0.8432580435845631,42.52009392751214,2.3239261086532528,2.9257833407103795e+18
520,exp(-c y/log y),0.1,-8.31490620653879,-3.314195059684832,38.362640824242746,0.03636330709195237,4.578078352259866e+16
520,exp(-c y/log y),0.2,-16.62981241307758,-11.629101266223621,30.04773461770396,8.903186903968449e-06,11208960485390.549
520,exp(-c y/log y),0.5,-41.57453103269395,-36.57381988583999,5.103015998087592,1.306747992119859e-16,164.5173438008603
530,exp(-c sqrt(y)/log y),0.5,-1.83502154134522,3.2094549837476554,45.804949139555525,24.76558489943207,7.81333877632165e+19
530,exp(-c sqrt(y)/log y),1.0,-3.67004308269044,1.3744334424024354,43.969927598210305,3.952836578799513,1.2470874983576537e+19
530,exp(-c sqrt(y)/log y),2.0,-7.34008616538088,-2.2956096402880046,40.299884515519864,0.10069998378424162,3.1770018405437235e+17
530,exp(-c sqrt(y)/log y),4.0,-14.68017233076176,-9.635695805668885,32.95979835013898,6.535374546124344e-05,206185703129465.25
530,exp(-c y/log y),0.05,-4.2245368388931395,0.8199396861997359,43.41543384200761,2.270362899188383,7.162808610652876e+18
530,exp(-c y/log y),0.1,-8.449073677786279,-3.4045971526934036,39.190897003114465,0.03322020005488346,1.0480700468008549e+17
530,exp(-c y/log y),0.2,-16.898147355572558,-11.853670830479683,30.741823325328188,7.112399913832819e-06,22439037989662.47
530,exp(-c y/log y),0.5,-42.24536838893139,-37.200891863838514,5.394602291969356,6.980040486113566e-17,220.2145485838973
540,exp(-c sqrt(y)/log y),0.5,-1.8467491623938384,3.197727362699037,45.793221518506904,24.47683995972124,7.722242117669282e+19
540,exp(-c sqrt(y)/log y),1.0,-3.6934983247876767,1.3509782003051987,43.94647235611307,3.8612007116689413,1.2181771343642106e+19
540,exp(-c sqrt(y)/log y),2.0,-7.386996649575353,-2.342520124482478,40.252974031325394,0.09608518622398604,3.0314087650365766e+17
540,exp(-c sqrt(y)/log y),4.0,-14.773993299150707,-9.729516774057831,32.86597738175004,5.950103955469527e-05,187720896345481.4
540,exp(-c y/log y),0.05,-4.2914572503443,0.7530192747485751,43.348513430556444,2.123401480331458,6.699157395775066e+18
540,exp(-c y/log y),0.1,-8.5829145006886,-3.538437975595725,39.05705618021214,0.029058682020687173,9.167775683191806e+16
540,exp(-c y/log y),0.2,-17.1658290013772,-12.121352476284326,30.474141679523544,5.442062264013611e-06,17169259794687.686
540,exp(-c y/log y),0.5,-42.914572503443,-37.87009597835012,4.725398177457748,3.574590422853406e-17,112.77539405495332
550,exp(-c sqrt(y)/log y),0.5,-1.8583504385502643,3.2289979383907683,46.74404389246969,25.2543378849784,1.998390352146971e+20
550,exp(-c sqrt(y)/log y),1.0,-3.7167008771005285,1.370647499840504,44.88569345391942,3.937899659555981,3.1160827590179434e+19
550,exp(-c sqrt(y)/log y),2.0,-7.433401754201057,-2.3460533772600245,41.168992576818894,0.09574629202487356,7.576459422844883e+17
550,exp(-c sqrt(y)/log y),4.0,-14.866803508402114,-9.77945513146108,33.73559082261784,5.660262863828179e-05,447899871665934.25
550,exp(-c y/log y),0.05,-4.358218092125471,0.7291302848155619,44.24417623889448,2.073276663133384,1.6405958056820214e+19
550,exp(-c y/log y),0.1,-8.716436184250941,-3.629087807309909,39.88595814676901,0.026540383313835195,2.1001558701801645e+17
550,exp(-c y/log y),0.2,-17.432872368501883,-12.34552399156085,31.16952196251807,4.349176715584877e-06,34415286703583.54
550,exp(-c y/log y),0.5,-43.582180921254704,-38.494832544313674,5.0202134097652475,1.9138444814815338e-17,151.4436198930142
560,exp(-c sqrt(y)/log y),0.5,-1.8698289775306947,3.238703494855195,47.21377717854886,25.50063859661183,3.1965602783858596e+20
560,exp(-c sqrt(y)/log y),1.0,-3.7396579550613893,1.3688745173245005,45.343948201018165,3.9309240179823943,4.92749839406178e+19
560,exp(-c sqrt(y)/log y),2.0,-7.479315910122779,-2.370783437736889,41.604290245956776,0.09340751862998195,1.1708834765999114e+18
560,exp(-c sqrt(y)/log y),4.0,-14.958631820245557,-9.850099347859668,34.124974335834,5.274195295508293e-05,661131803354580.4
560,exp(-c y/log y),0.05,-4.424822964729268,0.683709507656622,44.65878319135029,1.9812134443195848,2.4834939623658996e+19
560,exp(-c y/log y),0.1,-8.849645929458536,-3.741113457072646,40.23396022662102,0.023727668676715392,2.974314658957856e+17
560,exp(-c y/log y),0.2,-17.69929185891707,-12.590759386531182,31.384314297162483,3.403319134399767e-06,42661342454138.74
560,exp(-c y/log y),0.5,-44.248229647292675,-39.139697174906786,4.835376508786879,1.004258447520138e-17,125.88597145966568
570,exp(-c sqrt(y)/log y),0.5,-1.881188222508637,3.2693747340227004,48.16484158369013,26.294892900193837,8.274179181781075e+20
570,exp(-c sqrt(y)/log y),1.0,-3.762376445017274,1.3881865115140637,46.283653361181486,4.007575766561284,1.2610585676447893e+20
570,exp(-c sqrt(y)/log y),2.0,-7.524752890034548,-2.37418993350321,42.52127691616421,0.09308986765874476,2.9292465572699095e+18
570,exp(-c sqrt(y)/log y),4.0,-15.049505780069095,-9.898942823537759,34.99652402612966,5.022775359709464e-05,1580510081323223.5
570,exp(-c y/log y),0.05,-4.491275323611286,0.6592876329200514,45.55475448258748,1.9334145428414073,6.0838499783405494e+19
570,exp(-c y/log y),0.1,-8.982550647222572,-3.8319876906912347,41.063479158976186,0.021666506486965224,6.81777094878564e+17
570,exp(-c y/log y),0.2,-17.965101294445144,-12.814538337913806,32.08092851175361,2.7209258816479927e-06,85619014956835.97
570,exp(-c y/log y),0.5,-44.91275323611286,-39.762190279581525,5.133276570085897,5.388900602751383e-18,169.5718227460211
580,exp(-c sqrt(y)/log y),0.5,-1.8924314623240794,3.2998680859192966,49.11602199399389,27.10906261770677,2.1419894380240458e+21
580,exp(-c sqrt(y)/log y),1.0,-3.784862924648159,1.4074366235952174,47.22359053166981,4.0854693741960055,3.228083675302968e+20
580,exp(-c sqrt(y)/log y),2.0,-7.569725849296318,-2.3774263010529415,43.43872760702165,0.09278908162146834,7.331615836370388e+18
580,exp(-c sqrt(y)/log y),4.0,-15.139451698592636,-9.94715215034926,35.86900175772533,4.786374878776117e-05,3781895590172674.0
580,exp(-c y/log y),0.05,-4.557578487491522,0.6347210607518541,46.45087496882644,1.8864958503264033,1.4905916310200864e+20
580,exp(-c y/log y),0.1,-9.115156974983044,-3.922857426739668,41.89329648133492,0.0197844811927618,1.5632465920824927e+18
580,exp(-c y/log y),0.2,-18.23031394996609,-13.038014401722712,32.77813950635188,2.1760170321580127e-06,171935325303297.6
580,exp(-c y/log y),0.5,-45.57578487491522,-40.383485326671845,5.432668581402744,2.895177284215523e-18,228.75889334315045
590,exp(-c sqrt(y)/log y),0.5,-1.9035618408972765,3.3093734513335815,49.586103440480294,27.367972732133335,3.4274498051476077e+21
590,exp(-c sqrt(y)/log y),1.0,-3.807123681794553,1.405811610436305,47.68254159958302,4.07883582396556,5.108162444807478e+20
590,exp(-c sqrt(y)/log y),2.0,-7.614247363589106,-2.401312071358248,43.87541791778846,0.09059900291397764,1.1346238098209108e+19
590,exp(-c sqrt(y)/log y),4.0,-15.228494727178212,-10.015559434947354,36.26117055419935,4.469899968765647e-05,5597914733007269.0
590,exp(-c y/log y),0.05,-4.623735646045236,0.5891996461856222,46.865929635332336,1.8025451640214134,2.2574317548705694e+20
590,exp(-c y/log y),0.1,-9.247471292090472,-4.034535999859614,42.242193989287095,0.01769388817535852,2.2159081409684178e+18
590,exp(-c y/log y),0.2,-18.494942584180944,-13.282007291950086,32.99472269719662,1.7048945580107467e-06,213513824273517.0
590,exp(-c y/log y),0.5,-46.237356460452354,-41.024421168221494,5.252308820925215,1.5251770560857474e-18,191.00676015943984
600,exp(-c sqrt(y)/log y),0.5,-1.9145823659213055,3.3393120482876797,50.53750656557548,28.19971998508008,8.874833837939464e+21
600,exp(-c sqrt(y)/log y),1.0,-3.829164731842611,1.4247296823663742,48.62292419965417,4.156734052360025,1.3081805082716403e+21
600,exp(-c sqrt(y)/log y),2.0,-7.658329463685222,-2.4044350494762368,44.79375946781156,0.0903165055564981,2.842382761464792e+19
600,exp(-c sqrt(y)/log y),4.0,-15.316658927370444,-10.062764513161458,37.135430004126334,4.263800726383017e-05,1.3418758407798148e+16
600,exp(-c y/log y),0.05,-4.689749867037787,0.5641445471711979,47.76233906445899,1.7579433017369615,5.532485679889228e+20
600,exp(-c y/log y),0.1,-9.379499734075575,-4.125605319866589,43.07258919742121,0.016153713464431067,5.083792425540435e+18
600,exp(-c y/log y),0.2,-18.75899946815115,-13.505105053942163,33.69308946334563,1.3639781006113487e-06,429262383027863.3
600,exp(-c y/log y),0.5,-46.89749867037787,-41.643604256168885,5.554590261118911,8.211310315904512e-19,258.42105766995866
610,exp(-c sqrt(y)/log y),0.5,-1.9254959168995307,3.3690854901338327,51.48901666471646,29.051946613800745,2.2982423125636294e+22
610,exp(-c sqrt(y)/log y),1.0,-3.8509918337990614,1.443589573234302,49.56352074781692,4.235873538205158,3.3509161797602724e+21
610,exp(-c sqrt(y)/log y),2.0,-7.701983667598123,-2.4074022605647594,45.71252891401787,0.0900489146154681,7.123592388517856e+19
610,exp(-c sqrt(y)/log y),4.0,-15.403967335196246,-10.109385928162883,38.01054524641974,4.0695789288090116e-05,3.219363787507179e+16
610,exp(-c y/log y),0.05,-4.755624102952237,0.5389573040811264,48.65888847866375,1.7142185213427739,1.3560845306175472e+21
610,exp(-c y/log y),0.1,-9.511248205904474,-4.216666798871111,43.903264375711515,0.014747719786814734,1.1666630838357887e+19
610,exp(-c y/log y),0.2,-19.022496411808948,-13.727915004775586,34.392016169807036,1.091546560214406e-06,863500998458507.1
610,exp(-c y/log y),0.5,-47.55624102952237,-42.261659622489006,5.858271552093619,4.425826959038345e-19,350.1184592055815
620,exp(-c sqrt(y)/log y),0.5,-1.9363052525870943,3.4186928190254227,52.9218428042077,30.529481369271952,9.630842975144332e+22
620,exp(-c sqrt(y)/log y),1.0,-3.8726105051741886,1.4823875664383284,50.98553755162061,4.403446661497938,1.3891131275159854e+22
620,exp(-c sqrt(y)/log y),2.0,-7.745221010348377,-2.3902229387358602,47.112927046446416,0.09160925834851934,2.8899094994520008e+20
620,exp(-c sqrt(y)/log y),4.0,-15.490442020696754,-10.135443949084237,39.36770603609804,3.9649034962431644e-05,1.2507701169909982e+17
620,exp(-c y/log y),0.05,-4.821361197153507,0.5336368744590096,50.03678685964129,1.705122361539125,5.378986140891085e+21
620,exp(-c y/log y),0.1,-9.642722394307015,-4.287724322694498,45.21542566248778,0.013736148798669643,4.333211251218838e+19
620,exp(-c y/log y),0.2,-19.28544478861403,-13.930446717001512,35.57270326818077,8.914230513961268e-07,2812086890234935.0
620,exp(-c y/log y),0.5,-48.21361197153507,-42.85861389992256,6.644536085259723,2.436354505488861e-19,768.5734123792075
630,exp(-c sqrt(y)/log y),0.5,-1.9470130178893532,3.4079850537231637,52.91113503890544,30.20432281549215,9.528268321628282e+22
630,exp(-c sqrt(y)/log y),1.0,-3.8940260357787064,1.4609720358338105,50.96412202101609,4.310147110215792,1.3596808120049093e+22
630,exp(-c sqrt(y)/log y),2.0,-7.788052071557413,-2.433053999944896,47.07009598523739,0.08776837823894641,2.768744934701558e+20
630,exp(-c sqrt(y)/log y),4.0,-15.576104143114826,-10.221106071502309,39.28204391367997,3.6394020401423576e-05,1.148087291365177e+17
630,exp(-c y/log y),0.05,-4.8869638896284915,0.46803418198402547,49.97118416716631,1.5968519853232293,5.037435958763004e+21
630,exp(-c y/log y),0.1,-9.773927779256983,-4.418929707644466,45.08422027753781,0.012047119326763922,3.800389306831405e+19
630,exp(-c y/log y),0.2,-19.547855558513966,-14.192857486901449,35.31029249828083,6.856781510350612e-07,2163043166122239.0
630,exp(-c y/log y),0.5,-48.86963889628491,-43.5146408246724,5.988509160509885,1.2642460571094123e-19,398.8195905031366
640,exp(-c sqrt(y)/log y),0.5,-1.9576217502647455,3.417279692937322,53.38173813158966,30.486369830886854,1.5254371011973495e+23
640,exp(-c sqrt(y)/log y),1.0,-3.915243500529491,1.4596579426725764,51.42411638132491,4.304486895213781,2.1538228552631356e+22
640,exp(-c sqrt(y)/log y),2.0,-7.830487001058982,-2.4555855578569146,47.508872880795415,0.08581293228988422,4.293795273220852e+20
640,exp(-c sqrt(y)/log y),4.0,-15.660974002117964,-10.286072558915897,39.67838587973644,3.4104795300415785e-05,1.7064911423887264e+17
640,exp(-c y/log y),0.05,-4.952434822337541,0.422466620864526,50.386925059516855,1.5257202915291925,7.634199649412796e+21
640,exp(-c y/log y),0.1,-9.904869644675083,-4.529968201473015,45.43449023717932,0.010781018887812575,5.3944652286927454e+19
640,exp(-c y/log y),0.2,-19.809739289350166,-14.434837846148099,35.52962059250423,5.383064409225964e-07,2693507365264864.0
640,exp(-c y/log y),0.5,-49.52434822337541,-44.14944678017334,5.815011658478987,6.700988680121081e-20,335.2953075116172
650,exp(-c sqrt(y)/log y),0.5,-1.9681338856747383,3.465887646979684,54.81486147135847,32.00485618219801,6.394283144467609e+23
650,exp(-c sqrt(y)/log y),1.0,-3.9362677713494767,1.4977537613049456,52.84672758568373,4.471633424847125,8.933922425385584e+22
650,exp(-c sqrt(y)/log y),2.0,-7.872535542698953,-2.438514010044531,48.91045981433425,0.08729046789226944,1.7439852387985195e+21
650,exp(-c sqrt(y)/log y),4.0,-15.745071085397907,-10.311049552743484,41.037924271635305,3.326351016143982e-05,6.645750917931946e+17
650,exp(-c y/log y),0.05,-5.017776544209341,0.4162449884450812,51.76521881282387,1.5162572888874526,3.0293460373060643e+22
650,exp(-c y/log y),0.1,-10.035553088418682,-4.60153155576426,46.74744226861453,0.010036452580751129,2.0051931869964763e+20
650,exp(-c y/log y),0.2,-20.071106176837365,-14.637084644182941,36.71188918019584,4.397389224613934e-07,8785589173886790.0
650,exp(-c y/log y),0.5,-50.17776544209341,-44.74374390943899,6.605229914939798,3.6986132438717815e-20,738.949745268621
660,exp(-c sqrt(y)/log y),0.5,-1.9785517641192667,3.494511035652975,55.76686724303315,32.93418037530791,1.6566955918811944e+24
660,exp(-c sqrt(y)/log y),1.0,-3.9571035282385334,1.5159592715337085,53.78831547891388,4.5537873508898805,2.2907020440805705e+23
660,exp(-c sqrt(y)/log y),2.0,-7.914207056477067,-2.441144256704825,49.831211950675346,0.08706117411241128,4.379458111068426e+21
660,exp(-c sqrt(y)/log y),4.0,-15.828414112954134,-10.355351313181892,41.91700489419828,3.182204360561202e-05,1.6007515221357809e+18
660,exp(-c y/log y),0.05,-5.082991515808033,0.3900712839642084,52.66242749134438,1.4770860826813472,7.430219832772666e+22
660,exp(-c y/log y),0.1,-10.165983031616067,-4.692920231843825,47.57943597553635,0.009159898035590334,4.607724414183746e+20
660,exp(-c y/log y),0.2,-20.331966063232134,-14.858903263459892,37.41345294392028,3.522575462296278e-07,1.7719691742595928e+16
660,exp(-c y/log y),0.5,-50.82991515808033,-45.35685235830809,6.915503849072081,2.0034075415676734e-20,1007.7786679473935
670,exp(-c sqrt(y)/log y),0.5,-1.9888776347922745,3.503631685323862,56.23775319741974,33.23593550630675,2.6530527697746904e+24
670,exp(-c sqrt(y)/log y),1.0,-3.977755269584549,1.5147540505315873,54.24887556262747,4.548302336726469,3.630674427664323e+23
670,exp(-c sqrt(y)/log y),2.0,-7.955510539169098,-2.4630012190529618,50.27112029304292,0.08517892634984377,6.799392977399583e+21
670,exp(-c sqrt(y)/log y),4.0,-15.911021078338196,-10.41851175822206,42.31560975387382,2.987430659407705e-05,2.38471132667455e+18
670,exp(-c y/log y),0.05,-5.1480821136987815,0.3444272064173548,53.07854871851323,1.4111813724903375,1.1264730755749271e+23
670,exp(-c y/log y),0.1,-10.296164227397563,-4.803654907281427,47.930466604814455,0.008199722987609246,6.545414609898348e+20
670,exp(-c y/log y),0.2,-20.592328454795126,-15.09981913467899,37.63430237741689,2.7684193243126863e-07,2.2098859094463588e+16
670,exp(-c y/log y),0.5,-51.480821136987814,-45.98831181687168,6.745809695224203,1.0654423265282852e-20,850.4874836138374
680,exp(-c sqrt(y)/log y),0.5,-1.9991136608886295,3.5318834283201728,57.1899408214426,34.18829822378543,6.875047754141805e+24
680,exp(-c sqrt(y)/log y),1.0,-3.998227321777259,1.5327697674315433,55.19082716055397,4.630985828851074,9.312615829457924e+23
680,exp(-c sqrt(y)/log y),2.0,-7.996454643554518,-2.465457554345716,51.192599838776715,0.08496995510364579,1.7086913632876704e+22
680,exp(-c sqrt(y)/log y),4.0,-15.992909287109036,-10.461912197900233,43.19614519522219,2.860548149323954e-05,5.75237907452846e+18
680,exp(-c y/log y),0.05,-5.21305063453545,0.31794645467335236,53.97600384779578,1.3743026717719202,2.7636346317182976e+23
680,exp(-c y/log y),0.1,-10.4261012690709,-4.895104179862098,48.76295321326033,0.007483129591879399,1.504809422155158e+21
680,exp(-c y/log y),0.2,-20.8522025381418,-15.321205448932997,38.33685194418943,2.218630696102807e-07,4.4615241989143016e+16
680,exp(-c y/log y),0.5,-52.1305063453545,-46.599509256145694,7.058548136976732,5.7821622055023864e-21,1162.7557775708833
690,exp(-c sqrt(y)/log y),0.5,-2.0092619240906817,3.540865966452385,57.66100438330015,34.496779313660035,1.1011741927583685e+25
690,exp(-c sqrt(y)/log y),1.0,-4.018523848181363,1.5316040423617032,55.65174245920947,4.625590517907901,1.4765381017963756e+24
690,exp(-c sqrt(y)/log y),2.0,-8.037047696362727,-2.48691980581966,51.633218611028106,0.0831657390839841,2.6547395850573013e+22
690,exp(-c sqrt(y)/log y),4.0,-16.074095392725454,-10.523967502182387,43.59617091466538,2.6884315665021536e-05,8.581761888875372e+18
690,exp(-c y/log y),0.05,-5.277899298891943,0.2722285916511238,54.39236700849889,1.3128870820376493,4.190876370227457e+23
690,exp(-c y/log y),0.1,-10.555798597783886,-5.005670707240819,49.11446770960695,0.0066998462055726194,2.1386627632525762e+21
690,exp(-c y/log y),0.2,-21.11159719556777,-15.561469305024705,38.558669111823065,1.7447762883785554e-07,5.569513036071759e+16
690,exp(-c y/log y),0.5,-52.77899298891943,-47.22886509837636,6.891273318471406,3.0815165263705236e-21,983.653123830593
700,exp(-c sqrt(y)/log y),0.5,-2.0193244287600858,3.549823211449764,58.13215370369035,34.807163435673466,1.7638984340171767e+25
700,exp(-c sqrt(y)/log y),1.0,-4.0386488575201716,1.530498782689678,56.11282927493026,4.620480863516787,2.3414889795962766e+24
700,exp(-c sqrt(y)/log y),2.0,-8.077297715040343,-2.5081500748304935,52.07418041741009,0.08141871854695831,4.125999822136501e+22
700,exp(-c sqrt(y)/log y),4.0,-16.154595430080686,-10.585447789870837,43.996882702369746,2.5281243776633554e-05,1.281160022994201e+19
700,exp(-c y/log y),0.05,-5.342630254856752,0.2265173853530973,54.808847877593685,1.2542244147786739,6.35594591102713e+23
700,exp(-c y/log y),0.1,-10.685260509713505,-5.116112869503655,49.466217622736934,0.005999297682609913,3.0402223976438767e+21
700,exp(-c y/log y),0.2,-21.37052101942701,-15.80137337921716,38.780957113023426,1.372621303258766e-07,6.955937595406965e+16
700,exp(-c y/log y),0.5,-53.42630254856752,-47.85715490835767,6.7251755838829155,1.6439995855201973e-21,833.118245841299
710,exp(-c sqrt(y)/log y),0.5,-2.0293031058581126,3.577504942195184,59.08459867671153,35.78414585819423,4.572094211272658e+25
710,exp(-c sqrt(y)/log y),1.0,-4.058606211716225,1.5482018363370713,57.05529557085342,4.703005800562253,6.008969916885283e+24
710,exp(-c sqrt(y)/log y),2.0,-8.11721242343245,-2.510404375379154,52.99668935913719,0.08123538300940875,1.037934022177547e+23
710,exp(-c sqrt(y)/log y),4.0,-16.2344248468649,-10.627616798811605,44.879476935704744,2.4237324002066247e-05,3.0967716598777426e+19
710,exp(-c y/log y),0.05,-5.407245581408543,0.1995624666447533,55.706656201161096,1.220868470606121,1.559887914973196e+24
710,exp(-c y/log y),0.1,-10.814491162817086,-5.20768311476379,50.29941061975256,0.005474342429115608,6.994496789128294e+21
710,exp(-c y/log y),0.2,-21.628982325634173,-16.022174277580877,39.48491945693547,1.100672518428965e-07,1.4063150955058e+17
710,exp(-c y/log y),0.5,-54.07245581408543,-48.465647766032134,7.0414459684842114,8.946159015008541e-22,1143.0392109325408
720,exp(-c sqrt(y)/log y),0.5,-2.039199816615566,3.5862540045213254,59.55591379101368,36.098597151745984,7.324951005139011e+25
720,exp(-c sqrt(y)/log y),1.0,-4.078399633231132,1.5470541879057595,57.516713974398115,4.697611499305544,9.532163792665961e+24
720,exp(-c sqrt(y)/log y),2.0,-8.156799266462263,-2.531345445325372,53.43831434116698,0.0795519154974061,1.6142286109732454e+23
720,exp(-c sqrt(y)/log y),4.0,-16.313598532924527,-10.688144711787636,45.281515074704714,2.2813805250738468e-05,4.629265924101405e+19
720,exp(-c y/log y),0.05,-5.471747291589013,0.1537065295478781,56.12336631604023,1.1661486063975461,2.3662917898625364e+24
720,exp(-c y/log y),0.1,-10.943494583178026,-5.318040762041135,50.65161902445122,0.004902349190892175,9.947607515720675e+21
720,exp(-c y/log y),0.2,-21.886989166356052,-16.261535345219162,39.70812444127319,8.663730458787894e-08,1.758001865434884e+17
720,exp(-c y/log y),0.5,-54.71747291589013,-49.09201909475323,6.877640691739117,4.781971700588569e-22,970.334339241164
730,exp(-c sqrt(y)/log y),0.5,-2.0490163559714913,3.5949803760549335,60.02730907671736,36.41498537519472,1.1736243067112764e+26
730,exp(-c sqrt(y)/log y),1.0,-4.098032711942983,1.5459640200834421,57.97829272074586,4.692493104868631,1.5123510033592645e+25
730,exp(-c sqrt(y)/log y),2.0,-8.196065423885965,-2.5520686918595406,53.88026000880288,0.07792030605386671,2.5113058327216265e+23
730,exp(-c sqrt(y)/log y),4.0,-16.39213084777193,-10.748134115745506,45.684194584916916,2.14854603208802e-05,6.924582891811958e+19
730,exp(-c y/log y),0.05,-5.536137335487844,0.10785939653858101,56.540188097201,1.1138911174287547,3.589977249681039e+24
730,exp(-c y/log y),0.1,-11.072274670975688,-5.428277938949263,51.00405076171316,0.004390650263987105,1.4150695981313386e+22
730,exp(-c y/log y),0.2,-22.144549341951375,-16.500552609924952,39.93177609073747,6.821832522167e-08,2.1986191623689117e+17
730,exp(-c y/log y),0.5,-55.36137335487843,-49.71737662285201,6.714952077810416,2.5586900364568503e-22,824.6442471926057
740,exp(-c sqrt(y)/log y),0.5,-2.0587544557981787,3.6221009084226767,60.97999462700987,37.41609309108982,3.042812369079182e+26
740,exp(-c sqrt(y)/log y),1.0,-4.1175089115963575,1.563346452624498,58.92124017121169,4.774773091144912,3.883018621402243e+25
740,exp(-c sqrt(y)/log y),2.0,-8.235017823192715,-2.5541624589718595,54.80373125961534,0.07775732975641392,6.323508020823514e+23
740,exp(-c sqrt(y)/log y),4.0,-16.47003564638543,-10.789180282164574,46.56871343642263,2.0621418647287394e-05,1.677008542157731e+20
740,exp(-c y/log y),0.05,-5.600417603053323,0.08043776116753243,57.43833147975473,1.0837613924993965,8.813540639316371e+24
740,exp(-c y/log y),0.1,-11.200835206106646,-5.519979841885791,51.83791387670141,0.004005928693244633,3.257766477055489e+22
740,exp(-c y/log y),0.2,-22.401670412213292,-16.72081504799244,40.63707867059476,5.4732122678435025e-08,4.451014686820981e+17
740,exp(-c y/log y),0.5,-56.00417603053323,-50.32332066631238,7.034573052274823,1.3959167662835818e-22,1135.2101333274163
750,exp(-c sqrt(y)/log y),0.5,-2.0684157879283966,3.6307817687356185,61.45154511993926,37.742310845475814,4.876036523693127e+26
750,exp(-c sqrt(y)/log y),1.0,-4.136831575856793,1.5623659808072219,59.38312933201086,4.770093854999595,6.162619971429265e+25
750,exp(-c sqrt(y)/log y),2.0,-8.273663151713587,-2.5744655950495714,55.24629775615407,0.07619453065477909,9.84378820627761e+23
750,exp(-c sqrt(y)/log y),4.0,-16.547326303427173,-10.848128746763159,46.972634604440486,1.9440952819911597e-05,2.511632008792253e+20
750,exp(-c y/log y),0.05,-5.664589926741023,0.03460762992299227,57.85537098112663,1.0352134423233472,1.3374217003439771e+25
750,exp(-c y/log y),0.1,-11.329179853482046,-5.629982296818031,52.19078105438561,0.0035886388570963157,4.636264644522551e+22
750,exp(-c y/log y),0.2,-22.65835970696409,-16.959162150300077,40.861601200903564,4.312503498710287e-08,5.5714459706397005e+17
750,exp(-c y/log y),0.5,-56.64589926741023,-50.94670171074621,6.874061640457427,7.48391034000927e-23,966.8676702741948
760,exp(-c sqrt(y)/log y),0.5,-2.078001966999433,3.6576116456581476,62.40438259098743,38.768638963313194,1.264384041841356e+27
760,exp(-c sqrt(y)/log y),1.0,-4.156003933998866,1.5796096786587146,60.326380623987994,4.8530611881532755,1.5827569098278778e+26
760,exp(-c sqrt(y)/log y),2.0,-8.312007867997732,-2.5763942553401513,56.170376689989126,0.0760477189096457,2.480188234071945e+24
760,exp(-c sqrt(y)/log y),4.0,-16.624015735995464,-10.888402123337883,47.8583688219914,1.8673556545657872e-05,6.090114982652509e+20
760,exp(-c y/log y),0.05,-5.728656084011913,0.006957528645667566,58.753728473974945,1.0069817884782861,3.284127939032491e+25
760,exp(-c y/log y),0.1,-11.457312168023826,-5.721698555366245,53.025072389963036,0.0032741448602442123,1.0678157971671751e+23
760,exp(-c y/log y),0.2,-22.914624336047652,-17.17901072339007,41.56776022193921,3.461389231786647e-08,1.1288828868648307e+18
760,exp(-c y/log y),0.5,-57.28656084011913,-51.55094722746155,7.195823717867732,4.089856612621876e-23,1333.8485881105846
770,exp(-c sqrt(y)/log y),0.5,-2.0875145531272588,3.6842525374774318,63.35729365497881,39.81535084208963,3.278861125083456e+27
770,exp(-c sqrt(y)/log y),1.0,-4.1750291062545175,1.596737984350173,61.26977910185155,4.936901878462691,4.065621752736304e+26
770,exp(-c sqrt(y)/log y),2.0,-8.350058212509035,-2.5782911219043445,57.094749995597034,0.07590360326165177,6.250789424798797e+24
770,exp(-c sqrt(y)/log y),4.0,-16.70011642501807,-10.92834933441338,48.744691783088,1.7942303050363767e-05,1.4775788413777685e+21
770,exp(-c y/log y),0.05,-5.7926177996903405,-0.02085070908565001,59.65219040841573,0.9793651639768791,8.065236888557411e+25
770,exp(-c y/log y),0.1,-11.585235599380681,-5.8134685087759905,53.85957260872539,0.0029870514693573153,2.4598871375875265e+23
770,exp(-c y/log y),0.2,-23.170471198761362,-17.39870410815667,42.274337009344706,2.7786817811339333e-08,2.2882911938343032e+18
770,exp(-c y/log y),0.5,-57.926177996903405,-52.154410906298715,7.518630211202662,2.236799909425219e-23,1842.0423561485845
780,exp(-c sqrt(y)/log y),0.5,-2.096955054422998,3.6927948169845033,63.82906497874267,40.15692151669465,5.255459641184759e+27
780,exp(-c sqrt(y)/log y),1.0,-4.193910108845996,1.5958397625615053,61.73210992431967,4.9324694365828865,6.455274228270166e+26
780,exp(-c sqrt(y)/log y),2.0,-8.387820217691992,-2.5980703462844907,57.538199815473675,0.0744170388706782,9.739186412452792e+24
780,exp(-c sqrt(y)/log y),4.0,-16.775640435383984,-10.985890563976483,49.150379597781686,1.6939022670894067e-05,2.2168619168425989e+21
780,exp(-c y/log y),0.05,-5.8564767481914615,-0.06672687678396017,60.06954328497421,0.9354506597420132,1.2242530061847405e+26
780,exp(-c y/log y),0.1,-11.712953496382923,-5.923203624975422,54.21306653678275,0.0026766115672906946,3.502963757113818e+23
780,exp(-c y/log y),0.2,-23.425906992765846,-17.636157121358345,42.500113040399825,2.19136277632985e-08,2.8679037623459896e+18
780,exp(-c y/log y),0.5,-58.564767481914615,-52.77501761050711,7.361252551251056,1.2025442592576691e-23,1573.806602341191
790,exp(-c sqrt(y)/log y),0.5,-2.106324929362896,3.701247073705484,64.30090692886237,40.497776594549606,8.424207596802832e+27
790,exp(-c sqrt(y)/log y),1.0,-4.212649858725792,1.594922144342588,62.19458199949948,4.927945388755427,1.0250941772978792e+27
790,exp(-c sqrt(y)/log y),2.0,-8.425299717451583,-2.6177277143832036,57.981932140773694,0.07296847981879306,1.5178651118821276e+25
790,exp(-c sqrt(y)/log y),4.0,-16.850599434903167,-11.043027431834787,49.55663242332211,1.5998310551436463e-05,3.327913298370083e+21
790,exp(-c y/log y),0.05,-5.92023455562694,-0.11266255255856006,60.48699730259833,0.8934521023786918,1.858528201089198e+26
790,exp(-c y/log y),0.1,-11.84046911125388,-6.0328971081855,54.56676274697139,0.002398535087521363,4.9893498371006915e+23
790,exp(-c y/log y),0.2,-23.68093822250776,-17.87336621943938,42.72629363571751,1.7286046537027096e-08,3.59578368990038e+18
790,exp(-c y/log y),0.5,-59.20234555626939,-53.39477355320101,7.204886301955881,6.4705989565493045e-24,1345.9916437230645
800,exp(-c sqrt(y)/log y),0.5,-2.1156255890220184,3.7096563969360865,64.77281809426286,40.83977144528169,1.350446786188224e+28
800,exp(-c sqrt(y)/log y),1.0,-4.231251178044037,1.5940308079140681,62.65719250524084,4.9235548885097575,1.6280695607510574e+27
800,exp(-c sqrt(y)/log y),2.0,-8.462502356088073,-2.6372203701299686,58.4259413271968,0.07155990340921087,2.3662679334135493e+25
800,exp(-c sqrt(y)/log y),4.0,-16.925004712176147,-11.099722726218042,49.96343897110873,1.5116514652011824e-05,4.998570733317612e+21
800,exp(-c y/log y),0.05,-5.983892801797013,-0.1586108158389079,60.904550881487864,0.8533283962491457,2.8216969622902864e+26
800,exp(-c y/log y),0.1,-11.967785603594026,-6.142503617635921,54.92065807969085,0.002149535261529862,7.107858058462855e+23
800,exp(-c y/log y),0.2,-23.93557120718805,-18.110289221229948,42.95287247609683,1.3639590305580612e-08,4.5101968598855885e+18
800,exp(-c y/log y),0.5,-59.838928017970126,-54.01364603201202,7.04951566531475,3.484749631373471e-24,1152.300508504089
810,exp(-c sqrt(y)/log y),0.5,-2.124858399181115,3.7180017453606387,65.24479710916336,41.18201967160353,2.164987321527852e+28
810,exp(-c sqrt(y)/log y),1.0,-4.24971679836223,1.5931433461795237,63.11993870998225,4.919187360242033,2.5860747850809477e+27
810,exp(-c sqrt(y)/log y),2.0,-8.49943359672446,-2.6565734521827062,58.87022191162002,0.0701883137797028,3.6898823968377675e+25
810,exp(-c sqrt(y)/log y),4.0,-16.99886719344892,-11.156007048907167,50.37078831489556,1.4289192882372461e-05,7.511997146301732e+21
810,exp(-c y/log y),0.05,-6.047453022076426,-0.20459287753467237,61.322202486268054,0.8149790451577751,4.284440914135402e+26
810,exp(-c y/log y),0.1,-12.094906044152852,-6.252045899611098,55.27474946419163,0.0019265086582632915,1.0127883122812591e+24
810,exp(-c y/log y),0.2,-24.189812088305704,-18.34695194376395,43.17984342003878,1.0765148152890893e-08,5.659365288839542e+18
810,exp(-c y/log y),0.5,-60.47453022076426,-54.631670076222505,6.895125287580221,1.8783094726614755e-24,987.4494322146612
820,exp(-c sqrt(y)/log y),0.5,-2.1340246823152964,3.726391934988579,65.7168426510888,41.52899819825903,3.4710600848346837e+28
820,exp(-c sqrt(y)/log y),1.0,-4.268049364630593,1.5923672526732826,63.582817968773504,4.915371091957834,4.1083457679363016e+27
820,exp(-c sqrt(y)/log y),2.0,-8.536098729261186,-2.67568211195731,59.31476860414291,0.06885984224980166,5.755415739629391e+25
820,exp(-c sqrt(y)/log y),4.0,-17.07219745852237,-11.211780841218495,50.77866987488173,1.3514047726340147e-05,1.1295257213649071e+22
820,exp(-c y/log y),0.05,-6.110916709201116,-0.25050009189724065,61.73995062420298,0.7784114084798802,6.506087039845192e+26
820,exp(-c y/log y),0.1,-12.221833418402232,-6.361416801098357,55.62903391500186,0.0017269182780817335,1.4433859146335593e+24
820,exp(-c y/log y),0.2,-24.443666836804464,-18.583250219500588,43.40720049659963,8.49957036942935e-09,7.104076844503936e+18
820,exp(-c y/log y),0.5,-61.109167092011155,-55.24875047470728,6.741700241392941,1.0133804852354506e-24,846.9996160896179
830,exp(-c sqrt(y)/log y),0.5,-2.143125719472505,3.786918827523749,67.63258891417,44.120248534768315,2.357545928831436e+29
830,exp(-c sqrt(y)/log y),1.0,-4.28625143894501,1.643793108051244,65.48946319469749,5.174760759586739,2.7651104802427695e+28
830,exp(-c sqrt(y)/log y),2.0,-8.57250287789002,-2.642458330893766,61.20321175575249,0.07118605539824684,3.8037953245312165e+26
830,exp(-c sqrt(y)/log y),4.0,-17.14500575578004,-11.214961208783787,52.63070887786247,1.3471136360403446e-05,7.198242017647592e+22
830,exp(-c y/log y),0.05,-6.174285314962024,-0.24424076796576966,63.60142931868049,0.7832990182462138,4.185523592571782e+27
830,exp(-c y/log y),0.1,-12.348570629924048,-6.4185260829277935,57.42714400371846,0.0016310585089590489,8.715488863241692e+24
830,exp(-c y/log y),0.2,-24.697141259848095,-18.767096712851842,45.07857337379441,7.072182451178749e-09,3.778989352834388e+19
830,exp(-c y/log y),0.5,-61.74285314962024,-55.81280860262398,8.03286148402227,5.765078222968571e-25,3080.5440008443725
840,exp(-c sqrt(y)/log y),0.5,-2.1521627520491196,3.795142854789619,68.10476370665299,44.48459078849928,3.780272170532002e+29
840,exp(-c sqrt(y)/log y),1.0,-4.304325504098239,1.6429801027404993,65.95260095460387,5.1705553613445545,4.393904988722322e+28
840,exp(-c sqrt(y)/log y),2.0,-8.608651008196478,-2.66134540135774,61.648275450505636,0.06985417659057358,5.9361634013062585e+26
840,exp(-c sqrt(y)/log y),4.0,-17.217302016392956,-11.269996409554217,53.039624442309155,1.2749781681140842e-05,1.0834683204961882e+23
840,exp(-c y/log y),0.05,-6.237560251811935,-0.29025464497319664,64.01936620689017,0.7480730502806208,6.35707709877802e+27
840,exp(-c y/log y),0.1,-12.47512050362387,-6.527814896785132,57.78180595507824,0.001462197413838284,1.2425660421688725e+25
840,exp(-c y/log y),0.2,-24.95024100724774,-19.002935400409,45.30668545145437,5.586374101441042e-09,4.7472651036093194e+19
840,exp(-c y/log y),0.5,-62.37560251811935,-56.42829691128061,7.88132394058276,3.1153154450173423e-25,2647.375208017485
850,exp(-c sqrt(y)/log y),0.5,-2.1611369834694694,3.786168623369269,68.09578947523264,44.087161753493014,3.746498904460178e+29
850,exp(-c sqrt(y)/log y),1.0,-4.322273966938939,1.6250316398997997,65.93465249176317,5.078579720391545,4.315744675297283e+28
850,exp(-c sqrt(y)/log y),2.0,-8.644547933877877,-2.697242327039139,61.61237852482424,0.0673910993410173,5.726852666615282e+26
850,exp(-c sqrt(y)/log y),4.0,-17.289095867755755,-11.341790260917016,52.967830590946356,1.186651178225174e-05,1.0084086074887274e+23
850,exp(-c y/log y),0.05,-6.30074289439078,-0.3534372875520413,63.95618356431133,0.7022700322799863,5.967845971313272e+27
850,exp(-c y/log y),0.1,-12.60148578878156,-6.654180181942821,57.65544066992055,0.0012886241477100267,1.0950645869767444e+25
850,exp(-c y/log y),0.2,-25.20297157756312,-19.25566597072438,45.05395488113899,4.338808912069688e-09,3.687092157717166e+19
850,exp(-c y/log y),0.5,-63.0074289439078,-57.06012333706906,7.249497514794314,1.6561638391966122e-25,1407.3974740878157
860,exp(-c sqrt(y)/log y),0.5,-2.1700495807755193,3.828512660665752,69.5305123531054,45.99407853328684,1.572960579867951e+30
860,exp(-c sqrt(y)/log y),1.0,-4.340099161551039,1.6584630798902324,67.36046277232988,5.251233912236212,1.795879861716431e+29
860,exp(-c sqrt(y)/log y),2.0,-8.680198323102077,-2.6816360816608062,63.020363610778844,0.06845107094879924,2.3409717008306378e+27
860,exp(-c sqrt(y)/log y),4.0,-17.360396646204155,-11.361834404762885,54.34016528767677,1.1631025656205534e-05,3.97771744625859e+23
860,exp(-c y/log y),0.05,-6.363834580974466,-0.3652723395331945,65.33672735290645,0.6940076194276704,2.373450370785625e+28
860,exp(-c y/log y),0.1,-12.727669161948931,-6.72910692050766,58.97289277193199,0.001195600247545217,4.088856910804184e+25
860,exp(-c y/log y),0.2,-25.455338323897863,-19.456776082456592,46.24522360998306,3.548375008087701e-09,1.2135157803566403e+20
860,exp(-c y/log y),0.5,-63.638345809744656,-57.639783568303386,8.062216124136263,9.275985438069068e-26,3172.312588663403
870,exp(-c sqrt(y)/log y),0.5,-2.178901676132497,3.8366799415997197,70.00287208280803,46.371263284222636,2.5226736037703575e+30
870,exp(-c sqrt(y)/log y),1.0,-4.357803352264994,1.6577782654672228,67.82397040667553,5.247639022571153,2.8548026313658027e+29
870,exp(-c sqrt(y)/log y),2.0,-8.715606704529987,-2.700025086797771,63.46616705441053,0.06720382678979021,3.655999597764695e+27
870,exp(-c sqrt(y)/log y),4.0,-17.431213409059975,-11.415631791327758,54.750560349880544,1.1021840084896148e-05,5.9960637424785603e+23
870,exp(-c y/log y),0.05,-6.426836614851908,-0.41125499711969127,65.75493714408861,0.6628178933958199,3.6058392317839154e+28
870,exp(-c y/log y),0.1,-12.853673229703816,-6.838091611971599,59.32810052923671,0.0010721475220255908,5.832660276223265e+25
870,exp(-c y/log y),0.2,-25.70734645940763,-19.691764841675415,46.47442729953289,2.805273378232223e-09,1.5261152277112835e+20
870,exp(-c y/log y),0.5,-64.26836614851908,-58.25278453078686,7.913407610421444,5.025012226408637e-26,2733.689963218542
880,exp(-c sqrt(y)/log y),0.5,-2.1876943682558236,3.844770247758613,70.4752912157443,46.74794267238787,4.0460391945095295e+30
880,exp(-c sqrt(y)/log y),1.0,-4.375388736511647,1.6570758795027896,68.28759684748847,5.243954448723246,4.5386479106574306e+29
880,exp(-c sqrt(y)/log y),2.0,-8.750777473023295,-2.7183128570088577,63.912208110976835,0.06598598836402063,5.711094006431485e+27
880,exp(-c sqrt(y)/log y),4.0,-17.50155494604659,-11.469090330032152,55.161430637953536,1.0448100880085808e-05,9.042841941787893e+23
880,exp(-c y/log y),0.05,-6.489750265634616,-0.4572856496201796,66.17323531836551,0.6329994981690544,5.478617096896588e+28
880,exp(-c y/log y),0.1,-12.979500531269233,-6.947035915254796,59.683485052730894,0.0009614808448807468,8.321626494710764e+25
880,exp(-c y/log y),0.2,-25.959001062538466,-19.92653644652403,46.70398452146166,2.218273943230002e-09,1.919918354774806e+20
880,exp(-c y/log y),0.5,-64.89750265634616,-58.865038040331726,7.765482927653963,2.7241988299082905e-26,2357.79685893135
890,exp(-c sqrt(y)/log y),0.5,-2.1964287237642854,3.8864936378913657,71.91019233541465,48.73968756270186,1.6990248224174614e+31
890,exp(-c sqrt(y)/log y),1.0,-4.392857447528571,1.6900649141270803,69.71376361165036,5.419832517409078,1.8893083728895534e+30
890,exp(-c sqrt(y)/log y),2.0,-8.785714895057142,-2.7027925334014906,65.3209061641218,0.06701810089936201,2.336195053216343e+28
890,exp(-c sqrt(y)/log y),4.0,-17.571429790114284,-11.488507428458632,56.535191269064654,1.0247185981541308e-05,3.5720834935942805e+24
890,exp(-c y/log y),0.05,-6.552576770502852,-0.4696544088472008,67.55404428867608,0.6252183008644231,2.179458805992059e+29
890,exp(-c y/log y),0.1,-13.105153541005704,-7.022231179350053,61.00146751817323,0.0008918334310167104,3.108856893696348e+26
890,exp(-c y/log y),0.2,-26.210307082011408,-20.127384720355757,47.89631397716752,1.814629140600079e-09,6.325645705864015e+20
890,exp(-c y/log y),0.5,-65.52576770502851,-59.442845343372866,8.58085335415042,1.52862260914818e-26,5328.650811948985
900,exp(-c sqrt(y)/log y),0.5,-2.2051057784640453,3.877816583191606,71.90151528071489,48.318600168859994,1.6843460673757098e+31
900,exp(-c sqrt(y)/log y),1.0,-4.410211556928091,1.6727108047275605,69.69640950225084,5.3265875825402516,1.856803966967167e+30
900,exp(-c sqrt(y)/log y),2.0,-8.820423113856181,-2.73750075220053,65.28619794532275,0.06473192601958516,2.256500905318264e+28
900,exp(-c sqrt(y)/log y),4.0,-17.640846227712363,-11.557923866056711,56.465774831466575,9.559990103916178e-06,3.3325327471012865e+24
900,exp(-c y/log y),0.05,-6.615317335392136,-0.5323949737364853,67.4913037237868,0.587196962977361,2.0469195959929536e+29
900,exp(-c y/log y),0.1,-13.230634670784273,-7.147712309128622,60.875986388394665,0.0007866616630767431,2.742236889992696e+26
900,exp(-c y/log y),0.2,-26.461269341568546,-20.378346979912894,47.64535171761039,1.4118753512652057e-09,4.9216796165813974e+20
900,exp(-c y/log y),0.5,-66.15317335392136,-60.07025099226571,7.953447705257574,8.162467545727571e-27,2845.368049298046
910,exp(-c sqrt(y)/log y),0.5,-2.213726538567746,3.8857972879971494,72.3741063456708,48.70575950069562,2.7019357561672975e+31
910,exp(-c sqrt(y)/log y),1.0,-4.427453077135492,1.6720707494294036,70.16037980710304,5.3231793627778625,2.953015989120507e+30
910,exp(-c sqrt(y)/log y),2.0,-8.854906154270983,-2.755382327706088,65.73292672996756,0.06358470482661042,3.52734028331718e+28
910,exp(-c sqrt(y)/log y),4.0,-17.709812308541967,-11.610288481977072,56.87802057569657,9.072266076606242e-06,5.032809333667352e+24
910,exp(-c y/log y),0.05,-6.6779731361235735,-0.5784493095586782,67.90985974811497,0.5607672691358854,3.1108377138537352e+29
910,exp(-c y/log y),0.1,-13.355946272247147,-7.256422445682252,61.23188661199139,0.0007056279476685757,3.9144474943039036e+26
910,exp(-c y/log y),0.2,-26.711892544494294,-20.6123687179294,47.87594033974425,1.1172799540813835e-09,6.198073263878227e+20
910,exp(-c y/log y),0.5,-66.77973136123573,-60.680207534670835,7.808101523002804,4.435276577028043e-27,2460.4548814790833
920,exp(-c sqrt(y)/log y),0.5,-2.2222919818526514,3.910289556592249,73.3279645525051,49.913402635939406,7.013428508336909e+31
920,exp(-c sqrt(y)/log y),1.0,-4.444583963705303,1.6879975747395974,71.10567257065244,5.408639458084975,7.599783657974055e+30
920,exp(-c sqrt(y)/log y),2.0,-8.889167927410606,-2.7565863889657054,66.66108860694713,0.06350819101972376,8.9236584542109e+28
920,exp(-c sqrt(y)/log y),4.0,-17.77833585482121,-11.645754316376312,57.771920679536535,8.756149395510322e-06,1.2303434458605996e+25
920,exp(-c y/log y),0.05,-6.7405453194812495,-0.6079637810363492,68.8097112148765,0.5444583776002953,7.6502897125978e+29
920,exp(-c y/log y),0.1,-13.481090638962499,-7.348509100517599,62.069165895395244,0.0006435511154991886,9.042660891974813e+26
920,exp(-c y/log y),0.2,-26.962181277924998,-20.8295997394801,48.588075256432745,8.991243780403233e-10,1.2633770114779122e+21
920,exp(-c y/log y),0.5,-67.4054531948125,-61.27287165636759,8.144803339545248,2.452053543431699e-27,3445.4277443088336
930,exp(-c sqrt(y)/log y),0.5,-2.230803058761507,3.918182211887261,73.80066530065584,50.30891066868421,1.1251792146118365e+32
930,exp(-c sqrt(y)/log y),1.0,-4.461606117523014,1.6873791531257538,71.56986224189433,5.405295672583789,1.2089163249182394e+31
930,exp(-c sqrt(y)/log y),2.0,-8.923212235046028,-2.7742269643972604,67.10825612437132,0.062397693689294265,1.395549755415661e+29
930,exp(-c sqrt(y)/log y),4.0,-17.846424470092057,-11.697439199443288,58.185043889325286,8.31508519489618e-06,1.8597025665370998e+25
930,exp(-c y/log y),0.05,-6.803035004239739,-0.6540497335909707,69.2284333551776,0.5199359055345818,1.1628577642847868e+30
930,exp(-c y/log y),0.1,-13.606070008479477,-7.4570847378307095,62.42539835093787,0.000577336808705306,1.291237214941135e+27
930,exp(-c y/log y),0.2,-27.212140016958955,-21.063154746310186,48.81932834245839,7.118493981727991e-10,1.592080083054853e+21
930,exp(-c y/log y),0.5,-68.03035004239739,-61.88136477174862,8.001118317019959,1.3343345979460604e-27,2984.2935078316277
940,exp(-c sqrt(y)/log y),0.5,-2.2392606934495203,3.9260581389403177,74.27341949102743,50.70670442024666,1.8052453584713857e+32
940,exp(-c sqrt(y)/log y),1.0,-4.478521386899041,1.6867974454907975,72.0341587975779,5.402152285176717,1.9232585611848341e+31
940,exp(-c sqrt(y)/log y),2.0,-8.957042773798081,-2.791723941408243,67.55563741067887,0.06131541855968617,2.1829337170137035e+29
940,exp(-c sqrt(y)/log y),4.0,-17.914085547596162,-11.748766715206324,58.59859463688079,7.899060613806763e-06,2.812200609839893e+25
940,exp(-c y/log y),0.05,-6.86544328214453,-0.7001244497546919,69.64723690233242,0.4965235077175019,1.7677085662089614e+30
940,exp(-c y/log y),0.1,-13.73088656428906,-7.565567731899222,62.78179362018789,0.0005179832086834416,1.8441087700989145e+27
940,exp(-c y/log y),0.2,-27.46177312857812,-21.29645429618828,49.05090705589883,5.63725155478022e-10,2.006957920092954e+21
940,exp(-c y/log y),0.5,-68.6544328214453,-62.48911398905546,7.858247363031651,7.266455454266028e-28,2586.9823589077737
950,exp(-c sqrt(y)/log y),0.5,-2.2476657847806436,3.950198962182281,75.2274380498155,51.94570103677804,4.686636092319849e+32
950,exp(-c sqrt(y)/log y),1.0,-4.495331569561287,1.7025331774016372,72.97977226503487,5.487831449523916,4.951221838684455e+31
950,exp(-c sqrt(y)/log y),2.0,-8.990663139122574,-2.79279839215965,68.48444069547358,0.061249573542090735,5.5260484750860545e+29
950,exp(-c sqrt(y)/log y),4.0,-17.98132627824515,-11.783461531282224,59.493777556351006,7.62970381972146e-06,6.8836582395722634e+25
950,exp(-c y/log y),0.05,-6.927771218848027,-0.7299064718851023,70.54733261574813,0.481954064237415,4.3482776576566415e+30
950,exp(-c y/log y),0.1,-13.855542437696053,-7.657677690733129,63.6195613969001,0.0004724032042565769,4.262108053232199e+27
950,exp(-c y/log y),0.2,-27.711084875392107,-21.513220128429182,49.76401895920405,4.538655403291092e-10,4.0948578610204283e+21
950,exp(-c y/log y),0.5,-69.27771218848027,-63.079847441517344,8.19739164611589,4.025041262279266e-28,3631.4657953155797
960,exp(-c sqrt(y)/log y),0.5,-2.2560192072761156,3.958041420339719,75.70029645237965,52.354684645858136,7.520055186537935e+32
960,exp(-c sqrt(y)/log y),1.0,-4.512038414552231,1.7020222130636036,73.44427724510352,5.485028079632083,7.8785144323863735e+31
960,exp(-c sqrt(y)/log y),2.0,-9.024076829104462,-2.8100162014886276,68.9322388305513,0.06020401698977548,8.647507539713458e+29
960,exp(-c sqrt(y)/log y),4.0,-18.048153658208925,-11.83409303059309,59.90816200144683,7.253017051749852e-06,1.0417995804387738e+26
960,exp(-c y/log y),0.05,-6.990019854803563,-0.7759592271877285,70.9662958048522,0.46026207328963276,6.611053461253561e+30
960,exp(-c y/log y),0.1,-13.980039709607126,-7.765979081991292,63.97627595004863,0.00042391436944228385,6.088966964725262e+27
960,exp(-c y/log y),0.2,-27.960079419214253,-21.746018791598416,49.996236240441505,3.5960360383312517e-10,5.165228220540807e+21
960,exp(-c y/log y),0.5,-69.90019854803563,-63.686137920419796,8.056117111620125,2.195137492271534e-28,3153.023496480226
970,exp(-c sqrt(y)/log y),0.5,-2.2643218120180153,3.965817038895194,76.17320567269735,52.76336150187246,1.2067099466234389e+33
970,exp(-c sqrt(y)/log y),1.0,-4.528643624036031,1.7014952268771788,73.90888386067932,5.482138307103945,1.2537773628605678e+32
970,exp(-c sqrt(y)/log y),2.0,-9.057287248072061,-2.827148397158852,69.3802402366433,0.059181375054469826,1.353491360298312e+30
970,exp(-c sqrt(y)/log y),4.0,-18.114574496144122,-11.884435645230912,60.32295298857124,6.896919845491949e-06,1.5773410832295682e+26
970,exp(-c y/log y),0.05,-7.052190206119751,-0.8220513552065416,71.38533727859561,0.4395290987860908,1.0052129360954185e+31
970,exp(-c y/log y),0.1,-14.104380412239502,-7.874241561326293,64.33314707247585,0.0003804173717303957,8.700230866055025e+27
970,exp(-c y/log y),0.2,-28.208760824479004,-21.978621973565794,50.22876666023636,2.8497434035200743e-10,6.517427268598427e+21
970,exp(-c y/log y),0.5,-70.52190206119751,-64.2917632102843,7.915625423517852,1.1979591415359189e-28,2739.759504686914
980,exp(-c sqrt(y)/log y),0.5,-2.272574427510404,3.989605233610679,77.12737670732416,54.03355452124383,3.13324321342281e+33
980,exp(-c sqrt(y)/log y),1.0,-4.545148855020808,1.7170308061002748,74.85480227981375,5.567971508996387,3.2286991107045278e+32
980,exp(-c sqrt(y)/log y),2.0,-9.090297710041616,-2.8281180489205333,70.30965342479296,0.05912401754278973,3.428423844361482e+30
980,exp(-c sqrt(y)/log y),4.0,-18.180595420083232,-11.91841575896215,61.21935571475133,6.666498762889366e-06,3.865702005205378e+26
980,exp(-c y/log y),0.05,-7.1142832653773045,-0.8521036042562216,72.28566786945726,0.42651676510371594,2.473242361182908e+31
980,exp(-c y/log y),0.1,-14.228566530754609,-7.966386869633526,65.17138460407996,0.00034693022822470407,2.011743985284025e+28
980,exp(-c y/log y),0.2,-28.457133061509218,-22.194953400388137,50.94281807332535,2.2953779855849878e-10,1.3310206147453644e+22
980,exp(-c y/log y),0.5,-71.14283265377304,-64.88065299265196,8.257118481061525,6.647991002750591e-29,3854.969912089504
990,exp(-c sqrt(y)/log y),0.5,-2.280777860500445,3.9973486480290696,77.60038509939372,54.453582854370154,5.028275239560414e+33
990,exp(-c sqrt(y)/log y),1.0,-4.56155572100089,1.7165707875286245,75.31960723889328,5.565410727744455,5.139132357028318e+32
990,exp(-c sqrt(y)/log y),2.0,-9.12311144200178,-2.844984933472266,70.75805151789238,0.0581351426279619,5.368232591898842e+30
990,exp(-c sqrt(y)/log y),4.0,-18.24622288400356,-11.968096375474047,61.63494007589061,6.343395433920909e-06,5.857527920693204e+26
990,exp(-c y/log y),0.05,-7.176300002410364,-0.898173493880849,72.70486295748381,0.4073129403085896,3.761151177110993e+31
990,exp(-c y/log y),0.1,-14.352600004820728,-8.074473496291212,65.52856295507344,0.00031138717129212197,2.8753670947829647e+28
990,exp(-c y/log y),0.2,-28.705200009641455,-22.42707350111194,51.17596295025271,1.8198924916618685e-10,1.680499220585427e+22
990,exp(-c y/log y),0.5,-71.76300002410363,-65.48487351557412,8.118162935790536,3.633128712255358e-29,3354.852002085236
1000,exp(-c sqrt(y)/log y),0.5,-2.2889328967617564,4.020910464661947,78.55465371325164,55.75184280889205,1.3057277542831976e+34
1000,exp(-c sqrt(y)/log y),1.0,-4.577865793523513,1.7319775679001905,76.26572081648987,5.651819721471525,1.3236760438263795e+33
1000,exp(-c sqrt(y)/log y),2.0,-9.155731587047025,-2.845888225623322,71.68785502296636,0.05808265332008442,1.360316155690312e+31
1000,exp(-c sqrt(y)/log y),4.0,-18.31146317409405,-12.001619812670349,62.53212343591934,6.1342679365294824e-06,1.4366671115055108e+27
1000,exp(-c y/log y),0.05,-7.238241365054198,-0.9283980036304946,73.6053452449592,0.39518629054347326,9.255401824897815e+31
1000,exp(-c y/log y),0.1,-14.476482730108396,-8.166639368684692,66.36710387990499,0.00028397073562547534,6.650694438592738e+28
1000,exp(-c y/log y),0.2,-28.95296546021679,-22.64312209879309,51.8906211497966,1.4662803665892152e-10,3.43408015548271e+22
1000,exp(-c y/log y),0.5,-72.38241365054198,-66.07257028911827,8.461172959471412,2.0185862854489323e-29,4727.6000299414345
1010,exp(-c sqrt(y)/log y),0.5,-2.297040301842075,4.02854312339165,79.02775813323092,56.17900571917828,2.095652522432519e+34
1010,exp(-c sqrt(y)/log y),1.0,-4.59408060368415,1.731502821549575,76.73071783138884,5.649137177498783,2.107304752734563e+33
1010,exp(-c sqrt(y)/log y),2.0,-9.1881612073683,-2.862577782134575,72.1366372277047,0.05712132398932744,2.1308039394875655e+31
1010,exp(-c sqrt(y)/log y),4.0,-18.3763224147366,-12.050738989502875,62.94847602033639,5.840238111122233e-06,2.1785913745713863e+27
1010,exp(-c y/log y),0.05,-7.300108279861059,-0.974524854627334,74.02469015521193,0.37737161734936414,1.4077140947381597e+32
1010,exp(-c y/log y),0.1,-14.600216559722117,-8.274633134488393,66.72458187535088,0.00025490155797747366,9.508624905497651e+28
1010,exp(-c y/log y),0.2,-29.200433119444234,-22.87484969421051,52.12436531562876,1.162998095232506e-10,4.338346435038803e+22
1010,exp(-c y/log y),0.5,-73.00108279861058,-66.67549937337685,8.32371563646241,1.1045834807924399e-29,4120.441663441051
1020,exp(-c sqrt(y)/log y),0.5,-2.3051008217772035,4.051854209796247,79.982121263415,57.503982702517526,5.442443330214137e+34
1020,exp(-c sqrt(y)/log y),1.0,-4.610201643554407,1.7467533880190427,77.6770204416378,5.735950009381647,5.428768826760621e+33
1020,exp(-c sqrt(y)/log y),2.0,-9.220403287108814,-2.8634482555353644,73.06681879808339,0.057071623030996256,5.401522807844473e+31
1020,exp(-c sqrt(y)/log y),4.0,-18.44080657421763,-12.08385154264418,63.846415510974566,5.650019606447878e-06,5.347440312398574e+27
1020,exp(-c y/log y),0.05,-7.361901652785846,-1.0049466212123965,74.92532043240635,0.3660641743443238,3.4646009379857895e+32
1020,exp(-c y/log y),0.1,-14.723803305571693,-8.366848273998244,67.5634187796205,0.0002324470097427862,2.1999861893869516e+29
1020,exp(-c y/log y),0.2,-29.447606611143385,-23.090651579569936,52.83961547404881,9.372542867444655e-11,8.870608785474097e+22
1020,exp(-c y/log y),0.5,-73.61901652785846,-67.26206149628501,8.668205557333735,6.1440939897323254e-30,5815.055198457324
1030,exp(-c sqrt(y)/log y),0.5,-2.3131151837730686,4.0594871478817325,80.45531872647874,57.94458645353741,8.735765403798524e+34
1030,exp(-c sqrt(y)/log y),1.0,-4.626230367546137,1.746371964108664,78.14220354270566,5.733762598091335,8.644259628664916e+33
1030,exp(-c sqrt(y)/log y),2.0,-9.252460735092274,-2.8798584034374732,73.51597317515953,0.056142711886355244,8.464113564181092e+31
1030,exp(-c sqrt(y)/log y),4.0,-18.50492147018455,-12.132319138529748,64.26351244006725,5.382707064334135e-06,8.115005909843878e+27
1030,exp(-c y/log y),0.05,-7.423622369843151,-1.0510200381883497,75.34481154040866,0.34958098123288106,5.2703067337081956e+32
1030,exp(-c y/log y),0.1,-14.847244739686301,-8.4746424080315,67.9211891705655,0.00020869380918363872,3.1462821116433252e+29
1030,exp(-c y/log y),0.2,-29.694489479372603,-23.321887147717803,53.073944430879195,7.437604901805362e-11,1.1212983915315639e+23
1030,exp(-c y/log y),0.5,-74.2362236984315,-67.8636213667767,8.5322102118203,3.36669456926304e-30,5075.65171198642
1040,exp(-c sqrt(y)/log y),0.5,-2.3210840968576045,4.098156808618712,81.890985288573,60.229171335045024,3.671157596720823e+35
1040,exp(-c sqrt(y)/log y),1.0,-4.642168193715209,1.7770727117611074,79.5699011917154,5.91252340138463,3.6038691417547493e+34
1040,exp(-c sqrt(y)/log y),2.0,-9.284336387430418,-2.8650954819541017,74.9277329980002,0.056977690531066466,3.4729696059262074e+32
1040,exp(-c sqrt(y)/log y),4.0,-18.568672774860836,-12.14943186938452,65.64339661056977,5.291377921360498e-06,3.2252614177708833e+28
1040,exp(-c y/log y),0.05,-7.485271297737106,-1.0660303922607897,76.72679808769351,0.3443728327909486,2.0990608258114144e+33
1040,exp(-c y/log y),0.1,-14.970542595474212,-8.551301689997896,69.2415267899564,0.00019329332773783766,1.1781836820778472e+30
1040,exp(-c y/log y),0.2,-29.941085190948424,-23.521844285472106,54.27098419448218,6.089656873126903e-11,3.7118375690144564e+23
1040,exp(-c y/log y),0.5,-74.85271297737106,-68.43347207189474,9.359356408059554,1.9042356946724224e-30,11606.916020071452
1050,exp(-c sqrt(y)/log y),0.5,-2.329008252504079,4.105669727874692,82.36427295798613,60.68337228727364,5.893173830381042e+35
1050,exp(-c sqrt(y)/log y),1.0,-4.658016505008158,1.776661475370613,80.03526470548205,5.910092456483093,5.739496815502912e+34
1050,exp(-c sqrt(y)/log y),2.0,-9.316033010016316,-2.881355029637545,75.3772482004739,0.05605875007819609,5.4440606458184844e+32
1050,exp(-c sqrt(y)/log y),4.0,-18.63206602003263,-12.19738803965386,66.06121519045757,5.043612132361503e-06,4.898027566483547e+28
1050,exp(-c y/log y),0.05,-7.546849284465478,-1.112171304086707,77.14643192602473,0.32884416465721666,3.193520320949339e+33
1050,exp(-c y/log y),0.1,-15.093698568930956,-8.659020588552185,69.59958264155925,0.00017355420466488346,1.685445384020261e+30
1050,exp(-c y/log y),0.2,-30.18739713786191,-23.752719157483142,54.505884072628305,4.834205851426987e-11,4.694665826981282e+23
1050,exp(-c y/log y),0.5,-75.46849284465478,-69.03381486427601,9.224788365835437,1.0447085275908153e-30,10145.528705999928
1060,exp(-c sqrt(y)/log y),0.5,-2.336888325227363,4.113212036237554,82.83760471032245,61.14279537093667,9.460511539368421e+35
1060,exp(-c sqrt(y)/log y),1.0,-4.673776650454726,1.7763237110101908,80.50071638509509,5.908096574972289,9.141488458965126e+34
1060,exp(-c sqrt(y)/log y),2.0,-9.347553300909452,-2.897452939444535,75.82693973464036,0.05516354616352975,8.535353378374015e+32
1060,exp(-c sqrt(y)/log y),4.0,-18.695106601818903,-12.245006240353987,66.47938643373091,4.809072882460963e-06,7.44098944481881e+28
1060,exp(-c y/log y),0.05,-7.60835715989923,-1.158256798434313,77.56613587565059,0.3140331270641583,4.8589764408229976e+33
1060,exp(-c y/log y),0.1,-15.21671431979846,-8.766613958333544,69.95777871575136,0.00015585040418462345,2.4114444527093321e+30
1060,exp(-c y/log y),0.2,-30.43342863959692,-23.983328278132003,54.7410643959529,3.838600107530162e-11,5.93939488569276e+23
1060,exp(-c y/log y),0.5,-76.0835715989923,-69.63347123752737,9.090921436557522,5.735452478991836e-31,8874.359445265603
1070,exp(-c sqrt(y)/log y),0.5,-2.3447249731545634,4.151352013058061,84.27340353757405,63.51982189774002,3.9762540784703186e+36
1070,exp(-c sqrt(y)/log y),1.0,-4.689449946309127,1.8066270399034972,81.9286785644195,6.08987185667469,3.812176590552765e+35
1070,exp(-c sqrt(y)/log y),2.0,-9.378899892618254,-2.8828229064056297,77.23922861811037,0.05597652310560411,3.5040538787336814e+33
1070,exp(-c sqrt(y)/log y),4.0,-18.757799785236507,-12.261722799023882,67.86032872549211,4.729349936619419e-06,2.9605084542381792e+29
1070,exp(-c y/log y),0.05,-7.669795736338809,-1.1737187501261852,78.94833277438981,0.30921490755387787,1.9356430804612785e+34
1070,exp(-c y/log y),0.1,-15.339591472677618,-8.843514486464993,71.27853703805101,0.0001443146624501992,9.033900725894439e+30
1070,exp(-c y/log y),0.2,-30.679182945355237,-24.183105959142612,55.93894556537339,3.143478734140124e-11,1.9677747455482338e+24
1070,exp(-c y/log y),0.5,-76.69795736338808,-70.20188037717546,9.92017114734054,3.248708411933649e-31,20336.470863391427
1080,exp(-c sqrt(y)/log y),0.5,-2.352518838571351,4.143558147641273,84.26560967215727,63.026681187025794,3.945384143642829e+36
1080,exp(-c sqrt(y)/log y),1.0,-4.705037677142702,1.7910393090699221,81.91309083358593,5.995680594569733,3.753214147190753e+35
1080,exp(-c sqrt(y)/log y),2.0,-9.410075354285404,-2.9139983680727797,77.20805315644321,0.05425835072066544,3.3964986345749613e+33
1080,exp(-c sqrt(y)/log y),4.0,-18.820150708570807,-12.324073722358182,67.79797780215782,4.443475478211659e-06,2.7815549485113845e+29
1080,exp(-c y/log y),0.05,-7.731165809048301,-1.2350888228356771,78.88696270168032,0.2908089307467805,1.8204241800284719e+34
1080,exp(-c y/log y),0.1,-15.462331618096602,-8.966254631883977,71.15579689263203,0.00012764537690616062,7.990426222197341e+30
1080,exp(-c y/log y),0.2,-30.924663236193204,-24.42858624998058,55.69346527453542,2.459233640000014e-11,1.539446663862486e+24
1080,exp(-c y/log y),0.5,-77.31165809048301,-70.81558110427038,9.306470420245617,1.7586681305076838e-31,11009.022251140415
1090,exp(-c sqrt(y)/log y),0.5,-2.360270548445224,4.150971304090835,84.739069787343,63.49564393462271,6.334471846360737e+36
1090,exp(-c sqrt(y)/log y),1.0,-4.720541096890448,1.7907007556456112,82.37879923889778,5.993651079942315,5.9794045181896756e+35
1090,exp(-c sqrt(y)/log y),2.0,-9.441082193780897,-2.9298403412448373,77.65825814200733,0.053405564130442715,5.327862219518927e+33
1090,exp(-c sqrt(y)/log y),4.0,-18.882164387561794,-12.370922535025734,68.21717594822644,4.240104956964447e-06,4.2300264728649686e+29
1090,exp(-c y/log y),0.05,-7.792468156768518,-1.281226304232458,79.3068721790197,0.277696551108751,2.7703648247760894e+34
1090,exp(-c y/log y),0.1,-15.584936313537035,-9.073694461000976,71.5144040222512,0.00011464221411453032,1.1436971620615085e+31
1090,exp(-c y/log y),0.2,-31.16987262707407,-24.65863077453801,55.92946770871416,1.953856766842043e-11,1.9492125623807853e+24
1090,exp(-c y/log y),0.5,-77.92468156768517,-71.41343971514911,9.174658768103058,9.67246569235934e-32,9649.474801173177
1100,exp(-c sqrt(y)/log y),0.5,-2.367980714926894,4.188616962850854,86.17499509604013,65.93154210264642,2.6627160020101787e+37
1100,exp(-c sqrt(y)/log y),1.0,-4.735961429853788,1.82063624792396,83.80701438111325,6.17578653149364,2.4941575910367054e+36
1100,exp(-c sqrt(y)/log y),2.0,-9.471922859707576,-2.915325181929828,79.07105295125946,0.054186407727103314,2.188376160256923e+34
1100,exp(-c sqrt(y)/log y),4.0,-18.94384571941515,-12.387248041637402,69.59913009155188,4.171445074082944e-06,1.6846828082641527e+30
1100,exp(-c y/log y),0.05,-7.853703542210039,-1.2971058644322913,80.689272268757,0.273321679457418,1.1038389007411895e+35
1100,exp(-c y/log y),0.1,-15.707407084420078,-9.150809406642331,72.83556872654695,0.00010613386251755665,4.28632980615971e+31
1100,exp(-c y/log y),0.2,-31.414814168840156,-24.858216491062407,57.128161642126884,1.6003454814960147e-11,6.463166773332792e+24
1100,exp(-c y/log y),0.5,-78.53703542210039,-71.98043774432264,10.005940388866648,5.486470932809046e-32,22157.700975066557
1110,exp(-c sqrt(y)/log y),0.5,-2.37564993583088,4.211015931169028,87.12974952525536,67.4250041900077,6.917822721331578e+37
1110,exp(-c sqrt(y)/log y),1.0,-4.75129987166176,1.8353659953381474,84.75409958942448,6.267427574992474,6.430396765034023e+36
1110,exp(-c sqrt(y)/log y),2.0,-9.50259974332352,-2.9159338763236127,80.00279971776273,0.05415343480073626,5.556156298440424e+34
1110,exp(-c sqrt(y)/log y),4.0,-19.00519948664704,-12.418533619647132,70.5001999744392,4.042959358587621e-06,4.1480866702567194e+30
1110,exp(-c y/log y),0.05,-7.914872712527172,-1.3282068455272649,81.59052674855907,0.26495193533860933,2.718413651382228e+35
1110,exp(-c y/log y),0.1,-15.829745425054345,-9.243079558054436,73.6756540360319,9.677909400259345e-05,9.929559864087424e+31
1110,exp(-c y/log y),0.2,-31.65949085010869,-25.07282498310878,57.84590861097755,1.2912503852754985e-11,1.3248262067606648e+25
1110,exp(-c y/log y),0.5,-79.14872712527172,-72.56206125827181,10.356672335814523,3.0668829422217014e-32,31466.297638747048
1120,exp(-c sqrt(y)/log y),0.5,-2.3832787950963765,4.2183469212137705,87.60333249104947,67.92111248510008,1.1108205286903562e+38
1120,exp(-c sqrt(y)/log y),1.0,-4.766557590192753,1.8350681261173936,85.2200536959531,6.265560979239092,1.0247055009628797e+37
1120,exp(-c sqrt(y)/log y),2.0,-9.533115180385506,-2.9314894640753595,80.45349610576034,0.05331756437650365,8.719857917842871e+34
1120,exp(-c sqrt(y)/log y),4.0,-19.066230360771012,-12.464604644460866,70.92038092537483,3.860921607906302e-06,6.314370929462192e+30
1120,exp(-c y/log y),0.05,-7.975976399773735,-1.3743506834635886,82.01063488637212,0.2530038220469995,4.137768494716314e+35
1120,exp(-c y/log y),0.1,-15.95195279954747,-9.350327083237325,74.03465848659837,8.693697881501307e-05,1.4218168289163386e+32
1120,exp(-c y/log y),0.2,-31.90390559909494,-25.302279882784795,58.082705687050904,1.026501214014405e-11,1.6787985054027364e+25
1120,exp(-c y/log y),0.5,-79.75976399773735,-73.1581382814272,10.226847288408493,1.6897569370867463e-32,27635.24661974055
1130,exp(-c sqrt(y)/log y),0.5,-2.390867863229343,4.2405578274986215,88.5581670730357,69.44658024801267,2.8861791652962314e+38
1130,exp(-c sqrt(y)/log y),1.0,-4.781735726458686,1.8496899642692783,86.16729920980636,6.357848056937074,2.642302692590249e+37
1130,exp(-c sqrt(y)/log y),2.0,-9.563471452917373,-2.932045762189408,81.38556348334768,0.05328791216449485,2.2146297384557365e+35
1130,exp(-c sqrt(y)/log y),4.0,-19.126942905834746,-12.49551721510678,71.8220920304303,3.743396456854244e-06,1.5557444042070845e+31
1130,exp(-c y/log y),0.05,-8.03701532134151,-1.4055896306135454,82.91201961492354,0.2452224231691824,1.0191370778615167e+36
1130,exp(-c y/log y),0.1,-16.07403064268302,-9.442604951955055,74.87500429358204,7.927363533898165e-05,3.294588644330106e+32
1130,exp(-c y/log y),0.2,-32.14806128536604,-25.516635594638075,58.80097365089901,8.28449355684247e-12,3.443010816860762e+25
1130,exp(-c y/log y),0.5,-80.3701532134151,-73.73872752268713,10.578881722849957,9.455348366493907e-33,39296.14584121076
1140,exp(-c sqrt(y)/log y),0.5,-2.3984176977267624,4.233007993001202,88.5506172385383,68.92424431673834,2.8644710397593957e+38
1140,exp(-c sqrt(y)/log y),1.0,-4.796835395453525,1.83459029527444,86.15219954081152,6.262567816124583,2.6027045086458e+37
1140,exp(-c sqrt(y)/log y),2.0,-9.59367079090705,-2.962245100179085,81.355364145358,0.05170270901079597,2.1487491681147674e+35
1140,exp(-c sqrt(y)/log y),4.0,-19.1873415818141,-12.555915891086133,71.76169335445095,3.5239928068333686e-06,1.4645609015466774e+31
1140,exp(-c y/log y),0.05,-8.097990180382164,-1.466564489654199,82.85104475588288,0.23071675499939812,9.588519535244815e+35
1140,exp(-c y/log y),0.1,-16.195980360764327,-9.564554670036362,74.75305457550073,7.017245730265837e-05,2.9163463992219947e+32
1140,exp(-c y/log y),0.2,-32.391960721528655,-25.76053503080069,58.557074214736396,6.491451030319047e-12,2.697827689907563e+25
1140,exp(-c y/log y),0.5,-80.97990180382163,-74.34847611309367,9.969133132443417,5.138863549540547e-33,21356.963664756735
1150,exp(-c sqrt(y)/log y),0.5,-2.4059288434839203,4.225496847244044,88.54310609278113,68.40848367297569,2.8430361812106718e+38
1150,exp(-c sqrt(y)/log y),1.0,-4.811857686967841,1.819568003760124,86.13717724929721,6.169192806055667,2.5638981329167526e+37
1150,exp(-c sqrt(y)/log y),2.0,-9.623715373935681,-2.9922896832077166,81.32531956232937,0.05017242614331062,2.085151068490969e+35
1150,exp(-c sqrt(y)/log y),4.0,-19.247430747871363,-12.616005057143397,71.70160418839369,3.318475533509922e-06,1.3791485356308432e+31
1150,exp(-c y/log y),0.05,-8.158901666213447,-1.5274759754854825,82.7901332700516,0.21708289897111568,9.021900544490363e+35
1150,exp(-c y/log y),0.1,-16.317803332426895,-9.686377641698929,74.63123160383816,6.212403283611981e-05,2.581856278530287e+32
1150,exp(-c y/log y),0.2,-32.63560666485379,-26.004180974125823,58.31342827141126,5.087772651691311e-12,2.114463141688775e+25
1150,exp(-c y/log y),0.5,-81.58901666213447,-74.9575909714065,9.360018274130582,2.7946785677420765e-33,11614.600786837058
1160,exp(-c sqrt(y)/log y),0.5,-2.4134018331855365,4.247485582880888,89.49805675319872,69.9293595256093,7.387749972796956e+38
1160,exp(-c sqrt(y)/log y),1.0,-4.826803666371073,1.8340837496953508,87.08465492001318,6.259396343399137,6.61279546665046e+37
1160,exp(-c sqrt(y)/log y),2.0,-9.653607332742146,-2.992719916675722,82.25785125364212,0.05015084492922591,5.298231040224949e+35
1160,exp(-c sqrt(y)/log y),4.0,-19.30721466548429,-12.646327249417869,72.60424392089996,3.2193623388948814e-06,3.4011242478038137e+31
1160,exp(-c y/log y),0.05,-8.219750454710312,-1.5588630386438878,83.69170813167395,0.21037512366420022,2.2225268823721696e+36
1160,exp(-c y/log y),0.1,-16.439500909420623,-9.7786134933542,75.47195767696363,5.6650287620487866e-05,5.984870498834272e+32
1160,exp(-c y/log y),0.2,-32.879001818841246,-26.218114402774823,59.03245676754301,4.107878491624145e-12,4.339805114851e+25
1160,exp(-c y/log y),0.5,-82.19750454710311,-75.53661713103668,9.713954039281148,1.566260510416486e-33,16546.899788185066
1170,exp(-c sqrt(y)/log y),0.5,-2.420837187681511,4.254711261975439,89.97183322376236,70.43647656291803,1.1865080683471471e+39
1170,exp(-c sqrt(y)/log y),1.0,-4.841674375363022,1.8338740742939281,87.55099603608085,6.258084039541898,1.054179250246605e+38
1170,exp(-c sqrt(y)/log y),2.0,-9.683348750726044,-3.0078003010690937,82.70932166071783,0.049400224954239014,8.321507313616368e+35
1170,exp(-c sqrt(y)/log y),4.0,-19.366697501452087,-12.691149051795136,73.0259729099918,3.0782507771914065e-06,5.185337997807144e+31
1170,exp(-c y/log y),0.05,-8.280537208681706,-1.6049887590247556,84.11213320276217,0.2008918131174379,3.3840386225993354e+36
1170,exp(-c y/log y),0.1,-16.56107441736341,-9.88552596770646,75.83159599408046,5.090619321184423e-05,8.575188868332794e+32
1170,exp(-c y/log y),0.2,-33.12214883472682,-26.44660038506987,59.27052157671705,3.268792762157363e-12,5.506307491956976e+25
1170,exp(-c y/log y),0.5,-82.80537208681704,-76.1298236371601,9.587298324626829,8.654414387972965e-34,14578.430096481601
1180,exp(-c sqrt(y)/log y),0.5,-2.4282354163480266,4.261923904259223,90.44564682015545,70.9463462154271,1.905659596225654e+39
1180,exp(-c sqrt(y)/log y),1.0,-4.856470832696053,1.8336884879111963,88.01741140380743,6.256922732126922,1.6806453726474618e+38
1180,exp(-c sqrt(y)/log y),2.0,-9.712941665392107,-3.022782344784857,83.16094057111137,0.048665625267452335,1.3071866381341052e+36
1180,exp(-c sqrt(y)/log y),4.0,-19.425883330784213,-12.735724010176963,73.44799890571926,2.944051069777437e-06,7.907890218707017e+31
1180,exp(-c y/log y),0.05,-8.341262578233652,-1.651103257626402,84.53261965826982,0.1918381449308509,5.1528827249191125e+36
1180,exp(-c y/log y),0.1,-16.682525156467303,-9.992365835860053,76.19135708003617,4.5747846615688004e-05,1.228813428180296e+33
1180,exp(-c y/log y),0.2,-33.365050312934606,-26.674890992327356,59.50883192356887,2.601609061986529e-12,6.988071323008051e+25
1180,exp(-c y/log y),0.5,-83.41262578233652,-76.72246646172927,9.461256454166957,4.784716139076794e-34,12852.022284503204
1190,exp(-c sqrt(y)/log y),0.5,-2.4355970174346853,4.283623260180414,91.400708869188,72.50266067700527,4.9524888213764265e+39
1190,exp(-c sqrt(y)/log y),1.0,-4.8711940348693705,1.8480262427457284,88.9651118517533,6.347279162567673,4.335679381314295e+38
1190,exp(-c sqrt(y)/log y),2.0,-9.742388069738741,-3.023167792123642,84.09391781688394,0.04864687084635572,3.322955072432693e+36
1190,exp(-c sqrt(y)/log y),4.0,-19.484776139477482,-12.765555861862383,74.35152974714521,2.8575216582606187e-06,1.9519068593113355e+32
1190,exp(-c y/log y),0.05,-8.401927201119227,-1.6827069235041279,85.43437868550346,0.18587015814899682,1.2696359993755817e+37
1190,exp(-c y/log y),0.1,-16.803854402238454,-10.084634124623355,77.03245148438423,4.171565313632083e-05,2.8494996446326095e+33
1190,exp(-c y/log y),0.2,-33.60770880447691,-26.888488526861806,60.228597082145775,2.1012503852139054e-12,1.4353154693239079e+26
1190,exp(-c y/log y),0.5,-84.01927201119226,-77.30005173357716,9.817033875430425,2.685431514868271e-34,18343.56068283606
1200,exp(-c sqrt(y)/log y),0.5,-2.4429224783983376,4.2907733339424095,91.87459523328394,73.0229177706367,7.95480864260017e+39
1200,exp(-c sqrt(y)/log y),1.0,-4.885844956796675,1.8478508555440714,89.43167275488561,6.34616602865479,6.91324558280232e+38
1200,exp(-c sqrt(y)/log y),2.0,-9.77168991359335,-3.037994101252604,84.54582779808894,0.047930937738437804,5.221394178841981e+36
1200,exp(-c sqrt(y)/log y),4.0,-19.5433798271867,-12.809684014845955,74.77413788449559,2.7341662454226896e-06,2.9784853773865662e+32
1200,exp(-c y/log y),0.05,-8.462531703076008,-1.7288358907352617,85.85498600860628,0.17749090856416105,1.933511090126414e+37
1200,exp(-c y/log y),0.1,-16.925063406152017,-10.19136759381127,77.39245430553026,3.7492576903919004e-05,4.0842831797742203e+33
1200,exp(-c y/log y),0.2,-33.85012681230403,-27.116430999963285,60.46739089937825,1.6729526446662685e-12,1.8224440439715506e+26
1200,exp(-c y/log y),0.5,-84.62531703076007,-77.89162121841933,9.692200680922213,1.4862734448205779e-34,16190.835980098525
1210,exp(-c sqrt(y)/log y),0.5,-2.450212276224221,4.2979107820377305,92.34851726051767,73.54597949842676,1.2777663835300062e+40
1210,exp(-c sqrt(y)/log y),1.0,-4.900424552448442,1.8476985058135096,89.89830498429345,6.345199265615138,1.1023964020461158e+39
1210,exp(-c sqrt(y)/log y),2.0,-9.800849104896884,-3.052726046634932,84.997880431845,0.047229997564782494,8.205601936918124e+36
1210,exp(-c sqrt(y)/log y),4.0,-19.601698209793767,-12.853575151531816,75.19703132694812,2.6167560621783713e-06,4.546275612824493e+32
1210,exp(-c y/log y),0.05,-8.523076698151584,-1.7749536398896328,86.2756528385903,0.1694913069530291,2.944692501236983e+37
1210,exp(-c y/log y),0.1,-17.04615339630317,-10.298030338041217,77.75257614043872,3.369940629766154e-05,5.854836498981214e+33
1210,exp(-c y/log y),0.2,-34.09230679260634,-27.344183734344384,60.70642274413555,1.3322075543777167e-12,2.3145385247129374e+26
1210,exp(-c y/log y),0.5,-85.23076698151584,-78.48264392325389,9.567962555226046,8.230397657271758e-35,14299.252686913922
1220,exp(-c sqrt(y)/log y),0.5,-2.4574668777349826,4.319343991451686,93.3036863091261,75.13932008419874,3.321055285046437e+40
1220,exp(-c sqrt(y)/log y),1.0,-4.914933755469965,1.8618771137167034,90.84621943139113,6.43580618011764,2.844538399344546e+39
1220,exp(-c sqrt(y)/log y),2.0,-9.82986751093993,-3.053056641753262,85.93128567592116,0.047214386138821646,2.0868113584319118e+37
1220,exp(-c sqrt(y)/log y),4.0,-19.65973502187986,-12.882924152693192,76.10141816498123,2.541072930117468e-06,1.1231195164926307e+33
1220,exp(-c y/log y),0.05,-8.583562789017577,-1.8067519198309085,87.17759039784352,0.16418656277206684,7.256821746813363e+37
1220,exp(-c y/log y),0.1,-17.167125578035154,-10.390314708848486,78.59402760882594,3.072866244358257e-05,1.3581648955076055e+34
1220,exp(-c y/log y),0.2,-34.33425115607031,-27.55744028688364,61.426902030790785,1.0763555339456816e-12,4.7573443978381455e+26
1220,exp(-c y/log y),0.5,-85.83562789017577,-79.0588170209891,9.925525296685322,4.6258550696591456e-35,20445.64737841032
1230,exp(-c sqrt(y)/log y),0.5,-2.4646867398881547,4.3406829967752865,94.25889009709215,76.75994823582049,8.63208760984517e+40
1230,exp(-c sqrt(y)/log y),1.0,-4.929373479776309,1.8759962568871318,91.794203357204,6.527318768410474,7.340336824251875e+39
1230,exp(-c sqrt(y)/log y),2.0,-9.858746959552619,-3.0533772228891776,86.86482987742768,0.04719925252318715,5.307821230515461e+37
1230,exp(-c sqrt(y)/log y),4.0,-19.717493919105237,-12.912124182441797,77.00608291787506,2.4679463696577097e-06,2.7753444040681636e+33
1230,exp(-c y/log y),0.05,-8.643990567272743,-1.838620830609302,88.07958626970756,0.15903661335314406,1.788456103982598e+38
1230,exp(-c y/log y),0.1,-17.287981134545486,-10.482611397882046,79.43559570243481,2.8019456954500105e-05,3.150945418416274e+34
1230,exp(-c y/log y),0.2,-34.57596226909097,-27.770592532427532,62.14761456788933,8.697309078498978e-13,9.780612892658271e+26
1230,exp(-c y/log y),0.5,-86.43990567272742,-79.63453593606398,10.28367116425288,2.6011205130029226e-35,29251.062133375417
1240,exp(-c sqrt(y)/log y),0.5,-2.471872310062575,4.3619635756822746,95.21412817703693,78.410949193252,2.243729337461077e+41
1240,exp(-c sqrt(y)/log y),1.0,-4.94374462012515,1.8900912656196995,92.74225586697436,6.61997282939634,1.8943052473327544e+40
1240,exp(-c sqrt(y)/log y),2.0,-9.8874892402503,-3.0536533545054505,87.7985112468492,0.04718622111657554,1.350233733075347e+38
1240,exp(-c sqrt(y)/log y),4.0,-19.7749784805006,-12.94114259475575,77.9110220065989,2.3973595955621836e-06,6.860044563099856e+33
1240,exp(-c y/log y),0.05,-8.70436061373555,-1.8705247279907011,88.98163987336396,0.15404281003020015,4.407935060674557e+38
1240,exp(-c y/log y),0.1,-17.4087212274711,-10.574885341726251,80.2772792596284,2.554969083635182e-05,7.311044118506413e+34
1240,exp(-c y/log y),0.2,-34.8174424549422,-27.983606569197352,62.8685580321573,7.028685048331029e-13,2.011258250151576e+27
1240,exp(-c y/log y),0.5,-87.0436061373555,-80.20977025161065,10.64239434974401,1.4633202581601112e-35,41872.9096779961
1250,exp(-c sqrt(y)/log y),0.5,-2.4790240263342844,4.368959183356656,95.68818828582482,78.9614045712461,3.604559143865379e+41
1250,exp(-c sqrt(y)/log y),1.0,-4.958048052668569,1.8899351570223724,93.20916425949054,6.61893947538342,3.021521582377324e+40
1250,exp(-c sqrt(y)/log y),2.0,-9.916096105337138,-3.0681128956461965,88.25111620682198,0.046508839129535635,2.1231114398892106e+38
1250,exp(-c sqrt(y)/log y),4.0,-19.832192210674275,-12.984209000983334,78.33502010148483,2.296305568622091e-06,1.0482550658046265e+34
1250,exp(-c y/log y),0.05,-8.764673498726756,-1.9166902890358148,89.40253881343236,0.14709299266696446,6.714741139613778e+38
1250,exp(-c y/log y),0.1,-17.529346997453512,-10.681363787762571,80.63786531470559,2.2969029618408752e-05,1.0485277736168727e+35
1250,exp(-c y/log y),0.2,-35.058693994907024,-28.210710785216083,63.108518317252084,5.600721471877439e-13,2.5567088001180966e+27
1250,exp(-c y/log y),0.5,-87.64673498726755,-80.79875177757661,10.520477324891559,8.119849099609988e-36,37066.81318263246
1260,exp(-c sqrt(y)/log y),0.5,-2.486142317742337,4.375931922850869,96.16228181947638,79.51390586069168,5.7909306154151105e+41
1260,exp(-c sqrt(y)/log y),1.0,-4.972284635484674,1.8897896051085326,93.67613950173404,6.617976146184094,4.819816139351586e+40
1260,exp(-c sqrt(y)/log y),2.0,-9.944569270969348,-3.0824950303761414,88.70385486624936,0.04584472984098492,3.3388329590640333e+38
1260,exp(-c sqrt(y)/log y),4.0,-19.889138541938696,-13.02706430134549,78.75928559528002,2.1999755718955524e-06,1.6022236305151015e+34
1260,exp(-c y/log y),0.05,-8.824929782342316,-1.9628555417491098,89.8234943548764,0.1404567675612874,1.0229347767646329e+39
1260,exp(-c y/log y),0.1,-17.649859564684633,-10.787785324091427,80.99856457253408,2.0650204734733795e-05,1.503936972011798e+35
1260,exp(-c y/log y),0.2,-35.299719129369265,-28.43764488877606,63.348705007849446,4.4636254640943543e-13,3.2508207307860174e+27
1260,exp(-c y/log y),0.5,-88.24929782342316,-81.38722358282996,10.399126313795549,4.507937649283112e-36,32830.92921048585
1270,exp(-c sqrt(y)/log y),0.5,-2.493227604544988,4.368846636048218,96.15519653267373,78.95251817777033,5.750045224552271e+41
1270,exp(-c sqrt(y)/log y),1.0,-4.986455209089976,1.8756190315032306,93.66196892812873,6.524856962439259,4.751998224209096e+40
1270,exp(-c sqrt(y)/log y),2.0,-9.972910418179952,-3.1108361775867452,88.67551371903876,0.0445636766090634,3.245534934015357e+38
1270,exp(-c sqrt(y)/log y),4.0,-19.945820836359903,-13.083746595766698,78.70260330085881,2.0787442016937037e-06,1.5139318473796349e+34
1270,exp(-c y/log y),0.05,-8.885130014717133,-2.023055774123926,89.76329412250158,0.1322507186642965,9.631708156375802e+38
1270,exp(-c y/log y),0.1,-17.770260029434265,-10.90818578884106,80.87816410778444,1.8307755522675278e-05,1.3333383740642788e+35
1270,exp(-c y/log y),0.2,-35.54052005886853,-28.678445818275325,63.10790407835018,3.508401043932222e-13,2.5551388523230907e+27
1270,exp(-c y/log y),0.5,-88.85130014717132,-81.98922590657811,9.797123990047396,2.4690598266798657e-36,17981.954208943458
1280,exp(-c sqrt(y)/log y),0.5,-2.5002802984666705,4.389765748576446,97.11056748887124,80.62153105988234,1.4948017406838486e+42
1280,exp(-c sqrt(y)/log y),1.0,-5.000560596933341,1.8894854501097749,94.61028719040458,6.615963561741897,1.2266641080094635e+41
1280,exp(-c sqrt(y)/log y),2.0,-10.001121193866682,-3.1110751468235662,89.60972659347124,0.044553028533606105,8.2605655994434e+38
1280,exp(-c sqrt(y)/log y),4.0,-20.002242387733364,-13.112196340690248,79.60860539960456,2.0204377932735137e-06,3.7460885332051916e+34
1280,exp(-c y/log y),0.05,-8.945274736279902,-2.0552286892367864,90.66557305105802,0.12806354547401935,2.3744229137812498e+39
1280,exp(-c y/log y),0.1,-17.890549472559805,-11.000503425516689,81.72029831477812,1.669329484395721e-05,3.0950995177655614e+35
1280,exp(-c y/log y),0.2,-35.78109894511961,-28.891052898076495,63.82974884221831,2.8364501150879307e-13,5.259054887269673e+27
1280,exp(-c y/log y),0.5,-89.45274736279902,-82.5627013157559,10.158100424538901,1.391471794644779e-36,25799.242874742653
1290,exp(-c sqrt(y)/log y),0.5,-2.507300802936165,4.410629966913161,98.06597063452095,82.32130687226159,3.886063644713317e+42
1290,exp(-c sqrt(y)/log y),1.0,-5.01460160587233,1.9033291639769958,95.5586698315848,6.708189973357563,3.1666714448236338e+41
1290,exp(-c sqrt(y)/log y),2.0,-10.02920321174466,-3.111272441895334,90.54406822571246,0.044544239307708074,2.1027575427549847e+39
1290,exp(-c sqrt(y)/log y),4.0,-20.05840642348932,-13.140475653639994,80.5148650139678,1.9641015304101535e-06,9.271747305586814e+34
1290,exp(-c y/log y),0.05,-9.005364477999542,-2.0874337081502166,91.56790695945759,0.12400496074736082,5.85378425141113e+39
1290,exp(-c y/log y),0.1,-18.010728955999085,-11.092798186149759,82.56254248145804,1.522155281418567e-05,7.185493677727614e+35
1290,exp(-c y/log y),0.2,-36.02145791199817,-29.10352714214884,64.55181352545895,2.2935000727467537e-13,1.0826707678096535e+28
1290,exp(-c y/log y),0.5,-90.05364477999542,-83.1357140101461,10.5196266574617,7.84545537191498e-37,37035.29505955035
1300,exp(-c sqrt(y)/log y),0.5,-2.5142895133163403,4.431439653589203,99.02140557425999,84.05233609585561,1.0102992514331142e+43
1300,exp(-c sqrt(y)/log y),1.0,-5.028579026632681,1.917150140272863,96.50711606094364,6.801547367045513,8.175380403081692e+41
1300,exp(-c sqrt(y)/log y),2.0,-10.057158053265361,-3.1114288863598176,91.47853703431096,0.04453727115312257,5.3533279141175186e+39
1300,exp(-c sqrt(y)/log y),4.0,-20.114316106530723,-13.168586939625179,81.4213789810456,1.9096569495067884e-06,2.2953853232353955e+35
1300,exp(-c y/log y),0.05,-9.065399761623466,-2.119670594717922,92.47029532595286,0.12007117407680629,1.443241472195963e+40
1300,exp(-c y/log y),0.1,-18.13079952324693,-11.185070356341388,83.4048955643294,1.3879878502565641e-05,1.66834516593716e+36
1300,exp(-c y/log y),0.2,-36.26159904649386,-29.31586987958832,65.27409604108246,1.8547248001406502e-13,2.2293575220319365e+28
1300,exp(-c y/log y),0.5,-90.65399761623465,-83.7082684493291,10.881697471341681,4.4254855066165546e-37,53193.81830701114
1310,exp(-c sqrt(y)/log y),0.5,-2.5212468171258253,4.466025047417538,100.45808374562931,87.01017339714677,4.2500244968539334e+43
1310,exp(-c sqrt(y)/log y),1.0,-5.042493634251651,1.9447782302917123,97.93683692850348,6.992081051303607,3.415292096522005e+42
1310,exp(-c sqrt(y)/log y),2.0,-10.084987268503301,-3.0977154039599384,92.89434329425184,0.04515223927696626,2.205467654213534e+40
1310,exp(-c sqrt(y)/log y),4.0,-20.169974537006603,-13.18270267246324,82.80935602574854,1.8828901034674353e-06,9.19700392745445e+35
1310,exp(-c y/log y),0.05,-9.125381099908052,-2.1381092353646896,93.85394946284708,0.11787751107824472,5.757744067742998e+40
1310,exp(-c y/log y),0.1,-18.250762199816105,-11.263490335272742,84.72856836293903,1.283300313676041e-05,6.268298932182516e+36
1310,exp(-c y/log y),0.2,-36.50152439963221,-29.514252535088847,66.47780616312292,1.5209781898629482e-13,7.429239954037406e+28
1310,exp(-c y/log y),0.5,-91.25381099908051,-84.26653913453715,11.725519563674624,2.5322527111745797e-37,123688.24971298967
1320,exp(-c sqrt(y)/log y),0.5,-2.5281730942529554,4.472865598349771,100.93236929356179,87.60741130918593,6.829218837710966e+43
1320,exp(-c sqrt(y)/log y),1.0,-5.056346188505911,1.9446925040968157,98.40419619930883,6.99148167249227,5.4500364327382466e+42
1320,exp(-c sqrt(y)/log y),2.0,-10.112692377011822,-3.111653684409095,93.34785001080292,0.04452726038668975,3.4710123365162767e+40
1320,exp(-c sqrt(y)/log y),4.0,-20.225384754023644,-13.224346061420917,83.23515763379109,1.8060903772979967e-06,1.4078930358667658e+36
1320,exp(-c y/log y),0.05,-9.185308996841654,-2.184270304238927,94.27523339097309,0.1125598381317537,8.774323489894777e+40
1320,exp(-c y/log y),0.1,-18.370617993683307,-11.36957930108058,85.08992439413143,1.1541292503951316e-05,8.996728815710549e+36
1320,exp(-c y/log y),0.2,-36.741235987366615,-29.740197294763888,66.71930640044812,1.2133788598836079e-13,9.458594476616407e+28
1320,exp(-c y/log y),0.5,-91.85308996841654,-84.8520512758138,11.6074524193982,1.4100105194511278e-37,109913.87893910383
1330,exp(-c sqrt(y)/log y),0.5,-2.5350687171623174,4.493451649032339,101.88789732077163,89.42959333358276,1.7756263413205991e+44
1330,exp(-c sqrt(y)/log y),1.0,-5.070137434324635,1.9583829318700223,99.35282860360931,7.087856246662382,1.407295257188806e+43
1330,exp(-c sqrt(y)/log y),2.0,-10.14027486864927,-3.1117545024546125,94.28269116928467,0.044522771461611446,8.840005064201383e+40
1330,exp(-c sqrt(y)/log y),4.0,-20.28054973729854,-13.252029371103882,84.1424163006354,1.7567775386251814e-06,3.488085271491257e+36
1330,exp(-c y/log y),0.05,-9.245183947860392,-2.2166635816657347,95.17778209007355,0.10897207942107943,2.1636427884312753e+41
1330,exp(-c y/log y),0.1,-18.490367895720784,-11.461847529526127,85.93259814221317,1.0524049097311831e-05,2.0895520261211939e+37
1330,exp(-c y/log y),0.2,-36.98073579144157,-29.952215425246912,67.44223024649239,9.815628660491194e-14,1.948895008521169e+29
1330,exp(-c y/log y),0.5,-92.45183947860392,-85.42331911240926,11.971126559330031,7.963864893180395e-38,158122.69469125828
1340,exp(-c sqrt(y)/log y),0.5,-2.541934051094204,4.486586315100453,101.88103198683974,88.81773203126181,1.763477823082537e+44
1340,exp(-c sqrt(y)/log y),1.0,-5.083868102188408,1.9446522640062494,99.33909793574554,6.991200340297031,1.388104207896398e+43
1340,exp(-c sqrt(y)/log y),2.0,-10.167736204376816,-3.1392158381821584,94.25522983355714,0.04331675193043643,8.600549648172265e+40
1340,exp(-c sqrt(y)/log y),4.0,-20.33547240875363,-13.306952042558974,84.08749362918032,1.6628924326474934e-06,3.301676208207452e+36
1340,exp(-c y/log y),0.05,-9.305006440057062,-2.2764860738624044,95.11795959787689,0.10264425808946218,2.0380037709566353e+41
1340,exp(-c y/log y),0.1,-18.610012880114123,-11.581492513919466,85.81295315781982,9.33730852332134e-06,1.8539244508473763e+37
1340,exp(-c y/log y),0.2,-37.220025760228246,-30.19150539403359,67.2029402777057,7.726731251358197e-14,1.5341440155095214e+29
1340,exp(-c y/log y),0.5,-93.0500644005706,-86.02154403437595,11.372901637363341,4.3784268771107545e-38,86933.75209193179
1350,exp(-c sqrt(y)/log y),0.5,-2.5487694542572714,4.479750911937385,101.87419658367668,88.21269720900608,1.7514648447409504e+44
1350,exp(-c sqrt(y)/log y),1.0,-5.097538908514543,1.9309814576801143,99.32542712941941,6.896275323597926,1.3692568270889645e+43
1350,exp(-c sqrt(y)/log y),2.0,-10.195077817029086,-3.1665574508344285,94.22788822090486,0.042148446535576076,8.368582381354484e+40
1350,exp(-c sqrt(y)/log y),4.0,-20.39015563405817,-13.361635267863514,84.03281040387577,1.5744016417614151e-06,3.1259775681884566e+36
1350,exp(-c y/log y),0.05,-9.364776952383398,-2.3362565861887408,95.05818908555055,0.09668890821149191,1.9197601815481408e+41
1350,exp(-c y/log y),0.1,-18.729553904766796,-11.701033538572139,85.69341213316716,8.285251606955698e-06,1.645038342386711e+37
1350,exp(-c y/log y),0.2,-37.45910780953359,-30.430587443338936,66.96385822840035,6.08364400017103e-14,1.2079087173780346e+29
1350,exp(-c y/log y),0.5,-93.64776952383397,-86.61924915763932,10.775196514099974,2.4084523821286944e-38,47819.869599229634
1360,exp(-c sqrt(y)/log y),0.5,-2.555575278014676,4.472945088179982,101.86739075991927,87.61437548422296,1.7395851550822217e+44
1360,exp(-c sqrt(y)/log y),1.0,-5.111150556029352,1.9173698101653054,99.31181548190459,6.803041626339954,1.3507452580904783e+43
1360,exp(-c sqrt(y)/log y),2.0,-10.222301112058704,-3.1937807458640464,94.20066492587524,0.04101650444398451,8.143835055580332e+40
1360,exp(-c sqrt(y)/log y),4.0,-20.444602224117407,-13.41608185792275,83.97836381381654,1.4909726616606891e-06,2.960329163477762e+36
1360,exp(-c y/log y),0.05,-9.424495955845975,-2.395975589651318,94.99847008208798,0.09108377517439775,1.8084701544298687e+41
1360,exp(-c y/log y),0.1,-18.84899191169195,-11.820471545497293,85.57397412624199,7.352489861063658e-06,1.4598383135769754e+37
1360,exp(-c y/log y),0.2,-37.6979838233839,-30.669463457189245,66.72498221455004,4.7909457988919216e-14,9.512432342859794e+28
1360,exp(-c y/log y),0.5,-94.24495955845975,-87.2164391922651,10.178006479474192,1.3255060903706167e-38,26317.94959487001
1370,exp(-c sqrt(y)/log y),0.5,-2.562351867063966,4.493244239245463,102.8230378209892,89.41104668413382,4.523534825508979e+44
1370,exp(-c sqrt(y)/log y),1.0,-5.124703734127932,1.9308923721814972,100.26068595392523,6.89566099283651,3.4886922592681125e+43
1370,exp(-c sqrt(y)/log y),2.0,-10.249407468255864,-3.193811361946435,95.1359822197973,0.04101524869852827,2.075066926798737e+41
1370,exp(-c sqrt(y)/log y),4.0,-20.498814936511728,-13.443218830202298,84.88657475154145,1.4510562329403665e-06,7.341266707978761e+36
1370,exp(-c y/log y),0.05,-9.484163913695971,-2.4285678073865418,95.9012257743572,0.08816300861633378,4.460393369585795e+41
1370,exp(-c y/log y),0.1,-18.968327827391942,-11.912731721082512,86.41706186066122,6.704499290289843e-06,3.3919786370880285e+37
1370,exp(-c y/log y),0.2,-37.936655654783884,-30.881059548474454,67.44873403326929,3.8772717668835124e-14,1.961611514002414e+29
1370,exp(-c y/log y),0.5,-94.8416391369597,-87.78604303065028,10.543750551093467,7.499044377700408e-39,37939.59433268206
1380,exp(-c sqrt(y)/log y),0.5,-2.5690995596109727,4.4999899517366515,103.2975019535018,90.01622678922502,7.270011415496407e+44
1380,exp(-c sqrt(y)/log y),1.0,-5.138199119221945,1.9308903921256784,100.72840239389082,6.895647339056354,5.569155324579516e+43
1380,exp(-c sqrt(y)/log y),2.0,-10.27639823844389,-3.207308727096267,95.59020327466888,0.040465370213477986,3.268118581254382e+41
1380,exp(-c sqrt(y)/log y),4.0,-20.55279647688778,-13.483706965540158,85.31380503622499,1.3934791317750596e-06,1.1254203332674475e+37
1380,exp(-c y/log y),0.05,-9.543781281613041,-2.4746917702654176,96.32282023149973,0.08418893579184623,6.799379912894602e+41
1380,exp(-c y/log y),0.1,-19.087562563226083,-12.018473051878459,86.77903894988668,6.031751941393818e-06,4.871444519892345e+37
1380,exp(-c y/log y),0.2,-38.175125126452166,-31.106035615104542,67.69147638666061,3.096138490535367e-14,2.500544954284232e+29
1380,exp(-c y/log y),0.5,-95.4378128161304,-88.36872330478278,10.428788696982366,4.187464091645585e-39,33819.35994665433
1390,exp(-c sqrt(y)/log y),0.5,-2.5758186875379434,4.50672509144931,103.77199465063443,90.62454490726661,1.1684352562668993e+45
1390,exp(-c sqrt(y)/log y),1.0,-5.151637375075887,1.930906403911366,101.19617596309648,6.895757751567673,8.89079937874684e+43
1390,exp(-c sqrt(y)/log y),2.0,-10.303274750151774,-3.220730971164521,96.0445385880206,0.03992586293695846,5.1476987763258586e+41
1390,exp(-c sqrt(y)/log y),4.0,-20.606549500303547,-13.524005721316295,85.74126383786883,1.3384401070384412e-06,1.725670027988158e+37
1390,exp(-c y/log y),0.05,-9.603348507883526,-2.520804728896273,96.74446483028885,0.08039488462437326,1.0365427789430558e+42
1390,exp(-c y/log y),0.1,-19.206697015767052,-12.124153236779799,87.14111632240532,5.426841675571587e-06,6.996904812493006e+37
1390,exp(-c y/log y),0.2,-38.413394031534104,-31.330850252546853,67.93441930663826,2.4727751176593074e-14,3.1881844275733154e+29
1390,exp(-c y/log y),0.5,-96.03348507883526,-88.950941299848,10.314328259337117,2.3393598578436322e-39,30161.702194444275
1400,exp(-c sqrt(y)/log y),0.5,-2.5825095765661565,4.513401641492458,104.24651558666582,91.23162857358882,1.8779606021286342e+45
1400,exp(-c sqrt(y)/log y),1.0,-5.165019153132313,1.9308920649263017,101.66400601009965,6.895658874109169,1.4194392771197865e+44
1400,exp(-c sqrt(y)/log y),2.0,-10.330038306264626,-3.2341270882060114,96.49898685696735,0.039394577927322524,8.10919046844847e+41
1400,exp(-c sqrt(y)/log y),4.0,-20.660076612529252,-13.564165394470638,86.16894855070272,1.28575380302365e-06,2.6466643464199694e+37
1400,exp(-c y/log y),0.05,-9.662866033573204,-2.566954815514589,97.16615912965877,0.0767689655026418,1.5802534157750264e+42
1400,exp(-c y/log y),0.1,-19.325732067146408,-12.229820849087794,87.50329309608557,4.882657829889672e-06,1.0050723835113277e+38
1400,exp(-c y/log y),0.2,-38.651464134292816,-31.555552916234202,68.17756102893915,1.9751382298125826e-14,4.0657300952971186e+29
1400,exp(-c y/log y),0.5,-96.62866033573204,-89.53274911767342,10.20036482749994,1.3074380156889631e-39,26913.002887026185
1410,exp(-c sqrt(y)/log y),0.5,-2.589172546413223,4.520058593157309,104.72106444187835,91.8409790734418,3.018425256502273e+45
1410,exp(-c sqrt(y)/log y),1.0,-5.178345092826446,1.930886046744086,102.13189189546513,6.895617374902443,2.2662983184159345e+44
1410,exp(-c sqrt(y)/log y),2.0,-10.356690185652893,-3.2474590460823602,96.95354680263868,0.03887285658490664,1.277586686161571e+42
1410,exp(-c sqrt(y)/log y),4.0,-20.713380371305785,-13.604149231735253,86.59685661698579,1.235358641908537e-06,4.060102323814786e+37
1410,exp(-c y/log y),0.05,-9.72233429269479,-2.613103153124257,97.5879026955968,0.07330670850052072,2.4092820290175828e+42
1410,exp(-c y/log y),0.1,-19.44466858538958,-12.335437445819046,87.865568402902,4.393266870342639e-06,1.4438813494565202e+38
1410,exp(-c y/log y),0.2,-38.88933717077916,-31.780106031208625,68.42089981751242,1.5778848863915946e-14,5.185841484909513e+29
1410,exp(-c y/log y),0.5,-97.22334292694788,-90.11411178737734,10.086894061343699,7.3103557031866154e-40,24026.05297888712
1420,exp(-c sqrt(y)/log y),0.5,-2.5958079109452985,4.513423228625234,104.71442907734628,91.23359802412548,2.9984632055956655e+45
1420,exp(-c sqrt(y)/log y),1.0,-5.191615821890597,1.9176153176799353,102.11862116640098,6.804712029221401,2.2364215690473097e+44
1420,exp(-c sqrt(y)/log y),2.0,-10.383231643781194,-3.2740005042106617,96.92700534451038,0.037854685926552355,1.244123715038962e+42
1420,exp(-c sqrt(y)/log y),4.0,-20.766463287562388,-13.657232147991856,86.54377370072919,1.171492304449631e-06,3.8502006350794237e+37
1420,exp(-c y/log y),0.05,-9.781753712370392,-2.67252257279986,97.52848327592119,0.06907775168318275,2.2702940718453958e+42
1420,exp(-c y/log y),0.1,-19.563507424740784,-12.454276285170252,87.74672956355079,3.901005236196844e-06,1.2820957321533065e+38
1420,exp(-c y/log y),0.2,-39.12701484948157,-32.017783709911036,68.18322213881001,1.244094047079464e-14,4.088811912780116e+29
1420,exp(-c y/log y),0.5,-97.81753712370391,-90.70830598413337,9.492699864587664,4.0353689526800256e-40,13262.554133198177
1430,exp(-c sqrt(y)/log y),0.5,-2.60241597832439,4.546531440487161,106.151456485146,94.30473877400549,1.261803702713781e+46
1430,exp(-c sqrt(y)/log y),1.0,-5.20483195664878,1.9441154621627712,103.54904050682161,6.987448458164951,9.349252701036644e+44
1430,exp(-c sqrt(y)/log y),2.0,-10.40966391329756,-3.260716494486009,98.34420855017282,0.03836090279331031,5.1327144121610474e+42
1430,exp(-c sqrt(y)/log y),4.0,-20.81932782659512,-13.670380407783568,87.93454463687527,1.156190038818537e-06,1.546989993279275e+38
1430,exp(-c y/log y),0.05,-9.841124712989096,-2.6921772941775446,98.91274775048129,0.06773330337951791,9.062761226254437e+42
1430,exp(-c y/log y),0.1,-19.682249425978192,-12.53330200716664,89.0716230374922,3.6045918652238363e-06,4.822967988078595e+38
1430,exp(-c y/log y),0.2,-39.364498851956384,-32.21555143314483,69.389373611514,1.0208543439013091e-14,1.3659099296727775e+30
1430,exp(-c y/log y),0.5,-98.41124712989095,-91.26229971107941,10.342625333579434,2.318925678189528e-40,31027.380438109692
1440,exp(-c sqrt(y)/log y),0.5,-2.608997051150966,4.566338635906076,107.10729906243863,96.1912729620229,3.2817761491247585e+46
1440,exp(-c sqrt(y)/log y),1.0,-5.217994102301932,1.9573415847551106,104.49830201128766,7.080479169724548,2.415660688132352e+45
1440,exp(-c sqrt(y)/log y),2.0,-10.435988204603865,-3.2606525175468217,99.28030790898573,0.03836335708496368,1.3088500277098622e+43
1440,exp(-c sqrt(y)/log y),4.0,-20.87197640920773,-13.696640722150686,88.84431970438186,1.1262233148058083e-06,3.842357730910914e+38
1440,exp(-c y/log y),0.05,-9.900447708359854,-2.7251120213028113,99.81584840522974,0.06553886055824835,2.2360019032681944e+43
1440,exp(-c y/log y),0.1,-19.800895416719708,-12.625559729662665,89.91540069686988,3.2869195799911804e-06,1.1214046710833048e+39
1440,exp(-c y/log y),0.2,-39.601790833439416,-32.426455146382374,70.11450528015018,8.267409741338779e-15,2.820608072717708e+30
1440,exp(-c y/log y),0.5,-99.00447708359853,-91.82914139654149,10.711819029991062,1.3155598588772919e-40,44883.20857666533
1450,exp(-c sqrt(y)/log y),0.5,-2.6155514266020345,4.572928129817271,107.58195651204716,96.82721774552124,5.275335263062031e+46
1450,exp(-c sqrt(y)/log y),1.0,-5.231102853204069,1.9573767032152363,104.96640508544513,7.080727829616191,3.85771832315683e+45
1450,exp(-c sqrt(y)/log y),2.0,-10.462205706408138,-3.273726149988833,99.73530223224105,0.03786507294424824,2.0629628651128777e+43
1450,exp(-c sqrt(y)/log y),4.0,-20.924411412816276,-13.73593185639697,89.27309652583293,1.082830776655282e-06,5.899472806325409e+38
1450,exp(-c y/log y),0.05,-9.959723105859878,-2.7712435494405723,100.23778483278932,0.06258412987187217,3.409705193521511e+43
1450,exp(-c y/log y),0.1,-19.919446211719755,-12.730966655300449,90.27806172692944,2.9580903338932103e-06,1.611625182778899e+39
1450,exp(-c y/log y),0.2,-39.83889242343951,-32.65041286702021,70.35861551520969,6.6085451274511854e-15,3.6004639976338744e+30
1450,exp(-c y/log y),0.5,-99.59723105859877,-92.40875150217946,10.60027688005043,7.368670604157219e-41,40145.95150524938
1460,exp(-c sqrt(y)/log y),0.5,-2.6220793965648728,4.605732313492686,109.01906401726313,100.05622855278685,2.220127544126244e+47
1460,exp(-c sqrt(y)/log y),1.0,-5.2441587931297455,1.983652916927813,106.39698462069826,7.269248505373343,1.6129589397189417e+46
1460,exp(-c sqrt(y)/log y),2.0,-10.488317586259491,-3.2605058762019326,101.1528258275685,0.038368983151738,8.513616550152884e+43
1460,exp(-c sqrt(y)/log y),4.0,-20.976635172518982,-13.748823462461424,90.66450824130902,1.0689609431521838e-06,2.3718959507206268e+39
1460,exp(-c y/log y),0.05,-10.018951306578655,-2.7911395965210968,101.62219210724935,0.061351258381413226,1.361310740665403e+44
1460,exp(-c y/log y),0.1,-20.03790261315731,-12.810090903099752,91.60324080067069,2.733053971594421e-06,6.064318523378286e+39
1460,exp(-c y/log y),0.2,-40.07580522631462,-32.84799351625706,71.56533818751339,5.423725162119574e-15,1.203459474573302e+31
1460,exp(-c y/log y),0.5,-100.18951306578654,-92.96170135572899,11.451630348041462,4.2388307174586046e-41,94054.56278769753
1470,exp(-c sqrt(y)/log y),0.5,-2.6285812477665726,4.599230462290986,109.01256216606143,99.40778815876051,2.2057394305592446e+47
1470,exp(-c sqrt(y)/log y),1.0,-5.257162495533145,1.9706492145244132,106.38398091829485,7.175333307146355,1.5921202851532274e+46
1470,exp(-c sqrt(y)/log y),2.0,-10.51432499106629,-3.286513281008732,101.12681842276172,0.03738396981524645,8.295053920788725e+43
1470,exp(-c sqrt(y)/log y),4.0,-21.02864998213258,-13.800838272075023,90.61249343169543,1.0147804522442998e-06,2.2516759484691865e+39
1470,exp(-c y/log y),0.05,-10.078132705457797,-2.8503209954002386,101.5630107083702,0.0578257560936718,1.2830840790261812e+44
1470,exp(-c y/log y),0.1,-20.156265410915594,-12.928453700858036,91.48487800291241,2.4279732530783427e-06,5.387381049163961e+39
1470,exp(-c y/log y),0.2,-40.31253082183119,-33.08471911177363,71.32861259199682,4.2804463140345055e-15,9.49779628954139e+30
1470,exp(-c y/log y),0.5,-100.78132705457796,-93.5535153445204,10.859816359250047,2.3454410570334816e-41,52042.520182513894
1480,exp(-c sqrt(y)/log y),0.5,-2.6350572618995556,4.605790658736845,109.48729797698805,100.06206652817883,3.5459234023192307e+47
1480,exp(-c sqrt(y)/log y),1.0,-5.270114523799111,1.9707333968372902,106.8522407150885,7.175937368725108,2.5429541016099135e+46
1480,exp(-c sqrt(y)/log y),2.0,-10.540229047598222,-3.299381126961821,101.58212619128939,0.0369060004637619,1.3078467722191755e+44
1480,exp(-c sqrt(y)/log y),4.0,-21.080458095196445,-13.839610174560043,91.04189714369116,9.761884603429134e-07,3.459342412870434e+39
1480,exp(-c y/log y),0.05,-10.13726769142681,-2.896419770790409,101.9850875474608,0.05522056886223643,1.9568645163134116e+44
1480,exp(-c y/log y),0.1,-20.27453538285362,-13.03368746221722,91.847819856034,2.185452925767616e-06,7.744641843834165e+39
1480,exp(-c y/log y),0.2,-40.54907076570724,-33.308222845070844,71.57328447318037,3.423123881610449e-15,1.2130606034827573e+31
1480,exp(-c y/log y),0.5,-101.3726769142681,-94.1318289936317,10.74967832461951,1.315425015514121e-41,46615.031133642864
1490,exp(-c sqrt(y)/log y),0.5,-2.641507715743217,4.651238766631479,111.4056948233828,104.7146222456127,2.4147852497909718e+48
1490,exp(-c sqrt(y)/log y),1.0,-5.283015431486434,2.009731050888262,108.76418710763959,7.461310364648215,1.7206252408956107e+47
1490,exp(-c sqrt(y)/log y),2.0,-10.566030862972868,-3.273284380598172,103.48117167615315,0.037881804269871804,8.735783047738388e+44
1490,exp(-c sqrt(y)/log y),4.0,-21.132061725945736,-13.83931524357104,92.91514081318029,9.764764110316796e-07,2.2518162063339997e+40
1490,exp(-c y/log y),0.05,-10.196356647534998,-2.903610165160302,103.85084589159102,0.05482493528010615,1.2642975947009334e+45
1490,exp(-c y/log y),0.1,-20.392713295069996,-13.0999668126953,93.65448924405602,2.0452985013417254e-06,4.716587374851089e+40
1490,exp(-c y/log y),0.2,-40.78542659013999,-33.492680107765295,73.26177594898603,2.846517414189903e-15,6.564248733988924e+31
1490,exp(-c y/log y),0.5,-101.96356647534996,-94.67081999297527,12.083636063776055,7.673354804493548e-42,176952.40264384425
1500,exp(-c sqrt(y)/log y),0.5,-2.647932881281836,4.670667304533077,112.36169330796339,106.76896608093385,6.281500243639692e+48
1500,exp(-c sqrt(y)/log y),1.0,-5.295865762563672,2.022734423251241,109.71376042668155,7.558966112634501,4.447139390877389e+47
1500,exp(-c sqrt(y)/log y),2.0,-10.591731525127344,-3.273131339312431,104.41789466411788,0.03788760219355299,2.2290276954571438e+45
1500,exp(-c sqrt(y)/log y),4.0,-21.183463050254687,-13.864862864439775,93.82616313899054,9.518457292060139e-07,5.599959800474884e+40
1500,exp(-c y/log y),0.05,-10.255399951079571,-2.9367997652646585,104.75422623816566,0.05303518248102292,3.1201998474303027e+45
1500,exp(-c y/log y),0.1,-20.510799902159143,-13.19219971634423,94.49882628708608,1.8650928579093635e-06,1.0972833840581974e+41
1500,exp(-c y/log y),0.2,-41.021599804318285,-33.70299961850337,73.98802638492694,2.306605068984227e-15,1.357036677850927e+32
1500,exp(-c y/log y),0.5,-102.5539995107957,-95.23539932498079,12.45562667844952,4.363064078227009e-42,256690.58225798886
1510,exp(-c sqrt(y)/log y),0.5,-2.654333025818894,4.664267159996019,112.35529316342632,106.08781133546681,6.241426111083507e+48
1510,exp(-c sqrt(y)/log y),1.0,-5.308666051637788,2.009934134177125,109.70096013760744,7.462825785969459,4.390577497704062e+47
1510,exp(-c sqrt(y)/log y),2.0,-10.617332103275576,-3.298731917460663,104.39229408596965,0.03692996796903698,2.1726875449863194e+45
1510,exp(-c sqrt(y)/log y),4.0,-21.23466420655115,-13.91606402073624,93.77496198269407,9.043367627702008e-07,5.3204520041593765e+40
1510,exp(-c y/log y),0.05,-10.314397973730147,-2.995797787915234,104.69522821551507,0.04999672438923879,2.941439333543093e+45
1510,exp(-c y/log y),0.1,-20.628795947460294,-13.310195761645382,94.38083024178493,1.6575072155126826e-06,9.751552684499318e+40
1510,exp(-c y/log y),0.2,-41.25759189492059,-33.93899170910567,73.75203429432463,1.8217265145817005e-15,1.0717698190048443e+32
1510,exp(-c y/log y),0.5,-103.14397973730146,-95.82537955148655,11.86564645194376,2.4186132875693315e-42,142293.4070900387
1520,exp(-c sqrt(y)/log y),0.5,-2.6607084120879327,4.670754285846565,112.8301296022169,106.77825338974861,1.0034660383759935e+49
1520,exp(-c sqrt(y)/log y),1.0,-5.3214168241758655,2.0100458737586324,110.16942119012896,7.463659725590811,7.014095865838572e+47
1520,exp(-c sqrt(y)/log y),2.0,-10.642833648351731,-3.311370950417233,104.8480043659531,0.036466146190586836,3.426965518825494e+45
1520,exp(-c sqrt(y)/log y),4.0,-21.285667296703462,-13.954204598768964,94.20517071760136,8.704943234612e-07,8.180612273212701e+40
1520,exp(-c y/log y),0.05,-10.373351081649723,-3.041888383715225,105.11748693265511,0.04774464410363875,4.486880741294264e+45
1520,exp(-c y/log y),0.1,-20.746702163299446,-13.415239465364948,94.74413585100538,1.4922291750992383e-06,1.4023466868485612e+41
1520,exp(-c y/log y),0.2,-41.49340432659889,-34.161941628664394,73.99743368770594,1.4576634342705368e-15,1.3698629685709235e+32
1520,exp(-c y/log y),0.5,-103.73351081649722,-96.40204811856272,11.757327197807612,1.358696503986599e-42,127685.71829267558
1530,exp(-c sqrt(y)/log y),0.5,-2.6670592983600825,4.677215141204977,113.30499054100434,107.47036565138235,1.6133632645511995e+49
1530,exp(-c sqrt(y)/log y),1.0,-5.334118596720165,2.0101558428448945,110.63793124264427,7.464480542562424,1.1205804151995677e+48
1530,exp(-c sqrt(y)/log y),2.0,-10.66823719344033,-3.3239627538752705,105.3038126459241,0.03600985046684391,5.405859517929406e+45
1530,exp(-c sqrt(y)/log y),4.0,-21.33647438688066,-13.992199947315601,94.63557545248378,8.380400482635616e-07,1.2580798621985245e+41
1530,exp(-c y/log y),0.05,-10.432259635612283,-3.0879851960472235,105.53979020375215,0.04559372434038521,6.844606836406118e+45
1530,exp(-c y/log y),0.1,-20.864519271224566,-13.520244831659507,95.10753056813986,1.3434833101139968e-06,2.0168598161345334e+41
1530,exp(-c y/log y),0.2,-41.72903854244913,-34.38476410288407,74.2430112969153,1.1665052254035917e-15,1.751177328900218e+32
1530,exp(-c y/log y),0.5,-104.32259635612283,-96.97832191655777,11.6494534832416,7.63571881957713e-43,114628.69943059175
1540,exp(-c sqrt(y)/log y),0.5,-2.6733859385483694,4.683666727760668,113.77987572587567,108.16596145308674,2.59401318604414e+49
1540,exp(-c sqrt(y)/log y),1.0,-5.346771877096739,2.010280789212299,111.10648978732729,7.465413260559428,1.7903396019420424e+48
1540,exp(-c sqrt(y)/log y),2.0,-10.693543754193477,-3.33649108788444,105.75971791023056,0.03556152130541372,8.528288746551932e+45
1540,exp(-c sqrt(y)/log y),4.0,-21.387087508386955,-14.030034842077917,95.06617415603708,8.069252160303218e-07,1.9351509683959147e+41
1540,exp(-c y/log y),0.05,-10.491123991117133,-3.1340713248080956,105.9621376733069,0.04354016973525789,1.0441711320140546e+46
1540,exp(-c y/log y),0.1,-20.982247982234266,-13.625195315925229,95.47101368218976,1.2096308640585731e-06,2.9009111271800503e+41
1540,exp(-c y/log y),0.2,-41.96449596446853,-34.607443298159495,74.48876569995551,9.3363761994679e-16,2.2390299726400037e+32
1540,exp(-c y/log y),0.5,-104.91123991117132,-97.55418724486228,11.542021753252712,4.2929397466192e-43,102952.37207735529
1550,exp(-c sqrt(y)/log y),0.5,-2.6796885823089367,4.702796297707157,114.73599673223431,110.25504773321748,6.74854668330753e+49
1550,exp(-c sqrt(y)/log y),1.0,-5.359377164617873,2.02310771539822,112.05630814992539,7.561788342048895,4.6284576248234254e+48
1550,exp(-c sqrt(y)/log y),2.0,-10.718754329235747,-3.336269449219653,106.6969309853075,0.03556940398703488,2.177150055612471e+46
1550,exp(-c sqrt(y)/log y),4.0,-21.437508658471494,-14.0550237784554,95.97817665607175,7.870108686029774e-07,4.8171758991832925e+41
1550,exp(-c y/log y),0.05,-10.549944498500059,-3.1674596184839654,106.8657408160432,0.0421104387179231,2.5775170151855923e+46
1550,exp(-c y/log y),0.1,-21.099888997000118,-13.717404116984024,96.31579631754313,1.1030801917968644e-06,6.751788986374177e+41
1550,exp(-c y/log y),0.2,-42.199777994000236,-34.81729311398414,75.21590732054301,7.569056128835755e-16,4.632906128490441e+32
1550,exp(-c y/log y),0.5,-105.49944498500058,-98.11696010498449,11.916240329542674,2.4453759985938805e-43,149677.80998727668
1560,exp(-c sqrt(y)/log y),0.5,-2.685967475139276,4.721867767737211,115.69214148952318,112.377952685783,1.7557337133240133e+50
1560,exp(-c sqrt(y)/log y),1.0,-5.371934950278552,2.035900292597935,113.0061740143839,7.659144493533175,1.1966242382183366e+49
1560,exp(-c sqrt(y)/log y),2.0,-10.743869900557105,-3.3360346576806172,107.63423906410536,0.03557775636263478,5.558480537989787e+46
1560,exp(-c sqrt(y)/log y),4.0,-21.48773980111421,-14.079904558237722,96.89036916354826,7.67671017472906e-07,1.1993686073704884e+42
1560,exp(-c y/log y),0.05,-10.608721503041473,-3.2008862601649852,107.769387461621,0.040726094064495864,6.362829598877994e+46
1560,exp(-c y/log y),0.1,-21.217443006082945,-13.809607763206458,97.16066595857951,1.0059202505799365e-06,1.5715966118343178e+42
1560,exp(-c y/log y),0.2,-42.43488601216589,-35.0270507692894,75.94322295249657,6.136844706458599e-16,9.587881685912319e+32
1560,exp(-c y/log y),0.5,-106.08721503041473,-98.67937978753824,12.290893934247734,1.393445157470195e-43,217704.50361194622
1570,exp(-c sqrt(y)/log y),0.5,-2.6922228584735794,4.728242983740307,116.16709793124848,113.09667497879907,2.8231217650378587e+50
1570,exp(-c sqrt(y)/log y),1.0,-5.384445716947159,2.0360201252667274,113.4748750727749,7.660062364252852,1.9121065041146098e+49
1570,exp(-c sqrt(y)/log y),2.0,-10.768891433894318,-3.3484255916804315,108.09042935582775,0.035139634705531095,8.7715635823301e+46
1570,exp(-c sqrt(y)/log y),4.0,-21.537782867788636,-14.11731702557475,97.32153792193343,7.394811645986642e-07,1.8458945596812553e+42
1570,exp(-c y/log y),0.05,-10.667455345071575,-3.246989502857689,108.19186544465049,0.03889111335717614,9.708008533918545e+46
1570,exp(-c y/log y),0.1,-21.33491069014315,-13.914444847929264,97.52441009957892,9.058022263640574e-07,2.2610655711562783e+42
1570,exp(-c y/log y),0.2,-42.6698213802863,-35.249355538072415,76.18949940943577,4.91359547520491e-16,1.2265328165698117e+33
1570,exp(-c y/log y),0.5,-106.67455345071575,-99.25408760850186,12.184767339006314,7.843275051033919e-44,195784.00965283197
1580,exp(-c sqrt(y)/log y),0.5,-2.698454969775316,4.747207898354998,117.12328947006596,115.26201157500832,7.345110254696868e+50
1580,exp(-c sqrt(y)/log y),1.0,-5.396909939550632,2.048752928579682,114.42483450029064,7.758220016601043,4.943951664859439e+49
1580,exp(-c sqrt(y)/log y),2.0,-10.793819879101264,-3.34815701097095,109.02792456074,0.035149073801073974,2.2398864889786733e+47
1580,exp(-c sqrt(y)/log y),4.0,-21.587639758202528,-14.141976890072215,98.23410468163874,7.214686649688516e-07,4.597583208112403e+42
1580,exp(-c y/log y),0.05,-10.72614636007269,-3.280483491942376,109.09559807976858,0.037610068245570095,2.3967141834116914e+47
1580,exp(-c y/log y),0.1,-21.45229272014538,-14.006629852015067,98.36945171969589,8.260340413264033e-07,5.2639295677456235e+42
1580,exp(-c y/log y),0.2,-42.90458544029076,-35.458922572160446,76.91715899955051,3.984607909246388e-16,2.5392047228071902e+33
1580,exp(-c y/log y),0.5,-107.2614636007269,-99.81580073259659,12.56028083911437,4.472481317246746e-44,285010.36844972114
1590,exp(-c sqrt(y)/log y),0.5,-2.704664042627133,4.753565434902284,117.59829222227374,115.99712831587279,1.1811074078136281e+51
1590,exp(-c sqrt(y)/log y),1.0,-5.409328085254266,2.048901392275151,114.89362817964661,7.759371916120483,7.900757357677527e+49
1590,exp(-c sqrt(y)/log y),2.0,-10.818656170508532,-3.3604266929791153,109.48430009439234,0.03472044081523982,3.5353090584935396e+47
1590,exp(-c sqrt(y)/log y),4.0,-21.637312341017065,-14.179082863487647,98.6656439238838,6.951884594334608e-07,7.078556608983262e+42
1590,exp(-c y/log y),0.05,-10.784794878778843,-3.326565401249426,109.51816138612203,0.03591625137962684,3.657069031041599e+47
1590,exp(-c y/log y),0.1,-21.569589757557686,-14.111360280028268,98.73336650734319,7.438992112587563e-07,7.57453983422627e+42
1590,exp(-c y/log y),0.2,-43.13917951511537,-35.68095003758596,77.1637767497855,3.1912460452306205e-16,3.249394531486913e+33
1590,exp(-c y/log y),0.5,-107.84794878778843,-100.38971931025901,12.455007477112446,2.519410086546258e-44,256531.68830499137
1600,exp(-c sqrt(y)/log y),0.5,-2.710850306818168,4.759890579551016,118.0733177831423,116.73315220622528,1.899286027299993e+51
1600,exp(-c sqrt(y)/log y),1.0,-5.421700613636336,2.0490402727328476,115.36246747632414,7.760449616077632,1.2626501763049226e+50
1600,exp(-c sqrt(y)/log y),2.0,-10.843401227272672,-3.3726603409034883,109.94076686268781,0.03429827077159252,5.580439250193078e+47
1600,exp(-c sqrt(y)/log y),4.0,-21.686802454545344,-14.21606156817616,99.09736563541513,6.699507945850441e-07,1.090031545525292e+43
1600,exp(-c y/log y),0.05,-10.843401227272672,-3.3726603409034883,109.94076686268781,0.03429827077159252,5.580439250193078e+47
1600,exp(-c y/log y),0.1,-21.686802454545344,-14.21606156817616,99.09736563541513,6.699507945850441e-07,1.090031545525292e+43
1600,exp(-c y/log y),0.2,-43.37360490909069,-35.9028640227215,77.41056318086979,2.5561378453921317e-16,4.1589186977742713e+33
1600,exp(-c y/log y),0.5,-108.43401227272672,-100.96327138635753,12.350155817233755,1.4197385080293111e-44,230996.03323964876
1610,exp(-c sqrt(y)/log y),0.5,-2.7170139884288647,4.79115975920234,119.51078957671042,120.4409702190237,7.996067305621275e+51
1610,exp(-c sqrt(y)/log y),1.0,-5.434027976857729,2.074145770773475,116.79377558828155,7.957745815741118,5.283141694057937e+50
1610,exp(-c sqrt(y)/log y),2.0,-10.868055953715459,-3.3598822060842544,111.35974761142383,0.03473935078789648,2.306342987344454e+48
1610,exp(-c sqrt(y)/log y),4.0,-21.736111907430917,-14.227938159799713,100.49169165770837,6.62041125518185e-07,4.395286246122035e+43
1610,exp(-c y/log y),0.05,-10.901965727079766,-3.3937919794485616,111.32583783805951,0.033581096333847184,2.2294465578755315e+48
1610,exp(-c y/log y),0.1,-21.80393145415953,-14.295757706528327,100.42387211097974,6.186304792762304e-07,4.107083279556735e+43
1610,exp(-c y/log y),0.2,-43.60786290831906,-36.09968916068786,78.61994065682022,2.0994435369632203e-16,1.3938190464076703e+34
1610,exp(-c y/log y),0.5,-109.01965727079765,-101.51148352316645,13.208146294341631,8.205836435909433e-45,544784.8877431835
1620,exp(-c sqrt(y)/log y),0.5,-2.723155309913388,4.809893758266162,120.4670719053451,122.7185789900535,2.0805807670226207e+52
1620,exp(-c sqrt(y)/log y),1.0,-5.446310619826776,2.086738448352774,117.74391659543171,8.058588751748104,1.3662596897891884e+51
1620,exp(-c sqrt(y)/log y),2.0,-10.892621239653552,-3.359572171474002,112.29760597560494,0.03475012285874953,5.891564086432914e+48
1620,exp(-c sqrt(y)/log y),4.0,-21.785242479307104,-14.252193411127553,101.40498473595139,6.461763316967297e-07,1.0955326071225321e+44
1620,exp(-c y/log y),0.05,-10.960488695260517,-3.4274396270809673,112.22973851999797,0.03246996966609907,5.5049850600510316e+48
1620,exp(-c y/log y),0.1,-21.920977390521035,-14.387928322341484,101.26924982473746,5.641597830215229e-07,9.564810835834257e+43
1620,exp(-c y/log y),0.2,-43.84195478104207,-36.30890571286252,79.34827243421643,1.7031096313635407e-16,2.8874659177997934e+34
1620,exp(-c y/log y),0.5,-109.60488695260517,-102.07183788442562,13.585340262653318,4.685587463754888e-45,794398.3086767099
1630,exp(-c sqrt(y)/log y),0.5,-2.7292744901797037,4.828588556480817,121.42337637519799,125.03435711809571,5.413801571416533e+52
1630,exp(-c sqrt(y)/log y),1.0,-5.458548980359407,2.0993140663011127,118.69410188501828,8.160570382106652,3.533405519618593e+51
1630,exp(-c sqrt(y)/log y),2.0,-10.917097960718815,-3.3592349140582947,113.23555290465887,0.03476184457188663,1.5051361330299503e+49
1630,exp(-c sqrt(y)/log y),4.0,-21.83419592143763,-14.27633287477711,102.31845494394007,6.30764743731625e-07,2.731117462045335e+44
1630,exp(-c y/log y),0.05,-11.018970444499551,-3.461107397839031,113.13368042087814,0.031394976032345104,1.3593557362634283e+49
1630,exp(-c y/log y),0.1,-22.037940888999103,-14.480077842338583,102.11470997637859,5.144961100519065e-07,2.2276915827670482e+44
1630,exp(-c y/log y),0.2,-44.075881777998205,-36.51801873133768,80.07676908737949,1.3817388698217114e-16,5.982723658636278e+34
1630,exp(-c y/log y),0.5,-110.1897044449955,-102.63184139833498,13.962946420382195,2.6764406239668755e-45,1158858.9560347316
1640,exp(-c sqrt(y)/log y),0.5,-2.7353717446674186,4.834848915582507,121.89849094576988,125.81957239398582,8.706467236998936e+52
1640,exp(-c sqrt(y)/log y),1.0,-5.470743489334837,2.0994771709150877,119.16311920110246,8.161901517342839,5.647875509371396e+51
1640,exp(-c sqrt(y)/log y),2.0,-10.941486978669674,-3.3712663184197496,113.69237571176762,0.0343461166735848,2.376683800834498e+49
1640,exp(-c sqrt(y)/log y),4.0,-21.88297395733935,-14.312753297089424,102.75088873309795,6.082053306614268e-07,4.208661406184331e+44
1640,exp(-c y/log y),0.05,-11.077411283192838,-3.507190622942913,113.55645140724445,0.029981024235171443,2.0746279793243565e+49
1640,exp(-c y/log y),0.1,-22.154822566385675,-14.58460190613575,102.47904012405162,4.6343397718322724e-07,3.206872080460788e+44
1640,exp(-c y/log y),0.2,-44.30964513277135,-36.73942447252143,80.32421755766595,1.1073137258009134e-16,7.662393450659767e+34
1640,exp(-c y/log y),0.5,-110.77411283192838,-103.20389217167845,13.85974985850892,1.5104943978816116e-45,1045232.4496578275
1650,exp(-c sqrt(y)/log y),0.5,-2.7414472854234466,4.828773374826478,121.89241540501385,125.05746789671127,8.653731102942511e+52
1650,exp(-c sqrt(y)/log y),1.0,-5.482894570846893,2.0873260894030317,119.1509681195904,8.063325700982372,5.5796629809727515e+51
1650,exp(-c sqrt(y)/log y),2.0,-10.965789141693786,-3.3955684814438616,113.66807354874351,0.03352149240812785,2.3196214216399872e+49
1650,exp(-c sqrt(y)/log y),4.0,-21.931578283387573,-14.361357623137648,102.70228440704972,5.793508275242546e-07,4.008993912944832e+44
1650,exp(-c y/log y),0.05,-11.135811515532541,-3.5655908552826165,113.49805117490476,0.028280270999238525,1.9569391965291057e+49
1650,exp(-c y/log y),0.1,-22.271623031065083,-14.701402370815158,102.36223965937222,4.123462735488146e-07,2.8533552074947177e+44
1650,exp(-c y/log y),0.2,-44.543246062130166,-36.97302540188024,80.09061662830713,8.766355705390804e-17,6.066145932992549e+34
1650,exp(-c y/log y),0.5,-111.35811515532541,-103.78789449507548,13.27574753511189,8.423452523657868e-46,582886.3667569453
1660,exp(-c sqrt(y)/log y),0.5,-2.7475013211755788,4.835002151793152,122.36757319432132,125.83885398576574,1.3917518337089669e+53
1660,exp(-c sqrt(y)/log y),1.0,-5.4950026423511575,2.0875008306175724,119.62007187314575,8.064734819420547,8.919430778171857e+51
1660,exp(-c sqrt(y)/log y),2.0,-10.990005284702315,-3.407501811733585,114.12506923079458,0.03312384670503652,3.663429293185044e+49
1660,exp(-c sqrt(y)/log y),4.0,-21.98001056940463,-14.3975070964359,103.13506394609227,5.587816231179418e-07,6.180009782234966e+44
1660,exp(-c y/log y),0.05,-11.194171441589672,-3.6116679686209423,113.92090307390723,0.02700676284445814,2.986892404119422e+49
1660,exp(-c y/log y),0.1,-22.388342883179345,-14.805839410210615,102.72673163231755,3.7145451728217074e-07,4.108210534287088e+44
1660,exp(-c y/log y),0.2,-44.77668576635869,-37.19418229338996,80.3383887491382,7.027031026372872e-17,7.771751733840803e+34
1660,exp(-c y/log y),0.5,-111.94171441589671,-104.35921094292799,13.173360099600188,4.7574096778642246e-46,526159.7219902601
1670,exp(-c sqrt(y)/log y),0.5,-2.753534057404029,4.865714548609956,123.80517593327168,129.76362791230744,5.860096110638435e+53
1670,exp(-c sqrt(y)/log y),1.0,-5.507068114808058,2.112180491205927,121.05164187586765,8.266246124776229,3.7330180686776517e+52
1670,exp(-c sqrt(y)/log y),2.0,-11.014136229616115,-3.3948876236021306,115.5445737610596,0.033544323550599664,1.5148540707085303e+50
1670,exp(-c sqrt(y)/log y),4.0,-22.02827245923223,-14.409023853218246,104.53043753144348,5.523831864113145e-07,2.4945499862708404e+45
1670,exp(-c y/log y),0.05,-11.25249135739464,-3.6332427513806547,115.30621863328108,0.02643033827934588,1.193588103581092e+50
1670,exp(-c y/log y),0.1,-22.50498271478928,-14.885734108775294,104.05372727588643,3.4293184615673173e-07,1.5486724671686777e+45
1670,exp(-c y/log y),0.2,-45.00996542957856,-37.390716823564574,81.54874456109715,5.773218692629608e-17,2.6071725144280628e+35
1670,exp(-c y/log y),0.5,-112.52491357394639,-104.90566496793241,14.033796416729317,2.7545368330430552e-46,1243942.60869728
1680,exp(-c sqrt(y)/log y),0.5,-2.7595456964110148,4.859702909602969,123.7991642942647,128.98587594939622,5.824973007761131e+53
1680,exp(-c sqrt(y)/log y),1.0,-5.5190913928220295,2.100157213191955,121.03961859785367,8.167453843128419,3.6884036975507463e+52
1680,exp(-c sqrt(y)/log y),2.0,-11.038182785644059,-3.4189341796300745,115.52052720503166,0.032747319105352925,1.478861530079907e+50
1680,exp(-c sqrt(y)/log y),4.0,-22.076365571288118,-14.457116965274134,104.48234441938759,5.264460576252396e-07,2.3774184988380574e+45
1680,exp(-c y/log y),0.05,-11.310771555015746,-3.6915229490017616,115.24793843565996,0.024933999901700005,1.1260138006110122e+50
1680,exp(-c y/log y),0.1,-22.621543110031492,-15.002294504017508,103.93716688064421,3.0520123103235986e-07,1.3782818619586008e+45
1680,exp(-c y/log y),0.2,-45.243086220062985,-37.623837614049,81.31562377061272,4.5727234432639057e-17,2.065031572869137e+35
1680,exp(-c y/log y),0.5,-113.10771555015745,-105.48846694414347,13.450994440518258,1.5379453442949098e-46,694532.641809892
1690,exp(-c sqrt(y)/log y),0.5,-2.765536437388452,4.853712168625533,123.79317355328726,128.2154649473193,5.790181421016066e+53
1690,exp(-c sqrt(y)/log y),1.0,-5.531072874776904,2.0881757312370803,121.0276371158988,8.070179551066053,3.6444748470900393e+52
1690,exp(-c sqrt(y)/log y),2.0,-11.062145749553808,-3.442897143539824,115.4965642411219,0.031971923768565176,1.4438448519057393e+50
1690,exp(-c sqrt(y)/log y),4.0,-22.124291499107617,-14.505042893093632,104.4344184915681,5.01810693432023e-07,2.266165750887477e+45
1690,exp(-c y/log y),0.05,-11.369012322635696,-3.749763716621711,115.18969766804001,0.02352330336499735,1.062307063823344e+50
1690,exp(-c y/log y),0.1,-22.73802464527139,-15.118776039257407,103.82068534540431,2.716432970351377e-07,1.2267349904183902e+45
1690,exp(-c y/log y),0.2,-45.47604929054278,-37.8568006845288,81.08266070013292,3.6224329885620534e-17,1.635882551131056e+35
1690,exp(-c y/log y),0.5,-113.69012322635695,-106.07087462034296,12.868586764318763,8.590223466439624e-47,387932.5504001519
1700,exp(-c sqrt(y)/log y),0.5,-2.77150647648381,4.884160905603919,125.23083898937071,132.1795077046506,2.4381607588115414e+54
1700,exp(-c sqrt(y)/log y),1.0,-5.54301295296762,2.1126544291201084,122.4593325128869,8.270164740739704,1.5255005476971507e+53
1700,exp(-c sqrt(y)/log y),2.0,-11.08602590593524,-3.430358523847512,116.91631955991927,0.032375331363541406,5.971898659245001e+50
1700,exp(-c sqrt(y)/log y),4.0,-22.17205181187048,-14.516384429782754,105.83029365398403,4.961515414429048e-07,9.151927101082522e+45
1700,exp(-c y/log y),0.05,-11.427213944626178,-3.7715465625384494,116.57513152122834,0.0230164393841092,4.245573333446841e+50
1700,exp(-c y/log y),0.1,-22.854427889252356,-15.198760507164629,105.14791757660217,2.507622627119781e-07,4.625518125708887e+45
1700,exp(-c y/log y),0.2,-45.70885577850471,-38.053188396416985,82.2934896873498,2.9765299760969374e-17,5.4904566609234365e+35
1700,exp(-c y/log y),0.5,-114.27213944626178,-106.61647206417405,13.730206019592742,4.9779955327482865e-47,918232.6047548875
1710,exp(-c sqrt(y)/log y),0.5,-2.7774560068642,4.890305888208572,125.70610128404992,132.99424920258002,3.921625602561897e+54
1710,exp(-c sqrt(y)/log y),1.0,-5.5549120137284,2.1128498813443723,122.92864527718572,8.27178132081025,2.439115194903741e+53
1710,exp(-c sqrt(y)/log y),2.0,-11.1098240274568,-3.4420621323840273,117.37373326345732,0.03199863183079733,9.43549473657789e+50
1710,exp(-c sqrt(y)/log y),4.0,-22.2196480549136,-14.551886159840826,106.26390923600053,4.788463038371755e-07,1.411982800819919e+46
1710,exp(-c y/log y),0.05,-11.48537670162059,-3.8176148065478177,116.99818058929353,0.021980165366247455,6.481331318132482e+50
1710,exp(-c y/log y),0.1,-22.97075340324118,-15.302991508168407,105.51280388767294,2.2594109614587416e-07,6.66236617469752e+45
1710,exp(-c y/log y),0.2,-45.94150680648236,-38.27374491140959,82.54205048443177,2.3873922691586398e-17,7.039746983217149e+35
1710,exp(-c y/log y),0.5,-114.8537670162059,-107.18600512113312,13.629790274708228,2.816497944615922e-47,830505.8688924481
1720,exp(-c sqrt(y)/log y),0.5,-2.783385218778747,4.884376676294025,125.70017207213537,132.2080312454073,3.8984422507363126e+54
1720,exp(-c sqrt(y)/log y),1.0,-5.566770437557494,2.1009914575152777,122.91678685335663,8.174270338048808,2.410361954156781e+53
1720,exp(-c sqrt(y)/log y),2.0,-11.133540875114988,-3.4657789800422165,117.35001641579913,0.031248653865166284,9.214347370506712e+50
1720,exp(-c sqrt(y)/log y),4.0,-22.267081750229977,-14.599319855157205,106.21647554068414,4.566631282604248e-07,1.346570867740457e+46
1720,exp(-c y/log y),0.05,-11.54350087058495,-3.875738975512178,116.94005642032917,0.020739006591658293,6.115348574032122e+50
1720,exp(-c y/log y),0.1,-23.0870017411699,-15.419239846097128,105.39655554974422,2.0114498990941357e-07,5.931198882549182e+45
1720,exp(-c y/log y),0.2,-46.1740034823398,-38.50624158726703,82.30955380857432,1.8921334342249387e-17,5.57936825359809e+35
1720,exp(-c y/log y),0.5,-115.43500870584948,-107.76724681077671,13.048548585064637,1.5749957280794901e-47,464421.8534407363
1730,exp(-c sqrt(y)/log y),0.5,-2.789294299619306,4.902565150079691,126.65668664141403,134.63469531504543,1.0146122570417267e+55
1730,exp(-c sqrt(y)/log y),1.0,-5.578588599238612,2.1132708504603848,123.86739234179471,8.275264218325429,6.236271034390243e+53
1730,exp(-c sqrt(y)/log y),2.0,-11.157177198477225,-3.4653177487782276,118.2888037425561,0.031263070045627464,2.3559970174718162e+51
1730,exp(-c sqrt(y)/log y),4.0,-22.31435439695445,-14.622494947255452,107.13162654407887,4.4620160975530915e-07,3.3625925420643653e+46
1730,exp(-c y/log y),0.05,-11.601586724887053,-3.9097272751880556,117.84439421614627,0.020045967348929536,1.5106718315727553e+51
1730,exp(-c y/log y),0.1,-23.203173449774106,-15.511314000075108,106.24280749125921,1.834517769181493e-07,1.382499666981725e+46
1730,exp(-c y/log y),0.2,-46.40634689954821,-38.714487449849216,83.03963404148512,1.5364262934984915e-17,1.157856781104586e+36
1730,exp(-c y/log y),0.5,-116.01586724887052,-108.32400779917153,13.430113692162806,9.025705424489343e-48,680180.6421967285
1740,exp(-c sqrt(y)/log y),0.5,-2.795183433979567,4.908686493434594,127.13200933211336,135.4613681052046,1.6320374726172508e+55
1740,exp(-c sqrt(y)/log y),1.0,-5.590366867959134,2.1135030594550273,124.3368258981338,8.277186032232569,9.972347069414196e+53
1740,exp(-c sqrt(y)/log y),2.0,-11.180733735918269,-3.476863808504107,118.74645903017466,0.03090418063793252,3.723333195813259e+51
1740,exp(-c sqrt(y)/log y),4.0,-22.361467471836537,-14.657597544422377,107.5657252942564,4.3081048891945554e-07,5.190401302953502e+46
1740,exp(-c y/log y),0.05,-11.659634534363942,-3.9557646069497805,118.26755823172898,0.0191440252974015,2.3064706269485493e+51
1740,exp(-c y/log y),0.1,-23.319269068727884,-15.615399141313723,106.60792369736504,1.6531730629607298e-07,1.9917415756335378e+46
1740,exp(-c y/log y),0.2,-46.63853813745577,-38.93466821004161,83.28865462863716,1.2327881230566281e-17,1.4852621384004875e+36
1740,exp(-c y/log y),0.5,-116.59634534363941,-108.89247541622525,13.330847422453516,5.1120937059336996e-48,615904.6382238698
1750,exp(-c sqrt(y)/log y),0.5,-2.801052803712615,4.926762235340674,128.0885636124995,137.93219658767075,4.247724797508263e+55
1750,exp(-c sqrt(y)/log y),1.0,-5.60210560742523,2.125709431628059,125.2875108087869,8.378839593933519,2.5803261020985638e+54
1750,exp(-c sqrt(y)/log y),2.0,-11.20421121485046,-3.476396175797171,119.68540520136168,0.03091863582317516,9.521624344447569e+51
1750,exp(-c sqrt(y)/log y),4.0,-22.40842242970092,-14.68060739064763,108.48119398651122,4.2101078304959475e-07,1.2965340851665951e+47
1750,exp(-c y/log y),0.05,-11.717644565387715,-3.989829526334426,119.17197185082442,0.018502868102725195,5.6980961377654426e+51
1750,exp(-c y/log y),0.1,-23.43528913077543,-15.70747409172214,107.4543272854367,1.5077546527536352e-07,4.643242829087661e+46
1750,exp(-c y/log y),0.2,-46.87057826155086,-39.14276322249757,84.01903815466127,1.0011840588460237e-17,3.083220929442076e+36
1750,exp(-c y/log y),0.5,-117.17644565387714,-109.44863061482386,13.713170762334997,2.9313229763641945e-48,902722.7583005861
1760,exp(-c sqrt(y)/log y),0.5,-2.8069025879869742,4.944775608972186,129.04513747834437,140.43933398902857,1.1055824173922327e+56
1760,exp(-c sqrt(y)/log y),1.0,-5.6138051759739485,2.1378730209852126,126.23823489035739,8.481378715684961,6.676806929345356e+54
1760,exp(-c sqrt(y)/log y),2.0,-11.227610351947897,-3.475932154988736,120.62442971438344,0.030932986042708287,2.4351415315689925e+52
1760,exp(-c sqrt(y)/log y),4.0,-22.455220703895794,-14.703542506936632,109.39681936243555,4.1146474003156425e-07,3.2391792885553e+47
1760,exp(-c y/log y),0.05,-11.775617080929743,-4.023938883970582,120.07642298540159,0.017882389379396593,1.4077576927534243e+52
1760,exp(-c y/log y),0.1,-23.551234161859487,-15.799555964900325,108.30080590447186,1.3751181931213265e-07,1.0825361050700224e+47
1760,exp(-c y/log y),0.2,-47.10246832371897,-39.35079012675981,84.74957174261237,8.131468602278964e-18,6.40134673022512e+36
1760,exp(-c y/log y),0.5,-117.75617080929743,-110.00449261233827,14.095869257033911,1.6813412725094863e-48,1323604.5029005732
1770,exp(-c sqrt(y)/log y),0.5,-2.812732963341209,4.938945233617952,129.03930710299014,139.62290232167405,1.0991552116316288e+56
1770,exp(-c sqrt(y)/log y),1.0,-5.625465926682418,2.126212270276743,126.22657413964892,8.38305385777104,6.599402522036832e+54
1770,exp(-c sqrt(y)/log y),2.0,-11.250931853364836,-3.499253656405675,120.60110821296651,0.030219929458499394,2.3790074842394603e+52
1770,exp(-c sqrt(y)/log y),4.0,-22.501863706729672,-14.75018550977051,109.35017635960168,3.9271349559984443e-07,3.091563620215892e+47
1770,exp(-c y/log y),0.05,-11.83355234062334,-4.081874143664179,120.018487725708,0.0168758083075475,1.328516478550355e+52
1770,exp(-c y/log y),0.1,-23.66710468124668,-15.915426484287519,108.18493538508466,1.224667240479441e-07,9.640964036016404e+46
1770,exp(-c y/log y),0.2,-47.33420936249336,-39.5825311655342,84.51783070383797,6.449486455648677e-18,5.0772377111468437e+36
1770,exp(-c y/log y),0.5,-118.33552340623339,-110.58384520927423,13.516516660097949,9.419898818870242e-49,741563.9345434611
1780,exp(-c sqrt(y)/log y),0.5,-2.8185441037371035,4.944994951255619,129.51470778765383,140.47014165181747,1.7681655204321243e+56
1780,exp(-c sqrt(y)/log y),1.0,-5.637088207474207,2.126450847518515,126.69616368391674,8.385054102234971,1.0554672598878307e+55
1780,exp(-c sqrt(y)/log y),2.0,-11.274176414948414,-3.510637359955692,121.05907547644253,0.02987786541205315,3.760871230318203e+52
1780,exp(-c sqrt(y)/log y),4.0,-22.548352829896828,-14.784813774904105,109.78489906149412,3.793472687877886e-07,4.775027297995118e+47
1780,exp(-c y/log y),0.05,-11.891450600824914,-4.127911545832192,120.44180129056603,0.01611650227619561,2.0286619846493568e+52
1780,exp(-c y/log y),0.1,-23.78290120164983,-16.019362146657105,108.55035068974112,1.1037721098407638e-07,1.3893712671498774e+47
1780,exp(-c y/log y),0.2,-47.56580240329966,-39.80226334830694,84.76744948809129,5.177220481042362e-18,6.516817480646265e+36
1780,exp(-c y/log y),0.5,-118.91450600824913,-111.15096695325641,13.41874588314181,5.342547523034581e-49,672492.2613742993
1790,exp(-c sqrt(y)/log y),0.5,-2.8243361806114753,4.974692400147598,130.95255118595827,144.7043072781261,7.446811679392356e+56
1790,exp(-c sqrt(y)/log y),1.0,-5.648672361222951,2.150356219536123,128.1282150053468,8.58791703619496,4.419536784338418e+55
1790,exp(-c sqrt(y)/log y),2.0,-11.297344722445901,-3.4983161416868276,122.47954264412385,0.03024827437197996,1.5566447682983142e+53
1790,exp(-c sqrt(y)/log y),4.0,-22.594689444891802,-14.795660864132728,111.18219792167795,3.752546915174443e-07,1.9311457081701685e+48
1790,exp(-c y/log y),0.05,-11.949312114673681,-4.150283533914608,121.82757525189606,0.015759947371739545,8.110426176112829e+52
1790,exp(-c y/log y),0.1,-23.898624229347362,-16.099595648588288,109.87826313722239,1.0186721875838607e-07,5.242317997757621e+47
1790,exp(-c y/log y),0.2,-47.797248458694725,-39.998219877935654,85.97963890787503,4.2559235796003724e-18,2.190194750613375e+37
1790,exp(-c y/log y),0.5,-119.4931211467368,-111.69409256597773,14.283766219832955,3.10364426600922e-49,1597205.6950851036
1800,exp(-c sqrt(y)/log y),0.5,-2.8301093629266725,4.968919217832401,130.9467780036431,143.87130976728815,7.40394373918189e+56
1800,exp(-c sqrt(y)/log y),1.0,-5.660218725853345,2.1388098549057286,128.1166686407164,8.48932808199516,4.368800673616929e+55
1800,exp(-c sqrt(y)/log y),2.0,-11.32043745170669,-3.5214088709476163,122.45644991486306,0.02955776274604336,1.521109474722711e+53
1800,exp(-c sqrt(y)/log y),4.0,-22.64087490341338,-14.841846322654305,111.13601246315638,3.5831751770847984e-07,1.8439831723003312e+48
1800,exp(-c y/log y),0.05,-12.007137132149941,-4.208108551390867,121.76975023441982,0.014874476054601436,7.65474256376839e+52
1800,exp(-c y/log y),0.1,-24.014274264299882,-16.215245683540807,109.76261310226987,9.074198533758507e-08,4.66978826638788e+47
1800,exp(-c y/log y),0.2,-48.028548528599764,-40.22951994784069,85.74833883796998,3.3770809971299957e-18,1.737922435394098e+37
1800,exp(-c y/log y),0.5,-120.0713713214994,-112.27234274074033,13.705516045070354,1.7407687325332983e-49,895839.0508469446
1810,exp(-c sqrt(y)/log y),0.5,-2.835863817219779,4.974946331720613,131.42223537440958,144.74105693624705,1.1911093190173523e+57
1810,exp(-c sqrt(y)/log y),1.0,-5.671727634439558,2.139082514500833,128.5863715571898,8.491643094343528,6.987979387145845e+55
1810,exp(-c sqrt(y)/log y),2.0,-11.343455268879117,-3.532645119938725,122.91464392275024,0.029227503277705746,2.4052022461753493e+53
1810,exp(-c sqrt(y)/log y),4.0,-22.686910537758234,-14.876100388817843,111.57118865387112,3.462515202579431e-07,2.849387873993593e+48
1810,exp(-c y/log y),0.05,-12.064925900131989,-4.2541157511915975,122.19317329149737,0.01420564651955298,1.1690171614235788e+53
1810,exp(-c y/log y),0.1,-24.129851800263978,-16.319041651323587,110.12824739136538,8.17956599718928e-08,6.7311635627069475e+47
1810,exp(-c y/log y),0.2,-48.259703600527956,-40.448893451587566,85.9983955911014,2.7118694263833555e-18,2.231663229560494e+37
1810,exp(-c y/log y),0.5,-120.64925900131989,-112.8384488523795,13.608840190309465,9.882898086325184e-50,813287.6917366707
1820,exp(-c sqrt(y)/log y),0.5,-2.841599707650579,4.980959438147108,131.89771130903839,145.61402230236624,1.916232480139566e+57
1820,exp(-c sqrt(y)/log y),1.0,-5.683199415301158,2.1393597304965297,129.0561116013878,8.49399743995508,1.1177820324794256e+56
1820,exp(-c sqrt(y)/log y),2.0,-11.366398830602316,-3.5438396848046283,123.37291218608664,0.028902138651936773,3.803426068083952e+53
1820,exp(-c sqrt(y)/log y),4.0,-22.732797661204632,-14.910238515406945,112.00651335548433,3.3463062833909426e-07,4.4036286391524444e+48
1820,exp(-c y/log y),0.05,-12.122678662451685,-4.300119516653997,122.61663235423727,0.013566937440332579,1.7853641955719858e+53
1820,exp(-c y/log y),0.1,-24.24535732490337,-16.422798179105683,110.49395369178559,7.373426804645044e-08,9.703186348120608e+47
1820,exp(-c y/log y),0.2,-48.49071464980674,-40.66815550400905,86.24859636688223,2.1779327996591275e-18,2.8660876914738535e+37
1820,exp(-c y/log y),0.5,-121.22678662451685,-113.40422747871916,13.51252439217211,5.612673529479089e-50,738609.3143745685
1830,exp(-c sqrt(y)/log y),0.5,-2.8473171960483183,4.986952215317902,132.37320564570024,146.48927466772665,3.0828526242087147e+57
1830,exp(-c sqrt(y)/log y),1.0,-5.694634392096637,2.1396350192695834,129.52588844965192,8.496336063972347,1.7880457112227613e+56
1830,exp(-c sqrt(y)/log y),2.0,-11.389268784193273,-3.5549993728270533,123.83125405755528,0.028581392841751957,6.014926493806134e+53
1830,exp(-c sqrt(y)/log y),4.0,-22.778537568386547,-14.944268157020327,112.44198527336201,3.2343484265886206e-07,6.806654997187153e+48
1830,exp(-c y/log y),0.05,-12.180395659948736,-4.346126248582516,123.04012718179982,0.012956907328666339,2.726768621826499e+53
1830,exp(-c y/log y),0.1,-24.360791319897473,-16.52652190853125,110.85973152185109,6.646954869427229e-08,1.3988452266345493e+48
1830,exp(-c y/log y),0.2,-48.721582639794946,-40.887313228428724,86.49894020195362,1.7493047888027972e-18,3.6813950174399344e+37
1830,exp(-c y/log y),0.5,-121.80395659948735,-113.96968718812113,13.416566242261212,3.1885538057791824e-50,671028.0660392058
1840,exp(-c sqrt(y)/log y),0.5,-2.8530164419572923,4.99293762591001,132.8487182248509,147.3687023664176,4.959812433475736e+57
1840,exp(-c sqrt(y)/log y),1.0,-5.706032883914585,2.1399211839527172,129.9957017828936,8.498767763206518,2.8603287770266777e+56
1840,exp(-c sqrt(y)/log y),2.0,-11.41206576782917,-3.5661116999618674,124.28966889897902,0.028265545205819274,9.512997013586996e+53
1840,exp(-c sqrt(y)/log y),4.0,-22.82413153565834,-14.978177467791037,112.87760313114985,3.126512553366876e-07,1.0522529944689766e+49
1840,exp(-c y/log y),0.05,-12.238077130523697,-4.392123062656395,123.4636575362845,0.012374429623048517,4.164714007521385e+53
1840,exp(-c y/log y),0.1,-24.476154261047395,-16.630200193180094,111.2255804057608,5.992331394071374e-08,2.016767419171832e+48
1840,exp(-c y/log y),0.2,-48.95230852209479,-41.106354454227485,86.7494261447134,1.4051965969691735e-18,4.729302383213264e+37
1840,exp(-c y/log y),0.5,-122.38077130523696,-114.53481723736967,13.32096336157123,1.8120112429727176e-50,609846.9857017606
1850,exp(-c sqrt(y)/log y),0.5,-2.8586976026813034,4.998890403582371,133.3242488891865,148.24857172257776,7.979682219299606e+57
1850,exp(-c sqrt(y)/log y),1.0,-5.717395205362607,2.140192800901068,130.4655512865052,8.501076486101041,4.575820737618295e+56
1850,exp(-c sqrt(y)/log y),2.0,-11.434790410725213,-3.5772024044615387,124.74815608114258,0.027953792371258765,1.5046511231443782e+54
1850,exp(-c sqrt(y)/log y),4.0,-22.869580821450427,-15.011992815186751,113.31336567041737,3.022556014289265e-07,1.6269321318788707e+49
1850,exp(-c y/log y),0.05,-12.29572330918978,-4.4381353029261055,123.88722318267801,0.011817954892346546,6.361175924137436e+53
1850,exp(-c y/log y),0.1,-24.59144661837956,-16.733858612115885,111.59149987348823,5.4022856462215543e-08,2.9078541677556102e+48
1850,exp(-c y/log y),0.2,-49.18289323675912,-41.325305230495445,87.00005325510867,1.1288805109650802e-18,6.076353813323064e+37
1850,exp(-c y/log y),0.5,-122.95723309189779,-115.09964508563412,13.225713399970005,1.030052286008471e-50,554439.7369974094
1860,exp(-c sqrt(y)/log y),0.5,-2.864360833327017,4.993227172936658,133.31858565854077,147.41137871411547,7.934619160100214e+57
1860,exp(-c sqrt(y)/log y),1.0,-5.728721666654034,2.1288663396096403,130.45422482521377,8.405332615537073,4.524285289238039e+56
1860,exp(-c sqrt(y)/log y),2.0,-11.457443333308069,-3.599855327044394,124.72550315855973,0.02732767573693732,1.4709495385958879e+54
1860,exp(-c sqrt(y)/log y),4.0,-22.914886666616137,-15.057298660352462,113.26805982525165,2.888672316777813e-07,1.5548673997824604e+49
1860,exp(-c y/log y),0.05,-12.353334428123441,-4.495746421859766,123.82961206374435,0.011156350162851438,6.005058125846842e+53
1860,exp(-c y/log y),0.1,-24.706668856246882,-16.849080849983206,111.47627763562092,4.814344476208538e-08,2.5913867882839017e+48
1860,exp(-c y/log y),0.2,-49.413337712493764,-41.55574970623009,86.76960877937404,8.96534922582292e-19,4.825721892348976e+37
1860,exp(-c y/log y),0.5,-123.5333442812344,-115.67575627497074,12.64960221063339,5.789717316755486e-51,311639.4565590876
1870,exp(-c sqrt(y)/log y),0.5,-2.870006286846254,5.010743276925833,134.27536385514074,150.01619829898993,2.065615947269912e+58
1870,exp(-c sqrt(y)/log y),1.0,-5.740012573692508,2.1407369900795787,131.4053575682945,8.505703938921146,1.1711747063457398e+57
1870,exp(-c sqrt(y)/log y),2.0,-11.480025147385016,-3.599275583612929,125.66534499460198,0.027343523370779957,3.7650079504521816e+54
1870,exp(-c sqrt(y)/log y),4.0,-22.96005029477003,-15.079300730997945,114.18531984721697,2.8258096348946374e-07,3.890938119998141e+49
1870,exp(-c y/log y),0.05,-12.410910716713836,-4.53016115294175,124.73445942527317,0.010778938875060932,1.4841829274061621e+54
1870,exp(-c y/log y),0.1,-24.821821433427672,-16.941071869655588,112.32354870855933,4.391227822921199e-08,6.04640720266975e+48
1870,exp(-c y/log y),0.2,-49.643642866855345,-41.76289330308326,87.50172727513166,7.287958486547524e-19,1.003499851586039e+38
1870,exp(-c y/log y),0.5,-124.10910716713835,-116.22835760336626,13.036262974848654,3.3316981845350486e-51,458751.0535195465
1880,exp(-c sqrt(y)/log y),0.5,-2.875634114077243,5.051302494153003,136.19458332814818,156.22581523695885,1.4078487660618377e+59
1880,exp(-c sqrt(y)/log y),1.0,-5.751268228154486,2.17566838007576,133.31894921407093,8.808070293893094,7.937504359208825e+57
1880,exp(-c sqrt(y)/log y),2.0,-11.502536456308972,-3.575599848078726,127.56768098591644,0.0279986258141121,2.5231317080366247e+55
1880,exp(-c sqrt(y)/log y),4.0,-23.005072912617944,-15.078136304387698,116.06514452960747,2.8291019993153647e-07,2.549481180660138e+50
1880,exp(-c y/log y),0.05,-12.468452401611133,-4.541515793380887,126.60176504061428,0.010657240130091769,9.603907231347714e+54
1880,exp(-c y/log y),0.1,-24.936904803222266,-17.00996819499202,114.13331263900315,4.098875012894556e-08,3.693753250954436e+49
1880,exp(-c y/log y),0.2,-49.87380960644453,-41.94687299821429,89.19640783578089,6.06323671373845e-19,5.46396273421914e+38
1880,exp(-c y/log y),0.5,-124.68452401611133,-116.75758740788108,14.385693426114088,1.9625650857056245e-51,1768590.440725707
1890,exp(-c sqrt(y)/log y),0.5,-2.8812444637848738,5.057196027188425,136.67018480350015,157.1492557306954,2.2652028577643972e+59
1890,exp(-c sqrt(y)/log y),1.0,-5.7624889275697475,2.175951563403551,133.78894033971528,8.810564945755571,1.2699848179902142e+58
1890,exp(-c sqrt(y)/log y),2.0,-11.524977855139495,-3.5865373641661966,128.02645141214552,0.0276940590321341,3.9919159254683153e+55
1890,exp(-c sqrt(y)/log y),4.0,-23.04995571027899,-15.11151521930569,116.50147355700602,2.7362282791801507e-07,3.944092568988168e+50
1890,exp(-c y/log y),0.05,-12.525959706773754,-4.587519215800456,127.02546956051125,0.010178076691672014,1.4671026153652353e+55
1890,exp(-c y/log y),0.1,-25.05191941354751,-17.11347892257421,114.49950985373751,3.6958176719422394e-08,5.327277379287285e+49
1890,exp(-c y/log y),0.2,-50.10383882709502,-42.16539833612172,89.44759044019,4.87304223400514e-19,7.02416892981751e+38
1890,exp(-c y/log y),0.5,-125.25959706773754,-117.32115657676425,14.291832199547471,1.1170409341589091e-51,1610140.8209229806
1900,exp(-c sqrt(y)/log y),0.5,-2.886837482699975,5.051603008273323,136.66459178458504,156.27277035538086,2.2525688992532895e+59
1900,exp(-c sqrt(y)/log y),1.0,-5.77367496539995,2.1647655255733484,133.77775430188507,8.712558805101379,1.2558578793129477e+58
1900,exp(-c sqrt(y)/log y),2.0,-11.5473499307999,-3.6089094398266015,128.00407933648512,0.027081364625680587,3.903600068420108e+55
1900,exp(-c sqrt(y)/log y),4.0,-23.0946998615998,-15.1562593706265,116.45672940568522,2.61649668620928e-07,3.771507375821862e+50
1900,exp(-c y/log y),0.05,-12.583432853514537,-4.644992362541239,126.96799641377048,0.0096096030523364,1.3851608901945279e+55
1900,exp(-c y/log y),0.1,-25.166865707029075,-17.228425216055776,114.38456356025594,3.29450367839318e-08,4.74880973028613e+49
1900,exp(-c y/log y),0.2,-50.33373141405815,-42.39529092308485,89.21769785322687,3.872211705016492e-19,5.5815377421216574e+38
1900,exp(-c y/log y),0.5,-125.83432853514537,-117.89588804417208,13.717100732139642,6.287331849929695e-52,906277.4117479962
1910,exp(-c sqrt(y)/log y),0.5,-2.8924133155576413,5.068944157684276,137.6214396018466,159.00635304570173,5.864511073467678e+59
1910,exp(-c sqrt(y)/log y),1.0,-5.7848266311152825,2.1765308421266347,134.72902628628893,8.815670197105975,3.2514169717549857e+58
1910,exp(-c sqrt(y)/log y),2.0,-11.569653262230565,-3.608295788988648,128.94419965517366,0.02709798822779809,9.994346074017706e+55
1910,exp(-c sqrt(y)/log y),4.0,-23.13930652446113,-15.177949051219212,117.37454639294309,2.560356738447563e-07,9.44317013568473e+50
1910,exp(-c y/log y),0.05,-12.640872060545874,-4.679514587303957,127.87298085685835,0.009283519131575263,3.4239701562253674e+55
1910,exp(-c y/log y),0.1,-25.281744121091748,-17.32038664784983,115.23210879631247,3.005049667397124e-08,1.1083297436364307e+50
1910,exp(-c y/log y),0.2,-50.563488242183496,-42.60213076894158,89.95036467522073,3.148688440211109e-19,1.1613069459690192e+39
1910,exp(-c y/log y),0.5,-126.40872060545874,-118.44736313221682,14.105132311945482,3.622128018274994e-52,1335922.0852380442
1920,exp(-c sqrt(y)/log y),0.5,-2.8979721051346496,5.074816863890822,138.09709263732918,159.94289797704744,9.436377345023218e+59
1920,exp(-c sqrt(y)/log y),1.0,-5.795944210269299,2.1768447587561726,135.1991205321945,8.818438016990983,5.20273858824073e+58
1920,exp(-c sqrt(y)/log y),2.0,-11.591888420538599,-3.6190994515131267,129.40317632192523,0.02680680645489778,1.5815590709111656e+56
1920,exp(-c sqrt(y)/log y),4.0,-23.183776841077197,-15.210987872051724,117.81128790138663,2.477147703948878e-07,1.4614778630042016e+51
1920,exp(-c y/log y),0.05,-12.698277544023844,-4.725488574998372,128.29678719843997,0.008866380959465979,5.231024164027285e+55
1920,exp(-c y/log y),0.1,-25.396555088047688,-17.423766119022215,115.59850965441613,2.7099078345717267e-08,1.5988026489880728e+50
1920,exp(-c y/log y),0.2,-50.793110176095375,-42.8203212070699,90.20195456636844,2.531458350558227e-19,1.4935202832516594e+39
1920,exp(-c y/log y),0.5,-126.98277544023843,-119.00998647121295,14.012289302225398,2.0635717992188862e-52,1217474.6376530044
1930,exp(-c sqrt(y)/log y),0.5,-2.9035139922859785,5.069274976739493,138.09155075017784,159.0589640790761,9.384226646775116e+59
1930,exp(-c sqrt(y)/log y),1.0,-5.807027984571957,2.165760984453515,135.18803675789187,8.72123611737011,5.1453910088811e+58
1930,exp(-c sqrt(y)/log y),2.0,-11.614055969143914,-3.641267000118442,129.3810087733199,0.02621910330518119,1.546885517050822e+56
1930,exp(-c sqrt(y)/log y),4.0,-23.228111938287828,-15.255322969262355,117.766952804176,2.369722078217693e-07,1.3980984473661129e+51
1930,exp(-c y/log y),0.05,-12.755649517591367,-4.782860548565895,128.23941522487246,0.008372016123085118,4.9393567501438e+55
1930,exp(-c y/log y),0.1,-25.511299035182734,-17.53851006615726,115.4837657072811,2.416138676877476e-08,1.4254835045062595e+50
1930,exp(-c y/log y),0.2,-51.02259807036547,-43.049809101339996,89.97246667209836,2.0123589996026728e-19,1.1872598980061798e+39
1930,exp(-c y/log y),0.5,-127.55649517591367,-119.5837062068882,13.438569566550157,1.1626694703518363e-52,685956.5500277831
1940,exp(-c sqrt(y)/log y),0.5,-2.909039115980462,5.08650015246158,139.04844927660258,161.82251568652538,2.4432856148381243e+60
1940,exp(-c sqrt(y)/log y),1.0,-5.818078231960924,2.1774610364811187,136.1394101606221,8.823874298867329,1.3322772205151948e+59
1940,exp(-c sqrt(y)/log y),2.0,-11.636156463921848,-3.6406171954798054,130.32133192866118,0.02623614613678562,3.9612780812883985e+56
1940,exp(-c sqrt(y)/log y),4.0,-23.272312927843696,-15.276773659401654,118.68517546473933,2.3194312193716812e-07,3.5020052116079287e+51
1940,exp(-c y/log y),0.05,-12.812988192420423,-4.817448923978381,129.1445002001626,0.00808739239795768,1.22107912014906e+56
1940,exp(-c y/log y),0.1,-25.625976384840847,-17.630437116398802,116.33151200774219,2.2039332997327257e-08,3.3276200808365166e+50
1940,exp(-c y/log y),0.2,-51.251952769681694,-43.25641350123965,90.70553562290134,1.636734773889945e-19,2.4712324557463036e+39
1940,exp(-c y/log y),0.5,-128.12988192420423,-120.13434265576218,13.827606468378804,6.703751351524677e-53,1012169.3617939147
1950,exp(-c sqrt(y)/log y),0.5,-2.9145476133356065,5.092317087727661,139.52415260430703,162.76656987394168,3.9316021897207806e+60
1950,exp(-c sqrt(y)/log y),1.0,-5.829095226671213,2.177769474392055,136.60960499097143,8.826596335990578,2.132051164390727e+59
1950,exp(-c sqrt(y)/log y),2.0,-11.658190453342426,-3.651325752279158,130.7805097643002,0.025956693811700675,6.269800629639696e+56
1950,exp(-c sqrt(y)/log y),4.0,-23.316380906684852,-15.309516205621584,119.12231931095778,2.2447169775414775e-07,5.42208033937213e+51
1950,exp(-c y/log y),0.05,-12.870293777253318,-4.86342907619005,129.5684064403893,0.007723952406602857,1.8657091698017186e+56
1950,exp(-c y/log y),0.1,-25.740587554506636,-17.733722853443368,116.698112663136,1.987659648299889e-08,4.8011621991713145e+50
1950,exp(-c y/log y),0.2,-51.48117510901327,-43.47431040795,90.95752510862937,1.3162757651493853e-19,3.1794444550534276e+39
1950,exp(-c y/log y),0.5,-128.70293777253318,-120.69607307146991,13.735762445109458,3.8226230803403697e-53,923348.8968148018
1960,exp(-c sqrt(y)/log y),0.5,-2.920039619651582,5.098144707855242,139.99987242305065,163.71788085986077,6.326624524211209e+60
1960,exp(-c sqrt(y)/log y),1.0,-5.840079239303164,2.1781050882036608,137.07983280339909,8.829559160785056,3.412046700776306e+59
1960,exp(-c sqrt(y)/log y),2.0,-11.680158478606328,-3.6619741510995034,131.2397535640959,0.025681762968395593,9.924320457086198e+56
1960,exp(-c sqrt(y)/log y),4.0,-23.360316957212657,-15.342132629705832,119.55959508548958,2.1726834603699286e-07,8.395999503249497e+51
1960,exp(-c y/log y),0.05,-12.927566478443078,-4.909382150936253,129.99234556425915,0.007377044823848394,2.8507449799399015e+56
1960,exp(-c y/log y),0.1,-25.855132956886155,-17.83694862937933,117.06477908581608,1.7927165848721526e-08,6.927676226472061e+50
1960,exp(-c y/log y),0.2,-51.71026591377231,-43.69208158626549,91.20964612892993,1.058693055219882e-19,4.091155719575688e+39
1960,exp(-c y/log y),0.5,-129.27566478443077,-121.25748045692394,13.644247258271463,2.180446062641195e-53,842599.6880226973
1970,exp(-c sqrt(y)/log y),0.5,-2.9255152684444297,5.092669059062395,139.9943967742578,162.82386912404547,6.292076822133549e+60
1970,exp(-c sqrt(y)/log y),1.0,-5.851030536888859,2.1671537906179656,137.06888150581338,8.733391571926994,3.374884222071547e+59
1970,exp(-c sqrt(y)/log y),2.0,-11.702061073777719,-3.6838767462708937,131.21785096892452,0.0251253810569812,9.709315264794846e+56
1970,exp(-c sqrt(y)/log y),4.0,-23.404122147555437,-15.385937820048612,119.5157898951468,2.0795631152569035e-07,8.036150318786031e+51
1970,exp(-c y/log y),0.05,-12.984806499992954,-4.9666221724861295,129.9351055427093,0.006966640445529698,2.6921505496261798e+56
1970,exp(-c y/log y),0.1,-25.96961299998591,-17.951428672479082,116.95029904271632,1.5987979593221636e-08,6.178307662902556e+50
1970,exp(-c y/log y),0.2,-51.93922599997182,-43.921041672464995,90.98068604273041,8.420424034818306e-20,3.253942753421027e+39
1970,exp(-c y/log y),0.5,-129.84806499992953,-121.8298806724227,13.071847042772703,1.2301415650051726e-53,475369.1992919872
1980,exp(-c sqrt(y)/log y),0.5,-2.9309746914784913,5.1097052446712325,140.95136100134295,165.62152984988333,1.6383183652199783e+61
1980,exp(-c sqrt(y)/log y),1.0,-5.861949382956983,2.1787305531927412,138.02038630986445,8.835083468359535,8.739612245813928e+59
1980,exp(-c sqrt(y)/log y),2.0,-11.723898765913965,-3.6832188297642414,132.15843692690748,0.02514191689891973,2.487023530676815e+57
1980,exp(-c sqrt(y)/log y),4.0,-23.44779753182793,-15.407117595678207,120.43453816099351,2.0359815877042346e-07,2.0139809295379152e+52
1980,exp(-c y/log y),0.05,-13.042014043595078,-5.001334107445354,130.84032164922635,0.00672896384740474,6.656251189139814e+56
1980,exp(-c y/log y),0.1,-26.084028087190156,-18.043348151040433,117.7983076056313,1.4583892786550006e-08,1.4426300379099663e+51
1980,exp(-c y/log y),0.2,-52.16805617438031,-44.12737623823059,91.71427951844113,6.850527260518103e-20,6.776500997496916e+39
1980,exp(-c y/log y),0.5,-130.42014043595077,-122.37946049980104,13.462195256870672,7.100282144199968e-54,702355.7049394379
1990,exp(-c sqrt(y)/log y),0.5,-2.936418018798091,5.1154785362472355,141.42712949908295,166.58047670933814,2.63646452997453e+61
1990,exp(-c sqrt(y)/log y),1.0,-5.872836037596182,2.1790605174491446,138.49071148028486,8.837999211125426,1.3987876548542013e+60
1990,exp(-c sqrt(y)/log y),2.0,-11.745672075192363,-3.693775520147037,132.61787544268867,0.024877897504028544,3.937417856244843e+57
1990,exp(-c sqrt(y)/log y),4.0,-23.491344150384727,-15.4394475953394,120.87220336749633,1.9712109623898525e-07,3.119830058180233e+52
1990,exp(-c y/log y),0.05,-13.099189308668299,-5.047292753622973,131.26435820921276,0.0064267085998065306,1.0171533665038801e+57
1990,exp(-c y/log y),0.1,-26.198378617336598,-18.14648206229127,118.16516890054444,1.3154761372607094e-08,2.082000390698448e+51
1990,exp(-c y/log y),0.2,-52.396757234673196,-44.34486067962787,91.96679028320784,5.511524040288448e-20,8.723073631057627e+39
1990,exp(-c y/log y),0.5,-130.99189308668298,-122.93999653163765,13.371654431198067,4.053572090497673e-54,641557.7171711081
2000,exp(-c sqrt(y)/log y),0.5,-2.941845378758488,5.143622303227939,142.86533761430135,171.33527394119486,1.1107793084547102e+62
2000,exp(-c sqrt(y)/log y),1.0,-5.883690757516976,2.201776924469452,139.92349223554288,9.041064523263527,5.86138929120458e+60
2000,exp(-c sqrt(y)/log y),2.0,-11.767381515033952,-3.681913833047524,134.0398014780259,0.025174748435789325,1.6320976419383106e+58
2000,exp(-c sqrt(y)/log y),4.0,-23.534763030067904,-15.449295348081476,122.27241996299195,1.9518942335228713e-07,1.2654275310718722e+53
2000,exp(-c y/log y),0.05,-13.156332492395189,-5.070864810408761,132.65085050066466,0.006276989387095783,4.0694188477317785e+57
2000,exp(-c y/log y),0.1,-26.312664984790377,-18.22719730280395,119.49451800826948,1.2134692927272129e-08,7.867011566276799e+51
2000,exp(-c y/log y),0.2,-52.625329969580754,-44.539862287594325,93.1818530234791,4.535065706818886e-20,2.940116786077561e+40
2000,exp(-c y/log y),0.5,-131.56332492395188,-123.47785724196545,14.243858069107972,2.3672709167146264e-54,1534719.3203751743
