minus_mask,minus_product,minus_size,eigenvalue,eigen_over_logq,blind_threshold,is_blind
0,1,0,579.6116010424131,20.976843331652425,0.35,0
1,2,1,108.47396197655472,3.9258035930500728,0.35,0
2,3,1,168.9914988225591,6.1160062855997746,0.35,0
3,6,2,31.41349189758906,1.13689218236962,0.35,0
4,5,1,239.83964041579387,8.680086031186619,0.35,0
5,10,2,44.59849307132654,1.6140732868397938,0.35,0
6,15,2,69.49205749365751,2.515001425466582,0.35,0
7,30,3,12.846979286670635,0.4649476844438693,0.35,0
8,7,1,282.4390382107153,10.221809647414613,0.35,0
9,14,2,52.5344139375118,1.9012838402568883,0.35,0
10,21,2,81.85696063645092,2.9625021924818613,0.35,0
11,42,3,15.136470694019032,0.5478071414918958,0.35,0
12,35,2,116.20970813026419,4.205769582046766,0.35,0
13,70,3,21.495150011830837,0.777935419818396,0.35,0
14,105,3,33.49794917849619,1.212331206941372,0.35,0
15,210,4,6.164460319170334,0.22309925837726954,0.35,1
16,11,1,333.9747339983694,12.086948672549848,0.35,0
17,22,2,62.14628639519775,2.249149104351126,0.35,0
18,33,2,96.83267882413111,3.5044915067691673,0.35,0
19,66,3,17.912150261055956,0.6482623347832078,0.35,0
20,55,2,137.46742205375736,4.9751119032843505,0.35,0
21,110,3,25.43641352045834,0.9205745026120271,0.35,0
22,165,3,39.639602986011084,1.4346050701383566,0.35,0
23,330,4,7.296982981213023,0.264086620273563,0.35,1
24,77,2,161.92067500519738,5.860104638400585,0.35,0
25,154,3,29.968434263737375,1.084593802668457,0.35,0
26,231,3,46.701903839422506,1.6901982609864572,0.35,0
27,462,4,8.598848708621956,0.3112027120729515,0.35,1
28,385,3,66.31740691865363,2.4001069899086507,0.35,0
29,770,4,12.21371894611044,0.4420292284844137,0.35,0
30,1155,4,19.036061820368154,0.6889380504795883,0.35,0
31,2310,5,3.489930216943357,0.12630478628715988,0.35,1
32,13,1,351.3151518309887,12.714519320766792,0.35,0
33,26,2,65.38385299054792,2.3663205466140327,0.35,0
34,39,2,101.87680474535166,3.687044511236771,0.35,0
35,78,3,18.847901010437322,0.6821282836909711,0.35,0
36,65,2,144.6270810025573,5.2342286010987715,0.35,0
37,130,3,26.765052790157796,0.9686595612178971,0.35,0
38,195,3,41.70996433677332,1.50953394598684,0.35,0
39,390,4,7.679058985698889,0.27791441197488415,0.35,1
40,91,2,170.3527976323842,6.165273332377151,0.35,0
41,182,3,31.53361899849722,1.1412397271239074,0.35,0
42,273,3,49.140846363505524,1.7784665343104942,0.35,0
43,546,4,9.049046675911871,0.32749591981945747,0.35,1
44,455,3,69.7802444817502,2.525431260356996,0.35,0
45,910,4,12.853096099647447,0.4651690592874246,0.35,0
46,1365,4,20.03251295872714,0.7250008197192152,0.35,0
47,2730,5,3.673018410741023,0.1329309689761565,0.35,1
48,143,2,201.50414612263563,7.292678228473933,0.35,0
49,286,3,37.313822056100136,1.3504322514736784,0.35,0
50,429,3,58.14791525888693,2.1044432275927076,0.35,0
51,858,4,10.711100994990796,0.38764767143607776,0.35,0
52,715,3,82.56881580875921,2.988265090252509,0.35,0
53,1430,4,15.213605323619655,0.5505987368251627,0.35,0
54,2145,4,23.7113323481797,0.8581417331157098,0.35,0
55,4290,5,4.3487739683668805,0.15738737812552023,0.35,1
56,1001,3,97.27538461066258,3.520513563452272,0.35,0
57,2002,4,17.92722891287713,0.6488080493899142,0.35,0
58,3003,4,27.94051415877066,1.0112009267244815,0.35,0
59,6006,5,5.12539775808076,0.18549433032448104,0.35,1
60,5005,4,39.684309458090944,1.436223051315827,0.35,0
61,10010,5,7.281400204930906,0.263522660794225,0.35,1
62,15015,5,11.349814522573835,0.41076348481493397,0.35,0
63,30030,6,2.073966263585742,0.07505934199406608,0.35,1
64,17,1,377.23023992071563,13.652417633717215,0.35,0
65,34,2,70.22625523177776,2.5415729276575374,0.35,0
66,51,2,109.4210989953414,3.960081624788852,0.35,0
67,102,3,20.248425528485743,0.7328149561875246,0.35,0
68,85,2,155.3350711514083,5.621763687258802,0.35,0
69,170,3,28.753541042969207,1.0406253508450167,0.35,0
70,255,3,44.8084815619677,1.6216730237355148,0.35,0
71,510,4,8.251217883896052,0.29862153299645683,0.35,1
72,119,2,182.9634830334135,6.6216692559342265,0.35,0
73,238,3,33.8760657156872,1.2260157007429069,0.35,0
74,357,3,52.790884886771984,1.9105658334262372,0.35,0
75,714,4,9.72320229994404,0.3518944254412253,0.35,0
76,595,3,74.9624321425402,2.712980885796014,0.35,0
77,1190,4,13.81051261234329,0.4998191183163295,0.35,0
78,1785,4,21.524594687632508,0.7790010581702372,0.35,0
79,3570,5,3.9473183983160127,0.14285821655865222,0.35,1
80,187,2,216.41726920990078,7.83240215053587,0.35,0
81,374,3,40.08507360210496,1.450727189339991,0.35,0
82,561,3,62.46607670582975,2.2607227016239264,0.35,0
83,1122,4,11.508936759613352,0.4165223106061309,0.35,0
84,935,3,88.69945698959035,3.2101403931994925,0.35,0
85,1870,4,16.34664933443807,0.5916049669628265,0.35,0
86,2805,4,25.477102975189947,0.9220471030838262,0.35,0
87,5610,5,4.6734877167409605,0.16913916055193556,0.35,1
88,1309,3,104.49696218410581,3.7818711710174946,0.35,0
89,2618,4,19.262210643165183,0.6971226492987272,0.35,0
90,3927,4,30.020977321490783,1.0864953993388426,0.35,0
91,7854,5,5.5080598433075725,0.19934333299511406,0.35,1
92,6545,4,42.63877252486968,1.5431486352232406,0.35,0
93,13090,5,7.824957439361149,0.2831946530868622,0.35,1
94,19635,5,12.19701643423927,0.4414247444227827,0.35,0
95,39270,6,2.229143874326654,0.0806754069990418,0.35,1
96,221,2,227.6826521532869,8.240109954605837,0.35,0
97,442,3,42.17788283408769,1.5264684811005145,0.35,0
98,663,3,65.72711528001834,2.3787436231275727,0.35,0
99,1326,4,12.111307720154686,0.43832284262461946,0.35,0
100,1105,3,93.32932953641713,3.377701068116345,0.35,0
101,2210,4,17.20211492621089,0.6225652991265794,0.35,0
102,3315,4,26.810295878511536,0.9702969631859213,0.35,0
103,6630,5,4.9186005043901,0.1780100881452643,0.35,1
104,1547,3,109.9507739761066,3.9792512015678967,0.35,0
105,3094,4,20.270152165174025,0.7336012693895276,0.35,0
106,4641,4,31.591784946401315,1.1433448229746925,0.35,0
107,9282,5,5.796917869169873,0.20979745355223603,0.35,1
108,7735,4,44.86950181855546,1.6238814204622134,0.35,0
109,15470,5,8.235273888055325,0.2980445005453638,0.35,1
110,23205,5,12.8365497534556,0.4645702270501929,0.35,0
111,46410,6,2.3462615043023387,0.08491403536837737,0.35,1
112,2431,3,130.09342906580494,4.7082381979292665,0.35,0
113,4862,4,23.99155710448666,0.8682834052287762,0.35,0
114,7293,4,37.391391898775446,1.3532395976933442,0.35,0
115,14586,5,6.8631060343672114,0.24838408995354913,0.35,1
116,12155,4,53.10575315958882,1.9219612962104673,0.35,0
117,24310,5,9.7497923746036,0.35285675233272884,0.35,0
118,36465,5,15.197149308803736,0.5500031737894401,0.35,0
119,72930,6,2.778446716981038,0.1005553397872559,0.35,1
120,17017,4,62.574851521449645,2.264659393473407,0.35,0
121,34034,5,11.490487832136278,0.4158546216561037,0.35,0
122,51051,5,17.910301376449496,0.6481954214180193,0.35,0
123,102102,6,3.2750468685953917,0.11852789858379191,0.35,1
124,85085,5,25.44282037131601,0.9208063742765157,0.35,0
125,170170,6,4.653430330301604,0.16841325953093444,0.35,1
126,255255,6,7.254130918138545,0.262535752395945,0.35,1
127,510510,7,1.3218169656620253,0.04783815118942648,0.35,1
128,19,1,387.2850886856925,14.016314744967312,0.35,0
129,38,2,72.10647611273124,2.6096203904373185,0.35,0
130,57,2,112.35035837320258,4.066095056777891,0.35,0
131,114,3,20.792560963244043,0.7525078742478208,0.35,0
132,95,2,159.49256179129384,5.772228290881028,0.35,0
133,190,3,29.526089553882347,1.0685848137860292,0.35,0
134,285,3,46.01226686632794,1.665239466658838,0.35,0
135,570,4,8.473626998102525,0.3066707872485286,0.35,1
136,133,2,187.8595698894938,6.79886454797712,0.35,0
137,266,3,34.78610775183833,1.2589512202929434,0.35,0
138,399,3,54.208902167197174,1.9618855901039136,0.35,0
139,798,4,9.985253743306364,0.36137838342681194,0.35,0
140,665,3,76.97561575830458,2.78584043041139,0.35,0
141,1330,4,14.182660354928698,0.5132875942377958,0.35,0
142,1995,4,22.104557843787614,0.7999906247056836,0.35,0
143,3990,5,4.053989317007913,0.14671876583927243,0.35,1
144,209,2,222.20701386757852,8.041939996907393,0.35,0
145,418,3,41.16166514707284,1.4896903366102614,0.35,0
146,627,3,64.14359072726374,2.3214339585259363,0.35,0
147,1254,4,11.819053648009689,0.4277458150540922,0.35,0
148,1045,3,91.08100433762158,3.2963314658362664,0.35,0
149,2090,4,16.787048683162087,0.6075435508782121,0.35,0
150,3135,4,26.16342420324799,0.9468858965970487,0.35,0
151,6270,5,4.799760041267863,0.17370910836519643,0.35,1
152,1463,3,107.30222839559188,3.883397140677331,0.35,0
153,2926,4,19.781088886638745,0.7159014791254122,0.35,0
154,4389,4,30.829595281364412,1.115760259167258,0.35,0
155,8778,5,5.656863777987414,0.2047287269715263,0.35,1
156,7315,4,43.787057470292986,1.5847064531774004,0.35,0
157,14630,5,8.03632270179825,0.290844217015401,0.35,1
158,21945,5,12.52645109540557,0.4533473823804653,0.35,0
159,43890,6,2.289511188240758,0.08286017294239321,0.35,1
160,247,2,233.77312678543439,8.460531581681952,0.35,0
161,494,3,43.310579150227355,1.5674621277481475,0.35,0
162,741,3,67.4920423191759,2.442618462633237,0.35,0
163,1482,4,12.437630136473212,0.45013284468532544,0.35,0
164,1235,3,95.8349560826949,3.468382716679573,0.35,0
165,2470,4,17.665524674472174,0.6393366571707504,0.35,0
166,3705,4,27.532473872922704,0.9964334563463153,0.35,0
167,7410,5,5.051486225567285,0.18281938276451312,0.35,1
168,1729,3,112.90217608207547,4.086066005609556,0.35,0
169,3458,4,20.816138197279926,0.7533611628011814,0.35,0
170,5187,4,32.442644276574086,1.1741384489721867,0.35,0
171,10374,5,5.953514509075897,0.21546487493521746,0.35,1
172,8645,4,46.07776350922205,1.6676098692081796,0.35,0
173,17290,5,8.457706770181316,0.3060946149871267,0.35,1
174,25935,5,13.183233261638353,0.47711712159774544,0.35,0
175,51870,6,2.409796512536192,0.08721344399201406,0.35,1
176,2717,3,133.58468702522907,4.834591036819159,0.35,0
177,5434,4,24.637648030872146,0.8916662155735243,0.35,0
178,8151,4,38.39824367696589,1.3896787786402265,0.35,0
179,16302,5,7.048471080281963,0.2550926746684257,0.35,1
180,13585,4,54.53550597588413,1.9737057760940244,0.35,0
181,27170,5,10.013084336144614,0.36238560616829096,0.35,0
182,40755,5,15.607512109924713,0.5648546987982068,0.35,0
183,81510,6,2.8536729517501125,0.10327786800846987,0.35,1
184,19019,4,64.25930420099172,2.325621768786096,0.35,0
185,38038,5,11.800749497858972,0.42708336577022676,0.35,0
186,57057,5,18.393867603129564,0.6656962667415136,0.35,0
187,114114,6,3.3637090505925467,0.12173668995003077,0.35,1
188,95095,5,26.129655221924647,0.945663756409697,0.35,0
189,190190,6,4.7793913535378865,0.1729719409748015,0.35,1
190,285285,6,7.450474130382615,0.2696416501990082,0.35,1
191,570570,7,1.3576795591760504,0.04913606172858318,0.35,1
192,323,2,251.0689085070942,9.086486795175285,0.35,0
193,646,3,46.52632227330245,1.683843752212301,0.35,0
194,969,3,72.50273670272328,2.623961539406424,0.35,0
195,1938,4,13.36384940663827,0.48365383785742055,0.35,0
196,1615,3,102.94862176925656,3.7258348628277593,0.35,0
197,3230,4,18.980862151105796,0.6869403078326278,0.35,0
198,4845,4,29.582310048779334,1.070619501344665,0.35,0
199,9690,5,5.428590901730674,0.19646725609431914,0.35,1
200,2261,3,121.28152585440267,4.389324786281137,0.35,0
201,4522,4,22.36587417365434,0.8094479780467111,0.35,0
202,6783,4,34.8577538509795,1.2615441790851853,0.35,0
203,13566,5,6.397910022937726,0.23154808488961348,0.35,1
204,11305,4,49.50737794115947,1.7917317544453608,0.35,0
205,22610,5,9.088941304363209,0.32893975456895713,0.35,1
206,33915,5,14.167080081040131,0.5127237253231003,0.35,0
207,67830,6,2.5900676996175362,0.0937376758083121,0.35,1
208,3553,3,143.49691342399143,5.193326472515679,0.35,0
209,7106,4,26.471550079670482,0.9580373439188731,0.35,0
210,10659,4,41.25616950682019,1.4931105634397677,0.35,0
211,21318,5,7.574513270860334,0.27413077638646616,0.35,1
212,17765,4,58.59387598408012,2.1205830844341222,0.35,0
213,35530,5,10.760280973457348,0.3894275542084231,0.35,0
214,53295,5,16.772088170649877,0.6070021118756705,0.35,0
215,106590,6,3.06711866353326,0.11100272590958095,0.35,1
216,24871,4,69.04068974123304,2.49866588178433,0.35,0
217,49742,5,12.681249040457029,0.4589497068259496,0.35,0
218,74613,5,19.76620075584061,0.7153626597044552,0.35,0
219,149226,6,3.6152795917055975,0.13084133143459853,0.35,1
220,124355,5,28.07887392690318,1.016208333709262,0.35,0
221,248710,6,5.13679717555297,0.18590688899990537,0.35,1
222,373065,6,8.00758754742466,0.28980425710031027,0.35,1
223,746130,7,1.4594206436234383,0.05281819435844595,0.35,1
224,4199,3,150.9830319890317,5.464258137821552,0.35,0
225,8398,4,27.85623559377335,1.0081507837477266,0.35,0
226,12597,4,43.41405793892846,1.5712071499920577,0.35,0
227,25194,5,7.971615827272612,0.2885023971364268,0.35,1
228,20995,4,61.65820309518986,2.23148478069258,0.35,0
229,41990,5,11.324336358225217,0.4098413992994649,0.35,0
230,62985,5,17.65122678061806,0.6388191991371104,0.35,0
231,125970,6,3.2282174490515745,0.11683308537557424,0.35,1
232,29393,4,72.6509762276099,2.629326506711276,0.35,0
233,58786,5,13.345940061983343,0.4830056770609091,0.35,0
234,88179,5,20.802184409322322,0.7528561583752117,0.35,0
235,176358,6,3.805154681442746,0.13771314007824256,0.35,1
236,146965,5,29.55036873712609,1.069463506728352,0.35,0
237,293930,6,5.406554999837611,0.19566975021132593,0.35,1
238,440895,6,8.428080198026572,0.30502239358675054,0.35,1
239,881790,7,1.536198411597958,0.055596874438794464,0.35,1
240,46189,4,85.98160655994529,3.111778106180057,0.35,0
241,92378,5,15.799509374021701,0.5718033114930271,0.35,0
242,138567,5,24.62633517771916,0.8912567897652807,0.35,0
243,277134,6,4.505860559577612,0.1630725314375046,0.35,1
244,230945,5,34.98221293953027,1.266048503700211,0.35,0
245,461890,6,6.402069261549778,0.2316986127544579,0.35,1
246,692835,6,9.979877602906717,0.3611838144176866,0.35,0
247,1385670,7,1.8194748368864668,0.06584899013513432,0.35,1
248,323323,5,41.225731680671934,1.4920089817783244,0.35,0
249,646646,6,7.546029737791631,0.2730999229500623,0.35,1
250,969969,6,11.763084875554158,0.4257202376343976,0.35,0
251,1939938,7,2.144915999768199,0.07762709857044378,0.35,1
252,1616615,6,16.7129319897231,0.6048611782967565,0.35,0
253,3233230,7,3.048084069113642,0.11031384096610541,0.35,1
254,4849845,7,4.7519653158072925,0.17197935957089588,0.35,1
255,9699690,8,0.8636995139359518,0.03125832774374205,0.35,1
256,23,1,403.6319572454882,14.6079276459604,0.35,0
257,46,2,75.1651711210786,2.7203182540998414,0.35,0
258,69,2,117.11552264152026,4.238552102368967,0.35,0
259,138,3,21.678197217755812,0.7845601191068147,0.35,0
260,115,2,166.25554365875936,6.01698876640203,0.35,0
261,230,3,30.78345918792657,1.114090538267539,0.35,0
262,345,3,47.97147231219213,1.736145476163306,0.35,0
263,690,4,8.835771384492206,0.3197772296369684,0.35,1
264,161,2,195.82382977090342,7.087100724555423,0.35,0
265,322,3,36.26722555928772,1.3125546611949361,0.35,0
266,483,3,56.516729784877015,2.045408656732437,0.35,0
267,966,4,10.411939250526194,0.37682064686795047,0.35,0
268,805,3,80.25199256792335,2.904416461165824,0.35,0
269,1610,4,14.788596580192396,0.5352171574892381,0.35,0
270,2415,4,23.04885011102274,0.8341657014526942,0.35,0
271,4830,5,4.227740119011856,0.15300701705065387,0.35,1
272,253,2,231.62459879500517,8.382773760810444,0.35,0
273,506,3,42.91379119403934,1.5531018927599705,0.35,0
274,759,3,66.87366316221286,2.420238574667151,0.35,0
275,1518,4,12.323987910407583,0.44601999537770004,0.35,0
276,1265,3,94.95675411382764,3.4365995275899377,0.35,0
277,2530,4,17.50409332114435,0.6334942616743797,0.35,0
278,3795,4,27.280856979210363,0.9873271373052397,0.35,0
279,7590,5,5.005433606106941,0.18115268288877828,0.35,1
280,1771,3,111.867443694415,4.04861779175893,0.35,0
281,3542,4,20.62589483295106,0.74647602585562,0.35,0
282,5313,4,32.146120852592006,1.1634069084063139,0.35,0
283,10626,5,5.89923313574895,0.21350036652638216,0.35,1
284,8855,4,45.65655763432614,1.6523659202738024,0.35,0
285,17710,5,8.380583962173029,0.3033034474915531,0.35,1
286,26565,5,13.063011874861758,0.4727661645240928,0.35,0
287,53130,6,2.3878688084919104,0.08641985391974413,0.35,1
288,299,2,243.67973257799667,8.819063600857001,0.35,0
289,598,3,45.15399124009647,1.6341774359568055,0.35,0
290,897,3,70.36433905809176,2.5465703479748925,0.35,0
291,1794,4,12.968944588144032,0.4693617558949995,0.35,0
292,1495,3,99.9125816552536,3.615956907132059,0.35,0
293,2990,4,18.420025903247424,0.6666429671912766,0.35,0
294,4485,4,28.708273900285487,1.038987078321761,0.35,0
295,8970,5,5.267929692494893,0.19065273304206887,0.35,1
296,2093,3,117.70514771355207,4.259891345300235,0.35,0
297,4186,4,21.705069634837482,0.7855326643113123,0.35,0
298,6279,4,33.82792851608013,1.2242735573959382,0.35,0
299,12558,5,6.208574051489401,0.22469578758746356,0.35,1
300,10465,4,48.04488877834736,1.7388025066743102,0.35,0
301,20930,5,8.81999092554206,0.31920611578330593,0.35,1
302,31395,5,13.747882320914444,0.4975524524857012,0.35,0
303,62790,6,2.5133144391373707,0.09095988268376054,0.35,1
304,3289,3,139.26600820190177,5.040204906564912,0.35,0
305,6578,4,25.689532734831275,0.9297351924508481,0.35,0
306,9867,4,40.037452870736566,1.4490037376018667,0.35,0
307,19734,5,7.350380253621063,0.2660191320031877,0.35,1
308,16445,4,56.86316621881909,2.057946609365044,0.35,0
309,32890,5,10.441906479362336,0.3779051970447395,0.35,0
310,49335,5,16.275860059970128,0.5890430176895464,0.35,0
311,98670,6,2.9762367882501324,0.10771360116454079,0.35,1
312,23023,4,67.00156758578322,2.424867590114453,0.35,0
313,46046,5,12.306062579416455,0.4453712560163887,0.35,0
314,69069,5,19.181427122748914,0.6941989962032685,0.35,0
315,138138,6,3.5081615711422387,0.12696460099767637,0.35,1
316,115115,5,27.24824470503758,0.98614685974561,0.35,0
317,230230,6,4.984609140011176,0.18039902032928062,0.35,1
318,345345,6,7.770356488789774,0.28121857879187717,0.35,1
319,690690,7,1.4161259297671318,0.05125130641483144,0.35,1
320,391,2,261.7063682086034,9.47146929932809,0.35,0
321,782,3,48.506272828522064,1.7555005522600644,0.35,0
322,1173,3,75.58775673156944,2.735612137330499,0.35,0
323,2346,4,13.934647365967523,0.5043117048589482,0.35,0
324,1955,3,107.32817887995925,3.884336320024287,0.35,0
325,3910,4,19.79142317911013,0.7162754896416369,0.35,0
326,5865,4,30.84546439557652,1.1163345815618422,0.35,0
327,11730,5,5.661162536087957,0.2048843042150349,0.35,1
328,2737,3,126.44008174683822,4.576019149503993,0.35,0
329,5474,4,23.320844698842087,0.8440095138358185,0.35,0
330,8211,4,36.345941737259594,1.3154034946724111,0.35,0
331,16422,5,6.671972951236322,0.2414667530108074,0.35,1
332,13685,4,51.620603143500226,1.8682119248116504,0.35,0
333,27370,5,9.478213715269115,0.34302799290342467,0.35,1
334,41055,5,14.773789040388667,0.534681254753628,0.35,0
335,82110,6,2.701316820522785,0.09776391575212354,0.35,1
336,4301,3,149.59874572863777,5.414159147466254,0.35,0
337,8602,4,27.601563664154565,0.9989338992703024,0.35,0
338,12903,4,43.01711960459142,1.5568414726371875,0.35,0
339,25806,5,7.898912371971788,0.2858711713487228,0.35,1
340,21505,4,61.094377375638544,2.211079247462891,0.35,0
341,43010,5,11.221042346733146,0.4061030643657434,0.35,0
342,64515,5,17.490211398347395,0.6329918581353027,0.35,0
343,129030,6,3.1988346845696762,0.11576968766911164,0.35,1
344,30107,4,71.98655240935109,2.605280206885035,0.35,0
345,60214,5,13.224193966075255,0.4785995389237302,0.35,0
346,90321,5,20.612406756618103,0.7459878760953789,0.35,0
347,180642,6,3.7705176480227838,0.13645958403792688,0.35,1
348,150535,5,29.280747808430917,1.0597055999335234,0.35,0
349,301070,6,5.3573355106807785,0.1938884374994168,0.35,1
350,451605,6,8.351348981167313,0.30224539824744234,0.35,1
351,903210,7,1.5222403263630764,0.055091714489174104,0.35,1
352,5083,3,157.40251608306355,5.696587014380196,0.35,0
353,10166,4,29.045250572338066,1.0511826707553074,0.35,0
354,15249,4,45.266945082964874,1.6382653718457654,0.35,0
355,30498,5,8.312994861221124,0.3008573163598686,0.35,1
356,25415,4,64.2892335498173,2.326704948039588,0.35,0
357,50830,5,11.809212193133902,0.427389640925221,0.35,0
358,76245,5,18.406931130690438,0.6661690515693368,0.35,0
359,152490,6,3.366842033574069,0.1218500763850951,0.35,1
360,35581,4,75.75059813795124,2.741505564348581,0.35,0
361,71162,5,13.917297710745062,0.503683799898445,0.35,0
362,106743,5,21.692669864738647,0.7850839016670796,0.35,0
363,213486,6,3.9685343123818195,0.14362604609259502,0.35,1
364,177905,5,30.815125042237216,1.1152365637501944,0.35,0
365,355810,6,5.638658334725848,0.20406985000910127,0.35,1
366,533715,6,8.789867301433398,0.31811590547286267,0.35,1
367,1067430,7,1.6023187607330418,0.05798984966970141,0.35,1
368,55913,4,89.64910466976492,3.2445092888038296,0.35,0
369,111826,5,16.475768327497534,0.5962779391457123,0.35,0
370,167739,5,25.680304253318184,0.9294012025677246,0.35,0
371,335478,6,4.699290898637079,0.17007300884468807,0.35,1
372,279565,5,36.479140466599915,1.32022411743483,0.35,0
373,559130,6,6.676859842883176,0.24164361551713137,0.35,1
374,838695,6,10.408199283666589,0.37668529295381487,0.35,0
375,1677390,7,1.8977751637175326,0.06868277345796373,0.35,1
376,391391,5,42.98958080378477,1.555844810201474,0.35,0
377,782782,6,7.8698820794717514,0.28482053002865587,0.35,1
378,1174173,6,12.267877416043106,0.4439892888710871,0.35,0
379,2348346,7,2.23721157422166,0.08096738679454618,0.35,1
380,1956955,6,17.43002901419493,0.6308137850232028,0.35,0
381,3913910,7,3.1792251903474567,0.11505999640797633,0.35,1
382,5870865,7,4.956398957260423,0.17937805977076943,0.35,1
383,11741730,8,0.9009469714554627,0.03260635818254617,0.35,1
384,437,2,268.70430539127756,9.724733091256503,0.35,0
385,874,3,49.80849573582186,1.802629570830757,0.35,0
386,1311,3,77.61680193382014,2.809045731902978,0.35,0
387,2622,4,14.30999120165844,0.5178958512470286,0.35,0
388,2185,3,110.20868558570272,3.9885853339734285,0.35,0
389,4370,4,20.324435025613855,0.7355658316187729,0.35,0
390,6555,4,31.676098878132333,1.1463962459162216,0.35,0
391,13110,5,5.8140719791853845,0.21041828149571087,0.35,1
392,3059,3,129.83298019965252,4.698812239146937,0.35,0
393,6118,4,23.948822900423124,0.8667368028109995,0.35,0
394,9177,4,37.32456328478495,1.350820989502568,0.35,0
395,18354,5,6.852163028562987,0.2479880493671983,0.35,1
396,15295,4,53.010258594746794,1.91850523266358,0.35,0
397,30590,5,9.734153602286646,0.35229076628931266,0.35,0
398,45885,5,15.172691644376053,0.5491180213976747,0.35,0
399,91770,6,2.7744502025673237,0.10041070110752899,0.35,1
400,4807,3,153.61211487952346,5.559407820472121,0.35,0
401,9614,4,28.344657263967008,1.0258273534316495,0.35,0
402,14421,4,44.17512167443613,1.598750965051029,0.35,0
403,28842,5,8.112199575667466,0.2935902926508568,0.35,1
404,24035,4,62.73872552351237,2.270590191375344,0.35,0
405,48070,5,11.523988210096144,0.417067040763574,0.35,0
406,72105,5,17.962372352321626,0.6500799328754013,0.35,0
407,144210,6,3.2854234859509406,0.11890344088865328,0.35,1
408,33649,4,73.9237892772508,2.6753911470407337,0.35,0
409,67298,5,13.581177203653324,0.4915191931080729,0.35,0
410,100947,5,21.168785195249686,0.7661238832410159,0.35,0
411,201894,6,3.872570237712228,0.14015299041843207,0.35,1
412,168245,5,30.070984077621603,1.0883052041926342,0.35,0
413,336490,6,5.502317251546638,0.199135501668981,0.35,1
414,504735,6,8.577338484449353,0.31042423110106293,0.35,1
415,1009470,7,1.563532351081013,0.056586122695975155,0.35,1
416,5681,3,161.62483841539668,5.849397955192625,0.35,0
417,11362,4,29.827147049965795,1.0794804478930835,0.35,0
418,17043,4,46.48541086740318,1.6823631190598882,0.35,0
419,34086,5,8.537447032439564,0.3089805113108163,0.35,1
420,28405,4,66.01942693767174,2.389322734787145,0.35,0
421,56810,5,12.128014403444437,0.4389274776549232,0.35,0
422,85215,5,18.903803498832897,0.6841514622105427,0.35,0
423,170430,6,3.457972791499161,0.1251482084933058,0.35,1
424,39767,4,77.7889589630626,2.815276302554716,0.35,0
425,79534,5,14.292963738239761,0.5172796067967336,0.35,0
426,119301,5,22.2781644187619,0.8062736561668049,0.35,0
427,238602,6,4.0759395233639,0.14751317029735933,0.35,1
428,198835,5,31.646710271050456,1.1453326367590146,0.35,0
429,397670,6,5.791243467002935,0.20959209008980262,0.35,1
430,596505,6,9.02770780889535,0.3267236404698456,0.35,1
431,1193010,7,1.6457804908974838,0.05956278213506685,0.35,1
432,62491,4,92.06094006475716,3.331796522412503,0.35,0
433,124982,5,16.920411474322556,0.612370111235896,0.35,0
434,187473,5,26.373296882398538,0.9544814421351601,0.35,0
435,374946,6,4.826452550163155,0.17467514247531132,0.35,1
436,312455,5,37.463390504574875,1.3558453141269624,0.35,0
437,624910,6,6.857509372079783,0.24818153999117362,0.35,1
438,937365,6,10.68978263174381,0.38687613414262984,0.35,0
439,1874730,7,1.9492433805294058,0.07054547033753013,0.35,1
440,437437,5,44.1493438713255,1.5978180352471512,0.35,0
441,874874,6,8.082786562785554,0.29252580021829316,0.35,1
442,1312311,6,12.599735669846705,0.4559996395711664,0.35,0
443,2624622,7,2.2978794623179613,0.08316303088029182,0.35,1
444,2187185,6,17.90146322655345,0.6478755581071788,0.35,0
445,4374370,7,3.2654277094064756,0.11817976960410065,0.35,1
446,6561555,7,5.090779114962522,0.1842414398513786,0.35,1
447,13123110,8,0.9254276997971251,0.03349234528519254,0.35,1
448,7429,3,173.61303645171537,6.283265309787342,0.35,0
449,14858,4,32.04658565051648,1.1598046093216032,0.35,0
450,22287,4,49.944089287397674,1.8075368651000103,0.35,0
451,44574,5,9.1744280232699,0.33203362209372306,0.35,1
452,37145,4,70.93073130771921,2.56706876702539,0.35,0
453,74290,5,13.032764485104138,0.4716714749854502,0.35,0
454,111435,5,20.313919229137444,0.7351852522535626,0.35,0
455,222870,6,3.71655097632643,0.13450646506089264,0.35,1
456,52003,4,83.57508124549551,3.0246830507945544,0.35,0
457,104006,5,15.359100685617022,0.5558643895633271,0.35,0
458,156009,5,23.939802938919442,0.8664103595186637,0.35,0
459,312018,6,4.380697836159613,0.15854274142746963,0.35,1
460,260015,5,34.006781902767386,1.2307464773049368,0.35,0
461,520030,6,6.224202256776157,0.22526139119730432,0.35,1
462,780045,6,9.70258147520424,0.35114813290815955,0.35,0
463,1560090,7,1.7690823316763862,0.06402522455663275,0.35,1
464,81719,4,98.9073169958879,3.579575165930819,0.35,0
465,163438,5,18.18232150482659,0.6580401581447515,0.35,0
466,245157,5,28.34004185103054,1.025660316067482,0.35,0
467,490314,6,5.187273204019239,0.1877336773858464,0.35,1
468,408595,5,40.25676807367212,1.4569410194712336,0.35,0
469,817190,6,7.3701065754544475,0.26673305139656156,0.35,1
470,1225785,6,11.488786171220612,0.4157930364939583,0.35,0
471,2451570,7,2.0952612961734713,0.07583003492279947,0.35,1
472,572033,5,47.44087025202197,1.7169423472617729,0.35,0
473,1144066,6,8.686912639401811,0.3143898520056516,0.35,1
474,1716099,6,13.541403530818382,0.4900797358883029,0.35,0
475,3432198,7,2.469998491121437,0.0893922262502832,0.35,1
476,2860165,6,19.239199361298493,0.6962898432373752,0.35,0
477,5720330,7,3.5099923684135077,0.127030859760376,0.35,1
478,8580495,7,5.472030104322378,0.19803937325964033,0.35,1
479,17160990,8,0.994871437455697,0.03600559795751378,0.35,1
480,96577,4,104.07704307885489,3.7666737918294753,0.35,0
481,193154,5,19.13497595434769,0.6925178723603844,0.35,0
482,289731,5,29.824807091088413,1.0793957619573895,0.35,0
483,579462,6,5.459614783375441,0.19759004781144765,0.35,1
484,482885,5,42.365611429331466,1.5332626055179994,0.35,0
485,965770,6,7.757010479629726,0.28073557061407395,0.35,1
486,1448655,6,12.091870442864591,0.4376193841020935,0.35,0
487,2897310,7,2.205455325341301,0.07981808982332235,0.35,1
488,676039,5,49.92581090215499,1.8068753482792603,0.35,0
489,1352078,6,9.14290541146582,0.33089278073024886,0.35,1
490,2028117,6,14.252175934582935,0.5158034469586408,0.35,0
491,4056234,7,2.599890938377871,0.0940931906739814,0.35,1
492,3380195,6,20.24893493158501,0.7328333921004475,0.35,0
493,6760390,7,3.694558741355182,0.13371053953649825,0.35,1
494,10140585,7,5.759751410869054,0.2084523545729083,0.35,1
495,20281170,8,1.0472706349482055,0.037901988151443376,0.35,1
496,1062347,5,59.09924896894988,2.1388731426534484,0.35,0
497,2124694,6,10.82579453098441,0.3917985689187443,0.35,0
498,3187041,6,16.875375724632796,0.6107402131043428,0.35,0
499,6374082,7,3.079160893066394,0.11143854872925199,0.35,1
500,5311735,6,23.975548490070533,0.8677040341534562,0.35,0
501,10623470,7,4.375569662821726,0.15835714664556233,0.35,1
502,15935205,7,6.821389356820411,0.24687431304838975,0.35,1
503,31870410,8,1.2405723266408948,0.04489780965516826,0.35,1
504,7436429,6,28.25819435966929,1.0226981565794973,0.35,0
505,14872858,7,5.157996048824148,0.18667410180692529,0.35,1
506,22309287,7,8.041133785609215,0.29101833594465737,0.35,1
507,44618574,8,1.4626126243476654,0.052933715993018736,0.35,1
508,37182145,7,11.426394676696013,0.4135350130114808,0.35,0
509,74364290,8,2.078737605778759,0.07523202262620769,0.35,1
510,111546435,8,3.24097792186086,0.11729490228620335,0.35,1
511,223092870,9,0.587756453499049,0.021271615371471854,0.35,1
512,29,1,421.93775737216714,15.27043664444711,0.35,0
513,58,2,78.59349809566345,2.8443935447016973,0.35,0
514,87,2,122.45640911689688,4.431845229429615,0.35,0
515,174,3,22.671596778206478,0.820512448059218,0.35,0
516,145,2,173.83528807919865,6.291308864404843,0.35,0
517,290,3,32.19377137580312,1.1651314383471796,0.35,0
518,435,3,50.16894322186239,1.815674600347699,0.35,0
519,870,4,9.24222762295521,0.3344873714286047,0.35,1
520,203,2,204.74961098813452,7.410135518665354,0.35,0
521,406,3,37.92845143678125,1.3726764305107968,0.35,0
522,609,3,59.10514088628124,2.139086378252185,0.35,0
523,1218,4,10.890821243795562,0.3941519641312602,0.35,0
524,1015,3,83.926567657342,3.0374037682219632,0.35,0
525,2030,4,15.468634683070352,0.5598285571195593,0.35,0
526,3045,4,24.10860335008397,0.87251945011131,0.35,0
527,6090,5,4.422850134995535,0.16006828399280112,0.35,1
528,319,2,242.17859037077827,8.764735452761418,0.35,0
529,638,3,44.878889823383126,1.624221183686608,0.35,0
530,957,3,69.93551300050902,2.53105061543285,0.35,0
531,1914,4,12.890668196546105,0.4665288388171431,0.35,0
532,1595,3,99.30334411666269,3.5939078653671963,0.35,0
533,3190,4,18.308795240964518,0.662617395287284,0.35,0
534,4785,4,28.53487034349753,1.0327113943338104,0.35,0
535,9570,5,5.236382543203285,0.18951100363730858,0.35,1
536,2233,3,116.98709764870287,4.233904246892378,0.35,0
537,4466,4,21.573951111857543,0.7807873267275213,0.35,0
538,6699,4,33.62352161778448,1.2168758250632083,0.35,0
539,13398,5,6.171381051501589,0.22334972803245234,0.35,1
540,11165,4,47.75443377737635,1.7282905896607343,0.35,0
541,22330,5,8.76713132255217,0.31729306295879717,0.35,1
542,33495,5,13.665469268055991,0.4945698246445989,0.35,0
543,66990,6,2.498363940317882,0.09041880608884345,0.35,1
544,377,2,254.78151589840974,9.220850537135416,0.35,0
545,754,3,47.22143406898432,1.7090006869765093,0.35,0
546,1131,3,73.58563819985352,2.66315305146046,0.35,0
547,2262,4,13.565221567712697,0.49094173938771696,0.35,0
548,1885,3,104.48548748424933,3.7814558877817306,0.35,0
549,3770,4,19.266749950042215,0.6972869322927573,0.35,0
550,5655,4,30.027767514911012,1.086741144633298,0.35,0
551,11310,5,5.5109686841630525,0.19944860745613655,0.35,1
552,2639,3,123.09133286537877,4.4548238861291996,0.35,0
553,5278,4,22.702628372184808,0.8216355188950056,0.35,0
554,7917,4,35.382465069091374,1.280534111303412,0.35,0
555,15834,5,6.494967330904623,0.23506070599614748,0.35,1
556,13195,4,50.25228006547204,1.818690661290941,0.35,0
557,26390,5,9.226769246828656,0.3339279141410257,0.35,1
558,39585,5,14.381868660177783,0.5204971832143771,0.35,0
559,79170,6,2.6296052332519646,0.0951685868654368,0.35,1
560,4147,3,145.6368942106086,5.270774959766246,0.35,0
561,8294,4,26.869909157762233,0.9724544397048159,0.35,0
562,12441,4,41.876862790084544,1.5155742024294443,0.35,0
563,24882,5,7.689366458080163,0.27828745183968057,0.35,1
564,20735,4,59.47501995881355,2.152472748266541,0.35,0
565,41470,5,10.923377351417349,0.3953302089556261,0.35,0
566,62205,5,17.026252074858572,0.6162006103004058,0.35,0
567,124410,6,3.1139191706267257,0.11269649274132813,0.35,1
568,29029,4,70.07855958941207,2.5362276441174894,0.35,0
569,58058,5,12.873401925440126,0.46590395162844533,0.35,0
570,87087,5,20.065643334838633,0.7261998480132652,0.35,0
571,174174,6,3.670429229482308,0.13283726338171425,0.35,1
572,145145,5,28.50408003150434,1.0315970557842504,0.35,0
573,290290,6,5.215130072964746,0.1887418510913577,0.35,1
574,435435,6,8.12967469932697,0.29422273846551505,0.35,1
575,870870,7,1.4818088030196555,0.05362844886559159,0.35,1
576,493,2,273.6267544408792,9.902882462897496,0.35,0
577,986,3,50.72678055134011,1.8358634065136838,0.35,0
578,1479,3,79.0475212828289,2.8608251917718706,0.35,0
579,2958,4,14.575218677321411,0.5274947536744918,0.35,0
580,2465,3,112.23953926011596,4.06208437933598,0.35,0
581,4930,4,20.701035285992358,0.7491954495325821,0.35,0
582,7395,4,32.26295036651786,1.1676351095081003,0.35,0
583,14790,5,5.9223054550822525,0.21433538160731241,0.35,1
584,3451,3,132.22485049520904,4.785376911712645,0.35,0
585,6902,4,24.392484112778813,0.8827934375077147,0.35,0
586,10353,4,38.01591016255754,1.375841667344041,0.35,0
587,20706,5,6.979697057047376,0.25260365976933685,0.35,1
588,17255,4,53.99187554992351,1.9540311349115735,0.35,0
589,34510,5,9.915284713231493,0.3588461197880087,0.35,0
590,51765,5,15.454984216681401,0.5593345302672154,0.35,0
591,103530,6,2.8262901926838104,0.10228685291165478,0.35,1
592,5423,3,156.44096879826722,5.661787457723854,0.35,0
593,10846,4,28.869578810903548,1.0448248977038712,0.35,0
594,16269,4,44.99308589784044,1.6283540774359266,0.35,0
595,32538,5,8.263141980673145,0.29905308044912116,0.35,1
596,27115,4,63.90009922196649,2.312621707097527,0.35,0
597,54230,5,11.738361663487243,0.4248254747530988,0.35,0
598,81345,5,18.296469946796304,0.6621713280168599,0.35,0
599,162690,6,3.346795148276384,0.12112455541308409,0.35,1
600,37961,4,75.29190560855855,2.7249049281481232,0.35,0
601,75922,5,13.833770018071077,0.5006608318972431,0.35,0
602,113883,5,21.56244459505763,0.7803708919981772,0.35,0
603,227766,6,3.944897396681082,0.14277059758775812,0.35,1
604,189805,5,30.63005395727307,1.1085386178368797,0.35,0
605,379610,6,5.605060834985191,0.20285391594717514,0.35,1
606,569415,6,8.737482053278766,0.31622002012230527,0.35,1
607,1138830,7,1.5928366886118008,0.05764668203642944,0.35,1
608,6409,3,164.60079768027964,5.957101512451585,0.35,0
609,12818,4,30.379450836697643,1.099468988469076,0.35,0
610,19227,4,47.34604011121284,1.7135103300224799,0.35,0
611,38454,5,8.696283800085663,0.31472900562015377,0.35,1
612,32045,4,67.24136860102895,2.4335462782541213,0.35,0
613,64090,5,12.353598211776482,0.4470916279187005,0.35,0
614,96135,5,19.25537095615753,0.6968751127716132,0.35,0
615,192270,6,3.5225611342308243,0.12748573856360892,0.35,1
616,44863,4,79.22841642190839,2.867372005163983,0.35,0
617,89726,5,14.558764118612915,0.5268992433370541,0.35,0
618,134589,5,22.692405934132584,0.8212655565251991,0.35,0
619,269178,6,4.152057219368666,0.1502679615765309,0.35,1
620,224315,5,32.235006663074614,1.1666237931573218,0.35,0
621,448630,6,5.899371027210937,0.21350535698480239,0.35,1
622,672945,6,9.196242681770071,0.3328231209113254,0.35,1
623,1345890,7,1.6766235558192082,0.06067902987677424,0.35,1
624,70499,4,93.76391243115812,3.393429147542641,0.35,0
625,140998,5,17.23498000150791,0.6237547258639821,0.35,0
626,211497,5,26.8635373532014,0.9722238364081046,0.35,0
627,422994,6,4.916562469357853,0.1779363291978951,0.35,1
628,352495,5,38.159606934106236,1.3810422269232836,0.35,0
629,704990,6,6.985511406675942,0.2528140880992987,0.35,1
630,1057485,6,10.889293521530528,0.3940966740187948,0.35,0
631,2114970,7,1.9857650513560148,0.07186723368002039,0.35,1
632,493493,5,44.969646856741015,1.6275057902517114,0.35,0
633,986986,6,8.233633104206092,0.29798511859772064,0.35,1
634,1480479,6,12.834851925798624,0.46450878061830564,0.35,0
635,2960958,7,2.340926607272021,0.08472095900656162,0.35,1
636,2467465,6,18.235438353009823,0.6599625209832574,0.35,0
637,4934930,7,3.3265884721263443,0.12039325141728674,0.35,1
638,7402395,7,5.1861179519740634,0.18769186742014413,0.35,1
639,14804790,8,0.9428194590078965,0.034121774039844885,0.35,1
640,551,2,280.9422789743796,10.167640124324752,0.35,0
641,1102,3,52.08843210945494,1.88514321967737,0.35,0
642,1653,3,81.1691506541052,2.937609519154301,0.35,0
643,3306,4,14.967770920080826,0.5417016930819217,0.35,0
644,2755,3,115.25144602545235,4.171088920018702,0.35,0
645,5510,4,21.258478454038936,0.7693699905206902,0.35,0
646,8265,4,33.13165312828773,1.1990745108289977,0.35,0
647,16530,5,6.08225190476171,0.22012403664862948,0.35,1
648,3857,3,135.77248856981058,4.9137702150117555,0.35,0
649,7714,4,25.049241105484793,0.9065622656646798,0.35,0
650,11571,4,39.039373772620735,1.4128820505339768,0.35,0
651,23142,5,7.168178254064081,0.25942502175324306,0.35,1
652,19285,4,55.44519218925275,2.006628417988146,0.35,0
653,38570,5,10.182998791219072,0.3685350153544939,0.35,0
654,57855,5,15.872235717364735,0.5744353656266005,0.35,0
655,115710,6,2.9027999487356926,0.10505583331707948,0.35,1
656,6061,3,160.63731380218044,5.81365824767067,0.35,0
657,12122,4,29.64671689001704,1.0729504626568613,0.35,0
658,18183,4,46.204134229343346,1.6721833780767477,0.35,0
659,36366,5,8.486240759996473,0.3071272945140772,0.35,1
660,30305,4,65.61975431190977,2.3748581001257945,0.35,0
661,60610,5,12.055240665619088,0.4362937082578379,0.35,0
662,90915,5,18.79034408582383,0.6800452291280576,0.35,0
663,181830,6,3.437380644536279,0.12440295384359577,0.35,1
664,42427,4,77.3178457131024,2.7982261454872805,0.35,0
665,84854,5,14.207168932869147,0.5141745892510318,0.35,0
666,127281,5,22.144404798088953,0.8014327340701605,0.35,0
667,254562,6,4.051659753353643,0.14663445611924814,0.35,1
668,212135,5,31.456616892195207,1.1384529279687499,0.35,0
669,424270,6,5.756732309872068,0.2083430896643,0.35,1
670,636405,6,8.973898068700361,0.3247762010332346,0.35,1
671,1272810,7,1.6360400898009695,0.0592102652644218,0.35,1
672,7163,3,169.01559680687464,6.116878420734211,0.35,0
673,14326,4,31.1971654644604,1.1290630676864877,0.35,0
674,21489,4,48.62031554401179,1.7596278957632685,0.35,0
675,42978,5,8.931060137803152,0.3232258446161671,0.35,1
676,35815,4,69.05079131993627,2.49903147010844,0.35,0
677,71630,5,12.68706137413695,0.4591600621962971,0.35,0
678,107445,5,19.775090632676736,0.7156843950756827,0.35,0
679,214890,6,3.6178978655582585,0.13093608992512537,0.35,1
680,50141,4,81.36010000878947,2.9445202067428315,0.35,0
681,100282,5,14.951703217022557,0.5411201835173329,0.35,0
682,150423,5,23.304818286505416,0.8434294986322749,0.35,0
683,300846,6,4.264418789901782,0.15433446241490723,0.35,1
684,250705,5,33.104815483220385,1.1981032240656622,0.35,0
685,501410,6,6.0589961091277695,0.21928238133895528,0.35,1
686,752115,6,9.445055503838162,0.341827957215571,0.35,1
687,1504230,7,1.722096940338981,0.062324766540974415,0.35,1
688,78793,4,96.2861366878842,3.4847114872775298,0.35,0
689,157586,5,17.70006254231652,0.640586624289209,0.35,0
690,236379,5,27.58838175454807,0.9984568300533817,0.35,0
691,472758,6,5.049590853606951,0.18275078696588581,0.35,1
692,393965,5,39.189086038998546,1.418300318130736,0.35,0
693,787930,6,7.174493835916578,0.2596535902822887,0.35,1
694,1181895,6,11.18386423367873,0.4047575435868177,0.35,0
695,2363790,7,2.0396150339487513,0.07381612953757137,0.35,1
696,551551,5,46.18269508092236,1.671407469422086,0.35,0
697,1103102,6,8.456356845726393,0.3060457595919801,0.35,1
698,1654653,6,13.182014038277693,0.4770729964329336,0.35,0
699,3309306,7,2.4044016161489665,0.08701819618106307,0.35,1
700,2757755,6,18.72860894699597,0.6778109599503518,0.35,0
701,5515510,7,3.4167789444666483,0.12365735345542356,0.35,1
702,8273265,7,5.326714307704597,0.19278021920926722,0.35,1
703,16546530,8,0.9684360045637704,0.03504886773820649,0.35,1
704,9367,3,181.5504074475619,6.570528345146931,0.35,0
705,18734,4,33.518294803374815,1.2130675396593436,0.35,0
706,28101,4,52.23744346597443,1.8905361205004811,0.35,0
707,56202,5,9.597345397246105,0.34733951224529636,0.35,1
708,46835,4,74.18703927853475,2.684918482283954,0.35,0
709,93670,5,13.63342581902418,0.4934101335532936,0.35,0
710,140505,5,21.250057715210616,0.7690652338201328,0.35,0
711,281010,6,3.888412028757332,0.14072632395462814,0.35,1
712,65569,4,87.41118216589354,3.1635161726072916,0.35,0
713,131138,5,16.06686936881033,0.5814793923612258,0.35,0
714,196707,5,25.042862857980783,0.9063314291900794,0.35,0
715,393414,6,4.583242693468133,0.16587308424971728,0.35,1
716,327845,5,35.57338593079128,1.2874437676964523,0.35,0
717,655690,6,6.5119336951539974,0.23567473919376947,0.35,1
718,983535,6,10.151067878292153,0.36737939708063605,0.35,0
719,1967070,7,1.8511066453159326,0.06699378345626246,0.35,1
720,103037,4,103.445932551441,3.743833140202234,0.35,0
721,206074,5,19.019990165075544,0.688356397878869,0.35,0
722,309111,5,29.645539174944048,1.0729078397270735,0.35,0
723,618222,6,5.427060848676234,0.1964118816277723,0.35,1
724,515185,5,42.11084959131073,1.524042467147005,0.35,0
725,1030370,6,7.710739428002085,0.27906096541459513,0.35,1
726,1545555,6,12.019725537994766,0.43500837292856015,0.35,0
727,3091110,7,2.192391044093757,0.07934527771866896,0.35,1
728,721259,5,49.62547674647689,1.7960058927344211,0.35,0
729,1442518,6,9.08834976828569,0.32891834616443105,0.35,1
730,2163777,6,14.16711418587896,0.512724959618376,0.35,0
731,4327554,7,2.5844857151327654,0.09353565705332831,0.35,1
732,3606295,6,20.128033510830456,0.7284578237764503,0.35,0
733,7212590,7,3.6726593364918134,0.13291797364573774,0.35,1
734,10818885,7,5.725603721219863,0.20721650847420928,0.35,1
735,21637770,8,1.041102068256153,0.03767874027847582,0.35,1
736,121771,4,108.85237145482891,3.939498688742937,0.35,0
737,243542,5,20.016451686700503,0.7244195429014222,0.35,0
738,365313,5,31.198572203364016,1.1291139792650975,0.35,0
739,730626,6,5.711971044047073,0.20672312543506666,0.35,1
740,608855,5,44.31663466738284,1.6038724910472268,0.35,0
741,1217710,6,8.115495738180897,0.2937095847501101,0.35,1
742,1826565,6,12.65063427849382,0.45784172164383263,0.35,0
743,3653130,7,2.3076858515370158,0.08351793594072773,0.35,1
744,852397,5,52.22462845276673,1.8900723297070126,0.35,0
745,1704794,6,9.56537969027557,0.3461826347330097,0.35,1
746,2557191,6,14.910674556244084,0.5396353067693354,0.35,0
747,5114382,7,2.7203899718570894,0.09845419611687305,0.35,1
748,4261985,6,21.18433952510309,0.766686813209769,0.35,0
749,8523970,7,3.8657665883134817,0.13990675813587541,0.35,1
750,12785955,7,6.026638215171942,0.21811131010636975,0.35,1
751,25571910,8,1.0959329948593375,0.039663137683592926,0.35,1
752,1339481,5,61.819792316111915,2.2373328896077043,0.35,0
753,2678962,6,11.325925112338616,0.4098988982281774,0.35,0
754,4018443,6,17.654908495209437,0.6389524448313585,0.35,0
755,8036886,7,3.2218461256959157,0.11660249949425891,0.35,1
756,6697405,6,25.082866734712805,0.9077792177667007,0.35,0
757,13394810,7,4.578297494385713,0.16569411152693328,0.35,1
758,20092215,7,7.137408641875715,0.2583114323546005,0.35,1
759,40184430,8,1.298206887765175,0.04698367397710081,0.35,1
760,9376367,6,29.56312047230642,1.0699250074136446,0.35,0
761,18752734,7,5.3969448298249185,0.19532194656077057,0.35,1
762,28129101,7,8.4136137158384,0.3044988341378443,0.35,1
763,56258202,8,1.5305550852185428,0.05539263564661454,0.35,1
764,46881835,7,11.955602052847574,0.43268766661524094,0.35,0
765,93763670,8,2.175287208018145,0.07872626924975096,0.35,1
766,140645505,8,3.3914973793882948,0.12274238310480631,0.35,1
767,281291010,9,0.6151227456218268,0.022262034509728086,0.35,1
768,667,2,292.8406322815423,10.598255889744426,0.35,0
769,1334,3,54.30431820765934,1.9653388117587283,0.35,0
770,2001,3,84.62173615888233,3.0625627552396226,0.35,0
771,4002,4,15.60688505675937,0.5648320049874095,0.35,0
772,3335,3,120.15267139023804,4.348470180892925,0.35,0
773,6670,4,22.16603029157113,0.8022153867774725,0.35,0
774,10005,4,34.545936292751705,1.2502591253436122,0.35,0
775,20010,5,6.3427591967013965,0.2295521099307099,0.35,1
776,4669,3,141.54537355221925,5.122697889388609,0.35,0
777,9338,4,26.118461778414353,0.945258652180529,0.35,0
778,14007,4,40.705582242352776,1.4731841458760673,0.35,0
779,28014,5,7.475155483942983,0.27053489817043913,0.35,1
780,23345,4,57.81114933214723,2.092255262286367,0.35,0
781,46690,5,10.61901275996346,0.3843148870760293,0.35,0
782,70035,5,16.551786771407038,0.5990291383717764,0.35,0
783,140070,6,3.0274523616078124,0.10956715457260342,0.35,1
784,7337,3,167.46557715810286,6.060781339042277,0.35,0
785,14674,4,30.91188538503227,1.1187384373287743,0.35,0
786,22011,4,48.17567558436127,1.7435358390207765,0.35,0
787,44022,5,8.849590178602423,0.3202773484726871,0.35,1
788,36685,4,68.41922137740039,2.4761741916934996,0.35,0
789,73370,5,12.571314357365388,0.4549710379729094,0.35,0
790,110055,5,19.59466523637116,0.7091545822414561,0.35,0
791,220110,6,3.5849624889716774,0.12974411889921222,0.35,1
792,51359,4,80.61585733107648,2.9175851660655274,0.35,0
793,102718,5,14.815281534592637,0.5361829181930603,0.35,0
794,154077,5,23.092166496538105,0.8357333737198039,0.35,0
795,308154,6,4.225594360954544,0.15292935947700467,0.35,1
796,256795,5,32.802702309757116,1.1871693837202142,0.35,0
797,513590,6,6.003827186363171,0.21728575144485432,0.35,1
798,770385,6,9.359050132722727,0.3387153190414481,0.35,1
799,1540770,7,1.7064472757668088,0.06175838629369681,0.35,1
800,8671,3,176.19923231089945,6.3768628590177325,0.35,0
801,17342,4,32.52837685731048,1.1772412145332818,0.35,0
802,26013,4,50.69476464958417,1.834704712391537,0.35,0
803,52026,5,9.313424418757629,0.3370640693907866,0.35,1
804,43355,4,71.99635944608323,2.605635135379751,0.35,0
805,86710,5,13.230138871052858,0.4788146922093312,0.35,0
806,130065,5,20.621495262115253,0.7463168000775589,0.35,0
807,260130,6,3.7732190644611427,0.13655735155896873,0.35,1
808,60697,4,84.83021054535101,3.0701076948780823,0.35,0
809,121394,5,15.591632310748608,0.5642799897018806,0.35,0
810,182091,5,24.302163368155245,0.8795246207584306,0.35,0
811,364182,6,4.447473892996368,0.16095944751142469,0.35,1
812,303485,5,34.521313952212175,1.2493680131246239,0.35,0
813,606970,6,6.319046270050482,0.22869391049785417,0.35,1
814,910455,6,9.850399963873548,0.3564978624041894,0.35,0
815,1820910,7,1.7962028656761917,0.06500674941183149,0.35,1
816,95381,4,100.39187628957797,3.633303158373135,0.35,0
817,190762,5,18.457462909209063,0.6679978576169532,0.35,0
818,286143,5,28.768797829896585,1.0411775123761944,0.35,0
819,572286,6,5.266310649862626,0.19059413793530555,0.35,1
820,476905,5,40.865566799375365,1.478974180068121,0.35,0
821,953810,6,7.482363984629826,0.27079578250969677,0.35,1
822,1430715,6,11.663742600242959,0.42212492080211694,0.35,0
823,2861430,7,2.127370165682896,0.07699209366014069,0.35,1
824,667667,5,48.15807928230336,1.7428990076136388,0.35,0
825,1335334,6,8.819189274340618,0.3191771030588728,0.35,1
826,2003001,6,13.747559252984384,0.4975407602674258,0.35,0
827,4006002,7,2.5078405217383435,0.0907617750070279,0.35,1
828,3338335,6,19.53199434814532,0.7068864471637513,0.35,0
829,6676670,7,3.563750926119793,0.12897644684095244,0.35,1
830,10015005,7,5.555824223556889,0.20107198355959796,0.35,1
831,20030010,8,1.01019218826058,0.036560074418611734,0.35,1
832,11339,3,189.26544427205422,6.849744838526714,0.35,0
833,22678,4,34.948333491856175,1.2648223656023119,0.35,0
834,34017,4,54.4658818199449,1.9711859938663927,0.35,0
835,68034,5,10.008180736631957,0.36220813898414006,0.35,0
836,56695,4,77.35122261766026,2.7994340959433215,0.35,0
837,113390,5,14.216935035369902,0.5145280362865134,0.35,0
838,170085,5,22.159471185128613,0.8019780047996224,0.35,0
839,340170,6,4.055327125771982,0.14676718275294554,0.35,1
840,79373,4,91.13880189839972,3.2984232293123843,0.35,0
841,158746,5,16.754434853863007,0.6063632170366849,0.35,0
842,238119,5,26.11444406214882,0.9451132461801978,0.35,0
843,476238,6,4.779960411931624,0.1729925358848249,0.35,1
844,396865,5,37.09530339377723,1.3425237973703685,0.35,0
845,793730,6,6.791390511460887,0.24578861863146387,0.35,1
846,1190595,6,10.586659529867795,0.3831439846341715,0.35,0
847,2381190,7,1.9307557581757715,0.06987638097322224,0.35,1
848,124729,4,107.8562839981875,3.903449081583569,0.35,0
849,249458,5,19.833760966656616,0.7178077452672562,0.35,0
850,374187,5,30.913801550969044,1.1188077856865037,0.35,0
851,748374,6,5.659953236269072,0.20484053819517584,0.35,1
852,623645,5,43.91207423144886,1.5892309606370183,0.35,0
853,1247290,6,8.041581093589999,0.2910345245603045,0.35,1
854,1870935,6,12.53540697146016,0.4536715063430585,0.35,0
855,3741870,7,2.2867093832515377,0.08275877223854426,0.35,1
856,873103,5,51.747827121027164,1.8728163140954615,0.35,0
857,1746206,6,9.478251709750557,0.34302936796956074,0.35,1
858,2619309,6,14.77484929642287,0.5347196266990496,0.35,0
859,5238618,7,2.6956600681150023,0.09755919105577412,0.35,1
860,4365515,6,20.99134350940021,0.7597020544890127,0.35,0
861,8731030,7,3.830620958314915,0.13863479537159284,0.35,1
862,13096545,7,5.971843872691896,0.21612823672481968,0.35,1
863,26193090,8,1.0859870986073443,0.03930318369527436,0.35,1
864,147407,4,113.49278076346233,4.107440701785602,0.35,0
865,294814,5,20.87278532139324,0.7554112905860232,0.35,0
866,442221,5,32.53316391691619,1.177414463997557,0.35,0
867,884442,6,5.9570720164047675,0.21559362541873903,0.35,1
868,737035,5,46.212049766246665,1.6724698509099487,0.35,0
869,1474070,6,8.463678643642007,0.3063107442946769,0.35,1
870,2211105,6,13.193343678397396,0.47748302978176166,0.35,0
871,4422210,7,2.406957827448657,0.08711070855289926,0.35,1
872,1031849,5,54.45794982608563,1.9708989254360954,0.35,0
873,2063698,6,9.97571663776196,0.36103322406754,0.35,0
874,3095547,6,15.550259375712514,0.5627826532530209,0.35,0
875,6191094,7,2.837402765320718,0.10268903032631793,0.35,1
876,5159245,6,22.09288789727983,0.7995682752579806,0.35,0
877,10318490,7,4.0320228805492135,0.1459237739941815,0.35,1
878,15477735,7,6.285807856047496,0.22749097218212813,0.35,1
879,30955470,8,1.1431791898147252,0.04137303449693044,0.35,1
880,1621477,5,64.46286859333499,2.332989009811652,0.35,0
881,3242954,6,11.811694506064182,0.42747947882588583,0.35,0
882,4864431,6,18.412062225255248,0.6663547520739719,0.35,0
883,9728862,7,3.360405032517113,0.12161711354850832,0.35,1
884,8107385,6,26.15840897008875,0.9467043892565058,0.35,0
885,16214770,7,4.775164744075636,0.17281897487758355,0.35,1
886,24322155,7,7.44429409778277,0.2694179873610003,0.35,1
887,48644310,8,1.3541648259236416,0.0490088592905096,0.35,1
888,11350339,6,30.830612537795922,1.115797074905165,0.35,0
889,22700678,7,5.628987955578085,0.20371986731728575,0.35,1
890,34051017,7,8.775331115755991,0.3175898233705611,0.35,1
891,68102034,8,1.5965215715351522,0.05778004239643536,0.35,1
892,56751695,7,12.469523999432091,0.4512871220761271,0.35,0
893,113503390,8,2.2690297601015774,0.0821189253405312,0.35,1
894,170255085,8,3.5376414781840793,0.1280315144106174,0.35,1
895,340510170,9,0.6416889122450721,0.02322349614054457,0.35,1
896,12673,3,194.34004042425084,7.033400597425587,0.35,0
897,25346,4,35.88874991017347,1.2988571706995138,0.35,0
898,38019,4,55.93134707167143,2.0242229498868753,0.35,0
899,76038,5,10.278305181472742,0.3719842686359345,0.35,0
900,63365,4,79.43207381827692,2.8747426121174526,0.35,0
901,126730,5,14.600596073715355,0.528413192276072,0.35,0
902,190095,5,22.75741935096569,0.8236184705402235,0.35,0
903,380190,6,4.165057893338179,0.15073847165702953,0.35,1
904,88711,4,93.59020439760032,3.387142444172939,0.35,0
905,177422,5,17.206516830419478,0.6227246093522175,0.35,0
906,266133,5,26.81902421182419,0.9706128521020795,0.35,0
907,532266,6,4.909284385005171,0.17767292654179542,0.35,1
908,443555,5,38.095995258018625,1.3787400435974948,0.35,0
909,887110,6,6.975109361742018,0.2524376255396893,0.35,1
910,1330665,6,10.873024897462354,0.3935078928803809,0.35,0
911,2661330,7,1.983110984921299,0.07177117981275358,0.35,1
912,139403,4,110.75670971638321,4.008418988632125,0.35,0
913,278806,5,20.368830237066998,0.7371725478985252,0.35,0
914,418209,5,31.747711635539673,1.1489879980308786,0.35,0
915,836418,6,5.81306023585472,0.2103816652835767,0.35,1
916,697015,5,45.09642946731352,1.6320942059327888,0.35,0
917,1394030,6,8.259083182527222,0.29890618764596005,0.35,1
918,2091045,6,12.874428033693265,0.4659410877244598,0.35,0
919,4182090,7,2.3487075685342416,0.08500256138490207,0.35,1
920,975821,5,53.14334183319822,1.9233216756713527,0.35,0
921,1951642,6,9.734582898494153,0.3523063030371478,0.35,0
922,2927463,6,15.174391208250457,0.549179530665366,0.35,0
923,5854926,7,2.7687386203163986,0.10020399205298622,0.35,1
924,4879105,6,21.55891206375585,0.7802430454272178,0.35,0
925,9758210,7,3.9344550626619434,0.1423926769175329,0.35,1
926,14637315,7,6.133707418843404,0.22198627380106067,0.35,1
927,29274630,8,1.1154880338033664,0.040370858142492506,0.35,1
928,164749,4,116.54451718194092,4.217886725682972,0.35,0
929,329498,5,21.435842883785803,0.7757890232811052,0.35,0
930,494247,5,33.410690811292696,1.2091732213266748,0.35,0
931,988494,6,6.118205739107769,0.2214252493036092,0.35,1
932,823745,5,47.45834332288693,1.7175747187833192,0.35,0
933,1647490,6,8.692582096841367,0.31459503651243365,0.35,1
934,2471235,6,13.550134933013727,0.4903957358710292,0.35,0
935,4942470,7,2.472212403217713,0.08947235040085248,0.35,1
936,1153243,5,55.926438088705645,2.024045287869059,0.35,0
937,2306486,6,10.24548334578604,0.37079640679221193,0.35,0
938,3459729,6,15.970741797287467,0.5780004195386308,0.35,0
939,6919458,7,2.9143193781143055,0.10547273536822996,0.35,1
940,5766215,6,22.69019998400768,0.8211857205279824,0.35,0
941,11532430,7,4.141309757849338,0.14987899797383827,0.35,1
942,17298645,7,6.456171061354646,0.2336566221808153,0.35,1
943,34597290,8,1.174232108217417,0.04249687708937052,0.35,1
944,1812239,5,66.20080500109684,2.3958870257941296,0.35,0
945,3624478,6,12.13105572192568,0.43903754664109934,0.35,0
946,5436717,6,18.909842950760396,0.6843700372643621,0.35,0
947,10873434,7,3.4514854566035202,0.12491342401435288,0.35,1
948,9061195,6,26.86551584652339,0.9722954404691232,0.35,0
949,18122390,7,4.904574559448252,0.17750247227095403,0.35,1
950,27183585,7,7.64602471336235,0.2767188617924301,0.35,1
951,54367170,8,1.39094389072601,0.05033993803161216,0.35,1
952,12685673,6,31.663920903768666,1.1459555103273131,0.35,0
953,25371346,7,5.781521372695334,0.20924023576394146,0.35,1
954,38057019,7,9.013106814212557,0.32619521285142594,0.35,1
955,76114038,8,1.6398791077338428,0.05934920395643635,0.35,1
956,63428365,7,12.807354165914106,0.4635136035030934,0.35,0
957,126856730,8,2.330643964600965,0.08434881775894308,0.35,1
958,190285095,8,3.633698018721177,0.13150791653611552,0.35,1
959,380570190,9,0.6591480822363165,0.02385536457269526,0.35,1
960,215441,4,125.20766916009617,4.531416650683144,0.35,0
961,430882,5,23.033866662068935,0.833623432352651,0.35,0
962,646323,5,35.901231126274155,1.2993088809728444,0.35,0
963,1292646,6,6.575434613696693,0.23797291407034285,0.35,1
964,1077205,5,50.99553309435593,1.8455898853827868,0.35,0
965,2154410,6,9.34211896093157,0.33810255950136014,0.35,1
966,3231615,6,14.56257201508069,0.5270370557056885,0.35,0
967,6463230,7,2.6573474573801104,0.09617261143665155,0.35,1
968,1508087,5,60.09429151370767,2.174884933190721,0.35,0
969,3016174,6,11.010979928504959,0.39850065194143053,0.35,0
970,4524261,6,17.163919544019556,0.6211829621499226,0.35,0
971,9048522,7,3.1325425583082467,0.11337049561669725,0.35,1
972,7540435,6,24.38517353390484,0.8825288588356743,0.35,0
973,15080870,7,4.451374617064631,0.16110061942294748,0.35,1
974,22621305,7,6.939521887099131,0.2511496718844995,0.35,1
975,45242610,8,1.262320925102702,0.0456849176802593,0.35,1
976,2369851,5,71.1334724184267,2.5744062124949902,0.35,0
977,4739702,6,13.037293800003578,0.4718353963577526,0.35,0
978,7109553,6,20.322382532335755,0.7354915494100377,0.35,0
979,14219106,7,3.7098960966154366,0.13426561693287478,0.35,1
980,11849255,6,28.872075011140947,1.04491523820294,0.35,0
981,23698510,7,5.271735435881007,0.19079046748807962,0.35,1
982,35547765,7,8.218376629985498,0.2974329683837787,0.35,1
983,71095530,8,1.495277245065034,0.054115888037270056,0.35,1
984,16588957,6,34.02862161712948,1.2315368829244204,0.35,0
985,33177914,7,6.21429150836386,0.22490270925172165,0.35,1
986,49766871,7,9.687731003143593,0.35061067640235977,0.35,0
987,99533742,8,1.7628747833402374,0.06380056589092131,0.35,1
988,82944785,7,13.765864419373708,0.49820324633019275,0.35,0
989,165889570,8,2.505431129928091,0.09067457620969993,0.35,1
990,248834355,8,3.906192408593367,0.141369817358706,0.35,1
991,497668710,9,0.7086693950009658,0.025647600645219613,0.35,1
992,2800733,5,74.8575704085042,2.7091858130914606,0.35,0
993,5601466,6,13.721348225732934,0.49659215155906566,0.35,0
994,8402199,6,21.38861395991854,0.7740797515292902,0.35,0
995,16804398,7,3.9049170574253718,0.14132366086081022,0.35,1
996,14003665,6,30.38670773764872,1.099731624472307,0.35,0
997,28007330,7,5.548832081093887,0.2008189294855677,0.35,1
998,42010995,7,8.650333350959148,0.31306600341210195,0.35,1
999,84021990,8,1.5740051963220427,0.05696514760414231,0.35,1
1000,19605131,6,35.81360922544723,1.2961377386375939,0.35,0
1001,39210262,7,6.540905938522372,0.2367232796457064,0.35,1
1002,58815393,7,10.19687687849231,0.3690372800813388,0.35,0
1003,117630786,8,1.8556855757145447,0.06715950047335716,0.35,1
1004,98025655,7,14.489268769578764,0.5243841227867647,0.35,0
1005,196051310,8,2.6373241303202937,0.09544794306569968,0.35,1
1006,294076965,8,4.1118154480535445,0.14881156330785011,0.35,1
1007,588153930,9,0.7460324208608826,0.026999813641733813,0.35,1
1008,30808063,6,42.40187666493371,1.5345750881602476,0.35,0
1009,61616126,7,7.746115785640587,0.28034127849061496,0.35,1
1010,92424189,7,12.075642206887474,0.4370320646574364,0.35,0
1011,184848378,8,2.1980845608701727,0.07955133296188738,0.35,1
1012,154040315,7,17.158688339101154,0.6209936385307754,0.35,0
1013,308080630,8,3.1239111677020563,0.11305811517407892,0.35,1
1014,462120945,8,4.870416166527398,0.17626623880793651,0.35,1
1015,924241890,9,0.8838476033441545,0.03198751141464837,0.35,1
1016,215656441,7,20.22588426622298,0.7319991607028702,0.35,0
1017,431312882,8,3.682877059937962,0.13328776538826073,0.35,1
1018,646969323,8,5.7418627944907,0.20780494395774138,0.35,1
1019,1293938646,9,1.0421310404365585,0.03771598002347433,0.35,1
1020,1078282205,8,8.160139305677712,0.29532528933480523,0.35,1
1021,2156564410,9,1.4812889607447755,0.05360963514630489,0.35,1
1022,3234846615,9,2.309630794447028,0.08358832577184733,0.35,1
1023,6469693230,10,0.41803561561526675,0.015129213425061601,0.35,1
1024,31,1,426.9034024247554,15.450149331566216,0.35,0
1025,62,2,79.52409073252647,2.8780728152924815,0.35,0
1026,93,2,123.90612494498936,4.484312194801978,0.35,0
1027,186,3,22.941395563411945,0.8302767916957959,0.35,0
1028,155,2,175.89264636040102,6.365767143473521,0.35,0
1029,310,3,32.576789426852706,1.1789933238505275,0.35,0
1030,465,3,50.76573160534082,1.8372730921650857,0.35,0
1031,930,4,9.352667151000476,0.3384843112297762,0.35,1
1032,217,2,207.1722578172632,7.497814031122936,0.35,0
1033,434,3,38.37960345365494,1.3890041664631105,0.35,0
1034,651,3,59.808084788067255,2.1645267663882857,0.35,0
1035,1302,4,11.020937278221577,0.3988610204444562,0.35,0
1036,1085,3,84.92445671277265,3.073518577415728,0.35,0
1037,2170,4,15.653401937428063,0.5665155070365566,0.35,0
1038,3255,4,24.39653578673124,0.8829400724777154,0.35,0
1039,6510,5,4.475884000316179,0.1619876435813641,0.35,1
1040,341,2,245.04305274942834,8.868403803150349,0.35,0
1041,682,3,45.41254867712902,1.6435349416366627,0.35,0
1042,1023,3,70.76700176195043,2.5611431971710643,0.35,0
1043,2046,4,13.044635178651305,0.47210108971077513,0.35,0
1044,1705,3,100.48368857862364,3.6366259559150884,0.35,0
1045,3410,4,18.5274273163652,0.6705299539467483,0.35,0
1046,5115,4,28.875572616292235,1.0450418207543635,0.35,0
1047,10230,5,5.299156344136424,0.1917828632500882,0.35,1
1048,2387,3,118.37734038530635,4.2842188093101266,0.35,0
1049,4774,4,21.831526476337448,0.7901092900165081,0.35,0
1050,7161,4,34.02490788724465,1.2314024785580653,0.35,0
1051,14322,5,6.245351788877635,0.22602681828784663,0.35,1
1052,11935,4,48.32437909025598,1.7489175983582548,0.35,0
1053,23870,5,8.872193945990904,0.32109540609327397,0.35,1
1054,35805,5,13.82921372009921,0.5004959339749857,0.35,0
1055,71610,6,2.528407502368293,0.09150611885677773,0.35,1
1056,403,2,257.7946066589358,9.329897928032926,0.35,0
1057,806,3,47.78287879954554,1.729320049341209,0.35,0
1058,1209,3,74.4604158130207,2.6948123089847105,0.35,0
1059,2418,4,13.72722808096751,0.4968049506159629,0.35,0
1060,2015,3,105.7272724743188,3.8263975851898517,0.35,0
1061,4030,4,19.496796452027,0.7056125928255187,0.35,0
1062,6045,4,30.38625585664699,1.0997152703535131,0.35,0
1063,12090,5,5.577027984537261,0.2018393732587122,0.35,1
1064,2821,3,124.55393203905682,4.5077571153262515,0.35,0
1065,5642,4,22.973649750191807,0.8314441096405268,0.35,0
1066,8463,4,35.80480289182126,1.295819026795964,0.35,0
1067,16926,5,6.572809206004639,0.23787789739755905,0.35,1
1068,14105,4,50.851970983213505,1.8403941993261588,0.35,0
1069,28210,5,9.3373294497782,0.33792922131261655,0.35,1
1070,42315,5,14.554180704950124,0.5267333640652182,0.35,0
1071,84630,6,2.661224344670349,0.09631292066641084,0.35,1
1072,4433,3,147.36682416488313,5.333383212534628,0.35,0
1073,8866,4,27.190589565689546,0.9840602506729256,0.35,0
1074,13299,4,42.37658003138547,1.53365957246352,0.35,0
1075,26598,5,7.781500691390231,0.28162190093309303,0.35,1
1076,22165,4,60.18457104321882,2.1781522583153476,0.35,0
1077,44330,5,11.054235116094388,0.4000661093817454,0.35,0
1078,66495,5,17.230196737576453,0.6235816137697388,0.35,0
1079,132990,6,3.1513537155924958,0.11405129410059421,0.35,1
1080,31031,4,70.9144556301594,2.5664797306126013,0.35,0
1081,62062,5,13.027594928138477,0.47148438248011093,0.35,0
1082,93093,5,20.305955006825947,0.7348970174366848,0.35,0
1083,186186,6,3.714547591877997,0.13443396015996886,0.35,1
1084,155155,5,28.84538247494498,1.0439492031047808,0.35,0
1085,310310,6,5.277804348006397,0.191010108742014,0.35,1
1086,465465,6,8.227365447361967,0.2977582845325651,0.35,1
1087,930930,7,1.4996727733952175,0.05427496751217407,0.35,1
1088,527,2,276.86193361957174,10.019967501670369,0.35,0
1089,1054,3,51.329778832427294,1.8576866420197928,0.35,0
1090,1581,3,79.98703556719192,2.8948273475525497,0.35,0
1091,3162,4,14.749256458294317,0.5337933910010935,0.35,0
1092,2635,3,113.57320227636552,4.110351253392282,0.35,0
1093,5270,4,20.94816304305457,0.7581393013006861,0.35,0
1094,7905,4,32.64805436836871,1.181572488088324,0.35,0
1095,15810,5,5.993284297942717,0.2169041915894939,0.35,1
1096,3689,3,133.79564776640754,4.842225960635162,0.35,0
1097,7378,4,24.683626375263856,0.8933302273448882,0.35,0
1098,11067,4,38.46959969906077,1.392261239194091,0.35,0
1099,22134,5,7.0633352396264995,0.2556306265335476,0.35,1
1100,18445,4,54.636075954228204,1.9773455249806877,0.35,0
1101,36890,5,10.03407626769697,0.3631453295047642,0.35,0
1102,55335,5,15.64012402840782,0.5660349634849978,0.35,0
1103,110670,6,2.860269558634055,0.10351660717255165,0.35,1
1104,5797,3,158.29884127677377,5.729026104848463,0.35,0
1105,11594,4,29.214061786241054,1.0572921523120955,0.35,0
1106,17391,4,45.52989111125121,1.6477817059393596,0.35,0
1107,34782,5,8.362135504922515,0.3026357755595926,0.35,1
1108,28985,4,64.66230237981794,2.3402067592262035,0.35,0
1109,57970,5,11.878960153329222,0.42991390377829064,0.35,0
1110,86955,5,18.515594439362253,0.6701017078477968,0.35,0
1111,173910,6,3.3870235957907444,0.12258047147733588,0.35,1
1112,40579,4,76.18982021028441,2.7574015412106143,0.35,0
1113,81158,5,13.999439340476465,0.5066566046090191,0.35,0
1114,121737,5,21.820640708368668,0.7897153209364981,0.35,0
1115,243474,6,3.9923081469653945,0.14448644985703896,0.35,1
1116,202895,5,30.996752809797915,1.1218098918511958,0.35,0
1117,405790,6,5.672411622201453,0.2052914222171637,0.35,1
1118,608685,6,8.842461553641392,0.3200193549323427,0.35,1
1119,1217370,7,1.6120367344667788,0.05834155486702164,0.35,1
1120,6851,3,166.55532342955675,6.027838158088991,0.35,0
1121,13702,4,30.74191002402717,1.1125868238834387,0.35,0
1122,20553,4,47.91085518380392,1.7339516691326542,0.35,0
1123,41106,5,8.800456345117807,0.31849913574292693,0.35,1
1124,34255,4,68.04333662859551,2.462570469007037,0.35,0
1125,68510,5,12.501551403884417,0.4524462324947378,0.35,0
1126,102765,5,19.48595700852958,0.7052203002840328,0.35,0
1127,205530,6,3.5648986581147555,0.12901798464696212,0.35,1
1128,47957,4,80.17317037124671,2.9015637907434777,0.35,0
1129,95914,5,14.733098685149072,0.5332086216913581,0.35,0
1130,143871,5,22.964105865452254,0.8310987049340011,0.35,0
1131,287742,6,4.201953367116645,0.15207376337946232,0.35,1
1132,239785,5,32.62088155825556,1.1805890712974951,0.35,0
1133,479570,6,5.970252114974571,0.21607062909205624,0.35,1
1134,719355,6,9.306724497385757,0.3368215911507041,0.35,1
1135,1438710,7,1.6968320142732605,0.06141039837630474,0.35,1
1136,75361,4,94.88167019934025,3.4338821501114736,0.35,0
1137,150722,5,17.441309173224724,0.6312220275916721,0.35,0
1138,226083,5,27.185097781136122,0.9838614963623128,0.35,0
1139,452166,6,4.975632782216424,0.18007415510779312,0.35,1
1140,376805,5,38.616287225532396,1.397570037803313,0.35,0
1141,753610,6,7.069423825134973,0.25585097979095817,0.35,1
1142,1130415,6,11.020086095276467,0.39883021510644356,0.35,0
1143,2260830,7,2.0096948962502137,0.072733283645883,0.35,1
1144,527527,5,45.507735837411985,1.6469798798415738,0.35,0
1145,1055054,6,8.332523703017447,0.30156408871237733,0.35,1
1146,1582581,6,12.988989834490004,0.4700872175513701,0.35,0
1147,3165162,7,2.3691326832589326,0.08574177093633324,0.35,1
1148,2637635,6,18.4543928328075,0.6678867478469348,0.35,0
1149,5275270,7,3.366664304346082,0.12184364414984614,0.35,1
1150,7912905,7,5.248590016705664,0.18995280683564716,0.35,1
1151,15825810,8,0.9542103042205404,0.03453402247485033,0.35,1
1152,589,2,284.26361393928346,10.287843244975592,0.35,0
1153,1178,3,52.707562904019426,1.9075503103153477,0.35,0
1154,1767,3,82.13379740997769,2.972521249409409,0.35,0
1155,3534,4,15.146482621530959,0.5481694852311997,0.35,0
1156,2945,3,116.6207771535261,4.2206466660871005,0.35,0
1157,5890,4,21.512241743390906,0.7785539902102884,0.35,0
1158,8835,4,33.52709629382039,1.2133860762204303,0.35,0
1159,17670,5,6.1551428897331135,0.22276204936142724,0.35,1
1160,4123,3,137.38528830827158,4.972139383914141,0.35,0
1161,8246,4,25.348199497571542,0.9173819306648417,0.35,0
1162,12369,4,39.50524192964509,1.429742381358153,0.35,0
1163,24738,5,7.2540693116089265,0.2625335227812898,0.35,1
1164,20615,4,56.10668180498686,2.030568525483948,0.35,0
1165,41230,5,10.304989569270104,0.3729500088337145,0.35,0
1166,61845,5,16.06236113157778,0.5813162338151252,0.35,0
1167,123690,6,2.9376971045252835,0.10631880349987426,0.35,1
1168,6479,3,162.54485121691746,5.8826943287743605,0.35,0
1169,12958,4,30.000445810308133,1.085752339171196,0.35,0
1170,19437,4,46.75534574880591,1.692132388182089,0.35,0
1171,38874,5,8.587900222236286,0.31080647313774407,0.35,1
1172,32395,4,66.4024087581335,2.403183309061795,0.35,0
1173,64790,5,12.199624886590346,0.4415191474613143,0.35,0
1174,97185,5,19.015368122574095,0.688189120582744,0.35,0
1175,194370,6,3.478695474144421,0.12589818738689487,0.35,1
1176,45353,4,78.2398491187414,2.831594561434366,0.35,0
1177,90706,5,14.377298422161417,0.520331780785086,0.35,0
1178,136059,5,22.40955142478607,0.8110287104759788,0.35,0
1179,272118,6,4.100350691233004,0.1483966399225565,0.35,1
1180,226765,5,31.833185383312863,1.1520813961146692,0.35,0
1181,453530,6,5.825901431586469,0.21084640365418822,0.35,1
1182,680295,6,9.081711562148621,0.3286781014731756,0.35,1
1183,1360590,7,1.6557598582054156,0.05992394748129356,0.35,1
1184,7657,3,171.02236550630496,6.189505801785773,0.35,0
1185,15314,4,31.56935216870345,1.1425329536773636,0.35,0
1186,22971,4,49.200287201202485,1.7806177699614523,0.35,0
1187,45942,5,9.038037866538264,0.3270974977225173,0.35,1
1188,38285,4,69.87427555920118,2.5288343585290276,0.35,0
1189,76570,5,12.838998003291854,0.4646588321663767,0.35,0
1190,114855,5,20.011884302243217,0.7242542437458781,0.35,0
1191,229710,6,3.661378646127771,0.13250971184764082,0.35,1
1192,53599,4,82.3301969259963,2.979629184914022,0.35,0
1193,107198,5,15.130730851169583,0.5475994096521869,0.35,0
1194,160797,5,23.58383164350802,0.8535273287425693,0.35,0
1195,321594,6,4.315662139266502,0.15618902107018542,0.35,1
1196,267995,5,33.501075272926876,1.2124443440714683,0.35,0
1197,535990,6,6.131790703848629,0.22191690557225968,0.35,1
1198,803985,6,9.558519634587347,0.3459343610387643,0.35,1
1199,1607970,7,1.7428523830014386,0.06307593105912147,0.35,1
1200,84227,4,97.43387089566814,3.526249373371877,0.35,0
1201,168454,5,17.911944901174046,0.648254902561248,0.35,0
1202,252681,5,27.91859588381779,1.010407677902409,0.35,0
1203,505362,6,5.110255777631697,0.18494632377830478,0.35,1
1204,421135,5,39.65805415805418,1.4352728403219368,0.35,0
1205,842270,6,7.260671134861361,0.26277245073204253,0.35,1
1206,1263405,6,11.318186727516167,0.4096188367425746,0.35,0
1207,2526810,7,2.064192484273273,0.07470561712550394,0.35,1
1208,589589,5,46.73526027440033,1.6914054706236934,0.35,0
1209,1179178,6,8.557916270150935,0.30972131772638417,0.35,1
1210,1768767,6,13.340311409089773,0.4828019693198902,0.35,0
1211,3537534,7,2.4333709404495867,0.08806663098841516,0.35,1
1212,2947945,6,18.95347106559416,0.6859489913917076,0.35,0
1213,5895890,7,3.457939069230807,0.12514698804371718,0.35,1
1214,8843835,7,5.390876488674888,0.19510232597112348,0.35,1
1215,17687670,8,0.9801357724146184,0.03547229645630419,0.35,1
1216,10013,3,183.70554425992162,6.648525347259797,0.35,0
1217,20026,4,33.9180993732811,1.2275369495385107,0.35,0
1218,30039,4,52.86044725440743,1.9130833794605873,0.35,0
1219,60078,5,9.712285557702533,0.35149933536490474,0.35,0
1220,50065,4,75.07161257699113,2.7169322574805004,0.35,0
1221,100130,5,13.796669454408107,0.49931811772438245,0.35,0
1222,150195,5,21.504471857278716,0.7782727886549933,0.35,0
1223,300390,6,3.9351372717281605,0.14241736688694645,0.35,1
1224,70091,4,88.4532339319277,3.201229283594473,0.35,0
1225,140182,5,16.259218429906433,0.5884407370140015,0.35,0
1226,210273,5,25.342635756464418,0.9171805721597116,0.35,0
1227,420546,6,4.638309315810724,0.16786601176808708,0.35,1
1228,350455,5,35.99912415056931,1.3028517476618615,0.35,0
1229,700910,6,6.590158759688947,0.238505798683274,0.35,1
1230,1051365,6,10.272995772070917,0.37179211470215295,0.35,0
1231,2102730,7,1.8734141237740096,0.067801118022889,0.35,1
1232,110143,4,104.67877864019322,3.7884513279839913,0.35,0
1233,220286,5,19.24763566361255,0.6965951631992637,0.35,0
1234,330429,5,30.000317656255564,1.085747701121374,0.35,0
1235,660858,6,5.492251237137736,0.19877120045960225,0.35,1
1236,550715,5,42.614698308869926,1.5422773602928372,0.35,0
1237,1101430,6,7.803344467412879,0.2824124535489736,0.35,1
1238,1652145,6,12.164066020704157,0.4402322291915552,0.35,0
1239,3304290,7,2.2188060581951796,0.080301268957306,0.35,1
1240,771001,5,50.21913496947715,1.8174911002665464,0.35,0
1241,1542002,6,9.19748339741263,0.3328680239077566,0.35,1
1242,2313003,6,14.337216302999746,0.5188811605205109,0.35,0
1243,4626006,7,2.615620753555601,0.0946624716684019,0.35,1
1244,3855005,6,20.36966196630494,0.7372026491833982,0.35,0
1245,7710010,7,3.716896166670727,0.13451895791603719,0.35,1
1246,11565015,7,5.794561672285695,0.2097121799434797,0.35,1
1247,23130030,8,1.0536782652265138,0.0381338880241055,0.35,1
1248,130169,4,110.14950070953586,3.9864433618791457,0.35,0
1249,260338,5,20.255999632937932,0.7330890721682699,0.35,0
1250,390507,5,31.571898893244832,1.142625122711968,0.35,0
1251,781014,6,5.780577775241798,0.20920608583334074,0.35,1
1252,650845,5,44.84682159040507,1.6230605956343782,0.35,0
1253,1301690,6,8.21295323198632,0.29723668906509476,0.35,1
1254,1952535,6,12.80253762701503,0.46333928714761496,0.35,0
1255,3905070,7,2.335487818103099,0.08452412266287013,0.35,1
1256,911183,5,52.84931618802165,1.9126805327348337,0.35,0
1257,1822366,6,9.680231318728834,0.35033925377258096,0.35,0
1258,2733549,6,15.08968849439116,0.5461140372294224,0.35,0
1259,5467098,7,2.7531596563631995,0.09964017054643255,0.35,1
1260,4555915,6,21.43862562590891,0.7758897340768239,0.35,0
1261,9111830,7,3.91232568919425,0.14159178818544996,0.35,1
1262,13667745,7,6.099215992295983,0.22073798744918435,0.35,1
1263,27335490,8,1.109170598787105,0.04014222254521378,0.35,1
1264,1431859,5,62.559060181741856,2.2640878858319944,0.35,0
1265,2863718,6,11.461884620702946,0.414819436915253,0.35,0
1266,4295577,6,17.866820520325483,0.6466217967610953,0.35,0
1267,8591154,7,3.260648498000408,0.11800680417564195,0.35,1
1268,7159295,6,25.383879387844853,0.9186732289532262,0.35,0
1269,14318590,7,4.633427087272162,0.16768931802527975,0.35,1
1270,21477885,7,7.223345723928967,0.26142159906515,0.35,1
1271,42955770,8,1.3138848913933057,0.047551079849013834,0.35,1
1272,10023013,6,29.917844807985794,1.0827629092121736,0.35,0
1273,20046026,7,5.461923359510746,0.19767359796783235,0.35,1
1274,30069039,7,8.514903004512286,0.30816461573342546,0.35,1
1275,60138078,8,1.5490368485823707,0.056061512967010556,0.35,1
1276,50115065,7,12.099507942220407,0.4378957944209077,0.35,0
1277,100230130,8,2.2015502832741265,0.07967676163820785,0.35,1
1278,150345195,8,3.432440768449702,0.12422417376645524,0.35,1
1279,300690390,9,0.6225689318167269,0.022531520974367194,0.35,1
1280,713,2,296.3020195869183,10.723527673615655,0.35,0
1281,1426,3,54.94969026438031,1.9886956053427673,0.35,0
1282,2139,3,85.62726286959182,3.0989539803952444,0.35,0
1283,4278,4,15.793203374494158,0.5715750897598858,0.35,0
1284,3565,3,121.5800177224991,4.400127567215077,0.35,0
1285,7130,4,22.430592355464924,0.8117902071499734,0.35,0
1286,10695,4,34.95820533397352,1.2651796394821269,0.35,0
1287,21390,5,6.418763446306609,0.23230279544777166,0.35,1
1288,4991,3,143.22648978145213,5.183539514538095,0.35,0
1289,9982,4,26.43013999579958,0.9565386630088494,0.35,0
1290,14973,4,41.19126936607777,1.4907617490231695,0.35,0
1291,29946,5,7.564714504225636,0.27377614719655724,0.35,1
1292,24955,4,58.50077391332894,2.1172136081357054,0.35,0
1293,49910,5,10.746212154177318,0.38891838666007217,0.35,0
1294,74865,5,16.750029077585253,0.6062037666761909,0.35,0
1295,149730,6,3.063844356868887,0.11088422479988126,0.35,1
1296,7843,3,169.45389087343855,6.132740811947515,0.35,0
1297,15686,4,31.280660495282586,1.1320848536158556,0.35,0
1298,23529,4,48.7503305429955,1.7643332954818753,0.35,0
1299,47058,5,8.955589999763568,0.3241136099237718,0.35,1
1300,39215,4,69.23515538023419,2.505703827945829,0.35,0
1301,78430,5,12.72186190530568,0.4604195354174539,0.35,0
1302,117645,5,19.8292938492366,0.7176460748967955,0.35,0
1303,235290,6,3.628046706958553,0.13130338874328032,0.35,1
1304,54901,4,81.57705860976677,2.9523722003433224,0.35,0
1305,109802,5,14.992672222486327,0.5426029012674979,0.35,0
1306,164703,5,23.368628482758428,0.8457388666424288,0.35,0
1307,329406,6,4.276370303400976,0.1547670021118316,0.35,1
1308,274505,5,33.19533808139026,1.201379346138389,0.35,0
1309,549010,6,6.075957715782863,0.21989624235349867,0.35,1
1310,823515,6,9.471479120057841,0.342784259775249,0.35,1
1311,1647030,7,1.7270137864427713,0.06250271313524472,0.35,1
1312,9269,3,178.29096896860432,6.45256533302073,0.35,0
1313,18538,4,32.91639322348432,1.1912839950930694,0.35,0
1314,27807,4,51.299400358174566,1.8565872083750763,0.35,0
1315,55614,5,9.424969158749649,0.34110100814610883,0.35,1
1316,46345,4,72.85485569204177,2.636705150575955,0.35,0
1317,92690,5,13.388560627968484,0.4845481667794874,0.35,0
1318,139035,5,20.868394943163782,0.7552523974994796,0.35,0
1319,278070,6,3.8185618467749327,0.13819836157172033,0.35,1
1320,64883,4,85.84154559940319,3.106709130988931,0.35,0
1321,129766,5,15.778300222227495,0.5710357266938545,0.35,0
1322,194649,5,24.593082767166553,0.8900533448975324,0.35,0
1323,389298,6,4.500911369193629,0.16289341426470025,0.35,1
1324,324415,5,34.934479640615024,1.2643209780067168,0.35,0
1325,648830,6,6.394957243098168,0.23144122022373056,0.35,1
1326,973245,6,9.968721100340279,0.360780047125858,0.35,0
1327,1946490,7,1.8178494581051414,0.06579016571548996,0.35,1
1328,101959,4,101.58838658550651,3.676606309961651,0.35,0
1329,203918,5,18.678385551798048,0.6759933146672765,0.35,0
1330,305877,5,29.11309952131942,1.053638206100769,0.35,0
1331,611754,6,5.3295725801594305,0.1928836635388431,0.35,1
1332,509795,5,41.35453807657589,1.4966706406929022,0.35,0
1333,1019590,6,7.572229822780954,0.27404813564475056,0.35,1
1334,1529385,6,11.80381378416207,0.4271942659895941,0.35,0
1335,3058770,7,2.153002674939113,0.07791976510408312,0.35,1
1336,713713,5,48.73420960992224,1.7637498594588046,0.35,0
1337,1427426,6,8.925095021288024,0.32300995985063125,0.35,1
1338,2141139,6,13.912630446176008,0.503514885961118,0.35,0
1339,4282278,7,2.538053288317291,0.09185521149105022,0.35,1
1340,3568565,6,19.766477048239455,0.7153726590598061,0.35,0
1341,7137130,7,3.6066774879643346,0.13053001091896604,0.35,1
1342,10705695,7,5.6227397692896135,0.2034937379150369,0.35,1
1343,21411390,8,1.0223953890119126,0.037001722980933516,0.35,1
1344,12121,3,191.51181258978716,6.931043618919523,0.35,0
1345,24242,4,35.36513942316033,1.27990707526814,0.35,0
1346,36363,4,55.115375071323534,1.9946919384586548,0.35,0
1347,72726,5,10.128027102496938,0.36654552359841674,0.35,0
1348,60605,4,78.27339867755927,2.83280876045644,0.35,0
1349,121210,5,14.387145369526033,0.5206881536937564,0.35,0
1350,181815,5,22.42474171620061,0.8115784654542986,0.35,0
1351,363630,6,4.104053047195109,0.1485306326529218,0.35,1
1352,84847,4,92.22514276956026,3.3377392164633006,0.35,0
1353,169694,5,16.954991463235746,0.6136216027666689,0.35,0
1354,254541,5,26.427006910075974,0.9564252728554251,0.35,0
1355,509082,6,4.837384553842973,0.17507078488150227,0.35,1
1356,424235,5,37.53920239095564,1.3585890377867826,0.35,0
1357,848470,6,6.87296399046304,0.2487408612814877,0.35,1
1358,1272705,6,10.713806036768554,0.3877455701625276,0.35,0
1359,2545410,7,1.9540209120144025,0.07071837496761789,0.35,1
1360,133331,4,109.14151393964408,3.9499631042128556,0.35,0
1361,266662,5,20.07111782492265,0.7263979764161588,0.35,0
1362,399993,5,31.283713236481326,1.1321953360039634,0.35,0
1363,799986,6,5.727933990000064,0.207300843713592,0.35,1
1364,666655,5,44.43741056930626,1.6082435166932458,0.35,0
1365,1333310,6,8.138149258994073,0.2945294430071803,0.35,1
1366,1999965,6,12.68592405878207,0.4591189013810631,0.35,0
1367,3999930,7,2.314258205217362,0.08375579735210198,0.35,1
1368,933317,5,52.366799029301745,1.8952176544468595,0.35,0
1369,1866634,6,9.592055175761626,0.34714805274540006,0.35,1
1370,2799951,6,14.952229395592104,0.5411392265547704,0.35,0
1371,5599902,7,2.7281313485370657,0.0987343658814104,0.35,1
1372,4666585,6,21.243308472607566,0.768820970585172,0.35,0
1373,9333170,7,3.876756039276888,0.14030447962858822,0.35,1
1374,13999755,7,6.04376063242537,0.21873099105053714,0.35,1
1375,27999510,8,1.0991043833116168,0.03977791405899264,0.35,1
1376,157573,4,114.84501930806134,4.156379846630288,0.35,0
1377,315146,5,21.12255143479328,0.764450627654028,0.35,0
1378,472719,5,32.922413503029276,1.1915018762752267,0.35,0
1379,945438,6,6.028615105228765,0.21818285614328703,0.35,1
1380,787865,5,46.764845424322296,1.6924761929034757,0.35,0
1381,1575730,6,8.565306587991994,0.3099887822478744,0.35,1
1382,2363595,6,13.351746727200153,0.4832158272827357,0.35,0
1383,4727190,7,2.4359530479787415,0.08816008057604789,0.35,1
1384,1103011,5,55.10927182541747,1.994471054623763,0.35,0
1385,2206022,6,10.095482372465058,0.36536769054276036,0.35,0
1386,3309033,6,15.73693196407679,0.5695385595071211,0.35,0
1387,6618066,7,2.8715787452147348,0.1039259002831186,0.35,1
1388,5515055,6,22.358051076135325,0.8091648507063861,0.35,0
1389,11030110,7,4.080579737871055,0.14768110526030143,0.35,1
1390,16545165,7,6.361499531602844,0.23023034526710304,0.35,1
1391,33090330,8,1.1569863015955,0.04187273053504809,0.35,1
1392,1733303,5,65.23364830893243,2.3608844579155623,0.35,0
1393,3466606,6,11.953470026730432,0.43261050601707857,0.35,0
1394,5199909,6,18.63303843963446,0.6743521479520354,0.35,0
1395,10399818,7,3.400872281237385,0.12308167211659336,0.35,1
1396,8666515,6,26.47229467979949,0.9580642918961441,0.35,0
1397,17333030,7,4.83265939401106,0.17489977564474302,0.35,1
1398,25999545,7,7.533917558600216,0.2726615685678411,0.35,1
1399,51999090,8,1.3705172166543869,0.049600672045533645,0.35,1
1400,12133121,6,31.200504791461356,1.1291839219606363,0.35,0
1401,24266242,7,5.696753713535688,0.2061723918792006,0.35,1
1402,36399363,7,8.88096479126834,0.32141283356874206,0.35,1
1403,72798726,8,1.6157982375418691,0.05847768820278613,0.35,1
1404,60665605,7,12.619601173178856,0.45671859611094834,0.35,0
1405,121331210,8,2.296422257218667,0.08311029286915643,0.35,1
1406,181996815,8,3.5803454677745656,0.1295770233301509,0.35,1
1407,363993630,9,0.6494560861057583,0.023504599536184504,0.35,1
1408,13547,3,196.64642886073452,7.11687157834978,0.35,0
1409,27094,4,36.31673815270891,1.314346581703898,0.35,0
1410,40641,4,56.59826335995455,2.048359455211272,0.35,0
1411,81282,5,10.401377865421395,0.37643841759526137,0.35,0
1412,67735,4,80.37898280696015,2.9090123911715957,0.35,0
1413,135470,5,14.775387751503581,0.5347391140382417,0.35,0
1414,203205,5,23.02982915008357,0.8334773099213293,0.35,0
1415,406410,6,4.215099244514588,0.1525495285472709,0.35,1
1416,94829,4,94.70567636669288,3.427512720914161,0.35,0
1417,189658,5,17.41247081775812,0.6301783327044795,0.35,0
1418,284487,5,27.139997925198244,0.9822292781482751,0.35,0
1419,568974,6,4.968258587823414,0.17980727411334593,0.35,1
1420,474145,5,38.55183718154946,1.3952375129316286,0.35,0
1421,948290,6,7.058884431189195,0.25546954640485353,0.35,1
1422,1422435,6,11.003602671973624,0.3982336601245019,0.35,0
1423,2844870,7,2.0070057156671792,0.0726359589552119,0.35,1
1424,149017,4,112.07639556432369,4.056180012099323,0.35,0
1425,298034,5,20.612573476313575,0.7459939098823596,0.35,0
1426,447051,5,32.12757527067562,1.162735721415483,0.35,0
1427,894102,6,5.882875664865132,0.21290836991448756,0.35,1
1428,745085,5,45.63589671424527,1.6516181766419553,0.35,0
1429,1490170,6,8.35825714103489,0.3024954128899919,0.35,1
1430,2235255,6,13.029006317845681,0.4715354623769154,0.35,0
1431,4470510,7,2.377001764229412,0.08602656247326068,0.35,1
1432,1043119,5,53.77896092658704,1.9463254977422786,0.35,0
1433,2086238,6,9.851456849094953,0.3565361123558279,0.35,0
1434,3129357,6,15.35655670901712,0.5557723199800414,0.35,0
1435,6258714,7,2.8020883617816192,0.10141095944392334,0.35,1
1436,5215595,6,21.81767352525464,0.7896079349987298,0.35,0
1437,10431190,7,3.981838085739128,0.14410752570572588,0.35,1
1438,15646785,7,6.207569358049528,0.2246594265193851,0.35,1
1439,31293570,8,1.1289609894771147,0.04085846066782884,0.35,1
1440,176111,4,117.933004519143,4.2681377580779225,0.35,0
1441,352222,5,21.692328697653174,0.7850715544185273,0.35,0
1442,528333,5,33.81041171859773,1.2236396033553363,0.35,0
1443,1056666,6,6.191679501952846,0.2240843534509663,0.35,1
1444,880555,5,48.026007242841565,1.7381191611176414,0.35,0
1445,1761110,6,8.796952163946553,0.3183723151974049,0.35,1
1446,2641665,6,13.71281163663798,0.4962832020975479,0.35,0
1447,5283330,7,2.5019920807427054,0.09055011286934936,0.35,1
1448,1232777,5,56.595275820552686,2.0482513325548806,0.35,0
1449,2465554,6,10.368480189650546,0.37524781100736787,0.35,0
1450,3698331,6,16.162450105144387,0.5849385745584034,0.35,0
1451,7396662,7,2.949419876469191,0.1067430647638617,0.35,1
1452,6163885,6,22.96251513019753,0.8310411343053932,0.35,0
1453,12327770,7,4.191179978999272,0.15168386146189755,0.35,1
1454,18491655,7,6.533909883312173,0.23647008396463307,0.35,1
1455,36983310,8,1.1884135735101131,0.04301012143286389,0.35,1
1456,1937221,5,66.9923084060635,2.424532489226184,0.35,0
1457,3874442,6,12.276655412867939,0.44430697516968615,0.35,0
1458,5811663,6,19.13677912173769,0.6925831311643363,0.35,0
1459,11623326,7,3.4930472292472334,0.1264175947241264,0.35,1
1460,9686105,6,27.18786602736447,0.9839616825341062,0.35,0
1461,19372210,7,4.9636240589759595,0.17963954492129003,0.35,1
1462,29058315,7,7.738071705761192,0.28005015353198076,0.35,1
1463,58116630,8,1.4077395788795186,0.05094779425534854,0.35,1
1464,13560547,6,32.0437866525251,1.1597033102063938,0.35,0
1465,27121094,7,5.851119538493963,0.21175907737701913,0.35,1
1466,40681641,7,9.121596633517115,0.33012159034031346,0.35,1
1467,81363282,8,1.6596782931158955,0.0600657603695701,0.35,1
1468,67802735,7,12.961488579694874,0.4690919139511251,0.35,0
1469,135605470,8,2.3587788785017016,0.08536705424693583,0.35,1
1470,203408205,8,3.677559330222392,0.13309531033228364,0.35,1
1471,406816410,9,0.667126228383576,0.02414410330999297,0.35,1
1472,230299,4,126.69908065374644,4.585392632511427,0.35,0
1473,460598,5,23.30942736483041,0.8435963067392086,0.35,0
1474,690897,5,36.33067667541786,1.3148510336620964,0.35,0
1475,1381794,6,6.654387706847425,0.24083032179405586,0.35,1
1476,1151495,5,51.60540366117836,1.8676618372033025,0.35,0
1477,2302990,6,9.454271367727955,0.34216149045168004,0.35,1
1478,3454485,6,14.73737773004627,0.5333634854902471,0.35,0
1479,6908970,7,2.6893530575910867,0.09733093273345393,0.35,1
1480,1612093,5,60.812851797736045,2.2008904970464176,0.35,0
1481,3224186,6,11.143146971792916,0.4032839367405495,0.35,0
1482,4836279,6,17.36991979784376,0.6286383599421327,0.35,0
1483,9672558,7,3.170266428844075,0.11473576801750918,0.35,1
1484,8060465,6,24.67778700515476,0.8931188934935406,0.35,0
1485,16120930,7,4.504971616908815,0.16304035952952237,0.35,1
1486,24181395,7,7.023069688332055,0.25417336763871684,0.35,1
1487,48362790,8,1.2775644699038051,0.0462365999629063,0.35,1
1488,2533289,5,71.98380583825609,2.605180805162475,0.35,0
1489,5066578,6,13.193747001491264,0.47749762653126926,0.35,0
1490,7599867,6,20.56623396877824,0.744316827180967,0.35,0
1491,15199734,7,3.754563678082705,0.13588219061214135,0.35,1
1492,12666445,6,29.218448921985722,1.0574509280492013,0.35,0
1493,25332890,7,5.335197002546829,0.19308721817273813,0.35,1
1494,37999335,7,8.317300713897358,0.30101315036463333,0.35,1
1495,75998670,8,1.5133306269535787,0.05476926171509398,0.35,1
1496,17733023,6,34.4367942424417,1.2463091428275086,0.35,0
1497,35466046,7,6.289089386606069,0.22760973473327686,0.35,1
1498,53199069,7,9.804325573111088,0.3548303745987569,0.35,0
1499,106398138,8,1.7841564360939657,0.0645707745873151,0.35,1
1500,88665115,7,13.931511995560218,0.5041982320200635,0.35,0
1501,177330230,8,2.535672412280213,0.09176904471396699,0.35,1
1502,265995345,8,3.9533372643439515,0.14307604658392295,0.35,1
1503,531990690,9,0.7172460155350769,0.025957998892831496,0.35,1
1504,2993887,5,75.75232858702879,2.741568191389047,0.35,0
1505,5987774,6,13.88599539085166,0.5025509311650721,0.35,0
1506,8981661,6,21.645235823461412,0.7833672064686568,0.35,0
1507,17963322,7,3.9519289325858344,0.14302507735798634,0.35,1
1508,14969435,6,30.751218926235538,1.1129237242885779,0.35,0
1509,29938870,7,5.615623951392516,0.20323620787779206,0.35,1
1510,44908305,7,8.754448410605491,0.31683405306938817,0.35,1
1511,89816610,8,1.5930077393270583,0.05765287256824294,0.35,1
1512,20957209,6,36.243152992152886,1.3116834459389441,0.35,0
1513,41914418,7,6.61962868087655,0.239572350696099,0.35,1
1514,62871627,7,10.319589138192423,0.37347838485214196,0.35,0
1515,125743254,8,1.8780860307600857,0.06797019997489051,0.35,1
1516,104786045,7,14.663606888743951,0.5306936297150008,0.35,0
1517,209572090,8,2.669155080911801,0.09659994358200191,0.35,1
1518,314358135,8,4.161438394765104,0.15060747763556756,0.35,1
1519,628716270,9,0.755060636196866,0.027326555650221473,0.35,1
1520,32932757,6,42.91031857185883,1.5529762143724097,0.35,0
1521,65865514,7,7.8393243187869235,0.28371460779159413,0.35,1
1522,98798271,7,12.22093365749459,0.44229033759630215,0.35,0
1523,197596542,8,2.2246132790896773,0.0805114392897788,0.35,1
1524,164663785,7,17.365101990570118,0.628463997682648,0.35,0
1525,329327570,8,3.1616078991691605,0.11442240537924159,0.35,1
1526,493991355,8,4.929183183541042,0.17839308807518153,0.35,1
1527,987982710,9,0.8945418219017236,0.0323745480903,0.35,1
1528,230529299,7,20.46916107598801,0.7408036420408685,0.35,0
1529,461058598,8,3.727313383767479,0.13489596957452948,0.35,1
1530,691587897,8,5.811136126466422,0.21031202944275038,0.35,1
1531,1383175794,9,1.0547390228948406,0.0381722781242714,0.35,1
1532,1152646495,8,8.258572820956207,0.2988877170447877,0.35,1
1533,2305292990,9,1.4992074999681348,0.054258128705344216,0.35,1
1534,3457939485,9,2.337567264218864,0.08459938032732778,0.35,1
1535,6915878970,10,0.4231047485459166,0.015312671463379543,0.35,1
1536,899,2,309.791200803325,11.211717420922191,0.35,0
1537,1798,3,57.4640525848566,2.0796934121167934,0.35,0
1538,2697,3,89.54481250209231,3.2407348293933342,0.35,0
1539,5394,4,16.518934371602484,0.5978401703757433,0.35,0
1540,4495,3,127.14105780663293,4.601388319063587,0.35,0
1541,8990,4,23.461103355755647,0.8490856438972119,0.35,0
1542,13485,4,36.56406857849508,1.3232977682977076,0.35,0
1543,26970,5,6.714753952836671,0.24301504908791785,0.35,1
1544,6293,3,149.77630548925546,5.4205852494866145,0.35,0
1545,12586,4,27.644187054911967,1.0004764912207977,0.35,0
1546,18879,4,43.08312699206026,1.559230359649068,0.35,0
1547,37758,5,7.913495430623503,0.2863989498405321,0.35,1
1548,31465,4,61.18704371242221,2.214432954023169,0.35,0
1549,62930,5,11.241585683008534,0.4068465524977671,0.35,0
1550,94395,5,17.522081052155283,0.6341452593677137,0.35,0
1551,188790,6,3.20554709086528,0.11601261775365107,0.35,1
1552,9889,3,177.20070901032815,6.413107509377446,0.35,0
1553,19778,4,32.717131162060156,1.1840724606156376,0.35,0
1554,29667,4,50.98876888371664,1.8453450804365306,0.35,0
1555,59334,5,9.368403432675525,0.33905382625453856,0.35,1
1556,49445,4,72.41347884532175,2.6207311898284247,0.35,0
1557,98890,5,13.308171192289358,0.4816387760862573,0.35,0
1558,148335,5,20.743063072168653,0.7507164858344967,0.35,0
1559,296670,6,3.7958093483360718,0.13737492119492786,0.35,1
1560,69223,4,85.32128004073942,3.087880092551266,0.35,0
1561,138446,5,15.68352812062152,0.5676058099633671,0.35,0
1562,207669,5,24.445328094997134,0.8847059249976489,0.35,0
1563,415338,6,4.4740846385969215,0.16192252250922898,0.35,1
1564,346115,5,34.72449999760858,1.2567215613175742,0.35,0
1565,692230,6,6.356826317299088,0.230061216001697,0.35,1
1566,1038345,6,9.909267832869077,0.3586283616263696,0.35,0
1567,2076690,7,1.8070850942262353,0.06540059039600599,0.35,1
1568,11687,3,186.44079371370177,6.747517325960263,0.35,0
1569,23374,4,34.4278217309117,1.2459844168069845,0.35,0
1570,35061,4,53.65463502407228,1.9418259932906283,0.35,0
1571,70122,5,9.859379218274778,0.35682283245736107,0.35,0
1572,58435,4,76.19899143072031,2.7577334587462503,0.35,0
1573,116870,5,14.005539110080363,0.5068773626323402,0.35,0
1574,175305,5,21.829958944869645,0.7900525591609517,0.35,0
1575,350610,6,3.995119705128091,0.14458820354000637,0.35,1
1576,81809,4,89.78107817319403,3.249285569161888,0.35,0
1577,163618,5,16.505290224178786,0.5973463722143778,0.35,0
1578,245427,5,25.72609328432132,0.9310583628590878,0.35,0
1579,490854,6,4.708990229473567,0.17042403933305816,0.35,1
1580,409045,5,36.54360544732667,1.3225571828852989,0.35,0
1581,818090,6,6.690547761654953,0.24213899781640827,0.35,1
1582,1227135,6,10.429455320659974,0.37745457458492804,0.35,0
1583,2454270,7,1.9021261533542695,0.06884024102380149,0.35,1
1584,128557,4,106.24931427030386,3.8452909077997828,0.35,0
1585,257114,5,19.538793538731372,0.7071325180764955,0.35,0
1586,385671,5,30.454028796182183,1.1021680548253878,0.35,0
1587,771342,6,5.575909338047838,0.20179888809224913,0.35,1
1588,642785,5,43.25892240203166,1.5655926076902762,0.35,0
1589,1285570,6,7.922163196389595,0.2867126467440857,0.35,1
1590,1928355,6,12.349247209921264,0.44693415991066116,0.35,0
1591,3856710,7,2.2527987157454126,0.08153150425724709,0.35,1
1592,899899,5,50.978069113811074,1.8449578428508955,0.35,0
1593,1799798,6,9.33749009061519,0.3379350350983727,0.35,1
1594,2699697,6,14.555417993943024,0.5267781430470629,0.35,0
1595,5399394,7,2.655682587658992,0.09611235779223742,0.35,1
1596,4499495,6,20.679561588083512,0.7484182904902598,0.35,0
1597,8998990,7,3.7738075796610175,0.1365786506342872,0.35,1
1598,13498485,7,5.8832696548291485,0.21292262888676236,0.35,1
1599,26996970,8,1.0699005585256833,0.03872099239607595,0.35,1
1600,15283,3,200.26420704954305,7.247803337028905,0.35,0
1601,30566,4,36.988725947027845,1.3386666309521522,0.35,0
1602,45849,4,57.64536641649599,2.0862553784979365,0.35,0
1603,91698,5,10.594771492852054,0.3834375663642937,0.35,0
1604,76415,4,81.86562236356765,2.9628156708394067,0.35,0
1605,152830,5,15.050040153899213,0.5446791159383996,0.35,0
1606,229245,5,23.457860300386393,0.8489682738095974,0.35,0
1607,458490,6,4.293785666210989,0.15539728510922587,0.35,1
1608,106981,4,96.45689091124777,3.4908912886915693,0.35,0
1609,213962,5,17.736078184591157,0.6418900738477153,0.35,0
1610,320943,5,27.644319561433235,1.0004812867917148,0.35,0
1611,641886,6,5.060988574189629,0.1831632842288302,0.35,1
1612,534905,5,39.26803705963794,1.4211576508477626,0.35,0
1613,1069810,6,7.190606061565,0.2602367111731462,0.35,1
1614,1604715,6,11.208909171688248,0.4056639501182463,0.35,0
1615,3209430,7,2.044599723287344,0.0739965314603841,0.35,1
1616,168113,4,114.14809044343521,4.131157149948102,0.35,0
1617,336226,5,20.99553823727436,0.7598538667530818,0.35,0
1618,504339,5,32.72439586579301,1.1843353790109574,0.35,0
1619,1008678,6,5.992647346777654,0.2168811395581415,0.35,1
1620,840565,5,46.48344185993598,1.682291858303402,0.35,0
1621,1681130,6,8.514183882793121,0.30813858985055465,0.35,1
1622,2521695,6,13.272037778319408,0.48033106422796773,0.35,0
1623,5043390,7,2.4215157804093175,0.0876375784394511,0.35,1
1624,1176791,5,54.777533978712285,1.9824650616018855,0.35,0
1625,2353582,6,10.035207022024098,0.3631862528684859,0.35,0
1626,3530373,6,15.642952856540939,0.5661373421890367,0.35,0
1627,7060746,7,2.854554670160327,0.1033097784618156,0.35,1
1628,5883955,6,22.224476775126952,0.8043306355520511,0.35,0
1629,11767910,7,4.056379317841843,0.1468052628537658,0.35,1
1630,17651865,7,6.323764114712776,0.22886465498979675,0.35,1
1631,35303730,8,1.150168231028379,0.041625976333004126,0.35,1
1632,198679,4,120.11265622511338,4.347021983775751,0.35,0
1633,397358,5,22.09530630756204,0.7996558004446924,0.35,0
1634,596037,5,34.43841836705725,1.2463679218573802,0.35,0
1635,1192074,6,6.30720121236607,0.22826522356534035,0.35,1
1636,993395,5,48.917833551474956,1.7703954315056105,0.35,0
1637,1986790,6,8.961045628854652,0.32431105572456925,0.35,1
1638,2980185,6,13.968571101727152,0.5055394457961108,0.35,0
1639,5960370,7,2.548842414503891,0.0922456829883334,0.35,1
1640,1390753,5,57.646014810976396,2.0862788446766816,0.35,0
1641,2781506,6,10.561853406924657,0.3822462211082033,0.35,0
1642,4172259,6,16.46384387207005,0.5958463787130576,0.35,0
1643,8344518,7,3.004639641546069,0.10874153470260187,0.35,1
1644,6953765,6,23.390618704303595,0.8465347192985034,0.35,0
1645,13907530,7,4.2696327497180535,0.15452316191299656,0.35,1
1646,20861295,7,6.656201572965124,0.24089596779787487,0.35,1
1647,41722590,8,1.2107357411673265,0.043817987619334475,0.35,1
1648,2185469,5,68.23568940158216,2.4695319479976114,0.35,0
1649,4370938,6,12.505554003078311,0.4525910913900027,0.35,0
1650,6556407,6,19.493540050918373,0.7054947397394904,0.35,0
1651,13112814,7,3.5584291975889935,0.12878384706302634,0.35,1
1652,10927345,6,27.694605882900504,1.0023012094524189,0.35,0
1653,21854690,7,5.056513372483834,0.18300132127831095,0.35,1
1654,32782035,7,7.882865873057417,0.2852904291876913,0.35,1
1655,65564070,8,1.4341756902180762,0.05190454902845817,0.35,1
1656,15298283,6,32.640923648060635,1.1813144187148412,0.35,0
1657,30596566,7,5.960599759794629,0.215721298709388,0.35,1
1658,45894849,7,9.29225152741873,0.33629779690125144,0.35,1
1659,91789698,8,1.6908411131729322,0.06119358043551302,0.35,1
1660,76491415,7,13.203934426426631,0.477866321734122,0.35,0
1661,152982830,8,2.4030603558972077,0.08696965435388515,0.35,1
1662,229474245,8,3.7465913989403297,0.13559366420883084,0.35,1
1663,458948490,9,0.6796895273425275,0.024598784261024093,0.35,1
1664,17081,3,205.63271695613335,7.4420961894018305,0.35,0
1665,34162,4,37.98388965947768,1.3746828066944288,0.35,0
1666,51243,4,59.196133319326826,2.1423795042160725,0.35,0
1667,102486,5,10.880688838310459,0.3937852601487113,0.35,0
1668,85405,4,84.06756505815513,3.0425066343166165,0.35,0
1669,170810,5,15.456127173707923,0.5593758952613546,0.35,0
1670,256215,5,24.090755832319722,0.8718735269045864,0.35,0
1671,512430,6,4.409954560830729,0.15960157760107202,0.35,1
1672,119567,4,99.05091937722383,3.5847723094143493,0.35,0
1673,239134,5,18.214580875789057,0.6592076637113073,0.35,0
1674,358701,5,28.390071960856314,1.0274709661196775,0.35,0
1675,717402,6,5.197899080732776,0.18811824068768582,0.35,1
1676,597835,5,40.32719158905953,1.4594897314819821,0.35,0
1677,1195670,6,7.385100340689655,0.2672756938552785,0.35,1
1678,1793505,6,11.512068554327255,0.41663565403635605,0.35,0
1679,3587010,7,2.1000359217425375,0.07600283438428278,0.35,1
1680,187891,4,117.21721457174523,4.2422324560482,0.35,0
1681,375782,5,21.561869836005606,0.7803500907744507,0.35,0
1682,563673,5,33.60702253920081,1.2162787034977602,0.35,0
1683,1127346,6,6.1547339666861935,0.22274724994286055,0.35,1
1684,939455,5,47.736971079066926,1.7276585935344906,0.35,0
1685,1878910,6,8.744439846329318,0.31647183104964516,0.35,1
1686,2818365,6,13.630936176753533,0.49332003039495564,0.35,0
1687,5636730,7,2.487161645193003,0.09001338150906123,0.35,1
1688,1315237,5,56.254541017766215,2.0359197288346675,0.35,0
1689,2630474,6,10.30656658245753,0.3730070828441468,0.35,0
1690,3945711,6,16.06591684189457,0.5814449192626109,0.35,0
1691,7891422,7,2.9319322233841816,0.10611016549417353,0.35,1
1692,6576185,6,22.82531095310517,0.8260755495549524,0.35,0
1693,13152370,7,4.166320627874488,0.15078417154379847,0.35,1
1694,19728555,7,6.49514705920743,0.23506721058032673,0.35,1
1695,39457110,8,1.1814095432939442,0.042756637126700074,0.35,1
1696,222053,4,123.34187004119043,4.463891128876418,0.35,0
1697,444106,5,22.691257991598537,0.8212240110995258,0.35,0
1698,666159,5,35.36720449096558,1.279981812564188,0.35,0
1699,1332318,6,6.477784446516649,0.2344388366734076,0.35,1
1700,1110265,5,50.23691091885296,1.818134433326922,0.35,0
1701,2220530,6,9.203370263713769,0.3330810767036138,0.35,1
1702,3330795,6,14.346279637941198,0.5192091735499037,0.35,0
1703,6661590,7,2.617935946659152,0.09474626130085297,0.35,1
1704,1554371,5,59.20024754592257,2.142528403041725,0.35,0
1705,3108742,6,10.847434718015469,0.3925817534033229,0.35,0
1706,4663113,6,16.90897363878235,0.611956162164227,0.35,0
1707,9326226,7,3.0860806657090625,0.11168898365214665,0.35,1
1708,7771855,6,24.02293640171341,0.8694190598647412,0.35,0
1709,15543710,7,4.3853470165688915,0.15871100087722984,0.35,1
1710,23315565,7,6.836583220464102,0.24742419730999352,0.35,1
1711,46631130,8,1.2436204599352971,0.04500812527765697,0.35,1
1712,2442583,5,70.07507528914769,2.53610154308598,0.35,0
1713,4885166,6,12.843632731995342,0.46482656859146365,0.35,0
1714,7327749,6,20.020492090205504,0.7245657699803293,0.35,0
1715,14655498,7,3.6548660523622285,0.1322740132197031,0.35,1
1716,12212915,6,28.44314288700579,1.029391666984362,0.35,0
1717,24425830,7,5.193532435436649,0.1879602065246411,0.35,1
1718,36638745,7,8.096457009220462,0.2930205501726127,0.35,1
1719,73277490,8,1.4731239308558908,0.053314132860861736,0.35,1
1720,17098081,6,33.52304852097579,1.2132395824362294,0.35,0
1721,34196162,7,6.122100813152002,0.2215662167339438,0.35,1
1722,51294243,7,9.54400498838133,0.34540905847592673,0.35,1
1723,102588486,8,1.736755493000046,0.06285527725209014,0.35,1
1724,85490405,7,13.561620578203339,0.49081141523160815,0.35,0
1725,170980810,8,2.46830745101519,0.08933102546804818,0.35,1
1726,256471215,8,3.848311118217239,0.13927502360738997,0.35,1
1727,512942430,9,0.6981809397945032,0.025268010793564936,0.35,1
1728,290377,4,132.50894372092196,4.79565858840208,0.35,0
1729,580754,5,24.382656029949178,0.8824377473293314,0.35,0
1730,871131,5,38.00325183924825,1.3753835473470934,0.35,0
1731,1742262,6,6.961831240419334,0.251957074304649,0.35,1
1732,1451885,5,53.98071108925162,1.9536270796063044,0.35,0
1733,2903770,6,9.890997149537922,0.3579671235470927,0.35,0
1734,4355655,6,15.418081432252517,0.5579989739635212,0.35,0
1735,8711310,7,2.813964104443478,0.10184075690280237,0.35,1
1736,2032639,5,63.61150510836646,2.3021771378436724,0.35,0
1737,4065278,6,11.657814375793512,0.4219103712049604,0.35,0
1738,6097917,6,18.17210290109969,0.6576703345438059,0.35,0
1739,12195834,7,3.3171420392927913,0.12005137361284658,0.35,1
1740,10163195,6,25.817260316106275,0.9343578077620632,0.35,0
1741,20326390,7,4.713650020828946,0.17059268280576328,0.35,1
1742,30489585,7,7.348362196408589,0.2659460960772258,0.35,1
1743,60979170,8,1.33690625675979,0.0483842508443924,0.35,1
1744,3194147,5,75.29573335993067,2.725043459089707,0.35,0
1745,6388294,6,13.802993283569954,0.4995469847335065,0.35,0
1746,9582441,6,21.515823758823547,0.7786836276716624,0.35,0
1747,19164882,7,3.928475952106973,0.14217628569080681,0.35,1
1748,15970735,6,30.567287608777853,1.1062670279368223,0.35,0
1749,31941470,7,5.582285313875787,0.20202964235215137,0.35,1
1750,47912205,7,8.70246452530687,0.3149526935249647,0.35,1
1751,95824410,8,1.5836114937900403,0.057312811102631686,0.35,1
1752,22359029,6,36.02629981655228,1.3038352678100658,0.35,0
1753,44718058,7,6.580317716400566,0.23814963945024778,0.35,1
1754,67077087,7,10.258293011346934,0.37126000404788884,0.35,0
1755,134154174,8,1.8670052874202565,0.06756917450090101,0.35,1
1756,111795145,7,14.576475496248614,0.5275402394682281,0.35,0
1757,223590290,8,2.6534017194146804,0.09602981041786636,0.35,1
1758,335385435,8,4.1368729484088025,0.14971842448573155,0.35,1
1759,670770870,9,0.7506304466880179,0.027166221745431603,0.35,1
1760,3774901,5,79.23730221528417,2.8676935927498524,0.35,0
1761,7549802,6,14.527152764652099,0.5257551902878314,0.35,0
1762,11324703,6,22.644559854701328,0.8195339491687241,0.35,0
1763,22649406,7,4.134969388265082,0.14964953234686584,0.35,1
1764,18874505,6,32.170693692515364,1.1642962291382644,0.35,0
1765,37749010,7,5.875679872624041,0.21264794550921856,0.35,1
1766,56623515,7,9.159825058533979,0.33150512317670316,0.35,1
1767,113247030,8,1.666983901943982,0.060330159169651905,0.35,1
1768,26424307,6,37.9158896929892,1.3722218058431326,0.35,0
1769,52848614,7,6.926139843093253,0.25066535956213787,0.35,1
1770,79272921,7,10.797378062114204,0.3907701426166188,0.35,0
1771,158545842,8,1.9652906564286041,0.0711262406185802,0.35,1
1772,132121535,7,15.342410535040754,0.5552603528718765,0.35,0
1773,264243070,8,2.793073409212331,0.1010846974309682,0.35,1
1774,396364605,8,4.354622019955264,0.1575990261700803,0.35,1
1775,792729210,9,0.7902030088739626,0.028598400528109025,0.35,1
1776,41523911,6,44.890324966292475,1.624635035308717,0.35,0
1777,83047822,7,8.202240400776773,0.2968489787751058,0.35,1
1778,124571733,7,12.786642100929502,0.46276400887545716,0.35,0
1779,249143466,8,2.327890109937164,0.08424915243523871,0.35,1
1780,207619555,7,18.16880340751448,0.6575509218890448,0.35,0
1781,415239110,8,3.3083631378539615,0.11973365457517524,0.35,1
1782,622858665,8,5.157967053565981,0.18667305243354002,0.35,1
1783,1245717330,9,0.9361694607399724,0.03388110257714275,0.35,1
1784,290667377,7,21.41640109867046,0.7750854016149433,0.35,0
1785,581334754,8,3.900307246866385,0.1411568262534446,0.35,1
1786,872002131,8,6.080823428663624,0.22007233837471868,0.35,1
1787,1744004262,9,1.1038163258882916,0.039948444947333885,0.35,1
1788,1453336885,8,8.641786274780532,0.31275667441037036,0.35,1
1789,2906673770,9,1.5689569286081866,0.056782444703200805,0.35,1
1790,4360010655,9,2.4463127495018693,0.08853501067651949,0.35,1
1791,8720021310,10,0.4428344266109057,0.016026712322825574,0.35,1
1792,20677,3,214.36757050747516,7.758221080866894,0.35,0
1793,41354,4,39.60388147964665,1.4333122657134112,0.35,0
1794,62031,4,61.72053761437708,2.2337407421688384,0.35,0
1795,124062,5,11.346317849367678,0.4106369359917295,0.35,0
1796,103385,4,87.65189304918839,3.1722277899697096,0.35,0
1797,206770,5,16.117443759910923,0.5833097406096095,0.35,0
1798,310155,5,25.12141997601106,0.9091745060963105,0.35,0
1799,620310,6,4.599206174820136,0.16645082190497898,0.35,1
1800,144739,4,103.27340159999287,3.7375890368546134,0.35,0
1801,289478,5,18.993813666250066,0.6874090387959148,0.35,0
1802,434217,5,29.60450142051269,1.0714226338688035,0.35,0
1803,868434,6,5.420937644664539,0.1961902754849517,0.35,1
1804,723695,5,42.051947249447444,1.5219107203101379,0.35,0
1805,1447390,6,7.701941668080816,0.27874256386568547,0.35,1
1806,2171085,6,12.005925784525472,0.4345089431966152,0.35,0
1807,4342170,7,2.19037393441651,0.07927227608515046,0.35,1
1808,227447,4,122.2128923188872,4.423032062627419,0.35,0
1809,454894,5,22.484106276785507,0.8137269405445179,0.35,0
1810,682341,5,35.0443088365799,1.2682958291533348,0.35,0
1811,1364682,6,6.418780458115198,0.23230341112565478,0.35,1
1812,1137235,5,49.77819773198155,1.8015330495073794,0.35,0
1813,2274470,6,9.119530171802174,0.33004680259699154,0.35,1
1814,3411705,6,14.215580674458513,0.5144790203306533,0.35,0
1815,6823410,7,2.5941350005098514,0.0938848763361265,0.35,1
1816,1592129,5,58.659632831666656,2.122962904105304,0.35,0
1817,3184258,6,10.748608456730974,0.38900511174140745,0.35,0
1818,4776387,6,16.754913346588154,0.6063805342658651,0.35,0
1819,9552774,7,3.0580212608748214,0.11067347992839663,0.35,1
1820,7960645,6,23.80403410349257,0.8614967215153035,0.35,0
1821,15921290,7,4.3454702360085,0.15726781206444274,0.35,1
1822,23881935,7,6.77441328708602,0.24517419239279403,0.35,1
1823,47763870,8,1.2323323890651612,0.044599596370137565,0.35,1
1824,268801,4,128.59806638497471,4.654119217868549,0.35,0
1825,537602,5,23.66171892327005,0.8563461633934948,0.35,0
1826,806403,5,36.87964206247098,1.3347187535248506,0.35,0
1827,1612806,6,6.755669798694146,0.24449584292777662,0.35,1
1828,1344005,5,52.384852699090786,1.8958710385441497,0.35,0
1829,2688010,6,9.598117038842654,0.347367438885912,0.35,1
1830,4032015,6,14.96156017728416,0.5414769188048291,0.35,0
1831,8064030,7,2.7305265509057195,0.09882105114572272,0.35,1
1832,1881607,5,61.73106363927754,2.234121691713059,0.35,0
1833,3763214,6,11.312639417625626,0.40941807290300214,0.35,0
1834,5644821,6,17.63407092006214,0.6381983078394655,0.35,0
1835,11289642,7,3.218790178745782,0.11649190108613956,0.35,1
1836,9408035,6,25.05293480396781,0.9066959450704288,0.35,0
1837,18816070,7,4.5739021375893305,0.16553503826004454,0.35,1
1838,28224105,7,7.13051031659643,0.2580617736376699,0.35,1
1839,56448210,8,1.2972216450243992,0.04694801685329629,0.35,1
1840,2956811,5,73.070136391885,2.6444964189094704,0.35,0
1841,5913622,6,13.394341465643446,0.4847573822714053,0.35,0
1842,8870433,6,20.878854115210228,0.7556309275582336,0.35,0
1843,17740866,7,3.812008268346813,0.13796117965938262,0.35,1
1844,14784055,6,29.662424944465553,1.07351895610423,0.35,0
1845,29568110,7,5.416798832400027,0.19604048687427578,0.35,1
1846,44352165,7,8.444490801720178,0.3056163131391534,0.35,1
1847,88704330,8,1.5366073136141496,0.05561167309623373,0.35,1
1848,20697677,6,34.95990731875209,1.2652412363652616,0.35,0
1849,41395354,7,6.385255848674525,0.23109011505165097,0.35,1
1850,62093031,7,9.954216241620781,0.36025509878396933,0.35,0
1851,124186062,8,1.8115923550868556,0.06556371360602815,0.35,1
1852,103488385,7,14.144430133822324,0.511903996398759,0.35,0
1853,206976770,8,2.5746534903749922,0.09317981697356718,0.35,1
1854,310465155,8,4.014102340980519,0.1452752080402304,0.35,1
1855,620930310,9,0.7283281570113751,0.026359074967067117,0.35,1
1856,351509,4,138.15489008163067,4.999992200866875,0.35,0
1857,703018,5,25.42531018839369,0.9201726596248258,0.35,0
1858,1054527,5,39.62819069106937,1.43419204541177,0.35,0
1859,2109054,6,7.260444972755173,0.26276426565248145,0.35,1
1860,1757545,5,56.28840006152472,2.0371451284902373,0.35,0
1861,3515090,6,10.315185298578564,0.37331900458185147,0.35,0
1862,5272635,6,16.079247834278366,0.581927383965159,0.35,0
1863,10545270,7,2.9349722426023725,0.10622018745845188,0.35,1
1864,2460563,5,66.33051926795342,2.4005815416541245,0.35,0
1865,4921126,6,12.157711509986378,0.4400022517798946,0.35,0
1866,7381689,6,18.95126976360861,0.6858693236162636,0.35,0
1867,14763378,7,3.4597722410996874,0.1252133327459701,0.35,1
1868,12302815,6,26.924053555571287,0.9744139908043532,0.35,0
1869,24605630,7,4.916298822182219,0.17792678748843282,0.35,1
1870,36908445,7,7.664257550806758,0.2773787301833922,0.35,1
1871,73816890,8,1.394522514628787,0.050469452749427414,0.35,1
1872,3866599,5,78.51347124133618,2.841497276265163,0.35,0
1873,7733198,6,14.394763870345345,0.5209638764326067,0.35,0
1874,11599797,6,22.43818178296105,0.812064877690171,0.35,0
1875,23199594,7,4.0973635580657355,0.14828853196828526,0.35,1
1876,19332995,6,31.877461468813795,1.1536838010824466,0.35,0
1877,38665990,7,5.82223738679364,0.21071379745127392,0.35,1
1878,57998985,7,9.076506591332484,0.32848972729784925,0.35,1
1879,115997970,8,1.651849552338237,0.05978242879290443,0.35,1
1880,27066193,6,37.57025740177715,1.359712956106385,0.35,0
1881,54132386,7,6.8631374954454225,0.2483852285679376,0.35,1
1882,81198579,7,10.699155901629435,0.38721536409168955,0.35,0
1883,162397158,8,1.9474466585847112,0.07048044480202217,0.35,1
1884,135330965,7,15.202827993560831,0.5502086922439796,0.35,0
1885,270661930,8,2.7677110903596307,0.10016680450380167,0.35,1
1886,405992895,8,4.315078059312828,0.15616788251177952,0.35,1
1887,811985790,9,0.78303952712165,0.028339145478422027,0.35,1
1888,4569617,5,82.62318785106098,2.9902328800809648,0.35,0
1889,9139234,6,15.149922781475397,0.5482939887712608,0.35,0
1890,13708851,6,23.61523162987226,0.8546637321433882,0.35,0
1891,27417702,7,4.312722370320261,0.15608262728423347,0.35,1
1892,22848085,6,33.549487067889636,1.214196425355748,0.35,0
1893,45696170,7,6.128226357507414,0.22178790757662786,0.35,1
1894,68544255,7,9.55349837940799,0.3457526357540458,0.35,1
1895,137088510,8,1.7388101816746586,0.06292963891487459,0.35,1
1896,31987319,6,39.540703144197565,1.431025765508297,0.35,0
1897,63974638,7,7.223802766571355,0.26143813998994864,0.35,1
1898,95961957,7,11.261377244670483,0.40756283299926976,0.35,0
1899,191923914,8,2.049961624708695,0.07419058514370093,0.35,1
1900,159936595,7,16.001630200901086,0.5791183081423138,0.35,0
1901,319873190,8,2.913392581713109,0.10543919348798934,0.35,1
1902,479809785,8,4.542195744933872,0.1643875456457676,0.35,1
1903,959619570,9,0.8243188146294935,0.029833092710218216,0.35,1
1904,50265787,6,46.81363460288572,1.6942419321556996,0.35,0
1905,100531574,7,8.554684732800645,0.3096043644897762,0.35,1
1906,150797361,7,13.336030759387722,0.48264704744117676,0.35,0
1907,301594722,8,2.4281675208726816,0.08787831295430873,0.35,1
1908,251328935,7,18.949328111452168,0.6857990528814871,0.35,0
1909,502657870,8,3.4508576510945352,0.12489070297533116,0.35,1
1910,753986805,8,5.380109909415698,0.1947126704743535,0.35,1
1911,1507973610,9,0.9765815224411504,0.035343663860405695,0.35,1
1912,351860509,7,22.33633350865964,0.8083788657301317,0.35,0
1913,703721018,8,4.06827995459585,0.14723596125988248,0.35,1
1914,1055581527,8,6.3426845101532185,0.22954940693439774,0.35,1
1915,2111163054,9,1.1514608549481091,0.041672757952630375,0.35,1
1916,1759302545,8,9.013882780007224,0.32622329598999006,0.35,1
1917,3518605090,9,1.6366706843084904,0.05923308724066637,0.35,1
1918,5277907635,9,2.551884972539037,0.09235579683546126,0.35,1
1919,10555815270,10,0.4619852794312761,0.016719804798127923,0.35,1
1920,392863,4,141.86801399956119,5.134374636548559,0.35,0
1921,785726,5,26.110893771687557,0.9449847568838244,0.35,0
1922,1178589,5,40.69665350953021,1.472861004259798,0.35,0
1923,2357178,6,7.456763025219071,0.2698692528927368,0.35,1
1924,1964315,5,57.80581287078098,2.092062129309346,0.35,0
1925,3928630,6,10.594062202690306,0.3834118962973508,0.35,0
1926,5892945,6,16.513924960328815,0.5976588737362651,0.35,0
1927,11785890,7,3.01451615228919,0.10909897754561818,0.35,1
1928,2750041,5,68.11841112848563,2.465287505759864,0.35,0
1929,5500082,6,12.486364468042655,0.4518965989586465,0.35,0
1930,8250123,6,19.46352850366054,0.7044085856255358,0.35,0
1931,16500246,7,3.553529821880331,0.12860653274343944,0.35,1
1932,13750205,6,27.65171441747887,1.0007489155563054,0.35,0
1933,27500410,7,5.049510442707086,0.1827478767983778,0.35,1
1934,41250615,7,7.871912884746668,0.2848940273223822,0.35,1
1935,82501230,8,1.4323918664775293,0.051839990294524206,0.35,1
1936,4321493,5,80.62932411194538,2.9180725451172242,0.35,0
1937,8642986,6,14.783822137538678,0.5350443646476821,0.35,0
1938,12964479,6,23.044586854759256,0.8340114090635132,0.35,0
1939,25928958,7,4.208382359172479,0.15230643636063304,0.35,1
1940,21607465,6,32.7388436270779,1.1848582609277811,0.35,0
1941,43214930,7,5.979971802581136,0.21642239631650245,0.35,1
1942,64822395,7,9.322387153139253,0.3373884415645119,0.35,1
1943,129644790,8,1.6967006354254661,0.06140564361725175,0.35,1
1944,30250451,6,38.585349067086405,1.396450348512201,0.35,0
1945,60500902,7,7.049052451037692,0.2551137151776885,0.35,1
1946,90751353,7,10.988963585401665,0.3977038539146431,0.35,0
1947,181502706,8,2.0003189386919664,0.07239395642670751,0.35,1
1948,151252255,7,15.614573073587465,0.5651102435945112,0.35,0
1949,302504510,8,2.8428445324426646,0.10288597444572327,0.35,1
1950,453756765,8,4.432209427765406,0.16040700809317376,0.35,1
1951,907513530,9,0.8043389582012054,0.02910999759388282,0.35,1
1952,5107219,5,84.8496179758127,3.0708100732078685,0.35,0
1953,10214438,6,15.55936318276118,0.5631121310168166,0.35,0
1954,15321657,6,24.25340316482289,0.877759930154787,0.35,0
1955,30643314,7,4.429569263749433,0.16031145737121905,0.35,1
1956,25536095,6,34.45598720663828,1.247003759364337,0.35,0
1957,51072190,7,6.294240396290251,0.22779615599011607,0.35,1
1958,76608285,7,9.812284673094743,0.35511842403240834,0.35,0
1959,153216570,8,1.7860198560867,0.06463821400567449,0.35,1
1960,35750533,6,40.608958693096,1.4696872230207234,0.35,0
1961,71501066,7,7.419475734020739,0.2685197808250238,0.35,1
1962,107251599,7,11.566394994875546,0.4186017934823201,0.35,0
1963,214503198,8,2.1056140977453524,0.07620471530570841,0.35,1
1964,178752665,7,16.434982710468173,0.5948018584443064,0.35,0
1965,357505330,8,2.992476406003535,0.10830133252941754,0.35,1
1966,536257995,8,4.665485345350182,0.16884954507383926,0.35,1
1967,1072515990,9,0.8467399786701999,0.03064454169527875,0.35,1
1968,56179409,6,48.07815360927788,1.7400064010505245,0.35,0
1969,112358818,7,8.78637114673638,0.3179893754151298,0.35,1
1970,168538227,7,13.697184028867023,0.49571762011252496,0.35,0
1971,337076454,8,2.4940783169555765,0.09026370420736303,0.35,1
1972,280897045,7,19.46242786299393,0.7043687521115302,0.35,0
1973,561794090,8,3.5445177244685517,0.12828037406208023,0.35,1
1974,842691135,8,5.526122508179557,0.19999704263531162,0.35,1
1975,1685382270,9,1.0031408257414938,0.036304877099283525,0.35,1
1976,393255863,7,22.941080526506404,0.8302653901299899,0.35,0
1977,786511726,8,4.178687162740775,0.15123173136485618,0.35,1
1978,1179767589,8,6.514804494858597,0.23577863689963255,0.35,1
1979,2359535178,9,1.1827735760877323,0.04280600311965651,0.35,1
1980,1966279315,8,9.258461621477409,0.3350748994267227,0.35,1
1981,3932558630,9,1.6811734803476412,0.06084369713642213,0.35,1
1982,5898837945,9,2.621269323726384,0.09486690023971978,0.35,1
1983,11797675890,10,0.47457026288921655,0.01717527053734686,0.35,1
1984,6678671,5,91.16896716481826,3.299514946708277,0.35,0
1985,13357342,6,16.72125096566194,0.6051622520755335,0.35,0
1986,20036013,6,26.06438205985742,0.9433014419011825,0.35,0
1987,40072026,7,4.761092752049093,0.17230969250370737,0.35,1
1988,33393355,6,37.02844518404034,1.3401041180738136,0.35,0
1989,66786710,7,6.765267457828234,0.24484319379453687,0.35,1
1990,100180065,7,10.546535604101287,0.38169185133811395,0.35,0
1991,200360130,8,1.9199455897391453,0.06948514793151629,0.35,1
1992,46750697,6,43.64046991389187,1.5794012726056765,0.35,0
1993,93501394,7,7.9746573060993695,0.28861247192570066,0.35,1
1994,140252091,7,12.431824161350363,0.449922719438832,0.35,0
1995,280504182,8,2.263491622482397,0.08191849345652862,0.35,1
1996,233753485,7,17.664548307092943,0.6393013212569911,0.35,0
1997,467506970,8,3.2168268928687063,0.11642084740090518,0.35,1
1998,701260455,8,5.0152434338188385,0.18150771239241986,0.35,1
1999,1402520910,9,0.9103369216325576,0.0329461918114844,0.35,1
2000,73465381,6,51.66666941758892,1.8698791188648638,0.35,0
2001,146930762,7,9.44374070068365,0.3417803729026715,0.35,1
2002,220396143,7,14.721898313243068,0.532803266715188,0.35,0
2003,440792286,8,2.681058966627355,0.09703075957195792,0.35,1
2004,367326905,7,20.918279265637057,0.7570577713314485,0.35,0
2005,734653810,8,3.810221754103372,0.13789652355290194,0.35,1
2006,1101980715,8,5.940347178517472,0.21498833335164078,0.35,1
2007,2203961430,9,1.0784761387744772,0.03903135299450676,0.35,1
2008,514257667,7,24.656981514700682,0.8923659176854158,0.35,0
2009,1028515334,8,4.4919031644285,0.16256739646292107,0.35,1
2010,1542773001,8,7.00309671553552,0.2534505216493219,0.35,1
2011,3085546002,9,1.2715924551749744,0.046020465542691624,0.35,1
2012,2571288335,8,9.9523202340919,0.3601864799833493,0.35,0
2013,5142576670,9,1.8074070814294703,0.06541224350147336,0.35,1
2014,7713865005,9,2.818081061129428,0.10198975453371426,0.35,1
2015,15427730010,10,0.5102633775256531,0.01846704743139224,0.35,1
2016,86822723,6,54.375573469220704,1.9679176256672843,0.35,0
2017,173645446,7,9.939881569828996,0.35973630971238046,0.35,0
2018,260468169,7,15.49529179574102,0.5607933101975879,0.35,0
2019,520936338,8,2.822156914945945,0.1021372646021774,0.35,1
2020,434113615,7,22.01707993475142,0.7968246936071124,0.35,0
2021,868227230,8,4.010727047597102,0.14515305209929522,0.35,1
2022,1302340845,8,6.252930439325231,0.22630109879365204,0.35,1
2023,2604681690,9,1.1353172209681797,0.041088500356351275,0.35,1
2024,607759061,7,25.952064059904906,0.9392365179347003,0.35,0
2025,1215518122,8,4.728263507942142,0.17112156254031538,0.35,1
2026,1823277183,8,7.371575545322046,0.2667862151888599,0.35,1
2027,3646554366,9,1.338607402492852,0.048445817361457574,0.35,1
2028,3038795305,8,10.475929643398867,0.37913653641123574,0.35,0
2029,6077590610,9,1.9026526275180708,0.06885929475915178,0.35,1
2030,9116385915,9,2.966579727947715,0.10736410049781188,0.35,1
2031,18232771830,10,0.5371908902686713,0.019441586614364934,0.35,1
2032,955049953,7,30.731330168232592,1.1122039261341956,0.35,0
2033,1910099906,8,5.6003071300649525,0.2026818736292205,0.35,1
2034,2865149859,8,8.731074612273641,0.31598812709966806,0.35,1
2035,5730299718,9,1.5858076417961056,0.057392292349338105,0.35,1
2036,4775249765,8,12.407803730537863,0.44905339105926473,0.35,0
2037,9550499530,9,2.253991606349737,0.08157467640782812,0.35,1
2038,14325749295,9,3.514360402625453,0.12718894418996038,0.35,1
2039,28651498590,10,0.6365025044218742,0.023035793782335008,0.35,1
2040,6685349671,8,14.627211904680234,0.5293764513193483,0.35,0
2041,13370699342,9,2.657536826946973,0.09617946494981229,0.35,1
2042,20056049013,9,4.143540753089596,0.14995974038400467,0.35,1
2043,40112098026,10,0.7505499643968697,0.027163308994186886,0.35,1
2044,33426748355,9,5.88931198113732,0.21314130796788716,0.35,1
2045,66853496710,10,1.0669404997800132,0.03861386429779645,0.35,1
2046,100280245065,10,1.6636697831860794,0.06021021721224114,0.35,1
2047,200560490130,11,0.30057821289134135,0.010878288269920868,0.35,1
2048,37,1,439.44682081836,15.904110780945066,0.35,0
2049,74,2,81.87610579284859,2.963195078796751,0.35,0
2050,111,2,127.57013690963572,4.616917209624763,0.35,0
2051,222,3,23.623604934352144,0.8549667721376307,0.35,0
2052,185,2,181.09227369923772,6.553947931907694,0.35,0
2053,370,3,33.54526124090393,1.2140434875773007,0.35,0
2054,555,3,52.274708270545396,1.8918847787500122,0.35,0
2055,1110,4,9.632026359379783,0.34859465811877566,0.35,1
2056,259,2,213.29495656050605,7.719401887668465,0.35,0
2057,518,3,39.52033270776872,1.4302885348303795,0.35,0
2058,777,3,61.58544201909341,2.228851469538744,0.35,0
2059,1554,4,11.350063364496656,0.41077249070442956,0.35,0
2060,1295,3,87.4475085455057,3.164830868125049,0.35,0
2061,2590,4,16.120757894125457,0.5834296831264144,0.35,0
2062,3885,4,25.124832726680282,0.9092980176616233,0.35,0
2063,7770,5,4.610075860494357,0.1668442089473404,0.35,1
2064,407,2,252.28210052987444,9.130393678590494,0.35,0
2065,814,3,46.76185678272148,1.692368030357174,0.35,0
2066,1221,3,72.86931835602724,2.6372285718394974,0.35,0
2067,2442,4,13.434082306057395,0.4861956512462366,0.35,0
2068,2035,3,103.46797328380174,3.7446308209056816,0.35,0
2069,4070,4,19.08042841333638,0.6905437310218341,0.35,0
2070,6105,4,29.737324448155128,1.0762296595333696,0.35,0
2071,12210,5,5.457989817245157,0.19753123832614247,0.35,1
2072,2849,3,121.89224713960648,4.411427526626544,0.35,0
2073,5698,4,22.48301881172085,0.8136875838714476,0.35,0
2074,8547,4,35.04013343451172,1.268144716313507,0.35,0
2075,17094,5,6.432513647975361,0.23280043184025465,0.35,1
2076,14245,4,49.765910985839,1.8010883773365247,0.35,0
2077,28490,5,9.13802020875022,0.33071597934838515,0.35,1
2078,42735,5,14.243510816515126,0.5154898458784833,0.35,0
2079,85470,6,2.604446302044307,0.09425805478259772,0.35,1
2080,481,2,265.40916674471055,9.605478046980654,0.35,0
2081,962,3,49.20242514348909,1.780695144672927,0.35,0
2082,1443,3,76.67215813075217,2.774857932649934,0.35,0
2083,2886,4,14.137006616521697,0.5116353303487612,0.35,0
2084,2405,3,108.86686281175102,3.940023148438484,0.35,0
2085,4810,4,20.078663201124346,0.7266710526868488,0.35,0
2086,7215,4,31.29298587468935,1.1325309239711658,0.35,0
2087,14430,5,5.744173185702196,0.2078885598039239,0.35,1
2088,3367,3,128.25173320536288,4.641585002134763,0.35,0
2089,6734,4,23.65914476532557,0.8562530015109252,0.35,0
2090,10101,4,36.87301069964697,1.3344787565013534,0.35,0
2091,20202,5,6.769764203794382,0.24500593645783844,0.35,1
2092,16835,4,52.36872185495828,1.895287243827884,0.35,0
2093,33670,5,9.617063129972912,0.3480531207885376,0.35,1
2094,50505,5,14.990151305064375,0.5425116662236906,0.35,0
2095,101010,6,2.741250183010561,0.09920915233314716,0.35,1
2096,5291,3,151.74037379020862,5.491667251585369,0.35,0
2097,10582,4,28.00166697907932,1.0134141210922207,0.35,0
2098,15873,4,43.64046976335176,1.5794012671574484,0.35,0
2099,31746,5,8.014613043946458,0.2900585182979809,0.35,1
2100,26455,4,61.979137078161884,2.2430997688475784,0.35,0
2101,52910,5,11.38531737051668,0.4120483757277196,0.35,0
2102,79365,5,17.746190375585662,0.6422560462434541,0.35,0
2103,158730,6,3.246096200979326,0.11748013898436921,0.35,1
2104,37037,4,73.02853206391596,2.6429907080711166,0.35,0
2105,74074,5,13.417711776440678,0.48560318202303876,0.35,0
2106,111111,5,20.91395066283627,0.7569011139722207,0.35,0
2107,222222,6,3.826204607844473,0.1384749623183042,0.35,1
2108,185185,5,29.70887188512506,1.0751999269400394,0.35,0
2109,370370,6,5.436421071868955,0.19675063940127074,0.35,1
2110,555555,6,8.47460000856773,0.306706001671518,0.35,1
2111,1111110,7,1.5448957034895596,0.055911639928463173,0.35,1
2112,629,2,285.037568161913,10.31585358232007,0.35,0
2113,1258,3,52.854360221858194,1.9128630824066457,0.35,0
2114,1887,3,82.36241062256481,2.980795037469139,0.35,0
2115,3774,4,15.189459817469679,0.549724881818188,0.35,0
2116,3145,3,116.9450236104459,4.232381536671847,0.35,0
2117,6290,4,21.573224131010125,0.7807610164133144,0.35,0
2118,9435,4,33.62208807942041,1.216823943579782,0.35,0
2119,18870,5,6.1728745631800965,0.22340378002250516,0.35,1
2120,4403,3,137.76692478336113,4.985951268516174,0.35,0
2121,8806,4,25.42000129806496,0.9199805244769259,0.35,0
2122,13209,4,39.61708594711827,1.433790151326694,0.35,0
2123,26418,5,7.2749530432805845,0.2632893302335022,0.35,1
2124,22015,4,56.26537451512807,2.036311806178331,0.35,0
2125,44030,5,10.334632232176002,0.3740228125777937,0.35,0
2126,66045,5,16.108543795217564,0.5829876401466545,0.35,0
2127,132090,6,2.9462679741539035,0.10662899361527607,0.35,1
2128,6919,3,162.99576134367425,5.899013310431425,0.35,0
2129,13838,4,30.085327375936004,1.0888243054684872,0.35,0
2130,20757,4,46.88756186892114,1.6969174491308143,0.35,0
2131,41514,5,8.612599261978799,0.31170036119345096,0.35,1
2132,34595,4,66.59000194769358,2.409972532984176,0.35,0
2133,69190,5,12.234682264329813,0.442787916269835,0.35,0
2134,103785,5,19.069986113149003,0.6901658115760212,0.35,0
2135,207570,6,3.4888358491893565,0.12626517979743193,0.35,1
2136,48433,4,78.46071092978737,2.8395878169177347,0.35,0
2137,96866,5,14.418585893205416,0.5218260241889318,0.35,0
2138,145299,5,22.473875108901787,0.8133566622315741,0.35,0
2139,290598,6,4.11229619636823,0.1488289621695378,0.35,1
2140,242165,5,31.924481223957205,1.1553855027657154,0.35,0
2141,484330,6,5.842861551805186,0.21146021087280525,0.35,1
2142,726495,6,9.1081390192446,0.3296345430388022,0.35,1
2143,1452990,7,1.660641416878001,0.06010061698084279,0.35,1
2144,8177,3,171.49653690370977,6.206666636899879,0.35,0
2145,16354,4,31.65863189293437,1.145764094642308,0.35,0
2146,24531,4,49.339353321425136,1.7856507406808182,0.35,0
2147,49062,5,9.06402127748638,0.32803786872216656,0.35,1
2148,40885,4,70.07158570963146,2.5359752509919753,0.35,0
2149,81770,5,12.875878067514924,0.4659935661984031,0.35,0
2150,122655,5,20.069341679322974,0.7263336955634091,0.35,0
2151,245310,6,3.6720478542220527,0.13289584336444282,0.35,1
2152,57239,4,82.56249696301799,2.988036403599392,0.35,0
2153,114478,5,15.174164608139908,0.5491713297338985,0.35,0
2154,171717,5,23.651498787719134,0.8559762843539892,0.35,0
2155,343434,6,4.328230539616243,0.1566438866467057,0.35,1
2156,286195,5,33.59711568109654,1.21592016234712,0.35,0
2157,572390,6,6.149635067216694,0.22256271461757862,0.35,1
2158,858585,6,9.586324809183681,0.34694066386339306,0.35,1
2159,1717170,7,1.747989131747278,0.0632618361953916,0.35,1
2160,89947,4,97.70845794732885,3.536187010150071,0.35,0
2161,179894,5,17.963309619669083,0.6501138537118237,0.35,0
2162,269841,5,27.998617951939853,1.0133037731204004,0.35,0
2163,539682,6,5.125124989504267,0.18548445850051373,0.35,1
2164,449735,5,39.77162734684171,1.439383191087152,0.35,0
2165,899470,6,7.281781725758301,0.26353646849339735,0.35,1
2166,1349205,6,11.35108098796092,0.41080931972569495,0.35,0
2167,2698410,7,2.0702715338880426,0.07492562526741317,0.35,1
2168,629629,5,46.86900838212555,1.6962459760528652,0.35,0
2169,1259258,6,8.582783703658563,0.3106213001556724,0.35,1
2170,1888887,6,13.379059246756439,0.4842043003269165,0.35,0
2171,3777774,7,2.440533450299441,0.08832585086377928,0.35,1
2172,3148145,6,19.00848122479497,0.6879398754408351,0.35,0
2173,6296290,7,3.468110651650814,0.12551510988681994,0.35,1
2174,9444435,7,5.406727991057395,0.1956760109723401,0.35,1
2175,18888870,8,0.9830519557684192,0.035577836651202004,0.35,1
2176,703,2,292.6568956760759,10.591606240254618,0.35,0
2177,1406,3,54.272920453317795,1.9642024891375043,0.35,0
2178,2109,3,84.57269577544534,3.060787924579864,0.35,0
2179,4218,4,15.598504942921423,0.564528718554281,0.35,0
2180,3515,3,120.08274865611284,4.345939592760412,0.35,0
2181,7030,4,22.15408175173215,0.8017829547009,0.35,0
2182,10545,4,34.527273772292915,1.2495837062058073,0.35,0
2183,21090,5,6.339570157612286,0.22943669475746203,0.35,1
2184,4921,3,141.46272312147693,5.1197066705554155,0.35,0
2185,9842,4,26.104338293978532,0.9447475062342187,0.35,0
2186,14763,4,40.683522658888656,1.472385782928438,0.35,0
2187,29526,5,7.471385954359495,0.2703984743456491,0.35,1
2188,24605,4,57.779696324631594,2.091116939986092,0.35,0
2189,49210,5,10.613638082554395,0.3841203710142987,0.35,0
2190,73815,5,16.54339201599677,0.5987253220424759,0.35,0
2191,147630,6,3.026017892058041,0.1095152393884431,0.35,1
2192,7733,3,167.36729124004185,6.05722425305372,0.35,0
2193,15466,4,30.895090057196004,1.1181305941453539,0.35,0
2194,23199,4,48.14944282809649,1.7425864439132008,0.35,0
2195,46398,5,8.845107534821558,0.3201151161844898,0.35,1
2196,38665,4,68.38181817639362,2.4748205247099366,0.35,0
2197,77330,5,12.564922906552122,0.4547397236546129,0.35,0
2198,115995,5,19.584682374043304,0.7087932904062404,0.35,0
2199,231990,6,3.5832566468741733,0.1296823824150502,0.35,1
2200,54131,4,80.57164578177805,2.915985096740802,0.35,0
2201,108262,5,14.807726669454285,0.5359094985063011,0.35,0
2202,162393,5,23.08036648755181,0.8353063171540408,0.35,0
2203,324786,6,4.223578008776575,0.15285638525829923,0.35,1
2204,270655,5,32.78587760260649,1.186560477263951,0.35,0
2205,541310,6,6.000952225463494,0.2171817031403195,0.35,1
2206,811965,6,9.354559704509134,0.3385528050252359,0.35,1
2207,1623930,7,1.7056799757575376,0.06173061678036425,0.35,1
2208,9139,3,176.09561273721175,6.373112741595254,0.35,0
2209,18278,4,32.51067009467853,1.176600385424663,0.35,0
2210,27417,4,50.66710831638909,1.8337037963168452,0.35,0
2211,54834,5,9.30869851272692,0.3368930331481924,0.35,1
2212,45695,4,71.95692648079394,2.604208008777232,0.35,0
2213,91390,5,13.223400571789881,0.4785708250270542,0.35,0
2214,137085,5,20.610970654320543,0.7459359018201056,0.35,0
2215,274170,6,3.771420649748779,0.13649226476015597,0.35,1
2216,63973,4,84.78359976307566,3.0684207944164674,0.35,0
2217,127946,5,15.583667461641934,0.5639917322005289,0.35,0
2218,191919,5,24.289723001825667,0.8790743888876148,0.35,0
2219,383838,6,4.445348117484474,0.16088251313020963,0.35,1
2220,319865,5,34.50357621014559,1.2487260628328787,0.35,0
2221,639730,6,6.316015290933463,0.22858421570574708,0.35,1
2222,959595,6,9.84566584941069,0.35632652908852963,0.35,0
2223,1919190,7,1.7953939255449227,0.06497747289223148,0.35,1
2224,100529,4,100.3364478152767,3.6312971349956884,0.35,0
2225,201058,5,18.44799128321772,0.6676550680417289,0.35,0
2226,301587,5,28.754004016248246,1.0406421064067128,0.35,0
2227,603174,6,5.263782721087909,0.19050264914218024,0.35,1
2228,502645,5,40.84447346263953,1.4782107867556793,0.35,0
2229,1005290,6,7.478759606437611,0.27066533571306584,0.35,1
2230,1507935,6,11.658112888609066,0.4219211747440081,0.35,0
2231,3015870,7,2.1264081896782483,0.07695727858759555,0.35,1
2232,703703,5,48.13314640004727,1.7419966565151586,0.35,0
2233,1407406,6,8.814928800944097,0.31902291138500577,0.35,1
2234,2111109,6,13.740904780320529,0.49729992687093505,0.35,0
2235,4222218,7,2.506703439066804,0.09072062261288477,0.35,1
2236,3518515,6,19.52250625109964,0.7065430614811927,0.35,0
2237,7037030,7,3.5621296466078523,0.12891777077881422,0.35,1
2238,10555545,7,5.553291931009429,0.20098033683627076,0.35,1
2239,21111090,8,1.0097594895259916,0.03654441452921522,0.35,1
2240,11951,3,189.1537709367154,6.8457032457506,0.35,0
2241,23902,4,34.92925047017152,1.2641317280176712,0.35,0
2242,35853,4,54.43607589739633,1.9701072815588194,0.35,0
2243,71706,5,10.003087505954797,0.3620238088192942,0.35,0
2244,59755,4,77.30872472543767,2.797896045936256,0.35,0
2245,119510,5,14.2096729969243,0.5142652143511556,0.35,0
2246,179265,5,22.14812854480984,0.8015675009579011,0.35,0
2247,358530,6,4.053388926690275,0.1466970369891109,0.35,1
2248,83657,4,91.08856829485958,3.2966052145770846,0.35,0
2249,167314,5,16.745850931348308,0.6060525545215834,0.35,0
2250,250971,5,26.101036760006547,0.9446280197353979,0.35,0
2251,501942,6,4.777669407528293,0.17290962167062637,0.35,1
2252,418285,5,37.076186974503514,1.3418319510866747,0.35,0
2253,836570,6,6.788123945347283,0.245670397661638,0.35,1
2254,1254855,6,10.581557449987496,0.38295933420598455,0.35,0
2255,2509710,7,1.9298839414842925,0.0698448288750272,0.35,1
2256,131461,4,107.79654735042793,3.901287140209454,0.35,0
2257,262922,5,19.82355315242592,0.7174383121511991,0.35,0
2258,394383,5,30.897857878931774,1.1182307649542484,0.35,0
2259,788766,6,5.657228820794575,0.20474193831126036,0.35,1
2260,657305,5,43.88934140278004,1.5884082321329416,0.35,0
2261,1314610,6,8.037696560344454,0.2908939386141953,0.35,1
2262,1971915,6,12.529339683179671,0.45345192385803074,0.35,0
2263,3943830,7,2.2856726356998474,0.08272125109347545,0.35,1
2264,920227,5,51.72095631669267,1.8718438272582303,0.35,0
2265,1840454,6,9.473660085568397,0.3428631915491203,0.35,1
2266,2760681,6,14.767677596439391,0.5344600742216588,0.35,0
2267,5521362,7,2.694434603409521,0.09751484000916097,0.35,1
2268,4601135,6,20.98111793835871,0.7593319787325433,0.35,0
2269,9202270,7,3.82887366166096,0.13857155859700446,0.35,1
2270,13803405,7,5.969114752776033,0.2160294665814937,0.35,1
2271,27606810,8,1.0855207671981675,0.039286306598795714,0.35,1
2272,155363,4,113.4298023838775,4.105161438224527,0.35,0
2273,310726,5,20.862023554745353,0.7550218092634641,0.35,0
2274,466089,5,32.516355022081704,1.1768061298080978,0.35,0
2275,932178,6,5.954199752596571,0.21548967472519984,0.35,1
2276,776815,5,46.18808328492562,1.6716024750275849,0.35,0
2277,1553630,6,8.459583304985843,0.30616252904635216,0.35,1
2278,2330445,6,13.186947131281242,0.4772515310221133,0.35,0
2279,4660890,7,2.4058648173554333,0.0870711511985533,0.35,1
2280,1087541,5,54.42962081220576,1.969873664235613,0.35,0
2281,2175082,6,9.9708758359237,0.36085802960701135,0.35,0
2282,3262623,6,15.542698482951703,0.5625090154193307,0.35,0
2283,6525246,7,2.8361107967349577,0.10264227242401894,0.35,1
2284,5437705,6,22.082107406664424,0.7991781162924405,0.35,0
2285,10875410,7,4.0301807611255045,0.14585710546912117,0.35,1
2286,16313115,7,6.282930631545653,0.22738684195509917,0.35,1
2287,32626230,8,1.1426875512053194,0.04135524150233415,0.35,1
2288,1708993,5,64.42918035284553,2.3317697917325186,0.35,0
2289,3417986,6,11.80593792487186,0.42727114120534804,0.35,0
2290,5126979,6,18.403070968607558,0.6660293476450162,0.35,0
2291,10253958,7,3.3588686486729733,0.12156150996304205,0.35,1
2292,8544965,6,26.145589035252545,0.9462404203433622,0.35,0
2293,17089930,7,4.772974131708292,0.172739693972323,0.35,1
2294,25634895,7,7.440872558821469,0.26929415773679116,0.35,1
2295,51269790,8,1.3535801783031045,0.048987700187554835,0.35,1
2296,11962951,6,30.8154590276448,1.115248651085157,0.35,0
2297,23925902,7,5.6263985906119,0.20362615507424844,0.35,1
2298,35888853,7,8.771286761280242,0.31744345330125456,0.35,1
2299,71777706,8,1.5958305012516407,0.057755031728874,0.35,1
2300,59814755,7,12.463757463942994,0.4510784241975759,0.35,0
2301,119629510,8,2.2680444150104417,0.08208326451254364,0.35,1
2302,179444265,8,3.536102457350997,0.12797581538933891,0.35,1
2303,358888530,9,0.6414259394540459,0.02321397883787512,0.35,1
2304,851,2,305.04908480512444,11.040094520041887,0.35,0
2305,1702,3,56.581371861666796,2.047748131503151,0.35,0
2306,2553,3,88.16948262919104,3.1909599815101903,0.35,0
2307,5106,4,16.264459897684706,0.588630432058433,0.35,0
2308,4255,3,125.18861489689196,4.530727053902617,0.35,0
2309,8510,4,23.09973768110398,0.8360073840263398,0.35,0
2310,12765,4,36.00092745429728,1.3029170114000495,0.35,0
2311,25530,5,6.6110658637890625,0.23926245201187876,0.35,1
2312,5957,3,147.476581628846,5.337355467613525,0.35,0
2313,11914,4,27.218441000924606,0.9850682277258983,0.35,0
2314,17871,4,42.41966191031434,1.535218757654256,0.35,0
2315,35742,5,7.7913092834022315,0.281976885715264,0.35,1
2316,29785,4,60.24492541047777,2.1803365557036245,0.35,0
2317,59570,5,11.06803563389636,0.4005655667758124,0.35,0
2318,89355,5,17.251591054680464,0.6243558999249356,0.35,0
2319,178710,6,3.1559475776303922,0.11421755151173449,0.35,1
2320,9361,3,174.4804709804348,6.314658812223608,0.35,0
2321,18722,4,32.213348117811435,1.1658399442661675,0.35,0
2322,28083,4,50.20370216015347,1.816932568272418,0.35,0
2323,56166,5,9.223776013043807,0.33381958539804185,0.35,1
2324,46805,4,71.29870705984189,2.5803862535771462,0.35,0
2325,93610,5,13.102749409640714,0.4742043138640044,0.35,0
2326,140415,5,20.422901586462125,0.7391294552878057,0.35,0
2327,280830,6,3.7370849161604482,0.13524961312436326,0.35,1
2328,65527,4,84.00795920178132,3.040349426440595,0.35,0
2329,131054,5,15.441466604199379,0.5588453115580946,0.35,0
2330,196581,5,24.06806375829428,0.8710522733602372,0.35,0
2331,393162,6,4.4048731775949905,0.15941767620942893,0.35,1
2332,327635,5,34.18866882749572,1.2373291846165924,0.35,0
2333,655270,6,6.258501440998219,0.22650272006742306,0.35,1
2334,982905,6,9.75600523356186,0.35308160319626347,0.35,0
2335,1965810,7,1.7790769845735201,0.06438694310677971,0.35,1
2336,11063,3,183.57894674228265,6.643943630315359,0.35,0
2337,22126,4,33.897735041679596,1.226799939801662,0.35,0
2338,33189,4,52.828581518811895,1.9119301200330097,0.35,0
2339,66378,5,9.707181699668492,0.35131462058318796,0.35,0
2340,55315,4,75.02602811335124,2.7152825007288905,0.35,0
2341,110630,5,13.789366483580165,0.4990538143967095,0.35,0
2342,165945,5,21.49304284658075,0.777859158965015,0.35,0
2343,331890,6,3.9333151844050764,0.142351423347783,0.35,1
2344,77441,4,88.39920958019034,3.199274077107145,0.35,0
2345,154882,5,16.25056160329932,0.588127436011813,0.35,0
2346,232323,5,25.329088071925046,0.9166902651065436,0.35,0
2347,464646,6,4.636148962362595,0.16778782596963016,0.35,1
2348,387205,5,35.97973977782841,1.3021502038188175,0.35,0
2349,774410,6,6.587066799852038,0.238393896925321,0.35,1
2350,1161615,6,10.26815624651262,0.3716169664317364,0.35,0
2351,2323230,7,1.87264645846804,0.06777333528902807,0.35,1
2352,121693,4,104.61427903649128,3.786117009486267,0.35,0
2353,243386,5,19.23729721027418,0.6962210020962414,0.35,0
2354,365079,5,29.984138425717966,1.0851621552427142,0.35,0
2355,730158,6,5.4896703680552585,0.19867779569284935,0.35,1
2356,608465,5,42.591549039456275,1.541439560295634,0.35,0
2357,1216930,6,7.799650724882565,0.2822787725490997,0.35,1
2358,1825395,6,12.158284648679908,0.44002299436089176,0.35,0
2359,3650790,7,2.2178886332883674,0.0802680662427569,0.35,1
2360,851851,5,50.19169527905519,1.8164980247552638,0.35,0
2361,1703702,6,9.193104089850342,0.3327095314820183,0.35,1
2362,2555553,6,14.330361946542755,0.5186330930883218,0.35,0
2363,5111106,7,2.614532779752164,0.09462309658346124,0.35,1
2364,4259255,6,20.35985236780882,0.7368476279753522,0.35,0
2365,8518510,7,3.715338619308434,0.1344625883973083,0.35,1
2366,12777765,7,5.792123450378328,0.20962393775014426,0.35,1
2367,25555530,8,1.0532935637663305,0.03811996521399402,0.35,1
2368,14467,3,197.19059400395463,7.136565571595163,0.35,0
2369,28934,4,36.41927615914314,1.31805755590221,0.35,0
2370,43401,4,56.75797785197155,2.0541397154248524,0.35,0
2371,86802,5,10.431238713483731,0.37751911772346336,0.35,0
2372,72335,4,80.6055808060305,2.9172132462221434,0.35,0
2373,144670,5,14.81776998868912,0.5362729783499413,0.35,0
2374,217005,5,23.0958574749701,0.8358669546836238,0.35,0
2375,434010,6,4.227366852770178,0.1529935080949004,0.35,1
2376,101269,4,94.97244984582947,3.43716757507309,0.35,0
2377,202538,5,17.46238321583532,0.6319847226264368,0.35,0
2378,303807,5,27.217757004020246,0.9850434730524648,0.35,0
2379,607614,6,4.982709595943373,0.18033027353704903,0.35,1
2380,506345,5,38.66219756552165,1.3992315884132824,0.35,0
2381,1012690,6,7.0794011174177776,0.25621207003952134,0.35,1
2382,1519035,6,11.035571378457071,0.3993906461927807,0.35,0
2383,3038070,7,2.012914530727497,0.07284980610315213,0.35,1
2384,159137,4,112.39171680695935,4.067591868407951,0.35,0
2385,318274,5,20.671597520509565,0.7481300612735206,0.35,0
2386,477411,5,32.219528282448515,1.1660636118827623,0.35,0
2387,954822,6,5.8999715478211385,0.21352709055040903,0.35,1
2388,795685,5,45.76639890517618,1.6563412084250868,0.35,0
2389,1591370,6,8.382528376109097,0.30337381817846726,0.35,1
2390,2387055,6,13.066824863730904,0.47290416119287854,0.35,0
2391,4774110,7,2.383994305854599,0.08627963099345214,0.35,1
2392,1113959,5,53.93264119269693,1.9518873720380243,0.35,0
2393,2227918,6,9.880046749373927,0.35757081534993806,0.35,0
2394,3341877,6,15.40110410420348,0.5573845439727579,0.35,0
2395,6683754,7,2.810327012958135,0.10170912617261388,0.35,1
2396,5569795,6,21.880915498181455,0.7918967383209624,0.35,0
2397,11139590,7,3.9935376257580555,0.14453094617831144,0.35,1
2398,16709385,7,6.225801795858625,0.22531928044706304,0.35,1
2399,33418770,8,1.1323166521364472,0.040979906149168584,0.35,1
2400,188071,4,118.26464383710517,4.280140185225683,0.35,0
2401,376142,5,21.754419137036344,0.7873186823521154,0.35,0
2402,564213,5,33.90714133955493,1.2271403650735284,0.35,0
2403,1128426,6,6.209666371763148,0.22473531997641016,0.35,1
2404,940355,5,48.16328724572514,1.7430874900949747,0.35,0
2405,1880710,6,8.82248814126649,0.31929649303407615,0.35,1
2406,2821065,6,13.752600680162313,0.4977232156011167,0.35,0
2407,5642130,7,2.509349997892955,0.09081640477073726,0.35,1
2408,1316497,5,56.75693646044549,2.0541020262087466,0.35,0
2409,2632994,6,10.39855967848947,0.37633642400913575,0.35,0
2410,3949491,6,16.209318294808167,0.5866347909040512,0.35,0
2411,7898982,7,2.958088966844238,0.10705680960661199,0.35,1
2412,6582485,6,23.029051294129943,0.8334491583756313,0.35,0
2413,13164970,7,4.203490691191188,0.1521294009930016,0.35,1
2414,19747455,7,6.553094690370338,0.23716440528477806,0.35,1
2415,39494910,8,1.1919449567617042,0.04313792645450152,0.35,1
2416,2068781,5,67.18346219926282,2.431450575691296,0.35,0
2417,4137562,6,12.312237630973375,0.4455947385844419,0.35,0
2418,6206343,6,19.19222072047311,0.6945896295308936,0.35,0
2419,12412686,7,3.503305852697986,0.12678886668717515,0.35,1
2420,10343905,6,27.266571747854535,0.9868101375426941,0.35,0
2421,20687810,7,4.9781917585234785,0.18016676754858268,0.35,1
2422,31031715,7,7.760773536493602,0.2808717601833297,0.35,1
2423,62063430,8,1.4119196771821079,0.05109907705756751,0.35,1
2424,14481467,6,32.136491598477186,1.1630584140790712,0.35,0
2425,28962934,7,5.86828257289028,0.21238022830460548,0.35,1
2426,43444401,7,9.14834277077222,0.3310895653254901,0.35,1
2427,86888802,8,1.6646041188143634,0.06024403194620859,0.35,1
2428,72407335,7,12.999467939404736,0.47046643281347605,0.35,0
2429,144814670,8,2.365775382973421,0.08562026618732577,0.35,1
2430,217222005,8,3.6884638663535965,0.1334899586547417,0.35,1
2431,434444010,9,0.6691258407082018,0.02421647169320386,0.35,1
2432,16169,3,202.47689228748763,7.327883086114581,0.35,0
2433,32338,4,37.39914829036918,1.353520310865731,0.35,0
2434,48507,4,58.28491804259541,2.109401523673539,0.35,0
2435,97014,5,10.712750174184473,0.38770735722136807,0.35,0
2436,80845,4,82.77369747961814,2.9956800051772716,0.35,0
2437,161690,5,15.217600255806788,0.5507433182422001,0.35,0
2438,242535,5,23.71900251046654,0.8584193255454163,0.35,0
2439,485070,6,4.341741412200669,0.15713286143079855,0.35,1
2440,113183,4,97.5266345171971,3.5296066007844926,0.35,0
2441,226366,5,17.933514279058247,0.6490355243773476,0.35,0
2442,339549,5,27.952021565836844,1.0116173936736361,0.35,0
2443,679098,6,5.117505610728513,0.1852087039873603,0.35,1
2444,565915,5,39.70503889786996,1.4369732747582413,0.35,0
2445,1131830,6,7.270891946432548,0.2631423542375375,0.35,1
2446,1697745,6,11.334049601747061,0.41019293330470813,0.35,0
2447,3395490,7,2.0674927607466835,0.07482505811393372,0.35,1
2448,177859,4,115.41370948443054,4.176961430422765,0.35,0
2449,355718,5,21.229205984886885,0.768310584535322,0.35,0
2450,533577,5,33.0885610864516,1.197514957830383,0.35,0
2451,1067154,6,6.059555237057629,0.21930261685350663,0.35,1
2452,889295,5,47.0006246250003,1.7010093267203104,0.35,0
2453,1778590,6,8.609229201883183,0.31157839465151693,0.35,1
2454,2667885,6,13.420182294463132,0.48569259305175494,0.35,0
2455,5335770,7,2.4486243307566116,0.08861866959180328,0.35,1
2456,1245013,5,55.38690606195023,2.004518972699896,0.35,0
2457,2490026,6,10.147216973575926,0.36724002819158663,0.35,0
2458,3735039,6,15.817538710966968,0.5724558149553358,0.35,0
2459,7470078,7,2.886507294191436,0.10446618248673559,0.35,1
2460,6225065,6,22.47247569875752,0.8133060158896096,0.35,0
2461,12450130,7,4.101777997025189,0.14844829584168437,0.35,1
2462,18675195,7,6.394533388767223,0.23142588042397552,0.35,1
2463,37350390,8,1.1630736500507723,0.04209303902201035,0.35,1
2464,210197,4,121.4442718019372,4.3952147585283345,0.35,0
2465,420394,5,22.341192096796036,0.8085547038982549,0.35,0
2466,630591,5,34.82162367297934,1.2602365843405476,0.35,0
2467,1261182,6,6.377615632780808,0.2308136064180517,0.35,1
2468,1050985,5,49.462053159999115,1.7900913959160765,0.35,0
2469,2101970,6,9.06107153011409,0.32793111380493367,0.35,1
2470,3152955,6,14.124478204252483,0.5111819119891338,0.35,0
2471,6305910,7,2.577374397327784,0.09327828987984799,0.35,1
2472,1471379,5,58.28723965608958,2.109485545667675,0.35,0
2473,2942758,6,10.679732367491262,0.3865124029504172,0.35,0
2474,4414137,6,16.64757693429735,0.6024958999687662,0.35,0
2475,8828274,7,3.038269913469143,0.10995865482935994,0.35,1
2476,7356895,6,23.65160967424417,0.8559802974711509,0.35,0
2477,14713790,7,4.317414802639529,0.1562524520728137,0.35,1
2478,22070685,7,6.73068592776993,0.24359164648786247,0.35,1
2479,44141370,8,1.2243199094239827,0.0443096150622604,0.35,1
2480,2312167,5,68.99453341947466,2.4969954287972786,0.35,0
2481,4624334,6,12.645098148412096,0.45764136241503334,0.35,0
2482,6936501,6,19.71103990708345,0.7133663220184273,0.35,0
2483,13873002,7,3.5982508199197087,0.1302250396329151,0.35,1
2484,11560835,6,28.00355754569346,1.01348254297957,0.35,0
2485,23121670,7,5.113091370297841,0.1850489472989574,0.35,1
2486,34682505,7,7.971060997939974,0.28848231719329653,0.35,1
2487,69365010,8,1.450264233068067,0.05248681281025942,0.35,1
2488,16185169,6,33.00500524244113,1.19449097099834,0.35,0
2489,32370338,7,6.027285716294632,0.2181347439534206,0.35,1
2490,48555507,7,9.396202658532575,0.34005991378711353,0.35,1
2491,97111014,8,1.709806900625753,0.061879975171822185,0.35,1
2492,80925845,7,13.351622837481438,0.4832113435643022,0.35,0
2493,161851690,8,2.4300113602709854,0.08794504372732533,0.35,1
2494,242777535,8,3.7886073530836013,0.13711427229519108,0.35,1
2495,485555070,9,0.68733017350064,0.02487530846641105,0.35,1
2496,274873,4,130.47056181523078,4.721887087264321,0.35,0
2497,549746,5,24.006536441137428,0.8688255254996096,0.35,0
2498,824619,5,37.41706961631067,1.3541689052794623,0.35,0
2499,1649238,6,6.854187481849346,0.248061316774793,0.35,1
2500,1374365,5,53.148198431066476,1.9234974418092698,0.35,0
2501,2748730,6,9.738081032045718,0.35243290471201494,0.35,0
2502,4123095,6,15.17973191223138,0.5493728171877321,0.35,0
2503,8246190,7,2.7703689908470452,0.10026299713006268,0.35,1
2504,1924111,5,62.63057155972438,2.26667596890292,0.35,0
2505,3848222,6,11.477600569207087,0.41538821605802173,0.35,0
2506,5772333,6,17.891206153674737,0.6475043422612035,0.35,0
2507,11544666,7,3.2657559077053637,0.11819164749661541,0.35,1
2508,9620555,6,25.418236654534827,0.919916659897954,0.35,0
2509,19241110,7,4.64063832182484,0.16795030130644123,0.35,1
2510,28861665,7,7.234547199263099,0.2618269939757158,0.35,1
2511,57723330,8,1.3161595049889387,0.04763340086010096,0.35,1
2512,3023603,5,74.13481713233753,2.6830284997900704,0.35,0
2513,6047206,6,13.589649475307677,0.4918258148437955,0.35,0
2514,9070809,6,21.18329049339378,0.766648847486211,0.35,0
2515,18141618,7,3.8676275475718533,0.13997410849728856,0.35,1
2516,15118015,6,30.094919521619058,1.0891714567968007,0.35,0
2517,30236030,7,5.4958303323858235,0.19890073223597313,0.35,1
2518,45354045,7,8.567694328138115,0.3100751974453477,0.35,1
2519,90708090,8,1.5590391310030314,0.05642350763882146,0.35,1
2520,21165221,6,35.46962703199986,1.2836886079303298,0.35,0
2521,42330442,7,6.478414776507118,0.23446164907646083,0.35,1
2522,63495663,7,10.099442571606438,0.3655110149289553,0.35,0
2523,126991326,8,1.8380378643187496,0.06652080850023924,0.35,1
2524,105826105,7,14.35078253511141,0.5193721388327037,0.35,0
2525,211652210,8,2.6122370243827544,0.09454001042606672,0.35,1
2526,317478315,8,4.072697291931415,0.14739583002901088,0.35,1
2527,634956630,9,0.7389653383750976,0.026744047397839515,0.35,1
2528,3573349,5,78.01569601968276,2.8234821902658096,0.35,0
2529,7146698,6,14.302629183772117,0.5176294109350534,0.35,0
2530,10720047,6,22.294602121220223,0.8068685564562064,0.35,0
2531,21440094,7,4.0709258951746605,0.14733172104261757,0.35,1
2532,17866745,6,31.67357683789073,1.146304970236216,0.35,0
2533,35733490,7,5.784685698253585,0.2093547565246826,0.35,1
2534,53600235,7,9.017979360094259,0.3263715561671962,0.35,1
2535,107200470,8,1.6411190724612135,0.05939407977634066,0.35,1
2536,25013443,6,37.33005396435877,1.3510197038226353,0.35,0
2537,50026886,7,6.818887087618217,0.24678375290616061,0.35,1
2538,75040329,7,10.630188600432978,0.38471935422990783,0.35,0
2539,150080658,8,1.93479970717652,0.07002273636789917,0.35,1
2540,125067215,7,15.104870832765931,0.546663504377635,0.35,0
2541,250134430,8,2.7497438807608567,0.09951654950513945,0.35,1
2542,375201645,8,4.28707156976841,0.1551542938562277,0.35,1
2543,750403290,9,0.7779234401537356,0.02815398811683016,0.35,1
2544,39306839,6,44.19683310061398,1.5995367277663033,0.35,0
2545,78613678,7,8.075243935551722,0.2922528234360676,0.35,1
2546,117920517,7,12.588676913623283,0.4555994098374543,0.35,0
2547,235841034,8,2.2917778253648255,0.08294220527534818,0.35,1
2548,196534195,7,17.887541916219945,0.6473717290856201,0.35,0
2549,393068390,8,3.2570459559620826,0.11787642383163618,0.35,1
2550,589602585,8,5.07796443895035,0.18377766126142328,0.35,1
2551,1179205170,9,0.9216231667234811,0.03335465464185071,0.35,1
2552,275147873,7,21.08489518948463,0.7630878026917995,0.35,0
2553,550295746,8,3.839813045590591,0.13896746810334276,0.35,1
2554,825443619,8,5.98651441759279,0.21665918144956736,0.35,1
2555,1650887238,9,1.086666344611082,0.03932776642788086,0.35,1
2556,1375739365,8,8.507772073320252,0.30790653872779783,0.35,1
2557,2751478730,9,1.5445822399862652,0.05590029530598327,0.35,1
2558,4127218095,9,2.4083097114819956,0.0871596348675536,0.35,1
2559,8254436190,10,0.4359439678497591,0.015777338304679915,0.35,1
2560,1073,2,318.93434581155253,11.542618872948397,0.35,0
2561,2146,3,59.17005760239394,2.141435792551437,0.35,0
2562,3219,3,92.20281234915264,3.336931051599833,0.35,0
2563,6438,4,17.011761615465574,0.6156761830875207,0.35,0
2564,5365,3,130.9139535097188,4.737933967784143,0.35,0
2565,10730,4,24.160869781006053,0.8744110353228298,0.35,0
2566,16095,4,37.654500645018274,1.362761820746156,0.35,0
2567,32190,5,6.915893736282847,0.25029454059140865,0.35,1
2568,7511,3,154.21985758413703,5.58140276239134,0.35,0
2569,15022,4,28.468554700229557,1.0303113511725484,0.35,0
2570,22533,4,44.367713593580774,1.6057210990296689,0.35,0
2571,45066,5,8.150501701042032,0.29497649279213517,0.35,1
2572,37555,4,63.010963153117544,2.2804427997340064,0.35,0
2573,75110,5,11.57819299021396,0.4190287771717362,0.35,0
2574,112665,5,18.046680835589523,0.6531311586304747,0.35,0
2575,225330,6,3.30189713215457,0.11949964202557517,0.35,1
2576,11803,3,182.45601278532558,6.603303295228006,0.35,0
2577,23606,4,33.692478503161986,1.219371457963932,0.35,0
2578,35409,4,52.5086061813051,1.9003498264143153,0.35,0
2579,70818,5,9.648908720492178,0.34920565114149327,0.35,1
2580,59015,4,74.57137707202259,2.69882813085884,0.35,0
2581,118030,5,13.70655116038616,0.4960566279066936,0.35,0
2582,177045,5,21.363929229327013,0.7731863813390262,0.35,0
2583,354090,6,3.9098740783579493,0.14150306143061833,0.35,1
2584,82621,4,87.86329969049702,3.179878851449546,0.35,0
2585,165242,5,16.15292998128743,0.5845940297868939,0.35,0
2586,247863,5,25.176875678714563,0.9111815149024936,0.35,0
2587,495726,6,4.608510415476968,0.16678755360294248,0.35,1
2588,413105,5,35.76342618089608,1.2943215536931214,0.35,0
2589,826210,6,6.5477821511030285,0.23697213807738748,0.35,1
2590,1239315,6,10.206904261200425,0.36940018316284434,0.35,0
2591,2478630,7,1.861555533946373,0.06737194134578095,0.35,1
2592,13949,3,191.96935557507703,6.947602651731601,0.35,0
2593,27898,4,35.45404325611015,1.2831246122739863,0.35,0
2594,41847,4,55.25374036995178,1.9996995455987499,0.35,0
2595,83694,5,10.154554006590605,0.36750556427090475,0.35,0
2596,69745,4,78.46941881613928,2.8399029658337076,0.35,0
2597,139490,5,14.42475026811455,0.5220491203562169,0.35,0
2598,209235,5,22.483287621764894,0.8136973124313484,0.35,0
2599,418470,6,4.115162541508179,0.14893269865933031,0.35,1
2600,97643,4,92.4556414101526,3.3460812404379214,0.35,0
2601,195286,5,16.9992343495124,0.6152228062144541,0.35,0
2602,292929,5,26.495886325755478,0.9589181020342858,0.35,0
2603,585858,6,4.850460567900181,0.17554402161069682,0.35,1
2604,488215,5,37.63683955950887,1.3621226447477266,0.35,0
2605,976430,6,6.891509429022167,0.2494120430840464,0.35,1
2606,1464645,6,10.742686476910182,0.3887907881448981,0.35,0
2607,2929290,7,1.959456592125683,0.07091509879076124,0.35,1
2608,153439,4,109.41346318120515,3.9598052754601674,0.35,0
2609,306878,5,20.12335936084954,0.7282886606477588,0.35,0
2610,460317,5,31.365043585059457,1.1351387794705259,0.35,0
2611,920634,6,5.743383877386306,0.20785999378341463,0.35,1
2612,767195,5,44.552692572350104,1.612415711508637,0.35,0
2613,1534390,6,8.160060819426098,0.2953224488226402,0.35,1
2614,2301585,6,12.720045886521847,0.4603538115060496,0.35,0
2615,4603170,7,2.3206839322237096,0.08398835216719143,0.35,1
2616,1074073,5,52.50241808493857,1.9001258717388596,0.35,0
2617,2148146,6,9.617843723251985,0.348081371401347,0.35,1
2618,3222219,6,14.992388191850075,0.5425926218559965,0.35,0
2619,6444438,7,2.7356967396179437,0.09900816651473252,0.35,1
2620,5370365,6,21.30025948294672,0.7708820963792644,0.35,0
2621,10740730,7,3.8874898407569245,0.14069294885797362,0.35,1
2622,16111095,7,6.060479635716274,0.21933607195655064,0.35,1
2623,32222190,8,1.102230826046503,0.039891063794638276,0.35,1
2624,18241,3,206.20129237653612,7.462673620037393,0.35,0
2625,36482,4,38.09106194821005,1.3785615011618795,0.35,0
2626,54723,4,59.363064780333076,2.148420955246994,0.35,0
2627,109446,5,10.911907465575018,0.39491509994484403,0.35,0
2628,91205,4,84.30439855878596,3.0510779245211,0.35,0
2629,182410,5,15.500435955969154,0.5609794835643467,0.35,0
2630,273615,5,24.15978505798215,0.8743717778875235,0.35,0
2631,547230,6,4.422782703655043,0.16006584357121087,0.35,1
2632,127687,4,99.3297395488106,3.5948631479113033,0.35,0
2633,255374,5,18.266761554750413,0.6610961454558808,0.35,0
2634,383061,5,28.471364213643092,1.030413030853576,0.35,0
2635,766122,6,5.213010249356056,0.18866513211670252,0.35,1
2636,638435,5,40.44256491354639,1.463665231330605,0.35,0
2637,1276870,6,7.4065540376659,0.2680521290397125,0.35,1
2638,1915305,6,11.545497077873877,0.4178454726458953,0.35,0
2639,3830610,7,2.106215814108163,0.07622649214704504,0.35,1
2640,200651,4,117.546768394943,4.254159406623609,0.35,0
2641,401302,5,21.62357523763362,0.7825832837270066,0.35,0
2642,601953,5,33.70315208858506,1.2197577479015456,0.35,0
2643,1203906,6,6.172610585997398,0.22339422636968898,0.35,1
2644,1003255,5,47.87339886786521,1.7325960798556037,0.35,0
2645,2006510,6,8.76981920840636,0.3173903407916689,0.35,1
2646,3009765,6,13.670481108399304,0.494751209195039,0.35,0
2647,6019530,7,2.4944748931175997,0.09027805677726479,0.35,1
2648,1404557,5,56.41519753381289,2.0417340820347403,0.35,0
2649,2809114,6,10.336461501786497,0.37408901605260625,0.35,0
2650,4213671,6,16.11249734972329,0.5831307240554663,0.35,0
2651,8427342,7,2.9405486625066675,0.10642200482455277,0.35,1
2652,7022785,6,22.89143846539225,0.8284687840289747,0.35,0
2653,14045570,7,4.178556532512205,0.1512270036992364,0.35,1
2654,21068355,7,6.514215253253729,0.23575731153484072,0.35,1
2655,42136710,8,1.1849196611578845,0.042883672528295017,0.35,1
2656,237133,4,123.68847583010009,4.476435210669684,0.35,0
2657,474266,5,22.756168671811263,0.8235732069522737,0.35,0
2658,711399,5,35.46832695117476,1.2836415564362988,0.35,0
2659,1422798,6,6.496592638865049,0.235119527852698,0.35,1
2660,1185665,5,50.38042333788397,1.823328320966068,0.35,0
2661,2371330,6,9.230071962957027,0.3340474434235127,0.35,1
2662,3556995,6,14.38788478697669,0.5207149141036433,0.35,0
2663,7113990,7,2.625631290797296,0.09502476509214816,0.35,1
2664,1659931,5,59.369245591438855,2.1486446462600712,0.35,0
2665,3319862,6,10.878887044260525,0.3937200510475936,0.35,0
2666,4979793,6,16.95798058563796,0.6137297827137533,0.35,0
2667,9959586,7,3.0951472382999685,0.11201711385598047,0.35,1
2668,8299655,6,24.092508015422727,0.871936940525663,0.35,0
2669,16599310,7,4.398222049907414,0.15917696387166655,0.35,1
2670,24898965,7,6.856647341385766,0.2481503420600367,0.35,1
2671,49797930,8,1.2473143708241243,0.045141812370628635,0.35,1
2672,2608463,5,70.27490174286805,2.543333503601734,0.35,0
2673,5216926,6,12.880838400385228,0.46617308663123447,0.35,0
2674,7825389,6,20.07846284538515,0.726663801570853,0.35,0
2675,15650778,7,3.665594906045221,0.13266230338234236,0.35,1
2676,13042315,6,28.525438050037675,1.0323700282503683,0.35,0
2677,26084630,7,5.208767725925026,0.18851159007374904,0.35,1
2678,39126945,7,8.120199054995972,0.2938798034617292,0.35,1
2679,78253890,8,1.4774963655257156,0.05347237654832736,0.35,1
2680,18259241,6,33.619980414628806,1.216747664647391,0.35,0
2681,36518482,7,6.140050224599348,0.22221582759602657,0.35,1
2682,54777723,7,9.571976419472998,0.34642137832376413,0.35,1
2683,109555446,8,1.741907930303084,0.06304175017617863,0.35,1
2684,91296205,7,13.601339431699783,0.49224888847336057,0.35,0
2685,182592410,8,2.47562576169656,0.08959588396352923,0.35,1
2686,273888615,8,3.859717153439909,0.13968782178718994,0.35,1
2687,547777230,9,0.7002728540509794,0.0253437196950818,0.35,1
2688,20387,3,211.72835747289142,7.662704776076323,0.35,0
2689,40774,4,39.11578767819956,1.4156475619951068,0.35,0
2690,61161,4,60.95989102171845,2.2062120240129923,0.35,0
2691,122322,5,11.206359234760418,0.4055716648234998,0.35,0
2692,101935,4,86.57172258473038,3.1331351172839605,0.35,0
2693,203870,5,15.918641409271501,0.5761148436202681,0.35,0
2694,305805,5,24.811564841893826,0.8979604748516015,0.35,0
2695,611610,6,4.542432984407694,0.1643961316286318,0.35,1
2696,142709,4,102.00077362907805,3.6915310947476105,0.35,0
2697,285418,5,18.759540871908726,0.6789304236423731,0.35,0
2698,428127,5,29.23936383926323,1.0582078641461252,0.35,0
2699,856254,6,5.354023022126929,0.19376855454105812,0.35,1
2700,713545,5,41.5333081816824,1.5031405465409875,0.35,0
2701,1427090,6,7.606874709933456,0.275301975921125,0.35,1
2702,2140635,6,11.857736990897305,0.4291458119172308,0.35,0
2703,4281270,7,2.1633189394182395,0.07829312316551139,0.35,1
2704,224257,4,120.70696977997441,4.368530908558789,0.35,0
2705,448514,5,22.206798835878363,0.8036908495964609,0.35,0
2706,672771,5,34.61210123986411,1.2526537146291403,0.35,0
2707,1345542,6,6.339552549021039,0.2294360574812943,0.35,1
2708,1121285,5,49.16430254619052,1.7793154418693782,0.35,0
2709,2242570,6,9.006971036405297,0.32597315164776947,0.35,1
2710,3363855,6,14.040126726772936,0.5081291302216543,0.35,0
2711,6727710,7,2.5620942216039486,0.09272528187990019,0.35,1
2712,1569799,5,57.936233129397905,2.0967821958631565,0.35,0
2713,3139598,6,10.615946486373886,0.3842039149343661,0.35,0
2714,4709397,6,16.548124748356738,0.5988966053381641,0.35,0
2715,9418794,7,3.0202519981854437,0.10930656473076736,0.35,1
2716,7848995,6,23.51025743714813,0.8508645894231934,0.35,0
2717,15697990,7,4.2918017694263035,0.15532548549037134,0.35,1
2718,23546985,7,6.690747990180309,0.24214624432838175,0.35,1
2719,47093970,8,1.2171030110899013,0.044048426802014706,0.35,1
2720,265031,4,127.01350435671327,4.596772005776267,0.35,0
2721,530062,5,23.369893719734577,0.8457846570955156,0.35,0
2722,795093,5,36.42480885077687,1.3182577906894268,0.35,0
2723,1590186,6,6.672285203578728,0.24147805379991308,0.35,1
2724,1325155,5,51.73882477131043,1.8724905081949497,0.35,0
2725,2650310,6,9.479653144098624,0.34308008756990366,0.35,1
2726,3975465,6,14.776902625324187,0.5347939391499975,0.35,0
2727,7950930,7,2.6968017402036453,0.09760050954646084,0.35,1
2728,1855217,5,60.96980331277667,2.2065707617887926,0.35,0
2729,3710434,6,11.173018727266312,0.4043650316211211,0.35,0
2730,5565651,6,17.416435994708625,0.630321837243594,0.35,0
2731,11131302,7,3.1790359565329642,0.11505314780785769,0.35,1
2732,9276085,6,24.743750890354654,0.8955062061058084,0.35,0
2733,18552170,7,4.517413407037319,0.16349064292933968,0.35,1
2734,27828255,7,7.042448671562254,0.25487471642886445,0.35,1
2735,55656510,8,1.2811906000101558,0.046367833987560586,0.35,1
2736,2915341,5,72.16909475520396,2.611886634678166,0.35,0
2737,5830682,6,13.229036554857009,0.47877479805590034,0.35,0
2738,8746023,6,20.62118572817328,0.7463055976706455,0.35,0
2739,17492046,7,3.7649294639700916,0.1362573409130982,0.35,1
2740,14576705,6,29.296372544553385,1.060271077990122,0.35,0
2741,29153410,7,5.349903082026833,0.19361944893678779,0.35,1
2742,43730115,7,8.34020613547384,0.3018421252143278,0.35,1
2743,87460230,8,1.5176186899556403,0.05492445189008138,0.35,1
2744,20407387,6,34.52849513901231,1.2496279089413582,0.35,0
2745,40814774,7,6.306402278992727,0.22823630920238608,0.35,1
2746,61222161,7,9.831290950291091,0.3558062841413998,0.35,0
2747,122444322,8,1.789206190719034,0.06475353130136781,0.35,1
2748,102036935,7,13.969766045976236,0.5055826922705741,0.35,0
2749,204073870,8,2.5428390872680584,0.09202841533070161,0.35,1
2750,306110805,8,3.9645019077559147,0.1434801085027757,0.35,1
2751,612221610,9,0.71932322396154,0.026033175572612817,0.35,1
2752,346579,4,136.4526407329032,4.938385742618896,0.35,0
2753,693158,5,25.111745443713026,0.9088243730969745,0.35,0
2754,1039737,5,39.13947743985765,1.416504923058916,0.35,0
2755,2079474,6,7.1708328065718145,0.25952109321207895,0.35,1
2756,1732895,5,55.594257368463964,2.012023266719425,0.35,0
2757,3465790,6,10.187875088742521,0.3687114944467066,0.35,0
2758,5198685,6,15.880801947439842,0.5747453878309616,0.35,0
2759,10397370,7,2.8987233357797786,0.10490829577444541,0.35,1
2760,2426053,5,65.51256875645723,2.3709789255197298,0.35,0
2761,4852106,6,12.007665714710686,0.4345719133698098,0.35,0
2762,7278159,6,18.717385809083474,0.6774047810449322,0.35,0
2763,14556318,7,3.41704293508301,0.12366690759442024,0.35,1
2764,12130265,6,26.59178844569616,0.9623889154920411,0.35,0
2765,24260530,7,4.8555831403406,0.17572941368936545,0.35,1
2766,36390795,7,7.569606838830444,0.2739532066900983,0.35,1
2767,72781590,8,1.377289463797592,0.04984576784256523,0.35,1
2768,3812369,5,77.54534236228136,2.8064595237697727,0.35,0
2769,7624738,6,14.217118055997535,0.5145346600239014,0.35,0
2770,11437107,6,22.161278482049664,0.8020434130562868,0.35,0
2771,22874214,7,4.046762018340157,0.1464572011783997,0.35,1
2772,19061845,6,31.484086943928453,1.1394471022925285,0.35,0
2773,38123690,7,5.750336658057311,0.2081116233066897,0.35,1
2774,57185535,7,8.964420110916985,0.32443318230281526,0.35,1
2775,114371070,8,1.6314373440321825,0.0590436863403395,0.35,1
2776,26686583,6,37.10664812490756,1.3429343768810833,0.35,0
2777,53373166,7,6.77838485235866,0.24531792813299622,0.35,1
2778,80059749,7,10.567035117518888,0.38243375346802777,0.35,0
2779,160119498,8,1.9233823362634694,0.06960952793578414,0.35,1
2780,133432915,7,15.015099620128147,0.5434145758541056,0.35,0
2781,266865830,8,2.7335120016522274,0.09892909821115625,0.35,1
2782,400298745,8,4.261759987508033,0.15423823714756751,0.35,1
2783,800597490,9,0.7733583755136593,0.027988772918270427,0.35,1
2784,4505527,5,81.60440594725875,2.953361933490615,0.35,0
2785,9011054,6,14.962961210886451,0.5415276239016987,0.35,0
2786,13516581,6,23.32380841658,0.844116774357443,0.35,0
2787,27033162,7,4.259462120170567,0.15415507455550026,0.35,1
2788,22527635,6,33.135487593271115,1.1992132847442758,0.35,0
2789,45055270,7,6.052548190911423,0.21904902339719506,0.35,1
2790,67582905,7,9.435523557004311,0.3414829845562596,0.35,1
2791,135165810,8,1.7173237191440534,0.062152017905486016,0.35,1
2792,31538689,6,39.05278868231744,1.4133675523053526,0.35,0
2793,63077378,7,7.134597845749259,0.25820970625064427,0.35,1
2794,94616067,7,11.122316200134332,0.4025300459751237,0.35,0
2795,189232134,8,2.024630935461909,0.07327383693014382,0.35,1
2796,157693445,7,15.804041516905503,0.5719673352134965,0.35,0
2797,315386890,8,2.8773939528689154,0.10413635966606295,0.35,1
2798,473080335,8,4.486072241824895,0.16235636833699188,0.35,1
2799,946160670,9,0.8141274479971695,0.02946425485259561,0.35,1
2800,49560797,6,46.23600492950218,1.6733368171778622,0.35,0
2801,99121594,7,8.449049836858853,0.3057813101227808,0.35,1
2802,148682391,7,13.171358302396218,0.4766873524917717,0.35,0
2803,297364782,8,2.398164670061292,0.08679247357524598,0.35,1
2804,247803985,7,18.715351781816725,0.677331167143433,0.35,0
2805,495607970,8,3.4082196841986745,0.12334758349679399,0.35,1
2806,743411955,8,5.313635803181387,0.1923068923471025,0.35,1
2807,1486823910,9,0.9645081102426575,0.03490671250244329,0.35,1
2808,346925579,7,22.060544584891247,0.798397731749911,0.35,0
2809,693851158,8,4.018014618555114,0.14541679808709043,0.35,1
2810,1040776737,8,6.264319400631042,0.22671327904779562,0.35,1
2811,2081553474,9,1.1372257643096002,0.04115757284315562,0.35,1
2812,1734627895,8,8.902518248032537,0.32219287918029466,0.35,1
2813,3469255790,9,1.6164377304390354,0.05850083222249076,0.35,1
2814,5203883685,9,2.5203384303574627,0.09121408940274577,0.35,1
2815,10407767370,10,0.45627108567926505,0.01651300123020922,0.35,1
2816,24679,3,220.72105413937666,7.988161321050016,0.35,0
2817,49358,4,40.783881073579714,1.4760178750711783,0.35,0
2818,74037,4,63.55923919106032,2.3002855712205337,0.35,0
2819,148074,5,11.685881586634473,0.4229261574375141,0.35,0
2820,123395,4,90.26243056734653,3.2667062932145003,0.35,0
2821,246790,5,16.599685333014012,0.6007626451215274,0.35,0
2822,370185,5,25.87296983698516,0.9363740025543277,0.35,0
2823,740370,6,4.737354231323017,0.17145056679038395,0.35,1
2824,172753,4,106.34854649615636,3.848882241809343,0.35,0
2825,345506,5,19.562013819674917,0.7079728880666643,0.35,0
2826,518259,5,30.49000787685085,1.1034701811752505,0.35,0
2827,1036518,6,5.583742243294853,0.2020823703860866,0.35,1
2828,863765,5,43.30948349599254,1.5674224746991263,0.35,0
2829,1727530,6,7.933204282152585,0.28711223696250965,0.35,1
2830,2591295,6,12.366381631475376,0.4475542753049574,0.35,0
2831,5182590,7,2.2563725319947054,0.08166084498028076,0.35,1
2832,271469,4,125.85082803541043,4.554693346561152,0.35,0
2833,542938,5,23.1565320421527,0.8380628404935632,0.35,0
2834,814407,5,36.09223462777934,1.3062215282001695,0.35,0
2835,1628814,6,6.611505900225811,0.2392783774615718,0.35,1
2836,1357345,5,51.2663649240515,1.8553916161461659,0.35,0
2837,2714690,6,9.393290941344947,0.3399545352281594,0.35,1
2838,4072035,6,14.642272337875141,0.5299215065719833,0.35,0
2839,8144070,7,2.6722824605869446,0.09671312722664618,0.35,1
2840,1900283,5,60.412990332387764,2.1864190280525424,0.35,0
2841,3800566,6,11.071219987700712,0.40068081238295056,0.35,0
2842,5700849,6,17.25774239567191,0.6245785243790097,0.35,0
2843,11401698,7,3.1501298086326863,0.11400699943067687,0.35,1
2844,9501415,6,24.51826644248822,0.8873456518171923,0.35,0
2845,19002830,7,4.4763334759454825,0.16200391064682715,0.35,1
2846,28504245,7,6.978403142556572,0.2525568314423859,0.35,1
2847,57008490,8,1.269560944529319,0.045946942720746974,0.35,1
2848,320827,4,132.42558678913252,4.792641800443368,0.35,0
2849,641654,5,24.36928576003161,0.8819538611254351,0.35,0
2850,962481,5,37.982328401267125,1.374626302875623,0.35,0
2851,1924962,6,6.958490945645752,0.2518361850056409,0.35,1
2852,1604135,5,53.950774958327614,1.9525436549004853,0.35,0
2853,3208270,6,9.886216729903165,0.35779411439137965,0.35,0
2854,4812405,6,15.41059940026313,0.55772819019632,0.35,0
2855,9624810,7,2.812775729281613,0.1017977481715333,0.35,1
2856,2245789,5,63.57602179629902,2.300892953957794,0.35,0
2857,4491578,6,11.652146904506596,0.4217052585794393,0.35,0
2858,6737367,6,18.163232569039792,0.6573493065216172,0.35,0
2859,13474734,7,3.315732804245694,0.12000037169579167,0.35,1
2860,11228945,6,25.804566115278277,0.9338983893144156,0.35,0
2861,22457890,7,4.711632657990103,0.1705196720100211,0.35,1
2862,33686835,7,7.345204257915763,0.2658318064720905,0.35,1
2863,67373670,8,1.3364074775547066,0.04836619942302108,0.35,1
2864,3529097,5,75.25336173640146,2.723509978899039,0.35,0
2865,7058194,6,13.796223385044403,0.4993019739357822,0.35,0
2866,10587291,6,21.505228093398106,0.7783001577527989,0.35,0
2867,21174582,7,3.9267919772225204,0.14211534060747502,0.35,1
2868,17645485,6,30.552124587340515,1.1057182598918875,0.35,0
2869,35290970,7,5.579874704189961,0.20194239947843665,0.35,1
2870,52936455,7,8.698691050970652,0.3148161269348127,0.35,1
2871,105872910,8,1.5830152337845198,0.05729123173345026,0.35,1
2872,24703679,6,36.00832393907312,1.303184699110352,0.35,0
2873,49407358,7,6.577459216660317,0.23804618689493845,0.35,1
2874,74111037,7,10.25381846227578,0.37109806471700485,0.35,0
2875,148222074,8,1.866298045134154,0.06754357854904909,0.35,1
2876,123518395,7,14.570070443072302,0.5273084328639973,0.35,0
2877,247036790,8,2.6523889855339466,0.09599315835652976,0.35,1
2878,370555185,8,4.1352873797590695,0.1496610408427934,0.35,1
2879,741110370,9,0.7503815032046631,0.027157212180337707,0.35,1
2880,419543,4,142.26599334716718,5.148777989429954,0.35,0
2881,839086,5,26.185476716161425,0.9476840036529158,0.35,0
2882,1258629,5,40.81284195127655,1.477066004185746,0.35,0
2883,2517258,6,7.478386019710114,0.2706518151585438,0.35,1
2884,2097715,5,57.97070131377175,2.098029641052722,0.35,0
2885,4195430,6,10.624759157506945,0.3845228561380258,0.35,0
2886,6293145,6,16.56175453610547,0.5993898838055631,0.35,0
2887,12586290,7,3.023367248764526,0.10941930940878747,0.35,1
2888,2936801,5,68.31257596959045,2.4723145656824848,0.35,0
2889,5873602,6,12.522522028616809,0.4532051847116829,0.35,0
2890,8810403,6,19.51986592993312,0.7064475050717701,0.35,0
2891,17620806,7,3.563957881243826,0.12898393679664988,0.35,1
2892,14684005,6,27.7316902562631,1.0036433376787701,0.35,0
2893,29368010,7,5.064318492325163,0.1832837979847845,0.35,1
2894,44052015,7,7.894989045143341,0.2857291814160314,0.35,1
2895,88104030,8,1.4366422002929229,0.05199381500471356,0.35,1
2896,4614973,5,80.8588987480886,2.92638112825572,0.35,0
2897,9229946,6,14.826592230200886,0.536592265917156,0.35,0
2898,13844919,6,23.111226545465655,0.8364231798926406,0.35,0
2899,27689838,7,4.220721942400752,0.15275302076938513,0.35,1
2900,23074865,6,32.833442413962175,1.1882819051893299,0.35,0
2901,46149730,7,5.997493934796755,0.21705654342753766,0.35,1
2902,69224595,7,9.349692532082916,0.3383766561813044,0.35,1
2903,138449190,8,1.7017315666033628,0.06158771908803471,0.35,1
2904,32304811,6,38.69677020938442,1.4004828141178163,0.35,0
2905,64609622,7,7.069695676014672,0.25586081840237096,0.35,1
2906,96914433,7,11.021132457733225,0.3988680842265303,0.35,0
2907,193828866,8,2.006247236693278,0.07260850868579483,0.35,1
2908,161524055,7,15.660251033196838,0.5667633840780905,0.35,0
2909,323048110,8,2.8512646562942683,0.10319070888953105,0.35,1
2910,484572165,8,4.445332542399007,0.16088194944907017,0.35,1
2911,969144330,9,0.8067467497852622,0.029197138477093567,0.35,1
2912,5454059,5,85.09110461839903,3.0795497662352505,0.35,0
2913,10908118,6,15.604360185069478,0.5647406268338733,0.35,0
2914,16362177,6,24.32351225799673,0.8802972628461737,0.35,0
2915,32724354,7,4.442553172526709,0.1607813606991779,0.35,1
2916,27270295,6,34.55551017200215,1.2506056155876852,0.35,0
2917,54540590,7,6.312677334337568,0.22846341102821124,0.35,1
2918,81810885,7,9.841015511615483,0.3561582277515759,0.35,0
2919,163621770,8,1.7913141006083988,0.06482981910414284,0.35,1
2920,38178413,6,40.72617887673544,1.4739295629309148,0.35,0
2921,76356826,7,7.441196586154764,0.2693058846770275,0.35,1
2922,114535239,7,11.6002430242649,0.419826794514578,0.35,0
2923,229070478,8,2.111852644632246,0.07643049584638113,0.35,1
2924,190892065,7,16.48304462531818,0.5965412771450616,0.35,0
2925,381784130,8,3.0013371286433026,0.10862201277509471,0.35,1
2926,572676195,8,4.679295102496571,0.169349336850931,0.35,1
2927,1145352390,9,0.8492740404445682,0.030736252449062924,0.35,1
2928,59994649,6,48.216799133452135,1.745024149891313,0.35,0
2929,119989298,7,8.812071906471202,0.31891951692625925,0.35,1
2930,179983947,7,13.737233609394425,0.4971670627646575,0.35,0
2931,359967894,8,2.501462311648103,0.09053093988647697,0.35,1
2932,299973245,7,19.519294493145537,0.7064268240848032,0.35,0
2933,599946490,8,3.5550051770221986,0.12865992762651948,0.35,1
2934,899919735,8,5.54246743372941,0.20058858521643,0.35,1
2935,1799839470,9,1.0061409570815112,0.036413455473113074,0.35,1
2936,419962543,7,23.00807303578476,0.8326899298890268,0.35,0
2937,839925086,8,4.191044796182546,0.1516789690326182,0.35,1
2938,1259887629,8,6.5340640210833705,0.23647566239659007,0.35,1
2939,2519775258,9,1.1863093721531621,0.04293396784635246,0.35,1
2940,2099812715,8,9.285814957258273,0.33606484965932903,0.35,1
2941,4199625430,9,1.6861964122185265,0.06102548310263058,0.35,1
2942,6299438145,9,2.629098597581534,0.09515025110910319,0.35,1
2943,12598876290,10,0.4760019346533063,0.017227084466266935,0.35,1
2944,468901,4,146.08923573545556,5.287145745447641,0.35,0
2945,937802,5,26.89149811603921,0.9732357701589601,0.35,0
2946,1406703,5,41.913152020019744,1.516887553455559,0.35,0
2947,2813406,6,7.680582037036542,0.27796953304085065,0.35,1
2948,2344505,5,59.53333147952354,2.1545831125728525,0.35,0
2949,4689010,6,10.911984070059582,0.3949178723535886,0.35,0
2950,7033515,6,17.009441835061757,0.615592227435137,0.35,0
2951,14067030,7,3.105301424253359,0.11238460609996188,0.35,1
2952,3282307,5,70.15373413882368,2.538948301783242,0.35,0
2953,6564614,6,12.861011241043679,0.4654555178067469,0.35,0
2954,9846921,6,20.04745414269872,0.725541559198545,0.35,0
2955,19693842,7,3.660532398080549,0.13247908510953835,0.35,1
2956,16411535,6,28.48112163666209,1.0307661637681382,0.35,0
2957,32823070,7,5.201531650248044,0.18824970776232006,0.35,1
2958,49234605,7,8.108881436787975,0.2934702052003942,0.35,1
2959,98469210,8,1.475653018795954,0.05340566360557987,0.35,1
2960,5157911,5,83.03776894255903,3.0052370701092173,0.35,0
2961,10315822,6,15.227291441491852,0.5510940539477104,0.35,0
2962,15473733,6,23.735773465600914,0.8590262866513418,0.35,0
2963,30947466,7,4.335075490490416,0.15689161367950172,0.35,1
2964,25789555,6,33.720588710561834,1.2203888002938412,0.35,0
2965,51579110,7,6.159965382113352,0.22293658118057375,0.35,1
2966,77368665,7,9.602956478834988,0.3475425840595931,0.35,1
2967,154737330,8,1.7479342721242355,0.06325985075942771,0.35,1
2968,36105377,6,39.74221789417007,1.4383188275028944,0.35,0
2969,72210754,7,7.261193071328503,0.26279134024267453,0.35,1
2970,108316131,7,11.319641175055509,0.4096714749542874,0.35,0
2971,216632262,8,2.0607126367416204,0.0745796772437655,0.35,1
2972,180526885,7,16.084355627640626,0.5821122411711532,0.35,0
2973,361053770,8,2.9286615760932957,0.10599179682161657,0.35,1
2974,541580655,8,4.5659922696121,0.16524877059212,0.35,1
2975,1083161310,9,0.828689846898761,0.02999128564311521,0.35,1
2976,6095713,5,87.3838371853936,3.1625265247623857,0.35,0
2977,12191426,6,16.02605005997721,0.5800020923127817,0.35,0
2978,18287139,6,24.980773933336256,0.9040843560767107,0.35,0
2979,36574278,7,4.562909542993081,0.1651372029954653,0.35,1
2980,30478565,6,35.48912098170208,1.284394117495844,0.35,0
2981,60957130,7,6.483676580461667,0.23465208011165395,0.35,1
2982,91435695,7,10.107571984305224,0.36580522818530503,0.35,0
2983,182871390,8,1.8399463554385052,0.0665898790970785,0.35,1
2984,42669991,6,41.826376791370926,1.5137470532082196,0.35,0
2985,85339982,7,7.642744432435749,0.2766001444669705,0.35,1
2986,128009973,7,11.914417585845495,0.43119715105198014,0.35,0
2987,256019946,8,2.1691818667447764,0.07850530958098761,0.35,1
2988,213349955,7,16.929403987638434,0.61269556114519,0.35,0
2989,426699910,8,3.0828032369367095,0.11157036954959133,0.35,1
2990,640049865,8,4.8062982485468435,0.1739457339770965,0.35,1
2991,1280099730,9,0.872372717647702,0.03157222145311171,0.35,1
2992,67052843,6,49.51911842331428,1.792156656663254,0.35,0
2993,134105686,7,9.050712755872608,0.32755621726390394,0.35,1
2994,201158529,7,14.109226235995594,0.5106299248514562,0.35,0
2995,402317058,8,2.5693584973879404,0.09298818478723443,0.35,1
2996,335264215,7,20.047790843274306,0.7255537447987143,0.35,0
2997,670528430,8,3.6514860052260074,0.13215168523471696,0.35,1
2998,1005792645,8,5.692877040738083,0.20603209041218862,0.35,1
2999,2011585290,9,1.0335026617542893,0.03740370858601757,0.35,1
3000,469369901,7,23.63096370234988,0.855233094832216,0.35,0
3001,938739802,8,4.304776645886669,0.15579506192788076,0.35,1
3002,1408109703,8,6.711366449230601,0.24289245124428924,0.35,1
3003,2816219406,9,1.2185679804595229,0.044101445811463365,0.35,1
3004,2346849505,8,9.537756591643523,0.3451829214572624,0.35,1
3005,4693699010,9,1.7320433197410934,0.06268473801507887,0.35,1
3006,7040548515,9,2.7005783636330736,0.09773719010609644,0.35,1
3007,14081097030,10,0.488968099746318,0.01769634562887873,0.35,1
3008,7971317,5,93.89141484944653,3.398043613933639,0.35,0
3009,15942634,6,17.222705152963133,0.6233104842815491,0.35,0
3010,23913951,6,26.84593614463865,0.9715868274286353,0.35,0
3011,47827902,7,4.904391898762152,0.17749586156028455,0.35,1
3012,39856585,6,38.138527744893025,1.3802793456267595,0.35,0
3013,79713170,7,6.968850342787786,0.25221110409019337,0.35,1
3014,119569755,7,10.86387275462816,0.39317666578617416,0.35,0
3015,239139510,8,1.9779082883051786,0.07158288794347044,0.35,1
3016,55799219,6,44.94855155224741,1.6267423257237412,0.35,0
3017,111598438,7,8.214597494503696,0.29729619690993614,0.35,1
3018,167397657,7,12.80583172397247,0.46345850449190423,0.35,0
3019,334795314,8,2.3318167620534824,0.08439126271411129,0.35,1
3020,278996095,7,18.195880487379704,0.6585308740866715,0.35,0
3021,557992190,8,3.3139129403949665,0.11993450862677615,0.35,1
3022,836988285,8,5.166592774431385,0.18698522768139691,0.35,1
3023,1673976570,9,0.9378916560398248,0.033943430903433214,0.35,1
3024,87684487,6,53.21492611377023,1.9259123971749725,0.35,0
3025,175368974,7,9.72781756695821,0.35206145752428897,0.35,0
3026,263053461,7,15.164700562901674,0.5488288145152779,0.35,0
3027,526106922,8,2.7619722725384848,0.09995910976110403,0.35,1
3028,438422435,7,21.547335330028822,0.7798240694625418,0.35,0
3029,876844870,8,3.925193406154761,0.14205748639133686,0.35,1
3030,1315267305,8,6.119577474211505,0.22147489405245802,0.35,1
3031,2630534610,9,1.111114280213057,0.04021256672170285,0.35,1
3032,613791409,7,25.398353896482284,0.9191970788890176,0.35,0
3033,1227582818,8,4.627425774041434,0.16747212325692323,0.35,1
3034,1841374227,8,7.2143630806865495,0.26109650636572607,0.35,1
3035,3682748454,9,1.310070232546953,0.047413022741737636,0.35,1
3036,3068957045,8,10.252506224931594,0.3710505732638776,0.35,0
3037,6137914090,9,1.8620900415358568,0.06739128582050163,0.35,1
3038,9206871135,9,2.9033346275938836,0.10507518399022137,0.35,1
3039,18413742270,10,0.5257424375174865,0.019027253293017462,0.35,1
3040,103627121,6,56.00483870774749,2.0268827008880317,0.35,0
3041,207254242,7,10.23885591059008,0.3705565519143139,0.35,0
3042,310881363,7,15.961313893770312,0.5776592123325127,0.35,0
3043,621762726,8,2.90732169266451,0.1052194806868182,0.35,1
3044,518135605,7,22.67911897333852,0.8207846853790218,0.35,0
3045,1036271210,8,4.131739116899506,0.1495326249277725,0.35,1
3046,1554406815,8,6.441576668671002,0.2331284334967123,0.35,1
3047,3108813630,9,1.1696730860239601,0.042331880574246125,0.35,1
3048,725389847,7,26.732304879780205,0.9674743748203263,0.35,0
3049,1450779694,8,4.870905674171081,0.1762839546803116,0.35,1
3050,2176169541,8,7.593939974473704,0.2748338522348709,0.35,1
3051,4352339082,9,1.3791100946105337,0.04991165866886886,0.35,1
3052,3626949235,8,10.791883155246216,0.39057127530567387,0.35,0
3053,7253898470,9,1.9602130518270966,0.07094247598027009,0.35,1
3054,10880847705,9,3.0563191853160894,0.11061187975981832,0.35,1
3055,21761695410,10,0.5534857443697612,0.020031317049325092,0.35,1
3056,1139898331,7,31.655041442117927,1.1456341518942144,0.35,0
3057,2279796662,8,5.769222077673231,0.2087951094339915,0.35,1
3058,3419694993,8,8.994393711203315,0.32551796307007586,0.35,1
3059,6839389986,9,1.6337810745102541,0.05912850877481408,0.35,1
3060,5699491655,8,12.781944141193359,0.46259398404298957,0.35,0
3061,11398983310,9,2.322168296518231,0.0840420731023785,0.35,1
3062,17098474965,9,3.620650444364499,0.13103570907400489,0.35,1
3063,34196949930,10,0.6558065942949177,0.023734432091503947,0.35,1
3064,7979288317,8,15.068213912989009,0.5453368462124111,0.35,0
3065,15958576634,9,2.73790959920641,0.09908825257377397,0.35,1
3066,23937864951,9,4.268844411736327,0.15449463101005168,0.35,1
3067,47875729902,10,0.7733103897884747,0.027987036256965612,0.35,1
3068,39896441585,9,6.067381289784583,0.2195858511463733,0.35,1
3069,79792883170,10,1.099290960679063,0.039784666519086805,0.35,1
3070,119689324755,10,1.7141096032233516,0.0620356951714395,0.35,1
3071,239378649510,11,0.30971425062220337,0.011208932501001976,0.35,1
3072,1147,2,322.70249160838495,11.678992616829335,0.35,0
3073,2294,3,59.87299072678052,2.1668757906404457,0.35,0
3074,3441,3,93.29800702557868,3.376567468648304,0.35,0
3075,6882,4,17.21478541461641,0.623023859393041,0.35,0
3076,5735,3,132.46854393839394,4.794196471516912,0.35,0
3077,11470,4,24.449146431976835,0.8848441152210098,0.35,0
3078,17205,4,38.10371879444445,1.3790195677017043,0.35,0
3079,34410,5,6.998741985980319,0.25329291873132154,0.35,1
3080,8029,3,156.0508028999969,5.647666883003386,0.35,0
3081,16058,4,28.808164840369045,1.042602251994296,0.35,0
3082,24087,4,44.89692040657519,1.6248737322520923,0.35,0
3083,48174,5,8.248123791051347,0.2985095540423775,0.35,1
3084,40145,4,63.76236436881257,2.3076369165399853,0.35,0
3085,80290,5,11.716841574144905,0.42404663674881193,0.35,0
3086,120435,5,18.26276455313394,0.6609514891436982,0.35,0
3087,240870,6,3.3415779851120697,0.1209357399819632,0.35,1
3088,12617,3,184.62146629951783,6.681673671230647,0.35,0
3089,25234,4,34.09429160809676,1.2339135591497308,0.35,0
3090,37851,4,53.134735789843155,1.9230102125763422,0.35,0
3091,75702,5,9.764449084422491,0.3533871963491623,0.35,0
3092,63085,4,75.46037826635964,2.7310021569510057,0.35,0
3093,126170,5,13.870645589586202,0.5019954033327471,0.35,0
3094,189255,5,21.619667891079594,0.7824418721397318,0.35,0
3095,378510,6,3.9568509796643943,0.14320321218181023,0.35,1
3096,88319,4,88.91055779547877,3.217780386126382,0.35,0
3097,176638,5,16.346279957627313,0.591591598770272,0.35,0
3098,264957,5,25.478206784117884,0.9220870512610327,0.35,0
3099,529914,6,4.663873228243507,0.16879120061020506,0.35,1
3100,441595,5,36.1913730051709,1.3098094657206694,0.35,0
3101,883190,6,6.626427270406728,0.23981839985590575,0.35,1
3102,1324785,6,10.329486275158878,0.373836574183073,0.35,0
3103,2649570,7,1.8839862592581693,0.068183736364781,0.35,1
3104,14911,3,194.24741768992965,7.030048468891046,0.35,0
3105,29822,4,35.876816913467096,1.2984253011476679,0.35,0
3106,44733,4,55.912529210411186,2.0235419087779967,0.35,0
3107,89466,5,10.276137237757954,0.37190580813656704,0.35,0
3108,74555,4,79.40478364240573,2.8737549477182003,0.35,0
3109,149110,5,14.597425852144273,0.528298458131511,0.35,0
3110,223665,5,22.752398890816053,0.82343677402859,0.35,0
3111,447330,6,4.164601666407498,0.15072196025382198,0.35,1
3112,104377,4,93.55750984615274,3.3859591888994407,0.35,0
3113,208754,5,17.20269428690211,0.6225862668891818,0.35,0
3114,313131,5,26.812972377526755,0.9703938289153488,0.35,0
3115,626262,6,4.908724867457518,0.17765267692650594,0.35,1
3116,521885,5,38.087158358100616,1.3784202255248679,0.35,0
3117,1043770,6,6.974275745366017,0.2524074559570125,0.35,1
3118,1565655,6,10.871691667347756,0.39345964167355785,0.35,0
3119,3131310,7,1.983065129113091,0.07176952023571459,0.35,1
3120,164021,4,110.71704722289402,4.006983555127053,0.35,0
3121,328042,5,20.36414968515234,0.7370031530761254,0.35,0
3122,492063,5,31.740304327433414,1.1487199186111865,0.35,0
3123,984126,6,5.812358589010235,0.21035627183750966,0.35,1
3124,820105,5,45.085620671429304,1.631703022565411,0.35,0
3125,1640210,6,8.258040156374538,0.2988684392707441,0.35,1
3126,2460315,6,12.872761842061212,0.46588078623849366,0.35,0
3127,4920630,7,2.3486391279858214,0.08500008443885895,0.35,1
3128,1148147,5,53.13033032796347,1.9228507735942937,0.35,0
3129,2296294,6,9.733309491107255,0.35226021688703574,0.35,0
3130,3444441,6,15.172358447755885,0.5491059626098806,0.35,0
3131,6888882,7,2.768646820774473,0.10020066971677793,0.35,1
3132,5740735,6,21.55590167660021,0.7801340958830438,0.35,0
3133,11481470,7,3.934304872625784,0.14238724135887118,0.35,1
3134,17222205,7,6.133456037445297,0.22197717600488978,0.35,1
3135,34444410,8,1.115543056242077,0.04037284947095191,0.35,1
3136,19499,3,208.64770984164807,7.551212420498214,0.35,0
3137,38998,4,38.54519604830298,1.394997162304751,0.35,0
3138,58497,4,60.070716226589354,2.1740317150986574,0.35,0
3139,116994,5,11.042537430719857,0.3996427560309789,0.35,0
3140,97495,4,85.30912707847759,3.087440262180508,0.35,0
3141,194990,5,15.685957922516995,0.5676937474263105,0.35,0
3142,292485,5,24.448915380746975,0.8848357531981628,0.35,0
3143,584970,6,4.475909888848962,0.16198858051860845,0.35,1
3144,136493,4,100.51330697267885,3.6376978813401726,0.35,0
3145,272986,5,18.485356181942265,0.6690073488194741,0.35,0
3146,409479,5,28.812035123368457,1.0427423222068,0.35,0
3147,818958,6,5.275620466393643,0.19093107143088492,0.35,1
3148,682465,5,40.92637306379837,1.4811748321601264,0.35,0
3149,1364930,6,7.495493011734266,0.27127093784504813,0.35,1
3150,2047395,6,11.68412264128835,0.42286249908269824,0.35,0
3151,4094790,7,2.1315893050870005,0.0771447894069393,0.35,1
3152,214489,4,118.94698606974922,4.304834974092921,0.35,0
3153,428978,5,21.882273667039446,0.7919458920910055,0.35,0
3154,643467,5,34.10631929977185,1.2343488558267746,0.35,0
3155,1286934,6,6.246729233033745,0.22607666965419068,0.35,1
3156,1072445,5,48.44595205657167,1.7533174707265475,0.35,0
3157,2144890,6,8.8751045375862,0.3212007439156832,0.35,1
3158,3217335,6,13.834583688041276,0.5006902795954221,0.35,0
3159,6434670,7,2.5245196825846428,0.09136541396688827,0.35,1
3160,1501423,5,57.08979116395618,2.066148439626266,0.35,0
3161,3002846,6,10.460536188432927,0.3785794286988079,0.35,0
3162,4504269,6,16.3058848014651,0.5901296493188662,0.35,0
3163,9008538,7,2.975961448670696,0.10770363629287423,0.35,1
3164,7507115,6,23.166136653197032,0.8384104429583448,0.35,0
3165,15014230,7,4.228870105438048,0.15304791262311393,0.35,1
3166,22521345,7,6.592644883469306,0.23859577450320218,0.35,1
3167,45042690,8,1.1992288910325712,0.04340154082620015,0.35,1
3168,253487,4,125.16168098110201,4.5297522829856485,0.35,0
3169,506974,5,23.028389518050933,0.8334252079006838,0.35,0
3170,760461,5,35.89256650012282,1.2989952976957377,0.35,0
3171,1520922,6,6.574594608528459,0.237942513269565,0.35,1
3172,1267435,5,50.98289805496601,1.8451326080589807,0.35,0
3173,2534870,6,9.340872883663971,0.3380574624612482,0.35,1
3174,3802305,6,14.560583648215138,0.5269650943092128,0.35,0
3175,7604610,7,2.6572532904701305,0.09616920342253638,0.35,1
3176,1774409,5,60.07908944512202,2.174334751982366,0.35,0
3177,3548818,6,11.009461014540948,0.3984456806120092,0.35,0
3178,5323227,6,17.16149738357384,0.6210953012402677,0.35,0
3179,10646454,7,3.132418871368107,0.11336601923706507,0.35,1
3180,8872045,6,24.381592740522862,0.8823992656017886,0.35,0
3181,17744090,7,4.4511763442082595,0.16109344368899473,0.35,1
3182,26616135,7,6.939193126915257,0.251137773656689,0.35,1
3183,53232270,8,1.2623760108667959,0.04568691130054074,0.35,1
3184,2788357,5,71.11491575868384,2.5737346245842496,0.35,0
3185,5576714,6,13.035405074056847,0.4717670410863782,0.35,0
3186,8365071,6,20.319373377488095,0.7353826444645767,0.35,0
3187,16730142,7,3.7097268265290717,0.13425949084416983,0.35,1
3188,13941785,6,28.86763327909002,1.0447544865596226,0.35,0
3189,27883570,7,5.271468036848129,0.19078078999437584,0.35,1
3190,41825355,7,8.217936304035838,0.29741703245626405,0.35,1
3191,83650710,8,1.4953342466394912,0.054117950993040606,0.35,1
3192,19518499,6,34.02322754105856,1.2313416648017064,0.35,0
3193,39036998,7,6.213950657457081,0.22489037344605786,0.35,1
3194,58555497,7,9.68717183421379,0.350590439403971,0.35,0
3195,117110994,8,1.7629354952464849,0.06380276312807708,0.35,1
3196,97592495,7,13.764998639958412,0.49817191272830874,0.35,0
3197,195184990,8,2.505505893015163,0.09067728197604705,0.35,1
3198,292777485,8,3.9062989102881986,0.14137367178357088,0.35,1
3199,585554970,9,0.7087475028272486,0.025650427461715287,0.35,1
3200,21793,3,214.24011822481404,7.753608428944753,0.35,0
3201,43586,4,39.58210207808233,1.4325240428868662,0.35,0
3202,65379,4,61.68652019630628,2.2325096107557765,0.35,0
3203,130758,5,11.340504950083789,0.4104265601514918,0.35,0
3204,108965,4,87.60339032471241,3.17047241783661,0.35,0
3205,217930,5,16.109155603082794,0.5830097822116423,0.35,0
3206,326895,5,25.108474633155843,0.9087059985156132,0.35,0
3207,653790,6,4.5969941068966245,0.1663707644972476,0.35,1
3208,152551,4,103.2160701337755,3.735514141903145,0.35,0
3209,305102,5,18.9840168451736,0.6870544800181061,0.35,0
3210,457653,5,29.589199682411763,1.0708688455004067,0.35,0
3211,915306,6,5.418322919962838,0.1960956454424813,0.35,1
3212,762755,5,42.030129704496346,1.521121117028393,0.35,0
3213,1525510,6,7.698213534521445,0.278607638212966,0.35,1
3214,2288265,6,12.000102778443132,0.4342982015791444,0.35,0
3215,4576530,7,2.1893789280660045,0.07923626560452686,0.35,1
3216,239723,4,122.1447150625613,4.420564645442949,0.35,0
3217,479446,5,22.472456111086554,0.8133053069881584,0.35,0
3218,719169,5,35.02611234432452,1.2676372761386259,0.35,0
3219,1438338,6,6.415671081409658,0.2321908790302069,0.35,1
3220,1198615,5,49.75225278617875,1.8005940706077599,0.35,0
3221,2397230,6,9.115096752486938,0.3298863518016107,0.35,1
3222,3595845,6,14.208656076285518,0.5142284107659925,0.35,0
3223,7191690,7,2.592951758317325,0.09384205337321239,0.35,1
3224,1678061,5,58.62896522200388,2.121853006301162,0.35,0
3225,3356122,6,10.74336803460123,0.3888154545402582,0.35,0
3226,5034183,6,16.74672828350805,0.6060843069550553,0.35,0
3227,10068366,7,3.056622635485821,0.11062286198767222,0.35,1
3228,8390305,6,23.79236365753313,0.8610743539918424,0.35,0
3229,16780610,7,4.3434760429093515,0.15719563980954193,0.35,1
3230,25170915,7,6.771298537316303,0.24506146583966926,0.35,1
3231,50341830,8,1.2318001632950129,0.04458033447721239,0.35,1
3232,283309,4,128.526189352655,4.651517901325879,0.35,0
3233,566618,5,23.64943653284505,0.8559016488613148,0.35,0
3234,849927,5,36.86045809330594,1.334024462529069,0.35,0
3235,1699854,6,6.7523916827424495,0.24437720395537157,0.35,1
3236,1416545,5,52.35749978829555,1.8948811036922861,0.35,0
3237,2833090,6,9.593443027413494,0.3471982807715756,0.35,1
3238,4249635,6,14.954259796177347,0.5412127092022891,0.35,0
3239,8499270,7,2.729279096203961,0.09877590425460622,0.35,1
3240,1983163,5,61.69873177845549,2.232951562651002,0.35,0
3241,3966326,6,11.307114609175454,0.40921812341771197,0.35,0
3242,5949489,6,17.625441671501935,0.6378860049200765,0.35,0
3243,11898978,7,3.217315652399858,0.11643853619818491,0.35,1
3244,9915815,6,25.04063102868817,0.9062506565945518,0.35,0
3245,19831630,7,4.5717997231603045,0.16545894934461122,0.35,1
3246,29747445,7,7.12722653491005,0.2579429296154891,0.35,1
3247,59494890,8,1.2966605360749917,0.04692770964325677,0.35,1
3248,3116399,5,73.0316880576363,2.6431049272925886,0.35,0
3249,6232798,6,13.387771478626567,0.48451960651243803,0.35,0
3250,9349197,6,20.868592393061324,0.7552595434495591,0.35,0
3251,18698394,7,3.8102547905519137,0.1378977191818439,0.35,1
3252,15581995,6,29.64779355270827,1.0729894283790007,0.35,0
3253,31163990,7,5.414298682558876,0.19595000343428048,0.35,1
3254,46745985,7,8.440585793320878,0.3054749861725199,0.35,1
3255,93491970,8,1.5359400532068601,0.0555875241368272,0.35,1
3256,21814793,6,34.942612618612635,1.2646153202955337,0.35,0
3257,43629586,7,6.3823006019717825,0.2309831611070123,0.35,1
3258,65444379,7,9.949600413094679,0.3600880463791112,0.35,0
3259,130888758,8,1.8108036341692733,0.06553516884417251,0.35,1
3260,109073965,7,14.13784877777273,0.5116658091807775,0.35,0
3261,218147930,8,2.5735289126904197,0.09313911714999373,0.35,1
3262,327221895,8,4.01234585138134,0.1452116385618601,0.35,1
3263,654443790,9,0.7280280248114555,0.026348212820544902,0.35,1
3264,370481,4,138.0774264214925,4.997188697521372,0.35,0
3265,740962,5,25.412073142700446,0.9196935949663859,0.35,0
3266,1111443,5,39.607515638204546,1.4334437902974158,0.35,0
3267,2222886,6,7.2569120611757345,0.2626364053188146,0.35,1
3268,1852405,5,56.25892113296842,2.0360782504898687,0.35,0
3269,3704810,6,10.310147993996436,0.3731366984498778,0.35,0
3270,5557215,6,16.071380022438788,0.5816426383596105,0.35,0
3271,11114430,7,2.9336278270890785,0.10617153143855115,0.35,1
3272,2593367,5,66.29567439915938,2.3993204638008,0.35,0
3273,5186734,6,12.15175727933577,0.43978676098693315,0.35,0
3274,7780101,6,18.94196979679551,0.6855327465938627,0.35,0
3275,15560202,7,3.458183104409299,0.12515581997133463,0.35,1
3276,12966835,6,26.910793455708557,0.9739340917876973,0.35,0
3277,25933670,7,4.914032993704284,0.1778447844213573,0.35,1
3278,38900505,7,7.6607185311887385,0.2772506487924378,0.35,1
3279,77801010,8,1.393917792042715,0.050447567109242974,0.35,1
3280,4075291,5,78.47203449535276,2.839997630421111,0.35,0
3281,8150582,6,14.387683223711205,0.5207076192858139,0.35,0
3282,12225873,6,22.42712245715924,0.8116646273427297,0.35,0
3283,24451746,7,4.095473787981689,0.14822013890832134,0.35,1
3284,20376455,6,31.861692836590517,1.1531131152523024,0.35,0
3285,40752910,7,5.819542908302124,0.21061628102290122,0.35,1
3286,61129365,7,9.072298059205812,0.3283374154412221,0.35,1
3287,122258730,8,1.6511304274311005,0.05975640279465705,0.35,1
3288,28527037,6,37.55161845323946,1.359038390064852,0.35,0
3289,57054074,7,6.859952546962061,0.24826996143864843,0.35,1
3290,85581111,7,10.694181299762077,0.38703532724663464,0.35,0
3291,171162222,8,1.9465966323675192,0.07044968132738888,0.35,1
3292,142635185,7,15.195735090364773,0.5499519915174194,0.35,0
3293,285270370,8,2.7664991021153105,0.10012294118658169,0.35,1
3294,427905555,8,4.313185042288526,0.15609937194112924,0.35,1
3295,855811110,9,0.7827160661914498,0.02832743903699726,0.35,1
3296,4816253,5,82.57950244333607,2.9886518524547463,0.35,0
3297,9632506,6,15.14245788394056,0.5480238251206481,0.35,0
3298,14448759,6,23.603572139267293,0.8542417611074266,0.35,0
3299,28897518,7,4.310730045823342,0.15601052265630244,0.35,1
3300,24081265,6,33.532862707731184,1.2135947696989158,0.35,0
3301,48162530,7,6.125385654592284,0.22168509910989725,0.35,1
3302,72243795,7,9.549061457988367,0.3455920582132807,0.35,1
3303,144487590,8,1.7380520308642886,0.06290220052209174,0.35,1
3304,33713771,6,39.521052702509074,1.4303145923089409,0.35,0
3305,67427542,7,7.220444976813838,0.2613166175263586,0.35,1
3306,101141313,7,11.256132680408294,0.4073730258893485,0.35,0
3307,202282626,8,2.049065468773229,0.07415815217889277,0.35,1
3308,168568855,7,15.994152379200077,0.5788476767505301,0.35,0
3309,337137710,8,2.9121148206126026,0.10539294977172763,0.35,1
3310,505706565,8,4.540199996627199,0.1643153171060296,0.35,1
3311,1011413130,9,0.8239777998006894,0.029820750972018483,0.35,1
3312,52978783,6,46.79026671364489,1.6933962200431147,0.35,0
3313,105957566,7,8.55069171607403,0.30945985239556656,0.35,1
3314,158936349,7,13.329794028180794,0.4824213326121532,0.35,0
3315,317872698,8,2.427101828970921,0.0878397442782801,0.35,1
3316,264893915,7,18.94043563554525,0.685477223446751,0.35,0
3317,529787830,8,3.4493381615434267,0.12483571081471814,0.35,1
3318,794681745,8,5.377736603011423,0.19462677765141662,0.35,1
3319,1589363490,9,0.9761759935746255,0.03532898728132367,0.35,1
3320,370851481,7,22.325822356513896,0.8079984544488533,0.35,0
3321,741702962,8,4.0664838747036605,0.14717095896102952,0.35,1
3322,1112554443,8,6.339879194500697,0.22944787917540715,0.35,1
3323,2225108886,9,1.1509815079548291,0.041655409806455504,0.35,1
3324,1854257405,8,9.009882892849262,0.32607853524657854,0.35,1
3325,3708514810,9,1.6359872191231417,0.05920835181078555,0.35,1
3326,5562772215,9,2.5508174607538456,0.09231716229565498,0.35,1
3327,11125544430,10,0.4618028754862581,0.01671320337922803,0.35,1
3328,26381,3,223.33907855844595,8.082910784274162,0.35,0
3329,52762,4,41.27001487832063,1.4936116441433127,0.35,0
3330,79143,4,64.31674785481566,2.3277007239424377,0.35,0
3331,158286,5,11.82575073848942,0.4279881908407717,0.35,0
3332,131905,4,91.33793105697163,3.3056299538752025,0.35,0
3333,263810,5,16.79832638658187,0.6079517045751914,0.35,0
3334,395715,5,26.182543674423115,0.9475778533327376,0.35,0
3335,791430,6,4.794250631316757,0.17350971617017075,0.35,1
3336,184667,4,107.61546814734837,3.8947336653190465,0.35,0
3337,369334,5,19.79606386481946,0.7164434416579544,0.35,0
3338,554001,5,30.854762845496293,1.116671103686043,0.35,0
3339,1108002,6,5.650793869992116,0.20450904967585812,0.35,1
3340,923335,5,43.827488302086124,1.5861696937729437,0.35,0
3341,1846670,6,8.028451299280938,0.290559341458892,0.35,1
3342,2770005,6,12.514838357658633,0.45292710338685827,0.35,0
3343,5540010,7,2.283550902403822,0.08264446300493092,0.35,1
3344,290191,4,127.34963090709235,4.608936831280501,0.35,0
3345,580382,5,23.433517083953483,0.8480872634288815,0.35,0
3346,870573,5,36.5238974250313,1.3218439257742902,0.35,0
3347,1741146,6,6.69088126106218,0.24215106756243132,0.35,1
3348,1450955,5,51.879377868737635,1.87757729441387,0.35,0
3349,2901910,6,9.50604215003849,0.3440351375417867,0.35,1
3350,4352865,6,14.818010474920788,0.5362816818368902,0.35,0
3351,8705730,7,2.7044640236688604,0.0978778168321043,0.35,1
3352,2031337,5,61.13524689696151,2.2125583647619402,0.35,0
3353,4062674,6,11.204091714231247,0.405489600519048,0.35,0
3354,6094011,6,17.46483993060361,0.6320736340987266,0.35,0
3355,12188022,7,3.1880608337331906,0.11537976900518376,0.35,1
3356,10156685,6,24.812435824431205,0.8979919967607529,0.35,0
3357,20313370,7,4.530224357137601,0.1639542866740472,0.35,1
3358,30470055,7,7.062408667876139,0.2555970927836919,0.35,1
3359,60940110,8,1.284890238045982,0.046501728352893804,0.35,1
3360,342953,4,134.0025047944494,4.8497123661202854,0.35,0
3361,685906,5,24.6607472969643,0.8925022058901774,0.35,0
3362,1028859,5,38.436550128225825,1.391065135340517,0.35,0
3363,2057718,6,7.042024599634619,0.2548593687540226,0.35,1
3364,1714765,5,54.59581986362256,1.9758886084796021,0.35,0
3365,3429530,6,10.004874007466892,0.3620884644650121,0.35,0
3366,5144295,6,15.595542332274608,0.5644214980996194,0.35,0
3367,10288590,7,2.846646512539288,0.10302357269374574,0.35,1
3368,2400671,5,64.33601443707221,2.3283980048057002,0.35,0
3369,4801342,6,11.791977964916901,0.42676591340734565,0.35,0
3370,7202013,6,18.381176380026695,0.6652369560613319,0.35,0
3371,14404026,7,3.3556546704193977,0.12144519221133497,0.35,1
3372,12003355,6,26.114140089402177,0.9451022450396548,0.35,0
3373,24006710,7,4.7683517443475125,0.17257240419532252,0.35,1
3374,36010065,7,7.4336181476071586,0.26903161184013846,0.35,1
3375,72020130,8,1.3525427496705469,0.04895015439334748,0.35,1
3376,3772483,5,76.15270639886086,2.7560583475853107,0.35,0
3377,7544966,6,13.96174582336669,0.5052924307353273,0.35,0
3378,11317449,6,21.763212832033606,0.7876369367865198,0.35,0
3379,22634898,7,3.9740613599593386,0.1438260766146061,0.35,1
3380,18862415,6,30.918568197830197,1.1189802963889186,0.35,0
3381,37724830,7,5.647031875029131,0.2043728985380771,0.35,1
3382,56587245,7,8.803375058375984,0.3186047674981173,0.35,1
3383,113174490,8,1.6021244359057605,0.057982816819685985,0.35,1
3384,26407381,6,36.44014161204597,1.3188127018237195,0.35,0
3385,52814762,7,6.65661198541997,0.24091082111991188,0.35,1
3386,79222143,7,10.377200471691877,0.37556340853830034,0.35,0
3387,158444286,8,1.8888240984238018,0.06835882360261182,0.35,1
3388,132036905,7,14.745358616249614,0.5336523233934815,0.35,0
3389,264073810,8,2.684398174632112,0.09715160953949067,0.35,1
3390,396110715,8,4.185187985717627,0.1514670039937459,0.35,1
3391,792221430,9,0.7594614395441254,0.02748582603435948,0.35,1
3392,448477,4,143.95975955506776,5.210077432573739,0.35,0
3393,896954,5,26.498607324523515,0.9590165782634712,0.35,0
3394,1345431,5,41.300830287438174,1.494726890988091,0.35,0
3395,2690862,6,7.568147477508047,0.27390039064264665,0.35,1
3396,2242385,5,58.6636906536428,2.123109761579703,0.35,0
3397,4484770,6,10.752261600593872,0.3891373234265121,0.35,0
3398,6727155,6,16.760482718100217,0.606582096542145,0.35,0
3399,13454310,7,3.0597691214140137,0.11073673711067226,0.35,1
3400,3139339,5,69.12904928050621,2.501863720145151,0.35,0
3401,6278678,6,12.672775426039259,0.45864303649399846,0.35,0
3402,9418017,6,19.75405292332899,0.7149230149855484,0.35,0
3403,18836034,7,3.606862718405033,0.1305367146321557,0.35,1
3404,15696695,6,28.064333194503888,1.0156820870556083,0.35,0
3405,31393390,7,5.125275104579842,0.18548989134626145,0.35,1
3406,47090085,7,7.9900079342369645,0.2891680296835262,0.35,1
3407,94180170,8,1.453985607607409,0.05262149384588704,0.35,1
3408,4933247,5,81.82506684431988,2.9613479176544044,0.35,0
3409,9866494,6,15.004449755381335,0.5430291443963926,0.35,0
3410,14799741,6,23.388435301985915,0.8464556993336415,0.35,0
3411,29599482,7,4.271522760472844,0.15459156368312515,0.35,1
3412,24666235,6,33.227187983406125,1.2025320325296098,0.35,0
3413,49332470,7,6.069667690972805,0.21966859876466177,0.35,1
3414,73998705,7,9.462195788437935,0.3424482848005654,0.35,1
3415,147997410,8,1.7222713818754383,0.062331079790699254,0.35,1
3416,34532729,6,39.160756738517215,1.417275046557801,0.35,0
3417,69065458,7,7.154760479222763,0.258939416288826,0.35,1
3418,103598187,7,11.15372938355381,0.4036669269932982,0.35,0
3419,207196374,8,2.0304595517212682,0.07348478158669143,0.35,1
3420,172663645,7,15.848629088973304,0.5735810132560389,0.35,0
3421,345327290,8,2.885669724196177,0.10443586981780652,0.35,1
3422,517990935,8,4.498967955192861,0.16282307976665134,0.35,1
3423,1035981870,9,0.816507672732868,0.0295503980582959,0.35,1
3424,5830201,5,86.1077349573851,3.116342845098341,0.35,0
3425,11660402,6,15.791530420181267,0.5715145435243387,0.35,0
3426,17490603,6,24.615234805766896,0.8908550539081188,0.35,0
3427,34981206,7,4.496019605331564,0.16271637542702785,0.35,1
3428,29151005,6,34.96986847816927,1.2656017427459483,0.35,0
3429,58302010,7,6.388637772264415,0.23121251094775994,0.35,1
3430,87453015,7,9.959421025485511,0.3604434661932986,0.35,0
3431,174906030,8,1.8129335959915684,0.06561225473301313,0.35,1
3432,40811407,6,41.21445283958658,1.491600786907855,0.35,0
3433,81622814,7,7.53072402251849,0.2725459906430034,0.35,1
3434,122434221,7,11.739795767232689,0.4248773766983591,0.35,0
3435,244868442,8,2.1373375865005855,0.07735282664846821,0.35,1
3436,204057035,7,16.681303593826705,0.6037165084793185,0.35,0
3437,408114070,8,3.03755039020504,0.10993261441409319,0.35,1
3438,612171105,8,4.735749225868187,0.1713924797060125,0.35,1
3439,1224342210,9,0.8595488283444898,0.03110810942303478,0.35,1
3440,64132211,6,48.79474046500942,1.7659405441545752,0.35,0
3441,128264422,7,8.918070373222063,0.3227557293596013,0.35,1
3442,192396633,7,13.902459618843286,0.5031467914455354,0.35,0
3443,384793266,8,2.53164322774783,0.09162322366321833,0.35,1
3444,320661055,7,19.75402349431505,0.7149219499140183,0.35,0
3445,641322110,8,3.5978907291084923,0.13021200751189047,0.35,1
3446,961983165,8,5.609322758487567,0.2030081601021231,0.35,1
3447,1923966330,9,1.0183115138621115,0.03685392261073848,0.35,1
3448,448925477,7,23.28471682862947,0.842702002612797,0.35,0
3449,897850954,8,4.2415967881637195,0.1535085066298383,0.35,1
3450,1346776431,8,6.612870377529913,0.23932775954189292,0.35,1
3451,2693552862,9,1.2006576772864277,0.04345325032502257,0.35,1
3452,2244627385,8,9.397792050444993,0.34011743579854226,0.35,1
3453,4489254770,9,1.7065879339518386,0.061763476883162895,0.35,1
3454,6733882155,9,2.6608903226735374,0.09630083200724004,0.35,1
3455,13467764310,10,0.48177252211101207,0.017435928990452078,0.35,1
3456,501239,4,147.8283764229856,5.350087345768285,0.35,0
3457,1002478,5,27.213048483618977,0.9848730660167814,0.35,0
3458,1503717,5,42.41426052635221,1.5350232750501398,0.35,0
3459,3007434,6,7.772764635353704,0.28130573252223795,0.35,1
3460,2506195,5,60.24494927890473,2.180337419530801,0.35,0
3461,5012390,6,11.042925096519241,0.39965678612410344,0.35,0
3462,7518585,6,17.213528992966303,0.622978387977242,0.35,0
3463,15037170,7,3.142687714753556,0.11373766107188417,0.35,1
3464,3508673,5,70.99215205726287,2.5692916580754876,0.35,0
3465,7017346,6,13.015316264975706,0.4710400028420492,0.35,0
3466,10526019,6,20.287955490283217,0.7342455932107319,0.35,0
3467,21052038,7,3.7045973818504465,0.1340738500509069,0.35,1
3468,17543365,6,28.82273213361791,1.04312945991715,0.35,0
3469,35086730,7,5.264136295949146,0.19051544544311147,0.35,1
3470,52630095,7,8.206469069307529,0.2970020193924979,0.35,1
3471,105260190,8,1.4934664781337172,0.05405035419674641,0.35,1
3472,5513629,5,84.02989917389483,3.0411434605090957,0.35,0
3473,11027258,6,15.409944008205295,0.5577044707668032,0.35,0
3474,16540887,6,24.020455098362657,0.8693292585019778,0.35,0
3475,33081774,7,4.387249726540334,0.1587798622473348,0.35,1
3476,27568145,6,34.12494697416642,1.2350230138434624,0.35,0
3477,55136290,7,6.234090102928261,0.2256192442824516,0.35,1
3478,82704435,7,9.718500623536668,0.3517242660979406,0.35,0
3479,165408870,8,1.7690306853447464,0.06402335541356259,0.35,1
3480,38595403,6,40.21870868066228,1.4555636041071702,0.35,0
3481,77190806,7,7.3485570378683125,0.26595314762479283,0.35,1
3482,115786209,7,11.45582169219581,0.41460001221568443,0.35,0
3483,231572418,8,2.085581001904189,0.07547969339077039,0.35,1
3484,192977015,7,16.27782408891522,0.589114098267309,0.35,0
3485,385954030,8,2.9639987551586837,0.10727069197779367,0.35,1
3486,578931045,8,4.621080683247509,0.16724248676367517,0.35,1
3487,1157862090,9,0.8387158035500798,0.03035413711390429,0.35,1
3488,6516107,5,88.42778320598407,3.200308191107994,0.35,0
3489,13032214,6,16.218266017789755,0.5869586197970931,0.35,0
3490,19548321,6,25.280360004270506,0.9149267375318624,0.35,0
3491,39096642,7,4.617821361667321,0.16712452798225652,0.35,1
3492,32580535,6,35.91464668848561,1.2997944063595166,0.35,0
3493,65161070,7,6.561690202615589,0.23747548724621506,0.35,1
3494,97741605,7,10.229177701436537,0.3702062858451398,0.35,0
3495,195483210,8,1.8621516711278299,0.06739351626981128,0.35,1
3496,45612749,6,42.32780851462168,1.5318944724131396,0.35,0
3497,91225498,7,7.734691483841583,0.2799278192213729,0.35,1
3498,136838247,7,12.057741649704033,0.4363842218901228,0.35,0
3499,273676494,8,2.195357299615191,0.07945263008574178,0.35,1
3500,228063745,7,17.133019994947464,0.620064670178647,0.35,0
3501,456127490,8,3.1199975378374383,0.11291647618621097,0.35,1
3502,684191235,8,4.8642816388613905,0.1760442228484007,0.35,1
3503,1368382470,9,0.882926476827701,0.03195417473437916,0.35,1
3504,71677177,6,50.112630686920575,1.8136365817487643,0.35,0
3505,143354354,7,9.15957548827835,0.3314960909279642,0.35,1
3506,215031531,7,14.278916580812226,0.5167712232169664,0.35,0
3507,430063062,8,2.600357010458903,0.0941100583850615,0.35,1
3508,358385885,7,20.288861190481178,0.7342783715939181,0.35,0
3509,716771770,8,3.695533171274563,0.1337458053312473,0.35,1
3510,1075157655,8,5.761543102696537,0.2085171980624039,0.35,1
3511,2150315310,9,1.0460036159279047,0.037856133204028114,0.35,1
3512,501740239,7,23.915080306766463,0.8655156176251502,0.35,0
3513,1003480478,8,4.356697764798457,0.15767414988101677,0.35,1
3514,1505220717,8,6.792307005722276,0.24582178766483198,0.35,1
3515,3010441434,9,1.2333057667145695,0.044634824081966396,0.35,1
3516,2508701195,8,9.652765803195019,0.34934524361933394,0.35,1
3517,5017402390,9,1.752988299935769,0.0634427621252556,0.35,1
3518,7526103585,9,2.7332329108060636,0.09891899757661969,0.35,1
3519,15052207170,10,0.49489562780536595,0.01791087002282633,0.35,1
3520,8521063,5,95.01290774513528,3.4386317952745826,0.35,0
3521,17042126,6,17.42924213208216,0.6307853068099125,0.35,0
3522,25563189,6,27.167841001429018,0.9832369526787949,0.35,0
3523,51126378,7,4.963405273775648,0.17963162682085526,0.35,1
3524,42605315,6,38.595749893580006,1.3968267669749848,0.35,0
3525,85210630,7,7.052690323013026,0.2552453741547517,0.35,1
3526,127815945,7,10.994559797802046,0.3979063875950634,0.35,0
3527,255631890,8,2.001775706546733,0.07244667861343577,0.35,1
3528,59647441,6,45.48732930715405,1.6462413428844227,0.35,0
3529,119294882,7,8.31341078738457,0.30087236922967386,0.35,1
3530,178942323,7,12.959857881562723,0.4690328970177548,0.35,0
3531,357884646,8,2.359951285631629,0.08540948507585845,0.35,1
3532,298237205,7,18.414698626873506,0.6664501666302127,0.35,0
3533,596474410,8,3.3538907132546276,0.12138135247275386,0.35,1
3534,894711615,8,5.228915127456078,0.18924074884955114,0.35,1
3535,1789423230,9,0.949236807805457,0.0343540256374473,0.35,1
3536,93731693,6,53.85263440949392,1.9489918299996998,0.35,0
3537,187463386,7,9.844808444971113,0.356295498587124,0.35,0
3538,281195079,7,15.347059766035345,0.5554286141523801,0.35,0
3539,562390158,8,2.7952905321723756,0.10116493778657225,0.35,1
3540,468658465,7,21.80640128867613,0.7891999791533336,0.35,0
3541,937316930,8,3.972536419091209,0.14377088716425132,0.35,1
3542,1405975395,8,6.193381166300104,0.2241459387373051,0.35,1
3543,2811950790,9,1.124552522985897,0.040698912945262906,0.35,1
3544,656121851,7,25.703677187688978,0.9302470972696515,0.35,0
3545,1312243702,8,4.683231544843828,0.16949180145007633,0.35,1
3546,1968365553,8,7.301359077627884,0.26424499648400057,0.35,1
3547,3936731106,9,1.3259129264138991,0.047986388952145735,0.35,1
3548,3280609255,8,10.376118651255522,0.37552425615114043,0.35,0
3549,6561218510,9,1.8846051246502318,0.06820613385018215,0.35,1
3550,9841827765,9,2.938436920610121,0.10634557833681327,0.35,1
3551,19683655530,10,0.5321151261910259,0.01925788858683459,0.35,1
3552,110773819,6,56.675916064681836,2.0511698003085987,0.35,0
3553,221547638,7,10.361982409401655,0.3750126484984751,0.35,0
3554,332321457,7,16.153236381734548,0.584605118788847,0.35,0
3555,664642914,8,2.9423907175884385,0.1064886710210007,0.35,1
3556,553869095,7,22.951769344624754,0.8306522313572288,0.35,0
3557,1107738190,8,4.18156960352073,0.15133605037528514,0.35,1
3558,1661607285,8,6.519257903450317,0.23593981113105295,0.35,1
3559,3323214570,9,1.183818612843241,0.042843824261015136,0.35,1
3560,775416733,7,27.053636678503953,0.9791037604074737,0.35,0
3561,1550833466,8,4.929643329610302,0.17840974131674395,0.35,1
3562,2326250199,8,7.685506251394969,0.2781477463011484,0.35,1
3563,4652500398,9,1.3957865645467191,0.05051520024144476,0.35,1
3564,3877083665,8,10.92198882937683,0.39527995666727617,0.35,0
3565,7754167330,9,1.9839129627685963,0.0718002043588944,0.35,1
3566,11631250995,9,3.0932685999816347,0.11194912366805176,0.35,1
3567,23262501990,10,0.5601943098054994,0.02027410812851076,0.35,1
3568,1218512009,7,32.03546302049837,1.159402067918177,0.35,0
3569,2437024018,8,5.838778969163051,0.2113124572800225,0.35,1
3570,3655536027,8,9.10282534795515,0.3294422348621642,0.35,1
3571,7311072054,9,1.6535336648751644,0.0598433788580454,0.35,1
3572,6092560045,8,12.936011665554938,0.46816987368221696,0.35,0
3573,12185120090,9,2.3502395423277016,0.08505800536531208,0.35,1
3574,18277680135,9,3.6644147213785816,0.13261959107498,0.35,1
3575,36555360270,10,0.6637541072373675,0.024022062176150664,0.35,1
3576,8529584063,8,15.249815377458258,0.5519092223727897,0.35,0
3577,17059168126,9,2.771002646169832,0.1002859298809056,0.35,1
3578,25588752189,9,4.32043767203861,0.15636185336444164,0.35,1
3579,51177504378,10,0.7826809187779084,0.028326167009684405,0.35,1
3580,42647920315,9,6.140701017306642,0.22223938056949666,0.35,1
3581,85295840630,10,1.1126098030828042,0.04026669149919379,0.35,1
3582,127943760945,10,1.7348759838225558,0.0627872555467176,0.35,1
3583,255887521890,11,0.31347525716690744,0.011345047866732558,0.35,1
3584,33263,3,233.5398628165535,8.452089477139301,0.35,0
3585,66526,4,43.163706654754,1.5621466348875277,0.35,0
3586,99789,4,67.2675763853595,2.4344947695972605,0.35,0
3587,199578,5,12.370487305166058,0.44770286459065395,0.35,0
3588,166315,4,95.5275277124807,3.4572565129491952,0.35,0
3589,332630,5,17.57196495958829,0.6359506181788743,0.35,0
3590,498945,5,27.388234312373275,0.9912132525780847,0.35,0
3591,997890,6,5.015802726478936,0.1815279538687573,0.35,1
3592,232841,4,112.5507913926435,4.073348969639091,0.35,0
3593,465682,5,20.70761596409095,0.7494336122146988,0.35,0
3594,698523,5,32.27537828716782,1.168084890954751,0.35,0
3595,1397046,6,5.911891900344884,0.213958502494026,0.35,1
3596,1164205,5,45.84498903822465,1.6591854801846695,0.35,0
3597,2328410,6,8.399345178374595,0.3039824385473976,0.35,1
3598,3492615,6,13.092934946292248,0.47384911659108103,0.35,0
3599,6985230,7,2.3893671268599266,0.0864740798696911,0.35,1
3600,365893,4,133.1883396282589,4.820246746200754,0.35,0
3601,731786,5,24.512301450711977,0.8871297715661072,0.35,0
3602,1097679,5,38.205121189813354,1.3826894427650782,0.35,0
3603,2195358,6,6.999971189866658,0.25333740510340247,0.35,1
3604,1829465,5,54.266942768178104,1.9639861494982775,0.35,0
3605,3658930,6,9.945102670518855,0.3599252676473027,0.35,0
3606,5488395,6,15.502349748171987,0.56104874601378,0.35,0
3607,10976790,7,2.829760916796377,0.10241246260584612,0.35,1
3608,2561251,5,63.94831858158369,2.314366823914415,0.35,0
3609,5122502,6,11.721506735586956,0.4242154745714345,0.35,0
3610,7683753,6,18.271301471719447,0.6612604505298767,0.35,0
3611,15367506,7,3.3357438767019527,0.12072459655785162,0.35,1
3612,12806255,6,25.9579759548637,0.9394504765478833,0.35,0
3613,25612510,7,4.740048250923715,0.17154806661094418,0.35,1
3614,38418765,7,7.3894853088719135,0.2674343911456849,0.35,1
3615,76837530,8,1.3445661580415524,0.04866147191594182,0.35,1
3616,432419,4,140.14555340714298,5.072036708999973,0.35,0
3617,864838,5,25.79591956788546,0.9335854603293976,0.35,0
3618,1297257,5,40.205644530410616,1.455090796743416,0.35,0
3619,2594514,6,7.367308478698526,0.26663178489815087,0.35,1
3620,2162095,5,57.10815580209058,2.0668130780432596,0.35,0
3621,4324190,6,10.46693519983683,0.3788110166440038,0.35,0
3622,6486285,6,16.31572907929188,0.5904859256137406,0.35,0
3623,12972570,7,2.978520795578754,0.10779626214616138,0.35,1
3624,3026933,5,67.29607722545573,2.435526249395877,0.35,0
3625,6053866,6,12.336495725553576,0.4464726683025809,0.35,0
3626,9080799,6,19.229878377682663,0.6959525055915198,0.35,0
3627,18161598,7,3.5110895924919077,0.12707056962393107,0.35,1
3628,15134665,6,27.3196734917927,0.9887319537403427,0.35,0
3629,30269330,7,4.989188118531998,0.18056473908797616,0.35,1
3630,45403995,7,7.777860186396212,0.28149014666390604,0.35,1
3631,90807990,8,1.4153565120547693,0.05122346025926831,0.35,1
3632,4756609,5,79.65557166699213,2.8828312689853077,0.35,0
3633,9513218,6,14.606316078970272,0.5286202061692943,0.35,0
3634,14269827,6,22.76785107410729,0.8239960071899851,0.35,0
3635,28539654,7,4.158105539973206,0.15048685759847538,0.35,1
3636,23783045,6,32.34557814915845,1.1706255086791593,0.35,0
3637,47566090,7,5.908511705733282,0.21383616917172787,0.35,1
3638,71349135,7,9.21096943663772,0.3333560999426055,0.35,1
3639,142698270,8,1.6765162226298627,0.06067514535911942,0.35,1
3640,33296263,6,38.121745217650385,1.3796719657122702,0.35,0
3641,66592526,7,6.964799376746105,0.25206449474033676,0.35,1
3642,99888789,7,10.857600084422172,0.39294965028140255,0.35,0
3643,199777578,8,1.9765181551557427,0.07153257734714454,0.35,1
3644,166481315,7,15.427865645862903,0.5583530764619173,0.35,0
3645,332962630,8,2.8090110729390254,0.10166150071521264,0.35,1
3646,499443945,8,4.379453618471404,0.15849771168777999,0.35,1
3647,998887890,9,0.794805309892218,0.02876496335613286,0.35,1
3648,565471,4,150.55806661662794,5.448878128135309,0.35,0
3649,1130942,5,27.718185600100583,1.0031545878744883,0.35,0
3650,1696413,5,43.20145422969689,1.5635127651794383,0.35,0
3651,3392826,6,7.91768526702349,0.2865505850762481,0.35,1
3652,2827355,5,61.36278455107388,2.220793227062458,0.35,0
3653,5654710,6,11.24877025234165,0.4071065707324524,0.35,0
3654,8482065,6,17.534356366259985,0.6345895177993222,0.35,0
3655,16964130,7,3.2014990005752875,0.11586611248071858,0.35,1
3656,3958297,5,72.30912330833392,2.616954437005936,0.35,0
3657,7916594,6,13.2578832658226,0.4798187953386849,0.35,0
3658,11874891,6,20.666014803433495,0.7479280160051736,0.35,0
3659,23749782,7,3.773912863675836,0.1365824609898429,0.35,1
3660,19791485,6,29.359710749154633,1.0625633640527872,0.35,0
3661,39582970,7,5.36261189084741,0.19407939606531616,0.35,1
3662,59374455,7,8.35996916917585,0.302557373254532,0.35,1
3663,118748910,8,1.5215029700727123,0.05506502867516562,0.35,1
3664,6220181,5,85.58823564376463,3.097541537993516,0.35,0
3665,12440362,6,15.697059944287263,0.568095542992377,0.35,0
3666,18660543,6,24.467943373066493,0.8855243992036681,0.35,0
3667,37321086,7,4.469317947988057,0.1617500102235315,0.35,1
3668,31100905,6,34.76052920248649,1.2580255017230604,0.35,0
3669,62201810,7,6.350681711024246,0.22983883528514434,0.35,1
3670,93302715,7,9.900237862401283,0.35830155609754355,0.35,0
3671,186605430,8,1.8022329900288414,0.06522498688946034,0.35,1
3672,43541267,6,40.967647471225966,1.4826686027759288,0.35,0
3673,87082534,7,7.485969037086424,0.27092625370876944,0.35,1
3674,130623801,7,11.670011602930444,0.4223518035749679,0.35,0
3675,261247602,8,2.1247187917179784,0.07689613723660522,0.35,1
3676,217706335,7,16.582108195454335,0.6001265073007089,0.35,0
3677,435412670,8,3.0196106587189484,0.10928335388149023,0.35,1
3678,653119005,8,4.7077746286457325,0.17038004527208103,0.35,1
3679,1306238010,9,0.8545025012371081,0.03092547675498356,0.35,1
3680,7351123,5,90.06747203812068,3.259650508760937,0.35,0
3681,14702246,6,16.520409349618504,0.5978935516101839,0.35,0
3682,22053369,6,25.751267770103013,0.9319694578807329,0.35,0
3683,44106738,7,4.70419431413218,0.17025046936902152,0.35,1
3684,36755615,6,36.58348815292926,1.324000586132514,0.35,0
3685,73511230,7,6.684396720280612,0.24191638420583866,0.35,1
3686,110266845,7,10.420445965757414,0.37712851515828727,0.35,0
3687,220533690,8,1.8970987056793371,0.06865829162519478,0.35,1
3688,51457861,6,43.11593430899452,1.5604176960416178,0.35,0
3689,102915722,7,7.879309716355671,0.28516172758499536,0.35,1
3690,154373583,7,12.283163518552998,0.44454251136857487,0.35,0
3691,308747166,8,2.2365515563569693,0.0809434999514968,0.35,1
3692,257289305,7,17.453258729512207,0.6316544964547426,0.35,0
3693,514578610,8,3.178531238428786,0.11503488145056093,0.35,1
3694,771867915,8,4.955530148938893,0.1793466165491134,0.35,1
3695,1543735830,9,0.8995440282906421,0.032555583976304044,0.35,1
3696,80862353,6,51.04543962351518,1.8473960629015207,0.35,0
3697,161724706,7,9.33079227362448,0.3376926330183841,0.35,1
3698,242587059,7,14.545796477192663,0.5264299287443778,0.35,0
3699,485174118,8,2.649139909843027,0.09587557038620872,0.35,1
3700,404311765,7,20.667990541861727,0.7479995203632623,0.35,0
3701,808623530,8,3.764848836739486,0.13625442291631962,0.35,1
3702,1212935295,8,5.869598907782229,0.21242786805293132,0.35,1
3703,2425870590,9,1.0656864947653735,0.0385684803429517,0.35,1
3704,566036471,7,24.36189555704567,0.8816864007606902,0.35,0
3705,1132072942,8,4.438402397533017,0.16063113914289603,0.35,1
3706,1698109413,8,6.919675297141843,0.25043139984257895,0.35,1
3707,3396218826,9,1.2565100469379276,0.045474614986761495,0.35,1
3708,2830182355,8,9.833738991035544,0.355894881690299,0.35,0
3709,5660364710,9,1.7859647423185627,0.0646362193718929,0.35,1
3710,8490547065,9,2.784644471782011,0.10077964401311024,0.35,1
3711,16981094130,10,0.5042326216599312,0.018248787098543186,0.35,1
3712,631997,4,154.6034740404213,5.595286304902301,0.35,0
3713,1263994,5,28.465424391361008,1.0301980615168598,0.35,0
3714,1895991,5,44.36599202748783,1.6056587934751356,0.35,0
3715,3791982,6,8.131731635514736,0.2942971814685129,0.35,1
3716,3159985,5,63.016608269640734,2.2806471033136497,0.35,0
3717,6319970,6,11.552825560423527,0.41811069927356503,0.35,0
3718,9479955,6,18.008273681051634,0.6517411573570238,0.35,0
3719,18959910,7,3.2882508020054284,0.11900576486874166,0.35,1
3720,4423979,5,74.25770968568136,2.6874761296054226,0.35,0
3721,8847958,6,13.61620358882276,0.49278684025808156,0.35,0
3722,13271937,6,21.224509426608346,0.7681406104232964,0.35,0
3723,26543874,7,3.8761650353113466,0.14028309048183676,0.35,1
3724,22119895,6,30.153035351350624,1.091274738810438,0.35,0
3725,44239790,7,5.5078904368932795,0.19933720197253685,0.35,1
3726,66359685,7,8.586432905622225,0.31075336917868646,0.35,1
3727,132719370,8,1.5628139096896174,0.056560121434987315,0.35,1
3728,6951967,5,87.8942030332729,3.18099728071954,0.35,0
3729,13903934,6,16.121229224366978,0.5834467411366683,0.35,0
3730,20855901,6,25.129067605788766,0.9094512830473185,0.35,0
3731,41711802,7,4.590392941118594,0.16613186034128702,0.35,1
3732,34759835,6,35.69962163982725,1.2920123903509078,0.35,0
3733,69519670,7,6.522701160084146,0.23606442674404032,0.35,1
3734,104279505,7,10.168383947638526,0.36800608652775135,0.35,0
3735,208559010,8,1.851159335962545,0.06699569039435176,0.35,1
3736,48663769,6,42.07430037963377,1.5227197070679033,0.35,0
3737,97327538,7,7.688718581610285,0.278264004408362,0.35,1
3738,145991307,7,11.98605855664941,0.4337899242435078,0.35,0
3739,291982614,8,2.182394505383034,0.07898349091865237,0.35,1
3740,243318845,7,17.0311256187178,0.6163769897341873,0.35,0
3741,486637690,8,3.10156879799478,0.1122495178510362,0.35,1
3742,729956535,8,4.835544537762311,0.17500419247896518,0.35,1
3743,1459913070,9,0.8777423749488973,0.031766555831080096,0.35,1
3744,8215961,5,92.49392867784643,3.3474669028618034,0.35,0
3745,16431922,6,16.966796388672027,0.6140488372646902,0.35,0
3746,24647883,6,26.447019001441173,0.9571495345930293,0.35,0
3747,49295766,7,4.8316243617382915,0.17486231657768844,0.35,1
3748,41079805,6,37.57176045381905,1.3597673533737027,0.35,0
3749,82159610,7,6.865444264876089,0.24846871333750106,0.35,1
3750,123239415,7,10.702664320620366,0.38734233800902007,0.35,0
3751,246478830,8,1.9485976055936474,0.07052209896326751,0.35,1
3752,57511727,6,44.280536441388904,1.6025660526842547,0.35,0
3753,115023454,7,8.092699246378796,0.29288455220040965,0.35,1
3754,172535181,7,12.61579513744845,0.45658085108464486,0.35,0
3755,345070362,8,2.2972596353743655,0.08314059859518028,0.35,1
3756,287558635,7,17.92583593720649,0.6487576359193155,0.35,0
3757,575117270,8,3.264798007692704,0.11815697993913932,0.35,1
3758,862675905,8,5.090016704383637,0.18421384729243243,0.35,1
3759,1725351810,9,0.9240076806781964,0.03344095307956355,0.35,1
3760,90375571,6,52.423975840953126,1.897286952262944,0.35,0
3761,180751142,7,9.583451069187642,0.34683665974483435,0.35,1
3762,271126713,7,14.939638010554544,0.5406835291346594,0.35,0
3763,542253426,8,2.721036966103665,0.09847761161946561,0.35,1
3764,451877855,7,21.227522310898003,0.768249650341764,0.35,0
3765,903755710,8,3.8670140031143783,0.13995190358293158,0.35,1
3766,1355633565,8,6.028869359194803,0.2181920579011581,0.35,1
3767,2711267130,9,1.0946648082909405,0.03961724048120304,0.35,1
3768,632628997,7,25.021359412741358,0.9055531935559635,0.35,0
3769,1265257994,8,4.558834082332443,0.16498970715578792,0.35,1
3770,1897886991,8,7.1074214913899745,0.25722616118927055,0.35,1
3771,3795773982,9,1.2906743652277584,0.04671106289603315,0.35,1
3772,3163144985,8,10.100518478595191,0.36554995330131,0.35,0
3773,6326289970,9,1.8345197080618938,0.06639348217950375,0.35,1
3774,9489434955,9,2.860346018390497,0.10351937434341084,0.35,1
3775,18978869910,10,0.5179666139403406,0.018745836853700158,0.35,1
3776,10743949,5,99.3811345222102,3.596723194023388,0.35,0
3777,21487898,6,18.233547726900294,0.6598940969426982,0.35,0
3778,32231847,6,28.421424142564195,1.0286056394122909,0.35,0
3779,64463694,7,5.193179497900562,0.18794743328927618,0.35,1
3780,53719745,6,40.37631190590294,1.4612674550281846,0.35,0
3781,107439490,7,7.379132095376838,0.2670596958547784,0.35,1
3782,161159235,7,11.50340908199755,0.41632225728227396,0.35,0
3783,322318470,8,2.0946928055061615,0.07580946055948062,0.35,1
3784,75207643,6,47.58551019553124,1.7221770413725124,0.35,0
3785,150415286,7,8.698155741206111,0.3147967534284086,0.35,1
3786,225622929,7,13.559585610354118,0.4907377672892942,0.35,0
3787,451245858,8,2.4694811177059455,0.08937350188199723,0.35,1
3788,376038215,7,19.266712631502198,0.6972855816897571,0.35,0
3789,752076430,8,3.509528402358914,0.12701406826893433,0.35,1
3790,1128114645,8,5.4715436649107785,0.1980217684302872,0.35,1
3791,2256229290,9,0.9933987958813676,0.03595230128171773,0.35,1
3792,118183439,6,56.33611369745681,2.038871942556641,0.35,0
3793,236366878,7,10.300335436553365,0.37278157015397073,0.35,0
3794,354550317,7,16.05711462822467,0.5811263565271633,0.35,0
3795,709100634,8,2.925002246184006,0.10585936125602757,0.35,1
3796,590917195,7,22.81513925309067,0.825707423455963,0.35,0
3797,1181834390,8,4.156849487992079,0.15044139956144315,0.35,1
3798,1772751585,8,6.4807106554073135,0.2345447397045836,0.35,1
3799,3545503170,9,1.1768624853691345,0.0425920736128968,0.35,1
3800,827284073,7,26.892538037515337,0.9732734061721847,0.35,0
3801,1654568146,8,4.900492687066722,0.17735474438335969,0.35,1
3802,2481852219,8,7.640050424915159,0.276502645083604,0.35,1
3803,4963704438,9,1.3875828443280411,0.05021829770627393,0.35,1
3804,4136420365,8,10.857368229584583,0.39294125917502193,0.35,0
3805,8272840730,9,1.9722488665364302,0.07137806663972622,0.35,1
3806,12409261095,9,3.075079022345693,0.11129082090176508,0.35,1
3807,24818522190,10,0.5569188772789354,0.02015556627249966,0.35,1
3808,139671337,6,59.289359562944156,2.14575347448037,0.35,0
3809,279342674,7,10.841401630667196,0.39236340869130665,0.35,0
3810,419014011,7,16.900531058129506,0.6116506149816808,0.35,0
3811,838028022,8,3.078918856861734,0.11142978914690993,0.35,1
3812,698356685,7,24.013406049160082,0.869074144904366,0.35,0
3813,1396713370,8,4.375567475627771,0.15835706748837353,0.35,1
3814,2095070055,8,6.821684400578572,0.24688499103806386,0.35,1
3815,4190140110,9,1.2388819435913867,0.04483663265260958,0.35,1
3816,977699359,7,28.30483634985199,1.0243861864929416,0.35,0
3817,1955398718,8,5.158319633403953,0.18668581272337847,0.35,1
3818,2933098077,8,8.041991861244597,0.2910493907374492,0.35,1
3819,5866196154,9,1.4607022875687046,0.05286457859954544,0.35,1
3820,4888496795,8,11.428519904224839,0.4136119275605273,0.35,0
3821,9776993590,9,2.0761691523439367,0.07513906719672696,0.35,1
3822,14665490385,9,3.237101440233098,0.11715460773785864,0.35,1
3823,29330980770,10,0.5863054366881024,0.02121910132195994,0.35,1
3824,1536384707,7,33.51676206555908,1.2130120680280454,0.35,0
3825,3072769414,8,6.109579085791665,0.2211130403092362,0.35,1
3826,4609154121,8,9.52497516084807,0.3447203460518213,0.35,1
3827,9218308242,9,1.7304243100821515,0.06262614410166,0.35,1
3828,7681923535,8,13.535837446361286,0.4898782925745092,0.35,0
3829,15363847070,9,2.4595128735966925,0.08901273909775448,0.35,1
3830,23045770605,9,3.8347772044409143,0.13878521493475562,0.35,1
3831,46091541210,10,0.6946877104856032,0.025141586609158436,0.35,1
3832,10754692949,8,15.956842627814352,0.5774973918215298,0.35,0
3833,21509385898,9,2.899825144902828,0.10494817157629965,0.35,1
3834,32264078847,9,4.521277412595728,0.16363048595367805,0.35,1
3835,64528157694,10,0.8191534232067413,0.02964615096090391,0.35,1
3836,53773464745,9,6.426118527844579,0.2325689847249291,0.35,1
3837,107546929490,10,1.1644504863544427,0.04214286838944103,0.35,1
3838,161320394235,10,1.8157048695074391,0.0657125504659954,0.35,1
3839,322640788470,11,0.32811252476140507,0.011874788245601859,0.35,1
3840,765049,4,161.1876699744558,5.833576301729051,0.35,0
3841,1530098,5,29.682161655459513,1.074233251493863,0.35,0
3842,2295147,5,46.26219838763938,1.6742847900387747,0.35,0
3843,4590294,6,8.480398969267156,0.30691587305756257,0.35,1
3844,3825245,5,65.70945415832003,2.3781044458194227,0.35,0
3845,7650490,6,12.048101826361117,0.4360353450497603,0.35,0
3846,11475735,6,18.780230052497412,0.6796791900561037,0.35,0
3847,22951470,7,3.429608750245884,0.12412167960990794,0.35,1
3848,5355343,5,77.43044660208756,2.8023013075492518,0.35,0
3849,10710686,6,14.199863018453414,0.5139101793913643,0.35,0
3850,16066029,6,22.134217999581526,0.8010640615384909,0.35,0
3851,32132058,7,4.0427777815221155,0.14631300683967707,0.35,1
3852,26776715,6,31.44522304669378,1.1380405709496724,0.35,0
3853,53553430,7,5.744607524026013,0.20790427903203332,0.35,1
3854,80330145,7,8.955429668494265,0.3241078073416439,0.35,1
3855,160660290,8,1.6301463938331955,0.05899696529468683,0.35,1
3856,8415539,5,91.64873307864227,3.3168782541231967,0.35,0
3857,16831078,6,16.812131874261613,0.6084513418351328,0.35,0
3858,25246617,6,26.205919326966704,0.9484238464086182,0.35,0
3859,50493234,7,4.78767198517304,0.1732716270269532,0.35,1
3860,42077695,6,37.229202661076,1.3473697734469305,0.35,0
3861,84155390,7,6.80298395112396,0.24620819920412645,0.35,1
3862,126233085,7,10.605287998999387,0.3838181714133511,0.35,0
3863,252466170,8,1.930902624955925,0.06988169625923854,0.35,1
3864,58908773,6,43.87677240968414,1.5879533451042225,0.35,0
3865,117817546,7,8.019067277376816,0.29021972238130705,0.35,1
3866,176726319,7,12.5010025832032,0.45242637001195385,0.35,0
3867,353452638,8,2.2763968886275943,0.08238555061272462,0.35,1
3868,294543865,7,17.762709059485736,0.6428538773489629,0.35,0
3869,589087730,8,3.2351456293139287,0.11708382458037186,0.35,1
3870,883631595,8,5.043784368044145,0.18254064324595437,0.35,1
3871,1767263190,9,0.9156295364671276,0.03313773792960882,0.35,1
3872,9945637,5,96.4445939055495,3.4904462452150113,0.35,0
3873,19891274,6,17.693881265358584,0.64036291641638,0.35,0
3874,29836911,6,27.580261066096796,0.998162932538078,0.35,0
3875,59673822,7,5.039256571476818,0.18237677682392348,0.35,1
3876,49728185,6,39.181429561590114,1.4180232209732946,0.35,0
3877,99456370,7,7.160434659532132,0.25914477172196626,0.35,1
3878,149184555,7,11.162493162174545,0.4039840987179321,0.35,0
3879,298369110,8,2.032533182612013,0.07355982879113765,0.35,1
3880,69619459,6,46.177375589547964,1.6712149506095502,0.35,0
3881,139238918,7,8.44038120138052,0.3054675817432916,0.35,1
3882,208858377,7,13.157756425755215,0.47619508416104533,0.35,0
3883,417716754,8,2.396203558804814,0.0867214985921554,0.35,1
3884,348097295,7,18.695798734122693,0.6766235187502739,0.35,0
3885,696194590,8,3.4053960616617376,0.12324539318956322,0.35,1
3886,1044291885,8,5.309201690723709,0.19214641646606018,0.35,1
3887,2088583770,9,0.9638896580529931,0.0348843299713356,0.35,1
3888,109402007,6,54.66920347198412,1.9785444498274,0.35,0
3889,218804014,7,9.995106706620938,0.3617349740599715,0.35,0
3890,328206021,7,15.581315518713595,0.5639066125475682,0.35,0
3891,656412042,8,2.8382147859255915,0.1027184183319753,0.35,1
3892,547010035,7,22.139138904111107,0.8012421550120883,0.35,0
3893,1094020070,8,4.03352013691421,0.14597796150895753,0.35,1
3894,1641030105,8,6.2884418878475214,0.2275863009717872,0.35,1
3895,3282060210,9,1.1419060179529226,0.04132695687075583,0.35,1
3896,765814049,7,26.0957745687098,0.9444375746818231,0.35,0
3897,1531628098,8,4.755107983294786,0.1720930964999188,0.35,1
3898,2297442147,8,7.413398673827485,0.26829984468268014,0.35,1
3899,4594884294,9,1.3463692959944047,0.04872672965452799,0.35,1
3900,3829070245,8,10.535292226925572,0.3812849399493331,0.35,0
3901,7658140490,9,1.9136732446591176,0.06925814419344553,0.35,1
3902,11487210735,9,2.9837524888009885,0.10798560343761363,0.35,1
3903,22974421470,10,0.5403611707138728,0.019556322889651333,0.35,1
3904,13005833,5,103.6253504022151,3.7503264887477448,0.35,0
3905,26011666,6,19.01481762885937,0.6881691975508583,0.35,0
3906,39017499,6,29.63911271632217,1.072675258433935,0.35,0
3907,78034998,7,5.416323922422426,0.19602329930905302,0.35,1
3908,65029165,6,42.10591221905634,1.5238637776865729,0.35,0
3909,130058330,7,7.696158425751246,0.2785332613464153,0.35,1
3910,195087495,7,11.997584918663833,0.43420707719511475,0.35,0
3911,390174990,8,2.184912331490475,0.07907461408405682,0.35,1
3912,91040831,6,49.62365992951715,1.7959401399360675,0.35,0
3913,182081662,7,9.07180703240942,0.32831964458887714,0.35,1
3914,273122493,7,14.142024587766995,0.511816936783943,0.35,0
3915,546244986,8,2.5758319321140966,0.09322246620227864,0.35,1
3916,455204155,7,20.09417449780109,0.727232425233005,0.35,0
3917,910408310,8,3.6606503505470958,0.13248335395165067,0.35,1
3918,1365612465,8,5.707133798952606,0.2065480596973883,0.35,1
3919,2731224930,9,1.036271926588043,0.037503931622369896,0.35,1
3920,143064163,6,58.748576070831405,2.1261818672696253,0.35,0
3921,286128326,7,10.74273395498963,0.38879250643389107,0.35,0
3922,429192489,7,16.74670981793179,0.6060836386635656,0.35,0
3923,858384978,8,3.050950718944086,0.11041758848301463,0.35,1
3924,715320815,7,23.794822493190935,0.8611633422216833,0.35,0
3925,1430641630,8,4.335817017761683,0.15691845044634273,0.35,1
3926,2145962445,8,6.759708457656049,0.2446420068695636,0.35,1
3927,4291924890,9,1.2276463508073578,0.04443000299035827,0.35,1
3928,1001449141,7,28.04716683135565,1.0150608156564727,0.35,0
3929,2002898282,8,5.111454446630154,0.18498970505594298,0.35,1
3930,3004347423,8,7.968923457772398,0.28840495703499447,0.35,1
3931,6008694846,9,1.4474540352298872,0.05238510835907793,0.35,1
3932,5007245705,8,11.324671690059661,0.4098535353632403,0.35,0
3933,10014491410,9,2.057337080837824,0.07445751180190094,0.35,1
3934,15021737115,9,3.2077375754756012,0.11609189403523079,0.35,1
3935,30043474230,10,0.5809955501995737,0.021026930121834885,0.35,1
3936,169075829,6,61.82808551803896,2.23763303059389,0.35,0
3937,338151658,7,11.307006329682444,0.40921420465218555,0.35,0
3938,507227487,7,17.62629699206964,0.6379169600036443,0.35,0
3939,1014454974,8,3.2114866334779766,0.1162275769687947,0.35,1
3940,845379145,7,25.04447005758235,0.9063895956832692,0.35,0
3941,1690758290,8,4.563939839096684,0.16517449065484208,0.35,1
3942,2536137435,8,7.115342873162775,0.2575128455553519,0.35,1
3943,5072274870,9,1.2923390815141556,0.04677131098745955,0.35,1
3944,1183530803,7,29.520015704341592,1.0683649938410742,0.35,0
3945,2367061606,8,5.380366660350187,0.19472196260052616,0.35,1
3946,3550592409,8,8.388145013574606,0.3035770910666441,0.35,1
3947,7101184818,9,1.5237248870723097,0.05514544253284664,0.35,1
3948,5917654015,8,11.920374652553043,0.43141274448526495,0.35,0
3949,11835308030,9,2.165735715655466,0.07838058921416326,0.35,1
3950,17752962045,9,3.376741711872916,0.12220835768991233,0.35,1
3951,35505924090,10,0.6116512613539894,0.022136397304600108,0.35,1
3952,1859834119,7,34.95543696155008,1.265079448743181,0.35,0
3953,3719668238,8,6.372532052994012,0.23062962553057503,0.35,1
3954,5579502357,8,9.9348944342094,0.359555819255706,0.35,0
3955,11159004714,9,1.8050734411542664,0.06532778624361767,0.35,1
3956,9299170595,8,14.118291118593818,0.5109579938924154,0.35,0
3957,18598341190,9,2.5656016517815163,0.09285222001088173,0.35,1
3958,27897511785,9,4.0001756690653565,0.14477118497656108,0.35,1
3959,55795023570,10,0.7247149690957424,0.026228309335913885,0.35,1
3960,13018838833,8,16.643398798170846,0.6023446881800677,0.35,0
3961,26037677666,9,3.0248943045850143,0.1094745754018205,0.35,1
3962,39056516499,9,4.716266552510819,0.17068737824502683,0.35,1
3963,78113032998,10,0.8545575322341245,0.030927468393178375,0.35,1
3964,65094194165,9,6.7032242267482465,0.24259777438641297,0.35,1
3965,130188388330,10,1.2147730126262797,0.04396410134571521,0.35,1
3966,195282582495,10,1.89416704492448,0.06855219128447422,0.35,1
3967,390565164990,11,0.3423190574932824,0.012388939809971213,0.35,1
3968,14535931,5,106.41627021879286,3.851333245062258,0.35,0
3969,29071862,6,19.52847732635501,0.7067591619007291,0.35,0
3970,43607793,6,30.439707401793093,1.101649746279026,0.35,0
3971,87215586,7,5.5630125197992095,0.2013321366756251,0.35,1
3972,72679655,6,43.24308372410014,1.5650193868214177,0.35,0
3973,145359310,7,7.904563807164625,0.2860757036086464,0.35,1
3974,218038965,7,12.322445441761472,0.4459641715759071,0.35,0
3975,436077930,8,2.2442126657747696,0.08122076474694744,0.35,1
3976,101751517,6,50.96370477199372,1.8444379799852746,0.35,0
3977,203503034,7,9.31743778498098,0.3372093179578414,0.35,1
3978,305254551,7,14.52490974404781,0.5256740126652282,0.35,0
3979,610509102,8,2.6457355696099523,0.09575236320472992,0.35,1
3980,508757585,7,20.638137572410866,0.7469191053715177,0.35,0
3981,1017515170,8,3.7599824102267014,0.13607830106789545,0.35,1
3982,1526272755,8,5.861987163007629,0.2121523898234926,0.35,1
3983,3052545510,9,1.0644489957675973,0.03852369376077712,0.35,1
3984,159895241,6,60.33474119797521,2.1835870974451193,0.35,0
3985,319790482,7,11.033560435233614,0.3993178677306667,0.35,0
3986,479685723,7,17.200041811078428,0.622490270588048,0.35,0
3987,959371446,8,3.133736439611785,0.11341370362187844,0.35,1
3988,799476205,7,24.438860036407174,0.8844718381514617,0.35,0
3989,1598952410,8,4.453452879055041,0.16117583423247953,0.35,1
3990,2398428615,8,6.943095200081237,0.2512789943936863,0.35,1
3991,4796857230,9,1.2610227577473296,0.0456379354370072,0.35,1
3992,1119266687,7,28.806217227504316,1.042531765534293,0.35,0
3993,2238533374,8,5.25012097172254,0.19000821394530312,0.35,1
3994,3357800061,8,8.18509465424313,0.29622845351613303,0.35,1
3995,6715600122,9,1.4868030501726093,0.05380919669724066,0.35,1
3996,5596333435,8,11.631836578118103,0.4209702033564246,0.35,0
3997,11192666870,9,2.113259770469779,0.07648142142859646,0.35,1
3998,16789000305,9,3.2949253103719047,0.1192473233814898,0.35,1
3999,33578000610,10,0.5968178060163465,0.021599556654542055,0.35,1
4000,188967103,6,63.497274421169166,2.2980429914175224,0.35,0
4001,377934206,7,11.613089343169491,0.4202917182989975,0.35,0
4002,566901309,7,18.10340897277231,0.6551842183760693,0.35,0
4003,1133802618,8,3.2986234941874653,0.11938116511683662,0.35,1
4004,944835515,7,25.722287500434348,0.9309206269473022,0.35,0
4005,1889671030,8,4.687757928320908,0.16965561673066581,0.35,1
4006,2834506545,8,7.308366784804933,0.26449861386381607,0.35,1
4007,5669013090,9,1.3274725312459688,0.04804283293318886,0.35,1
4008,1322769721,7,30.31887487714125,1.0972766713881315,0.35,0
4009,2645539442,8,5.5263200821803675,0.20000419307683823,0.35,1
4010,3968309163,8,8.615675337084133,0.31181168806379816,0.35,1
4011,7936618326,9,1.5651452167383149,0.05664449425055994,0.35,1
4012,6613848605,8,12.243678506080863,0.4431135011156974,0.35,0
4013,13227697210,9,2.224601892429453,0.08051102719280356,0.35,1
4014,19841545815,9,3.4685183418383834,0.1255298646867189,0.35,1
4015,39683091630,10,0.6283075984471893,0.02273921024529154,0.35,1
4016,2078638133,7,35.90123117862016,1.2993088828673094,0.35,0
4017,4157276266,8,6.545374755568826,0.23688501152769892,0.35,1
4018,6235914399,8,10.204341214572874,0.3693074234122439,0.35,0
4019,12471828798,9,1.8541354415363676,0.06710339924670781,0.35,1
4020,10393190665,8,14.501150321857569,0.5248141305026922,0.35,0
4021,20786381330,9,2.635327313332521,0.09537567584910299,0.35,1
4022,31179571995,9,4.1088823365984295,0.14870541046453647,0.35,1
4023,62359143990,10,0.7444479046103547,0.026942468086392952,0.35,1
4024,14550466931,8,17.094689351114067,0.6186774379199267,0.35,0
4025,29100933862,9,3.1070950231830894,0.11244951860978934,0.35,1
4026,43651400793,9,4.8444220751941165,0.17532548127225875,0.35,1
4027,87302801586,10,0.8778240635412603,0.03176951223982157,0.35,1
4028,72752334655,9,6.885351548257955,0.24918918194770345,0.35,1
4029,145504669310,10,1.2478436719891306,0.045160968418564235,0.35,1
4030,218257003965,10,1.9457305147018584,0.07041833548381593,0.35,1
4031,436514007930,11,0.35165430136963055,0.012726793551864474,0.35,1
4032,247110827,6,68.23436223851172,2.4694839163644384,0.35,0
4033,494221654,7,12.481575014860713,0.45172326286795883,0.35,0
4034,741332481,7,19.457182530168506,0.7041789171863778,0.35,0
4035,1482664962,8,3.545827096108764,0.12832776180192232,0.35,1
4036,1235554135,7,27.6455676495068,1.0005264566053211,0.35,0
4037,2471108270,8,5.0390275589406635,0.18236848858386193,0.35,1
4038,3706662405,8,7.855974612643006,0.2843172020202412,0.35,1
4039,7413324810,9,1.4271309952833562,0.051649593017054775,0.35,1
4040,1729775789,7,32.58562348933316,1.1793130392328648,0.35,0
4041,3459551578,8,5.9403900379234695,0.21498988448526765,0.35,1
4042,5189327367,8,9.261182048761706,0.33517335497322176,0.35,1
4043,10378654734,9,1.6826375586088376,0.06089668389558147,0.35,1
4044,8648878945,8,13.160903827912856,0.4763089924434948,0.35,0
4045,17297757890,9,2.39158214181292,0.08655424393397596,0.35,1
4046,25946636835,9,3.728853732108909,0.13495171663993713,0.35,1
4047,51893273670,10,0.6755488843240893,0.02444892939315418,0.35,1
4048,2718219097,7,38.58493653071361,1.3964354183230103,0.35,0
4049,5436438194,8,7.0357346426504686,0.25463172761988717,0.35,1
4050,8154657291,8,10.968773360768834,0.3969731453191076,0.35,0
4051,16309314582,9,1.9933053132550567,0.07214012485792533,0.35,1
4052,13591095485,8,15.587347675278767,0.5641249235734208,0.35,0
4053,27182190970,9,2.8331134780006453,0.10253379584178418,0.35,1
4054,40773286455,9,4.417244646765646,0.15986541460891657,0.35,1
4055,81546572910,10,0.8004156076735879,0.02896800680348978,0.35,1
4056,19027533679,8,18.375039900003472,0.6650148694436324,0.35,0
4057,38055067358,9,3.3402697855496557,0.12088839466103116,0.35,1
4058,57082601037,9,5.207956135197151,0.18848221762585904,0.35,1
4059,114165202074,10,0.9438143199112432,0.03415777925656028,0.35,1
4060,95137668395,9,7.4019893967582195,0.26788692917653956,0.35,1
4061,190275336790,10,1.341641765099517,0.04855563460613825,0.35,1
4062,285413005185,10,2.0919802062020634,0.07571128831703192,0.35,1
4063,570826010370,11,0.378128609358202,0.013684930707834785,0.35,1
4064,3212440751,7,40.61056806003654,1.4697454679525264,0.35,0
4065,6424881502,8,7.405787368075659,0.26802438234200543,0.35,1
4066,9637322253,8,11.54565901837929,0.41785133346822007,0.35,0
4067,19274644506,9,2.0983145929100115,0.07594053741649053,0.35,1
4068,16062203755,8,16.40706361255136,0.5937914325972241,0.35,0
4069,32124407510,9,2.9823522856854887,0.10793492839706319,0.35,1
4070,48186611265,9,4.649919292720715,0.1682861908436732,0.35,1
4071,96373222530,10,0.8426400358788284,0.030496159817744443,0.35,1
4072,22487085257,8,19.341283519072306,0.6999843921049509,0.35,0
4073,44974170514,9,3.5162120446870353,0.1272559573507775,0.35,1
4074,67461255771,9,5.482262349742552,0.1984096905699288,0.35,1
4075,134922511542,10,0.9936004745243155,0.0359596002751969,0.35,1
4076,112435426285,9,7.791823849036724,0.2819955084665672,0.35,1
4077,224870852570,10,1.4124079637374094,0.05111674873728043,0.35,1
4078,337306278855,10,2.202319079918048,0.07970458531655457,0.35,1
4079,674612557710,11,0.39809972643160363,0.014407709536369965,0.35,1
4080,35336848261,8,22.906505847632932,0.8290140907759628,0.35,0
4081,70673696522,9,4.165260692602531,0.15074581120714967,0.35,1
4082,106010544783,9,6.494180326908335,0.2350322233717455,0.35,1
4083,212021089566,10,1.1772269117211318,0.04260526264237451,0.35,1
4084,176684241305,9,9.229941879508203,0.3340427355465118,0.35,1
4085,353368482610,10,1.6734176627876742,0.0605630047390103,0.35,1
4086,530052723915,10,2.609288382131549,0.09443329550449961,0.35,1
4087,1060105447830,11,0.4717476260145421,0.017073115902422883,0.35,1
4088,247357937827,9,10.881881135732302,0.3938284108313025,0.35,0
4089,494715875654,10,1.973175156542099,0.07141159019290157,0.35,1
4090,742073813481,10,3.076676270150337,0.11134862722741416,0.35,1
4091,1484147626962,11,0.5563141930768265,0.020133682021477164,0.35,1
4092,1236789689135,10,4.373384983044072,0.15827808044788225,0.35,1
4093,2473579378270,11,0.7908959259543096,0.028623478033476625,0.35,1
4094,3710369067405,11,1.2332975790579395,0.04463452776079188,0.35,1
4095,7420738134810,12,0.22246352473002523,0.00805122343458313,0.35,1
