audit_component,family,character,q,parity_a,j,T,Re_L_prime,Im_L_prime,Arg_L_prime,Arg_pred_neg_iF,phase_residual_mod_pi,abs_residual,source_step
step422_cross_family_anchor,dirichlet,chi_11,11,1,4,10.1083373573927966800277415826570801577382465,0.762069802448523305847383174969,1.62566831783593889706370715673,1.13244071469965796531425586486,1.13244071469965796531425586486,8.4337583545844185795e-81,8.4337583545844185795e-81,414
step422_cross_family_anchor,dirichlet,chi_11,11,1,11,24.6728368610955484177388227516613300515809148,0.134475204462026447110731657096,-2.99414156741848768295453700977,-1.52591371470082036986310338457,1.6156789388889728685995399987,0.0,0.0,414
step422_cross_family_anchor,dirichlet,chi_11,11,1,21,38.9542613843289844118453735244092208666812309,1.59588880229234097110506527525,4.74240456358059837028310799851,1.24618528913546511350127382344,-1.89540736445432812496136955984,2.7409714652399360383e-80,2.7409714652399360383e-80,414
step422_cross_family_anchor,dirichlet,chi_11,11,1,28,48.9684881093637588618540776561416001380262549,0.220627365835818689324443484001,3.14538988961908200598051114369,1.50076793439023108944270584665,1.50076793439023108944270584665,2.7409714652399360383e-80,2.7409714652399360383e-80,414
step422_cross_family_anchor,dirichlet,chi_13,13,0,10,20.9591819174050311814393705327357251339507032,1.39445015050628261626086155212,3.71875587974004113437861117023,1.21204529603050659585189931924,1.21204529603050659585189931924,1.0542197943230523224e-80,1.0542197943230523224e-80,418
step422_cross_family_anchor,dirichlet,chi_13,13,0,22,39.036784716190239997285005567453830736121524,-0.542097269576903716709018882165,3.20634020415322385901846918246,1.73828287100814952527225206274,1.73828287100814952527225206274,1.6867516709168837159e-80,1.6867516709168837159e-80,418
step422_cross_family_anchor,dirichlet,chi_13,13,0,23,41.9527284220854914654525163478280771934860613,-0.021868921243481611404237619863,-4.17964369916154164591838816964,-1.57602852438319788242554626828,1.565564129206595356037097115,-1.6867516709168837159e-80,1.6867516709168837159e-80,418
step422_cross_family_anchor,dirichlet,chi_15,15,1,22,38.757341359970418830354799182704385121116436,0.997573839433517479949330632228,-2.62106340236519562782918465765,-1.2071260927235517802084105277,-1.2071260927235517802084105277,0.0,0.0,418
step422_cross_family_anchor,dirichlet,chi_3,3,1,39,88.6526172085393908232687442437282383543700138,1.17519515790363805660624680093,-2.5420461988026511364261187116,-1.13775859460520101647776142872,2.00383405898459222198488195456,1.2650637531876627869e-79,1.2650637531876627869e-79,411
step422_cross_family_anchor,dirichlet,chi_3,3,1,48,102.116361845064920790422393771022791839006989,0.346421830974865851448065386534,2.54541323418875077131121882913,1.43553088230059622102588293169,1.43553088230059622102588293169,8.222914395719808115e-80,8.222914395719808115e-80,411
step422_cross_family_anchor,dirichlet,chi_4,4,1,30,67.6369208635460683980549911505678584956809475,0.940307136563014872066119117071,-2.05645174324429747840510338308,-1.14193186145996509564853509405,-1.14193186145996509564853509405,4.4277231361568197542e-80,4.4277231361568197542e-80,413
step422_cross_family_anchor,dirichlet,chi_5,5,0,11,29.7079093504809655692309865186573136059701964,0.85025910731695900807251353954,2.55891764065480683632746390987,1.25000042289048576176874393984,-1.89159223069930747669389944344,1.8975956297814941804e-80,1.8975956297814941804e-80,412
step422_cross_family_anchor,dirichlet,chi_5,5,0,22,51.0877519267464913552582572041312455139318228,1.34436674931970751481472089521,-3.1063071109094573009644620009,-1.1623492533365906626775443839,-1.1623492533365906626775443839,7.1686946013967557926e-80,7.1686946013967557926e-80,412
step422_cross_family_anchor,dirichlet,chi_5,5,0,28,61.1388647519217451090954639155724254561875652,0.573544669535602460465421295083,-3.28121141285659253522686060248,-1.39774800222538880271706718225,-1.39774800222538880271706718225,2.7409714652399360383e-80,2.7409714652399360383e-80,412
step422_cross_family_anchor,dirichlet,chi_7,7,1,10,24.498847555356328973089618014247392732915839,1.01621424197065163586368640369,2.58575753012022520213779678845,1.19633509653760717722470578491,1.19633509653760717722470578491,-2.3192835475107151094e-80,2.3192835475107151094e-80,414
step422_cross_family_anchor,dirichlet,chi_7,7,1,17,38.364637336031365968444591803781826243313917,0.552465637381868837154423461593,-3.35302573977590471549588393568,-1.40749722485250122732418411917,1.73409542873729201113845926411,-2.9518154241045465028e-80,2.9518154241045465028e-80,414
step422_cross_family_anchor,dirichlet,chi_7,7,1,25,50.983099434947909410402568695849434466209512,0.517304772245756928627928666984,-0.660453660555119142128831757625,-0.906348404796147522315953362886,2.23524424879364571614669002039,-2.1084395886461046449e-80,2.1084395886461046449e-80,414
step422_cross_family_anchor,dirichlet,chi_7,7,1,26,51.2966314584267851668236982853459636048848982,-0.0271117227590337848547767562556,0.882587670031359954966531717203,1.60150511727077271191506621879,1.60150511727077271191506621879,4.2168791772922092897e-81,4.2168791772922092897e-81,414
step422_cross_family_anchor,dirichlet,chi_8,8,0,24,47.1333101093179995091127767811107685869173784,0.626832932497164967854764904818,2.1866801051892538807306731614,1.29162287910261664560747362292,1.29162287910261664560747362292,8.0120704368551976505e-80,8.0120704368551976505e-80,414
step422_cross_family_anchor,zeta,zeta,1,0,34,111.029535543169674524656450309944350415345968,0.231297775273495763146476740096,-1.57394141239030850731863742607,-1.42488618453802681202850338641,-1.42488618453802681202850338641,3.3735033418337674318e-80,3.3735033418337674318e-80,381
step422_cross_family_anchor,zeta,zeta,1,0,41,124.256818554345767184732007966129924441573539,0.853724768591766497589702027871,2.15283888326750315075037376599,1.19326099461356668839617239148,-1.9483316589762265500664709918,2.7409714652399360383e-80,2.7409714652399360383e-80,381
step422_cross_family_anchor,zeta,zeta,1,0,64,169.911976479411698966699843595821792288394437,0.0135745821748884322755676658149,1.97889090994790738849600798839,1.56393674237129605088931958884,1.56393674237129605088931958884,-8.0120704368551976505e-80,8.0120704368551976505e-80,381
step422_cross_family_anchor,zeta,zeta,1,0,71,184.874467848387508800960646617234258413351023,0.204188843035680936637313723141,-1.48032087261494864782858700818,-1.43372574162869221931919315425,1.70786691196110101914345022902,-1.5602452955981174372e-79,1.5602452955981174372e-79,381
step422_cross_family_anchor,zeta,zeta,1,0,79,198.015309676251912424919918702208867155062695,0.992744063625978523689815226591,2.99780322800829317632085416373,1.25100558721467712531762835774,-1.89058706637511611314501502554,1.1174729819824354618e-79,1.1174729819824354618e-79,381
step422_cross_family_anchor,zeta,zeta,1,0,80,201.264751943703788733016133427548173222402864,1.14109554242828594245438631463,-3.18433989572340669851976326113,-1.22670573078343565494611563165,-1.22670573078343565494611563165,1.3283169408470459263e-79,1.3283169408470459263e-79,381
step422_cross_family_anchor,zeta,zeta,1,0,92,221.430705554693338732097475119276077950222331,0.835973373544058893896073652147,1.38659700256709548099693512298,1.0282503535352373450585221567,1.0282503535352373450585221567,-3.7951912595629883608e-80,3.7951912595629883608e-80,381
zeta_n2000,zeta,zeta,1,0,34,111.0295355431696745246564503099443504153,0.231297775273495763146476740096,-1.57394141239030850731863742607,-1.42488618453802681202850338641,-1.42488618453802681202850338641,6.6008673001496919075e-38,6.6008673001496919075e-38,426
zeta_n2000,zeta,zeta,1,0,41,124.2568185543457671847320079661299244416,0.853724768591766497589702027871,2.15283888326750315075037376599,1.19326099461356668839617239148,-1.9483316589762265500664709918,-3.9486376813052058798e-38,3.9486376813052058798e-38,426
zeta_n2000,zeta,zeta,1,0,64,169.9119764794116989666998435958217922884,0.0135745821748884322755676658149,1.97889090994790738849600798839,1.56393674237129605088931958884,1.56393674237129605088931958884,-9.1715170344495875597e-39,9.1715170344495875597e-39,426
zeta_n2000,zeta,zeta,1,0,71,184.8744678483875088009606466172342584134,0.204188843035680936637313723141,-1.48032087261494864782858700818,-1.43372574162869221931919315425,1.70786691196110101914345022902,-8.2815327745403408698e-38,8.2815327745403408698e-38,426
zeta_n2000,zeta,zeta,1,0,79,198.0153096762519124249199187022088671551,0.992744063625978523689815226591,2.99780322800829317632085416373,1.25100558721467712531762835774,-1.89058706637511611314501502554,-6.4359064535749866107e-38,6.4359064535749866107e-38,426
zeta_n2000,zeta,zeta,1,0,80,201.2647519437037887330161334275481732224,1.14109554242828594245438631463,-3.18433989572340669851976326113,-1.22670573078343565494611563165,-1.22670573078343565494611563165,4.9637507246240445491e-39,4.9637507246240445491e-39,426
zeta_n2000,zeta,zeta,1,0,92,221.4307055546933387320974751192760779502,0.835973373544058893896073652147,1.38659700256709548099693512298,1.0282503535352373450585221567,1.0282503535352373450585221567,3.9774236684286541663e-38,3.9774236684286541663e-38,426
zeta_n2000,zeta,zeta,1,0,106,247.1369900748974994675509681792081322679,0.213767932275609184119989935101,-2.78151639060071243911722753184,-1.49409408162286200824240003747,-1.49409408162286200824240003747,-6.4918420342419175873e-38,6.4918420342419175873e-38,426
zeta_n2000,zeta,zeta,1,0,115,260.8050845045968701859312334724645480349,0.189224327616097499184890233352,2.65266415780033713936112508341,1.49958326060141269603334683595,-1.64200939298838054242929654733,7.2569031845750380903e-38,7.2569031845750380903e-38,426
zeta_n2000,zeta,zeta,1,0,123,275.5874926493438412487407026193777848264,0.97929832350917037583444673962,-1.98332393152255055743768109888,-1.11214818150734003804584548225,2.02944447208245320041679790103,8.98534675486720786e-38,8.98534675486720786e-38,426
zeta_n2000,zeta,zeta,1,0,126,279.2292509277451892284098804519553592835,0.532135781448657529800982731765,3.4069561939530850522823141628,1.41585721179208103863351866599,1.41585721179208103863351866599,-1.3967414207987672103e-38,1.3967414207987672103e-38,426
zeta_n2000,zeta,zeta,1,0,127,282.4651147650520962330272011865010242055,-0.0517866002888204228996873155727,-2.61806613821648020499025024743,-1.59057422582631432457607704663,1.55101842776347891388656633665,1.3008339034288569608e-38,1.3008339034288569608e-38,426
zeta_n2000,zeta,zeta,1,0,136,295.5732548789582923884608314587786106373,-0.0319419071388875974712263666115,1.55709432124425993393923805273,1.59130724079864635675771056269,1.59130724079864635675771056269,-2.8580274136678571559e-38,2.8580274136678571559e-38,426
zeta_n2000,zeta,zeta,1,0,144,310.1094631467018988047862197679989458348,0.461665322320380035806636842687,-3.55254559344765441337140006324,-1.44156716412574899925625641761,-1.44156716412574899925625641761,-7.210668737064989148e-38,7.210668737064989148e-38,426
zeta_n2000,zeta,zeta,1,0,160,334.2113548332443832324034079591924931542,0.438798328971610509562205327044,2.27281401975656018523558290216,1.38007890655285138240736490617,1.38007890655285138240736490617,-2.5279896657199217252e-38,2.5279896657199217252e-38,426
zeta_n2000,zeta,zeta,1,0,165,342.0548775103635854514038250940980567152,0.375475540921757885651184710446,3.30598008978510569111041413803,1.45770626971774167661453852845,-1.68388638387205156184810485483,-2.6119677912010432015e-38,2.6119677912010432015e-38,426
zeta_n2000,zeta,zeta,1,0,173,356.0175749772649473179603619607664426757,0.39459797807566048401858357868,-3.39977397954942850952264779864,-1.45524739627834294222203862986,1.68634525731145029624060475341,2.915907880703405317e-38,2.915907880703405317e-38,426
zeta_n2000,zeta,zeta,1,0,183,370.0509192121060003396511630612666114225,0.294252172063934875428178463822,3.98798246473306959964475053763,1.49714506969180097778737284159,-1.64444758389799226067527054169,-6.8077608452338770449e-38,6.8077608452338770449e-38,426
zeta_n2000,zeta,zeta,1,0,184,373.0619283721128384491193964312853919029,0.237895526057486260449179336072,-3.52712643212699378494194622919,-1.50345091940108552583439137068,-1.50345091940108552583439137068,8.5297163333091224198e-38,8.5297163333091224198e-38,426
zeta_n2000,zeta,zeta,1,0,187,376.324092230668052117190819612427579613,0.470590445457895598136032438174,1.43105923906493620819635622499,1.25309462545652480712013353635,-1.88849802813326843134250984693,-7.7704288708445094292e-38,7.7704288708445094292e-38,426
zeta_n2000,zeta,zeta,1,0,196,391.4560835636380457705782281225541347722,-0.0475848694805014567168080354224,-2.92209288791175502130745888081,-1.5870794039258204690116668236,-1.5870794039258204690116668236,5.3447603881633507661e-38,5.3447603881633507661e-38,426
zeta_n2000,zeta,zeta,1,0,206,405.1343874599099272574862680254167361628,0.377172382330808522546810245336,3.14341880381079149016072571117,1.45137927846028496665397492433,1.45137927846028496665397492433,-9.1537695660483664691e-38,9.1537695660483664691e-38,426
zeta_n2000,zeta,zeta,1,0,213,415.4552149962945988571287824866698249317,-0.578143424383066884754766956862,1.82679964221112554691669760662,1.8773019249322453322578987273,-1.26429072865754790620474465598,-1.4634177753904574608e-38,1.4634177753904574608e-38,426
zeta_n2000,zeta,zeta,1,0,222,430.3287454309386366699269815418548626842,1.08213048134604109383518367428,-2.42521167349994215900979815381,-1.15110661832127130356753346581,-1.15110661832127130356753346581,-9.8258941266762546622e-38,9.8258941266762546622e-38,426
zeta_n2000,zeta,zeta,1,0,224,432.1386417345885683062532491089527169051,0.59334440499048775072605540161,2.18173921225043272186567116458,1.30525916422149763217994324365,1.30525916422149763217994324365,8.3534989712466852825e-38,8.3534989712466852825e-38,426
zeta_n2000,zeta,zeta,1,0,233,446.8606226964295225288608751807467431377,-0.272634285002796424592220383766,-2.31987685840053893635013213824,-1.6877807472752498601421965253,1.45381190631454337832044685797,-3.9128104440402140518e-38,3.9128104440402140518e-38,426
zeta_n2000,zeta,zeta,1,0,238,453.9867378066779160383668102940048583722,1.65676781642752097099882578738,-4.29029005973502196502151754476,-1.20227165796362094828937846453,-1.20227165796362094828937846453,8.819540825170498731e-38,8.819540825170498731e-38,426
zeta_n2000,zeta,zeta,1,0,243,460.0879444221758412553302554282065462455,0.3021019813936262532944259816,2.10300771966525564392951991678,1.42812006523141592435925452517,-1.71347258835837731410338885811,5.0564548326393382463e-38,5.0564548326393382463e-38,426
zeta_n2000,zeta,zeta,1,0,246,465.6715392113710945529666457439955288515,0.926703103295109569910432178151,-2.07443775721552739109794689418,-1.15066927027037902985810576634,-1.15066927027037902985810576634,-1.1276248950321244655e-38,1.1276248950321244655e-38,426
zeta_n2000,zeta,zeta,1,0,248,467.4390462102616388566450013844468423202,0.602072191819908577880182115459,2.40758618165404202616527205373,1.3257490009434690938721847654,1.3257490009434690938721847654,-5.9200889811694581211e-38,5.9200889811694581211e-38,426
zeta_n2000,zeta,zeta,1,0,256,478.9421815346348265383171017670384840219,-0.127717203751345270466932735692,4.02254467917248851655134328479,1.60253601479958348797633239554,1.60253601479958348797633239554,9.1941876321462720794e-39,9.1941876321462720794e-39,426
zeta_n2000,zeta,zeta,1,0,257,481.8303393762865613666813762850975980902,0.236454884454053681613409636855,-4.51086880110639785884499443777,-1.5184253360244243903757240767,1.62316731756536884808691930658,6.5180766302538466649e-39,6.5180766302538466649e-39,426
zeta_n2000,zeta,zeta,1,0,265,493.3144415817853009363606040432270822347,0.400531329985695550110042004545,-1.99269983773667081904881436149,-1.37244005874267856130882926271,1.76915259484711467715381412057,-2.888664953488790144e-38,2.888664953488790144e-38,426
zeta_n2000,zeta,zeta,1,0,268,496.4296962157591034839189128160730204362,1.37738198715056937487326895214,4.16036804903646118203850801865,1.25108221767070108032001863773,1.25108221767070108032001863773,4.371970378698302967e-38,4.371970378698302967e-38,426
zeta_n2000,zeta,zeta,1,0,272,502.2762703271182331753995073338853425487,1.19190600099979994712350424215,1.97056265975069805410976827995,1.02681412690699747900226193259,1.02681412690699747900226193259,-1.0579057271168735844e-37,1.0579057271168735844e-37,426
zeta_n2000,zeta,zeta,1,0,275,506.4641527095235312215260747806452307393,1.33174331152628218611226941998,4.27429441213133937982593166834,1.26875864350592320171741031255,-1.87283401008387003674523307073,-6.6662976017700817538e-38,6.6662976017700817538e-38,426
zeta_n2000,zeta,zeta,1,0,282,517.5896685724674253413579652869405488328,1.1094275193217799915874617915,-3.02148398023354333197488981371,-1.21889939280333835632432086383,-1.21889939280333835632432086383,-1.7517278839023339208e-38,1.7517278839023339208e-38,426
zeta_n2000,zeta,zeta,1,0,289,527.9036416012723452296172680711541204259,-0.961967015780324072658656612962,-1.95613513204062933418480397767,-2.02783764435399293206332295163,1.11375500923580030639932043165,-9.206479171224014946e-38,9.206479171224014946e-38,426
zeta_n2000,zeta,zeta,1,0,298,540.213166376228133383645668989963350953,0.546289269466317246535493046904,-1.06458803192433616579165928675,-1.09668717844124637782135999646,-1.09668717844124637782135999646,5.3527390875099736558e-38,5.3527390875099736558e-38,426
zeta_n2000,zeta,zeta,1,0,299,540.631390247295117360128077599175934027,0.496638836273532140360631677607,1.00905328415347152554154637634,1.11342187953851147323920215231,-2.02817077405128176522344123097,1.0702458108509424261e-37,1.0702458108509424261e-37,426
zeta_n2000,zeta,zeta,1,0,300,541.8474371212012815471191135089067366934,0.112542719392482277258131634464,4.47842607715879021363792492734,1.5456716433449628709423181263,1.5456716433449628709423181263,3.3699637935814791082e-38,3.3699637935814791082e-38,426
zeta_n2000,zeta,zeta,1,0,309,555.7920205616825084165732214853551893267,0.846787158433937010043636275286,-3.68971701640826853288087400488,-1.3452036153708649912013448245,1.79638903821892824726129855878,-5.4480493543970617876e-39,5.4480493543970617876e-39,426
zeta_n2000,zeta,zeta,1,0,313,560.2408074972956682417932763588605198266,1.53718536177372689968880844141,4.49675849355596969398777071236,1.24140673344424628566905188715,-1.90018592014554695279359149613,-3.1036201722122028734e-38,3.1036201722122028734e-38,426
zeta_n2000,zeta,zeta,1,0,315,564.1608791107861178138795335004065286639,0.398820122723863082086233938336,-1.35111891243929948320810640284,-1.28376954568426541232515407708,1.8578231079055278261374893062,8.0213902876889512078e-38,8.0213902876889512078e-38,426
zeta_n2000,zeta,zeta,1,0,316,564.5060559381498351222459689389768405769,0.675631159903243909862525120983,1.26901245393141243207376886688,1.08156044323836400146315623951,1.08156044323836400146315623951,2.2818932511117161332e-38,2.2818932511117161332e-38,426
zeta_n2000,zeta,zeta,1,0,334,590.6603975167652756310320033102742748608,0.401450605473576282398205443354,-4.97152792798064475470384479597,-1.4902212100216418730919581774,-1.4902212100216418730919581774,-4.9938585281351168514e-38,4.9938585281351168514e-38,426
zeta_n2000,zeta,zeta,1,0,339,596.3627683283936840895790970704623562038,0.976793851292467346906253547652,2.94021926690811187623854098212,1.25004988143332605834431361863,-1.89154277215646718011832976465,9.3114224476168269133e-38,9.3114224476168269133e-38,426
zeta_n2000,zeta,zeta,1,0,342,601.6021367359326360517381075959685084747,1.07387265363840473249422797494,-3.3897047497542648218261126929,-1.26399502643082341580093404306,-1.26399502643082341580093404306,-8.0622416751153323852e-38,8.0622416751153323852e-38,426
zeta_n2000,zeta,zeta,1,0,345,604.6162184937532329146396027886492375358,1.01243677304997470740924093544,3.41166161976413010090101563509,1.28231678969798082380086178522,-1.85927586389181241466178159806,2.5328736624385797957e-38,2.5328736624385797957e-38,426
zeta_n2000,zeta,zeta,1,0,353,615.53856336940702785347426589569947439,0.671268389519552876610350533886,4.61634081478970291235075298792,1.42639704078573494121736066305,-1.71519561280405829724528272023,-6.5680751781274592787e-38,6.5680751781274592787e-38,426
zeta_n2000,zeta,zeta,1,0,354,618.1128313664423733825402270245809263633,1.28944824828104132605836635601,-5.3837914304976620130008465543,-1.33571886298126664611949676544,-1.33571886298126664611949676544,-8.3937745770830839189e-38,8.3937745770830839189e-38,426
zeta_n2000,zeta,zeta,1,0,358,622.375002739779009217881543779123522671,0.334350032947003562821933979259,2.62712200631354924267123598453,1.44420830101494521857272290694,1.44420830101494521857272290694,7.9487843199980353539e-38,7.9487843199980353539e-38,426
zeta_n2000,zeta,zeta,1,0,363,630.4738874382920458706065867763485498501,0.104085815497257098291696727729,-1.19542692992703197522265862098,-1.48394536863434091043480231536,1.65764728495545232802784106792,9.1901576090148824397e-39,9.1901576090148824397e-39,426
zeta_n2000,zeta,zeta,1,0,364,630.805780927197532641871725248146886834,0.688808911650234338506777247269,0.855327545280651067213974421496,0.892822348833630094726580850517,0.892822348833630094726580850517,-2.9275546601522589284e-38,2.9275546601522589284e-38,426
zeta_n2000,zeta,zeta,1,0,368,637.3971931598373071737480742879294782583,-0.313093549340788814373435717558,-1.74556898705176715806457725596,-1.7482738855401034519552838458,-1.7482738855401034519552838458,6.3903096808575629715e-38,6.3903096808575629715e-38,426
zeta_n2000,zeta,zeta,1,0,379,650.6686838913959825305606330546754916218,-1.19382547468514893651156627502,2.10497868403747786504339287889,2.08670637241727950710244469345,-1.05488628117251373136019868983,6.0306202695406250173e-38,6.0306202695406250173e-38,426
zeta_n2000,zeta,zeta,1,0,380,653.6495716053946919020868649594493271571,-0.462709468802222561719539417306,-3.83232531599763596633870661999,-1.69095327216922934802345459109,-1.69095327216922934802345459109,3.226143496716784429e-38,3.226143496716784429e-38,426
zeta_n2000,zeta,zeta,1,0,391,667.1484948945554299410692132745327359495,0.263646532195910550963376992867,2.13906423721738265045380447584,1.44816161736425006062550988558,-1.6934310362255431778371334977,8.7095888060792084712e-40,8.7095888060792084712e-40,426
zeta_n2000,zeta,zeta,1,0,394,672.4581835841697341813650863351780057639,0.136404705492092213205495618574,-2.84014024223228302977414479699,-1.52280574883245533319940324319,-1.52280574883245533319940324319,1.1930383448566531361e-38,1.1930383448566531361e-38,426
zeta_n2000,zeta,zeta,1,0,399,677.8004447462213349189387573932694714798,-0.285433370246360914355590663164,2.33926744414969517781465141291,1.69221439628721954147717000483,-1.44937825730257369698547337845,5.3708777975583587565e-38,5.3708777975583587565e-38,426
zeta_n2000,zeta,zeta,1,0,401,681.8949915331518891094524110813676572786,-0.153116835462949787636075891246,-3.54114815829370212645369292667,-1.61400872885694053021106376353,1.52758392473285270825157961975,-8.7002987515739572807e-38,8.7002987515739572807e-38,426
zeta_n2000,zeta,zeta,1,0,409,692.4516844155208488498466523650592814303,0.915032602249503397912644126993,-2.86366865296091609777599272445,-1.26151833885149721323089326566,1.88007431473829602523175011762,-8.8004444210550774918e-38,8.8004444210550774918e-38,426
zeta_n2000,zeta,zeta,1,0,413,696.6260699003456149709028185195611050569,0.447572341250169196839158123786,5.13406896006744956359174558835,1.48383924374303226732085433805,-1.65775340984676097114178904523,8.6188781939880531966e-38,8.6188781939880531966e-38,426
zeta_n2000,zeta,zeta,1,0,414,699.1320954760135067108161695879511643128,1.8757751877887911827405422618,-6.18799091042941136200062846042,-1.27646904568953785171086069395,-1.27646904568953785171086069395,-7.7779901639939241187e-38,7.7779901639939241187e-38,426
zeta_n2000,zeta,zeta,1,0,423,711.1302741796854315654748563903775977822,0.613815675432374393621478924765,-2.40397743266466128630741867918,-1.32080434831774594065881105824,1.82078830527204729780383232504,-1.7501568609021311875e-38,1.7501568609021311875e-38,426
zeta_n2000,zeta,zeta,1,0,434,724.5626138903790795922462167714048513284,0.724086408390179226021259678079,4.55228551902473641993889806612,1.41305776249161804325150153126,1.41305776249161804325150153126,-9.4692405735097230693e-38,9.4692405735097230693e-38,426
zeta_n2000,zeta,zeta,1,0,435,727.0564032300493816176484052778908547699,1.25053058386455290489165183947,-6.06210939146372534266311622987,-1.36736354554073199404400842424,1.77422910804906124441863495904,1.0258207705226794198e-37,1.0258207705226794198e-37,426
zeta_n2000,zeta,zeta,1,0,436,728.4054815889340600347443552329310256048,0.166199478860302555588078695049,-1.18297917277305653184570409689,-1.43121756995359205954934010613,-1.43121756995359205954934010613,-2.9963714666918943983e-38,2.9963714666918943983e-38,426
zeta_n2000,zeta,zeta,1,0,437,728.7587497956142685661306322733904860822,0.75870433320099055608002151527,0.900760845986990258076877048549,0.870793768652394474572660282008,-2.27079888493739876388998310127,1.1222965706915115735e-37,1.1222965706915115735e-37,426
zeta_n2000,zeta,zeta,1,0,447,741.7573355729416732758611620027917081787,1.32392493511930974229440219937,5.50865054867744811441175138198,1.33493403079461024765310814804,-1.80665862279518299080953523524,-5.035934465849737949e-38,5.035934465849737949e-38,426
zeta_n2000,zeta,zeta,1,0,452,748.2427544650845478685032946989341215482,0.0307482674093216481971587286733,2.2824327733231755404049825777,1.55732543387958954707999751052,1.55732543387958954707999751052,8.6620847628865022101e-38,8.6620847628865022101e-38,426
zeta_n2000,zeta,zeta,1,0,453,750.6559503621242998668074383702946266551,0.899063248062089732285442199027,-1.64410929265712509814647976378,-1.07038314815828583278060378151,2.07120950543150740568203960176,-7.5603585467129961527e-38,7.5603585467129961527e-38,426
zeta_n2000,zeta,zeta,1,0,454,750.9663810666508372684584196954287854228,0.448345694160585324774091924714,1.81616562483141902654643843882,1.32877147641622696051250201748,1.32877147641622696051250201748,-3.2907280619672265957e-38,3.2907280619672265957e-38,426
zeta_n2000,zeta,zeta,1,0,460,758.9002382248923747674353929054097564824,1.14922927144467930142476112571,2.80306452998136510354353861668,1.1817073986669678202699680406,1.1817073986669678202699680406,-9.2960241378187566262e-38,9.2960241378187566262e-38,426
zeta_n2000,zeta,zeta,1,0,462,762.7000332496910547280689999085766531655,-0.350365156659044806567258237261,-4.53203199513660546974941602098,-1.64795148572152498172370698568,-1.64795148572152498172370698568,2.07467795294503341e-38,2.07467795294503341e-38,426
zeta_n2000,zeta,zeta,1,0,477,782.1376643908120947543176873277865651751,0.612255882334184388242355848334,-2.1018226816083238327597950506,-1.28734239212555826277657923746,1.85425026146423497568606414582,8.0789412773920315105e-38,8.0789412773920315105e-38,426
zeta_n2000,zeta,zeta,1,0,482,787.468463815910038381473499623030036964,0.0965948625256968760956375593043,5.50785907417074866782483183775,1.55326048212996267100810400012,1.55326048212996267100810400012,1.2360845576891194437e-38,1.2360845576891194437e-38,426
zeta_n2000,zeta,zeta,1,0,483,790.0590923641195642949460032546819337544,0.0298908266256475666172017047319,-5.04262528827792475357373046202,-1.56486876429823881561388001424,1.57672388929155442284876336904,-2.3549733483583484271e-38,2.3549733483583484271e-38,426
zeta_n2000,zeta,zeta,1,0,485,792.4277076086045268663910701891214127956,0.86633850603819679341697524631,-1.37533428403343170570187907509,-1.008673135626260007148203607,2.13291951796353323131443977628,1.9354114830715355432e-38,1.9354114830715355432e-38,426
zeta_n2000,zeta,zeta,1,0,486,792.8886525626225880422427532063530827861,0.86380388343306353302646398681,1.40011580323548503657609389437,1.01800546824708131570717182016,1.01800546824708131570717182016,-1.1490944897430343233e-37,1.1490944897430343233e-37,426
zeta_n2000,zeta,zeta,1,0,492,801.604246462982055966676616142437298484,1.12268662135432622778186753766,-3.25304808808021577161696362666,-1.23847700920611185826512052445,-1.23847700920611185826512052445,-1.4954898321676057721e-38,1.4954898321676057721e-38,426
zeta_n2000,zeta,zeta,1,0,497,808.1518149359937473923558585809423471962,0.875248109053070967626857472954,-5.66733160294767355835824811121,-1.41756944797423946887681437479,1.72402320561555376958582900849,1.1553501737852411873e-37,1.1553501737852411873e-37,426
zeta_n2000,zeta,zeta,1,0,509,822.1977574934042771435818555860501844193,-1.10464175763970132700303838882,1.84120252332894910092436183893,2.11118397532693994547735467887,-1.03040867826285329298528870441,3.6882366108784574184e-38,3.6882366108784574184e-38,426
zeta_n2000,zeta,zeta,1,0,519,836.6935761875918671688703407591464620759,-0.790071286358625335258968174001,-2.62195213195369876310382032339,-1.8634723158625968026020677222,1.27812033772719643586057566108,8.8750255992063864952e-38,8.8750255992063864952e-38,426
zeta_n2000,zeta,zeta,1,0,525,844.1661966073507688213461011256678093743,1.00901349532759373886087776828,-3.73605375645169828341935406696,-1.30701489473699591550198422146,1.83457775885279732296065916182,-2.3721051769559551553e-38,2.3721051769559551553e-38,426
zeta_n2000,zeta,zeta,1,0,528,847.9717176395120066363275847853761590193,0.716315091578852857807377522221,-1.90390991384665817431497452886,-1.21094448615873926566275545925,-1.21094448615873926566275545925,-1.8787255070859578238e-38,1.8787255070859578238e-38,426
zeta_n2000,zeta,zeta,1,0,531,850.6454484660040923782420481876587276523,-0.410425303124038360486238276848,4.8951994879402357348783584612,1.654443099204079503317704372,-1.48714955438571373514493901128,-8.9107388342454839898e-38,8.9107388342454839898e-38,426
zeta_n2000,zeta,zeta,1,0,532,853.1631125833891553258394720712667528806,1.15254762567185400855302133145,-6.10892239858656495728268277336,-1.38432195076369789038902398121,-1.38432195076369789038902398121,8.5099725629984303079e-38,8.5099725629984303079e-38,426
zeta_n2000,zeta,zeta,1,0,545,868.6704942291315966678382745745771830269,1.5900195895252360250624817425,5.89617194833915732311152032246,1.30739226934166295262737275488,-1.8342003842481302858352706284,1.2263954937279881526e-37,1.2263954937279881526e-37,426
zeta_n2000,zeta,zeta,1,0,550,875.985285108780322374392441196740692286,1.40785760716240834929083525152,-2.33183243008217192558256160655,-1.02761970473884666512068785841,-1.02761970473884666512068785841,-1.7331491532614997363e-38,1.7331491532614997363e-38,426
zeta_n2000,zeta,zeta,1,0,566,895.3979196747829650553968593945628156397,0.78324146457649509396006435147,2.05359634290025097636220470312,1.20642661419284117320067158187,1.20642661419284117320067158187,-8.9191777319316521427e-38,8.9191777319316521427e-38,426
zeta_n2000,zeta,zeta,1,0,567,896.6322515562027200335265867207904134895,2.0962743862895560841205882267,7.18253884213639915395986343264,1.28682679644594310918415509636,-1.85476585714385012927848828692,7.3239297144207971507e-38,7.3239297144207971507e-38,426
zeta_n2000,zeta,zeta,1,0,568,899.2215226683834193900956439398532345143,-1.50059065290773251881141786715,-3.31526667422356142268754659428,-1.99583558425759407918179080537,-1.99583558425759407918179080537,5.1592488823365103985e-38,5.1592488823365103985e-38,426
zeta_n2000,zeta,zeta,1,0,580,912.8239992467433953779922166587374992655,-0.669322708505721847202824707129,2.00420104376238778464277832496,1.89311065299116514074787239738,1.89311065299116514074787239738,-4.3519187741206518906e-38,4.3519187741206518906e-38,426
zeta_n2000,zeta,zeta,1,0,585,919.4483444396823047817651293523179299287,1.06223972521501654030835884785,2.08129513861155355053471292424,1.09888369702233547527524470183,-2.04270895656745776318739868145,-3.2534846834337949512e-38,3.2534846834337949512e-38,426
zeta_n2000,zeta,zeta,1,0,595,931.8527407455200799216863423509979293219,0.114791754799619216732711724212,5.42511955981398619371023488609,1.54964017958736243992162042223,-1.59195247400243079854102296105,-1.1956319414562631101e-37,1.1956319414562631101e-37,426
zeta_n2000,zeta,zeta,1,0,596,934.3853068372584647544145411925794963447,-0.290060060317057648088627630459,-4.12418177413404572112135598071,-1.64101224535656113646758891948,-1.64101224535656113646758891948,9.1665636443679525632e-38,9.1665636443679525632e-38,426
zeta_n2000,zeta,zeta,1,0,606,946.7658422047278511567321672182413770306,0.34331599481310561253503266314,-0.967190918633458813166146319057,-1.22970790053439092935088906772,-1.22970790053439092935088906772,-7.076768696399143783e-38,7.076768696399143783e-38,426
zeta_n2000,zeta,zeta,1,0,607,947.0791830962548779651194745430296382638,0.433881729771659777058212178786,0.910569944510353081489356723052,1.12612917635381357971272681308,-2.0154634772359796587499165702,3.3684877523262536971e-38,3.3684877523262536971e-38,426
zeta_n2000,zeta,zeta,1,0,617,959.4591688070681125609996090391543284638,0.72823064200015472779168032333,6.30636528717785350773659384471,1.45583003848034335466485453381,-1.68576261510944988379778884947,5.3132825710314030376e-38,5.3132825710314030376e-38,426
zeta_n2000,zeta,zeta,1,0,619,963.1820866713114469971321899721716967047,-0.0959594432977389081212253438196,-1.77110388491797080640258017897,-1.62492398790734015062177976157,1.51666866568245308784086362171,1.1146130339537681943e-37,1.1146130339537681943e-37,426
zeta_n2000,zeta,zeta,1,0,627,973.1853612943011942216490969584507141798,-0.368578152441725981852578886432,-3.12679074324320336512937796509,-1.68813232157891486687813925452,1.45346033201087837158450412876,-9.1688728739414379976e-38,9.1688728739414379976e-38,426
zeta_n2000,zeta,zeta,1,0,631,976.9172021170506220214172671717878137778,0.454090091342266346033131875756,4.29215926119898524344927054191,1.46539314956288819678763332837,-1.67619950402690504167501005491,-9.9212359736026035456e-38,9.9212359736026035456e-38,426
zeta_n2000,zeta,zeta,1,0,633,980.5780006397744180613389525024755922729,0.304027312943394693106448988996,-3.85050600238968560279079272791,-1.4920020426979873458173730557,1.64959061089180589264527032758,-1.0546454318113883828e-37,1.0546454318113883828e-37,426
zeta_n2000,zeta,zeta,1,0,639,986.7560084076560356217778391176727573451,-0.635755594546218442987772470631,3.55920982134288548169310121495,1.74755484940335084276707264063,-1.39403780418644239569557074265,6.9738218799036610333e-38,6.9738218799036610333e-38,426
zeta_n2000,zeta,zeta,1,0,644,993.2145809574429537075230711213440539003,0.706418704342378080687699094997,1.44444280191769870378431891142,1.11593923354373572993196004805,1.11593923354373572993196004805,6.1234389134457616513e-38,6.1234389134457616513e-38,426
zeta_n2000,zeta,zeta,1,0,645,994.4045905710944919000278054662348766737,1.67872127013770032602599202906,4.96291922184167948635348895536,1.24462481543370093248841352221,-1.89696783815609230597422986107,-7.0281370271397472018e-38,7.0281370271397472018e-38,426
zeta_n2000,zeta,zeta,1,0,654,1005.543420304378364196611048104143931911,1.92703572131960479599002165309,6.50700704746347913497135206177,1.28287741117421925057848833349,1.28287741117421925057848833349,8.7692639616324573875e-37,8.7692639616324573875e-37,426
zeta_n2000,zeta,zeta,1,0,655,1008.006704307063646198139820125100989082,-1.2055520590025190555640813861,-4.58108302331744356481759738079,-1.82812083692857699665324494835,1.31347181666121624180939843493,-7.5204405863455818948e-37,7.5204405863455818948e-37,426
zeta_n2000,zeta,zeta,1,0,667,1021.54434449990465190712408496830708258,0.274939063414193591901367613408,2.35686726648242980060562601099,1.45466674889898759200811952806,-1.68692590469080564645452385522,-9.2659257082461209685e-37,9.2659257082461209685e-37,426
zeta_n2000,zeta,zeta,1,0,669,1025.265724197727696366628311778262356223,-0.571352023516905833158198963279,-3.37152523228284039317161080563,-1.73866545611812771419342873839,1.40292719747166552426921464489,1.0893380304027831828e-36,1.0893380304027831828e-36,426
zeta_n2000,zeta,zeta,1,0,678,1036.195917358054740253982927886486799584,0.893335118498911343776153846193,-3.75275193798654130683441477937,-1.33709784391829594999346182756,-1.33709784391829594999346182756,-1.0632751467400465776e-36,1.0632751467400465776e-36,426
zeta_n2000,zeta,zeta,1,0,684,1043.623954349621493870450095451980927115,0.521000473052266273491132506651,-4.79206266068527787122494823297,-1.46250014205026673344871958821,-1.46250014205026673344871958821,1.1335189224887369266e-36,1.1335189224887369266e-36,426
zeta_n2000,zeta,zeta,1,0,686,1045.107042352977911390650395537655819567,1.44409329376755322304526871119,2.39909683563701064661209577536,1.02895740704484843622659431449,1.02895740704484843622659431449,2.3805885912073264974e-37,2.3805885912073264974e-37,426
zeta_n2000,zeta,zeta,1,0,693,1054.7810394782813499067987929540953136,-0.154262997627478853341669374278,-0.910603424100621068692159991513,-1.73861051446568824007825638643,1.40298213912410499838438699685,-9.7074266566135370875e-37,9.7074266566135370875e-37,426
zeta_n2000,zeta,zeta,1,0,694,1055.002146475685736209353382433418439335,0.593452237460039756929967211301,0.657538213835669500699486039392,0.836581610525556216172136535352,0.836581610525556216172136535352,-1.3259188517161093849e-38,1.3259188517161093849e-38,426
zeta_n2000,zeta,zeta,1,0,696,1057.100043659617783603061085717955448152,-0.368868482363355335443552065755,2.10190897960094903033661646258,1.74451945897213036357131226928,1.74451945897213036357131226928,3.8266863630861803024e-37,3.8266863630861803024e-37,426
zeta_n2000,zeta,zeta,1,0,705,1067.990000079042625467735564310051840459,-1.71743456964198177349271453626,3.05332612420897045057380803005,2.08317051729320389610041923334,-1.05842213629658934236222414994,4.086284734173128084e-37,4.086284734173128084e-37,426
zeta_n2000,zeta,zeta,1,0,706,1070.535041996829262809353099792098669066,2.02930561736128500030197565111,-7.66493374070607781488843539505,-1.31198244971433066172539833753,-1.31198244971433066172539833753,-1.158422024161498883e-36,1.158422024161498883e-36,426
zeta_n2000,zeta,zeta,1,0,712,1076.924056065754446887585361639487179067,1.75923703444637493538995022948,3.5846958383693972174734506767,1.11456537240020288693766403215,1.11456537240020288693766403215,-6.6627850067384690259e-37,6.6627850067384690259e-37,426
zeta_n2000,zeta,zeta,1,0,716,1082.952749723069668660791991832552113146,-0.307063819765602822873621738459,-1.14300118977219642102609963554,-1.8332466472436488572377476665,-1.8332466472436488572377476665,-7.2711845462251574325e-37,7.2711845462251574325e-37,426
zeta_n2000,zeta,zeta,1,0,718,1084.183264310430216143163848617287326547,0.747678072636842482906378604698,2.50993722768190382277304164018,1.28127904302512846007359354955,1.28127904302512846007359354955,-4.0264236371879271305e-37,4.0264236371879271305e-37,426
zeta_n2000,zeta,zeta,1,0,728,1096.401917794742528502149455418874412425,2.69723196171361969414043053733,6.84766880839143499985384567809,1.19556779590861385112734161854,1.19556779590861385112734161854,5.1034477825519816883e-37,5.1034477825519816883e-37,426
zeta_n2000,zeta,zeta,1,0,729,1098.841015466649861787294733502687166405,-1.29817945907879928553790419439,-3.17075935053543682253105041027,-1.95939885947170940615812807266,1.18219379411808383230451531062,-1.101996821779829832e-37,1.101996821779829832e-37,426
zeta_n2000,zeta,zeta,1,0,742,1113.397595114801993513614433569406106249,1.74922491676537847614208048779,5.21631559274089531199124061001,1.24724333452459126488506868293,1.24724333452459126488506868293,2.7042178906131185431e-38,2.7042178906131185431e-38,426
zeta_n2000,zeta,zeta,1,0,745,1117.965919669199670945477582375833420299,0.937489396941392883279758416347,-2.14314245968633959118773504861,-1.15843892615851726064341412248,1.9831537274312759778192292608,-3.7869124609477186933e-37,3.7869124609477186933e-37,426
zeta_n2000,zeta,zeta,1,0,747,1119.473247426178982901861447260439692249,1.03143298682578910851780515109,2.81179167448234985892767839539,1.21921275271865915111943357153,-1.92237990087113408734320981175,1.2241983097311709277e-36,1.2241983097311709277e-36,426
zeta_n2000,zeta,zeta,1,0,750,1123.101117387809200166664455533703137305,1.49278292277417617596704152168,4.34557421088556403950133188875,1.23990775588397818257855760536,1.23990775588397818257855760536,7.6501793348878360719e-39,7.6501793348878360719e-39,426
zeta_n2000,zeta,zeta,1,0,751,1125.314729397846470079798976802460727505,0.739350830647915454577432174104,-3.44612315344087172705173918735,-1.35945445552515850548469387865,1.78213819806463473297794950463,-1.4168340261631273131e-37,1.4168340261631273131e-37,426
zeta_n2000,zeta,zeta,1,0,753,1127.658023527215719230775273999029191222,1.51322552303004651664986849281,-3.4357418833742372357775024835,-1.155923958624340913860584362,1.98566869496545232460205902128,-4.3011732011140948169e-37,4.3011732011140948169e-37,426
zeta_n2000,zeta,zeta,1,0,756,1130.391597896231670832010907707509504337,0.974528049498292201791282694737,2.32275090646406692846653812226,1.17354436431971365881844770488,1.17354436431971365881844770488,4.3237145701829803094e-37,4.3237145701829803094e-37,426
zeta_n2000,zeta,zeta,1,0,757,1131.495085561917043222286892353773430416,0.847362680975224109857512868162,6.97888951849459203654702010459,1.44996978334413959323321627352,-1.69162287024565364522942710976,4.0463527976924346463e-37,4.0463527976924346463e-37,426
zeta_n2000,zeta,zeta,1,0,765,1141.261022964136758329982281569288714517,1.30812192792054240111181492985,3.38875947756614481350228352141,1.20240126012792816897611933923,-1.93919139346186506948652404405,-9.9703666658675138773e-37,9.9703666658675138773e-37,426
zeta_n2000,zeta,zeta,1,0,767,1144.782299518625341877065290860254620334,-0.410131376225679357292842803707,-3.88449565467002470752977816643,-1.67598823536005018612674796018,1.4656044182297430523358954231,-5.2409636103190960997e-38,5.2409636103190960997e-38,426
zeta_n2000,zeta,zeta,1,0,779,1158.00160902729496614508668711312996285,-0.0249752332429101835158623240183,2.39091304800105502113433441363,1.5812418446348625962052004509,-1.56035080895493064225744293238,1.1093794549097231946e-36,1.1093794549097231946e-36,426
zeta_n2000,zeta,zeta,1,0,785,1165.271227706457693605533587934420230504,0.248262197488883774113304271607,2.19478851114874446757408834418,1.45816067930398842756768371299,-1.68343197428580481089495967029,-1.2476515554166962755e-36,1.2476515554166962755e-36,426
zeta_n2000,zeta,zeta,1,0,795,1177.10630442165614694900011925892803582,-1.34436634845059660625009324252,3.49682905374403865632341638397,1.9378286762783739459312958694,-1.20376397731141929253134751388,-6.445551170807522079e-37,6.445551170807522079e-37,426
zeta_n2000,zeta,zeta,1,0,796,1179.701223501933898032583977203698941155,-0.870230334893043497888002878901,-6.14255144960254231536833556895,-1.71153219380469021085406359614,-1.71153219380469021085406359614,-1.2522073821326955075e-36,1.2522073821326955075e-36,426
zeta_n2000,zeta,zeta,1,0,806,1191.482605926413470865133378125840214094,1.15156914553898137796616923018,-2.66933948482868840471765911374,-1.16351225222169963856687606857,-1.16351225222169963856687606857,3.1557878173015831863e-37,3.1557878173015831863e-37,426
zeta_n2000,zeta,zeta,1,0,809,1193.857427135436991965941166184693901333,-1.28792557068007129328439561484,2.59151329208335772944545194622,2.03202356244656105591244687373,-1.10956909114323218255019650955,-9.008012219777413118e-37,9.008012219777413118e-37,426
zeta_n2000,zeta,zeta,1,0,812,1198.686569104630566476487011793928156012,1.22176665158785509871647748143,-3.31302720579959632939374646922,-1.21749298826435925525217203227,-1.21749298826435925525217203227,8.3040398790746545389e-37,8.3040398790746545389e-37,426
zeta_n2000,zeta,zeta,1,0,820,1208.471459949531031462999152471234656026,-0.505550373857478171665539424477,-2.21278696460784563362357788646,-1.79540892556989815202078063675,-1.79540892556989815202078063675,-5.0770487434055789005e-37,5.0770487434055789005e-37,426
zeta_n2000,zeta,zeta,1,0,824,1212.113153066319792624394280024613804152,1.46725852458288359264675389351,3.68600643077856512317954223528,1.19196188785540667320039254598,1.19196188785540667320039254598,-1.2240738751651754325e-36,1.2240738751651754325e-36,426
zeta_n2000,zeta,zeta,1,0,829,1219.050028177406163509276830573062532541,0.570720010776737182951331765006,-2.69014197843822760004475270547,-1.36174356276675101688096943703,1.77984909082304222158167394625,-7.2833847257257431906e-38,7.2833847257257431906e-38,426
zeta_n2000,zeta,zeta,1,0,834,1225.018330024168539197351757053366596046,1.21171528851708557366510520619,-6.32217071166472271307863270438,-1.38143147909559052091531680185,-1.38143147909559052091531680185,-2.0194326628717197556e-37,2.0194326628717197556e-37,426
zeta_n2000,zeta,zeta,1,0,838,1228.793154362981171769179033781935844506,1.28368574531419523075155622064,3.62002268202049104090535894079,1.2300230970654990429149188861,1.2300230970654990429149188861,4.5846009867258655731e-37,4.5846009867258655731e-37,426
zeta_n2000,zeta,zeta,1,0,845,1237.977298513581145513426435543788141381,0.962063381637508696457369449746,-1.57804903179456999865447244522,-1.02330876159997904036802421095,2.11828389198981419809461917233,-1.2230158447334673755e-36,1.2230158447334673755e-36,426
zeta_n2000,zeta,zeta,1,0,847,1239.490807146795754277704675379759635201,1.29320296170796748661350324434,4.04289609734612995972053061142,1.26121091023659800462610565778,-1.8803817433531952338365377255,1.1002790887535622055e-36,1.1002790887535622055e-36,426
zeta_n2000,zeta,zeta,1,0,849,1243.078076398021118881519514065293469249,-1.18954793503320734217118605177,-3.10365555148377223086435356585,-1.93680039560631459538507802694,1.20479225798347864307756535634,6.0039978062928440032e-37,6.0039978062928440032e-37,426
zeta_n2000,zeta,zeta,1,0,858,1253.673577852107102018380261800272619624,-0.525454787212661237662922968952,-4.15231367275131191470651281617,-1.69667232181195633781776964819,-1.69667232181195633781776964819,-8.5745317339913647656e-37,8.5745317339913647656e-37,426
zeta_n2000,zeta,zeta,1,0,871,1267.570571779440223458643778367160769442,-1.58253307267571622344462174072,1.74739619223360412349209117987,2.30672538721843797918665992566,-0.834867266371355259275983457618,6.8196204976992523494e-37,6.8196204976992523494e-37,426
zeta_n2000,zeta,zeta,1,0,872,1270.118921886492603925191178433325927594,2.09093754018166363476682355701,-7.99463336463165869129551666359,-1.31498384841080544241179221492,-1.31498384841080544241179221492,6.059657123751169301e-37,6.059657123751169301e-37,426
zeta_n2000,zeta,zeta,1,0,883,1283.000491386699676607703114941402336837,0.69191427359137549305989705181,-1.0407461823197023966698655047,-0.984069678670307037510497652179,2.1575229749194862009521457311,4.269164817644039282e-37,4.269164817644039282e-37,426
zeta_n2000,zeta,zeta,1,0,884,1283.335032138879280600482554725158550911,0.391717866714444644771123815981,1.2529041642102210745071558278,1.26777671455163747839971392173,1.26777671455163747839971392173,-1.10657811722074001e-36,1.10657811722074001e-36,426
zeta_n2000,zeta,zeta,1,0,886,1285.695023331138592774774948498095367972,1.75504199445319046713424625167,5.71979786482187533338879242408,1.27307949698085995548897690451,1.27307949698085995548897690451,1.0996320922973786282e-36,1.0996320922973786282e-36,426
zeta_n2000,zeta,zeta,1,0,888,1289.165351532773061481413110435284941936,-0.460637755380347293433910432697,-4.23296777156352012843796998634,-1.67919125998646290278200210417,-1.67919125998646290278200210417,-6.1581617581505673335e-37,6.1581617581505673335e-37,426
zeta_n2000,zeta,zeta,1,0,889,1290.104771519807337889521809032641941315,0.551500393736062578740329260926,-0.936208865659721551501214168013,-1.03844614250928703779963923459,2.10314651108050620066300414869,3.7643486827892329584e-38,3.7643486827892329584e-38,426
zeta_n2000,zeta,zeta,1,0,890,1290.417708073042503662543602206988952234,0.357370382629585960545226686462,1.15201594879331161015367544854,1.26999629632217578057236012873,1.26999629632217578057236012873,-1.3523510545846357843e-38,1.3523510545846357843e-38,426
zeta_n2000,zeta,zeta,1,0,901,1303.273200228794143469156007530383064396,0.0118490616755060670316502822042,6.11192316329686957493568214056,1.56885764947285862621260392502,-1.57273500411693461225003945826,9.9020126446016661301e-37,9.9020126446016661301e-37,426
zeta_n2000,zeta,zeta,1,0,905,1308.988196517643387242108335080429878752,1.03858193353973012244706264296,-2.11904953690850920259957388787,-1.11508643282095922380918988385,2.02650622076883401465345349943,-5.7210561005545036502e-37,5.7210561005545036502e-37,426
zeta_n2000,zeta,zeta,1,0,911,1316.212112602854049780290353684123069915,0.0659410212360373387906993514553,-6.22396868668636460682449639962,-1.56020203278667678422681973269,1.58139062080311645423582365059,-4.7962992436465529234e-37,4.7962992436465529234e-37,426
zeta_n2000,zeta,zeta,1,0,917,1322.258067123391157945193698425543355072,2.26436182055066555938700112805,4.74697311572476591542404354051,1.12570788591039471330395911854,-2.01588476767939852515868426474,-8.4579849720725672413e-37,8.4579849720725672413e-37,426
zeta_n2000,zeta,zeta,1,0,922,1329.043517996518601239811852415442827374,0.15344168280566310718079349717,-0.607651201315609449985201061183,-1.32345101952382927291514610497,-1.32345101952382927291514610497,4.8744504014073902874e-37,4.8744504014073902874e-37,426
zeta_n2000,zeta,zeta,1,0,923,1329.205018785483634847618474141123450438,0.113606700258439761439978062991,0.606986301951543889148009535891,1.38577184548438896890306099026,-1.75582080810540426955958239302,-1.1059853710799966732e-36,1.1059853710799966732e-36,426
zeta_n2000,zeta,zeta,1,0,936,1345.47710626139871442740730105589876665,0.208792913969937390099617648806,-1.12466233739974839928413729119,-1.38723670158571901692204486389,-1.38723670158571901692204486389,7.5697466262165006e-37,7.5697466262165006e-37,426
zeta_n2000,zeta,zeta,1,0,937,1345.73141325541840775900672218344728665,0.551071496600182432776490236524,1.01152205684887760158188271772,1.07195856309420727193198527914,-2.06963409049558596653065810414,1.2291465094886559744e-36,1.2291465094886559744e-36,426
zeta_n2000,zeta,zeta,1,0,939,1348.017238018736410091624038121042797006,0.765659352566434545888251106409,2.09478267528533139752701790824,1.22037346609066193098968674018,-1.9212191874991313074729566431,-1.0401036652183008167e-36,1.0401036652183008167e-36,426
zeta_n2000,zeta,zeta,1,0,940,1349.085194014047657980739438012039493814,0.544286071910396332535310922793,7.17539839611612723073947459686,1.495086838849698915465084955,1.495086838849698915465084955,1.1939024837532342605e-36,1.1939024837532342605e-36,426
zeta_n2000,zeta,zeta,1,0,941,1351.2962063740967180098376823805470494,2.04332301941424975472115643287,-7.36099247094994349457972450241,-1.30002568846459165737484082698,1.8415669651252015810878025563,-1.0838283691978506974e-36,1.0838283691978506974e-36,426
zeta_n2000,zeta,zeta,1,0,944,1353.886781971696227684236046912987355331,0.813522157181625820404475112686,1.90184517827357608608450731282,1.16659520891711307212523902128,1.16659520891711307212523902128,-1.643414659607089794e-37,1.643414659607089794e-37,426
zeta_n2000,zeta,zeta,1,0,948,1358.460160399159026437355189172635190063,0.613508841924280402561967212002,4.77648359803447669014418741591,1.44305214091055516165009585128,1.44305214091055516165009585128,-9.329378464911936584e-37,9.329378464911936584e-37,426
zeta_n2000,zeta,zeta,1,0,951,1363.022328603280756838542737904571588213,0.621361009704097230399801144959,-3.59461104953284710646629089509,-1.3996287557139875895016512579,1.74196389787580564896099212538,1.2908719847567625637e-36,1.2908719847567625637e-36,426
zeta_n2000,zeta,zeta,1,0,954,1365.493733551295247265435774031186204424,0.78996814978096350447451104864,4.01377660194139455717815145273,1.37646592390489955470552018783,1.37646592390489955470552018783,-2.1608339245838340735e-37,2.1608339245838340735e-37,426
zeta_n2000,zeta,zeta,1,0,964,1377.177633642104626322481925835153147781,2.03244984051701139611375539689,8.26368864697766796007958530345,1.32963354576060843927062704772,1.32963354576060843927062704772,8.3959074684657921148e-37,8.3959074684657921148e-37,426
zeta_n2000,zeta,zeta,1,0,965,1379.683283028612926385771578164133160624,-1.98693605806746120191403976632,-2.30356357752705086401444531185,-2.28253066837182959786229867346,0.859061985217963640600344709824,-7.4964461426061203921e-37,7.4964461426061203921e-37,426
zeta_n2000,zeta,zeta,1,0,978,1393.433401740793665026417471075334937394,0.425424449740946277483029830388,3.67506406932629874591850502769,1.45554954429933091413636557611,1.45554954429933091413636557611,-3.2221808286413955464e-37,3.2221808286413955464e-37,426
zeta_n2000,zeta,zeta,1,0,984,1400.426946297394298261051425024536662798,0.488351060490954237110763013205,2.97338167494980781166052546434,1.40800872084917236589234912614,1.40800872084917236589234912614,1.2616243571154477803e-36,1.2616243571154477803e-36,426
zeta_n2000,zeta,zeta,1,0,985,1402.564347250065993817191111243951503735,0.809907626341243272191818332538,-2.27878971667763717513080101599,-1.2293089033466200683552416674,1.91228375024317317010740171588,8.5839188100454130333e-37,8.5839188100454130333e-37,426
zeta_n2000,zeta,zeta,1,0,994,1411.965653461773004284494177417113415026,-0.179989323451152254947383378548,4.92503997039298879690814950995,1.60732582866456498720094750457,1.60732582866456498720094750457,6.9014028132529226172e-37,6.9014028132529226172e-37,426
zeta_n2000,zeta,zeta,1,0,996,1415.585784795495351208993038535815851149,-0.416893361815110646779481515117,-1.17010445796391487597005537584,-1.91306128988229192427912184428,-1.91306128988229192427912184428,4.1389933674398603798e-37,4.1389933674398603798e-37,426
zeta_n2000,zeta,zeta,1,0,997,1415.781581303282910082772036660394177734,0.887040165268019682880185912155,0.744370667162555377674863992433,0.698168476483905743832143293582,-2.4434241771058874946305000897,-1.0567992238281754316e-36,1.0567992238281754316e-36,426
zeta_n2000,zeta,zeta,1,0,1003,1422.461310987507366496379440145071599236,0.655235679669293804228625897489,5.22061928086872569015758777371,1.44594001071372310197158258778,-1.6956526428760701364910607955,-7.3562932008666477614e-37,7.3562932008666477614e-37,428
zeta_n2000,zeta,zeta,1,0,1005,1425.873469244996591079289817756997239138,0.162701306868736184400483642234,-3.45471395112529864132698414982,-1.52373564984564286775032107664,1.61785700374415037071232230664,-1.0557763449996544409e-36,1.0557763449996544409e-36,428
zeta_n2000,zeta,zeta,1,0,1018,1439.622793078163983973974818700249802018,-1.91251418858426714062849278705,4.27793144881852729293661624518,1.99120697475693913633446172704,1.99120697475693913633446172704,-1.2756339879409824647e-36,1.2756339879409824647e-36,428
zeta_n2000,zeta,zeta,1,0,1019,1441.960987504861836180539030710928169313,2.97348575773000088649939450116,-8.15933255748476835162371746521,-1.22132669588135053661399327542,1.92026595770844270184865010786,-8.9244999258595319058e-37,8.9244999258595319058e-37,428
zeta_n2000,zeta,zeta,1,0,1029,1453.737596757102226254608748340911018333,-0.683408120357274101601406686107,-2.50127802343830539926440061145,-1.83751025938876128350582864796,1.30408239420103195495681473532,-1.1189796626173572681e-36,1.1189796626173572681e-36,428
zeta_n2000,zeta,zeta,1,0,1034,1458.393777368687248897353185050367280848,2.93458188616075078479352635082,7.38519063178181078657027396885,1.19256758487085079754209322445,1.19256758487085079754209322445,6.1702577448146611034e-37,6.1702577448146611034e-37,428
zeta_n2000,zeta,zeta,1,0,1035,1460.688270535419103886417490375517797351,-1.36963759488423638368116038861,-3.80828429477637050330606467184,-1.91603927297243607460882802294,1.22555338061735716385381536034,-1.9069751796466275568e-37,1.9069751796466275568e-37,428
zeta_n2000,zeta,zeta,1,0,1044,1470.966589127164967200423743062477150037,-0.249424812520647912829080289868,-2.72953534912472769028764504174,-1.66192319692172279394363584114,-1.66192319692172279394363584114,7.5964022622873021233e-37,7.5964022622873021233e-37,428
zeta_n2000,zeta,zeta,1,0,1048,1474.203221565698878785627052471643602669,-0.993364615615238798937152583627,1.80687696671410827398036608021,2.07346202999254766120113943669,2.07346202999254766120113943669,1.1857720937959433285e-36,1.1857720937959433285e-36,428
zeta_n2000,zeta,zeta,1,0,1057,1484.817883231203726576634667487978378134,0.790507405634275192993561959274,3.71882604774775685623511234053,1.36134484608252261778639938874,-1.78024780750727062067624399454,1.0502306084394489815e-36,1.0502306084394489815e-36,428
zeta_n2000,zeta,zeta,1,0,1059,1488.116337976228270527027221489845339184,1.58958522476445368523798769743,-7.83412555308734093949276829658,-1.37060882189134453750815120753,1.77098383169844870095449217575,-1.0985797933895629127e-36,1.0985797933895629127e-36,428
zeta_n2000,zeta,zeta,1,0,1060,1489.252466946430123072027729646956608141,0.63937555884581167952637921555,-2.66185142067693238535389768787,-1.33506265656184309528436511943,-1.33506265656184309528436511943,1.8965377829224737108e-37,1.8965377829224737108e-37,428
zeta_n2000,zeta,zeta,1,0,1069,1499.640824746619819727062874677735100047,0.305420743598809899624357642653,-3.40604096097744759056044879709,-1.48136520471529897264528548507,1.66022744887449426581735789821,1.0395967710003335014e-36,1.0395967710003335014e-36,428
zeta_n2000,zeta,zeta,1,0,1073,1503.090933126680493369498661250374583131,-0.404136715779218079503303719128,5.98919844754688256759056688516,1.63817178852226991305616519366,-1.50342086506752332540647818962,-5.8805799863494610257e-38,5.8805799863494610257e-38,428
zeta_n2000,zeta,zeta,1,0,1083,1515.708343586873929897339272503625505281,0.253541615266752463882147289231,-5.86857609911092530799715337545,-1.52761991731388442567076279724,1.61397273627590881279188058604,1.2352867761648976602e-36,1.2352867761648976602e-36,428
zeta_n2000,zeta,zeta,1,0,1088,1520.273622220356154270041307951657336802,-0.27458301094876788149258909121,3.25729930511216998968239548216,1.65489525004724369009731431347,1.65489525004724369009731431347,6.3448684100613006991e-38,6.3448684100613006991e-38,428
zeta_n2000,zeta,zeta,1,0,1091,1524.72489216062218698984160091078801775,1.15121889638881231144991675082,-2.50211902766280629276183704591,-1.13957705525295957154166439795,2.00201559833683366692097898533,-7.4558448298389905017e-37,7.4558448298389905017e-37,428
zeta_n2000,zeta,zeta,1,0,1096,1529.369975365194524165597029923943231989,-0.392003819036992899914151030858,1.60623547065136321673717147767,1.8101684036723537274469266429,1.8101684036723537274469266429,7.0194685725099023738e-37,7.0194685725099023738e-37,428
zeta_n2000,zeta,zeta,1,0,1100,1535.042277471206664585291167787846240921,0.979778266953733840564761782554,-2.61739165303097316764702859104,-1.21260981551901957275117557192,-1.21260981551901957275117557192,1.3474427691964098638e-36,1.3474427691964098638e-36,428
zeta_n2000,zeta,zeta,1,0,1112,1547.806563801857567812332259337355583201,0.466935673640790008311375740019,2.27353318452729179984263583985,1.36823416804317424513700790622,1.36823416804317424513700790622,8.8347479670399673723e-37,8.8347479670399673723e-37,428
zeta_n2000,zeta,zeta,1,0,1113,1548.871348178725372883927951671759498589,-0.0577298151695373851990216472831,8.11448458534699865462040347494,1.57791062229888050039170481673,-1.56368203129091273807093856655,-1.0294401233644223374e-36,1.0294401233644223374e-36,428
zeta_n2000,zeta,zeta,1,0,1114,1551.273845326404526567957097291442194189,-1.79643473187344120936471627375,-5.30704017856067333133604906451,-1.89718992729302808926630806979,-1.89718992729302808926630806979,1.0295784614645909327e-36,1.0295784614645909327e-36,428
zeta_n2000,zeta,zeta,1,0,1127,1564.915788262260135930225975877301827762,0.70740801790043864541080635259,2.9728914061232203609618475151,1.33718788833205168367166266522,-1.80440476525774155479098071806,6.2743771377837609509e-37,6.2743771377837609509e-37,428
zeta_n2000,zeta,zeta,1,0,1131,1570.509277866920837750153702018472101306,0.0991547467889541990249382399832,-2.62639765272818019430242788359,-1.53306111235173025820072880194,1.60853154123806298026191458134,4.326734100436430878e-37,4.326734100436430878e-37,428
zeta_n2000,zeta,zeta,1,0,1134,1573.806563330271403834712937108755539925,0.892097432968575871731506850169,-2.38328971560494402892453515052,-1.21262768551120896694411366717,-1.21262768551120896694411366717,1.3146101144338831783e-36,1.3146101144338831783e-36,428
zeta_n2000,zeta,zeta,1,0,1137,1576.161352363424377561327489311322958811,-0.569099883101578139278808908247,4.1194178068364330655771378575,1.70807792320524516316081573291,-1.43351473038454807530182765037,-1.3608318709935520148e-36,1.3608318709935520148e-36,428
zeta_n2000,zeta,zeta,1,0,1139,1579.51405506774067724800244109695909823,1.47648632710575763269977493088,-4.79594019504112707465473893368,-1.2721426555466669152465362538,1.86944999804312632321610712948,3.5350908240304350243e-37,3.5350908240304350243e-37,428
zeta_n2000,zeta,zeta,1,0,1144,1584.234848066376210517871719012845336008,1.1735421381927331904113832413,6.29180606061009963067006103487,1.38639611067853236676941709113,1.38639611067853236676941709113,-1.2844415173085151678e-36,1.2844415173085151678e-36,428
zeta_n2000,zeta,zeta,1,0,1145,1586.29321075033777606559930594999219907,2.46123870911907273338867274174,-5.71331089671878542397883541384,-1.16403151411651715115413796781,1.97756113947327608730850541547,1.0047229292935960944e-36,1.0047229292935960944e-36,428
zeta_n2000,zeta,zeta,1,0,1149,1590.835904321394104771306426083267565018,0.914750399139519933319251604904,-2.12535070410371122417828707715,-1.16436095217237203853989319349,1.97723170141742119992275018979,-1.1271027120668432235e-36,1.1271027120668432235e-36,428
zeta_n2000,zeta,zeta,1,0,1153,1594.442689655690523961912615828813854071,1.09427863178381236098493917352,7.18915366879120671907762791089,1.41974332770220426169605181423,-1.72184932588758897676659156905,-6.4692999290066599919e-38,6.4692999290066599919e-38,428
zeta_n2000,zeta,zeta,1,0,1155,1597.715895944423128646336881503458268911,0.744507829023064066044407751761,-3.4733658282675847233317868029,-1.35964377054201121673476692714,1.78194888304778202172787645614,-5.2428767589702317977e-37,5.2428767589702317977e-37,428
zeta_n2000,zeta,zeta,1,0,1158,1600.04804490340731111764076298619347498,-0.0785484589328785619314844039749,2.22814528594018007226520055501,1.60603457837095532825660108608,1.60603457837095532825660108608,5.3014850432464725808e-37,5.3014850432464725808e-37,428
zeta_n2000,zeta,zeta,1,0,1166,1610.003264190037944310470787202544635374,0.611721046588894699572747104837,-0.699433500259150331669534459133,-0.852195750159502959996242773629,-0.852195750159502959996242773629,-1.9344254248021227059e-37,1.9344254248021227059e-37,428
zeta_n2000,zeta,zeta,1,0,1167,1610.253823162574488807567725458148863014,-0.0230109729490673219893046969304,0.967622228721004744385096448238,1.59457279235407599616628904086,-1.54701986123571724229635434242,4.9073548101805275676e-37,4.9073548101805275676e-37,428
zeta_n2000,zeta,zeta,1,0,1168,1611.437141269554780419201858216023267763,0.725409011192470846383389803676,6.20660404930738380259475908308,1.45444723581599049102255024484,1.45444723581599049102255024484,-7.379127235680798906e-37,7.379127235680798906e-37,428
zeta_n2000,zeta,zeta,1,0,1170,1614.710627852161491739637425536761345885,1.35135538622887948961940656481,-5.83068996439925541096396656148,-1.34305136436255499338238600252,-1.34305136436255499338238600252,-1.0828175935473661059e-36,1.0828175935473661059e-36,428
zeta_n2000,zeta,zeta,1,0,1179,1625.021856657962789849854663430298537867,-0.694715054231823889994144167464,-5.61833161397624638935241888808,-1.6938233343160177581663514521,1.44776931927377548029629193118,5.9783309247351215794e-37,5.9783309247351215794e-37,428
zeta_n2000,zeta,zeta,1,0,1180,1625.987020163621172241549750009692255854,0.522964773947944367730790257281,-1.49029751483870050128686638329,-1.23330837476975282925044722033,-1.23330837476975282925044722033,4.0630692236826403387e-37,4.0630692236826403387e-37,428
zeta_n2000,zeta,zeta,1,0,1186,1632.798183570708816965553043795252944932,1.26978667796004148340820067843,-4.80160763759088735567395070328,-1.31226427747206799509627032669,-1.31226427747206799509627032669,2.7129478139577471469e-37,2.7129478139577471469e-37,428
zeta_n2000,zeta,zeta,1,0,1192,1638.599658304213882696396942869676313664,0.48543177979235511897516236634,2.87523688192146055626158944204,1.40354165338095918337243007913,1.40354165338095918337243007913,-7.2206892468959314882e-37,7.2206892468959314882e-37,428
zeta_n2000,zeta,zeta,1,0,1194,1641.899819008504577039430071344156580645,0.435627761814654678975072587272,-5.77603396500988973352714049893,-1.49551896539376402043754366695,-1.49551896539376402043754366695,3.166836987468946506e-37,3.166836987468946506e-37,428
zeta_n2000,zeta,zeta,1,0,1196,1644.152065959737679196727043202987135331,0.220841985350463220125229902726,-2.44747262733782155682551427744,-1.48080735873791080862952165857,-1.48080735873791080862952165857,4.4966610465971762138e-37,4.4966610465971762138e-37,428
zeta_n2000,zeta,zeta,1,0,1205,1654.205896759371166943082319962768763218,0.88959669725195343132955149319,-2.337651551285424208800901,-1.20716753320907659446707789304,1.93442512038071664399556549024,-8.7751275574391302442e-37,8.7751275574391302442e-37,428
zeta_n2000,zeta,zeta,1,0,1209,1657.567101179321441112896041135120611698,-1.6952368821421526675429943358,3.79234234258565511699456770562,1.99116580627982467463263936387,-1.15042684730996856383000401941,-5.494536402628007072e-38,5.494536402628007072e-38,428
zeta_n2000,zeta,zeta,1,0,1210,1660.019980337998945424468981202985878165,-0.952377455077248222863288746265,-7.00995821448253083360340832099,-1.70583020009045924785773235219,-1.70583020009045924785773235219,-3.6839465089150671486e-37,3.6839465089150671486e-37,428
zeta_n2000,zeta,zeta,1,0,1213,1662.377202549280083467248088739463852987,1.07079378148006721030037110661,2.36309883715232238719457241278,1.1453415562282908362199850576,-1.99625109736150240224265832568,-1.4373636574684838938e-37,1.4373636574684838938e-37,428
zeta_n2000,zeta,zeta,1,0,1224,1674.648462097009754796137424031288657421,0.693066496429049732195576894841,5.95581740135866717497791597832,1.45494937653148275932042377841,1.45494937653148275932042377841,-1.0018774265004406319e-36,1.0018774265004406319e-36,428
zeta_n2000,zeta,zeta,1,0,1228,1680.077946716809494439834994473117807617,0.942028570276249558177594300195,-2.0837925305347117533150059845,-1.14621894172670797558784491607,-1.14621894172670797558784491607,-6.6850165907649113102e-37,6.6850165907649113102e-37,428
zeta_n2000,zeta,zeta,1,0,1233,1684.5588632525372418613815811379561119,-1.10567224172663446617145310904,2.19472183977527166466416230427,2.03746891164960356955999909059,-1.10412374194018966890264429269,5.3154239593883971183e-38,5.3154239593883971183e-38,428
zeta_n2000,zeta,zeta,1,0,1235,1688.080142693176588436740353230369097822,0.254181028377663269024889915442,-5.61932510458453674066389819636,-1.52559376602829705667094468061,1.61599888756149618179169870267,-6.006388512901146815e-37,6.006388512901146815e-37,428
zeta_n2000,zeta,zeta,1,0,1239,1691.515192892035152299187160603020127155,0.340972482070726720832890624945,2.44272090937984248692342326076,1.43210530905345094536992023527,-1.70948734453634229309272314801,-7.723648755324165124e-37,7.723648755324165124e-37,428
zeta_n2000,zeta,zeta,1,0,1242,1695.832554474187265513088078264775919574,2.00780962592779011703869906173,-5.56908898335637428325836892355,-1.22477386156839323491335602929,-1.22477386156839323491335602929,5.2669187015444307033e-37,5.2669187015444307033e-37,428
zeta_n2000,zeta,zeta,1,0,1245,1699.229547187643018792872352034806989927,1.0314971492588255204606761227,-3.86458924379215162924480146457,-1.30996685874997992860025261641,1.83162579483981330986239076687,-3.7258736525869866692e-37,3.7258736525869866692e-37,428
zeta_n2000,zeta,zeta,1,0,1251,1706.256032431560377055487520385679708518,-1.33876568026570204049891566006,-2.08309074660294204379235411913,-2.14201012479564010010021831599,0.999582528794153138362425067293,-5.1727148211818694221e-37,5.1727148211818694221e-37,428
zeta_n2000,zeta,zeta,1,0,1265,1720.498070947586531810458469080541238514,-1.91288524720960669485529858362,5.54156749881949935555033572174,1.90317829775157954269561158882,-1.23841435583821369576703179446,-4.7801994401881387548e-37,4.7801994401881387548e-37,428
zeta_n2000,zeta,zeta,1,0,1266,1722.844661739915648825986834988154580715,0.20061917993637655969128634009,-6.76278844896762208407671617601,-1.54113986736678042289143919343,-1.54113986736678042289143919343,8.7677013576987757552e-37,8.7677013576987757552e-37,428
zeta_n2000,zeta,zeta,1,0,1277,1735.175466021101098339878090445337143476,-0.0738881110789377387927560795389,-1.58753409664828891990064420804,-1.6173054555013732371020340868,1.52428719808842000136060929648,3.5988311264165789542e-37,3.5988311264165789542e-37,428
zeta_n2000,zeta,zeta,1,0,1279,1736.305662733237988887384858380162240235,0.201748176055712424376524062775,2.46962460501967238393937981402,1.48928548845642334769100509644,-1.65230716513336989077163828683,-5.8219281095905863495e-37,5.8219281095905863495e-37,428
zeta_n2000,zeta,zeta,1,0,1283,1741.779167808727257289365646660770278703,1.12017037248411271682381135802,-4.63536410614967337136147598151,-1.3336847352309314222961977989,1.80790791835886181616644558438,-8.7699259476854522606e-37,8.7699259476854522606e-37,428
zeta_n2000,zeta,zeta,1,0,1290,1748.563987381080216827565472522100497568,0.0109207367281601622730425368757,7.24227839562302286491224638586,1.56928841342090113292596414974,1.56928841342090113292596414974,-1.396716388029455122e-36,1.396716388029455122e-36,428
zeta_n2000,zeta,zeta,1,0,1291,1750.822818489839100496969714404208943464,-0.528484825105388810672109879849,-6.92546986814626779202353525073,-1.64695903760066352907108105138,1.49463361598912970939156233189,-6.8622855839845860811e-38,6.8622855839845860811e-38,428
zeta_n2000,zeta,zeta,1,0,1296,1755.169694068142685182723626700789008281,-0.602232490026886074289308456784,2.34741148087460193606687298964,1.82193176038894868041535639124,1.82193176038894868041535639124,-1.0896708770936193603e-36,1.0896708770936193603e-36,428
zeta_n2000,zeta,zeta,1,0,1301,1761.854899938728070380092238353882931243,1.04640824850444358854969482318,-3.82089127672206611914850460061,-1.30348565657547084148773705253,1.83810699701432239697490633075,1.3661443532693387312e-36,1.3661443532693387312e-36,428
zeta_n2000,zeta,zeta,1,0,1305,1765.400493991783835727808901648160596168,1.29233738213767075604670648392,4.15402983838443260152335437387,1.2691833068513735831266850478,-1.87240934673841965533595833548,8.1613359757108448853e-37,8.1613359757108448853e-37,428
zeta_n2000,zeta,zeta,1,0,1308,1769.940952051635838334389232242837547116,-0.812003918148457068541169281474,-1.359891652178547867809079094,-2.10908758279801201016219840146,-2.10908758279801201016219840146,1.1861659278884775641e-36,1.1861659278884775641e-36,428
zeta_n2000,zeta,zeta,1,0,1314,1775.34198757374729102690567237422932683,0.323528001799731500204569507972,4.77929118822223865442386091767,1.50320572374242205293390878332,1.50320572374242205293390878332,-2.2844236466191294497e-37,2.2844236466191294497e-37,428
zeta_n2000,zeta,zeta,1,0,1321,1783.084829519946484711479716199453082022,-0.250829664879082193169937236289,3.83417693653310225511118858693,1.6361226692354574942569167133,-1.50546998435433574420572666998,-1.3456436749232452101e-36,1.3456436749232452101e-36,428
zeta_n2000,zeta,zeta,1,0,1323,1786.342201179342528821325829223838675861,1.73473557284323606565137252174,-5.82518308299712532953745744231,-1.28135972379317786656482207527,1.86023292979661537189782130801,-4.223963685853822283e-37,4.223963685853822283e-37,428
zeta_n2000,zeta,zeta,1,0,1331,1794.178482007255591198750742115816955231,-0.782842400417719459825806966603,5.79304139778897958620652676277,1.70511759384610205994694805789,-1.43647505974369117851569532539,1.1067601042273924987e-36,1.1067601042273924987e-36,428
zeta_n2000,zeta,zeta,1,0,1332,1796.465140537430813751114255370848689247,-0.365017186754329759314401145877,-7.5841586306344801545621744665,-1.61888811321161396388834960425,-1.61888811321161396388834960425,-7.5166998634741502493e-37,7.5166998634741502493e-37,428
zeta_n2000,zeta,zeta,1,0,1341,1806.289667019497781635010974574644553,0.842831998434254773635693303678,-1.83508113476179860280693645851,-1.14024483319136959373302888247,2.00134782039842364472961450081,-1.049809168149189081e-36,1.049809168149189081e-36,428
zeta_n2000,zeta,zeta,1,0,1342,1806.578391750963925581048890060139000423,0.799974045306840467293748576696,1.96446219711744259394606301536,1.18407883859584430339580227963,1.18407883859584430339580227963,8.9113447040637843483e-37,8.9113447040637843483e-37,428
zeta_n2000,zeta,zeta,1,0,1343,1808.714431865474890356507883256483933162,-0.309307808923445724010098641464,-2.0388492215036977362948141743,-1.72135534533384735369737969906,1.42023730825594588476526368422,1.0078966948181749155e-36,1.0078966948181749155e-36,428
zeta_n2000,zeta,zeta,1,0,1346,1810.873719158854715653482648878151790026,-0.0859087755354371334010175133682,4.64172111721510289879148349687,1.58930217111203918620000110058,1.58930217111203918620000110058,8.5061812430270933226e-37,8.5061812430270933226e-37,428
zeta_n2000,zeta,zeta,1,0,1350,1816.338611219674637287877667263658429557,0.437506569772829590015134153514,-1.73782918785922842274630183199,-1.32416691636728336613269457105,-1.32416691636728336613269457105,1.2320372850901781313e-36,1.2320372850901781313e-36,428
zeta_n2000,zeta,zeta,1,0,1358,1825.213676893013383353733071832547595504,0.835971642619842171200079291351,-3.69710919299214682672424533891,-1.348420917272730913918079801,-1.348420917272730913918079801,-1.0858557085411853867e-36,1.0858557085411853867e-36,428
zeta_n2000,zeta,zeta,1,0,1362,1828.621091758031140727573015596956422391,0.03989806234212874326392071419,2.32742997854661507227001934084,1.55365546534615635941806277171,1.55365546534615635941806277171,6.8138060516901631943e-37,6.8138060516901631943e-37,428
zeta_n2000,zeta,zeta,1,0,1363,1829.832529709939702045809013317588538207,3.04486547400418494437936199469,9.43207145677579616369463818119,1.25853702488921035657198860532,-1.88305562870058288189065477796,-1.3758823752615681476e-36,1.3758823752615681476e-36,428
zeta_n2000,zeta,zeta,1,0,1364,1831.936379901815210814257718209881352436,0.0121144549890741295472523822332,-7.61657050197455556566078708288,-1.56920578880011657373469894523,-1.56920578880011657373469894523,-3.1385192746438238699e-37,3.1385192746438238699e-37,428
zeta_n2000,zeta,zeta,1,0,1365,1832.984940243731554247653810054289054319,0.251668613846889652629352739187,-1.48741491003047074859148697789,-1.40318510163513817325491890143,1.73840755195465506520772448185,-4.2671387743927617697e-37,4.2671387743927617697e-37,428
zeta_n2000,zeta,zeta,1,0,1366,1833.27323903273032152086105308231887835,0.932934979999134336150878506052,1.22577352363061054559729328985,0.920229630245408232619477710117,0.920229630245408232619477710117,7.5105947093402107182e-38,7.5105947093402107182e-38,428
zeta_n2000,zeta,zeta,1,0,1371,1838.640288707650741070799644765415944151,0.708283170777101027608441257165,3.93329641816879875775343130816,1.39263201927531505681209610068,-1.7489606343144781816505472826,1.3755306263287105263e-36,1.3755306263287105263e-36,428
zeta_n2000,zeta,zeta,1,0,1378,1846.353253420516416602189404018829623412,0.54586962914410758364160444122,5.68723748341042782456741075167,1.47510794202550448943799525076,1.47510794202550448943799525076,-7.6942187354013114062e-37,7.6942187354013114062e-37,428
zeta_n2000,zeta,zeta,1,0,1379,1848.330980622383731433415372451588473654,2.23974829719707097649397077694,-3.51621286682381367907176142818,-1.00363034154134956642997396782,2.13796231204844367203266941546,-9.3191296585316486034e-37,9.3191296585316486034e-37,428
zeta_n2000,zeta,zeta,1,0,1380,1848.722760910890866404390834231775822389,2.14466324594220078849103152614,3.52705032492078826566834139435,1.02447038354139906679108510243,1.02447038354139906679108510243,4.8456499710137001259e-37,4.8456499710137001259e-37,428
zeta_n2000,zeta,zeta,1,0,1389,1859.495271568794459978385044032811630672,2.14662330485987952218329735633,-8.90862228064975435253695159315,-1.3343436502000876362688670931,1.80724900338970560219377629018,2.9346147532144809659e-37,2.9346147532144809659e-37,428
zeta_n2000,zeta,zeta,1,0,1402,1872.865667637967680009891916646273206341,0.249671982400004586202305051266,1.93356501784847398379346247807,1.44238167384142029524390363664,1.44238167384142029524390363664,-4.9708957930563837905e-37,4.9708957930563837905e-37,428
zeta_n2000,zeta,zeta,1,0,1404,1874.913774010039541468588008479603513099,-1.24345988533196201141389533125,3.75447925603660836925334674273,1.89061997886279126652400733283,1.89061997886279126652400733283,1.1375355864190684264e-36,1.1375355864190684264e-36,428
zeta_n2000,zeta,zeta,1,0,1409,1880.611766479656867414168145956247609852,0.58967591148897868252742062419,2.74805021020414192520150984631,1.35942188911304962419412740626,-1.78217076447674361426851597702,1.1259626397975090191e-36,1.1259626397975090191e-36,428
zeta_n2000,zeta,zeta,1,0,1414,1887.053894806890124232468481646961848595,1.77981554467478650017832487421,-6.48507399062170234197162618914,-1.30294338429395405455319426873,-1.30294338429395405455319426873,-6.3862318882581389651e-37,6.3862318882581389651e-37,428
zeta_n2000,zeta,zeta,1,0,1417,1890.348128614244545597396400941378413951,0.318153849782195144763496676052,-1.04865901551504805548708446433,-1.27623130960508647520727962054,1.86536134398470676325536376274,-6.6730660963777396224e-37,6.6730660963777396224e-37,428
zeta_n2000,zeta,zeta,1,0,1418,1890.612128587933260930813629144681137174,0.459863491459778630960864261264,0.931168813264004916383506769834,1.11207582667662694159484831791,1.11207582667662694159484831791,-1.365207122799973705e-36,1.365207122799973705e-36,428
zeta_n2000,zeta,zeta,1,0,1431,1906.102756198181956502046629848151546478,-1.87469032233142072338250917081,-2.18610223375155865132785831527,-2.27965682313473837580507609763,0.861935830455054862657567285651,1.3836250128204547888e-36,1.3836250128204547888e-36,428
zeta_n2000,zeta,zeta,1,0,1444,1919.20777839780523826396952857326124893,0.705806427082188582685921030282,1.35763900552045222165227282703,1.09137320213200130770004246366,1.09137320213200130770004246366,-3.2866565910251259759e-37,3.2866565910251259759e-37,428
zeta_n2000,zeta,zeta,1,0,1445,1919.937457371217203896593615717157422079,-2.50448787486150146155379450192,3.86836514169409173253487358385,2.14536133169834461492496167447,-0.996231321891448623537681708809,-6.533318367294994561e-37,6.533318367294994561e-37,428
zeta_n2000,zeta,zeta,1,0,1451,1926.820092794871576744616647587901472099,0.919080892011345605245374340726,3.27185629344346303680239469652,1.29694858652157070298238161877,-1.84464406706822253548026176451,1.413747045710800757e-37,1.413747045710800757e-37,428
zeta_n2000,zeta,zeta,1,0,1457,1934.416436369151903416412919405961229199,-0.095770080794210536411928295639,-2.54889455661123809603551164107,-1.6083518431922777287052940106,1.53324081039751550975734937268,-9.6886603512860978072e-37,9.6886603512860978072e-37,428
zeta_n2000,zeta,zeta,1,0,1463,1940.977326705859935993002316109026086915,0.0704053055273531203688935608868,-6.68608383589989918047237974295,-1.56026658993175090873343393964,1.58132606365804232972920944364,9.4017466224905165824e-37,9.4017466224905165824e-37,428
zeta_n2000,zeta,zeta,1,0,1472,1950.743201552863158598429692622261725909,1.85135850319650842342974973306,-6.47781112688879995623262075394,-1.2924174124369133726657843398,-1.2924174124369133726657843398,-1.3960412181157571164e-36,1.3960412181157571164e-36,428
zeta_n2000,zeta,zeta,1,0,1477,1955.315809283718388686037137053557914536,1.59489836507083703722408221318,5.61096797195517493080192845664,1.29385414378949842049038506145,-1.84773850980029481797225832183,-6.6783528219382565807e-37,6.6783528219382565807e-37,428
zeta_n2000,zeta,zeta,1,0,1487,1966.117658574074526474160767348808214093,-0.858552368544381945998443286702,7.09253613333274548520197602622,1.6912603393641247051187225051,-1.45033231422566853334392087818,-9.8355076523225837211e-37,9.8355076523225837211e-37,428
zeta_n2000,zeta,zeta,1,0,1488,1968.471602019420441852810622522661993808,-1.94148869153316591621275367189,-5.16015512123416724538713695902,-1.93065909718111015388127841847,-1.93065909718111015388127841847,5.5431869747615445764e-37,5.5431869747615445764e-37,428
zeta_n2000,zeta,zeta,1,0,1496,1977.173943698039879018376684178592686974,-0.220925796084994192706434907495,-0.889311649425689449569959374707,-1.81429055237322178985445870977,-1.81429055237322178985445870977,8.3894530233439118552e-37,8.3894530233439118552e-37,428
zeta_n2000,zeta,zeta,1,0,1497,1977.271446199746510741696631509750061052,0.447699754469305452738500707814,0.774916520871928518665023147785,1.04690580194631357342977296237,-2.0946868516434796650328704209,5.9408992391931801794e-37,5.9408992391931801794e-37,428
zeta_n2000,zeta,zeta,1,0,1499,1980.371772287051336927130119231242544661,-0.0416515345776481571572212436946,-2.56470352945429625327021545487,-1.58703519138686517104462996475,1.55455746220292806741801341853,-2.6187311064432643607e-37,2.6187311064432643607e-37,428
zeta_n2000,zeta,zeta,1,0,1506,1987.873473360724317378890267527527802144,0.716233877736010946442683201543,-1.74958544463052611320840987183,-1.18223557395138595750856761243,-1.18223557395138595750856761243,9.2796089877767988145e-38,9.2796089877767988145e-38,428
zeta_n2000,zeta,zeta,1,0,1512,1993.577493138259984639429090254358488142,1.97252219925853417306500046154,5.82665353735180174152379383184,1.24437220967665884727321085458,1.24437220967665884727321085458,-5.2665692585737586523e-37,5.2665692585737586523e-37,428
zeta_n2000,zeta,zeta,1,0,1514,1996.796176966188206905323362132667153959,-0.664189787666136695626371176961,-3.81331290728946102773090751149,-1.74324292629519450019058334855,-1.74324292629519450019058334855,7.7396082715422946397e-37,7.7396082715422946397e-37,428
zeta_n2000,zeta,zeta,1,0,1519,2000.929620689184555144098125939348718451,-1.62693991237814394143208336823,3.09080128101784797613406068608,2.05532553317455193288978936124,-1.08626712041524130557285402204,7.9183980745617656729e-37,7.9183980745617656729e-37,428
zeta_n2000,zeta,zeta,1,0,1528,2011.020705073650057571084116720376363348,2.10618654354199302073120423716,6.07419096630394808815257370953,1.23702551628910004073846188623,1.23702551628910004073846188623,1.4143402705506212101e-37,1.4143402705506212101e-37,428
zeta_n2000,zeta,zeta,1,0,1531,2015.186728608706282909592180127843516895,0.873597400858656063452818860387,-4.00914673855674539163569140516,-1.35624892423642268021295374093,1.78534372935337055824968964235,1.1675803564135051004e-36,1.1675803564135051004e-36,428
zeta_n2000,zeta,zeta,1,0,1534,2017.386767251961558011384640063906297185,-0.441070885895667300779245629915,2.9308431464692855355922322943,1.72016822702100039168812157979,1.72016822702100039168812157979,8.8023603125237251239e-37,8.8023603125237251239e-37,428
zeta_n2000,zeta,zeta,1,0,1545,2029.385479550966647379168452946214865581,-0.506025503862354801090047409242,8.05816893970085991643962453377,1.63351056391896471153883336417,-1.50808208967082852692381001911,-8.8968894114683729626e-37,8.8968894114683729626e-37,428
zeta_n2000,zeta,zeta,1,0,1546,2031.750550690618736964454253044167765945,-2.5033084608778767940192179698,-4.72709034207969654149335223537,-2.05781637421950147619935450659,-2.05781637421950147619935450659,-1.3054615072767335919e-36,1.3054615072767335919e-36,428
zeta_n2000,zeta,zeta,1,0,1556,2042.344586250604208897862195635716464327,1.69089813898655717875707759502,-5.37391940425979125541711350193,-1.26595488871614890957757318823,-1.26595488871614890957757318823,9.4614344262445094876e-37,9.4614344262445094876e-37,428
zeta_n2000,zeta,zeta,1,0,1560,2045.802760431561935428444533622016674503,1.10304034030484287474856325524,3.94194504254378081569567595769,1.29795330362907617478909782169,1.29795330362907617478909782169,9.2057082904512945972e-37,9.2057082904512945972e-37,428
zeta_n2000,zeta,zeta,1,0,1569,2055.572602899048872178760211323751140892,0.52956821669140727574450372755,1.89364325571951256543356643349,1.29810687918127845952574105724,-1.84348577440851477893690232604,-2.5040702552895885372e-37,2.5040702552895885372e-37,428
zeta_n2000,zeta,zeta,1,0,1570,2056.620866689893779289874551512476260601,1.2411304048153951653764006038,7.3996746517695564063165973866,1.40461547127952002321556270747,1.40461547127952002321556270747,-2.0329853017566252358e-37,2.0329853017566252358e-37,428
zeta_n2000,zeta,zeta,1,0,1573,2060.868247208107968375762557886823515975,0.269107863179968536691645111863,-2.68669545288629488875214741925,-1.47096614833095543975506468581,1.67062650525883779870757869747,-1.3202172941488594309e-36,1.3202172941488594309e-36,428
zeta_n2000,zeta,zeta,1,0,1580,2068.34563852737009471579420322635367995,1.04136283499766465091899536617,-2.29530983141247408860269153558,-1.14487669152768546317858850848,-1.14487669152768546317858850848,-6.3002904978105775795e-37,6.3002904978105775795e-37,428
zeta_n2000,zeta,zeta,1,0,1581,2068.669941082812694161775897224382218833,1.28611808443724115698929611637,2.27771339470983866640173892146,1.05677273034451120295666378006,-2.08481992324528203550597960322,-8.1597979185993576514e-37,8.1597979185993576514e-37,428
zeta_n2000,zeta,zeta,1,0,1587,2075.028065544832156633203400373733340279,0.804094982247776989793182785721,8.20527362608265674002592261877,1.47311089748161250128492706854,-1.66848175610818073717771631474,-2.9387135011485415234e-38,2.9387135011485415234e-38,428
zeta_n2000,zeta,zeta,1,0,1588,2077.117570136877207022002059087188859278,1.17026630396784811980522080536,-9.2710143307346799445316580255,-1.44523190810822195277542382132,-1.44523190810822195277542382132,2.562158069264769472e-37,2.562158069264769472e-37,428
zeta_n2000,zeta,zeta,1,0,1589,2078.155484639214284075548204827848229833,0.884913140951250556266550529802,-3.37218134311403126119753322833,-1.31416691546287948612271939805,1.82742573812691375233992398523,6.6923978975648525584e-37,6.6923978975648525584e-37,428
zeta_n2000,zeta,zeta,1,0,1595,2083.779992550167397584364966273781369939,1.48513188648493963568151140383,4.01727401649825673287410972725,1.2166922040902083678809025013,-1.92490044949958487058174088198,-1.3201194623329082374e-36,1.3201194623329082374e-36,428
zeta_n2000,zeta,zeta,1,0,1600,2090.036206757016941573504198139322524345,0.524516477036346555792359652101,-1.50654249149669828122580519881,-1.23576244837760516759049620125,-1.23576244837760516759049620125,1.0435001532971216809e-36,1.0435001532971216809e-36,428
zeta_n2000,zeta,zeta,1,0,1602,2091.221580661131263636869492328944977658,-0.114042875641999800895928783909,3.28616291787527530050507448648,1.60548636756958753950141722877,1.60548636756958753950141722877,-6.1743178948327683019e-37,6.1743178948327683019e-37,428
zeta_n2000,zeta,zeta,1,0,1614,2105.372206591799897773388795277200127255,-1.17786966753590968998102228781,-4.82855407624021450911310619402,-1.81006185108014869651186250409,-1.81006185108014869651186250409,-1.3089060744529904309e-36,1.3089060744529904309e-36,428
zeta_n2000,zeta,zeta,1,0,1617,2107.617911407514327794275690324692568704,0.927822483986832109678137876636,1.75910155392889512710353964094,1.08543758675185091860561334875,-2.05615506683794231985703003452,1.0253186063443007253e-36,1.0253186063443007253e-36,428
zeta_n2000,zeta,zeta,1,0,1621,2112.907087523190777713859148301488676527,-0.798760847791300739527450866802,-4.9450183322107685917955501602,-1.73094147211222834934032000801,1.41065118147756488912232337527,-9.8710079849651061974e-37,9.8710079849651061974e-37,428
zeta_n2000,zeta,zeta,1,0,1630,2122.465151174928362415617356601537243991,2.42924131446614933223140504708,-7.87368091320326337360136050459,-1.2715352844964439072590562387,-1.2715352844964439072590562387,9.3865721818291113249e-37,9.3865721818291113249e-37,428
zeta_n2000,zeta,zeta,1,0,1634,2125.958784840373305395253949905054478415,0.795494751531448896970169873253,1.65455376846496852992372781051,1.12263357609618460239241977729,1.12263357609618460239241977729,7.293023273703351904e-37,7.293023273703351904e-37,428
zeta_n2000,zeta,zeta,1,0,1635,2126.97571119255798896267972324084982072,1.55434532228169662705159628403,5.65954850941997875766988224972,1.30276369892016457671046140537,-1.83882895466962866175218197791,1.1439417189056171372e-36,1.1439417189056171372e-36,428
zeta_n2000,zeta,zeta,1,0,1645,2137.509940525910913575812678661303945707,-1.82215370719655040114212701557,3.71370403628169085690214978624,2.02694138362472477707624300921,-1.11465126996506846138640037406,-9.9577791537120423892e-37,9.9577791537120423892e-37,428
zeta_n2000,zeta,zeta,1,0,1647,2140.94936263909704058820516683226321978,-0.723977209392958327489052259068,-4.93892404479539634929998736244,-1.7163457561864706910764869383,1.42524689740332254738615644498,4.2642794878662856098e-37,4.2642794878662856098e-37,428
zeta_n2000,zeta,zeta,1,0,1657,2151.776885116465025947985793995568461881,-1.00552255950453003336891569249,-3.12160919600164091350792936159,-1.88241820434877689042436580437,1.25917444924101634803827757891,-1.40964529224936954e-36,1.40964529224936954e-36,428
zeta_n2000,zeta,zeta,1,0,1661,2154.93534584822547312327330459963296663,0.492027118090971148283140155732,4.68389704155717916783582825268,1.46613364952955129951266160089,-1.67545900406024193894998178239,-5.2770740278655384665e-37,5.2770740278655384665e-37,428
zeta_n2000,zeta,zeta,1,0,1671,2165.50394902337574421070230592514375266,-1.89588177935471357968639268613,3.91994578137371436104864757238,2.0212785906001281058865094632,-1.12031406298966513257613392008,-1.055959609730229347e-36,1.055959609730229347e-36,428
zeta_n2000,zeta,zeta,1,0,1673,2168.89061585185398238304136433834697251,-0.0460331335900855933878376368543,-2.37050427740379299634013012415,-1.59021301755224226797278390627,1.55137963603755097048985947701,6.6075372645585044565e-37,6.6075372645585044565e-37,428
zeta_n2000,zeta,zeta,1,0,1686,2181.725783029819561812588327358281254911,-0.368185765658449075905892388533,2.34432440623565778535616897701,1.72657791127911346696719092533,1.72657791127911346696719092533,-7.7712849665480497139e-37,7.7712849665480497139e-37,428
zeta_n2000,zeta,zeta,1,0,1690,2187.085690959372521088575430805230281852,0.614297495777251113118083758527,-3.32409290022220632274493358104,-1.38805645731536832658884423917,-1.38805645731536832658884423917,1.083023081939367564e-36,1.083023081939367564e-36,428
zeta_n2000,zeta,zeta,1,0,1699,2196.715977666758543540944518224404864702,0.979503956908635916356529912037,-3.59350499746449353077172554213,-1.30468489169629629027467155408,1.8369077618934969481879718292,9.6792887380467526852e-37,9.6792887380467526852e-37,428
zeta_n2000,zeta,zeta,1,0,1704,2200.915953025551824504694198661700545707,-2.5513584416307511225687979055,4.34271037799697872580630206393,2.10197670116742454445374887486,2.10197670116742454445374887486,1.3147103720201050644e-36,1.3147103720201050644e-36,428
zeta_n2000,zeta,zeta,1,0,1705,2203.277453730646011342180750908021866589,-0.69855517252835422836510128327,-6.69323772152640693812782670782,-1.67478714627655702743650452175,1.46680550731323621102613886153,-1.3548212940686945561e-36,1.3548212940686945561e-36,428
zeta_n2000,zeta,zeta,1,0,1713,2210.850941099296166739204014183725971559,1.5881176332775169461417264861,4.97499247134485284822145693507,1.26180099165948152537296921462,-1.87979166193031171308967416866,1.243685497352215501e-36,1.243685497352215501e-36,428
zeta_n2000,zeta,zeta,1,0,1716,2214.949925632092495772632853017768176035,0.917871898181125515292234657545,-3.77068148120316899243743872291,-1.33201697064721492431776413363,-1.33201697064721492431776413363,-1.2464947149967471259e-37,1.2464947149967471259e-37,428
zeta_n2000,zeta,zeta,1,0,1723,2222.636604588097467856896260277227887828,-0.8435264367337429153396373225,-2.55969415242143403843209736729,-1.88913070554356326809864074883,1.25246194804622997036400263445,1.3251971457679654394e-37,1.3251971457679654394e-37,428
zeta_n2000,zeta,zeta,1,0,1729,2227.970573882256309379833413007504529286,1.06415124435995471271806052705,3.92182568663443426390739694133,1.30583523521958842122265219804,-1.83575741837020481723999118524,1.4652204578306515567e-36,1.4652204578306515567e-36,428
zeta_n2000,zeta,zeta,1,0,1746,2246.01655817828562696809959088575092031,-0.408790238756207918186289275992,3.07982592942785260788368734456,1.70275659476412798864559640136,1.70275659476412798864559640136,-9.7661382728806196621e-37,9.7661382728806196621e-37,428
zeta_n2000,zeta,zeta,1,0,1748,2249.550198573537092658359245260395035089,-1.4216566499319865337839015458,-1.29535241775891503474041812829,-2.4026475442315045537889393115,-2.4026475442315045537889393115,-3.4399246888045446085e-37,3.4399246888045446085e-37,428
zeta_n2000,zeta,zeta,1,0,1753,2254.562246994389553108462507353555305254,0.179632465028271663265218351076,-1.30901770755947420490651817564,-1.43442118945954314891469682633,1.70717146413025008954794655695,-7.5734934831295341229e-37,7.5734934831295341229e-37,428
zeta_n2000,zeta,zeta,1,0,1754,2254.759079001303995297452668159356269805,0.527570004069852434995772181222,1.11312599035889986771046172893,1.12820215367784195450044322563,1.12820215367784195450044322563,-2.7702540411947714837e-37,2.7702540411947714837e-37,428
zeta_n2000,zeta,zeta,1,0,1759,2260.890259416800265121190968815092135827,1.3649836723994114222019891998,-3.53841747707316082792408361971,-1.2026248405158752128740210721,1.93896781307391802558862231117,-2.6217596934757984573e-37,2.6217596934757984573e-37,428
zeta_n2000,zeta,zeta,1,0,1762,2262.878305381161112230151228746858588396,-0.753078780633579519878770040687,0.730725913483609174254008748296,2.37125791231342386833979618065,2.37125791231342386833979618065,-6.2622981041865115888e-37,6.2622981041865115888e-37,428
zeta_n2000,zeta,zeta,1,0,1765,2267.384501067544035832233655723719086344,0.431008395815849049617618522245,-4.22365488743897133788836483262,-1.46910203801150068620574189159,1.67249061557829255225690149169,1.2653130939320599998e-36,1.2653130939320599998e-36,428
zeta_n2000,zeta,zeta,1,0,1772,2273.956289145943056055512194927877466775,1.63068195462249415641394479068,3.83008207519055842616497810153,1.1682851765489429116405288452,1.1682851765489429116405288452,1.2183221876578324473e-36,1.2183221876578324473e-36,428
zeta_n2000,zeta,zeta,1,0,1774,2277.079317756623523062807516608993723181,-1.30353275703210741509782028758,-7.23286891861817916733721514058,-1.74910571639715600495642415322,-1.74910571639715600495642415322,6.6376232701205263644e-37,6.6376232701205263644e-37,428
zeta_n2000,zeta,zeta,1,0,1775,2278.012628393305380980863647563675075231,0.477268553938521009887642007776,-2.20356918051135611758830653115,-1.35750199623989701307631350556,1.78409065734989622538632987772,-1.1158124448911224212e-36,1.1158124448911224212e-36,428
zeta_n2000,zeta,zeta,1,0,1779,2281.356483614546293589524871632221452274,0.69300358422613077386064978845,3.15637898060763454874125401865,1.35466906781731691368035087179,-1.78692358577247632478229251149,1.4551870129920727098e-36,1.4551870129920727098e-36,428
zeta_n2000,zeta,zeta,1,0,1789,2291.928901252490557180191685167570622829,-0.201547054038410348557468654816,7.40068445859709799150844669677,1.59802316647081563864181453591,-1.54356948711897759982082884737,-1.9389725839747571966e-38,1.9389725839747571966e-38,428
zeta_n2000,zeta,zeta,1,0,1792,2296.115091188330346115294905690159140633,0.982928098413187149258004991379,-3.94896195908746098483211070125,-1.32684572193788096755006442826,-1.32684572193788096755006442826,8.6654825291249398617e-37,8.6654825291249398617e-37,428
zeta_n2000,zeta,zeta,1,0,1794,2297.372647579809593948834465927998278316,0.51414793041558106538244501467,1.52534404397209513664803805795,1.24568642503913700975661034617,1.24568642503913700975661034617,-1.3154458046300535431e-36,1.3154458046300535431e-36,428
zeta_n2000,zeta,zeta,1,0,1797,2301.234125798830902957743066751870764776,1.35982225163892417065943869437,-1.20642159964263618087063928644,-0.725692874005048928632872540001,2.41589977958474430982977084328,1.3619565126680128944e-36,1.3619565126680128944e-36,428
zeta_n2000,zeta,zeta,1,0,1798,2301.45484035172846447886604124637431422,-0.378450434201786520548136734376,1.9300825391356385811960140146,1.76441975532665141631831275744,1.76441975532665141631831275744,1.2673687818292500133e-36,1.2673687818292500133e-36,428
zeta_n2000,zeta,zeta,1,0,1806,2309.931122384183622924544565242719002838,-1.66074595471736689600137299336,5.38696408707487968001177895534,1.86984096256339154717094637674,1.86984096256339154717094637674,-1.4068490489246033545e-36,1.4068490489246033545e-36,428
zeta_n2000,zeta,zeta,1,0,1808,2313.190914170747899328309423230125389047,0.274428463828971571266549661361,-2.88853772966970492819246389063,-1.4760746179092617339621981354,-1.4760746179092617339621981354,-7.1255467816511946909e-37,7.1255467816511946909e-37,428
zeta_n2000,zeta,zeta,1,0,1817,2322.812632606693334256532358180396535968,-0.393641705184394895159456817759,-5.96221002350029576996618527488,-1.63672342974101709571497444672,1.50486922384877614274766893655,-9.7028476049560976349e-37,9.7028476049560976349e-37,428
zeta_n2000,zeta,zeta,1,0,1821,2325.903015927513107748495674272948504319,-0.393295815377711414693222316406,1.74536764021368374346416097677,1.79243145696315844542276549779,-1.34916119662663479303987788549,1.7158879370723148838e-37,1.7158879370723148838e-37,428
zeta_n2000,zeta,zeta,1,0,1829,2335.531712574450956361888591148875952816,0.0233016896808934659025001717641,-1.6611762795407874571652036465,-1.55677002396058543802492529905,1.58482262962920780043771808423,4.0395175473658932119e-37,4.0395175473658932119e-37,428
zeta_n2000,zeta,zeta,1,0,1831,2336.621036786238721339516370564932806699,0.224240630196091533666445119004,3.29828692361586005955251294814,1.5029137886769964918081263708,-1.63867886491279674665451701248,-1.0217235609774111406e-36,1.0217235609774111406e-36,428
zeta_n2000,zeta,zeta,1,0,1834,2340.826726706644481424806939281524842574,0.166113549590150366220141352743,-3.27152329425488592401151522868,-1.52006429793748916830228302156,-1.52006429793748916830228302156,9.7329211960627678183e-37,9.7329211960627678183e-37,428
zeta_n2000,zeta,zeta,1,0,1844,2351.455046927851231854949325603517366754,-0.0296346053203684755251718378614,-4.08897733870305936148974076098,-1.5780436368252803447399676418,-1.5780436368252803447399676418,-4.070547166567694186e-37,4.070547166567694186e-37,428
zeta_n2000,zeta,zeta,1,0,1849,2355.810813978290615356116881324028115158,3.06077846627926775075306190016,8.47273800048742577691118790707,1.22413440635636482249081149239,-1.91745824723342841597183189089,9.4030611145711590854e-37,9.4030611145711590854e-37,428
zeta_n2000,zeta,zeta,1,0,1851,2358.904705198415579000437001145724521418,-0.281980983300192128077911973105,-3.08061656488109343597516792461,-1.66207591007853699056725762089,1.47951674351125624789538576239,-1.1854882461397749918e-36,1.1854882461397749918e-36,428
zeta_n2000,zeta,zeta,1,0,1858,2365.191515064131916564579355894892883596,-0.525853112583972644552503450299,4.37027907231568627225495713088,1.6905454652458706794416919395,1.6905454652458706794416919395,-1.1236134462208374244e-36,1.1236134462208374244e-36,428
zeta_n2000,zeta,zeta,1,0,1859,2367.249219842959468477894332996453134545,2.24678041731148223050271032497,-7.24695577912753068505009603599,-1.27016244161117194461684158505,1.87143021197862129384580179823,1.735614107527933864e-37,1.735614107527933864e-37,428
zeta_n2000,zeta,zeta,1,0,1865,2372.440347260055843739759904084002681705,-2.06545436236899348713337381985,2.95590616870386340383995544523,2.18068626541773383155798002136,-0.960906388172059406904663361917,3.4540589407562869274e-37,3.4540589407562869274e-37,428
zeta_n2000,zeta,zeta,1,0,1869,2377.755407914012799016083159203339545797,1.60660921443027662422826454073,-2.64631600680403652672420957793,-1.02516409181001865182789640885,2.11642856177977458663474697443,1.1353295225474812673e-36,1.1353295225474812673e-36,428
zeta_n2000,zeta,zeta,1,0,1877,2386.430937109503890289813460616100683988,-0.400543019528578725856217492806,-5.08199846273971113676063568012,-1.64944977644682437905386020436,1.49214287714296885940878317892,-6.9924200605307057943e-37,6.9924200605307057943e-37,428
zeta_n2000,zeta,zeta,1,0,1883,2391.75498233662277277813319366803774649,0.928100271511597880058447390252,4.95357951524000712077240347465,1.3855840909384002238179424955,-1.75600856265139301464470088778,-5.2761615789527994118e-37,5.2761615789527994118e-37,428
zeta_n2000,zeta,zeta,1,0,1891,2400.152356522131457194886699166587861532,0.0375862614004512714981098383161,4.6774317570134698695973498072,1.56276083758216367637005124819,-1.57883181600762956209259213509,-1.1649772525614435599e-36,1.1649772525614435599e-36,428
zeta_n2000,zeta,zeta,1,0,1893,2403.418798445345203891615757945630669554,-1.51444428353694812454436268826,-4.99222025813688691052764603713,-1.8653336295043162597160619135,1.27625902408547697874658146978,9.1058975397566653715e-37,9.1058975397566653715e-37,428
zeta_n2000,zeta,zeta,1,0,1903,2413.976123194983408606474707376666844709,-0.864820841145810024636809456679,-2.99418847438446802843416630685,-1.85197706785463199668521038313,1.28961558573516124177743300015,-8.3920015919556026022e-37,8.3920015919556026022e-37,428
zeta_n2000,zeta,zeta,1,0,1913,2423.504146888716139414249091393334865094,1.06169012715352268147229551746,2.75687213780314692771318881344,1.20319450003761821970561334542,-1.93839815355217501875703003786,5.4378460069381195955e-37,5.4378460069381195955e-37,428
zeta_n2000,zeta,zeta,1,0,1917,2427.640896948592982256414255906636689995,0.603790109111125923424941343288,4.9922653438351638039446903006,1.45043580607048028497009848305,-1.69115684751931295349254490023,1.1139866076004734221e-36,1.1139866076004734221e-36,428
zeta_n2000,zeta,zeta,1,0,1922,2433.705896804703808934289892312198804975,0.509412806387390665470435639405,-0.654449637988021019920858675731,-0.909375850900761465968649685258,-0.909375850900761465968649685258,-2.7097172853654352871e-37,2.7097172853654352871e-37,428
zeta_n2000,zeta,zeta,1,0,1923,2433.916873237684183015598017415289412375,-0.0294882015473070950396530695516,0.899238286266684368483366026186,1.60357700221261652301513167634,-1.53801565137717671544751170694,-6.9399440607346347787e-37,6.9399440607346347787e-37,428
zeta_n2000,zeta,zeta,1,0,1935,2446.398523306110247605530759176217071382,-2.94019898167228895831442460102,5.08234940250487613543018407713,2.09526579474860038283352238072,-1.04632685884119285562912100256,-1.3373853015385159401e-36,1.3373853015385159401e-36,428
zeta_n2000,zeta,zeta,1,0,1936,2448.988312286035105355080385314623553462,-1.90234209847639523947229208126,-1.45934236537069399560682500215,-2.48721862167387704255301457845,-2.48721862167387704255301457845,-1.2867520442010069433e-36,1.2867520442010069433e-36,428
zeta_n2000,zeta,zeta,1,0,1948,2461.202295374506200046268028403501124621,0.713045797514113455770241681992,-2.04232840134960562592273209932,-1.23489342019059957881989856726,-1.23489342019059957881989856726,3.5401641271092215223e-37,3.5401641271092215223e-37,428
zeta_n2000,zeta,zeta,1,0,1950,2462.464294913853763629114857296985916543,0.841368916294484956511934432334,2.81877965137764854916865309558,1.28072823699633963955469053361,1.28072823699633963955469053361,1.1165520847261971383e-36,1.1165520847261971383e-36,428
zeta_n2000,zeta,zeta,1,0,1954,2467.640860783779024698190378259997348813,-0.148287804535069256227302911143,-3.74586037110874078690694798058,-1.61036278150504010852160885044,-1.61036278150504010852160885044,4.8163074280845934953e-37,4.8163074280845934953e-37,428
zeta_n2000,zeta,zeta,1,0,1957,2469.781485031524024309086190911994492847,0.418190301612195746348228201628,2.76755166987223031907101524454,1.42082607981235553549657759948,-1.7207665737774377029660657838,1.2193156063974642339e-36,1.2193156063974642339e-36,428
zeta_n2000,zeta,zeta,1,0,1963,2477.021755096104594156577887233412240991,1.32628742829003578562994965871,-6.24821775861813841550888631011,-1.36163433864455197493730724897,1.77995831494524126352533613431,8.7993775877705018365e-37,8.7993775877705018365e-37,428
zeta_n2000,zeta,zeta,1,0,1964,2478.014854024809405242094629345717070779,0.71815834380127297418166531216,-1.78346432269850634233675187156,-1.18798515298584146994482389034,-1.18798515298584146994482389034,8.7564436283988589344e-37,8.7564436283988589344e-37,428
zeta_n2000,zeta,zeta,1,0,1968,2481.356767280358944597213492926767416691,1.01569712565309944174218082169,5.53746530090529232562040604139,1.38939004264318461817760745524,1.38939004264318461817760745524,9.8079576237004404918e-37,9.8079576237004404918e-37,428
zeta_n2000,zeta,zeta,1,0,1970,2484.503238274744643366363545712789313361,-0.795598864436107475137711969111,-4.8225266620411125764318445346,-1.73429911849542799473115955703,-1.73429911849542799473115955703,-3.0881772901514114766e-38,3.0881772901514114766e-38,428
zeta_n2000,zeta,zeta,1,0,1978,2491.907473934292842644923526957884085738,2.35706923355726212005110488814,7.20064370304491410433840105116,1.25444811562248275917872294935,1.25444811562248275917872294935,-4.6658720381884317294e-37,4.6658720381884317294e-37,428
zeta_n2000,zeta,zeta,1,0,1980,2494.866177828255220973087471580496310778,1.71238200123561459820645565596,-6.52364417054037711950293988094,-1.31409869362037464576551818182,-1.31409869362037464576551818182,9.7820238028005308758e-37,9.7820238028005308758e-37,428
zeta_n2000,zeta,zeta,1,0,1984,2497.969973966752262396795503245447365928,-0.774638291913069746060693238895,1.86445648892088446188385140322,1.96457311083988568989440541443,1.96457311083988568989440541443,1.3224061514132875373e-36,1.3224061514132875373e-36,428
zeta_n2000,zeta,zeta,1,0,1995,2509.652997441379421693729429962008249472,0.230836328512088848471851995569,8.91956729271942552187487238283,1.54492233465200775107935607676,-1.59667031893778548738328730652,-6.4479447009950453676e-37,6.4479447009950453676e-37,428
zeta_n2000,zeta,zeta,1,0,1996,2511.660189787186683655476054525654881653,2.39025294172147777429517369448,-9.54609784462655783074818179089,-1.32545009614310248505807879805,-1.32545009614310248505807879805,-6.7621211094840461331e-37,6.7621211094840461331e-37,428
