xi,p_2_ratio,p_3_ratio,p_5_ratio,product_ratio
-30.0,0.4958461627612337,0.7688776136169893,0.641932149664669,0.24473343160742256
-29.95,0.5074005185125078,0.8082274653923317,0.616319754540863,0.2527496713195611
-29.9,0.5196588659980276,0.8516120794693645,0.5936349229272437,0.26271180984393055
-29.85,0.5326687419338082,0.8995300626918288,0.5735906491195278,0.27483684677037684
-29.8,0.5464820685331825,0.9525549388790275,0.5559406545643786,0.28939723900952996
-29.75,0.5611556240407026,1.011347181987823,0.5404740995634043,0.3067315683582168
-29.7,0.5767515730955571,1.0766679845243612,0.5270110896105323,0.3272580519549171
-29.65,0.5933380655516473,1.1493947948689658,0.5153988828198702,0.35149156731298764
-29.6,0.6109899137761546,1.230538486195913,0.5055087112232367,0.38006500761282885
-29.55,0.6297893600905368,1.3212617135946276,0.49723313803858377,0.4137559328758896
-29.5,0.6498269479542789,1.4228974932795562,0.4904838834356807,0.4535196128955191
-29.45,0.6712025127793286,1.536966174285821,0.48519006181054547,0.5005296164659607
-29.4,0.6940263109697209,1.6651875848461302,0.48129678360131345,0.5562269904150723
-29.35,0.7184203089879131,1.8094829607169902,0.4787640840221854,0.622378614880286
-29.3,0.7445196580547879,1.9719579507916094,0.4775661497279445,0.7011442152595105
-29.25,0.7724743846105881,2.154853129320442,0.47769082242269123,0.7951492605462879
-29.2,0.8024513320391847,2.3604416460850266,0.4791393659240497,0.9075568196534156
-29.15,0.8346363955536038,2.5908448733175087,0.4819264903498924,1.0421243133206823
-29.1,0.8692370997526456,2.847727123334978,0.4860806340852321,1.2032197294574423
-29.05,0.9064855774169598,3.131822978250596,0.4916445111948344,1.395755345734474
-29.0,0.9466420188837601,3.4422531589823184,0.49867593915418207,1.6249761798135312
-28.95,0.9899986741271674,3.7756116967065165,0.5072489693523685,1.8960208511321464
-28.9,1.036884504812214,4.1248803799750124,0.5174553509326927,2.213169239571487
-28.85,1.0876706014469701,4.478367973399583,0.5294063673030021,2.5787326907298347
-28.8,1.1427765016885982,4.819078695366638,0.5432350941262171,2.9916662257093796
-28.75,1.20267757018247,5.125113379608737,0.5590991377338125,3.446208199623814
-28.7,1.2679136282199437,5.371715077135059,0.5771839234312887,3.9311251033235233
-28.65,1.339099052919549,5.5351520703695245,0.5977066134817604,4.430271288159444
-28.6,1.416934600006434,5.597728344817318,0.6209207434880788,4.924904266225741
-28.55,1.5022212401504493,5.552238579945603,0.6471216713350669,5.397441722165466
-28.5,1.595876333302156,5.403944608258327,0.6766529311739111,5.83547335566686
-28.45,1.6989524931321427,5.16912306703065,0.7099135700714135,6.23452807484502
-28.4,1.8126595050587682,4.87088780447595,0.7473665069906833,6.598694010320286
-28.35,1.9383896403932304,4.534135900785821,0.7895478767508795,6.939274749995199
-28.3,2.0777466292710614,4.181408966142499,0.8370771802007312,7.272449852763421
-28.25,2.2325783730853552,3.830548753415554,0.890667816459799,7.61699143706009
-28.2,2.405013123915464,3.494069826860088,0.9511371630176982,7.992675503554382
-28.15,2.597498224776396,3.179670422295217,1.0194147037733639,8.419537971097782
-28.1,2.812839420786015,2.8912577420243237,1.0965456520254673,8.917815146186893
-28.05,3.05423695917367,2.6300475341854144,1.183685894053539,9.508298299220666
-28.0,3.325311812097547,2.395511020476634,1.2820816623593525,10.212833148202412
-27.95,3.630110833471708,2.186095599677164,1.3930239006968461,11.054716332331056
-27.9,3.9730727659239613,1.999728629122231,1.5177626816471264,12.058726735508559
-27.85,4.358926868031655,1.8341462024508048,1.657361556797988,13.250455094794775
-27.8,4.7924817257775105,1.6870939499860291,1.8124666239110054,14.654457693596298
-27.75,5.278243410654843,1.5564402748017716,1.982963666063989,16.29058315536599
-27.7,5.819781466256762,1.4402327083211421,2.1675056534539103,18.167684769162165
-27.65,6.418744895871704,1.3367190303194028,2.3629232803036464,20.274019865142304
-27.6,7.07343414725438,1.2443476723365328,2.5635965028090912,22.564292709523148
-27.55,7.776889149235623,1.1617567706129517,2.7609712495144136,24.94497109786379
-27.5,8.514603621840502,1.0877577034909514,2.9435289202287973,27.26245174858135
-27.45,9.262269162029945,1.0213166175197848,3.097576363372037,29.302172276260247
-27.4,9.9843864310488,0.9615359525245705,3.209087747357117,30.808354379216567
-27.35,10.635007216707667,0.9076370427915132,3.2664061139037375,31.52972485622113
-27.3,11.16191282278773,0.858944304053987,3.263026827728969,31.284143893368512
-27.25,11.51468918854574,0.8148711816928469,3.1993432404819973,30.019400467937817
-27.2,11.655280489329696,0.7749078471559454,3.082537389729854,27.84076351707157
-27.15,11.56752397764237,0.7386105306434686,2.9246691136122935,24.988065884759397
-27.1,11.261575893734742,0.7055923327504063,2.7398485851601495,21.77106044386484
-27.05,10.771104935245189,0.6755153435585036,2.5416012824954834,18.4928094992639
-27.0,10.144614751384347,0.6480839007782229,2.3411419472558332,15.391981712391756
-26.95,9.434756285985044,0.6230388305567586,2.1466905514917785,12.618718309636101
-26.9,8.689462833006806,0.6001525305077584,1.963570379333287,10.24002563096478
-26.85,7.946848348622306,0.5792247715160169,1.7947201191590338,8.2611172024038
-26.8,7.233766263230889,0.5600791113562895,1.6413248075243185,6.649796896987402
-26.75,6.566825160513233,0.5425598283500892,1.503394751161134,5.3564384415835535
-26.7,5.954534840244393,0.5265292968374722,1.3802236484677155,4.327328309511255
-26.65,5.399635261600696,0.5118657380942715,1.270718033293343,3.51212269035656
-26.6,4.901113864361276,0.49846129055147564,1.1736175382138239,2.867165886184064
-26.55,4.45574662523888,0.48622035191455426,1.0876328141770506,2.3563289662835785
-26.5,4.05917824813739,0.4750581532054181,1.0115258599287245,1.9505715647787374
-26.45,3.706628819809741,0.46489953103048387,0.9441522642964879,1.6269726233900974
-26.4,3.393326506964967,0.4556778696779425,0.8844794432141453,1.3676385394161166
-26.35,3.114752407238054,0.44733418911318723,0.8315904758747517,1.1586843172639987
-26.3,2.8667631597703536,0.43981635870360647,0.7846798199982431,0.9893630286016981
-26.25,2.645637696893451,0.4330784196752696,0.7430448686376389,0.8513574735291328
-26.2,2.4480792988379547,0.4270800019808971,0.7060757621841837,0.7382203638403033
-26.15,2.2711930805814293,0.42178582352296906,0.6732448664750437,0.6449396620909083
-26.1,2.112451467036432,0.41716526159711,0.6440966957921842,0.5676046538764662
-26.05,1.9696552083506993,0.4131919880574868,0.6182386713135978,0.5031509159541321
-26.0,1.8408942760604285,0.4098436611070993,0.5953328740920859,0.4491660621000961
-25.95,1.7245109733897814,0.40710166782305957,0.5750888188973804,0.4037418491533234
-25.9,1.6190663708824267,0.40495091257547394,0.5572572035473339,0.36536145280806487
-25.85,1.5233104576904042,0.4033796474182635,0.5416245535729786,0.3328133584694377
-25.8,1.4361559917318678,0.40237934134694503,0.5280086690447375,0.30512538673221185
-25.75,1.3566558173689147,0.4019445860543514,0.5162547797290334,0.281513969343855
-25.7,1.283983320192678,0.40207303649019993,0.5062323207113463,0.26134500335608024
-25.65,1.2174156566595904,0.4027653851620294,0.4978322497895206,0.24410352371187144
-25.6,1.156319401897055,0.4040253697195931,0.4909648383255506,0.22937011865337129
-25.55,1.1001382838993918,0.4058598139577584,0.4855578777488205,0.21680252431268388
-25.5,1.0483827058252242,0.40827870296933966,0.4815552539726197,0.20612121803164993
-25.45,1.000620793997841,0.4112952937942503,0.4789158513862962,0.19709811721523374
-25.4,0.956470744104954,0.4149262635606386,0.477612756775726,0.1895477065058559
-25.35,0.91559427027784,0.41919189781415866,0.47763274157198526,0.18332007915048687
-25.3,0.8776909904762795,0.42411632250172315,0.47897600836001014,0.17829550228635144
-25.25,0.8424936067559267,0.429727783936841,0.4816561947555872,0.17438021066370019
-25.2,0.8097637606927356,0.4360589820487123,0.4857006347560928,0.17150320664422142
-25.15,0.7792884627823512,0.4431474633341716,0.4911508846702454,0.16961390186198935
-25.1,0.7508770103747053,0.4510360812225721,0.4980635279169159,0.16868048203761918
-25.05,0.7243583220102557,0.4597735330666927,0.5065112805283017,0.16868891443641804
-25.0,0.6995786272376951,0.4694149847326296,0.5165844272577759,0.16964255000166828
-24.95,0.6763994604261342,0.4800227958316625,0.5283926269039513,0.17156230144340828
-24.9,0.6546959150127891,0.49166736108039905,0.5420671348845983,0.17448740638511112
-24.85,0.6343551212879762,0.5044280861670007,0.5577635011807252,0.17847681275925126
-24.8,0.6152749164168665,0.5183945199293541,0.5756648122824886,0.1836112536271907
-24.75,0.5973626801040108,0.5336676687193417,0.5959855561357332,0.18999611212217155
-24.7,0.5805343132677651,0.5503615236565068,0.6189761981936309,0.19776521597910002
-24.65,0.5647133404292235,0.5686048372024199,0.6449285625035021,0.20708574687561174
-24.6,0.5498301193357946,0.5885431922689593,0.6741821108256152,0.21816450427286627
-24.55,0.5358211437185308,0.6103414150776584,0.7071311992655538,0.23125582800456262
-24.5,0.5226284270952789,0.6341863923859931,0.744233356261844,0.24667155902776555
-24.45,0.5101989572379805,0.660290364650579,0.7860185526225666,0.26479350203533153
-24.4,0.4984842123712102,0.6888947793236093,0.8330992992142103,0.28608894150606584
-24.35,0.4874397314011856,0.720274802797299,0.8861811726508368,0.31112984098654256
-24.3,0.4770247315245168,0.7547446053524086,0.946072975175917,0.34061639661702786
-24.25,0.4672017674622044,0.7926635503219753,1.0136950936856668,0.3754055679596765
-24.2,0.45793642733094797,0.8344434354542103,1.0900836063967658,0.4165449775967741
-24.15,0.4491970608205424,0.8805569490669302,1.1763861171076089,0.46531199199363876
-24.1,0.44095453590991657,0.9315475123237553,1.273842952378008,0.5232565981742991
-24.05,0.4331820208391057,0.9880406754853048,1.3837439988807612,0.5922444469136016
-24.0,0.42585478847216596,1.050757209719244,1.5073469462275333,0.6744925218705673
-23.95,0.41895004054651586,1.1205279696946475,1.6457372616223207,0.7725835210224999
-23.9,0.4124467496159299,1.1983104678967675,1.7996050115073678,0.8894354447072532
-23.85,0.40632551676450007,1.2852068552082514,1.968911735031508,1.0281900036004965
-23.8,0.40056844340323366,1.3824825747955714,2.1524283417796344,1.1919693844112018
-23.75,0.3951590156648036,1.4915842417952083,2.3471531945439175,1.3834425137743755
-23.7,0.3900820000894859,1.6141541409551208,2.5476816423350894,1.6041540535356735
-23.65,0.3853233494502793,1.7520368981851993,2.745701521576521,1.8536250905110434
-23.6,0.38087011770071694,1.9072710534826318,2.9299132871927034,2.1283550831987554
-23.55,0.3767103831475685,2.0820540442197992,3.086742990027752,2.4210293789862707
-23.5,0.3728331790548905,2.278663084864219,3.20210049002034,2.720380340986153
-23.45,0.36922843097752783,2.4993063767201833,3.264033777961211,3.0120992394441495
-23.4,0.36588690020305115,2.745869462386973,3.265545685122512,3.280820816998268
-23.35,0.3628001327525154,3.019512530742511,3.2064602122410073,3.5126115807833638
-23.3,0.3599604134537296,3.3200717603353502,3.0934714391550204,3.6969904044646826
-23.25,0.3573607246569399,3.645233004357404,2.9383511258518453,3.8276816099403304
-23.2,0.354994709212886,3.9894986106238846,2.755151692401691,3.901986061751219
-23.15,0.35285663737796885,4.343081628608908,2.557522123863437,3.919364750626672
-23.1,0.3509413773513856,4.6910471614686795,2.3568979258091387,3.880119932260428
-23.05,0.3492443691852447,5.013237998806645,2.161740744252409,3.7848732813510573
-23.0,0.3477616018413614,5.285631327086878,1.9775880003446096,3.635082849637329
-22.95,0.3464895931981587,5.4835423029205215,1.807544505825415,3.434317103485008
-22.9,0.3454253728382764,5.586354575535759,1.6529118221078853,3.189572061626556
-22.85,0.3445664674725047,5.582428410497479,1.5137748950532095,2.911772709572024
-22.8,0.3439108888788398,5.472220228837537,1.3894705899689193,2.6149226845764053
-22.75,0.34345712425713554,5.268155767741067,1.2789268210081406,2.314071811916121
-22.7,0.3432041289202511,4.991318813622333,1.1808905029223193,2.02291411441661
-22.65,0.3431513212620619,4.666492011482185,1.0940710346665803,1.751950060670371
-22.6,0.3432985799614256,4.317503550220321,1.0172244065630232,1.507722729811585
-22.55,0.34364624339942723,3.964158005025325,0.9491978806785802,1.2930619048461838
-22.5,0.34419511128518226,3.621002561534199,0.8889497284795026,1.1079259415186336
-22.45,0.3449464485033737,3.297479795292327,0.8355539424410092,0.9504041275865913
-22.4,0.34590199121475695,2.9988197342292713,0.78819642539417,0.8175943528958473
-22.35,0.34706395525930306,2.727148526524629,0.7461667724727494,0.7062430851335887
-22.3,0.34843504693069766,2.4825093866021954,0.708848159486375,0.6131488906871817
-22.25,0.35001847621079857,2.2636722271672234,0.6757068125916955,0.5353808216993606
-22.2,0.3518179725736414,2.068716747221899,0.6462818778615562,0.470371532781124
-22.15,0.3538378034909283,1.8954227468621523,0.6201761054280088,0.4159348863092061
-22.1,0.3560827957949454,1.7415148032816077,0.5970475214040066,0.37024317479974717
-22.05,0.3585583600808425,1.6048049657158834,0.5766021218180878,0.3317862230424808
-22.0,0.36127051835853563,1.4832679388210834,0.5585875472735188,0.29932526889044253
-21.95,0.3642259351955688,1.3750736741697365,0.5427876599830388,0.2718484119087728
-21.9,0.36743195262652284,1.278594380821254,0.5290179304913117,0.24853073513094356
-21.85,0.3708966291425209,1.1923970851906323,0.5171215400068533,0.2287001345642303
-21.799999999999997,0.3746287831166151,1.1152287668373368,0.506966109855786,0.21180881628551346
-21.75,0.378638041068004,1.0459983525510759,0.4984409785709658,0.19740992571605975
-21.7,0.38293489122090746,0.9837580732835621,0.4914549574670409,0.18513859720772952
-21.65,0.3875307428733325,0.9276855671095365,0.4859345060730448,0.17469669950572445
-21.6,0.3924379921579705,0.8770674221875218,0.4818222789091386,0.16584061603261369
-21.549999999999997,0.3976700948531621,0.8312844423002539,0.4790760045511083,0.15837149064002154
-21.5,0.403241646987629,0.7897986812229321,0.47766766667139327,0.15212746521461107
-21.45,0.4091684740800691,0.7521421640313367,0.4775829648395235,0.14697752405593315
-21.4,0.41546772996548503,0.7179071507804166,0.4788210404320429,0.14281663701193087
-21.35,0.4221580062864744,0.6867377738428665,0.4813944602004251,0.13956195827030143
-21.299999999999997,0.42925945387201836,0.6583228778953446,0.485329457050191,0.13714989143523282
-21.25,0.43679391739150053,0.6323899008756727,0.49066643457736064,0.13553387570602812
-21.2,0.44478508486115476,0.6086996490992012,0.4974607490719821,0.1346827844102114
-21.15,0.4532586537977707,0.5870418365564084,0.5057837902090323,0.13457985754687765
-21.1,0.4622425160650641,0.5672312752233187,0.5157243896656556,0.13522211592265665
-21.049999999999997,0.47176696374702853,0.5491046189594997,0.5273905955602741,0.13662022729527853
-21.0,0.4818649187163686,0.5325175777672289,0.5409118599746849,0.1387988159091091
-20.95,0.49257218895252536,0.5173425316886145,0.5564416968598368,0.14179722702664882
-20.9,0.5039277551117245,0.5034664844545547,0.5741608781189256,0.14567077855953475
-20.85,0.5159740913720127,0.49078930629154316,0.5942812460718748,0.15049255365016856
-20.799999999999997,0.5287575251819294,0.47922222320221614,0.6170502297697698,0.15635581195608664
-20.75,0.5423286412477564,0.4686865167357254,0.642756158816648,0.16337712424316755
-20.7,0.5567427359193855,0.4591124039220456,0.6717344681330261,0.17170036527835894
-20.65,0.5720603291003724,0.4504380718140973,0.7043748748656102,0.1815017340398243
-20.6,0.588347741939911,0.44260884509969617,0.741129575229111,0.1929960071167789
-20.549999999999997,0.605677749894187,0.4355764686313755,0.7825224396378982,0.20644426827430384
-20.5,0.6241303223092628,0.42929848957842953,0.8291590554807162,0.22216338870927405
-20.45,0.643793461522057,0.4237377263194893,0.8817372413978904,0.24053754701168675
-20.4,0.6647641566535838,0.4188618132395936,0.9410572781243115,0.26203205391906204
-20.35,0.6871494698440898,0.4146428123353167,1.0080304833834657,0.28720964675428734
-20.299999999999997,0.711067775730056,0.411056884017799,1.0836837773857604,0.3167491772834035
-20.25,0.7366501785809683,0.408084010780734,1.1691563683276878,0.3514661280490067
-20.2,0.7640421358103817,0.405707768506012,1.265682413066926,0.39233348782633454
-20.15,0.7934053216830936,0.4039151411456689,1.3745502379336092,0.44049994638844486
-20.1,0.8249197711165668,0.40269637537222047,1.4970242832523477,0.49729979280394443
-20.049999999999997,0.8587863507062347,0.402044872553972,1.6342105446888806,0.5642449352379092
-20.0,0.8952296127108104,0.4019571161080707,1.7868409763762199,0.6429838495265703
-19.95,0.934501097970877,0.4024326329303199,1.9549499688520238,0.7352053410846159
-19.9,0.9768831658939061,0.4034739882138703,2.1374226823283533,0.84245862460749
-19.85,1.0226934440508044,0.4050868135645342,2.331421099748585,0.9658602670899502
-19.799999999999997,1.0722900069476842,0.40727986891375706,2.5317526360358,1.1056724126207227
-19.75,1.1260774135267517,0.4100651393362843,2.7303463294315264,1.2607786225855533
-19.7,1.1845137562475325,0.4134579685137436,2.916126014534787,1.428162950488383
-19.65,1.2481189014430802,0.4174772312640811,3.075648048240439,1.6026009343420793
-19.6,1.317484131061876,0.4221455482979077,3.1947750476863015,1.776838232772496
-19.549999999999997,1.393283429507797,0.427489547186153,3.2612782713736315,1.942463330222969
-19.5,1.4762866949519062,0.43354017445153725,3.2676802391475133,2.091412047862419
-19.45,1.5673751898091584,0.44033306475532846,3.213235921900311,2.2176697851514784
-19.4,1.667559575507938,0.4479089743707951,3.10413970123423,2.318528191950623
-19.35,1.7780008941674859,0.4563142875514889,2.9518570603566734,2.3949219568998155
-19.299999999999997,1.9000348505554117,0.4656016060578863,2.770365397533786,2.4508294523356358
-19.25,2.035199688774986,0.4758304340499372,2.573425760926127,2.4921311157820085
-19.2,2.1852678120354447,0.48706797284488546,2.3726897913427423,2.525429236967148
-19.15,2.352281000278149,0.4993900427493821,2.1768613253893165,2.5571714272619066
-19.1,2.538588543770073,0.5128821523855687,1.9916951705094785,2.5931806516415827
-19.049999999999997,2.7468866817772923,0.5276407397398973,1.8204663064940756,2.6385280141000313
-19.0,2.980256185287017,0.5437746136850086,1.6645965401342009,2.697624604890141
-18.95,3.242192409008819,0.5614066300904085,1.5242484025693384,2.774419130670217
-18.9,3.5366181653667668,0.5806756429954901,1.3988040450784998,2.872623191539364
-18.85,3.867863663261891,0.6017387788327021,1.2872141792691087,2.9959183485628964
-18.799999999999997,4.240588659629622,0.6247740905315541,1.1882338899838127,3.1481186591325967
-18.75,4.659609022856465,0.6499836586737835,1.1005718420565196,3.333268613453764
-18.7,5.129572671159077,0.6775972188450768,1.0229782905469198,3.5556517545119655
-18.65,5.654409429176224,0.7078764080043518,0.9542922896528058,3.819672301747625
-18.6,6.236460621703527,0.7411197379856304,0.8934629926540346,4.129553842697634
-18.549999999999997,6.875189727614531,0.7776684208039513,0.8395552792887054,4.488781316356797
-18.5,7.565410558293821,0.8179131874225247,0.7917464446151061,4.899207496153083
-18.45,8.295085899245523,0.8623022574101967,0.749318221598863,5.359776799092228
-18.4,9.042997273804708,0.911350628488973,0.7116467549218252,5.864923755987329
-18.35,9.776985618227595,0.9656508571618103,0.6781920672295475,6.402916116347461
-18.299999999999997,10.453919581667146,1.0258854857058142,0.64848787779277,6.954724047461099
-18.25,11.022755203100374,1.0928412224670725,0.6221322133781908,7.494280089018701
-18.2,11.431511017220084,1.1674248783701213,0.5987789992960194,7.990963435455817
-18.15,11.637374328176332,1.2506808657972108,0.5781306731485318,8.414484630231287
-18.1,11.616980431141647,1.3438097182438982,0.5599317843136516,8.741101356166107
-18.049999999999997,11.372698942824966,1.4481865003457193,0.5439635027607692,8.958964158501175
-18.0,10.931975450667732,1.565377011640827,0.5300389450750944,9.070377876965509
-17.95,10.340049933626839,1.697148143285894,0.5179992234074586,9.09015938289401
-17.9,9.649412238858654,1.8454663426712776,0.5077101282589196,9.041132141787024
-17.85,8.910096341705836,2.012474506856481,0.4990593648313225,8.948804019995636
-17.799999999999997,8.163402908333738,2.200432339780313,0.49195427295766453,8.836982359397648
-17.75,7.439477883512349,2.4115979337437823,0.4863199711596857,8.725080945129836
-17.7,6.7577514243297685,2.648019184965548,0.48209787553991873,8.62697536094816
-17.65,6.128870849414484,2.9111939784714616,0.4792445537285016,8.550840394471976
-17.6,5.5570458960668345,3.201551949240946,0.47773088290549975,8.49939188735473
-17.549999999999997,5.042186602894267,3.5177170968003977,0.47754148906129235,8.470146714618764
-17.5,4.581588520493824,3.855545958209077,0.47867445226105704,8.455556877827249
-17.45,4.17114121435959,4.207023485566104,0.48114126990081585,8.443109850053371
-17.4,3.8061343762474893,4.55925745719263,0.48496707695594926,8.415704752514149
-17.35,3.481761381675705,4.894027589655642,0.4901911292102806,8.352776579082205
-17.299999999999997,3.1934116917898057,5.1885204992019744,0.4968675625973259,8.232639400357487
-17.25,2.936823840178541,5.417810556229693,0.5050664492622324,8.036190662093206
-17.2,2.708150683196726,5.559107259760188,0.5148751789260407,7.751394394792205
-17.15,2.503972102552332,5.596813432920203,0.5264002027362973,7.377111778870772
-17.1,2.321278138241696,5.526560656320856,0.5397691860969817,6.92452855411536
-17.049999999999997,2.1574370317533145,5.356417624214723,0.5551336269617577,6.415198436750754
-17.0,2.0101569870617073,5.104684531936504,0.572672006545976,5.8763118885504015
-16.95,1.87744678761529,4.7953294776410536,0.5925935498599573,5.335105461724135
-16.9,1.757578096219135,4.453012523562426,0.6151426828776254,4.814424833272113
-16.85,1.649050846151752,4.0993245626749975,0.6406042796861356,4.330481496225684
-16.799999999999997,1.5505622865753534,3.7508751531876436,0.6693097934147415,3.8926827035790237
-16.75,1.4609797608847823,3.418988349801898,0.7016443537401491,3.5047646138440096
-16.7,1.3793170350258754,3.110383631549709,0.7380548824766723,3.1664068418879556
-16.65,1.3047138658171618,2.828249306700506,0.7790592129055621,2.8747721902792667
-16.6,1.2364184514433891,2.5733200674035883,0.8252560753510195,2.625717595616106
-16.549999999999997,1.1737724031508894,2.3447739353746737,0.8773355954253357,2.4146301678348667
-16.5,1.1161978977677398,2.1409000011964068,0.9360895873983246,2.236943407649939
-16.45,1.0631867024389128,1.9595573930020325,1.0024203304561285,2.088417819748012
-16.4,1.014290798602934,1.7984703189174722,1.0773455691119365,1.9652635094955722
-16.35,0.9691143676615298,1.655405304006874,1.1619960118717265,1.8641635507888636
-16.299999999999997,0.9273069338853795,1.5282688574507097,1.25759939689118,1.7822375554770864
-16.25,0.8885574898934524,1.4151540223548214,1.3654420099039646,1.7169691920313568
-16.2,0.8525894562468596,1.314355616204671,1.4867942097601945,1.6661101258566757
-16.15,0.8191563493868879,1.2243673197883473,1.6227811810525143,1.6275655683664692
-16.1,0.7880380515828989,1.1438690329454069,1.7741747454851609,1.599262980489153
-16.049999999999997,0.7590375930849996,1.0717096992509842,1.9410793074760588,1.5790058062149355
-16.0,0.7319783706627078,1.006888694372548,2.1224906424854724,1.564319636587026
-15.95,0.7067017385063067,0.9485375303129422,2.315730304523805,1.5523107240713614
-15.899999999999999,0.6830649173947684,0.8959027942347406,2.5158143316571273,1.5395771550783863
-15.85,0.6609391763787082,0.8483307370596774,2.714911964186494,1.5222376143898466
-15.799999999999999,0.6402082482382137,0.8052536330434471,2.902174258807665,1.4961579472966011
-15.75,0.6207669458667118,0.7661778679947172,3.064298428498474,1.4574351685382996
-15.7,0.6025199516847014,0.7306736298875686,3.187116560418735,1.4031135330374087
-15.649999999999999,0.585380756354163,0.6983660391087607,3.2581416543010717,1.3319610206250267
-15.6,0.5692707265740676,0.6689275463890962,3.269428887763119,1.2450013660348598
-15.549999999999999,0.5541182846971145,0.6420714322389787,3.219665560410728,1.1455039485120817
-15.5,0.5398581854073523,0.617546254983456,3.1145354241939627,1.0383468692124127
-15.45,0.5264308768124126,0.5951311108742274,2.96517972064157,0.9289771444584827
-15.399999999999999,0.5137819350951756,0.5746315867397365,2.7854832543675343,0.8223730639184365
-15.35,0.5018615633895794,0.5558763018679318,2.589307147033065,0.7223466530222069
-15.299999999999999,0.4906241468374217,0.5387139506399119,2.3885140447191,0.631298766084786
-15.25,0.4800278568834373,0.5230107705910406,2.192050172043099,0.5503355447996912
-15.2,0.4700342988047491,0.5086483720422234,2.00589083643042,0.47957275580314446
-15.149999999999999,0.46060819727332847,0.49552187531169845,1.8334852187363466,0.41847730232025315
-15.1,0.4517171154372487,0.48353830993807706,1.6763791408334212,0.36615897413330245
-15.049999999999999,0.44333120359608763,0.47261523748974665,1.5348157321782259,0.32158239225338575
-15.0,0.4354229740525337,0.46267956557500606,1.4082246113543717,0.28370277846446157
-14.95,0.42796709915856557,0.4536665257609896,1.2955807539970676,0.25154263529785875
-14.899999999999999,0.4209402299509863,0.4455187924012072,1.1956483387108705,0.22422804294649532
-14.85,0.4143208330963824,0.4381857229872832,1.107135838351788,0.20099992887681706
-14.799999999999999,0.40808904414725505,0.4316227036890799,1.0287880615440328,0.1812112400366931
-14.75,0.4022265353553987,0.4257905863218182,0.9594359831539723,0.16431710549552905
-14.7,0.3967163965009248,0.4206552051579038,0.8980196701893868,0.14986225638660008
-14.649999999999999,0.39154302738020924,0.4161869638516012,0.8435948666888122,0.13746808905177238
-14.6,0.38669204075729025,0.41236048432259903,0.7953302085124079,0.12682058508158625
-14.549999999999999,0.3821501747241789,0.40915431079721964,0.7524995027117516,0.11765961174344157
-14.5,0.37790521353894957,0.40655066337352974,0.7144717962522973,0.10976974294428475
-14.45,0.37394591611874317,0.4045352364927314,0.6807008441055243,0.10297254343775987
-14.399999999999999,0.3702619514600191,0.40309703859290724,0.6507148796794965,0.09712016935087982
-14.35,0.36684384034225215,0.40222827001725814,0.6241071535440431,0.09209010811608247
-14.299999999999999,0.36368290274534615,0.4019242369691119,0.6005274438379767,0.08778088194476596
-14.25,0.36077121047659694,0.40218329996934676,0.5796745895791336,0.0841085546576017
-14.2,0.358101544561227,0.4030068558957993,0.5612900144806272,0.08100390294329281
-14.149999999999999,0.3556673570023121,0.40439935328475407,0.5451521669623615,0.07841013521529039
-14.1,0.35346273656215593,0.40636834116702897,0.5310717848814397,0.07628106190207831
-14.049999999999999,0.35148237825860346,0.40892455231049335,0.5188878905385412,0.07457963932894927
-14.0,0.34972155630704077,0.41208202236234026,0.5084644262885162,0.07327682513728832
-13.95,0.348176100272486,0.41585824704403584,0.49968744971274387,0.07235069661018413
-13.899999999999999,0.3468423742267317,0.4202743802667952,0.4924628175316138,0.07178579466022264
-13.849999999999998,0.34571725873337683,0.42535547682469077,0.48671429797786797,0.07157266597271482
-13.8,0.3447981355092077,0.43113078420752016,0.48238206155450664,0.0717075842785508
-13.75,0.34408287463406967,0.4376340890809226,0.4794215096696798,0.0721924393365762
-13.7,0.3435698242034649,0.4449041251354655,0.47780240949715946,0.0730347893035692
-13.649999999999999,0.34325780233887115,0.4529850503429838,0.47750831160119245,0.07424807912319896
-13.599999999999998,0.3431460914905093,0.4619270032167386,0.4785362345053325,0.07585203474627854
-13.55,0.3432344349861954,0.47178674949870053,0.48089660763035147,0.07787325080552587
-13.5,0.34352303579827637,0.4826284328478412,0.48461347104968344,0.08034599826624614
-13.45,0.34401255751865584,0.49452444564343684,0.48972493749343676,0.08331328910354605
-13.399999999999999,0.34470412754981045,0.5075564390249475,0.4962839291565423,0.08682824788671836
-13.349999999999998,0.345599342537685,0.521816494856734,0.5043592093109145,0.09095585612918675
-13.3,0.34670027609065585,0.5374084865392642,0.5140367366498916,0.09577515547801378
-13.25,0.34800948884759714,0.5544496606131307,0.5254213788420071,0.10138202169017073
-13.2,0.3495300409776932,0.5730724770602618,0.5386390310232183,0.10789265473563452
-13.149999999999999,0.35126550721528194,0.593426753256739,0.5538391948981415,0.11544797373104666
-13.099999999999998,0.3532199945549257,0.6156821648437344,0.5711980845675918,0.12421916197040572
-13.05,0.3553981627553942,0.6400311665292364,0.590922335677306,0.13441468132308015
-13.0,0.35780524782661843,0.666692407167211,0.6132534040300959,0.14628917225636967
-12.95,0.3604470887012684,0.6959147264829807,0.6384727466581148,0.1601547828769733
-12.899999999999999,0.36333015732283425,0.7279818355097809,0.666907879447294,0.17639563678820033
-12.849999999999998,0.36646159241535214,0.7632177989397855,0.6989393955792739,0.195486366510454
-12.8,0.3698492372367339,0.8019934545547793,0.7350089998086728,0.2180159200586708
-12.75,0.37350168165856734,0.844733921404834,0.7756285511736422,0.24471820754581192
-12.7,0.37742830896089785,0.8919273620570183,0.821389989227415,0.2765116055787905
-12.649999999999999,0.38163934778160713,0.9441351708299902,0.8729758118621007,0.31454988575112913
-12.599999999999998,0.3861459297173992,1.002003752306794,0.9311694231424992,0.36028776639577964
-12.55,0.3909601531380528,1.066278020703628,0.9968640970103684,0.415564947426488
-12.5,0.39609515384861277,1.1378166715253002,1.0710683895882642,0.48271303216864125
-12.45,0.4015651833168354,1.2176091213312525,1.1549044142717104,0.5646898550806939
-12.399999999999999,0.4073856952770057,1.3067937303134851,1.249593255736154,0.6652448024427879
-12.349999999999998,0.41357344162787046,1.4066764393897129,1.356418701115843,0.7891155913391285
-12.3,0.42014657866396266,1.5187481520220005,1.476656228745425,0.94224967321693
-12.25,0.4271247848183403,1.644697897351835,1.6114489191152974,1.132028742130544
-12.2,0.4345293912534793,1.7864167763880447,1.76160650133192,1.3674480937030211
-12.149999999999999,0.44238352681899634,1.9459845798558855,1.927300623372159,1.6591582201691113
-12.099999999999998,0.4507122791037738,2.1256263641351096,2.1076340962095235,2.019210211112471
-12.05,0.4595428735503914,2.3276197839271955,2.30008400145867,2.460264344700195
-12.0,0.4689048728767804,2.554125482027827,2.4998714533263047,2.9939507582734834
-11.95,0.478830399369845,2.8069030722509765,2.699404616349064,3.6280821877142078
-11.899999999999999,0.4893543829858255,3.086867019962959,2.8880651423813477,4.3626300665286655
-11.849999999999998,0.5005148386209706,3.3934368596082427,3.052701094420993,5.1849074972718086
-11.8,0.512353176413986,3.7236580493246123,3.1791303615305995,6.06523401300668
-11.75,0.5249145495208901,4.071134330605255,3.2546262651371545,6.9551286580581015
-11.7,0.5382482444778133,4.424942726881131,3.270790316090869,7.790099040520126
-11.649999999999999,0.552408120055329,4.768901726144846,3.225744534181384,8.49783700617473
-11.599999999999998,0.5674531014295916,5.081772326086017,3.12465195467488,9.010457188008155
-11.55,0.5834477375756579,5.3390245815974895,2.9783118954621526,9.27756608650166
-11.5,0.6004628310563875,5.516460390662285,2.800498726091883,9.276454381026069
-11.45,0.6185761508715184,5.595141074205894,2.605161113639915,9.01651687790003
-11.399999999999999,0.6378732407884584,5.566058421779483,2.404367067491288,8.536560347302192
-11.349999999999998,0.658448337649662,5.432586516740519,2.207305062661897,7.895701410118875
-11.3,0.6804054166023913,5.209546641673062,2.0201738719495435,7.160715888299939
-11.25,0.7038593830983121,4.919340480691097,1.846600891275217,6.393899823192536
-11.2,0.7289374349505752,4.5868989022528925,1.6882597735343443,5.6448017654749005
-11.149999999999999,0.7557806218200911,4.235320403764267,1.5454773260773766,4.947031329450865
-11.099999999999998,0.7845456343561973,3.8832391648119993,1.417732879200725,4.319234273050811
-11.05,0.8154068609898945,3.543967566340446,1.304027189675184,3.768345783266784
-11.0,0.8485587572479837,3.225876889009061,1.2031344903166834,3.2933954855606475
-10.95,0.8842185806332554,2.9333783530306894,1.1137636292240825,2.8888217890246093
-10.899999999999999,0.9226295538441741,2.6680308273346522,1.034654273659459,2.5469091937070507
-10.849999999999998,0.9640645306688083,2.4295186492920595,0.9646294577375469,2.25936742109364
-10.799999999999997,1.0088302526006339,2.216407491832767,0.9026202000002718,2.018239748859034
-10.75,1.0572723004371176,2.0266788306685655,0.8476730890442145,1.8163526894320732
-10.7,1.1097808642002516,1.8580822419291187,0.7989480516642313,1.6474821080473026
-10.649999999999999,1.1667974770108622,1.7083528345711327,0.755710905813129,1.5063598916233218
-10.599999999999998,1.2288228843330093,1.5753355829076745,0.7173235341411832,1.3886009335109708
-10.549999999999997,1.2964262493855903,1.4570487340404763,0.6832333594667184,1.290597907795756
-10.5,1.370255928257963,1.351709198392368,0.6529630698136585,1.209410063541729
-10.45,1.4510520835007403,1.2577353932855462,0.6261010862126373,1.1426592527250077
-10.399999999999999,1.539661440737567,1.1737375743625313,0.6022929927549414,1.0884388921871555
-10.349999999999998,1.6370545253632818,1.0985019393988171,0.5812339892395325,1.0452374833796416
-10.299999999999997,1.7443457388149686,1.030972301276871,0.5626623388428185,1.0118762747220786
-10.25,1.8628166344192199,0.970231525623302,0.5463537387442099,0.9874597646106376
-10.2,1.9939427116372899,0.9154839245903664,0.5321165229655779,0.9713374731419125
-10.149999999999999,2.13942393214308,0.8660391850595683,0.5197876028691053,0.9630754438135918
-10.099999999999998,2.3012189190654184,0.8212980463702246,0.5092290550841062,0.9624360917119967
-10.049999999999997,2.481582348303172,0.7807397363485964,0.5003252750562562,0.9693651848172161
-10.0,2.6831042469480026,0.7439110645740606,0.4929806245637869,0.9839848586030879
-9.95,2.9087485763216727,0.710417020024871,0.4871175120924187,1.0065915592196204
-9.899999999999999,3.1618862909238423,0.6799127023713905,0.482674855205084,1.0376576147882528
-9.849999999999998,3.446314583469735,0.6520964173091282,0.47960688366646154,1.0778346466532398
-9.799999999999997,3.7662486271381135,0.6267037773729296,0.47788225099452764,1.1279561056746754
-9.75,4.126264004513614,0.6035026652422595,0.4774834303507239,1.1890346453854306
-9.7,4.531156276674243,0.5822889335104853,0.4784063783593962,1.2622475563215674
-9.649999999999999,4.98566815680914,0.5628827315206238,0.48066045771784904,1.3488997982807172
-9.599999999999998,5.494014991006426,0.5451253652824634,0.4842686164927531,1.4503491203260954
-9.549999999999997,6.059119159180313,0.5288766102966266,0.4892678289777765,1.5678716757507014
-9.5,6.68145336572216,0.514012409220834,0.49570981009399223,1.702440957352549
-9.45,7.357412664003006,0.5004228967793605,0.50366202272734,1.8543917793689328
-9.399999999999999,8.07722239748902,0.48801070327313084,0.5132090052819764,2.0229523650767716
-9.349999999999998,8.822593716277195,0.47668949566172863,0.5244540552240394,2.205663772287598
-9.299999999999997,9.564695431945184,0.46638272163263234,0.5375213135855491,2.3977797451641396
-9.25,10.263471774583257,0.45702252751188704,0.5525583052888378,2.5918508798279225
-9.2,10.869662589428337,0.44854882545428515,0.5697390005711219,2.7778048787856955
-9.149999999999999,11.330615294165488,0.4409084892127234,0.5892674732910153,2.9438415071016872
-9.099999999999998,11.599681132697238,0.43405466104097007,0.6113822415711185,3.078245796054691
-9.049999999999997,11.646859895412382,0.4279461550305658,0.6363613833893698,3.1717708045650705
-9.0,11.466675149221764,0.42254694450497365,0.6645285214380249,3.2197792724179717
-8.95,11.07969372812514,0.4178257230635799,0.6962597628644118,3.2232517474009765
-8.899999999999999,10.52694875217628,0.4137555305446603,0.7319916522166534,3.1882505912268906
-8.849999999999998,9.859910153311858,0.4103134366105156,0.7722301367961593,3.1241756481525096
-8.799999999999997,9.13016648978127,0.40748027589230246,0.8175604315323493,3.0416213836849533
-8.75,8.382002837363121,0.4052404297026747,0.8686574722176459,2.950591795872945
-8.7,7.648905276292459,0.4035816502619212,0.9262963101026338,2.8594376326463116
-8.649999999999999,6.953300326344112,0.40249492421412353,0.9913612496931347,2.7744910930868407
-8.599999999999998,6.308180083192422,0.4019743729567672,1.0648516507975991,2.7001727980748056
-8.549999999999997,5.719410837087427,0.40201718799027075,1.1478809445980072,2.6393243337568153
-8.5,5.187971341870059,0.4026236001310144,1.2416633412101767,2.5935860134291318
-8.45,4.711780917857795,0.40379688203912545,1.3474796926780148,2.5637181558321402
-8.399999999999999,4.287043176140713,0.4055433841060258,1.4666098299593429,2.5498214476662855
-8.349999999999998,3.909160448209132,0.40787260434164235,1.6002134818069549,2.551443508296105
-8.299999999999997,3.5733161895151246,0.41079729351231264,1.7491363835560305,2.5675723741318914
-8.25,3.2748211473678617,0.4143335974234278,1.9136147235078576,2.5965233995926464
-8.2,3.0093011770526075,0.4185012389323986,2.092854826080391,2.6357335635367973
-8.149999999999999,2.772784011583143,0.42332374303585146,2.284485268555684,2.6814952409483945
-8.099999999999998,2.5617245790921115,0.42882870922049054,2.4839286012508017,2.7286975204055692
-8.049999999999997,2.372995018343962,0.43504813622306404,2.683830372528061,2.7706980712178666
-8.0,2.2038560402961473,0.442018805438276,2.8738057465080504,2.799505839042309
-7.949999999999999,2.051919871338677,0.4497827304757104,3.0408630732473023,2.806467638183094
-7.899999999999999,1.9151108303740996,0.45838768183486606,3.1708219686706958,2.7835479644137893
-7.849999999999998,1.7916269366599682,0.467887797385019,3.250734716183877,2.7250271368335226
-7.799999999999997,1.6799043028960732,0.4783442913556449,3.271763498877239,2.6290996103738045
-7.75,1.5785850801449202,0.48982627692517355,3.2314684730589054,2.498676292977891
-7.699999999999999,1.4864891476521696,0.5024117203138299,3.134482747472879,2.340924402153404
-7.649999999999999,1.4025894244351063,0.5161885476264553,2.9912463666933995,2.165664157998239
-7.599999999999998,1.3259905198420188,0.5312559296548074,2.8154051896054306,1.9832849505228305
-7.549999999999997,1.255910373466485,0.5477257745537416,2.620982371348015,1.8029593108714146
-7.5,1.1916645211611072,0.5657244638873834,2.4202451208394296,1.6316173782678958
-7.449999999999999,1.1326526391102023,0.5853948741524383,2.2226236750407202,1.4737085143103403
-7.399999999999999,1.0783470473460077,0.6068987336926324,2.0345430761031063,1.331501543361404
-7.349999999999998,1.0282828891284577,0.6304193740939946,1.8598129222537025,1.2056227139148772
-7.299999999999997,0.9820497383857734,0.6561649458590296,1.7002385563624378,1.0956109653384187
-7.25,0.9392844213320676,0.6843721805253895,1.5562336092915754,1.0003782872388345
-7.199999999999999,0.8996648691966348,0.7153107954605655,1.4273294312842615,0.9185435725498933
-7.149999999999999,0.8629048462648723,0.7492886531959139,1.3125541289948508,0.8486513111516949
-7.099999999999998,0.8287494211324855,0.7866578039167766,1.210692987716982,0.7893018494832336
-7.049999999999997,0.7969710694348858,0.827821556614653,1.1204558239143705,0.7392205407802014
-7.0,0.7673663136607836,0.8732427395345128,1.040577485404312,0.6972879157191072
-6.949999999999999,0.739752820356344,0.9234533205101003,0.9698732145804666,0.6625467717969012
-6.899999999999999,0.7139668874318855,0.9790655567150232,0.9072650254849601,0.6341967502418276
-6.849999999999998,0.6898612647287528,1.0407848214680542,0.8517903349196755,0.6115830186010563
-6.799999999999997,0.6673032597871403,1.1094241969496137,0.8026003124087866,0.5941829759682726
-6.75,0.6461730881357495,1.1859208000915242,0.7589527242437083,0.5815931423209854
-6.699999999999999,0.6263624336250307,1.271353583279546,0.720202222184508,0.5735172847959389
-6.649999999999999,0.6077731895377396,1.3669619573018925,0.6857898321184223,0.5697561324630296
-6.599999999999998,0.5903163555943995,1.4741639218157567,0.6552326367102326,0.570198559221216
-6.549999999999997,0.5739110696624288,1.5945713089290607,0.6281141735998224,0.5748137399228161
-6.5,0.5584837560892187,1.7299980302592997,0.6040757854458044,0.5836434040351371
-6.449999999999999,0.5439673752060458,1.8824545642184247,0.5828089917144852,0.5967928338722485
-6.399999999999999,0.5303007607703242,2.0541179409217896,0.5640488597375438,0.6144185959525933
-6.349999999999998,0.517428033993976,2.247260756672519,0.5475683053742599,0.6367100792668042
-6.299999999999997,0.5052980844006454,2.4641150018754066,0.533173233362109,0.6638607056117584
-6.25,0.49386410910959755,2.7066370239815303,0.5206984227373483,0.6960232481901004
-6.199999999999999,0.48308320329762283,2.9761305918642407,0.5100040665634477,0.7332423834467244
-6.149999999999999,0.4729159955738846,3.2726807795706265,0.5009728834069767,0.7753572791873587
-6.099999999999998,0.4633263228428981,3.594362820747911,0.4935077280738997,0.8218694654912541
-6.049999999999997,0.4542809399500166,3.9362353831929506,0.4875296396669808,0.8717793963683224
-6.0,0.4457492600204178,4.289230544295316,0.4829762753086779,0.9234126480446517
-5.949999999999999,0.43770312193229594,4.639228032792167,0.4798006875526406,0.9742854800171871
-5.899999999999999,0.43011658182084556,4.966819940023251,0.4779704124753466,1.021093743855936
-5.849999999999998,0.42296572590265863,5.2484117297283674,0.4774668437287322,1.0599278237660679
-5.799999999999997,0.4162285022496938,5.459141636695915,0.4782848755529661,1.0867829744452842
-5.75,0.40988456943577484,5.5774408000222895,0.48043280504545827,1.0983207606277263
-5.699999999999999,0.40391516023330193,5.590036387266258,0.48393249102878466,1.0926713859111388
-5.649999999999999,0.3983029587591195,5.495464655276386,0.48881977383702707,1.069957968016096
-5.599999999999998,0.3930319896609871,5.304477532688155,0.49514516743000353,1.0322931819183032
-5.549999999999997,0.388087518103967,5.037144253544812,0.5029748426270347,0.9832417853187266
-5.5,0.383455959462633,4.718012203896592,0.5123919280935283,0.9269938036274122
-5.449999999999999,0.379124797753304,4.371299536488661,0.5234981641568011,0.867576783099128
-5.399999999999999,0.3750825119530161,4.017544911403858,0.5364159536659149,0.8083310138547938
-5.349999999999998,0.37131850945077843,3.6721122138387927,0.5512908639492324,0.751697901564666
-5.299999999999997,0.36782306596371006,3.345174219014189,0.5682946443123527,0.6992480507153684
-5.25,0.36458727132745744,3.0425310254226563,0.5876288340403527,0.6518379111258455
-5.199999999999999,0.36160298063823404,2.7667107511406748,0.6095290456551918,0.6098038543710109
-5.149999999999999,0.35886277028408453,2.5180154477708574,0.6342700156237107,0.5731403395537915
-5.099999999999998,0.3563598984565496,2.2953657447306326,0.6621715169982135,0.5416406098981297
-5.049999999999997,0.3540882697817111,2.0969169108172085,0.6936052208383581,0.5149974934612881
-5.0,0.3520424037523695,1.9204755157080171,0.7290025678470663,0.4928704836109056
-4.949999999999999,0.35021740668152745,1.763763253039917,0.7688636556995708,0.474927535661821
-4.899999999999999,0.34860894693202527,1.6245726764467274,0.8137670406767192,0.46086928962389506
-4.849999999999998,0.3472132332085808,1.5008508223845505,0.8643801623570732,0.4504416987538261
-4.799999999999997,0.3460269957271241,1.3907370107320893,0.9214697776163054,0.4434412505262771
-4.75,0.34504747010255354,1.292572905235958,0.9859112597113602,0.43971544664157003
-4.699999999999999,0.34427238382026576,1.2048967343216577,1.0586947687636796,0.4391600047857133
-4.649999999999999,0.3436999451793376,1.1264292248286751,1.1409249746152028,0.44171328292739526
-4.599999999999998,0.34332883461636526,1.0560558772560988,1.233809004933887,0.44734760116915334
-4.549999999999997,0.3431581983389718,0.992808308510032,1.3386243609741288,0.4560563491085314
-4.5,0.3431876442171223,0.9358461833717979,1.4566544906848666,0.46783495659013263
-4.449999999999999,0.3434172398988836,0.8844405124294948,1.589074567732545,0.4826529867127622
-4.399999999999999,0.3438475131353574,0.8379586482724364,1.7367644905164177,0.5004139479957833
-4.349999999999998,0.3444794543174173,0.795851053835831,1.900022351308146,0.5208993675203463
-4.299999999999997,0.34531452124482115,0.7576397754334823,2.0781545253615192,0.543695133479127
-4.25,0.3463546461664533,0.7229084824306037,2.2689370707456478,0.5681026163205739
-4.199999999999999,0.3476022451491132,0.691293906785483,2.467990251602324,0.593046492597249
-4.149999999999999,0.3490602298516279,0.6624785108509865,2.6681952124100468,0.6170065384612724
-4.099999999999998,0.3507320218013734,0.6361842198665303,2.8594031046647688,0.6380191227794828
-4.049999999999997,0.35262156929180233,0.6121670698744187,3.02879144643952,0.653804955553763
-4.0,0.3547333670425646,0.5902126384874908,3.1621970747127754,0.662063245603181
-3.9499999999999993,0.35707247878859655,0.5701321428338098,3.24646988884258,0.6609114620804881
-3.8999999999999986,0.35964456299145153,0.5517591049509641,3.272347702417961,0.6493553917230811
-3.849999999999998,0.3624559018955581,0.5349464993520247,3.2368332379891824,0.6276042136917498
-3.799999999999997,0.3655134341844087,0.5195643102477958,3.144021375290461,0.5970739791738183
-3.75,0.36882479152739905,0.5054974369940822,3.0039759174473724,0.5600612304474042
-3.6999999999999993,0.3723983393476827,0.4926438958500491,2.8301959401402392,0.519227092566065
-3.6499999999999986,0.37624322218557493,0.4809132742427135,2.636765511166794,0.4770973005436892
-3.599999999999998,0.38036941408147057,0.47022540060571816,2.4361443446258506,0.43572721862663427
-3.549999999999997,0.384787774457673,0.4605091986668344,2.2380035843958352,0.3965704521954852
-3.5,0.38951011004095004,0.4517016999541847,2.0489971710636206,0.3605054365437682
-3.4499999999999993,0.39454924343805126,0.44374719241556765,1.8731208574714358,0.3279462227123738
-3.3999999999999986,0.39991908905608536,0.4365964865204123,1.712315574903812,0.2989758972363291
-3.349999999999998,0.4056347371500089,0.4302062831447634,1.5670849887423264,0.27346669301620224
-3.299999999999997,0.4117125468821266,0.4245386300159033,1.4370148419284403,0.251172778631098
-3.25,0.4181702493954249,0.4195604555905548,1.3211622124863933,0.23179487197106038
-3.1999999999999993,0.4250270620359703,0.41524317102317965,1.2183244753218152,0.2150215810576604
-3.1499999999999986,0.4323038150121272,0.41156233240264034,1.1272130351290903,0.2005537053504079
-3.099999999999998,0.44002309195309103,0.40849735674192283,1.0465582596564302,0.18811703659422147
-3.049999999999997,0.4482093860297529,0.4060312863352004,0.9751677594797306,0.17746788776830896
-3.0,0.45688927353149195,0.4041505970818328,0.911954594544647,0.16839430608916728
-2.9499999999999993,0.46609160705810243,0.4028450472458601,0.8559469970712941,0.160714915346323
-2.8999999999999986,0.47584773079257975,0.40210756389618,0.8062873328774756,0.15427660812185412
-2.849999999999998,0.4861917206749146,0.4019341649779381,0.7622252547163503,0.14895182082587455
-2.799999999999997,0.4971606527075375,0.4023239156183929,0.7231081169421024,0.14463581112305238
-2.75,0.5087949030994457,0.40327891788762177,0.6883704834524169,0.14124416358192646
-2.6999999999999993,0.5211384845098839,0.40480433383173636,0.657523771132318,0.13871063420147373
-2.6499999999999986,0.5342394232975063,0.40690844218895766,0.6301465798720767,0.1369853793286237
-2.599999999999998,0.5481501834337179,0.4096027298019873,0.6058759630021114,0.13603358049487205
-2.549999999999997,0.5629281436188454,0.4129020193689761,0.5843997180599522,0.13583446181415623
-2.5,0.5786361351704475,0.4168246358462378,0.5654496807847229,0.13638069334327216
-2.4499999999999993,0.5953430494623655,0.4213926145462515,0.5487959552435256,0.13767817777283364
-2.3999999999999986,0.613124525114542,0.4266319547839444,0.5342419910946399,0.13974622650786814
-2.349999999999998,0.6320637268074907,0.43257292383487045,0.5216204133586567,0.14261814340259826
-2.299999999999997,0.6522522295696132,0.43925041700607514,0.5107895134290842,0.14634224978096874
-2.25,0.6737910247183194,0.44670438081378466,0.5016303180194183,0.1509834031726101
-2.1999999999999993,0.6967916663964455,0.4549803076462835,0.4940441627306838,0.1566250852061098
-2.1499999999999986,0.7213775809170081,0.4641298119064354,0.4879507074672099,0.16337216260799
-2.099999999999998,0.7476855650117812,0.4742112995248787,0.48328634124943465,0.17135446109551075
-2.049999999999997,0.7758675036917085,0.48529074496956387,0.48000293370540725,0.18073133765745714
-2.0,0.8060923439123185,0.4974425925184442,0.4780668995475545,0.19169749573716544
-1.9499999999999993,0.8385483667641733,0.510750801690632,0.47745855068122006,0.20449036485483213
-1.8999999999999986,0.8734458086767178,0.5253100604424757,0.47817171834995736,0.21939946763079649
-1.8499999999999979,0.9110198913678789,0.5412271941402047,0.48021363504683984,0.2367783317765386
-1.7999999999999972,0.9515343312618891,0.5586228035486145,0.4836050729809704,0.2570596845148035
-1.75,0.9952854121422412,0.5776331712719597,0.48838074286403943,0.28077490887104717
-1.6999999999999993,1.0426067202462221,0.5984124834105158,0.4945899638561599,0.3085790687681994
-1.6499999999999986,1.0938746592044537,0.6211354218259079,0.5022976228628984,0.341283255687666
-1.5999999999999979,1.1495148835418205,0.6460001925102961,0.5115854491750275,0.3798966200779679
-1.5499999999999972,1.2100098141913613,0.6732320672740006,0.5225536388337274,0.42568129113684505
-1.5,1.275907427799963,0.7030875293837713,0.5353228721855514,0.4802245520439099
-1.4499999999999993,1.3478315434102524,0.7358591288459708,0.5500367778777483,0.545534256770131
-1.3999999999999986,1.426493864745652,0.7718811694322301,0.5668649069007176,0.6241657388552128
-1.3499999999999979,1.5127080722348913,0.8115363665466847,0.5860062908194116,0.7193916436968907
-1.2999999999999972,1.6074062929349484,0.855263631141744,0.6076936682271428,0.8354306033454303
-1.25,1.7116583028633894,0.9035671473665178,0.6321984711686078,0.9777570238642987
-1.1999999999999993,1.8266938248420923,0.9570269157040183,0.6598366661164556,1.153523264197768
-1.1499999999999986,1.9539282587425597,1.0163109209559211,0.6909755374755182,1.3721382743864388
-1.0999999999999979,2.094992091867844,1.0821890422511304,0.7260414779690155,1.6460648923339771
-1.0499999999999972,2.251764039438066,1.155548728675942,0.7655287973493204,1.9919235937878086
-1.0,2.426407585752158,1.2374122845996391,0.8100094590278976,2.4320263091998293
-0.9499999999999993,2.6214099205334858,1.328955288861174,0.8601434724754261,2.99651327753347
-0.8999999999999986,2.8396211138758187,1.4315251272929437,0.9166893596016434,3.726332141659936
-0.8499999999999979,3.084289476104805,1.5466577203576675,0.9805136028487709,4.6773833877150865
-0.7999999999999972,3.3590860052362306,1.6760890874379435,1.052597163617129,5.9262561290347175
-0.75,3.6681060662838183,1.8217561376451663,1.1340358789296672,7.578075392088216
-0.6999999999999993,4.015829218838757,1.9857776568268781,1.2260295988168481,9.777026903094933
-0.6499999999999986,4.407007525567218,2.1704014522395454,1.329852078133943,12.720002590554147
-0.5999999999999979,4.846437962088188,2.377896654589845,1.4467896764854244,16.67327967110578
-0.5499999999999972,5.338555721699374,2.610361268266096,1.5780318522877932,21.990756114628663
-0.5,5.8867645665494965,2.8694052929060976,1.7244908808346753,29.129260831021355
-0.4499999999999993,6.492405376480946,3.1556626413122175,1.8865241885899888,38.65080780490354
-0.3999999999999986,7.153271863632166,3.4680887776459226,2.0635348000718055,51.19254662291745
-0.34999999999999787,7.86164508600428,3.803030652799449,2.253442261480328,67.37359079751617
-0.29999999999999716,8.601983162101636,4.153133482047119,2.4520607565773904,87.60032240068685
-0.25,9.348714193910919,4.506296360802896,2.652505006006642,111.7449344733565
-0.1999999999999993,10.06502493361789,4.845099063831478,2.8448641961787473,138.73276938805319
-0.14999999999999858,10.703943255293742,5.147314266996615,3.0164933404178575,166.1984058104341
-0.09999999999999787,11.212975577406187,5.388101962374476,3.153261538474182,190.50951674202824
-0.04999999999999716,11.542588247580143,5.544022826158002,3.2418349283374117,207.4527090228664
0.0,11.656854249492364,5.598076211353323,3.2725424859373686,213.55289656442608
0.05000000000000071,11.542588247580143,5.544022826157988,3.2418349283374073,207.4527090228656
0.10000000000000142,11.212975577406159,5.388101962374463,3.153261538474174,190.50951674202682
0.15000000000000213,10.703943255293717,5.147314266996597,3.016493340417845,166.19840581043246
0.20000000000000284,10.065024933617845,4.845099063831452,2.844864196178735,138.73276938805125
0.25,9.348714193910919,4.506296360802896,2.652505006006642,111.7449344733565
0.3000000000000007,8.601983162101586,4.153133482047092,2.4520607565773767,87.60032240068529
0.3500000000000014,7.861645086004225,3.803030652799426,2.2534422614803136,67.37359079751486
0.40000000000000213,7.153271863632109,3.4680887776459013,2.063534800071792,51.19254662291639
0.45000000000000284,6.492405376480899,3.1556626413121958,1.886524188589977,38.650807804902755
0.5,5.8867645665494965,2.8694052929060976,1.7244908808346753,29.129260831021355
0.5500000000000007,5.338555721699336,2.6103612682660793,1.5780318522877832,21.990756114628223
0.6000000000000014,4.846437962088157,2.3778966545898292,1.4467896764854158,16.673279671105465
0.6500000000000021,4.407007525567188,2.1704014522395316,1.3298520781339351,12.720002590553905
0.7000000000000028,4.015829218838732,1.9857776568268661,1.2260295988168413,9.77702690309476
0.75,3.6681060662838183,1.8217561376451663,1.1340358789296672,7.578075392088216
0.8000000000000007,3.359086005236208,1.676089087437934,1.0525971636171236,5.926256129034614
0.8500000000000014,3.084289476104788,1.5466577203576588,0.9805136028487661,4.677383387715012
0.9000000000000021,2.839621113875801,1.4315251272929357,0.9166893596016391,3.7263321416598743
0.9500000000000028,2.62140992053347,1.3289552888611669,0.8601434724754223,2.996513277533423
1.0,2.426407585752158,1.2374122845996391,0.8100094590278976,2.4320263091998293
1.0500000000000007,2.2517640394380547,1.1555487286759363,0.7655287973493174,1.991923593787781
1.1000000000000014,2.094992091867834,1.0821890422511253,0.7260414779690129,1.6460648923339556
1.1500000000000021,1.95392825874255,1.0163109209559167,0.6909755374755158,1.372138274386421
1.2000000000000028,1.8266938248420834,0.9570269157040144,0.6598366661164536,1.1535232641977542
1.25,1.7116583028633894,0.9035671473665178,0.6321984711686078,0.9777570238642987
1.3000000000000007,1.6074062929349415,0.8552636311417405,0.6076936682271411,0.835430603345421
1.3500000000000014,1.5127080722348845,0.8115363665466818,0.58600629081941,0.7193916436968829
1.4000000000000021,1.426493864745646,0.7718811694322275,0.5668649069007163,0.6241657388552068
1.4500000000000028,1.3478315434102468,0.7358591288459685,0.5500367778777473,0.545534256770126
1.5,1.275907427799963,0.7030875293837713,0.5353228721855514,0.4802245520439099
1.5500000000000007,1.2100098141913571,0.6732320672739986,0.5225536388337266,0.42568129113684167
1.6000000000000014,1.1495148835418165,0.6460001925102943,0.5115854491750267,0.37989662007796493
1.6500000000000021,1.09387465920445,0.6211354218259063,0.5022976228628978,0.3412832556876636
1.7000000000000028,1.0426067202462186,0.5984124834105141,0.49458996385615933,0.3085790687681972
1.75,0.9952854121422412,0.5776331712719597,0.48838074286403943,0.28077490887104717
1.8000000000000007,0.9515343312618864,0.5586228035486133,0.48360507298096994,0.25705968451480193
1.8500000000000014,0.9110198913678759,0.5412271941402037,0.48021363504683967,0.23677833177653732
1.9000000000000021,0.8734458086767153,0.5253100604424746,0.4781717183499573,0.21939946763079535
1.9500000000000028,0.838548366764171,0.5107508016906311,0.47745855068122006,0.20449036485483119
2.0,0.8060923439123185,0.4974425925184442,0.4780668995475545,0.19169749573716544
2.0500000000000043,0.7758675036917043,0.48529074496956237,0.4800029337054077,0.18073133765745575
2.1000000000000014,0.7476855650117793,0.47421129952487795,0.483286341249435,0.17135446109551014
2.1499999999999986,0.7213775809170081,0.4641298119064354,0.4879507074672099,0.16337216260799
2.200000000000003,0.6967916663964439,0.45498030764628283,0.49404416273068436,0.15662508520610935
2.25,0.6737910247183194,0.44670438081378466,0.5016303180194183,0.1509834031726101
2.3000000000000043,0.6522522295696103,0.4392504170060742,0.5107895134290855,0.14634224978096816
2.3500000000000014,0.6320637268074893,0.43257292383486995,0.5216204133586576,0.14261814340259804
2.3999999999999986,0.613124525114542,0.4266319547839444,0.5342419910946399,0.13974622650786814
2.450000000000003,0.5953430494623643,0.42139261454625115,0.5487959552435269,0.13767817777283353
2.5,0.5786361351704475,0.4168246358462378,0.5654496807847229,0.13638069334327216
2.5500000000000043,0.5629281436188432,0.4129020193689755,0.584399718059955,0.13583446181415623
2.6000000000000014,0.5481501834337169,0.4096027298019871,0.6058759630021133,0.13603358049487216
2.6499999999999986,0.5342394232975063,0.40690844218895766,0.6301465798720767,0.1369853793286237
2.700000000000003,0.521138484509883,0.4048043338317363,0.6575237711323199,0.1387106342014739
2.75,0.5087949030994457,0.40327891788762177,0.6883704834524169,0.14124416358192646
2.8000000000000043,0.49716065270753595,0.4023239156183928,0.7231081169421077,0.14463581112305296
2.8500000000000014,0.4861917206749139,0.4019341649779381,0.7622252547163534,0.1489518208258749
2.8999999999999986,0.47584773079257975,0.40210756389618,0.8062873328774756,0.15427660812185412
2.950000000000003,0.46609160705810176,0.4028450472458602,0.8559469970712976,0.16071491534632348
3.0,0.45688927353149195,0.4041505970818328,0.911954594544647,0.16839430608916728
3.0500000000000043,0.44820938602975163,0.4060312863352007,0.97516775947974,0.1774678877683103
3.1000000000000014,0.4400230919530905,0.40849735674192306,1.0465582596564362,0.18811703659422238
3.1499999999999986,0.4323038150121272,0.41156233240264034,1.1272130351290903,0.2005537053504079
3.200000000000003,0.42502706203596974,0.4152431710231799,1.2183244753218225,0.21502158105766156
3.25,0.4181702493954249,0.4195604555905548,1.3211622124863933,0.23179487197106038
3.3000000000000043,0.4117125468821257,0.42453863001590403,1.4370148419284579,0.251172778631101
3.3500000000000014,0.4056347371500086,0.4302062831447639,1.5670849887423355,0.2734666930162039
3.3999999999999986,0.39991908905608536,0.4365964865204123,1.712315574903812,0.2989758972363291
3.450000000000003,0.3945492434380508,0.44374719241556815,1.873120857471449,0.3279462227123761
3.5,0.38951011004095004,0.4517016999541847,2.0489971710636206,0.3605054365437682
3.5500000000000043,0.3847877744576723,0.4605091986668356,2.2380035843958606,0.39657045219549003
3.6000000000000014,0.38036941408147035,0.47022540060571894,2.436144344625864,0.43572721862663716
3.6499999999999986,0.37624322218557493,0.4809132742427135,2.636765511166794,0.4770973005436892
3.700000000000003,0.3723983393476824,0.4926438958500498,2.8301959401402534,0.5192270925660679
3.75,0.36882479152739905,0.5054974369940822,3.0039759174473724,0.5600612304474042
3.8000000000000043,0.3655134341844082,0.5195643102477979,3.1440213752904773,0.597073979173823
3.8500000000000014,0.36245590189555793,0.534946499352026,3.236833237989186,0.6276042136917517
3.8999999999999986,0.35964456299145153,0.5517591049509641,3.272347702417961,0.6493553917230811
3.950000000000003,0.3570724787885963,0.570132142833811,3.2464698888425763,0.6609114620804883
4.0,0.3547333670425646,0.5902126384874908,3.1621970747127754,0.662063245603181
4.050000000000004,0.35262156929180205,0.612167069874422,3.0287914464394987,0.6538049555537614
4.100000000000001,0.3507320218013733,0.636184219866532,2.8594031046647546,0.638019122779481
4.149999999999999,0.3490602298516279,0.6624785108509865,2.6681952124100468,0.6170065384612724
4.200000000000003,0.3476022451491131,0.6912939067854854,2.467990251602311,0.5930464925972476
4.25,0.3463546461664533,0.7229084824306037,2.2689370707456478,0.5681026163205739
4.300000000000004,0.345314521244821,0.7576397754334869,2.078154525361493,0.5436951334791232
4.350000000000001,0.34447945431741717,0.7958510538358337,1.9000223513081327,0.5208993675203443
4.399999999999999,0.3438475131353574,0.8379586482724364,1.7367644905164177,0.5004139479957833
4.450000000000003,0.3434172398988836,0.8844405124294988,1.5890745677325357,0.4826529867127615
4.5,0.3431876442171223,0.9358461833717979,1.4566544906848666,0.46783495659013263
4.550000000000004,0.3431581983389719,0.9928083085100408,1.338624360974113,0.4560563491085301
4.600000000000001,0.3433288346163653,1.0560558772561042,1.2338090049338806,0.44734760116915334
4.649999999999999,0.3436999451793376,1.1264292248286751,1.1409249746152028,0.44171328292739526
4.700000000000003,0.3442723838202658,1.204896734321663,1.0586947687636736,0.4391600047857128
4.75,0.34504747010255354,1.292572905235958,0.9859112597113602,0.43971544664157003
4.800000000000004,0.34602699572712425,1.3907370107321044,0.9214697776162968,0.4434412505262779
4.850000000000001,0.3472132332085809,1.500850822384558,0.8643801623570697,0.4504416987538267
4.899999999999999,0.34860894693202527,1.6245726764467274,0.8137670406767192,0.46086928962389506
4.950000000000003,0.35021740668152757,1.7637632530399263,0.7688636556995675,0.47492753566182155
5.0,0.3520424037523695,1.9204755157080171,0.7290025678470663,0.4928704836109056
5.050000000000004,0.35408826978171143,2.096916910817233,0.6936052208383536,0.5149974934612913
5.100000000000001,0.35635989845654975,2.295365744730646,0.6621715169982116,0.5416406098981316
5.149999999999999,0.35886277028408453,2.5180154477708574,0.6342700156237107,0.5731403395537915
5.200000000000003,0.36160298063823426,2.766710751140696,0.6095290456551897,0.609803854371014
5.25,0.36458727132745744,3.0425310254226563,0.5876288340403527,0.6518379111258455
5.300000000000004,0.36782306596371056,3.3451742190142366,0.5682946443123498,0.6992480507153759
5.350000000000001,0.3713185094507787,3.67211221383882,0.5512908639492313,0.7516979015646705
5.399999999999999,0.3750825119530161,4.017544911403858,0.5364159536659149,0.8083310138547938
5.450000000000003,0.37912479775330427,4.371299536488687,0.5234981641568002,0.8675767830991322
5.5,0.383455959462633,4.718012203896592,0.5123919280935283,0.9269938036274122
5.550000000000004,0.3880875181039677,5.037144253544857,0.5029748426270336,0.9832417853187349
5.600000000000001,0.39303198966098746,5.304477532688174,0.4951451674300031,1.0322931819183068
5.649999999999999,0.3983029587591195,5.495464655276386,0.48881977383702707,1.069957968016096
5.700000000000003,0.4039151602333023,5.590036387266258,0.4839324910287842,1.0926713859111388
5.75,0.40988456943577484,5.5774408000222895,0.48043280504545827,1.0983207606277263
5.800000000000004,0.4162285022496949,5.459141636695895,0.4782848755529659,1.0867829744452824
5.850000000000001,0.4229657259026592,5.24841172972835,0.4774668437287322,1.0599278237660659
5.899999999999999,0.43011658182084556,4.966819940023251,0.4779704124753466,1.021093743855936
5.950000000000003,0.43770312193229655,4.639228032792139,0.47980068755264077,0.9742854800171827
6.0,0.4457492600204178,4.289230544295316,0.4829762753086779,0.9234126480446517
6.050000000000004,0.45428093995001784,3.9362353831929027,0.48752963966698154,0.8717793963683154
6.100000000000001,0.46332632284289854,3.594362820747891,0.49350772807390036,0.8218694654912515
6.149999999999999,0.4729159955738846,3.2726807795706265,0.5009728834069767,0.7753572791873587
6.200000000000003,0.4830832032976234,2.976130591864222,0.5100040665634482,0.7332423834467214
6.25,0.49386410910959755,2.7066370239815303,0.5206984227373483,0.6960232481901004
6.300000000000004,0.5052980844006472,2.4641150018753732,0.5331732333621108,0.6638607056117539
6.350000000000001,0.5174280339939771,2.2472607566725022,0.5475683053742609,0.636710079266802
6.399999999999999,0.5303007607703242,2.0541179409217896,0.5640488597375438,0.6144185959525933
6.450000000000003,0.5439673752060469,1.8824545642184145,0.5828089917144864,0.5967928338722478
6.5,0.5584837560892187,1.7299980302592997,0.6040757854458044,0.5836434040351371
6.550000000000004,0.5739110696624312,1.594571308929044,0.6281141735998262,0.5748137399228161
6.600000000000001,0.5903163555944004,1.4741639218157494,0.6552326367102345,0.5701985592212158
6.649999999999999,0.6077731895377396,1.3669619573018925,0.6857898321184223,0.5697561324630296
6.700000000000003,0.6263624336250317,1.2713535832795388,0.7202022221845105,0.5735172847959386
6.75,0.6461730881357495,1.1859208000915242,0.7589527242437083,0.5815931423209854
6.800000000000004,0.6673032597871431,1.1094241969496033,0.8026003124087927,0.594182975968274
6.850000000000001,0.6898612647287545,1.04078482146805,0.8517903349196788,0.6115830186010579
6.899999999999999,0.7139668874318855,0.9790655567150232,0.9072650254849601,0.6341967502418276
6.950000000000003,0.7397528203563462,0.923453320510097,0.9698732145804725,0.6625467717969048
7.0,0.7673663136607836,0.8732427395345128,1.040577485404312,0.6972879157191072
7.050000000000004,0.7969710694348906,0.8278215566146467,1.1204558239143818,0.7392205407802077
7.100000000000001,0.828749421132488,0.7866578039167735,1.2106929877169885,0.789301849483237
7.149999999999999,0.8629048462648723,0.7492886531959139,1.3125541289948508,0.8486513111516949
7.200000000000003,0.8996648691966367,0.7153107954605634,1.4273294312842695,0.9185435725498976
7.25,0.9392844213320676,0.6843721805253895,1.5562336092915754,1.0003782872388345
7.300000000000004,0.9820497383857789,0.6561649458590262,1.7002385563624611,1.095610965338434
7.350000000000001,1.0282828891284614,0.630419374093993,1.8598129222537174,1.205622713914888
7.399999999999999,1.0783470473460077,0.6068987336926324,2.0345430761031063,1.331501543361404
7.450000000000003,1.1326526391102065,0.585394874152437,2.222623675040733,1.4737085143103508
7.5,1.1916645211611072,0.5657244638873834,2.4202451208394296,1.6316173782678958
7.550000000000004,1.2559103734664954,0.5477257745537388,2.620982371348041,1.8029593108714381
7.600000000000001,1.3259905198420243,0.5312559296548058,2.815405189605443,1.9832849505228418
7.649999999999999,1.4025894244351063,0.5161885476264553,2.9912463666933995,2.165664157998239
7.700000000000003,1.4864891476521762,0.502411720313829,3.1344827474728865,2.340924402153416
7.75,1.5785850801449202,0.48982627692517355,3.2314684730589054,2.498676292977891
7.800000000000004,1.679904302896087,0.47834429135564344,3.2717634988772413,2.6290996103738196
7.850000000000001,1.791626936659977,0.46788779738501834,3.250734716183875,2.72502713683353
7.899999999999999,1.9151108303740996,0.45838768183486606,3.1708219686706958,2.7835479644137893
7.950000000000003,2.051919871338688,0.4497827304757098,3.040863073247293,2.806467638183097
8.0,2.2038560402961473,0.442018805438276,2.8738057465080504,2.799505839042309
8.050000000000004,2.3729950183439894,0.4350481362230632,2.6838303725280346,2.770698071217867
8.100000000000001,2.5617245790921257,0.4288287092204902,2.483928601250789,2.728697520405568
8.149999999999999,2.772784011583143,0.42332374303585146,2.284485268555684,2.6814952409483945
8.200000000000003,3.009301177052628,0.4185012389323983,2.0928548260803748,2.6357335635367924
8.25,3.2748211473678617,0.4143335974234278,1.9136147235078576,2.5965233995926464
8.300000000000004,3.573316189515167,0.41079729351231214,1.7491363835560099,2.5675723741318883
8.350000000000001,3.9091604482091626,0.407872604341642,1.6002134818069453,2.5514435082961078
8.400000000000006,4.287043176140767,0.40554338410602553,1.4666098299593262,2.5498214476662864
8.450000000000003,4.711780917857834,0.40379688203912534,1.3474796926780073,2.563718155832146
8.5,5.187971341870059,0.4026236001310144,1.2416633412101767,2.5935860134291318
8.550000000000004,5.719410837087514,0.4020171879902707,1.1478809445979934,2.6393243337568237
8.600000000000001,6.308180083192475,0.4019743729567672,1.0648516507975923,2.700172798074811
8.650000000000006,6.95330032634422,0.4024949242141236,0.991361249693124,2.774491093086854
8.700000000000003,7.648905276292511,0.4035816502619212,0.9262963101026298,2.8594376326463182
8.75,8.382002837363121,0.4052404297026747,0.8686574722176459,2.950591795872945
8.800000000000004,9.130166489781363,0.40748027589230273,0.8175604315323428,3.041621383684962
8.850000000000001,9.859910153311901,0.4103134366105158,0.7722301367961564,3.1241756481525123
8.900000000000006,10.526948752176377,0.4137555305446609,0.7319916522166484,3.188250591226903
8.950000000000003,11.079693728125168,0.41782572306358023,0.6962597628644095,3.223251747400976
9.0,11.466675149221764,0.42254694450497365,0.6645285214380249,3.2197792724179717
9.050000000000004,11.646859895412382,0.42794615503056677,0.6363613833893657,3.171770804565057
9.100000000000001,11.599681132697238,0.43405466104097074,0.6113822415711164,3.078245796054685
9.150000000000006,11.330615294165431,0.44090848921272435,0.5892674732910125,2.943841507101665
9.200000000000003,10.869662589428286,0.4485488254542857,0.5697390005711207,2.77780487878568
9.25,10.263471774583257,0.45702252751188704,0.5525583052888378,2.5918508798279225
9.300000000000004,9.564695431945102,0.4663827216326336,0.5375213135855472,2.3977797451641174
9.350000000000001,8.822593716277144,0.47668949566172936,0.5244540552240387,2.205663772287585
9.400000000000006,8.077222397488933,0.48801070327313245,0.5132090052819748,2.0229523650767502
9.450000000000003,7.357412664002958,0.5004228967793612,0.5036620227273392,1.8543917793689206
9.5,6.68145336572216,0.514012409220834,0.49570981009399223,1.702440957352549
9.550000000000004,6.059119159180224,0.5288766102966286,0.4892678289777757,1.5678716757506816
9.600000000000001,5.494014991006386,0.5451253652824646,0.4842686164927528,1.4503491203260872
9.650000000000006,4.985668156809063,0.5628827315206267,0.48066045771784865,1.348899798280702
9.700000000000003,4.531156276674211,0.5822889335104866,0.4784063783593961,1.2622475563215612
9.75,4.126264004513614,0.6035026652422595,0.4774834303507239,1.1890346453854306
9.800000000000004,3.7662486271380695,0.6267037773729337,0.47788225099452775,1.12795610567467
9.850000000000001,3.4463145834697193,0.6520964173091307,0.47960688366646165,1.0778346466532394
9.900000000000006,3.161886290923807,0.6799127023713942,0.48267485520508463,1.0376576147882481
9.950000000000003,2.9087485763216616,0.7104170200248731,0.48711751209241894,1.00659155921962
10.0,2.6831042469480026,0.7439110645740606,0.4929806245637869,0.9839848586030879
10.050000000000004,2.4815823483031436,0.7807397363486014,0.5003252750562577,0.969365184817214
10.100000000000001,2.301218919065407,0.8212980463702273,0.509229055084107,0.9624360917119965
10.150000000000006,2.1394239321430555,0.8660391850595746,0.5197876028691069,0.9630754438135906
10.200000000000003,1.9939427116372792,0.9154839245903699,0.5321165229655784,0.971337473141912
10.25,1.8628166344192199,0.970231525623302,0.5463537387442099,0.9874597646106376
10.300000000000004,1.7443457388149513,1.0309723012768792,0.5626623388428208,1.0118762747220809
10.350000000000001,1.637054525363277,1.0985019393988218,0.5812339892395343,1.045237483379646
10.400000000000006,1.5396614407375548,1.1737375743625442,0.6022929927549453,1.088438892187166
10.450000000000003,1.4510520835007361,1.2577353932855548,0.6261010862126396,1.1426592527250163
10.5,1.370255928257963,1.351709198392368,0.6529630698136585,1.209410063541729
10.550000000000004,1.2964262493855794,1.4570487340404943,0.6832333594667227,1.2905979077957692
10.600000000000001,1.2288228843330045,1.5753355829076867,0.7173235341411864,1.3886009335109821
10.650000000000006,1.1667974770108531,1.7083528345711512,0.7557109058131345,1.5063598916233372
10.700000000000003,1.1097808642002474,1.8580822419291285,0.7989480516642354,1.647482108047313
10.75,1.0572723004371176,2.0266788306685655,0.8476730890442145,1.8163526894320732
10.800000000000004,1.0088302526006268,2.216407491832793,0.9026202000002795,2.0182397488590604
10.850000000000001,0.964064530668805,2.4295186492920746,0.9646294577375498,2.2593674210936534
10.900000000000006,0.922629553844169,2.6680308273346847,1.034654273659469,2.5469091937070925
10.950000000000003,0.8842185806332535,2.9333783530307067,1.1137636292240898,2.8888217890246395
11.0,0.8485587572479837,3.225876889009061,1.2031344903166834,3.2933954855606475
11.050000000000004,0.8154068609898928,3.5439675663404655,1.3040271896751936,3.768345783266825
11.100000000000001,0.7845456343561952,3.8832391648120193,1.4177328792007302,4.319234273050838
11.150000000000006,0.7557806218200869,4.235320403764322,1.5454773260773944,4.947031329450958
11.200000000000003,0.7289374349505731,4.58689890225293,1.6882597735343507,5.644801765474952
11.25,0.7038593830983121,4.919340480691097,1.846600891275217,6.393899823192536
11.300000000000004,0.6804054166023895,5.20954664167308,2.0201738719495594,7.160715888300001
11.350000000000001,0.6584483376496604,5.432586516740532,2.2073050626619133,7.895701410118932
11.400000000000006,0.6378732407884555,5.5660584217794895,2.404367067491323,8.536560347302286
11.450000000000003,0.6185761508715173,5.595141074205894,2.605161113639924,9.016516877900044
11.5,0.6004628310563875,5.516460390662285,2.800498726091883,9.276454381026069
11.550000000000004,0.583447737575657,5.339024581597471,2.9783118954621592,9.277566086501635
11.600000000000001,0.56745310142959,5.081772326085999,3.124651954674891,9.01045718800813
11.650000000000006,0.5524081200553268,4.768901726144806,3.2257445341813984,8.497837006174663
11.700000000000003,0.5382482444778119,4.42494272688111,3.270790316090869,7.790099040520069
11.75,0.5249145495208901,4.071134330605255,3.2546262651371545,6.9551286580581015
11.800000000000004,0.5123531764139854,3.7236580493245905,3.179130361530595,6.065234013006629
11.850000000000001,0.5005148386209693,3.3934368596082223,3.0527010944209807,5.184907497271743
11.900000000000006,0.4893543829858239,3.0868670199629107,2.8880651423813246,4.362630066528548
11.950000000000003,0.47883039936984395,2.806903072250951,2.6994046163490473,3.6280821877141443
12.0,0.4689048728767804,2.554125482027827,2.4998714533263047,2.9939507582734834
12.050000000000004,0.45954287355039053,2.3276197839271817,2.3000840014586523,2.460264344700157
12.100000000000001,0.45071227910377337,2.125626364135097,2.1076340962095155,2.0192102111124495
12.150000000000006,0.4423835268189951,1.9459845798558635,1.9273006233721361,1.6591582201690682
12.200000000000003,0.43452939125347884,1.786416776388035,1.7616065013319062,1.3674480937030016
12.25,0.4271247848183403,1.644697897351835,1.6114489191152974,1.132028742130544
12.300000000000004,0.4201465786639623,1.5187481520219928,1.4766562287454137,0.9422496732169172
12.350000000000001,0.41357344162787013,1.406676439389706,1.3564187011158382,0.7891155913391211
12.400000000000006,0.407385695277005,1.306793730313473,1.2495932557361407,0.6652448024427736
12.450000000000003,0.40156518331683505,1.2176091213312472,1.1549044142717064,0.564689855080689
12.5,0.39609515384861277,1.1378166715253002,1.0710683895882642,0.48271303216864125
12.550000000000004,0.3909601531380526,1.0662780207036238,0.9968640970103622,0.41556494742648353
12.600000000000001,0.3861459297173988,1.00200375230679,0.9311694231424936,0.36028776639577575
12.650000000000006,0.3816393477816065,0.9441351708299813,0.8729758118620911,0.31454988575112225
12.700000000000003,0.3774283089608974,0.8919273620570136,0.8213899892274129,0.276511605578788
12.75,0.37350168165856734,0.844733921404834,0.7756285511736422,0.24471820754581192
12.800000000000004,0.3698492372367336,0.8019934545547766,0.7350089998086712,0.21801592005866935
12.850000000000001,0.36646159241535187,0.7632177989397833,0.6989393955792708,0.19548636651045245
12.900000000000006,0.3633301573228338,0.7279818355097766,0.66690787944729,0.17639563678819803
12.950000000000003,0.36044708870126807,0.6959147264829787,0.6384727466581125,0.1601547828769721
13.0,0.35780524782661843,0.666692407167211,0.6132534040300959,0.14628917225636967
13.050000000000004,0.355398162755394,0.6400311665292349,0.5909223356773051,0.13441468132307954
13.100000000000001,0.3532199945549256,0.615682164843733,0.5711980845675901,0.12421916197040503
13.150000000000006,0.3512655072152817,0.5934267532567362,0.5538391948981393,0.1154479737310456
13.200000000000003,0.3495300409776931,0.5730724770602605,0.5386390310232171,0.107892654735634
13.25,0.34800948884759714,0.5544496606131307,0.5254213788420071,0.10138202169017073
13.300000000000004,0.34670027609065585,0.5374084865392627,0.5140367366498906,0.09577515547801331
13.350000000000001,0.34559934253768493,0.5218164948567331,0.504359209310914,0.0909558561291865
13.400000000000006,0.34470412754981034,0.5075564390249453,0.4962839291565413,0.08682824788671778
13.450000000000003,0.34401255751865584,0.49452444564343556,0.4897249374934362,0.08331328910354574
13.5,0.34352303579827637,0.4826284328478412,0.48461347104968344,0.08034599826624614
13.550000000000004,0.3432344349861954,0.47178674949869986,0.4808966076303512,0.07787325080552572
13.600000000000001,0.3431460914905093,0.4619270032167379,0.4785362345053324,0.07585203474627841
13.650000000000006,0.3432578023388712,0.45298505034298264,0.47750831160119245,0.07424807912319878
13.700000000000003,0.3435698242034649,0.44490412513546496,0.47780240949715946,0.0730347893035691
13.75,0.34408287463406967,0.4376340890809226,0.4794215096696798,0.0721924393365762
13.800000000000004,0.34479813550920774,0.4311307842075197,0.4823820615545069,0.07170758427855077
13.850000000000001,0.34571725873337694,0.42535547682469044,0.4867142979778684,0.07157266597271486
13.900000000000006,0.3468423742267319,0.42027438026679453,0.49246281753161486,0.07178579466022272
13.950000000000003,0.3481761002724861,0.41585824704403573,0.4996874497127442,0.07235069661018419
14.0,0.34972155630704077,0.41208202236234026,0.5084644262885162,0.07327682513728832
14.050000000000004,0.35148237825860373,0.408924552310493,0.5188878905385422,0.07457963932894941
14.100000000000001,0.35346273656215604,0.40636834116702886,0.5310717848814402,0.07628106190207841
14.150000000000006,0.35566735700231245,0.4043993532847538,0.5451521669623635,0.07841013521529071
14.200000000000003,0.35810154456122717,0.40300685589579915,0.5612900144806287,0.08100390294329303
14.25,0.36077121047659694,0.40218329996934676,0.5796745895791336,0.0841085546576017
14.300000000000004,0.3636829027453464,0.4019242369691119,0.6005274438379786,0.08778088194476631
14.350000000000001,0.36684384034225226,0.40222827001725814,0.6241071535440441,0.09209010811608265
14.400000000000006,0.3702619514600195,0.4030970385929074,0.6507148796795003,0.09712016935088051
14.450000000000003,0.37394591611874345,0.4045352364927315,0.6807008441055271,0.1029725434377604
14.5,0.37790521353894957,0.40655066337352974,0.7144717962522973,0.10976974294428475
14.550000000000004,0.38215017472417934,0.4091543107972199,0.7524995027117568,0.1176596117434426
14.600000000000001,0.3866920407572905,0.41236048432259903,0.7953302085124079,0.12682058508158633
14.650000000000006,0.39154302738020996,0.41618696385160175,0.843594866688819,0.13746808905177393
14.700000000000003,0.39671639650092533,0.420655205157904,0.8980196701893919,0.14986225638660122
14.75,0.4022265353553987,0.4257905863218182,0.9594359831539723,0.16431710549552905
14.800000000000004,0.40808904414725566,0.43162270368908023,1.0287880615440426,0.18121124003669523
14.850000000000001,0.4143208330963824,0.4381857229872832,1.1071358383517915,0.20099992887681772
14.900000000000006,0.42094022995098734,0.4455187924012082,1.1956483387108832,0.22422804294649876
14.950000000000003,0.42796709915856596,0.4536665257609901,1.2955807539970723,0.2515426352978602
15.0,0.4354229740525337,0.46267956557500606,1.4082246113543717,0.28370277846446157
15.050000000000004,0.4433312035960885,0.47261523748974726,1.5348157321782436,0.3215823922533905
15.100000000000001,0.4517171154372491,0.48353830993807706,1.6763791408334277,0.36615897413330417
15.150000000000006,0.46060819727332986,0.49552187531170083,1.8334852187363757,0.41847730232026303
15.200000000000003,0.4700342988047496,0.5086483720422251,2.005890836430428,0.4795727558031485
15.25,0.4800278568834373,0.5230107705910406,2.192050172043099,0.5503355447996912
15.300000000000004,0.4906241468374229,0.5387139506399141,2.3885140447191175,0.6312987660847947
15.350000000000001,0.50186156338958,0.555876301867933,2.589307147033074,0.7223466530222119
15.400000000000006,0.5137819350951774,0.574631586739739,2.78548325436756,0.8223730639184507
15.450000000000003,0.5264308768124133,0.5951311108742289,2.9651797206415846,0.9289771444584908
15.5,0.5398581854073523,0.617546254983456,3.1145354241939627,1.0383468692124127
15.550000000000004,0.5541182846971161,0.642071432238982,3.2196655604107347,1.1455039485120933
15.600000000000001,0.5692707265740684,0.668927546389098,3.2694288877631204,1.245001366034865
15.650000000000006,0.5853807563541655,0.6983660391087647,3.2581416543010673,1.3319610206250383
15.700000000000003,0.6025199516847032,0.7306736298875707,3.1871165604187257,1.4031135330374127
15.75,0.6207669458667118,0.7661778679947172,3.064298428498474,1.4574351685382996
15.800000000000004,0.6402082482382156,0.8052536330434524,2.902174258807642,1.4961579472966038
15.850000000000001,0.6609391763787082,0.8483307370596804,2.714911964186494,1.5222376143898517
15.900000000000006,0.6830649173947719,0.8959027942347471,2.5158143316571016,1.5395771550783897
15.950000000000003,0.7067017385063079,0.9485375303129457,2.315730304523788,1.5523107240713583
16.0,0.7319783706627078,1.006888694372548,2.1224906424854724,1.564319636587026
16.050000000000004,0.7590375930850025,1.071709699250993,1.9410793074760284,1.5790058062149295
16.1,0.7880380515828989,1.1438690329454069,1.7741747454851609,1.599262980489153
16.150000000000006,0.8191563493868912,1.2243673197883584,1.6227811810524952,1.6275655683664714
16.200000000000003,0.8525894562468611,1.3143556162046772,1.4867942097601887,1.6661101258566802
16.25,0.8885574898934524,1.4151540223548214,1.3654420099039646,1.7169691920313568
16.300000000000004,0.9273069338853857,1.528268857450725,1.2575993968911667,1.7822375554770973
16.35,0.9691143676615298,1.655405304006874,1.1619960118717265,1.8641635507888636
16.400000000000006,1.014290798602941,1.7984703189174915,1.0773455691119225,1.9652635094955817
16.450000000000003,1.0631867024389179,1.9595573930020436,1.0024203304561254,2.0884178197480274
16.5,1.1161978977677398,2.1409000011964068,0.9360895873983246,2.236943407649939
16.550000000000004,1.1737724031508985,2.3447739353747017,0.8773355954253284,2.4146301678348943
16.6,1.2364184514433891,2.5733200674035883,0.8252560753510195,2.625717595616106
16.650000000000006,1.3047138658171726,2.8282493067005583,0.7790592129055562,2.874772190279322
16.700000000000003,1.3793170350258834,3.1103836315497477,0.7380548824766688,3.1664068418879987
16.75,1.4609797608847823,3.418988349801898,0.7016443537401491,3.5047646138440096
16.800000000000004,1.5505622865753679,3.7508751531877094,0.6693097934147375,3.8926827035791045
16.85,1.649050846151752,4.0993245626749975,0.6406042796861356,4.330481496225684
16.900000000000006,1.7575780962191525,4.453012523562469,0.6151426828776223,4.814424833272184
16.950000000000003,1.8774467876152967,4.795329477641079,0.5925935498599554,5.335105461724165
17.0,2.0101569870617073,5.104684531936504,0.572672006545976,5.8763118885504015
17.050000000000004,2.15743703175333,5.356417624214749,0.5551336269617556,6.415198436750806
17.1,2.321278138241696,5.526560656320856,0.5397691860969817,6.92452855411536
17.150000000000006,2.5039721025523516,5.596813432920203,0.5264002027362957,7.377111778870807
17.200000000000003,2.708150683196736,5.5591072597601805,0.5148751789260397,7.751394394792208
17.25,2.936823840178541,5.417810556229693,0.5050664492622324,8.036190662093206
17.300000000000004,3.1934116917898487,5.188520499201938,0.49686756259732473,8.23263940035752
17.35,3.481761381675705,4.894027589655642,0.4901911292102806,8.352776579082205
17.400000000000006,3.806134376247541,4.559257457192584,0.4849670769559486,8.415704752514166
17.450000000000003,4.171141214359633,4.20702348556608,0.4811412699008157,8.443109850053407
17.5,4.581588520493824,3.855545958209077,0.47867445226105704,8.455556877827249
17.550000000000004,5.042186602894346,3.5177170968003564,0.47754148906129223,8.470146714618794
17.6,5.5570458960668345,3.201551949240946,0.47773088290549975,8.49939188735473
17.650000000000006,6.128870849414584,2.9111939784714256,0.479244553728502,8.550840394472017
17.700000000000003,6.7577514243298396,2.648019184965532,0.482097875539919,8.626975360948203
17.75,7.439477883512349,2.4115979337437823,0.4863199711596857,8.725080945129836
17.800000000000004,8.163402908333856,2.2004323397802876,0.4919542729576654,8.83698235939769
17.85,8.910096341705836,2.012474506856481,0.4990593648313225,8.948804019995636
17.900000000000006,9.649412238858757,1.8454663426712572,0.5077101282589208,9.041132141787042
17.950000000000003,10.340049933626862,1.6971481432858846,0.5179992234074596,9.090159382893997
18.0,10.931975450667732,1.565377011640827,0.5300389450750944,9.070377876965509
18.050000000000004,11.372698942824996,1.4481865003456977,0.5439635027607712,8.958964158501097
18.1,11.616980431141647,1.3438097182438982,0.5599317843136516,8.741101356166107
18.150000000000006,11.637374328176332,1.2506808657971935,0.5781306731485344,8.41448463023121
18.200000000000003,11.431511017220053,1.1674248783701109,0.5987789992960213,7.9909634354557495
18.25,11.022755203100374,1.0928412224670725,0.6221322133781908,7.494280089018701
18.300000000000004,10.453919581667048,1.025885485705806,0.6484878777927736,6.954724047461018
18.35,9.776985618227595,0.9656508571618103,0.6781920672295475,6.402916116347461
18.400000000000006,9.042997273804582,0.9113506284889663,0.7116467549218297,5.864923755987243
18.450000000000003,8.295085899245446,0.8623022574101937,0.7493182215988646,5.359776799092172
18.5,7.565410558293821,0.8179131874225247,0.7917464446151061,4.899207496153083
18.550000000000004,6.875189727614436,0.7776684208039463,0.8395552792887145,4.4887813163567545
18.6,6.236460621703527,0.7411197379856304,0.8934629926540346,4.129553842697634
18.650000000000006,5.654409429176138,0.7078764080043477,0.9542922896528144,3.8196723017475795
18.700000000000003,5.129572671159053,0.6775972188450748,1.022978290546923,3.5556517545119495
18.75,4.659609022856465,0.6499836586737835,1.1005718420565196,3.333268613453764
18.800000000000004,4.240588659629582,0.624774090531551,1.1882338899838254,3.1481186591325847
18.85,3.867863663261891,0.6017387788327021,1.2872141792691087,2.9959183485628964
18.900000000000006,3.5366181653667197,0.5806756429954876,1.3988040450785204,2.8726231915393554
18.950000000000003,3.2421924090088052,0.5614066300904074,1.5242484025693503,2.7744191306702217
19.0,2.980256185287017,0.5437746136850086,1.6645965401342009,2.697624604890141
19.050000000000004,2.7468866817772573,0.5276407397398953,1.8204663064940971,2.638528014100019
19.1,2.538588543770073,0.5128821523855687,1.9916951705094785,2.5931806516415827
19.150000000000006,2.352281000278122,0.49939004274938054,2.1768613253893414,2.557171427261898
19.200000000000003,2.185267812035437,0.48706797284488473,2.37268979134276,2.5254292369671543
19.25,2.035199688774986,0.4758304340499372,2.573425760926127,2.4921311157820085
19.300000000000004,1.9000348505553921,0.46560160605788503,2.7703653975338116,2.4508294523356264
19.35,1.7780008941674859,0.4563142875514889,2.9518570603566734,2.3949219568998155
19.400000000000006,1.6675595755079218,0.4479089743707941,3.104139701234247,2.318528191950608
19.450000000000003,1.5673751898091488,0.4403330647553279,3.213235921900319,2.217669785151468
19.5,1.4762866949519062,0.43354017445153725,3.2676802391475133,2.091412047862419
19.550000000000004,1.3932834295077845,0.4274895471861519,3.2612782713736266,1.9424633302229435
19.6,1.317484131061876,0.4221455482979077,3.1947750476863015,1.776838232772496
19.650000000000006,1.24811890144307,0.4174772312640803,3.075648048240421,1.602600934342054
19.700000000000003,1.1845137562475294,0.4134579685137434,2.916126014534778,1.4281629504883742
19.75,1.1260774135267517,0.4100651393362843,2.7303463294315264,1.2607786225855533
19.800000000000004,1.0722900069476788,0.4072798689137567,2.5317526360357645,1.1056724126207007
19.85,1.0226934440508044,0.4050868135645342,2.331421099748585,0.9658602670899502
19.900000000000006,0.9768831658939017,0.40347398821387015,2.1374226823283373,0.8424586246074796
19.950000000000003,0.9345010979708751,0.4024326329303199,1.9549499688520082,0.7352053410846086
20.0,0.8952296127108104,0.4019571161080707,1.7868409763762199,0.6429838495265703
20.050000000000004,0.8587863507062293,0.40204487255397203,1.6342105446888548,0.5642449352378969
20.1,0.8249197711165668,0.40269637537222047,1.4970242832523477,0.49729979280394443
20.150000000000006,0.7934053216830891,0.4039151411456691,1.3745502379335888,0.44049994638843604
20.200000000000003,0.7640421358103789,0.40570776850601215,1.2656824130669169,0.39233348782633043
20.25,0.7366501785809683,0.408084010780734,1.1691563683276878,0.3514661280490067
20.300000000000004,0.7110677757300522,0.4110568840177994,1.0836837773857533,0.3167491772834001
20.35,0.6871494698440898,0.4146428123353167,1.0080304833834657,0.28720964675428734
20.400000000000006,0.6647641566535805,0.41886181323959415,0.9410572781243057,0.2620320539190595
20.450000000000003,0.6437934615220549,0.4237377263194896,0.8817372413978904,0.24053754701168617
20.5,0.6241303223092628,0.42929848957842953,0.8291590554807162,0.22216338870927405
20.550000000000004,0.6056777498941843,0.43557646863137633,0.7825224396378905,0.20644426827430126
20.6,0.588347741939911,0.44260884509969617,0.741129575229111,0.1929960071167789
20.650000000000006,0.57206032910037,0.45043807181409834,0.7043748748656041,0.18150173403982237
20.700000000000003,0.5567427359193847,0.4591124039220463,0.6717344681330234,0.17170036527835825
20.75,0.5423286412477564,0.4686865167357254,0.642756158816648,0.16337712424316755
20.800000000000004,0.5287575251819281,0.4792222232022176,0.6170502297697654,0.15635581195608564
20.85,0.5159740913720127,0.49078930629154316,0.5942812460718748,0.15049255365016856
20.900000000000006,0.5039277551117232,0.5034664844545572,0.5741608781189222,0.14567077855953425
20.950000000000003,0.4925721889525248,0.5173425316886155,0.5564416968598354,0.1417972270266486
21.0,0.4818649187163686,0.5325175777672289,0.5409118599746849,0.1387988159091091
21.050000000000004,0.4717669637470271,0.549104618959503,0.527390595560273,0.13662022729527865
21.1,0.4622425160650641,0.5672312752233187,0.5157243896656556,0.13522211592265665
21.150000000000006,0.45325865379776936,0.5870418365564111,0.5057837902090315,0.13457985754687768
21.200000000000003,0.444785084861154,0.6086996490992026,0.49746074907198146,0.13468278441021128
21.25,0.43679391739150053,0.6323899008756727,0.49066643457736064,0.13553387570602812
21.300000000000004,0.4292594538720172,0.6583228778953482,0.4853294570501902,0.13714989143523293
21.35,0.4221580062864744,0.6867377738428665,0.4813944602004251,0.13956195827030143
21.400000000000006,0.4154677299654841,0.7179071507804209,0.47882104043204254,0.1428166370119313
21.450000000000003,0.4091684740800685,0.7521421640313389,0.4775829648395235,0.14697752405593337
21.5,0.403241646987629,0.7897986812229321,0.47766766667139327,0.15212746521461107
21.550000000000004,0.3976700948531613,0.8312844423002596,0.47907600455110855,0.15837149064002234
21.6,0.3924379921579705,0.8770674221875218,0.4818222789091386,0.16584061603261369
21.650000000000006,0.3875307428733317,0.9276855671095434,0.48593450607304517,0.17469669950572553
21.700000000000003,0.38293489122090724,0.983758073283566,0.4914549574670409,0.1851385972077301
21.75,0.378638041068004,1.0459983525510759,0.4984409785709658,0.19740992571605975
21.800000000000004,0.37462878311661474,1.1152287668373462,0.5069661098557876,0.21180881628551565
21.85,0.3708966291425209,1.1923970851906323,0.5171215400068533,0.2287001345642303
21.900000000000006,0.3674319526265225,1.2785943808212659,0.529017930491314,0.24853073513094665
21.950000000000003,0.3642259351955687,1.3750736741697434,0.5427876599830402,0.2718484119087748
22.0,0.36127051835853563,1.4832679388210834,0.5585875472735188,0.29932526889044253
22.050000000000004,0.35855836008084235,1.6048049657158916,0.5766021218180896,0.33178622304248334
22.1,0.3560827957949454,1.7415148032816077,0.5970475214040066,0.37024317479974717
22.150000000000006,0.35383780349092797,1.8954227468621736,0.6201761054280132,0.41593488630921327
22.200000000000003,0.3518179725736412,2.068716747221911,0.6462818778615587,0.4703715327811283
22.25,0.35001847621079857,2.2636722271672234,0.6757068125916955,0.5353808216993606
22.300000000000004,0.34843504693069755,2.4825093866022105,0.708848159486375,0.6131488906871853
22.35,0.34706395525930306,2.727148526524629,0.7461667724727494,0.7062430851335887
22.400000000000006,0.3459019912147568,2.9988197342293272,0.7881964253941738,0.8175943528958661
22.450000000000003,0.34494644850337364,3.297479795292368,0.8355539424410138,0.9504041275866082
22.5,0.34419511128518226,3.621002561534199,0.8889497284795026,1.1079259415186336
22.550000000000004,0.3436462433994272,3.9641580050253493,0.9491978806785859,1.2930619048461993
22.6,0.3432985799614256,4.317503550220321,1.0172244065630232,1.507722729811585
22.650000000000006,0.3431513212620619,4.666492011482228,1.0940710346665947,1.7519500606704106
22.700000000000003,0.3432041289202511,4.991318813622355,1.1808905029223273,2.0229141144166327
22.75,0.34345712425713554,5.268155767741067,1.2789268210081406,2.314071811916121
22.800000000000004,0.34391088887883986,5.47222022883755,1.3894705899689297,2.6149226845764315
22.85,0.3445664674725047,5.582428410497479,1.5137748950532095,2.911772709572024
22.900000000000006,0.34542537283827657,5.5863545755357515,1.6529118221078984,3.1895720616265786
22.950000000000003,0.34648959319815875,5.483542302920508,1.807544505825415,3.4343171034850006
23.0,0.3477616018413614,5.285631327086878,1.9775880003446096,3.635082849637329
23.050000000000004,0.34924436918524476,5.013237998806629,2.161740744252426,3.7848732813510755
23.1,0.3509413773513856,4.6910471614686795,2.3568979258091387,3.880119932260428
23.150000000000006,0.3528566373779691,4.3430816286088625,2.5575221238634724,3.9193647506266878
23.200000000000003,0.35499470921288623,3.9894986106238637,2.755151692401708,3.9019860617512245
23.25,0.3573607246569399,3.645233004357404,2.9383511258518453,3.8276816099403304
23.300000000000004,0.3599604134537298,3.3200717603353307,3.0934714391550333,3.696990404464679
23.35,0.3628001327525154,3.019512530742511,3.2064602122410073,3.5126115807833638
23.400000000000006,0.3658869002030518,2.7458694623869393,3.2655456851225177,3.2808208169982396
23.450000000000003,0.3692284309775282,2.499306376720168,3.2640337779612074,3.0120992394441317
23.5,0.3728331790548905,2.278663084864219,3.20210049002034,2.720380340986153
23.550000000000004,0.376710383147569,2.082054044219787,3.0867429900277394,2.4210293789862494
23.6,0.38087011770071694,1.9072710534826318,2.9299132871927034,2.1283550831987554
23.650000000000006,0.38532334945028024,1.7520368981851802,2.745701521576504,1.8536250905110165
23.700000000000003,0.3900820000894864,1.6141541409551128,2.547681642335071,1.6041540535356564
23.75,0.3951590156648036,1.4915842417952083,2.3471531945439175,1.3834425137743755
23.800000000000004,0.4005684434032342,1.3824825747955642,2.1524283417796175,1.1919693844111878
23.85,0.40632551676450007,1.2852068552082514,1.968911735031508,1.0281900036004965
23.900000000000006,0.4124467496159312,1.1983104678967516,1.7996050115073394,0.88943544470723
23.950000000000003,0.41895004054651586,1.120527969694638,1.6457372616223078,0.7725835210224873
24.0,0.42585478847216596,1.050757209719244,1.5073469462275333,0.6744925218705673
24.050000000000004,0.4331820208391057,0.988040675485301,1.383743998880751,0.5922444469135948
24.1,0.44095453590991657,0.9315475123237553,1.273842952378008,0.5232565981742991
24.150000000000006,0.4491970608205433,0.8805569490669239,1.1763861171076007,0.46531199199363316
24.200000000000003,0.45793642733094797,0.8344434354542074,1.0900836063967658,0.4165449775967727
24.25,0.4672017674622044,0.7926635503219753,1.0136950936856668,0.3754055679596765
24.300000000000004,0.4770247315245168,0.7547446053524064,0.946072975175917,0.34061639661702686
24.35,0.4874397314011856,0.720274802797299,0.8861811726508368,0.31112984098654256
24.400000000000006,0.49848421237121143,0.6888947793236054,0.8330992992142016,0.28608894150606196
24.450000000000003,0.5101989572379817,0.6602903646505772,0.7860185526225627,0.2647935020353302
24.5,0.5226284270952789,0.6341863923859931,0.744233356261844,0.24667155902776555
24.550000000000004,0.5358211437185322,0.6103414150776569,0.7071311992655507,0.2312558280045616
24.6,0.5498301193357946,0.5885431922689593,0.6741821108256152,0.21816450427286627
24.650000000000006,0.564713340429225,0.5686048372024174,0.6449285625034972,0.20708574687560982
24.700000000000003,0.5805343132677668,0.5503615236565058,0.6189761981936288,0.19776521597909957
24.75,0.5973626801040108,0.5336676687193417,0.5959855561357332,0.18999611212217155
24.800000000000004,0.6152749164168684,0.5183945199293533,0.5756648122824868,0.18361125362719036
24.85,0.6343551212879762,0.5044280861670007,0.5577635011807252,0.17847681275925126
24.900000000000006,0.6546959150127912,0.49166736108039744,0.542067134884597,0.17448740638511065
24.950000000000003,0.6763994604261365,0.4800227958316618,0.5283926269039502,0.17156230144340825
25.0,0.6995786272376951,0.4694149847326296,0.5165844272577759,0.16964255000166828
25.050000000000004,0.7243583220102584,0.45977353306669216,0.506511280528301,0.16868891443641817
25.1,0.7508770103747053,0.4510360812225721,0.4980635279169159,0.16868048203761918
25.150000000000006,0.7792884627823543,0.4431474633341706,0.49115088467024437,0.16961390186198927
25.200000000000003,0.8097637606927388,0.4360589820487119,0.4857006347560924,0.17150320664422175
25.25,0.8424936067559267,0.429727783936841,0.4816561947555872,0.17438021066370019
25.300000000000004,0.8776909904762833,0.42411632250172243,0.47897600836001003,0.17829550228635183
25.35,0.91559427027784,0.41919189781415866,0.47763274157198526,0.18332007915048687
25.400000000000006,0.9564707441049626,0.41492626356063783,0.4776127567757261,0.1895477065058573
25.450000000000003,1.0006207939978458,0.4112952937942498,0.4789158513862962,0.19709811721523443
25.5,1.0483827058252242,0.40827870296933966,0.4815552539726197,0.20612121803164993
25.550000000000004,1.1001382838993974,0.4058598139577582,0.4855578777488205,0.21680252431268487
25.6,1.156319401897055,0.4040253697195931,0.4909648383255506,0.22937011865337129
25.650000000000006,1.2174156566596035,0.4027653851620293,0.4978322497895219,0.24410352371187463
25.700000000000003,1.2839833201926851,0.40207303649019993,0.506232320711347,0.26134500335608213
25.75,1.3566558173689147,0.4019445860543514,0.5162547797290334,0.281513969343855
25.800000000000004,1.4361559917318762,0.40237934134694503,0.5280086690447386,0.30512538673221423
25.85,1.5233104576904042,0.4033796474182635,0.5416245535729786,0.3328133584694377
25.900000000000006,1.6190663708824473,0.40495091257547416,0.5572572035473369,0.36536145280807175
25.950000000000003,1.7245109733897814,0.40710166782305973,0.5750888188973821,0.4037418491533248
26.0,1.8408942760604285,0.4098436611070993,0.5953328740920859,0.4491660621000961
26.050000000000004,1.9696552083506993,0.41319198805748697,0.6182386713135999,0.503150915954134
26.1,2.112451467036432,0.41716526159711,0.6440966957921842,0.5676046538764662
26.150000000000006,2.2711930805814453,0.4217858235229697,0.6732448664750464,0.6449396620909165
26.200000000000003,2.4480792988379547,0.4270800019808974,0.7060757621841868,0.7382203638403072
26.25,2.645637696893451,0.4330784196752696,0.7430448686376389,0.8513574735291328
26.300000000000004,2.8667631597703536,0.4398163587036069,0.7846798199982471,0.989363028601704
26.35,3.114752407238054,0.44733418911318723,0.8315904758747517,1.1586843172639987
26.400000000000006,3.3933265069649976,0.45567786967794366,0.8844794432141553,1.3676385394161479
26.450000000000003,3.7066288198097745,0.46489953103048454,0.9441522642964935,1.6269726233901243
26.5,4.05917824813739,0.4750581532054181,1.0115258599287245,1.9505715647787374
26.550000000000004,4.455746625238923,0.4862203519145551,1.087632814177058,2.3563289662836215
26.6,4.901113864361276,0.49846129055147564,1.1736175382138239,2.867165886184064
26.650000000000006,5.399635261600747,0.5118657380942734,1.270718033293352,3.512122690356631
26.700000000000003,5.954534840244448,0.5265292968374732,1.3802236484677155,4.327328309511304
26.75,6.566825160513233,0.5425598283500892,1.503394751161134,5.3564384415835535
26.800000000000004,7.23376626323097,0.5600791113562918,1.6413248075243185,6.649796896987503
26.85,7.946848348622306,0.5792247715160169,1.7947201191590338,8.2611172024038
26.900000000000006,8.689462833006873,0.6001525305077626,1.9635703793333183,10.240025630965096
26.950000000000003,9.434756285985122,0.6230388305567601,2.146690551491795,12.618718309636334
27.0,10.144614751384347,0.6480839007782229,2.3411419472558332,15.391981712391756
27.050000000000004,10.77110493524524,0.6755153435585055,2.541601282495501,18.49280949926417
27.1,11.261575893734742,0.7055923327504063,2.7398485851601495,21.77106044386484
27.150000000000006,11.567523977642429,0.7386105306434729,2.9246691136123237,24.98806588475993
27.200000000000003,11.655280489329666,0.7749078471559477,3.0825373897298656,27.84076351707169
27.25,11.51468918854574,0.8148711816928469,3.1993432404819973,30.019400467937817
27.300000000000004,11.161912822787702,0.85894430405399,3.2630268277289725,31.284143893368576
27.35,10.635007216707667,0.9076370427915132,3.2664061139037375,31.52972485622113
27.400000000000006,9.984386431048646,0.9615359525245779,3.209087747357109,30.80835437921625
27.450000000000003,9.262269162029868,1.021316617519789,3.097576363372024,29.302172276260002
27.5,8.514603621840502,1.0877577034909514,2.9435289202287973,27.26245174858135
27.550000000000004,7.776889149235542,1.1617567706129566,2.7609712495143968,24.944971097863487
27.6,7.07343414725438,1.2443476723365328,2.5635965028090912,22.564292709523148
27.650000000000006,6.418744895871576,1.3367190303194152,2.362923280303611,20.27401986514178
27.700000000000003,5.819781466256762,1.440232708321149,2.1675056534538935,18.167684769162115
27.75,5.278243410654843,1.5564402748017716,1.982963666063989,16.29058315536599
27.800000000000004,4.7924817257775105,1.6870939499860378,1.8124666239109908,14.654457693596253
27.85,4.358926868031655,1.8341462024508048,1.657361556797988,13.250455094794775
27.900000000000006,3.9730727659239227,1.9997286291222536,1.5177626816471148,12.058726735508488
27.950000000000003,3.630110833471708,2.1860955996771763,1.3930239006968461,11.05471633233112
28.0,3.325311812097547,2.395511020476634,1.2820816623593525,10.212833148202412
28.050000000000004,3.05423695917367,2.630047534185431,1.183685894053539,9.508298299220726
28.1,2.812839420786015,2.8912577420243237,1.0965456520254673,8.917815146186893
28.150000000000006,2.597498224776375,3.1796704222952754,1.019414703773351,8.419537971097766
28.200000000000003,2.4050131239154444,3.49406982686011,0.9511371630176927,7.99267550355432
28.25,2.2325783730853552,3.830548753415554,0.890667816459799,7.61699143706009
28.300000000000004,2.0777466292710614,4.181408966142541,0.8370771802007266,7.272449852763455
28.35,1.9383896403932304,4.534135900785821,0.7895478767508795,6.939274749995199
28.400000000000006,1.8126595050587562,4.870887804476018,0.7473665069906763,6.598694010320273
28.450000000000003,1.6989524931321311,5.169123067030668,0.7099135700714104,6.234528074844973
28.5,1.595876333302156,5.403944608258327,0.6766529311739111,5.83547335566686
28.550000000000004,1.5022212401504407,5.55223857994561,0.6471216713350646,5.397441722165422
28.6,1.416934600006434,5.597728344817318,0.6209207434880788,4.924904266225741
28.650000000000006,1.3390990529195415,5.535152070369504,0.5977066134817585,4.430271288159389
28.700000000000003,1.267913628219937,5.371715077135047,0.577183923431287,3.9311251033234824
28.75,1.20267757018247,5.125113379608737,0.5590991377338125,3.446208199623814
28.800000000000004,1.1427765016885925,4.819078695366618,0.5432350941262157,2.991666225709345
28.85,1.0876706014469701,4.478367973399583,0.5294063673030021,2.5787326907298347
28.900000000000006,1.0368845048122088,4.124880379974967,0.5174553509326908,2.2131692395714437
28.950000000000003,0.9899986741271628,3.7756116967064943,0.5072489693523677,1.8960208511321237
29.0,0.9466420188837601,3.4422531589823184,0.49867593915418207,1.6249761798135312
29.050000000000004,0.9064855774169559,3.1318229782505767,0.4916445111948337,1.3957553457344576
29.1,0.8692370997526456,2.847727123334978,0.4860806340852321,1.2032197294574423
29.150000000000006,0.8346363955535969,2.590844873317477,0.48192649034989204,1.0421243133206604
29.200000000000003,0.8024513320391814,2.3604416460850266,0.4791393659240497,0.9075568196534118
29.25,0.7724743846105881,2.154853129320442,0.47769082242269123,0.7951492605462879
29.300000000000004,0.744519658054785,1.9719579507916094,0.4775661497279445,0.7011442152595079
29.35,0.7184203089879131,1.8094829607169902,0.4787640840221854,0.622378614880286
29.400000000000006,0.6940263109697159,1.665187584846113,0.48129678360131395,0.5562269904150631
29.450000000000003,0.6712025127793263,1.536966174285821,0.48519006181054586,0.5005296164659594
29.5,0.6498269479542789,1.4228974932795562,0.4904838834356807,0.4535196128955191
29.550000000000004,0.6297893600905348,1.3212617135946276,0.49723313803858443,0.4137559328758888
29.6,0.6109899137761546,1.230538486195913,0.5055087112232367,0.38006500761282885
29.650000000000006,0.5933380655516439,1.1493947948689558,0.5153988828198721,0.35149156731298387
29.700000000000003,0.5767515730955571,1.0766679845243612,0.5270110896105334,0.32725805195491775
29.75,0.5611556240407026,1.011347181987823,0.5404740995634043,0.3067315683582168
29.800000000000004,0.5464820685331825,0.9525549388790275,0.55594065456438,0.28939723900953074
29.85,0.5326687419338082,0.8995300626918288,0.5735906491195278,0.27483684677037684
29.900000000000006,0.5196588659980264,0.8516120794693587,0.5936349229272456,0.262711809843929
29.950000000000003,0.5074005185125078,0.8082274653923317,0.6163197545408651,0.25274967131956194
30.0,0.4958461627612337,0.7688776136169893,0.641932149664669,0.24473343160742256
