xi,Psi,Psi_over_xi2
1e-05,1.4000000329961486e-10,1.4000000329961484
0.002511245622811406,8.828851336780797e-06,1.399992852836949
0.005012491245622811,3.517438046028168e-05,1.3999715255645124
0.007513736868434217,7.903512632089385e-05,1.3999360195030652
0.010014982491245623,0.00014040842364003865,1.3998863370469818
0.012516228114057028,0.00021929054335928863,1.3998224815451235
0.015017473736868434,0.00031567669326865166,1.3997444573009197
0.01751871935967984,0.0004295610188137391,1.3996522695714706
0.020019964982491246,0.0005609366040816945,1.3995459245669153
0.02252121060530265,0.0007097954729652804,1.399425429448951
0.025022456228114057,0.0008761285905050507,1.3992907923297841
0.027523701850925463,0.0010599258644087778,1.3991420222704016
0.03002494747373687,0.0012611761467480722,1.398979129279163
0.03252619309654828,0.0014798672358310372,1.3988021243097142
0.035027438719359684,0.0017159858782508993,1.3986110192591301
0.03752868434217109,0.0019695177711094576,1.3984058269656499
0.040029929964982496,0.002240447564414871,1.3981865612063482
0.0425311755877939,0.002528758863652861,1.3979532366946228
0.04503242121060531,0.0028344342325303078,1.3977058690774251
0.04753366683341671,0.003157455195890697,1.3974444749324753
0.05003491245622812,0.003497802242800024,1.3971690717652065
0.052536158079039524,0.0038554548298021544,1.3968796780055144
0.05503740370185093,0.004230391384342882,1.3965763130044508
0.057538649324662336,0.004622589308361066,1.3962589970306603
0.06003989494747374,0.005032024982045882,1.395927751266684
0.06254114057028513,0.005458673767758952,1.3955825978051237
0.06504238619309655,0.005902510014119811,1.3952235596446032
0.06754363181590796,0.006363507060253531,1.3948506606856035
0.07004487743871936,0.006841637240199017,1.3944639257261304
0.07254612306153076,0.007336871887476334,1.394063380457204
0.07504736868434217,0.007849181339811924,1.3936490514582454
0.07754861430715358,0.008378534944019609,1.393220966192255
0.08004985992996498,0.008924901061036133,1.3927791530008655
0.08255110555277638,0.009488247071109481,1.3923236410992483
0.08505235117558779,0.010068539379138134,1.3918544605708638
0.0875535967983992,0.010665743420159557,1.391371642362063
0.0900548424212106,0.01127982366498618,1.390875218276555
0.092556088044022,0.01191074362598682,1.3903652209697168
0.09505733366683342,0.012558465863011903,1.3898416839427834
0.09755857928964483,0.013222951989460136,1.3893046415368706
0.10005982491245623,0.013904162678485205,1.3887541289268939
0.10256107053526763,0.014602057669339866,1.3881901821153229
0.10506231615807904,0.015316595773855789,1.3876128379258208
0.10756356178089045,0.016047734883056858,1.387022133996748
0.11006480740370185,0.016795431973903846,1.386418108774537
0.11256605302651325,0.017559643116168224,1.3858008015069407
0.11506729864932466,0.018340323479433,1.3851702522361593
0.11756854427213607,0.019137427340218123,1.3845265017918376
0.12006978989494747,0.019950908089228548,1.3838695917839579
0.12257103551775887,0.020780718238722164,1.3831995645955963
0.12507228114057029,0.021626809429995692,1.3825164633755804
0.1275735267633817,0.02248913244098584,1.3818203320310227
0.1300747723861931,0.023367637193983652,1.3811112152197573
0.1325760180090045,0.02426227276345917,1.3803891583426486
0.13507726363181594,0.025172987383994483,1.3796542075358151
0.13757850925462733,0.026099728458322313,1.378906409662741
0.14007975487743873,0.027042442565467745,1.378145812306285
0.14258100050025013,0.028001075468990666,1.3773724637605973
0.14508224612306153,0.028975572125326258,1.376586413022937
0.14758349174587296,0.029965876692221033,1.3757877097853979
0.15008473736868436,0.03097193253726193,1.374976404426548
0.15258598299149576,0.03199368224649562,1.3741525480029722
0.15508722861430718,0.03303106763313578,1.3733161922407398
0.15758847423711858,0.03408402974635538,1.3724673895267854
0.16008971985992998,0.03515250888016153,1.3716061929002075
0.16259096548274138,0.036236444582350244,1.3707326560434954
0.16509221110555278,0.03733577566353834,1.3698468332736782
0.1675934567283642,0.038450440206269906,1.3689487795333999
0.1700947023511756,0.03958037557419474,1.3680385503819334
0.172595947973987,0.04072551842131591,1.367116201986119
0.17509719359679843,0.04188580470130378,1.3661817911112435
0.17759843921960983,0.04306116967687395,1.3652353751118587
0.18009968484242123,0.04425154792922632,1.3642770119225396
0.18260093046523262,0.0454568733675426,1.363306760048589
0.18510217608804402,0.04667707923853942,1.3623246785566858
0.18760342171085545,0.04791209813607476,1.361330827065487
0.19010466733366685,0.04916186201080443,1.3603252657361784
0.19260591295647825,0.0504263021798865,1.3593080552629837
0.19510715857928967,0.05170534933673057,1.3582792568636282
0.19760840420210107,0.052998933560789246,1.357238932269765
0.20010964982491247,0.054306984327389535,1.3561871437173645
0.20261089544772387,0.055629430517600845,1.3551239539370656
0.20511214107053527,0.05696620042813762,1.3540494261445024
0.2076133866933467,0.05831722178129335,1.352963624030595
0.2101146323161581,0.05968242173490376,1.3518666117518174
0.2126158779389695,0.06106172689233641,1.3507584539204431
0.21511712356178092,0.062455063312503944,1.3496392155947652
0.21761836918459232,0.06386235651989847,1.3485089622693007
0.22011961480740372,0.06528353151464483,1.3473677598649796
0.22262086043021512,0.06671851278256961,1.3462156747193204
0.22512210605302652,0.06816722430528355,1.3450527735765903
0.22762335167583794,0.06962958957027522,1.3438791235779644
0.23012459729864934,0.07110553158101274,1.3426947922516743
0.23262584292146074,0.07259497286705166,1.3414998475031543
0.23512708854427217,0.07409783549414618,1.3402943576051867
0.23762833416708357,0.07561404107436118,1.3390783911880493
0.24012957978989496,0.07714351077618319,1.3378520172296677
0.24263082541270636,0.07868616533462709,1.336615305045772
0.24513207103551776,0.08024192506133673,1.3353683242800642
0.2476333166583292,0.08181070985467681,1.3341111448943934
0.25013456228114056,0.08339243920981401,1.3328438371589524
0.252635807903952,0.08498703222878459,1.3315664716424789
0.2551370535267634,0.08659440763054646,1.330279119202486
0.2576382991495748,0.0882144837610136,1.3289818509755045
0.2601395447723862,0.0898471786030702,1.3276747383673522
0.2626407903951976,0.09149240978656262,1.3263578530434272
0.265142036018009,0.0931500945982669,1.3250312669190285
0.2676432816408204,0.09482014999182962,1.3236950521497042
0.27014452726363186,0.09650249259768026,1.3223492811216322
0.27264577288644326,0.0981970387329123,1.3209940264420341
0.27514701850925466,0.09990370441113208,1.319629360929624
0.27764826413206606,0.1016224053522724,1.3182553576050957
0.28014950975487746,0.10335305699236923,1.316872089681647
0.28265075537768886,0.10509557449329984,1.3154796305555472
0.28515200100050025,0.10684987275248009,1.3140780537967487
0.28765324662331165,0.108615866412519,1.3126674331395398
0.29015449224612305,0.11039346987082896,1.3112478424732497
0.2926557378689345,0.11218259728918964,1.309819355832996
0.2951569834917459,0.1139831626032636,1.3083820473904906
0.2976582291145573,0.11579507953206244,1.3069359914448893
0.3001594747373687,0.117618261587361,1.3054812624137018
0.3026607203601801,0.11945262208305851,1.304017934823754
0.3051619659829915,0.12129807414448496,1.3025460833022098
0.3076632116058029,0.12315453071765067,1.3010657825676495
0.31016445722861435,0.12502190457843818,1.2995771074212104
0.31266570285142575,0.1269001083417341,1.2980801327377884
0.31516694847423715,0.1287890544705002,1.2965749334573027
0.31766819409704855,0.13068865528478216,1.2950615845760285
0.32016943971985995,0.1325988229706534,1.2935401611379904
0.32267068534267135,0.1345194695890946,1.292010738226429
0.32517193096548275,0.13645050708480597,1.2904733909553339
0.32767317658829415,0.1383918472949514,1.2889281944610465
0.33017442221110554,0.14034340195783368,1.2873752238939364
0.332675667833917,0.14230508272149875,1.2858145544101491
0.3351769134567284,0.14427680115226837,1.2842462611634284
0.3376781590795398,0.14625846874320017,1.282670419297014
0.3401794047023512,0.14824999692247298,1.2810871039356146
0.3426806503251626,0.1502512970616978,1.2794963901774603
0.345181895947974,0.15226228048415189,1.2778983530864312
0.3476831415707854,0.15428285847293605,1.276293067684266
0.35018438719359685,0.15631294227905385,1.274680608942854
0.35268563281640825,0.1583524431294111,1.2730610517766028
0.35518687843921964,0.16040127223473613,1.2714344710348928
0.35768812406203104,0.16245934079741856,1.2698009414946145
0.36018936968484244,0.16452656001926638,1.2681605378527856
0.36269061530765384,0.16660284110918105,1.2665133347192594
0.36519186093046524,0.16868809529074866,1.2648594066095122
0.36769310655327664,0.17078223380974722,1.263198827937521
0.37019435217608804,0.17288516794156983,1.2615316730087274
0.3726955977988995,0.1749968089985617,1.259858016013087
0.3751968434217109,0.1771170683372715,1.2581779310182086
0.3776980890445223,0.17924585736561666,1.2564914919625834
0.3801993346673337,0.18138308754996058,1.2547987726488987
0.3827005802901451,0.18352867042210333,1.2530998467374481
0.3852018259129565,0.18568251758618315,1.2513947877396248
0.3877030715357679,0.18784454072549056,1.2496836690115112
0.39020431715857934,0.1900146516091925,1.2479665637475563
0.39270556278139074,0.19219276209896757,1.2462435449743452
0.39520680840420214,0.19437878415555204,1.244514685544462
0.39770805402701354,0.19657262984519483,1.2427800581304411
0.40020929964982493,0.19877421134602327,1.2410397352188147
0.40271054527263633,0.20098344095431767,1.239293789104251
0.40521179089544773,0.20320023109069518,1.237542291883784
0.40771303651825913,0.2054244943062032,1.23578531545114
0.41021428214107053,0.20765614328832105,1.2340229314911522
0.412715527763882,0.20989509086687103,1.2322552114742729
0.4152167733866934,0.2121412500198373,1.2304822266511761
0.4177180190095048,0.21439453387909452,1.2287040480474556
0.4202192646323162,0.21665485573604393,1.226920746458414
0.4227205102551276,0.2189221290471588,1.225132392443948
0.425221755877939,0.22119626743943788,1.2233390563235245
0.4277230015007504,0.2234771847157676,1.221540808171252
0.43022424712356183,0.22576479486019335,1.2197377178110436
0.43272549274637323,0.22805901204309853,1.2179298548118744
0.43522673836918463,0.23035975062629382,1.2161172884831308
0.43772798399199603,0.23266692516801424,1.2143000878700545
0.4402292296148074,0.23498045042782606,1.2124783217492758
0.4427304752376188,0.23730024137144307,1.210652058624444
0.4452317208604302,0.23962621317545219,1.2088213667219458
0.4477329664832416,0.24195828123194912,1.2069863139867179
0.450234212106053,0.24429636115308412,1.2051469680781508
0.4527354577288645,0.2466403687755179,1.203303396366083
0.4552367033516759,0.24899022016478867,1.2014556659268898
0.4577379489744873,0.2513458316195901,1.1996038435396577
0.4602391945972987,0.2537071196759602,1.1977479956824522
0.46274044022011007,0.2560740011113828,1.1958881885286772
0.46524168584292147,0.25844639294880034,1.1940244879435187
0.46774293146573287,0.26082421246053994,1.192156959480484
0.4702441770885443,0.2632073771721522,1.1902856683780245
0.4727454227113557,0.2655958048661629,1.1884106795562492
0.4752466683341671,0.26798941358573986,1.1865320576137255
0.4777479139569785,0.2703881216382733,1.1846498668243686
0.4802491595797899,0.27279184759887104,1.1827641711344132
0.4827504052026013,0.2752005103137698,1.1808750341594783
0.4852516508254127,0.2776140289036618,1.178982519181711
0.4877528964482241,0.2800323227669387,1.17708668914702
0.4902541420710355,0.2824553115828514,1.1751876066623912
0.49275538769384697,0.2848829153145891,1.173285333993288
0.49525663331665837,0.2873150542122749,1.1713799330611352
0.49775787893946977,0.28975164881588206,1.1694714654408853
0.500259124562281,0.29219261995806817,1.1675599923586664
0.5027603701850926,0.294637888766931,1.165645574689512
0.505261615807904,0.29708737666868323,1.1637282729551726
0.5077628614307154,0.29954100539025086,1.161808147322004
0.5102641070535268,0.30199869696179205,1.15988525759894
0.5127653526763382,0.3044603737191396,1.1579596632355396
0.5152665982991496,0.3069259583061665,1.1560314233201128
0.517767843921961,0.3093953736770763,1.154100596577926
0.5202690895447724,0.31186854309861767,1.152167241369482
0.5227703351675838,0.3143453901522253,1.150231415688876
0.5252715807903952,0.31682583873608666,1.1482931771622267
0.5277728264132066,0.31930981306713624,1.1463525830461825
0.530274072036018,0.32179723768297747,1.1444096902265
0.5327753176588294,0.3242880374437335,1.1424645552166963
0.5352765632816407,0.3267821375338271,1.1405172341567726
0.5377778089044521,0.3292794634636912,1.1385677828120104
0.5402790545272637,0.33177994107140946,1.1366162565718336
0.5427803001500751,0.3342834965242897,1.1346627104487483
0.5452815457728865,0.3367900563203693,1.1327071990773434
0.5477827913956979,0.3392995472898539,1.1307497767133636
0.5502840370185093,0.34181189659649025,1.1287904972328484
0.5527852826413207,0.34432703173887397,1.1268294141313375
0.555286528264132,0.3468448805516934,1.1248665805231421
0.5577877738869434,0.34936537120690936,1.1229020491406803
0.5602890195097548,0.3518884322148728,1.1209358723338771
0.5627902651325662,0.3544139924253806,1.118968102069627
0.5652915107553776,0.35694198102866975,1.1169987899313187
0.567792756378189,0.3594723275563523,1.115027987118422
0.5702940020010004,0.3620049618822903,1.1130557444461349
0.5727952476238118,0.3645398142234124,1.1110821123450887
0.5752964932466232,0.36707681514047263,1.1091071408611148
0.5777977388694346,0.36961589553875285,1.1071308796550685
0.580298984492246,0.3721569866687082,1.105153378002709
0.5828002301150575,0.3747000201265588,1.1031746847946367
0.585301475737869,0.3772449278548248,1.1011948485362855
0.5878027213606803,0.3797916421428107,1.0992139173479707
0.5903039669834917,0.38234009562703497,1.0972319389649892
0.5928052126063031,0.3848902212916082,1.0952489607377742
0.5953064582291145,0.3874419524685606,1.0932650296321003
0.5978077038519259,0.3899952228381192,1.0912801922293422
0.6003089494747373,0.39254996642893514,1.0892944947267815
0.6028101950975487,0.395106117618263,1.0873079829379642
0.6053114407203601,0.39766361113209225,1.0853207022931077
0.6078126863431715,0.40022238204523164,1.0833326978395539
0.6103139319659829,0.4027823657813474,1.0813440142422708
0.6128151775887943,0.4053434981129563,1.0793546957843996
0.6153164232116057,0.40790571516137436,1.0773647863678486
0.6178176688344171,0.41046895339662176,1.075374329513929
0.6203189144572286,0.41303314963728477,1.0733833683640384
0.62282016008004,0.4155982410503356,1.0713919456803827
0.6253214057028514,0.4181641651509117,1.0694001038467442
0.6278226513256628,0.42073085980205355,1.067407884869289
0.6303238969484742,0.4232982632144032,1.0654153303774139
0.6328251425712856,0.4258663139458647,1.0634224816246367
0.635326388194097,0.42843495090122496,1.0614293794895224
0.6378276338169084,0.4310041133317384,1.059436064476647
0.6403288794397198,0.4335737408346747,1.0574425767176012
0.6428301250625312,0.4361437733528314,1.0554489559720301
0.6453313706853426,0.4387141511740096,1.0534552416287066
0.647832616308154,0.441284814930458,1.0514614727066418
0.6503338619309654,0.4438557055982817,1.0494676878562301
0.6528351075537768,0.4464267644968183,1.0474739253604255
0.6553363531765882,0.44899793328798304,1.0454802231359526
0.6578375987993996,0.45156915397558195,1.043486618734549
0.660338844422211,0.4541403689045941,1.0414931493442388
0.6628400900450225,0.456711520760425,1.0394998517906369
0.6653413356678339,0.4592825525681301,1.0375067625382832
0.6678425812906453,0.46185340769161054,1.035513917692004
0.6703438269134567,0.4644240298327804,1.0335213529983056
0.6728450725362681,0.46699436303070807,1.0315291038467906
0.6753463181590795,0.46956435166073024,1.029537205271606
0.6778475637818909,0.47213394043354123,1.0275456919529138
0.6803488094047023,0.47470307439425663,1.0255545982183882
0.6828500550275137,0.4772716989214535,1.0235639580447393
0.6853513006503251,0.4798397597261861,1.021573805059258
0.6878525462731365,0.4824072028509795,1.0195841725413863
0.6903537918959479,0.48497397466880054,1.0175950934243103
0.6928550375187593,0.4875400218820073,1.0156066002965747
0.6953562831415707,0.49010529152127746,1.0136187254037183
0.6978575287643821,0.4926697309445166,1.0116315006499328
0.7003587743871936,0.4952332878357466,1.0096449575997377
0.702860020010005,0.4977959102039747,1.0076591274796791
0.7053612656328164,0.5003575463820449,1.0056740411800444
0.7078625112556278,0.5029181450254703,1.003689729256596
0.7103637568784392,0.5054776551112494,1.001706221932324
0.7128650025012506,0.508036025936665,0.9997235490992138
0.715366248124062,0.5105932071180665,0.9977417403200319
0.7178674937468734,0.5131491485896382,0.9957608248301276
0.7203687393696848,0.5157038006021513,0.9937808315392487
0.7228699849924962,0.5182571137217014,0.9918017890333723
0.7253712306153076,0.5208090388284337,0.9898237255765522
0.727872476238119,0.5233595271152531,0.9878466691127749
0.7303737218609304,0.5259085300865227,0.9858706472678347
0.7328749674837418,0.5284559995567493,0.9838956873512165
0.7353762131065532,0.5310018876492575,0.9819218163579921
0.7378774587293646,0.5335461467948535,0.9799490609707304
0.740378704352176,0.536088729730476,0.9779774475614135
0.7428799499749875,0.5386295894978396,0.9760070021933677
0.7453811955977989,0.5411686794420657,0.9740377506232035
0.7478824412206103,0.5437059532103072,0.9720697183027622
0.7503836868434217,0.5462413647503619,0.9701029303810752
0.7528849324662331,0.5487748683092789,0.9681374117063292
0.7553861780890445,0.551306418431957,0.9661731868278403
0.7578874237118559,0.5538359699597357,0.9642102799980352
0.7603886693346673,0.5563634780289796,0.962248715174441
0.7628899149574787,0.5588888980696552,0.9602885160216782
0.7653911605802901,0.5614121858039037,0.9583297059134629
0.7678924062031015,0.5639332972446063,0.9563723079346138
0.7703936518259129,0.5664521886939451,0.9544163448830632
0.7728948974487243,0.56896881674196,0.9524618392718752
0.7753961430715357,0.5714831382650994,0.9505088133312654
0.7778973886943471,0.5739951104247689,0.948557289010627
0.7803986343171586,0.5765046906658752,0.9466072879805587
0.78289987993997,0.579011836715367,0.9446588316348982
0.7854011255627814,0.5815165065807741,0.9427119410927548
0.7879023711855928,0.5840186585487424,0.9407666372005475
0.7904036168084042,0.5865182511835684,0.9388229405340441
0.7929048624312156,0.5890152433257304,0.936880871400401
0.795406108054027,0.5915095940904206,0.9349404498402059
0.7979073536768384,0.5940012628660736,0.9330016956295203
0.8004085992996498,0.5964902093128963,0.9310646282819234
0.8029098449224612,0.5989763933613963,0.9291292670505548
0.8054110905452726,0.6014597752109103,0.9271956309301579
0.807912336168084,0.6039403153281339,0.9252637386591244
0.8104135817908954,0.6064179744456502,0.9233336087215344
0.8129148274137068,0.6088927135604614,0.9214052593491994
0.8154160730365182,0.6113644939325197,0.9194787085237007
0.8179173186593296,0.6138332770832609,0.9175539739784279
0.820418564282141,0.6162990247941389,0.9156310732006145
0.8229198099049525,0.6187616991051641,0.9137100234333727
0.8254210555277639,0.6212212623134408,0.9117908416777225
0.8279223011505753,0.6236776769717108,0.9098735446946211
0.8304235467733867,0.626130905886898,0.9079581490069882
0.8329247923961981,0.6285809121186556,0.9060446709017265
0.8354260380190095,0.6310276589779182,0.9041331264317402
0.8379272836418209,0.6334711100254564,0.9022235314179486
0.8404285292646323,0.635911229070436,0.900315901451297
0.8429297748874437,0.6383479801689801,0.8984102518947599
0.8454310205102551,0.6407813276227368,0.8965065978853428
0.8479322661330665,0.6432112359774511,0.894604954336079
0.8504335117558779,0.6456376700215407,0.8927053359380175
0.8529347573786893,0.6480605947846777,0.8908077571622103
0.8554360030015007,0.650479975536375,0.8889122322616912
0.8579372486243121,0.6528957777845783,0.8870187752734497
0.8604384942471236,0.6553079672742634,0.8851274000203986
0.862939739869935,0.6577165099860387,0.8832381201133355
0.8654409854927464,0.6601213721347551,0.8813509489528979
0.8679422311155578,0.662522520168121,0.8794658997315129
0.8704434767383692,0.6649199207653226,0.8775829854353371
0.8729447223611806,0.6673135408356529,0.8757022188461926
0.875445967983992,0.6697033475171451,0.8738236125434943
0.8779472136068034,0.6720893081752143,0.8719471789061705
0.8804484592296148,0.674471390401305,0.8700729301145754
0.8829497048524262,0.676849562011546,0.8682008781523943
0.8854509504752376,0.6792237910454133,0.8663310348085421
0.887952196098049,0.6815940457643985,0.8644634116790505
0.8904534417208604,0.6839602946506868,0.8625980201689519
0.8929546873436718,0.6863225064058405,0.860734871494151
0.8954559329664832,0.6886806499494919,0.8588739766832895
0.8979571785892946,0.6910346944180432,0.8570153465796037
0.900458424212106,0.6933846091633744,0.8551589918427703
0.9029596698349175,0.6957303637515591,0.8533049229507463
0.9054609154577289,0.698071927961589,0.8514531502015991
0.9079621610805403,0.7004092717841062,0.849603683715326
0.9104634067033517,0.7027423654201439,0.8477565334356675
0.9129646523261631,0.7050711792798761,0.8459117091319092
0.9154658979489745,0.7073956839813751,0.8440692204006751
0.9179671435717859,0.7097158503493775,0.8422290766677106
0.9204683891945973,0.7120316494140605,0.8403912871896584
0.9229696348174087,0.7143430524098247,0.838555861055821
0.9254708804402201,0.7166500307740877,0.8367228071899172
0.9279721260630315,0.7189525561460854,0.8348921343518256
0.9304733716858429,0.7212506003656836,0.8330638511393218
0.9329746173086543,0.7235441354721966,0.8312379659898007
0.9354758629314657,0.7258331337032179,0.8294144871819946
0.9379771085542771,0.728117567493457,0.8275934228376757
0.9404783541770886,0.7303974094735879,0.8257747809233522
0.9429795997999,0.7326726324691051,0.8239585692519521
0.9454808454227114,0.7349432094991907,0.822144795484498
0.9479820910455228,0.7372091137755892,0.8203334671317701
0.9504833366683342,0.7394703187014935,0.8185245915559602
0.9529845822911456,0.7417267978704385,0.8167181759723141
0.955485827913957,0.7439785250652055,0.8149142274507635
0.9579870735367684,0.7462254742567361,0.8131127529175486
0.9604883191595798,0.7484676196030556,0.8113137591568287
0.9629895647823912,0.7507049354482052,0.8095172528122819
0.9654908104052026,0.752937396321185,0.8077232403886956
0.967992056028014,0.755164976934906,0.8059317282535448
0.9704933016508254,0.7573876521851524,0.8041427226385602
0.9729945472736368,0.7596053971495524,0.8023562296412855
0.9754957928964482,0.7618181870865608,0.8005722552266241
0.9779970385192596,0.7640259974344484,0.7987908052283735
0.980498284142071,0.7662288038103044,0.7970118853507513
0.9829995297648825,0.7684265820090459,0.7952355011699072
0.9855007753876939,0.7706193080024383,0.7934616581354269
0.9880020210105053,0.7728069579381263,0.7916903615718236
0.9905032666333167,0.7749895081386728,0.7899216166800186
0.9930045122561281,0.777166935100609,0.7881554285388104
0.9955057578789395,0.7793392154934935,0.7863918021063345
0.9980070035017509,0.7815063261589815,0.7846307422215105
1.0005082491245623,0.7836682441099042,0.7828722536054791
1.0030094947473738,0.7858249465293565,0.7811163408630268
1.0055107403701853,0.7879764107697962,0.7793630084840025
1.0080119859929966,0.790122614352151,0.7776122608447198
1.010513231615808,0.7922635349649378,0.7758641022093484
1.0130144772386194,0.794399150463389,0.7741185367312997
1.0155157228614309,0.7965294388685895,0.7723755684545922
1.0180169684842422,0.7986543783666239,0.7706352013152158
1.0205182141070537,0.8007739473077331,0.7688974391424765
1.023019459729865,0.8028881242054794,0.7671622856603378
1.0255207053526765,0.8049968877359228,0.7654297444887438
1.0280219509754878,0.8071002167368055,0.7636998191449376
1.0305231965982993,0.8091980902067468,0.7619725130447638
1.0330244422211106,0.8112904873044464,0.7602478295039647
1.035525687843922,0.8133773873478995,0.7585257717394616
1.0380269334667334,0.8154587698136175,0.7568063428706271
1.0405281790895449,0.8175346143358624,0.7550895459205467
1.0430294247123564,0.8196049007058864,0.7533753838172691
1.0455306703351677,0.8216696088711842,0.7516638593950455
1.0480319159579792,0.8237287189347533,0.7499549753955588
1.0505331615807905,0.8257822111543618,0.748248734469141
1.053034407203602,0.8278300659418286,0.7465451391759804
1.0555356528264133,0.8298722638623103,0.7448441919873201
1.0580368984492248,0.8319087856335987,0.7431458952866409
1.060538144072036,0.8339396121254254,0.7414502513708391
1.0630393896948476,0.8359647243587784,0.7397572624513898
1.0655406353176589,0.8379841035052237,0.7380669306555016
1.0680418809404704,0.8399977308862405,0.7363792580272599
1.0705431265632817,0.8420055879725608,0.7346942465287605
1.0730443721860932,0.8440076563835212,0.7330118980412316
1.0755456178089045,0.8460039178864206,0.7313322143661464
1.078046863431716,0.8479943543958899,0.7296551972263245
1.0805481090545275,0.8499789479732667,0.7279808482670247
1.0830493546773388,0.8519576808259817,0.7263091690570247
1.0855506003001503,0.8539305353069517,0.7246401610896922
1.0880518459229616,0.8558974939139822,0.7229738257840468
1.090553091545773,0.8578585392891777,0.7213101644858095
1.0930543371685844,0.8598136542183602,0.7196491784684437
1.0955555827913959,0.8617628216304983,0.7179908689341851
1.0980568284142072,0.8637060245971403,0.7163352370150629
1.1005580740370187,0.8656432463318597,0.7146822837739084
1.10305931965983,0.8675744701897065,0.7130320102053583
1.1055605652826415,0.8694996796666672,0.711384417236842
1.1080618109054527,0.8714188583991331,0.7097395057295651
1.1105630565282643,0.8733319901633758,0.7080972764794775
1.1130643021510755,0.8752390588750313,0.7064577302182375
1.115565547773887,0.8771400485885923,0.7048208676141614
1.1180667933966983,0.8790349434969064,0.7031866892731655
1.1205680390195099,0.8809237279306846,0.7015551957396986
1.1230692846423214,0.8828063863580158,0.6999263874976653
1.1255705302651327,0.8846829033838881,0.6983002649713382
1.1280717758879442,0.8865532637497211,0.6966768285262619
1.1305730215107554,0.8884174523329007,0.695056078470148
1.133074267133567,0.8902754541463261,0.6934380150537597
1.1355755127563782,0.8921272543379608,0.6918226384717878
1.1380767583791898,0.8939728381903919,0.6902099488637167
1.140578004002001,0.8958121911203972,0.6885999463146835
1.1430792496248126,0.8976452986785193,0.6869926308563238
1.1455804952476238,0.8994721465486448,0.6853880024676137
1.1480817408704354,0.901292720547594,0.6837860610756974
1.1505829864932466,0.9031070066247139,0.6821868065567113
1.1530842321160581,0.9049149908614815,0.6805902387365939
1.1555854777388694,0.9067166594711105,0.6789963573918915
1.158086723361681,0.9085119987981677,0.6774051622505518
1.1605879689844922,0.9103009953181934,0.6758166529927107
1.1630892146073037,0.9120836356373314,0.6742308292514692
1.1655904602301153,0.9138599064919619,0.6726476906136628
1.1680917058529265,0.9156297947483445,0.6710672366206226
1.170592951475738,0.9173932874022652,0.6694894667689252
1.1730941970985493,0.91915037157869,0.6679143805111382
1.1755954427213609,0.9209010345314257,0.6663419772565539
1.1780966883441721,0.9226452636427863,0.6647722563719174
1.1805979339669836,0.9243830464232651,0.6632052171821434
1.183099179589795,0.9261143705112135,0.6616408589710288
1.1856004252126064,0.927839223672526,0.6600791809819526
1.1881016708354177,0.9295575938003298,0.6585201824185724
1.1906029164582292,0.9312694689146814,0.656963862445508
1.1931041620810405,0.932974837162269,0.655410220189022
1.195605407703852,0.9346736868161198,0.6538592547376884
1.1981066533266633,0.9363660062753137,0.6523109651430564
1.2006078989494748,0.9380517840647018,0.6507653504203033
1.2031091445722863,0.9397310088346311,0.6492224095488834
1.2056103901950976,0.9414036693606742,0.6476821414731663
1.2081116358179091,0.9430697545433648,0.6461445451030681
1.2106128814407204,0.9447292534079375,0.6446096193146768
1.213114127063532,0.9463821551040745,0.6430773629508676
1.2156153726863432,0.9480284489056555,0.6415477748219137
1.2181166183091547,0.9496681242105143,0.6400208537060864
1.220617863931966,0.9513011705401986,0.6384965983502509
1.2231191095547775,0.9529275775397379,0.6369750074704532
1.2256203551775888,0.954547334977412,0.6354560797525001
1.2281216008004003,0.9561604327445283,0.6339398138525318
1.2306228464232116,0.9577668608552011,0.6324262083975893
1.2331240920460231,0.9593666094461374,0.630915261986171
1.2356253376688344,0.9609596687764251,0.6294069731887861
1.238126583291646,0.9625460292273291,0.6279013405484996
1.2406278289144574,0.9641256813020884,0.6263983625814693
1.2431290745372687,0.9656986156257192,0.6248980377774787
1.2456303201600802,0.9672648229448239,0.6234003646004599
1.2481315657828915,0.9688242941274,0.6219053414890132
1.250632811405703,0.9703770201626588,0.6204129668569169
1.2531340570285143,0.9719229921608434,0.6189232390936332
1.2556353026513258,0.9734622013530543,0.6174361565648058
1.2581365482741371,0.9749946390910755,0.6159517176127517
1.2606377938969486,0.976520296847209,0.6144699205569466
1.26313903951976,0.9780391662141088,0.6129907636945044
1.2656402851425714,0.9795512389046218,0.6115142453006491
1.2681415307653827,0.9810565067516308,0.6100403636291822
1.2706427763881942,0.9825549617079024,0.6085691169129426
1.2731440220110055,0.9840465958459368,0.6071005033642608
1.275645267633817,0.9855314013578229,0.6056345211754065
1.2781465132566283,0.9870093705550964,0.6041711685190325
1.2806477588794398,0.9884804958686013,0.6027104435486089
1.2831490045022513,0.9899447698483537,0.6012523443988546
1.2856502501250626,0.9914021851634109,0.5997968691861615
1.2881514957478741,0.9928527346017427,0.5983440160090125
1.2906527413706854,0.9942964110701052,0.596893782948396
1.293153986993497,0.9957332075939197,0.5954461680682109
1.2956552326163082,0.9971631173171519,0.5940011694156702
1.2981564782391197,0.9985861335021973,0.5925587850216956
1.300657723861931,1.0000022495297671,0.5911190129013093
1.3031589694847425,1.0014114588987781,0.5896818510540174
1.3056602151075538,1.0028137552262442,0.5882472974641906
1.3081614607303653,1.0042091322471742,0.5868153501014385
1.3106627063531766,1.0055975838144666,0.5853860069209778
1.3131639519759881,1.0069791038988132,0.5839592658639958
1.3156651975987994,1.0083536865885996,0.58253512485801
1.318166443221611,1.0097213260898135,0.5811135818172195
1.3206676888444222,1.0110820167259513,0.5796946346428551
1.3231689344672337,1.0124357529379298,0.5782782812235201
1.3256701800900452,1.0137825292839986,0.5768645194355303
1.3281714257128565,1.015122340439656,0.5754533471432463
1.330672671335668,1.0164551811975673,0.5740447621994008
1.3331739169584793,1.0177810464674824,0.572638762445423
1.3356751625812908,1.0190999312761608,0.5712353457117562
1.338176408204102,1.0204118307672938,0.5698345098181721
1.3406776538269136,1.0217167402014318,0.5684362525740788
1.343178899449725,1.0230146549559116,0.5670405717788264
1.3456801450725364,1.024305570524787,0.5656474652220046
1.3481813906953477,1.0255894825187604,0.5642569306837397
1.3506826363181592,1.0268663866651182,0.5628689659349837
1.3531838819409705,1.0281362788076638,0.5614835687378008
1.355685127563782,1.0293991549066575,0.5601007368456487
1.3581863731865933,1.0306550110387536,0.5587204680036558
1.3606876188094048,1.0319038433969427,0.5573427599488943
1.3631888644322163,1.0331456482904926,0.5559676104106477
1.3656901100550276,1.0343804221448925,0.5545950171106759
1.3681913556778391,1.0356081615017987,0.5532249777634747
1.3706926013006504,1.0368288630189804,0.5518574900765315
1.373193846923462,1.0380425234702686,0.5504925517505771
1.3756950925462732,1.0392491397455044,0.5491301604798333
1.3781963381690847,1.0404487088504908,0.5477703139522562
1.380697583791896,1.0416412279069434,0.5464130098497756
1.3831988294147075,1.0428266941524442,0.5450582458485308
1.3857000750375188,1.0440051049403956,0.5437060196191023
1.3882013206603303,1.0451764577399754,0.5423563288267388
1.3907025662831416,1.0463407501360928,0.541009171131582
1.393203811905953,1.0474979798293464,0.5396645441888858
1.3957050575287644,1.0486481446359823,0.538322445649234
1.398206303151576,1.0497912424878524,0.5369828731587513
1.4007075487743874,1.0509272714323745,0.5356458243593127
1.4032087943971987,1.0520562296324942,0.5343112968887501
1.4057100400200102,1.0531781153666455,0.5329792883810526
1.4082112856428215,1.0542929270287125,0.5316497964665649
1.410712531265633,1.0554006631279935,0.5303228187721825
1.4132137768884443,1.0565013222891637,0.5289983529215427
1.4157150225112558,1.0575949032522391,0.5276763965352117
1.418216268134067,1.058681404872543,0.5263569472308706
1.4207175137568786,1.0597608261206681,0.5250400026234942
1.42321875937969,1.0608331660824448,0.5237255603255304
1.4257200050025014,1.0618984239589064,0.5224136179470743
1.4282212506253127,1.0629565990662544,0.5211041730960388
1.4307224962481242,1.0640076908358274,0.5197972233783227
1.4332237418709355,1.0650516988140657,0.5184927663979761
1.435724987493747,1.0660886226624813,0.5171907997573613
1.4382262331165583,1.0671184621576224,0.5158913210573117
1.4407274787393698,1.0681412171910438,0.5145943278972871
1.4432287243621813,1.0691568877692732,0.5132998178755268
1.4457299699849926,1.0701654740137794,0.5120077885891983
1.448231215607804,1.0711669761609408,0.5107182376345436
1.4507324612306154,1.0721613945620123,0.5094311626070243
1.453233706853427,1.0731487296830948,0.50814656110146
1.4557349524762382,1.074128982105102,0.5068644307121686
1.4582361980990497,1.075102152523728,0.5055847690330991
1.460737443721861,1.0760682417494167,0.5043075736579659
1.4632386893446725,1.0770272507073275,0.5030328421803762
1.4657399349674838,1.0779791804373033,0.5017605721939589
1.4682411805902953,1.0789240320938382,0.5004907612924864
1.4707424262131066,1.0798618069460435,0.4992234070699981
1.473243671835918,1.080792506377615,0.4979585071209178
1.4757449174587294,1.0817161318867983,0.49669605904017067
1.4782461630815409,1.0826326850863555,0.49543606042329624
1.4807474087043522,1.0835421677035306,0.49417850886656056
1.4832486543271637,1.0844445815800134,0.49292340196706314
1.4857498999499752,1.0853399286719054,0.49167073732284455
1.4882511455727865,1.0862282110496828,0.49042051253298996
1.490752391195598,1.087109430898161,0.48917272519772964
1.4932536368184093,1.087983590516456,0.48792737291853844
1.4957548824412208,1.0888506923179486,0.48668445329823234
1.498256128064032,1.0897107388302438,0.4854439639410626
1.5007573736868436,1.0905637326951343,0.4842059024528075
1.5032586193096549,1.0914096766685584,0.4829702664408627
1.5057598649324664,1.0922485736205618,0.481737053514328
1.5082611105552777,1.0930804265352545,0.48050626128409296
1.5107623561780892,1.0939052385107702,0.4792778873629197
1.5132636018009005,1.0947230127592231,0.4780519293655247
1.515764847423712,1.0955337526066637,0.4768283849086559
1.5182660930465233,1.0963374614930352,0.4756072516111715
1.5207673386693348,1.097134142972128,0.47438852709411283
1.5232685842921463,1.0979238007115324,0.4731722089807781
1.5257698299149576,1.0987064384925929,0.4719582948967928
1.528271075537769,1.0994820602103585,0.47074678247017754
1.5307723211605804,1.1002506698735344,0.4695376693314159
1.5332735667833919,1.1010122716044315,0.4683309531135182
1.5357748124062032,1.1017668696389142,0.4671266314520847
1.5382760580290147,1.1025144683263501,0.4659247019853667
1.540777303651826,1.1032550721295533,0.4647251623543249
1.5432785492746375,1.1039886856247327,0.4635280102026875
1.5457797948974488,1.1047153135014338,0.46233324317700514
1.5482810405202603,1.105434960562484,0.4611408589267044
1.5507822861430716,1.1061476317239318,0.4599508551041402
1.553283531765883,1.1068533320149894,0.4587632293646452
1.5557847773886944,1.1075520665779703,0.4575779793665789
1.5582860230115059,1.108243840668229,0.4563951027713738
1.5607872686343174,1.1089286596540953,0.45521459724358104
1.5632885142571287,1.109606529016812,0.45403646045091345
1.5657897598799402,1.1102774543504674,0.4528606900642869
1.5682910055027515,1.1109414413619287,0.45168728375786166
1.570792251125563,1.1115984958707723,0.45051623920907985
1.5732934967483743,1.1122486238092142,0.44934755409870325
1.5757947423711858,1.1128918312220375,0.4481812261108478
1.578295987993997,1.1135281242665211,0.44701725293301947
1.5807972336168086,1.1141575092123626,0.44585563225614455
1.5832984792396199,1.1147799924416044,0.44469636177460264
1.5857997248624314,1.1153955804485545,0.4435394391862547
1.5883009704852427,1.1160042798397076,0.4423848621924724
1.5908022161080542,1.1166060973336656,0.44123262849816397
1.5933034617308655,1.1172010397610528,0.44008273581180035
1.595804707353677,1.117789114064434,0.4389351818454382
1.5983059529764883,1.1183703272982288,0.43778996431474426
1.6008071985992998,1.118944686628623,0.4366470809390145
1.6033084442221113,1.119512199333481,0.43550652944119583
1.6058096898449226,1.1200728728022542,0.43436830754790434
1.608310935467734,1.1206267145358906,0.4332324129894422
1.6108121810905454,1.1211737321467379,0.43209884349981487
1.6133134267133569,1.121713933358451,0.43096759681674507
1.6158146723361682,1.122247326005892,0.42983867068168763
1.6183159179589797,1.1227739180350327,0.4287120628398408
1.620817163581791,1.1232937175028523,0.42758777104015905
1.6233184092046025,1.1238067325772358,0.42646579303536186
1.6258196548274138,1.1243129715368685,0.42534612658194404
1.6283209004502253,1.12481244277113,0.4242287694401829
1.6308221460730365,1.1253051547799862,0.42311371937414594
1.633323391695848,1.1257911161738785,0.4220009741516954
1.6358246373186593,1.126270335673612,0.42089053154449424
1.6383258829414709,1.1267428221102422,0.4197823893280089
1.6408271285642821,1.1272085844249586,0.4186765452815125
1.6433283741870937,1.127667631668967,0.4175729971880858
1.6458296198099052,1.1281199730033706,0.41647174283461885
1.6483308654327165,1.128565617699047,0.4153727800118092
1.650832111055528,1.1290045751365265,0.4142761065141617
1.6533333566783392,1.1294368548058646,0.41318172013998533
1.6558346023011508,1.1298624663065164,0.41208961869139055
1.658335847923962,1.130281419347206,0.41099979997428504
1.6608370935467736,1.1306937237457948,0.4099122617983677
1.6633383391695848,1.1310993894291494,0.4088270019771243
1.6658395847923964,1.1314984264330044,0.40774401832781876
1.6683408304152076,1.1318908449018257,0.40666330867148687
1.6708420760380192,1.1322766550886705,0.4055848708329266
1.6733433216608304,1.1326558673550462,0.4045087026406898
1.675844567283642,1.1330284921707663,0.40343480192707054
1.6783458129064532,1.1333945401138037,0.4023631665280955
1.6808470585292647,1.133754021870144,0.40129379428351075
1.6833483041520763,1.1341069482336348,0.40022668303677017
1.6858495497748875,1.134453330105833,0.3991618306350215
1.688350795397699,1.1347931784958523,0.39809923492909227
1.6908520410205103,1.135126504520204,0.39703889377347495
1.6933532866433219,1.1354533194026408,0.3959808050263112
1.6958545322661331,1.1357736344739946,0.3949249665493758
1.6983557778889447,1.1360874611720144,0.3938713762080591
1.700857023511756,1.1363948110412005,0.3928200318713502
1.7033582691345674,1.1366956957326373,0.39177093141181707
1.7058595147573787,1.1369901270038247,0.3907240727055894
1.7083607603801902,1.1372781167185053,0.38967945363233697
1.7108620060030015,1.1375596768464904,0.3886370720752508
1.713363251625813,1.1378348194634855,0.38759692592102124
1.7158644972486243,1.13810355675091,0.3865590130598168
1.7183657428714358,1.1383659009957177,0.3855233313852618
1.7208669884942474,1.138621864590214,0.3844898787944138
1.7233682341170586,1.1388714600318703,0.3834586531877402
1.7258694797398701,1.1391146999231372,0.38242965246909355
1.7283707253626814,1.1393515969712547,0.38140287454568855
1.730871970985493,1.1395821639880608,0.3803783173280758
1.7333732166083042,1.1398064138897959,0.37935597873011656
1.7358744622311157,1.140024359696909,0.378335856668957
1.738375707853927,1.1402360145338566,0.37731794906500143
1.7408769534767385,1.1404413916289036,0.3763022538418848
1.7433781990995498,1.140640504313918,0.37528876892644597
1.7458794447223613,1.1408333660241683,0.3742774922486988
1.7483806903451726,1.1410199902981124,0.37326842174180414
1.7508819359679841,1.1412003907771895,0.37226155534204053
1.7533831815907954,1.1413745812056082,0.3712568909887755
1.755884427213607,1.1415425754301292,0.3702544266244345
1.7583856728364182,1.1417043873998507,0.36925416019447155
1.7608869184592297,1.1418600311659879,0.36825608964733825
1.7633881640820412,1.142009520881651,0.3672602129344525
1.7658894097048525,1.1421528708016222,0.36626652801016746
1.768390655327664,1.142290095282128,0.36527503283173873
1.7708919009504753,1.1424212087806112,0.36428572535929316
1.7733931465732868,1.1425462258555001,0.3632986035557952
1.7758943921960981,1.1426651611659744,0.3623136653870147
1.7783956378189096,1.1427780294717298,0.3613309088214928
1.780896883441721,1.1428848456327396,0.36035033183050896
1.7833981290645324,1.1429856246090146,0.359371932388046
1.7858993746873437,1.1430803814603603,0.3583957084707565
1.7884006203101552,1.143169131346131,0.3574216580579278
1.7909018659329665,1.1432518895249837,0.35644977913144715
1.793403111555778,1.1433286713546258,0.35548006967576545
1.7959043571785893,1.1433994922915662,0.35451252767786356
1.7984056028014008,1.1434643678908571,0.3535471511272142
1.8009068484242121,1.1435233138058403,0.3525839380157477
1.8034080940470236,1.143576345787885,0.351622886337814
1.8059093396698351,1.1436234796861282,0.3506639940901471
1.8084105852926464,1.1436647314472093,0.3497072592718275
1.810911830915458,1.143700117115005,0.3487526798842451
1.8134130765382692,1.1437296528303584,0.34780025393106184
1.8159143221610807,1.1437533548308108,0.3468499794181741
1.818415567783892,1.143771239450325,0.34590185435367454
1.8209168134067035,1.1437833231190113,0.3449558767478141
1.8234180590295148,1.1437896223628496,0.34401204461296414
1.8259193046523263,1.143790153803407,0.34307035596357704
1.8284205502751376,1.143784934157556,0.3421308088161483
1.8309217958979491,1.1437739802371893,0.341193401189177
1.8334230415207604,1.1437573089489315,0.3402581311031274
1.835924287143572,1.143734937293849,0.3393249965803889
1.8384255327663832,1.143706882367158,0.33839399564523737
1.8409267783891947,1.1436731613579294,0.33746512632379494
1.8434280240120062,1.1436337915487917,0.3365383866439907
1.8459292696348175,1.1435887903156317,0.3356137746355208
1.848430515257629,1.1435381751272917,0.3346912883298079
1.8509317608804403,1.1434819635452669,0.33377092575996165
1.8534330065032518,1.1434201732233975,0.3328526849607381
1.855934252126063,1.1433528219075597,0.33193656396849947
1.8584354977488746,1.1432799274353558,0.3310225608211731
1.860936743371686,1.1432015077357986,0.3301106735582115
1.8634379889944974,1.1431175808289977,0.3292009002205512
1.8659392346173087,1.1430281648258394,0.3282932388505722
1.8684404802401202,1.1429332779276666,0.32738768749205654
1.8709417258629315,1.1428329384259563,0.3264842441901478
1.873442971485743,1.1427271647019936,0.32558290699130954
1.8759442171085543,1.142615975226545,0.32468367394328473
1.8784454627313658,1.1424993885595276,0.3237865430950538
1.8809467083541773,1.1423774233496764,0.32289151249679365
1.8834479539769886,1.142250098334212,0.3219985801998367
1.8859491995998001,1.1421174323385013,0.32110774425662836
1.8884504452226114,1.141979444275719,0.3202190027206868
1.890951690845423,1.1418361531465075,0.3193323536465609
1.8934529364682342,1.1416875780386302,0.3184477950897878
1.8959541820910457,1.1415337381266286,0.3175653251068531
1.898455427713857,1.1413746526714723,0.31668494175514794
1.9009566733366685,1.1412103410202081,0.3158066430929274
1.9034579189594798,1.1410408226056075,0.31493042717926945
1.9059591645822913,1.140866116945812,0.31405629207403285
1.9084604102051026,1.140686243643975,0.3131842358378155
1.910961655827914,1.1405012223879023,0.31231425653191275
1.9134629014507254,1.140311072949689,0.31144635221827566
1.915964147073537,1.1401158151853579,0.31058052095946936
1.9184653926963482,1.13991546903449,0.3097167608186315
1.9209666383191597,1.1397100545198575,0.3088550698594302
1.9234678839419712,1.1394995917470523,0.3079954461460225
1.9259691295647825,1.1392841009041133,0.3071378877430133
1.928470375187594,1.13906360226115,0.30628239271541274
1.9309716208104053,1.1388381161699659,0.3054289591285954
1.9334728664332168,1.1386076630636772,0.30457758504825816
1.935974112056028,1.1383722634563327,0.30372826854037943
1.9384753576788396,1.1381319379425276,0.3028810076711767
1.940976603301651,1.1378867071970182,0.3020358005070661
1.9434778489244624,1.1376365919743328,0.30119264511461996
1.9459790945472737,1.137381613108381,0.30035153956052674
1.9484803401700852,1.13712179151206,0.2995124819115483
1.9509815857928965,1.136857148176861,0.29867547023448004
1.953482831415708,1.1365877041724706,0.29784050259610884
1.9559840770385193,1.1363134806463706,0.2970075770631722
1.9584853226613308,1.1360344988234385,0.2961766917023174
1.960986568284142,1.1357507800055417,0.2953478445800605
1.9634878139069536,1.1354623455711335,0.2945210337627452
1.965989059529765,1.1351692169748422,0.2936962573165023
1.9684903051525764,1.1348714157470643,0.2928735133072091
1.970991550775388,1.1345689634935499,0.29205279980044846
1.9734927963981992,1.134261881894989,0.2912341148614685
1.9759940420210107,1.1339501927065954,0.29041745655514206
1.978495287643822,1.1336339177576882,0.28960282294592665
1.9809965332666335,1.13331307895127,0.2887902120978235
1.9834977788894448,1.1329876982636056,0.28797962207433836
1.9859990245122563,1.1326577977437966,0.2871710509384407
1.9885002701350676,1.1323233995133548,0.28636449675252423
1.991001515757879,1.1319845257657735,0.28555995757836694
1.9935027613806904,1.1316411987660961,0.28475743147709154
1.996004007003502,1.1312934408504836,0.2839569165091254
1.9985052526263132,1.1309412744257796,0.283158410734162
2.0010064982491245,1.1305847219690734,0.2823619122111205
2.003507743871936,1.1302238060272614,0.28156741899810744
2.0060089894947475,1.1298585492166056,0.28077492915237723
2.008510235117559,1.1294889742222913,0.2799844407302934
2.0110114807403705,1.1291151037979814,0.27919595178728934
2.0135127263631816,1.1287369607653706,0.2784094603778304
2.016013971985993,1.128354568013736,0.27762496455537417
2.0185152176088046,1.127967948499487,0.27684246237233373
2.021016463231616,1.1275771252457112,0.27606195188003774
2.023517708854427,1.1271821213417224,0.2752834311286936
2.0260189544772387,1.1267829599426007,0.27450689816734825
2.02852020010005,1.1263796642687378,0.2737323510438516
2.0310214457228617,1.125972257605374,0.27295978780481805
2.0335226913456728,1.1255607633021372,0.2721892064955898
2.0360239369684843,1.1251452047725785,0.27142060516019784
2.038525182591296,1.1247256054937065,0.27065398184132683
2.0410264282141073,1.1243019890055201,0.2698893345802767
2.043527673836919,1.1238743789105377,0.2691266614169263
2.04602891945973,1.1234427988733267,0.2683659603896967
2.0485301650825414,1.1230072726200298,0.26760722953551397
2.051031410705353,1.1225678239378902,0.266850466889774
2.0535326563281644,1.1221244766747756,0.2660956704863055
2.0560339019509755,1.121677254738697,0.26534283835733413
2.058535147573787,1.1212261820973315,0.2645919685334465
2.0610363931965985,1.120771282777538,0.263843059043555
2.06353763881941,1.1203125808648735,0.26309610791486177
2.066038884442221,1.1198501005031085,0.2623511131728239
2.0685401300650326,1.1193838658937385,0.2616080728411175
2.071041375687844,1.1189139012954954,0.2608669849416036
2.0735426213106556,1.1184402310238561,0.26012784749429313
2.0760438669334667,1.117962879450551,0.25939065851731224
2.078545112556278,1.1174818710030685,0.2586554160268676
2.0810463581790897,1.11699723016416,0.25792211803721277
2.083547603801901,1.116508981471342,0.2571907625606141
2.0860488494247127,1.1160171495163973,0.2564613476073167
2.0885500950475238,1.115521758944873,0.2557338711855109
2.0910513406703353,1.115022834455579,0.25500833130129863
2.0935525862931468,1.1145204008000837,0.2542847259586607
2.0960538319159583,1.1140144827822085,0.2535630531594234
2.0985550775387694,1.1135051052575196,0.2528433109032258
2.101056323161581,1.11299229313282,0.25212549718748695
2.1035575687843924,1.1124760713656383,0.2514096100073736
2.106058814407204,1.1119564649637177,0.25069564735576827
2.108560060030015,1.1114334989845012,0.24998360722323676
2.1110613056528265,1.1109071985346173,0.2492734875979963
2.113562551275638,1.1103775887693628,0.24856528646588458
2.1160637968984495,1.1098446948921856,0.24785900181032788
2.1185650425212605,1.1093085421541642,0.24715463161231016
2.121066288144072,1.1087691558534862,0.24645217385034146
2.1235675337668836,1.1082265613349271,0.24575162650042803
2.126068779389695,1.1076807839893252,0.24505298753604138
2.1285700250125066,1.1071318492530564,0.24435625492808782
2.1310712706353176,1.1065797826075072,0.24366142664487883
2.133572516258129,1.106024609578546,0.24296850065210024
2.1360737618809407,1.1054663557359943,0.24227747491278376
2.138575007503752,1.1049050466930948,0.24158834738727678
2.1410762531265632,1.1043407081059784,0.24090111603321315
2.1435774987493748,1.103773365673132,0.24021577880548442
2.1460787443721863,1.1032030451348611,0.23953233365621093
2.1485799899949978,1.102629772272755,0.23885077853471331
2.151081235617809,1.1020535729091472,0.23817111138748417
2.1535824812406203,1.101474472906578,0.23749333015815957
2.156083726863432,1.100892498167252,0.23681743278749173
2.1585849724862434,1.1003076746324987,0.23614341721332116
2.161086218109055,1.0997200282822261,0.2354712813705489
2.163587463731866,1.0991295851343794,0.2348010231911099
2.1660887093546775,1.0985363712443936,0.2341326406039452
2.168589954977489,1.0979404127046468,0.23346613153497595
2.1710912006003005,1.0973417356439132,0.23280149390707675
2.1735924462231115,1.0967403662268125,0.23213872564004895
2.176093691845923,1.0961363306532599,0.23147782465059485
2.1785949374687346,1.0955296551579143,0.23081878885229185
2.181096183091546,1.094920366009626,0.230161616155567
2.183597428714357,1.0943084895108826,0.22950630446767148
2.1860986743371686,1.0936940519972522,0.22885285169265507
2.18859991995998,1.0930770798368297,0.22820125573134206
2.1911011655827917,1.092457599429678,0.22755151448130603
2.1936024112056027,1.0918356372072688,0.2269036258368455
2.1961036568284142,1.0912112196319255,0.22625758768895982
2.1986049024512258,1.0905843731962594,0.22561339792532495
2.2011061480740373,1.089955124422611,0.22497105443027043
2.2036073936968488,1.0893234998624852,0.22433055508475497
2.20610863931966,1.0886895260959881,0.22369189776634385
2.2086098849424713,1.0880532297312628,0.22305508034918553
2.211111130565283,1.0874146374039233,0.2224201007039893
2.2136123761880944,1.0867737757764866,0.2217869566980021
2.2161136218109054,1.0861306715378076,0.22115564619498715
2.218614867433717,1.0854853514025076,0.22052616705520073
2.2211161130565285,1.0848378421104061,0.21989851713537134
2.22361735867934,1.0841881704259508,0.21927269428867777
2.226118604302151,1.0835363631376445,0.21864869636472764
2.2286198499249625,1.0828824470574743,0.21802652120953644
2.231121095547774,1.0822264490203366,0.21740616666550644
2.2336223411705856,1.0815683958834654,0.21678763057140663
2.2361235867933966,1.0809083145258556,0.21617091076235193
2.238624832416208,1.0802462318476864,0.2155560050697826
2.2411260780390196,1.0795821747697478,0.2149429113214456
2.243627323661831,1.0789161702328594,0.21433162734137365
2.2461285692846427,1.078248245197295,0.21372215094986666
2.2486298149074537,1.077578426642202,0.21311447996347221
2.2511310605302652,1.0769067415650222,0.21250861219496647
2.2536323061530767,1.0762332169809117,0.21190454545333604
2.2561335517758883,1.0755578799221577,0.21130227754375894
2.2586347973986993,1.0748807574375996,0.21070180626758703
2.261136043021511,1.0742018765920434,0.21010312942232726
2.2636372886443223,1.0735212644656795,0.20950624480162466
2.266138534267134,1.072838948153499,0.20891115019524456
2.268639779889945,1.0721549547647085,0.20831784338905565
2.2711410255127564,1.0714693114221443,0.2077263221650123
2.273642271135568,1.070782045261687,0.20713658430113854
2.2761435167583794,1.0700931834316747,0.20654862757151143
2.2786447623811905,1.069402753092316,0.2059624497462447
2.281146008004002,1.0687107814151011,0.2053780485914723
2.2836472536268135,1.068017295582215,0.20479542186933355
2.286148499249625,1.067322322785947,0.20421456733795695
2.2886497448724366,1.0666258902281023,0.20363548275144508
2.2911509904952476,1.0659280251194119,0.20305816585985975
2.293652236118059,1.0652287546789407,0.20248261440920665
2.2961534817408706,1.0645281061334986,0.2019088261414215
2.298654727363682,1.0638261067170471,0.20133679879435532
2.301155972986493,1.0631227836701083,0.2007665301017605
2.3036572186093047,1.0624181642391726,0.20019801779327684
2.3061584642321162,1.0617122756761046,0.19963125959441816
2.3086597098549277,1.0610051452375517,0.1990662532265589
2.311160955477739,1.060296800184349,0.19850299640692107
2.3136622011005503,1.059587267780925,0.19794148684856103
2.316163446723362,1.0588765752947085,0.19738172226035747
2.3186646923461733,1.0581647499955327,0.19682370034699873
2.3211659379689844,1.0574518191550406,0.19626741880897067
2.323667183591796,1.056737810046089,0.1957128753425446
2.3261684292146074,1.0560227499421524,0.19516006763976615
2.328669674837419,1.055306666116729,0.1946089933884435
2.3311709204602304,1.0545895858427414,0.19405965027213617
2.3336721660830415,1.0538715363919422,0.19351203597014444
2.336173411705853,1.0531525450343153,0.19296614815749805
2.3386746573286645,1.0524326390374803,0.19242198450494638
2.341175902951476,1.051711845666095,0.19187954267894827
2.343677148574287,1.0509901921812566,0.19133882034166147
2.3461783941970986,1.050267705839905,0.1907998151509333
2.34867963981991,1.0495444138942245,0.19026252476029118
2.3511808854427216,1.0488203435910464,0.18972694681893337
2.3536821310655327,1.04809552217125,0.1891930789717201
2.356183376688344,1.047369976869164,0.18866091885916414
2.3586846223111557,1.0466437349119688,0.1881304641174232
2.3611858679339672,1.0459168235190983,0.18760171237829107
2.3636871135567787,1.04518926990164,0.18707466126918973
2.36618835917959,1.0444611012617373,0.18654930841316147
2.3686896048024013,1.0437323447919897,0.1860256514288612
2.371190850425213,1.0430030276748556,0.18550368793054947
2.3736920960480243,1.0422731770820524,0.184983415528085
2.3761933416708354,1.0415428201739583,0.18446483182691828
2.378694587293647,1.040811984099012,0.18394793442808388
2.3811958329164584,1.0400806959931161,0.18343272092819543
2.38369707853927,1.0393489829790377,0.1829191889194385
2.386198324162081,1.0386168721658082,0.1824073359895651
2.3886995697848925,1.0378843906481274,0.1818971597218876
2.391200815407704,1.0371515655057624,0.1813886576952736
2.3937020610305155,1.0364184238029515,0.18088182748414072
2.3962033066533266,1.0356849925878038,0.1803766666584513
2.398704552276138,1.0349512988917031,0.17987317278370776
2.4012057978989496,1.0342173697287085,0.17937134342094818
2.403707043521761,1.0334832320949572,0.17887117612674194
2.4062082891445726,1.0327489129680667,0.17837266845318542
2.4087095347673837,1.032014439306538,0.1778758179478986
2.411210780390195,1.0312798380491575,0.17738062215402087
2.4137120260130067,1.0305451361144,0.17688707861020808
2.4162132716358182,1.0298103603998339,0.1763951848506293
2.4187145172586293,1.0290755377815217,0.1759049384049638
2.421215762881441,1.0283406951134264,0.17541633679839813
2.4237170085042523,1.0276058592268145,0.17492937755162422
2.426218254127064,1.0268710569296604,0.1744440581808366
2.428719499749875,1.0261363150060518,0.1739603761977307
2.4312207453726864,1.025401660215594,0.1734783291095006
2.433721990995498,1.0246671192928156,0.172997914418838
2.4362232366183094,1.023932718946575,0.17251912962393062
2.4387244822411205,1.0231984858594658,0.17204197221846113
2.441225727863932,1.0224644466872237,0.1715664396916059
2.4437269734867435,1.0217306280581335,0.17109252952803491
2.446228219109555,1.020997056572437,0.17062023920791086
2.4487294647323665,1.02026375880174,0.17014956620688915
2.4512307103551776,1.019530761288422,0.16968050799611775
2.453731955977989,1.0187980905450436,0.16921306204223724
2.4562332016008006,1.0180657730537566,0.16874722580738163
2.458734447223612,1.0173338352657146,0.1682829967491788
2.461235692846423,1.0166023036004823,0.16782037232075137
2.4637369384692347,1.0158712044454465,0.1673593499707175
2.466238184092046,1.0151405641552282,0.16689992714319277
2.4687394297148577,1.0144104090510944,0.1664421012777912
2.471240675337669,1.013680765420371,0.16598586980962735
2.4737419209604803,1.0129516595158554,0.16553123016931778
2.476243166583292,1.0122231175552312,0.1650781797829837
2.4787444122061033,1.0114951657204823,0.16462671607225318
2.481245657828915,1.0107678301573078,0.1641768364542636
2.483746903451726,1.010041136974539,0.16372853834166476
2.4862481490745374,1.009315112243554,0.1632818191426213
2.488749394697349,1.008589781997697,0.1628366762608168
2.4912506403201604,1.007865172231695,0.16239310709545654
2.4937518859429715,1.0071413089010761,0.16195110904127133
2.496253131565783,1.0064182179215904,0.16151067948852135
2.4987543771885945,1.0056959251686286,0.16107181582300045
2.501255622811406,1.004974456476644,0.16063451542604013
2.503756868434217,1.0042538376385737,0.16019877567451418
2.5062581140570286,1.0035340944052609,0.15976459394084325
2.50875935967984,1.002815252484879,0.159331967593
2.5112606053026516,1.0020973375423554,0.15890089399451393
2.5137618509254627,1.0013803751987957,0.15847137050447688
2.516263096548274,1.000664391030911,0.15804339447754828
2.5187643421710857,0.9999494105704438,0.15761696326396132
2.521265587793897,0.9992354593035959,0.15719207420952852
2.5237668334167087,0.9985225626704565,0.15676872465564787
2.5262680790395198,0.9978107460644324,0.1563469119393094
2.5287693246623313,0.9971000348316782,0.15592663339310142
2.531270570285143,0.9963904542705269,0.15550788634521737
2.5337718159079543,0.9956820296309236,0.15509066811946284
2.5362730615307654,0.9949747861138578,0.15467497603526267
2.538774307153577,0.994268748870798,0.15426080740766804
2.5412755527763884,0.993563943003127,0.15384815954736433
2.5437767983992,0.9928603935615784,0.15343702976067863
2.546278044022011,0.9921581255456743,0.15302741534958786
2.5487792896448225,0.9914571639031623,0.15261931361172643
2.551280535267634,0.9907575335294574,0.1522127218403952
2.5537817808904455,0.9900592592670804,0.15180763732456937
2.5562830265132566,0.989362365905101,0.15140405734890774
2.558784272136068,0.9886668781785798,0.15100197919376096
2.5612855177588796,0.9879728207680132,0.15060140013518125
2.563786763381691,0.9872802182987772,0.15020231744493115
2.5662880090045026,0.9865890953405752,0.1498047283904934
2.5687892546273137,0.985899476406884,0.14940863023508033
2.571290500250125,0.9852113859544034,0.14901402023764357
2.5737917458729367,0.9845248483825058,0.14862089565288458
2.576292991495748,0.9838398880326867,0.14822925373126433
2.5787942371185593,0.9831565291880182,0.14783909171901405
2.5812954827413708,0.9824747960726011,0.14745040685814553
2.5837967283641823,0.9817947128510207,0.1470631963864622
2.586297973986994,0.9811163036278024,0.1466774575375699
2.588799219609805,0.9804395924468695,0.14629318754088802
2.5913004652326164,0.9797646032910011,0.1459103836216608
2.593801710855428,0.9790913600812928,0.145529043000969
2.5963029564782394,0.9784198866766178,0.14514916289574134
2.5988042021010505,0.9777502068730894,0.14477074051876668
2.601305447723862,0.977082344403525,0.14439377307870557
2.6038066933466735,0.9764163229369116,0.14401825778010302
2.606307938969485,0.9757521660778729,0.14364419182340057
2.6088091845922965,0.9750898973661368,0.14327157240494898
2.6113104302151076,0.9744295402760057,0.1429003967170209
2.613811675837919,0.9737711182158266,0.14253066194782382
2.6163129214607306,0.9731146545274649,0.14216236528151327
2.618814167083542,0.972460172485777,0.14179550389820597
2.621315412706353,0.9718076952980866,0.14143007497399346
2.6238166583291647,0.9711572461036612,0.14106607568095533
2.626317903951976,0.9705088479731906,0.1407035031871735
2.6288191495747877,0.9698625239082665,0.14034235465674594
2.6313203951975987,0.9692182968408649,0.13998262724980082
2.6338216408204103,0.9685761896328274,0.13962431812251064
2.6363228864432218,0.9679362250753475,0.13926742442710704
2.6388241320660333,0.9672984258884554,0.13891194331189527
2.6413253776888443,0.9666628147205066,0.138557871921269
2.643826623311656,0.9660294141476702,0.13820520739572514
2.6463278689344674,0.9653982466734208,0.1378539468718793
2.648829114557279,0.9647693347280298,0.13750408748248072
2.6513303601800904,0.9641427006680612,0.13715562635642808
2.6538316058029014,0.9635183667758659,0.136808560618785
2.656332851425713,0.9628963552590798,0.13646288739079554
2.6588340970485245,0.962276688250122,0.1361186037899005
2.661335342671336,0.9616593878056978,0.13577570692975358
2.663836588294147,0.9610444759062988,0.13543419392023726
2.6663378339169586,0.9604319744557083,0.1350940618674795
2.66883907953977,0.9598219052805073,0.1347553078738703
2.6713403251625816,0.9592142901295819,0.13441792903807842
2.6738415707853926,0.9586091506736325,0.1340819224550682
2.676342816408204,0.9580065085046857,0.1337472852161166
2.6788440620310157,0.9574063851356067,0.13341401440883052
2.681345307653827,0.9568088019996144,0.13308210711716414
2.6838465532766387,0.9562137804497979,0.1327515604214363
2.6863477988994497,0.9556213417586348,0.13242237139834825
2.6888490445222613,0.9550315071175116,0.13209453712100147
2.6913502901450728,0.9544442976362452,0.13176805465891545
2.6938515357678843,0.9538597343426086,0.1314429210780462
2.6963527813906953,0.9532778381818539,0.13111913344080406
2.698854027013507,0.9526986300162424,0.13079668880607226
2.7013552726363184,0.9521221306245735,0.13047558422922567
2.70385651825913,0.9515483607017153,0.13015581676214916
2.706357763881941,0.9509773408581391,0.12983738345325674
2.7088590095047524,0.950409091619454,0.12952028134751015
2.711360255127564,0.9498436334259448,0.12920450748643847
2.7138615007503755,0.9492809866321107,0.12889005890815708
2.7163627463731865,0.9487211715062072,0.1285769326473872
2.718863991995998,0.9481642082297878,0.12826512573547516
2.7213652376188096,0.9476101168972508,0.12795463520041242
2.723866483241621,0.9470589175153857,0.12764545806685534
2.7263677288644326,0.946510630002923,0.12733759135614506
2.7288689744872436,0.9459652741900837,0.12703103208632752
2.731370220110055,0.9454228698181347,0.1267257772721738
2.7338714657328667,0.9448834365389428,0.12642182392520054
2.736372711355678,0.9443469939145325,0.1261191690536904
2.7388739569784892,0.9438135614166453,0.12581780966271267
2.7413752026013007,0.9432831584263014,0.12551774275414396
2.7438764482241123,0.9427558042333625,0.12521896532668925
2.7463776938469238,0.9422315180360994,0.124921474375903
2.748878939469735,0.9417103189407575,0.12462526689420998
2.7513801850925463,0.9411922259611285,0.12433033987092686
2.753881430715358,0.940677258018122,0.1240366902922835
2.7563826763381694,0.940165433939339,0.12374431514144454
2.7588839219609804,0.9396567724586504,0.12345321139853117
2.761385167583792,0.9391512922157728,0.12316337604064254
2.7638864132066034,0.9386490117558521,0.12287480604187831
2.766387658829415,0.9381499495290438,0.12258749837336003
2.7688889044522265,0.9376541238901007,0.12230145000325382
2.7713901500750375,0.9371615530979593,0.12201665789679253
2.773891395697849,0.9366722553153282,0.1217331190162978
2.7763926413206605,0.9361862486082823,0.12145083032120316
2.778893886943472,0.9357035509458558,0.12116978876807633
2.781395132566283,0.9352241801996383,0.12088999131064207
2.7838963781890946,0.9347481541433736,0.12061143489980491
2.786397623811906,0.9342754904525623,0.12033411648367259
2.7888988694347177,0.9338062067040627,0.12005803300757874
2.7914001150575287,0.9333403203756975,0.11978318141410628
2.7939013606803402,0.9328778488458617,0.11950955864311069
2.7964026063031517,0.9324188093931333,0.1192371616317437
2.7989038519259632,0.9319632191958853,0.11896598731447668
2.8014050975487748,0.9315110953319002,0.11869603262312427
2.803906343171586,0.9310624547779884,0.11842729448686841
2.8064075887943973,0.9306173144096066,0.11815976983228187
2.808908834417209,0.930175691000481,0.11789345558335274
2.8114100800400204,0.9297376012222311,0.11762834866150819
2.8139113256628314,0.9293030616439966,0.11736444598563887
2.816412571285643,0.928872088732066,0.11710174447212308
2.8189138169084544,0.9284446988495101,0.11684024103485151
2.821415062531266,0.9280209082558136,0.11657993258525143
2.823916308154077,0.9276007331065138,0.11632081603231169
2.8264175537768885,0.9271841894528381,0.1160628882826071
2.8289187993997,0.9267712932413459,0.11580614624032359
2.8314200450225115,0.9263620603135727,0.11555058680728311
2.8339212906453226,0.9259565064056763,0.11529620688296853
2.836422536268134,0.9255546471480852,0.11504300336454885
2.8389237818909456,0.925156498065151,0.11479097314690465
2.841425027513757,0.9247620745748006,0.11454011312265314
2.8439262731365686,0.9243713919881946,0.11429042018217382
2.8464275187593797,0.9239844655093845,0.11404189121363399
2.8489287643821912,0.9236013102349746,0.11379452310301418
2.8514300100050027,0.9232219411537863,0.11354831273413418
2.8539312556278142,0.9228463731465245,0.11330325698867873
2.8564325012506253,0.9224746209854463,0.11305935274622342
2.858933746873437,0.9221066993340326,0.1128165968842606
2.8614349924962483,0.921742622746663,0.11257498627822571
2.86393623811906,0.9213824056682918,0.11233451780152329
2.866437483741871,0.921026062434128,0.11209518832555337
2.8689387293646824,0.9206736072693165,0.11185699471973759
2.871439974987494,0.9203250542886237,0.11161993385154598
2.8739412206103054,0.9199804174961237,0.11138400258652333
2.8764424662331165,0.919639710784889,0.11114919778831577
2.878943711855928,0.9193029479366824,0.11091551631869745
2.8814449574787395,0.9189701426216522,0.11068295503759755
2.883946203101551,0.9186413083980303,0.11045151080312687
2.8864474487243625,0.9183164587118322,0.11022118047160501
2.8889486943471736,0.9179956068965603,0.10999196089758723
2.891449939969985,0.9176787661729099,0.10976384893389159
2.8939511855927966,0.9173659496484768,0.10953684143162624
2.896452431215608,0.9170571703174698,0.10931093524021669
2.898953676838419,0.9167524410604234,0.10908612720743302
2.9014549224612307,0.9164517746439148,0.10886241417941728
2.903956168084042,0.916155183720283,0.10863979300071125
2.9064574137068537,0.9158626808273513,0.10841826051428374
2.908958659329665,0.9155742783881512,0.10819781356155847
2.9114599049524763,0.9152899887106504,0.10797844898244141
2.913961150575288,0.9150098239874829,0.10776016361534904
2.9164623961980993,0.9147337962956821,0.10754295429723594
2.9189636418209104,0.914461917596416,0.10732681786362273
2.921464887443722,0.9141941997347265,0.10711175114862409
2.9239661330665334,0.9139306544392694,0.1068977509849769
2.926467378689345,0.91367129332206,0.10668481420406833
2.9289686243121564,0.9134161278782187,0.10647293763596402
2.9314698699349675,0.913165169485721,0.10626211810943641
2.933971115557779,0.9129184294051501,0.10605235245199293
2.9364723611805905,0.9126759187794516,0.1058436374899046
2.938973606803402,0.9124376486336923,0.10563597004823438
2.941474852426213,0.9122036298748204,0.10542934695086574
2.9439760980490246,0.9119738732914293,0.1052237650205311
2.946477343671836,0.9117483895535243,0.10501922107884071
2.9489785892946476,0.9115271892122919,0.10481571194631122
2.9514798349174587,0.9113102826998719,0.10461323444239445
2.95398108054027,0.9110976803291325,0.1044117853855062
2.9564823261630817,0.910889392293448,0.10421136159305522
2.958983571785893,0.9106854286664801,0.10401195988147204
2.9614848174087043,0.910485799401961,0.10381357706623812
2.963986063031516,0.91029051433348,0.10361620996191459
2.9664873086543273,0.9100995831742732,0.10341985538217173
2.968988554277139,0.9099130155170154,0.1032245101398179
2.9714897998999503,0.9097308208336158,0.10303017104682878
2.9739910455227614,0.9095530084750154,0.10283683491437672
2.976492291145573,0.9093795876709883,0.10264449855285979
2.9789935367683844,0.9092105675299456,0.10245315877193148
2.981494782391196,0.9090459570387425,0.10226281238052994
2.983996028014007,0.9088857650624874,0.10207345618690744
2.9864972736368185,0.9087300003443551,0.10188508699865978
2.98899851925963,0.9085786715054018,0.10169770162275607
2.9914997648824415,0.9084317870443843,0.10151129686556816
2.9940010105052526,0.908289355337581,0.10132586953290026
2.996502256128064,0.9081513846386161,0.10114141643001866
2.9990035017508756,0.9080178830782878,0.1009579343616816
3.001504747373687,0.9078888586643976,0.10077542013216875
3.0040059929964986,0.9077643192815844,0.10059387054531133
3.0065072386193097,0.9076442726911599,0.10041328240452166
3.009008484242121,0.9075287265309485,0.10023365251282326
3.0115097298649327,0.9074176883151296,0.1000549776728808
3.014010975487744,0.9073111654340814,0.09987725468702978
3.0165122211105553,0.907209165154231,0.09970048035730697
3.019013466733367,0.907111694617904,0.09952465148548001
3.0215147123561783,0.9070187608431791,0.0993497648730778
3.02401595797899,0.9069303707237454,0.09917581732142045
3.026517203601801,0.9068465310287622,0.0990028056316495
3.0290184492246124,0.9067672484027224,0.09883072660475803
3.031519694847424,0.9066925293653181,0.0986595770416209
3.0340209404702354,0.9066223803113104,0.09848935374302502
3.0365221860930465,0.906556807510401,0.09832005350969962
3.039023431715858,0.9064958171071076,0.09815167314234644
3.0415246773386695,0.9064394151206421,0.09798420944167019
3.044025922961481,0.9063876074447914,0.09781765920840882
3.0465271685842925,0.9063403998478022,0.09765201924336399
3.0490284142071036,0.906297797972268,0.09748728634743142
3.051529659829915,0.9062598073350191,0.0973234573216313
3.0540309054527266,0.9062264333270166,0.09716052896713877
3.056532151075538,0.9061976812132478,0.09699849808531448
3.059033396698349,0.906173556132627,0.09683736147773503
3.0615346423211607,0.9061540630978964,0.09667711594622344
3.064035887943972,0.9061392069955324,0.09651775829287981
3.0665371335667837,0.9061289925856545,0.09635928532011187
3.0690383791895948,0.9061234245019365,0.09620169383066556
3.0715396248124063,0.9061225072515208,0.09604498062765554
3.074040870435218,0.9061262452149367,0.09588914251459602
3.0765421160580293,0.9061346426460211,0.09573417629543124
3.0790433616808404,0.9061477036718423,0.09558007877456623
3.081544607303652,0.9061654322926266,0.09542684675689739
3.0840458529264634,0.906187832381689,0.09527447704784334
3.086547098549275,0.9062149076853656,0.09512296645337547
3.0890483441720864,0.9062466618229501,0.09497231178004872
3.0915495897948975,0.9062830982866329,0.09482250983503243
3.094050835417709,0.9063242204414432,0.0946735574261408
3.0965520810405205,0.9063700315251952,0.09452545136186402
3.099053326663332,0.9064205346484352,0.09437818845139874
3.101554572286143,0.9064757327943944,0.09423176550467903
3.1040558179089546,0.9065356288189427,0.094086179332407
3.106557063531766,0.9066002254505469,0.09394142674608377
3.1090583091545776,0.9066695252902311,0.09379750455804019
3.1115595547773887,0.9067435308115409,0.09365440958146766
3.1140608004002,0.9068222443605106,0.09351213863044888
3.1165620460230117,0.9069056681556322,0.09337068851998884
3.119063291645823,0.9069938042878298,0.09323005606604541
3.1215645372686347,0.9070866547204353,0.0930902380855604
3.1240657828914458,0.9071842212891675,0.09295123139649025
3.1265670285142573,0.9072865057021151,0.09281303281783687
3.129068274137069,0.9073935095397218,0.09267563916967853
3.1315695197598803,0.9075052342547753,0.09253904727320068
3.1340707653826914,0.9076216811723983,0.09240325395072672
3.136572011005503,0.9077428514900444,0.09226825602574892
3.1390732566283144,0.9078687462774951,0.09213405032295918
3.141574502251126,0.9079993664768616,0.09200063366827993
3.144075747873937,0.9081347129025881,0.09186800288889492
3.1465769934967485,0.9082747862414594,0.09173615481327993
3.14907823911956,0.9084195870526117,0.09160508627123382
3.1515794847423715,0.9085691157675453,0.09147479409390913
3.1540807303651825,0.9087233726901415,0.09134527511384302
3.156581975987994,0.908882357996682,0.09121652616498792
3.1590832216108056,0.9090460717358718,0.09108854408274249
3.161584467233617,0.9092145138288651,0.09096132570398226
3.1640857128564286,0.909387684069294,0.0908348678670905
3.1665869584792397,0.9095655821233006,0.0907091674119889
3.169088204102051,0.9097482075295722,0.09058422118016833
3.1715894497248627,0.9099355596993794,0.09046002601471967
3.174090695347674,0.9101276379166174,0.09033657876036441
3.1765919409704853,0.9103244413378508,0.09021387626348547
3.1790931865932968,0.9105259689923604,0.09009191537215774
3.1815944322161083,0.9107322197821942,0.08997069293617897
3.18409567783892,0.9109431924822213,0.08985020580710032
3.186596923461731,0.9111588857401882,0.089730450838257
3.1890981690845424,0.9113792980767792,0.08961142488479888
3.191599414707354,0.9116044278856789,0.08949312480372126
3.1941006603301654,0.9118342734336384,0.08937554745389535
3.1966019059529764,0.9120688328605447,0.08925868969609885
3.199103151575788,0.9123081041794928,0.08914254839304651
3.2016043971985995,0.9125520852768606,0.08902712040942069
3.204105642821411,0.912800773912388,0.08891240261190198
3.2066068884442225,0.9130541677192578,0.08879839186919947
3.2091081340670335,0.9133122642041807,0.08868508505208145
3.211609379689845,0.9135750607474827,0.08857247903340572
3.2141106253126566,0.9138425546031957,0.08846057068815007
3.216611870935468,0.9141147428991516,0.08834935689344268
3.219113116558279,0.9143916226370788,0.08823883452859255
3.2216143621810907,0.914673190692703,0.08812900047511973
3.224115607803902,0.9149594438158488,0.08801985161678577
3.2266168534267137,0.9152503786305469,0.08791138483962395
3.2291180990495247,0.9155459916351429,0.08780359703196959
3.2316193446723362,0.9158462792024092,0.08769648508449018
3.2341205902951478,0.9161512375796609,0.0875900458902158
3.2366218359179593,0.9164608628888735,0.08748427634456915
3.2391230815407703,0.9167751511268045,0.0873791733453957
3.241624327163582,0.9170940981651178,0.08727473379299386
3.2441255727863934,0.9174176997505114,0.08717095459014507
3.246626818409205,0.9177459515048474,0.08706783264214386
3.2491280640320164,0.9180788489252859,0.08696536485682782
3.2516293096548274,0.9184163873844217,0.08686354814460763
3.254130555277639,0.9187585621304234,0.08676237941849696
3.2566318009004505,0.919105368287177,0.08666185559414252
3.259133046523262,0.9194568008544306,0.08656197358985378
3.261634292146073,0.9198128547079434,0.08646273032663292
3.2641355377688845,0.9201735245996379,0.08636412272820457
3.266636783391696,0.9205388051577541,0.08626614772104564
3.2691380290145076,0.9209086908870074,0.08616880223441499
3.2716392746373186,0.92128317616875,0.0860720832003832
3.27414052026013,0.9216622552611335,0.0859759875538621
3.2766417658829416,0.9220459222992768,0.0858805122326345
3.279143011505753,0.9224341712954356,0.08578565417738371
3.2816442571285642,0.9228269961391743,0.08569141033172305
3.2841455027513757,0.9232243905975436,0.08559777764222531
3.2866467483741872,0.9236263483152575,0.08550475305845227
3.2891479939969988,0.9240328628148761,0.08541233353298405
3.2916492396198103,0.9244439274969899,0.08532051602144845
3.2941504852426213,0.9248595356404077,0.08522929748255026
3.296651730865433,0.9252796804023476,0.08513867487810055
3.2991529764882443,0.9257043548186299,0.08504864517304582
3.301654222111056,0.9261335518038742,0.08495920533549724
3.304155467733867,0.9265672641516989,0.08487035233675974
3.3066567133566784,0.9270054845349239,0.08478208315136104
3.30915795897949,0.9274482055057759,0.08469439475708072
3.3116592046023015,0.9278954194960968,0.08460728413497923
3.3141604502251125,0.9283471188175548,0.08452074826942665
3.316661695847924,0.9288032956618598,0.08443478414813176
3.3191629414707355,0.9292639421009791,0.0843493887621707
3.321664187093547,0.9297290500873582,0.08426455910601581
3.3241654327163586,0.9301986114541448,0.08418029217756441
3.3266666783391696,0.9306726179154128,0.08409658497816727
3.329167923961981,0.9311510610663933,0.08401343451265739
3.3316691695847926,0.9316339323837047,0.0839308377893785
3.334170415207604,0.9321212232255885,0.08384879182021353
3.336671660830415,0.9326129248321461,0.08376729362061305
3.3391729064532267,0.9331090283255797,0.08368634020962368
3.3416741520760382,0.9336095247104359,0.0836059286099164
3.3441753976988497,0.934114404873851,0.08352605584781488
3.346676643321661,0.9346236595858008,0.08344671895332358
3.3491778889444723,0.9351372794993529,0.08336791496015597
3.351679134567284,0.93565525515092,0.08328964090576262
3.3541803801900953,0.9361775769605194,0.08321189383135925
3.3566816258129064,0.9367042352320321,0.08313467078195466
3.359182871435718,0.9372352201534667,0.08305796880637863
3.3616841170585294,0.9377705217972258,0.08298178495730987
3.364185362681341,0.9383101301203742,0.08290611629130369
3.3666866083041525,0.9388540349649116,0.0828309598688198
3.3691878539269635,0.9394022260580464,0.08275631275424995
3.371689099549775,0.9399546930124737,0.08268217201594548
3.3741903451725865,0.9405114253266553,0.08260853472624494
3.376691590795398,0.9410724123851028,0.08253539796150153
3.379192836418209,0.9416376434586629,0.08246275880211047
3.3816940820410206,0.9422071077048069,0.08239061433253633
3.384195327663832,0.9427807941679212,0.08231896164134038
3.3866965732866436,0.9433586917796015,0.08224779782120768
3.3891978189094547,0.9439407893589503,0.08217711996897437
3.391699064532266,0.9445270756128759,0.0821069251856545
3.3942003101550777,0.9451175391363947,0.08203721057646729
3.3967015557778892,0.9457121684129369,0.08196797325086388
3.3992028014007003,0.9463109518146533,0.08189921032255429
3.401704047023512,0.946913877602727,0.0818309189095341
3.4042052926463233,0.947520933927686,0.08176309613411127
3.406706538269135,0.9481321088297188,0.08169573912293274
3.4092077838919463,0.9487473902389937,0.081628845007011
3.4117090295147574,0.94936676597598,0.08156241092175062
3.414210275137569,0.9499902237517719,0.08149643400697464
3.4167115207603804,0.950617751168415,0.08143091140695093
3.419212766383192,0.9512493357192359,0.08136584027041847
3.421714012006003,0.9518849647891741,0.08130121775061365
3.4242152576288145,0.9525246256551172,0.0812370410052962
3.426716503251626,0.9531683054862369,0.08117330719677543
3.4292177488744375,0.9538159913443304,0.08111001349193608
3.4317189944972486,0.9544676701841617,0.08104715706226437
3.43422024012006,0.9551233288538082,0.08098473508387362
3.4367214857428716,0.9557829540950069,0.08092274473753013
3.439222731365683,0.956446532543506,0.08086118320867891
3.4417239769884946,0.9571140507294172,0.0808000476874691
3.4442252226113057,0.9577854950775715,0.08073933536877957
3.446726468234117,0.9584608519078773,0.08067904345224436
3.4492277138569287,0.9591401074356815,0.08061916914227801
3.4517289594797402,0.9598232477721316,0.08055970964810083
3.4542302051025513,0.9605102589245427,0.08050066218376409
3.456731450725363,0.9612011267967656,0.08044202396817508
3.4592326963481743,0.961895837189557,0.08038379222512226
3.461733941970986,0.9625943758009539,0.08032596418330008
3.464235187593797,0.9632967282266479,0.08026853707633386
3.4667364332166084,0.9640028799603663,0.0802115081428046
3.46923767883942,0.9647128163942498,0.08015487462627365
3.4717389244622314,0.9654265228192381,0.08009863377530733
3.4742401700850425,0.9661439844254551,0.08004278284350146
3.476741415707854,0.9668651863025971,0.0799873190895057
3.4792426613306655,0.9675901134403238,0.07993223977704808
3.481743906953477,0.9683187507286509,0.07987754217495906
3.4842451525762885,0.969051082958347,0.07982322355719589
3.4867463981990996,0.9697870948213299,0.07976928120286657
3.489247643821911,0.9705267709110693,0.07971571239625391
3.4917488894447226,0.9712700957229877,0.07966251442683943
3.494250135067534,0.9720170536548668,0.07960968458932721
3.496751380690345,0.9727676290072547,0.07955722018366758
3.4992526263131567,0.9735218059838765,0.0795051185150808
3.501753871935968,0.9742795686920462,0.07945337689408057
3.5042551175587797,0.9750409011430816,0.0794019926364976
3.506756363181591,0.9758057872527217,0.07935096306350287
3.5092576088044023,0.9765742108415459,0.07930028550163097
3.511758854427214,0.9773461556353962,0.07924995728280332
3.5142601000500253,0.9781216052658005,0.07919997574435123
3.5167613456728364,0.9789005432703997,0.07915033822903887
3.519262591295648,0.9796829530933765,0.07910104208508627
3.5217638369184594,0.9804688180858859,0.0790520846661921
3.524265082541271,0.9812581215064888,0.07900346333155639
3.5267663281640824,0.9820508465215875,0.07895517544590322
3.5292675737868935,0.982846976205863,0.07890721837950317
3.531768819409705,0.9836464935427164,0.07885958950819584
3.5342700650325165,0.9844493814247092,0.07881228621341214
3.536771310655328,0.9852556226540096,0.07876530588219664
3.539272556278139,0.9860651999428376,0.07871864590722963
3.5417738019009506,0.9868780959139155,0.07867230368684916
3.544275047523762,0.9876942931009179,0.0786262766250732
3.5467762931465736,0.9885137739489249,0.07858056213162123
3.5492775387693847,0.989336520814878,0.07853515762193625
3.551778784392196,0.9901625159680377,0.07849006051720626
3.5542800300150077,0.9909917415904428,0.07844526824438602
3.556781275637819,0.9918241797773725,0.07840077823621838
3.5592825212606303,0.9926598125378101,0.07835658793125573
3.561783766883442,0.9934986217949097,0.07831269477388121
3.5642850125062533,0.9943405893864639,0.07826909621432998
3.566786258129065,0.9951856970653734,0.07822578970871018
3.5692875037518763,0.9960339265001211,0.07818277271902405
3.5717887493746874,0.9968852592752444,0.07814004271318867
3.574289994997499,0.9977396768918136,0.07809759716505682
3.5767912406203104,0.9985971607679087,0.07805543355443756
3.579292486243122,0.9994576922391011,0.07801354936711695
3.581793731865933,1.000321252558935,0.07797194209487833
3.5842949774887445,1.0011878228994133,0.07793060923552284
3.586796223111556,1.0020573843514835,0.07788954829288962
3.5892974687343675,1.002929917925525,0.07784875677687593
3.5917987143571786,1.0038054045518416,0.07780823220345726
3.59429995997999,1.004683825081153,0.07776797209470729
3.5968012056028016,1.0055651602850886,0.07772797397881767
3.599302451225613,1.0064493908566843,0.07768823539011782
3.601803696848424,1.007336497410881,0.07764875386909452
3.6043049424712357,1.0082264604850246,0.0776095269624115
3.606806188094047,1.0091192605393673,0.0775705522229288
3.6093074337168587,1.0100148779575722,0.07753182720972211
3.61180867933967,1.0109132930472193,0.07749334948810206
3.6143099249624813,1.0118144860403118,0.07745511662963314
3.616811170585293,1.0127184370937874,0.07741712621215288
3.6193124162081043,1.013625126290028,0.07737937581979071
3.621813661830916,1.0145345336373737,0.07734186304298661
3.624314907453727,1.0154466390706374,0.07730458547851002
3.6268161530765384,1.0163614224516213,0.0772675407294781
3.62931739869935,1.0172788635696361,0.07723072640537448
3.6318186443221614,1.0181989421420203,0.07719414012206745
3.6343198899449725,1.0191216378146635,0.0771577795018283
3.636821135567784,1.0200469301625283,0.07712164217334927
3.6393223811905955,1.0209747986901776,0.07708572577176179
3.641823626813407,1.021905222832301,0.0770500279386543
3.6443248724362185,1.0228381819542431,0.07701454632208998
3.6468261180590296,1.0237736553525356,0.0769792785766246
3.649327363681841,1.024711622255428,0.07694422236332386
3.6518286093046526,1.0256520618234226,0.07690937534978119
3.654329854927464,1.02659495314981,0.07687473521013484
3.656831100550275,1.0275402752612048,0.07684029962508518
3.6593323461730867,1.0284880071180873,0.07680606628191193
3.661833591795898,1.0294381276153413,0.07677203287449107
3.6643348374187097,1.0303906155827973,0.07673819710331185
3.6668360830415208,1.0313454497857761,0.07670455667549352
3.6693373286643323,1.0323026089256342,0.07667110930480198
3.6718385742871438,1.03326207164031,0.07663785271166651
3.6743398199099553,1.0342238165048723,0.07660478462319602
3.6768410655327664,1.0351878220320703,0.07657190277319555
3.679342311155578,1.0361540666728852,0.07653920490218244
3.6818435567783894,1.037122528817082,0.07650668875740244
3.684344802401201,1.0380931867937655,0.07647435209284573
3.6868460480240124,1.0390660188719345,0.07644219266926282
3.6893472936468235,1.0400410032610399,0.07641020825418028
3.691848539269635,1.0410181181115434,0.07637839662191642
3.6943497848924465,1.041997341515478,0.07634675555359687
3.696851030515258,1.042978651507008,0.07631528283716991
3.699352276138069,1.0439620260629943,0.07628397626742192
3.7018535217608806,1.044947443103557,0.07625283364599242
3.704354767383692,1.0459348804926425,0.0762218527813893
3.7068560130065036,1.0469243160385888,0.07619103148900366
3.7093572586293146,1.0479157274946953,0.07616036759112468
3.711858504252126,1.0489090925597937,0.07612985891695445
3.7143597498749377,1.049904388878816,0.07609950330262244
3.716860995497749,1.05090159404337,0.07606929859120008
3.7193622411205602,1.051900685592311,0.07603924263271514
3.7218634867433718,1.0529016410123184,0.07600933328416594
3.7243647323661833,1.0539044377384708,0.07597956840953551
3.7268659779889948,1.0549090531548235,0.07594994587980566
3.7293672236118063,1.0559154645949884,0.07592046357297084
3.7318684692346173,1.0569236493427125,0.07589111937405191
3.734369714857429,1.0579335846324607,0.07586191117510985
3.7368709604802404,1.0589452476499968,0.0758328368752593
3.739372206103052,1.0599586155329674,0.07580389438068198
3.741873451725863,1.0609736653714876,0.07577508160464004
3.7443746973486745,1.0619903742087258,0.07574639646748918
3.746875942971486,1.0630087190414905,0.07571783689669179
3.7493771885942975,1.0640286768208198,0.07568940082682986
3.7518784342171085,1.0650502244525695,0.07566108619961788
3.75437967983992,1.0660733387980037,0.07563289096391547
3.7568809254627316,1.0670979966743865,0.07560481307574
3.759382171085543,1.0681241748555739,0.07557685049827913
3.7618834167083546,1.0691518500726083,0.07554900120190307
3.7643846623311656,1.0701809990143114,0.07552126316417684
3.766885907953977,1.0712115983278825,0.07549363436987248
3.7693871535767887,1.072243624619492,0.07546611281098087
3.7718883991996,1.0732770544548806,0.07543869648672372
3.7743896448224112,1.074311864359958,0.07541138340356528
3.7768908904452227,1.0753480308214023,0.07538417157522401
3.7793921360680343,1.0763855302872591,0.075357059022684
3.7818933816908458,1.0774243391675453,0.07533004377420648
3.784394627313657,1.0784644338348486,0.07530312386534094
3.7868958729364683,1.0795057906249337,0.07527629733893641
3.78939711855928,1.0805483858373437,0.07524956224515238
3.7918983641820914,1.0815921957360066,0.07522291664146974
3.7943996098049024,1.0826371965498403,0.07519635859270155
3.796900855427714,1.0836833644733603,0.0751698861710037
3.7994021010505254,1.0847306756672856,0.07514349745588542
3.801903346673337,1.0857791062591486,0.07511719053421974
3.8044045922961485,1.086828632343903,0.07509096350025368
3.8069058379189595,1.087879229984534,0.07506481445561858
3.809407083541771,1.0889308752126692,0.07503874150933992
3.8119083291645826,1.0899835440291898,0.07501274277784742
3.814409574787394,1.0910372124048424,0.07498681638498476
3.816910820410205,1.092091856280852,0.07496096046201926
3.8194120660330166,1.0931474515695356,0.07493517314765143
3.821913311655828,1.0942039741549168,0.07490945258802438
3.8244145572786397,1.0952613998933394,0.07488379693673317
3.8269158029014507,1.0963197046140845,0.07485820435483395
3.8294170485242622,1.0973788641199858,0.074832673010853
3.8319182941470737,1.098438854188046,0.07480720108079572
3.8344195397698853,1.0994996505700558,0.07478178674815539
3.8369207853926963,1.1005612289932099,0.07475642820392187
3.839422031015508,1.1016235651607271,0.07473112364659014
3.8419232766383193,1.1026866347524686,0.07470587128216875
3.844424522261131,1.103750413425559,0.07468066932418825
3.8469257678839424,1.104814876815004,0.0746555159937091
3.8494270135067534,1.1058800005343137,0.07463040951933003
3.851928259129565,1.1069457601761234,0.0746053481371958
3.8544295047523764,1.1080121313128144,0.07458033009100509
3.856930750375188,1.109079089497136,0.07455535363201815
3.859431995997999,1.11014661026283,0.07453041701906443
3.8619332416208105,1.1112146691252525,0.07450551851854996
3.864434487243622,1.1122832415819972,0.0744806564044647
3.8669357328664336,1.1133523031135202,0.07445582895838976
3.8694369784892446,1.114421829183764,0.07443103446950437
3.871938224112056,1.1154917952407826,0.07440627123459301
3.8744394697348676,1.116562176717366,0.074381537558052
3.876940715357679,1.1176329490316659,0.07435683175189645
3.87944196098049,1.118704087587821,0.07433215213576655
3.8819432066033017,1.119775567776585,0.07430749703693429
3.8844444522261132,1.120847364975951,0.07428286479030963
3.8869456978489247,1.1219194545517783,0.0742582537384467
3.8894469434717363,1.1229918118584212,0.07423366223154998
3.8919481890945473,1.124064412239353,0.07420908862748006
3.894449434717359,1.1251372310277985,0.07418453129175974
3.8969506803401703,1.1262102435473553,0.0741599885975794
3.899451925962982,1.1272834251126276,0.07413545892580288
3.901953171585793,1.12835675102985,0.07411094066497277
3.9044544172086044,1.1294301965975189,0.0740864322113157
3.906955662831416,1.1305037371070192,0.0740619319687477
3.9094569084542274,1.1315773478432525,0.07403743834887914
3.9119581540770385,1.132651004085267,0.07401294977101971
3.91445939969985,1.1337246811068866,0.07398846466218331
3.9169606453226615,1.1347983541773383,0.07396398145709267
3.919461890945473,1.1358719985618824,0.073939498598184
3.921963136568284,1.1369455895224405,0.07391501453561138
3.9244643821910956,1.1380191023182271,0.07389052772725113
3.926965627813907,1.1390925122063753,0.07386603663870603
3.9294668734367186,1.1401657944425685,0.07384153974330933
3.93196811905953,1.1412389242816692,0.0738170355221288
3.934469364682341,1.142311876978347,0.07379252246397047
3.9369706103051527,1.143384627787709,0.0737679990653824
3.9394718559279642,1.1444571519659292,0.07374346383065823
3.9419731015507757,1.145529424770876,0.07371891527184066
3.944474347173587,1.146601421462742,0.07369435190872475
3.9469755927963983,1.1476731173046746,0.07366977226886119
3.94947683841921,1.148744487563401,0.07364517488755928
3.9519780840420213,1.149815507509861,0.07362055830789005
3.9544793296648324,1.1508861524198324,0.0735959210806889
3.956980575287644,1.1519563975745617,0.07357126176455847
3.9594818209104554,1.153026218261391,0.0735465789258712
3.961983066533267,1.1540955897743856,0.07352187113877166
3.9644843121560784,1.1551644874149638,0.07349713698517912
3.9669855577788895,1.1562328864925229,0.0734723750547896
3.969486803401701,1.1573007623250668,0.07344758394507793
3.9719880490245125,1.1583680902398343,0.07342276226129991
3.974489294647324,1.1594348455739243,0.07339790861649396
3.976990540270135,1.1605010036749237,0.07337302163148296
3.9794917858929466,1.161566539901534,0.07334809993487577
3.981993031515758,1.162631429624196,0.07332314216306879
3.9844942771385696,1.1636956482257161,0.07329814696024718
3.9869955227613807,1.1647591711018923,0.07327311297838626
3.989496768384192,1.1658219736621391,0.0732480388772525
3.9919980140070037,1.1668840313301116,0.07322292332440448
3.9944992596298152,1.1679453195443292,0.07319776499519381
3.9970005052526263,1.1690058137588013,0.0731725625727659
3.999501750875438,1.1700654894436493,0.07314731474806041
4.002002996498248,1.1711243220857304,0.073122020219812
4.00450424212106,1.17218228718926,0.07309667769455037
4.007005487743871,1.1732393602764328,0.07307128588660079
4.009506733366683,1.1742955168880467,0.07304584351808412
4.0120079789894945,1.1753507325841215,0.07302034931891672
4.014509224612306,1.1764049829445211,0.07299480202681045
4.0170104702351175,1.1774582435695733,0.0729692003872724
4.019511715857929,1.1785104900806893,0.07294354315360448
4.0220129614807405,1.1795616981209824,0.07291782908690293
4.024514207103551,1.1806118433558865,0.07289205695605773
4.027015452726363,1.1816609014737758,0.07286622553775193
4.029516698349174,1.1827088481865788,0.07284033361646064
4.032017943971986,1.1837556592303975,0.07281437998445023
4.034519189594797,1.1848013103661221,0.0727883634417771
4.037020435217609,1.185845777380048,0.07276228279628652
4.03952168084042,1.186889036084488,0.07273613686361129
4.042022926463232,1.1879310623183885,0.07270992446717024
4.044524172086043,1.1889718319479428,0.07268364443816673
4.047025417708854,1.1900113208672014,0.07265729561558687
4.049526663331665,1.1910495049986873,0.07263087684619765
4.052027908954477,1.1920863602940048,0.07260438698454517
4.054529154577288,1.1931218627344502,0.07257782489295246
4.0570304002001,1.1941559883316222,0.07255118944151724
4.059531645822911,1.1951887131280305,0.07252447950810975
4.062032891445723,1.196220013197704,0.07249769397837025
4.064534137068534,1.1972498646467975,0.07247083174570648
4.067035382691345,1.1982782436141988,0.07244389171129104
4.0695366283141565,1.199305126272134,0.07241687278405846
4.072037873936968,1.2003304888267725,0.0723897738807026
4.0745391195597795,1.2013543075188298,0.07236259392567326
4.077040365182591,1.2023765586241724,0.07233533185117336
4.079541610805403,1.203397218454418,0.07230798659715545
4.082042856428214,1.2044162633575377,0.07228055711131852
4.084544102051026,1.2054336697184556,0.07225304234910432
4.087045347673837,1.2064494139596487,0.07222544127369387
4.089546593296648,1.2074634725417446,0.07219775285600374
4.092047838919459,1.2084758219641198,0.07216997607468212
4.094549084542271,1.2094864387654947,0.0721421099161049
4.097050330165082,1.2104952995245297,0.07211415337437159
4.099551575787894,1.2115023808604195,0.07208610545130113
4.102052821410705,1.2125076594334856,0.07205796515642747
4.104554067033517,1.21351111194577,0.07202973150699529
4.107055312656328,1.2145127151416246,0.07200140352795535
4.109556558279139,1.2155124458083026,0.07197298025195985
4.11205780390195,1.216510280776547,0.07194446071935759
4.114559049524762,1.2175061969211787,0.07191584397818918
4.117060295147573,1.2185001711616816,0.07188712908418192
4.119561540770385,1.219492180462791,0.07185831510074471
4.1220627863931965,1.2204822018350756,0.07182940109896283
4.124564032016008,1.221470212335522,0.0718003861575925
4.1270652776388195,1.2224561890681165,0.07177126936305546
4.129566523261631,1.2234401091844256,0.07174204980943336
4.132067768884442,1.2244219498841762,0.07171272659846209
4.134569014507253,1.2254016884158339,0.0716832988395258
4.137070260130065,1.2263793020771798,0.07165376564965123
4.139571505752876,1.2273547682158867,0.0716241261535014
4.142072751375688,1.2283280642300942,0.07159437948336964
4.144573996998499,1.2292991675689808,0.07156452477917312
4.147075242621311,1.2302680557333376,0.07153456118844667
4.149576488244122,1.2312347062761377,0.07150448786633608
4.152077733866933,1.232199096803106,0.07147430397559161
4.154578979489744,1.2331612049732885,0.07144400868656121
4.157080225112556,1.2341210084996175,0.07141360117718372
4.159581470735367,1.2350784851494767,0.07138308063298178
4.162082716358179,1.2360336127452665,0.07135244624705492
4.16458396198099,1.2369863691649665,0.07132169722007234
4.167085207603802,1.237936732342695,0.07129083276026554
4.169586453226613,1.2388846802692712,0.07125985208342103
4.172087698849425,1.2398301909927711,0.07122875441287271
4.1745889444722355,1.2407732426190858,0.07119753897949435
4.177090190095047,1.2417138133124772,0.07116620502169171
4.1795914357178585,1.2426518812961302,0.07113475178539487
4.18209268134067,1.2435874248527066,0.07110317852405018
4.1845939269634815,1.2445204223248953,0.07107148449861214
4.187095172586293,1.245450852115962,0.07103966897753533
4.1895964182091046,1.2463786926902967,0.07100773123676613
4.192097663831916,1.2473039225739602,0.07097567055973417
4.194598909454727,1.2482265203552283,0.07094348623734403
4.197100155077538,1.2491464646851367,0.0709111775679665
4.19960140070035,1.2500637342780199,0.07087874385742991
4.202102646323161,1.2509783079120527,0.07084618441901128
4.204603891945973,1.2518901644297888,0.07081349857342738
4.207105137568784,1.252799282738697,0.07078068564882577
4.209606383191596,1.2537056418116945,0.07074774498077549
4.212107628814407,1.2546092206876844,0.070714675912258
4.214608874437219,1.2555099984720837,0.07068147779365762
4.217110120060029,1.2564079543373539,0.07064814998275222
4.219611365682841,1.257303067523532,0.07061469184470356
4.222112611305652,1.2581953173387537,0.07058110275204763
4.224613856928464,1.2590846831597797,0.07054738208468486
4.227115102551275,1.2599711444325197,0.07051352922987024
4.229616348174087,1.2608546806725522,0.07047954358220332
4.2321175937968984,1.2617352714656456,0.07044542454361809
4.23461883941971,1.2626128964682746,0.07041117152337277
4.237120085042521,1.2634875354081376,0.07037678393803959
4.239621330665332,1.2643591680846709,0.07034226121149421
4.242122576288144,1.2652277743695597,0.07030760277490535
4.244623821910955,1.2660933342072505,0.07027280806672412
4.247125067533767,1.2669558276154582,0.07023787653267324
4.249626313156578,1.2678152346856748,0.07020280762573636
4.25212755877939,1.2686715355836737,0.07016760080614698
4.254628804402201,1.2695247105500118,0.07013225554137746
4.257130050025013,1.2703747399005327,0.07009677130612799
4.259631295647823,1.2712216040268647,0.07006114758231516
4.262132541270635,1.2720652833969193,0.07002538385906083
4.264633786893446,1.2729057585553858,0.06998947963268057
4.267135032516258,1.2737430101242253,0.06995343440667216
4.269636278139069,1.2745770188031629,0.06991724769170402
4.272137523761881,1.2754077653701756,0.06988091900560325
4.274638769384692,1.2762352306819835,0.06984444787334416
4.277140015007504,1.277059395674531,0.069807833827036
4.2796412606303145,1.2778802413634742,0.06977107640591106
4.282142506253126,1.2786977488446614,0.0697341751563126
4.2846437518759375,1.279511899294612,0.06969712963168251
4.287144997498749,1.2803226739709948,0.06965993939254904
4.2896462431215605,1.281130054213104,0.06962260400651438
4.292147488744372,1.2819340214423325,0.06958512304824212
4.2946487343671835,1.2827345571626425,0.06954749609944463
4.297149979989995,1.2835316429610362,0.06950972274887036
4.2996512256128065,1.2843252605080222,0.06947180259229101
4.302152471235617,1.2851153915580806,0.0694337352324886
4.304653716858429,1.2859020179501277,0.06939552027924253
4.30715496248124,1.2866851216079742,0.06935715734931647
4.309656208104052,1.2874646845407862,0.06931864606644512
4.312157453726863,1.2882406888435407,0.06927998606132094
4.314658699349675,1.2890131166974808,0.06924117697158076
4.317159944972486,1.289781950370567,0.06920221844179239
4.319661190595298,1.2905471722179283,0.0691631101234409
4.322162436218109,1.2913087646823098,0.0691238516749151
4.32466368184092,1.292066710294518,0.06908444276149368
4.327164927463731,1.292820991673865,0.06904488305533142
4.329666173086543,1.2935715915286086,0.06900517223544522
4.332167418709354,1.2943184926563926,0.06896530998770016
4.334668664332166,1.2950616779446826,0.06892529600479518
4.337169909954977,1.2958011303712007,0.06888512998624906
4.339671155577789,1.2965368330043585,0.06884481163838607
4.3421724012006,1.2972687690036853,0.06880434067432148
4.344673646823411,1.2979969216202571,0.06876371681394718
4.347174892446223,1.298721274197122,0.06872293978391703
4.349676138069034,1.2994418101697225,0.06868200931763231
4.352177383691846,1.3001585130663156,0.06864092515522681
4.354678629314657,1.3008713665083926,0.06859968704355211
4.357179874937469,1.3015803542110946,0.06855829473616264
4.35968112056028,1.3022854599836253,0.06851674799330056
4.362182366183092,1.3029866677296624,0.06847504658188076
4.364683611805903,1.3036839614477684,0.0684331902754757
4.367184857428714,1.3043773252317932,0.06839117885429996
4.369686103051525,1.3050667432712828,0.06834901210519508
4.372187348674337,1.3057521998518773,0.06830668982161395
4.374688594297148,1.3064336793557114,0.06826421180360535
4.37718983991996,1.3071111662618122,0.0682215778577984
4.379691085542771,1.3077846451464912,0.06817878779738663
4.382192331165583,1.3084541006837385,0.06813584144211243
4.384693576788394,1.3091195176456112,0.06809273861825105
4.387194822411205,1.3097808809026206,0.0680494791585947
4.3896960680340165,1.3104381754241168,0.0680060629024364
4.392197313656828,1.31109138627867,0.06796248969555402
4.3946985592796395,1.3117404986344505,0.06791875939019391
4.397199804902451,1.3123854977596063,0.06787487184505477
4.3997010505252625,1.3130263690226367,0.06783082692527113
4.402202296148074,1.3136630978927641,0.06778662450239699
4.4047035417708855,1.3142956699403048,0.0677422644543893
4.407204787393697,1.314924070837034,0.06769774666559124
4.409706033016508,1.3155482863565515,0.06765307102671567
4.412207278639319,1.3161683023746429,0.06760823743482819
4.414708524262131,1.3167841048696394,0.0675632457933305
4.417209769884942,1.317395679922773,0.06751809601194328
4.419711015507754,1.3180030137185321,0.06747278800668925
4.422212261130565,1.3186060925450112,0.0674273216998761
4.424713506753377,1.3192049027942616,0.06738169702007929
4.427214752376188,1.3197994309626366,0.06733591390212487
4.429715997998999,1.3203896636511343,0.06728997228707206
4.43221724362181,1.3209755875657405,0.06724387212219593
4.434718489244622,1.321557189517765,0.06719761336096988
4.437219734867433,1.3221344564241777,0.06715119596304818
4.439720980490245,1.3227073753079428,0.06710461989424818
4.442222226113056,1.323275933298348,0.06705788512653281
4.444723471735868,1.3238401176313317,0.06701099163799269
4.447224717358679,1.324399915649809,0.06696393941282824
4.449725962981491,1.3249553148039936,0.0669167284413319
4.4522272086043015,1.3255063026517167,0.06686935871986999
4.454728454227113,1.3260528668587452,0.06682183025086474
4.457229699849925,1.3265949951990945,0.06677414304277614
4.459730945472736,1.3271326755553405,0.06672629711008368
4.462232191095548,1.3276658959189278,0.06667829247326809
4.464733436718359,1.3281946443904766,0.066630129158793
4.467234682341171,1.3287189091800848,0.06658180719908649
4.469735927963982,1.3292386786076296,0.06653332663252268
4.472237173586793,1.3297539411030632,0.06648468750340299
4.474738419209604,1.3302646852067106,0.06643588986193763
4.477239664832416,1.3307708995695586,0.06638693376422694
4.479740910455227,1.3312725729535475,0.06633781927224246
4.482242156078039,1.3317696942318564,0.06628854645380823
4.48474340170085,1.3322622523891876,0.06623911538258186
4.487244647323662,1.3327502365220467,0.06618952613803543
4.489745892946473,1.333233635839022,0.0661397788054366
4.492247138569285,1.3337124396610585,0.06608987347582945
4.494748384192095,1.334186637421731,0.06603981024601528
4.497249629814907,1.3346562186675144,0.06598958921853332
4.4997508754377185,1.3351211730580488,0.06593921050164153
4.50225212106053,1.3355814903664054,0.06588867420929723
4.5047533666833415,1.336037160479346,0.06583798046113752
4.507254612306153,1.3364881733975826,0.06578712938245995
4.5097558579289645,1.3369345192360316,0.06573612110420284
4.512257103551776,1.337376188224067,0.06568495576292564
4.514758349174587,1.3378131707057697,0.06563363350078942
4.517259594797398,1.3382454571401756,0.06558215446553689
4.51976084042021,1.3386730381015166,0.06553051881047266
4.522262086043021,1.3390959042794646,0.06547872669444349
4.524763331665833,1.3395140464793676,0.0654267782818182
4.527264577288644,1.3399274556224856,0.0653746737424677
4.529765822911456,1.340336122746223,0.06532241325174501
4.532267068534267,1.340740039004357,0.06526999699046501
4.534768314157079,1.3411391956672656,0.06521742514488449
4.537269559779889,1.341533584122149,0.06516469790668161
4.539770805402701,1.3419231958732525,0.06511181547293586
4.542272051025512,1.342308022542082,0.0650587780461076
4.544773296648324,1.3426880558676195,0.06500558583401767
4.547274542271135,1.343063287706535,0.06495223904982689
4.549775787893947,1.3434337100333948,0.06489873791201563
4.552277033516758,1.3437993149408676,0.06484508264436314
4.55477827913957,1.344160094639927,0.06479127347592696
4.5572795247623805,1.3445160414600512,0.06473731064102221
4.559780770385192,1.344867147849421,0.06468319437920085
4.5622820160080035,1.3452134063751113,0.06462892493523092
4.564783261630815,1.3455548097232848,0.06457450255907564
4.567284507253627,1.3458913506993775,0.06451992750587252
4.569785752876438,1.3462230222282852,0.06446520003591241
4.57228699849925,1.3465498173545445,0.06441032041461851
4.574788244122061,1.3468717292425114,0.06435528891252523
4.577289489744873,1.3471887511765388,0.06430010580525718
4.579790735367683,1.347500876561147,0.06424477137350791
4.582291980990495,1.3478080989211958,0.06418928590301877
4.584793226613306,1.348110411902049,0.06413364968455754
4.587294472236118,1.3484078092697407,0.06407786301389728
4.589795717858929,1.3487002849111338,0.06402192619179481
4.592296963481741,1.3489878328340787,0.06396583952396936
4.594798209104552,1.3492704471675685,0.06390960332108112
4.597299454727364,1.3495481221618895,0.06385321789870967
4.599800700350174,1.34982085218877,0.06379668357733251
4.602301945972986,1.3500886317415266,0.0637400006823033
4.604803191595797,1.3503514554352063,0.06368316954383048
4.607304437218609,1.3506093180067251,0.06362619049695525
4.6098056828414204,1.3508622143150055,0.06356906388153007
4.612306928464232,1.351110139341109,0.06351179004219672
4.6148081740870435,1.3513530881883664,0.06345436932836455
4.617309419709855,1.3515910560825057,0.06339680209418862
4.6198106653326665,1.351824038371775,0.06333908869854764
4.622311910955477,1.3520520305270642,0.0632812295050222
4.624813156578289,1.352275028142023,0.06322322488187256
4.6273144022011,1.3524930269331752,0.06316507520201674
4.629815647823912,1.3527060227400303,0.06310678084300841
4.632316893446723,1.3529140115251932,0.06304834218701469
4.634818139069535,1.353116989374469,0.06298975962079403
4.637319384692346,1.3533149524969652,0.06293103353567399
4.639820630315158,1.3535078972251915,0.0628721643275289
4.642321875937968,1.3536958200151559,0.06281315239675773
4.64482312156078,1.3538787174464577,0.06275399814826153
4.647324367183591,1.3540565862223786,0.06269470199142131
4.649825612806403,1.3542294231699672,0.06263526434007538
4.652326858429214,1.3543972252401262,0.06257568561249709
4.654828104052026,1.3545599895076899,0.06251596623137223
4.657329349674837,1.3547177131715038,0.062456106623776556
4.659830595297649,1.3548703935544988,0.062396107221153185
4.66233184092046,1.3550180281037616,0.06233596845929004
4.664833086543271,1.3551606143906039,0.06227569077829719
4.6673343321660825,1.355298150110628,0.06221527462258419
4.669835577788894,1.3554306330837873,0.06215472044083735
4.6723368234117055,1.355558061254446,0.062094028685997046
4.674838069034517,1.3556804326914351,0.06203319981523494
4.6773393146573286,1.3557977455881052,0.061972234289931115
4.67984056028014,1.3559099982623748,0.06191113257565131
4.682341805902952,1.3560171891567778,0.061849895142123995
4.684843051525763,1.3561193168385073,0.061788522463217525
4.687344297148574,1.3562163799994533,0.06172701501691715
4.689845542771385,1.3563083774562426,0.06166537328530205
4.692346788394197,1.3563953081502707,0.06160359775452239
4.694848034017008,1.3564771711477335,0.061541688914776294
4.69734927963982,1.3565539656396541,0.06147964726028671
4.699850525262631,1.3566256909419083,0.061417473289278414
4.702351770885443,1.3566923464952452,0.061355167503954866
4.704853016508254,1.3567539318653048,0.06129273041047503
4.707354262131065,1.3568104467426347,0.061230162518930306
4.709855507753876,1.3568618909427008,0.06116746434332117
4.712356753376688,1.356908264405896,0.06110463640153412
4.714857998999499,1.356949567197547,0.06104167921531838
4.717359244622311,1.3569857995079149,0.060978593310262535
4.719860490245122,1.3570169616521968,0.06091537921577135
4.722361735867934,1.3570430540705198,0.06085203746504235
4.7248629814907455,1.3570640773279363,0.060788568595042544
4.727364227113557,1.3570800321144123,0.06072497314648503
4.729865472736368,1.3570909192448144,0.060661251663805565
4.732366718359179,1.3570967396588944,0.06059740469513914
4.734867963981991,1.3570974944212695,0.06053343279229663
4.737369209604802,1.3570931847213985,0.06046933651074121
4.739870455227614,1.357083811873558,0.06040511640956496
4.742371700850425,1.3570693773168123,0.06034077305146529
4.744872946473237,1.357049882614982,0.06027630700272148
4.747374192096048,1.3570253294566075,0.060211718833170995
4.749875437718859,1.3569957196549136,0.06014700911618617
4.75237668334167,1.356961055147765,0.06008217842865031
4.754877928964482,1.3569213379976235,0.060017227350934295
4.757379174587293,1.3568765703915004,0.059952156466872936
4.759880420210105,1.3568267546409047,0.05988696636374123
4.762381665832916,1.3567718931817905,0.05982165763223081
4.764882911455728,1.3567119885744985,0.05975623086642616
4.767384157078539,1.3566470435036977,0.059690686663781065
4.769885402701351,1.3565770607783199,0.05962502562509472
4.7723866483241615,1.3565020433314958,0.05955924835448817
4.774887893946973,1.356421994220483,0.059493355459380406
4.7773891395697845,1.3563369166265955,0.05942734755046479
4.779890385192596,1.3562468138551267,0.05936122524168515
4.7823916308154075,1.3561516893352707,0.059294989150212044
4.784892876438219,1.3560515466200411,0.059228639896418946
4.7873941220610305,1.355946389386185,0.05916217810385845
4.789895367683842,1.355836221434095,0.05909560439923846
4.792396613306653,1.355721046687719,0.059028919412398316
4.794897858929464,1.3556008691944639,0.058962123776284944
4.797399104552276,1.3554756931251002,0.05889521812692908
4.799900350175087,1.3553455227736597,0.058828203103421295
4.802401595797899,1.3552103625573326,0.0587610793478882
4.80490284142071,1.3550702170163613,0.0586938475054685
4.807404087043522,1.3549250908139292,0.058626508224289116
4.809905332666333,1.354774988736049,0.05855906215544133
4.812406578289145,1.3546199156914456,0.058491509952956745
4.814907823911955,1.3544598767114384,0.05842385227378354
4.817409069534767,1.354294876949818,0.05835608977776234
4.819910315157578,1.354124921682721,0.058288223127602456
4.82241156078039,1.3539500163085019,0.05822025298885782
4.824912806403201,1.3537701663476018,0.05815218002990312
4.827414052026013,1.3535853774424147,0.05808400492190981
4.829915297648824,1.3533956553571485,0.058015728338822126
4.832416543271636,1.3532010059776844,0.057947350957333145
4.834917788894447,1.3530014353114352,0.057878873456860866
4.837419034517258,1.352796949487197,0.05781029651952411
4.83992028014007,1.3525875547549995,0.05774162083011868
4.842421525762881,1.3523732574859542,0.05767284707609332
4.844922771385693,1.3521540641720975,0.05760397594752574
4.847424017008504,1.3519299814262327,0.05753500813709863
4.849925262631316,1.3517010159817673,0.05746594434007567
4.852426508254127,1.351467174692549,0.05739678525427758
4.854927753876939,1.3512284645326975,0.05732753158005807
4.857428999499749,1.3509848925964332,0.05725818402027998
4.859930245122561,1.350736466097903,0.0571887432802911
4.862431490745372,1.3504831923710046,0.05711921006790034
4.864932736368184,1.3502250788692054,0.05704958509335376
4.867433981990995,1.3499621331653593,0.05697986906931043
4.869935227613807,1.3496943629515217,0.05691006271081861
4.872436473236618,1.3494217760387608,0.05684016673529172
4.87493771885943,1.3491443803569636,0.056770181862484316
4.8774389644822405,1.3488621839546433,0.05670010881446824
4.879940210105052,1.34857519499874,0.05662994831560845
4.8824414557278635,1.3482834217744202,0.0565597010925393
4.884942701350675,1.3479868726848732,0.05648936787414042
4.8874439469734865,1.3476855562511036,0.05641894939151281
4.889945192596298,1.347379481111723,0.056348446377954935
4.8924464382191095,1.347068656022735,0.05627785956893867
4.894947683841921,1.3467530898573215,0.0562071897020855
4.8974489294647325,1.3464327916056233,0.05613643751714253
4.899950175087543,1.3461077703745188,0.056065603755958544
4.902451420710355,1.3457780353873987,0.055994689162460115
4.904952666333166,1.34544359598394,0.055923694482627725
4.907453911955978,1.3451044616198746,0.05585262046447186
4.909955157578789,1.3447606418667568,0.055781467858009116
4.912456403201601,1.344412146411726,0.055710237415238284
4.914957648824412,1.3440589850572693,0.05563892989011659
4.917458894447224,1.3437011677209783,0.05556754603853573
4.919960140070034,1.3433387044353047,0.055496086618298114
4.922461385692846,1.3429716053473122,0.055424552389092885
4.924962631315657,1.3425998807184274,0.05535294411247234
4.927463876938469,1.3422235409241838,0.0552812625518279
4.92996512256128,1.3418425964539684,0.05520950847236646
4.932466368184092,1.3414570579107596,0.0551376826410865
4.934967613806903,1.341066936010868,0.055065785826754365
4.937468859429715,1.3406722415836696,0.05499381879988057
4.939970105052526,1.3402729855713378,0.05492178233269591
4.942471350675337,1.3398691790285753,0.05484967719912791
4.944972596298149,1.3394608331223379,0.05477750417477693
4.94747384192096,1.3390479591315603,0.05470526403689264
4.949975087543772,1.338630568446876,0.054632957564350264
4.952476333166583,1.3382086725703362,0.054560585537626896
4.954977578789395,1.3377822831151245,0.054488148738777886
4.957478824412206,1.3373514118052703,0.05441564795141324
4.959980070035018,1.3369160704753582,0.05434308396067394
4.962481315657829,1.336476271070235,0.05427045755320839
4.96498256128064,1.3360320256447142,0.05419776951714892
4.967483806903451,1.3355833463632776,0.054125020642088024
4.969985052526263,1.3351302454997738,0.05405221171905506
4.972486298149074,1.3346727354371142,0.0539793435404926
4.974987543771886,1.334210828666967,0.05390641690023298
4.977488789394697,1.3337445377894468,0.053833432593474805
4.979990035017509,1.3332738755128033,0.0537603914167595
4.98249128064032,1.3327988546531058,0.05368729416794791
4.984992526263131,1.3323194881339262,0.053614141646196885
4.9874937718859425,1.3318357889860177,0.053540934651935795
4.989995017508754,1.3313477703469936,0.053467673986843336
4.9924962631315655,1.3308554454609998,0.053394360453824063
4.994997508754377,1.330358827678388,0.05332099485698514
4.9974987543771885,1.3298579304553835,0.053247578001613
5.0,1.3293527673537522,0.05317411069415009
