Amax,xi,psi
2,0.0,0.0
2,0.025031289111389236,0.0011561141650883277
2,0.05006257822277847,0.004623047112086121
2,0.0750938673341677,0.0103965725190579
2,0.10012515644555695,0.0184696542546666
2,0.1251564455569462,0.02883245797086039
2,0.1501877346683354,0.04147236730237141
2,0.17521902377972465,0.05637400464283744
2,0.2002503128911139,0.07351925645883482
2,0.22528160200250313,0.09288730309466213
2,0.2503128911138924,0.11445465301237101
2,0.2753441802252816,0.13819518140329062
2,0.3003754693366708,0.16408017309918432
2,0.32540675844806005,0.19207836970320602
2,0.3504380475594493,0.22215602085300956
2,0.37546933667083854,0.25427693952073144
2,0.4005006257822278,0.28840256124711405
2,0.425531914893617,0.3244920071998013
2,0.45056320400500627,0.36250215093880556
2,0.4755944931163955,0.4023876887653589
2,0.5006257822277848,0.4441012135238152
2,0.5256570713391739,0.4875932917199768
2,0.5506883604505632,0.5328125438132136
2,0.5757196495619524,0.5797057275339971
2,0.6007509386733416,0.6282178240730455
2,0.6257822277847309,0.6782921269831306
2,0.6508135168961201,0.7298703336297832
2,0.6758448060075094,0.7828926390226412
2,0.7008760951188986,0.8372978318550098
2,0.7259073842302879,0.8930233925753976
2,0.7509386733416771,0.9500055933112963
2,0.7759699624530664,1.0081795994623755
2,0.8010012515644556,1.0674795727774784
2,0.8260325406758448,1.1278387757274304
2,0.851063829787234,1.1891896769836316
2,0.8760951188986232,1.2514640578107543
2,0.9011264080100125,1.3145931191806008
2,0.9261576971214017,1.378507589413254
2,0.951188986232791,1.4431378321511557
2,0.9762202753441802,1.5084139544715898
2,1.0012515644555695,1.5742659149432947
2,1.0262828535669586,1.6406236314335367
2,1.0513141426783479,1.7074170884729774
2,1.0763454317897372,1.7745764439870155
2,1.1013767209011265,1.842032135204046
2,1.1264080100125156,1.9097149835531473
2,1.1514392991239049,1.9775562983661976
2,1.1764705882352942,2.045487979202211
2,1.2015018773466832,2.113442616614881
2,1.2265331664580725,2.1813535911877944
2,1.2515644555694618,2.24915517066564
2,1.2765957446808511,2.3167826050138984
2,1.3016270337922402,2.3841722192439816
2,1.3266583229036295,2.451261503845585
2,1.3516896120150188,2.5179892026730926
2,1.376720901126408,2.5842953981382597
2,1.4017521902377972,2.6501215935670404
2,1.4267834793491865,2.715410792584337
2,1.4518147684605758,2.780107575396592
2,1.4768460575719649,2.844158171848572
2,1.5018773466833542,2.90751053113728
2,1.5269086357947435,2.9701143880727647
2,1.5519399249061328,3.0319213257826405
2,1.5769712140175218,3.0928848347643028
2,1.6020025031289111,3.1529603681962186
2,1.6270337922403004,3.2121053934271617
2,1.6520650813516895,3.2702794395699484
2,1.6770963704630788,3.32744414113397
2,1.702127659574468,3.3835632776386975
2,1.7271589486858574,3.4386028091583105
2,1.7521902377972465,3.492530907755606
2,1.7772215269086358,3.5453179847714473
2,1.802252816020025,3.596936713944104
2,1.8272841051314141,3.647362050341008
2,1.8523153942428034,3.69657124509357
2,1.8773466833541927,3.7445438559338244
2,1.902377972465582,3.791261753539799
2,1.9274092615769711,3.8367091237045363
2,1.9524405506883604,3.8808724653516933
2,1.9774718397997497,3.9237405844285616
2,2.002503128911139,3.965304583715179
2,2.0275344180225283,4.005557848595904
2,2.052565707133917,4.04449602884741
2,2.0775969962453065,4.082117016504532
2,2.1026282853566958,4.118420919872632
2,2.127659574468085,4.153410033762354
2,2.1526908635794744,4.187088806029518
2,2.1777221526908637,4.219463800509663
2,2.202753441802253,4.250543656443307
2,2.227784730913642,4.28033904449428
2,2.252816020025031,4.308862619469595
2,2.2778473091364204,4.336128969855114
2,2.3028785982478097,4.362154564286907
2,2.327909887359199,4.38695769508344
2,2.3529411764705883,4.4105584189688365
2,2.3779724655819776,4.432978495122159
2,2.4030037546933665,4.454241320692109
2,2.4280350438047558,4.474371863920751
2,2.453066332916145,4.493396595023624
2,2.4780976220275344,4.511343414977214
2,2.5031289111389237,4.528241582367893
2,2.528160200250313,4.544121638459369
2,2.5531914893617023,4.559015330638175
2,2.5782227784730916,4.572955534398982
2,2.6032540675844804,4.585976174033348
2,2.6282853566958697,4.598112142187084
2,2.653316645807259,4.60939921845254
2,2.6783479349186483,4.61987398716304
2,2.7033792240300376,4.629573754557082
2,2.728410513141427,4.638536465480163
2,2.753441802252816,4.6468006197918434
2,2.778473091364205,4.654405188645138
2,2.8035043804755944,4.661389530804463
2,2.8285356695869837,4.667793309167154
2,2.853566958698373,4.673656407652016
2,2.8785982478097623,4.6790188486165345
2,2.9036295369211516,4.683920710962155
2,2.928660826032541,4.688402049084566
2,2.9536921151439297,4.692502812823099
2,2.978723404255319,4.696262768560256
2,3.0037546933667083,4.699721421618961
2,3.0287859824780976,4.702917940101462
2,3.053817271589487,4.705891080309839
2,3.078848560700876,4.7086791138838535
2,3.1038798498122655,4.711319756787372
2,3.1289111389236544,4.713850100269907
2,3.1539424280350437,4.716306543924807
2,3.178973717146433,4.718724730960491
2,3.2040050062578223,4.721139485795701
2,3.2290362953692116,4.723584754084159
2,3.254067584480601,4.726093545268239
2,3.27909887359199,4.728697877755327
2,3.304130162703379,4.731428726804413
2,3.3291614518147683,4.734315975204227
2,3.3541927409261576,4.737388366817821
2,3.379224030037547,4.740673463062043
2,3.404255319148936,4.74419760238369
2,3.4292866082603255,4.747985862787487
2,3.454317897371715,4.752062027464227
2,3.4793491864831037,4.756448553560641
2,3.504380475594493,4.7611665441256275
2,3.5294117647058822,4.766235723260656
2,3.5544430538172715,4.771674414495156
2,3.579474342928661,4.777499522400903
2,3.60450563204005,4.783726517452386
2,3.6295369211514394,4.7903694241334165
2,3.6545682102628283,4.797440812283283
2,3.6795994993742176,4.804951791669102
2,3.704630788485607,4.8129120097642435
2,3.729662077596996,4.821329652706159
2,3.7546933667083855,4.830211449400408
2,3.779724655819775,4.839562678731285
2,3.804755944931164,4.849387179833208
2,3.829787234042553,4.859687365370867
2,3.8548185231539422,4.870464237770202
2,3.8798498122653315,4.881717408336418
2,3.904881101376721,4.893445119189647
2,3.92991239048811,4.905644267943398
2,3.9549436795994994,4.918310435045688
2,3.9799749687108887,4.931437913697703
2,4.005006257822278,4.945019742259978
2,4.030037546933667,4.959047739051553
2,4.055068836045057,4.973512539443083
2,4.080100125156446,4.988403635140877
2,4.105131414267834,5.003709415554834
2,4.130162703379224,5.019417211139744
2,4.155193992490613,5.035513338595969
2,4.180225281602002,5.051983147812491
2,4.2052565707133915,5.06881107043246
2,4.230287859824781,5.085980669918871
2,4.25531914893617,5.103474692995728
2,4.280350438047559,5.121275122338064
2,4.305381727158949,5.139363230382576
2,4.330413016270338,5.157719634129141
2,4.355444305381727,5.176324350802496
2,4.380475594493117,5.19515685424245
2,4.405506883604506,5.214196131890574
2,4.430538172715895,5.2334207422410355
2,4.455569461827284,5.252808872623327
2,4.480600750938673,5.272338397185028
2,4.505632040050062,5.2919869349433055
2,4.5306633291614515,5.311731907774894
2,4.555694618272841,5.331550598215397
2,4.58072590738423,5.351420206940291
2,4.605757196495619,5.371317909801757
2,4.630788485607009,5.391220914297473
2,4.655819774718398,5.411106515349742
2,4.680851063829787,5.430952150275937
2,4.705882352941177,5.450735452833925
2,4.730913642052566,5.470434306229189
2,4.755944931163955,5.490026894973604
2,4.7809762202753445,5.509491755489246
2,4.806007509386733,5.528807825354325
2,4.831038798498122,5.547954491092185
2,4.8560700876095115,5.5669116344083385
2,4.881101376720901,5.585659676784835
2,4.90613266583229,5.6041796223456135
2,4.931163954943679,5.622453098911054
2,4.956195244055069,5.640462397164751
2,4.981226533166458,5.658190507860323
2,5.006257822277847,5.675621157001073
2,5.031289111389237,5.692738838930499
2,5.056320400500626,5.709528847276737
2,5.081351689612015,5.725977303699437
2,5.1063829787234045,5.7420711843928816
2,5.131414267834794,5.757798344304642
2,5.156445556946183,5.773147539034523
2,5.1814768460575715,5.7881084443841235
2,5.206508135168961,5.802671673532897
2,5.23153942428035,5.816828791822159
2,5.256570713391739,5.830572329134085
2,5.281602002503129,5.843895789858339
2,5.306633291614518,5.856793660444468
2,5.331664580725907,5.869261414543782
2,5.356695869837297,5.881295515749851
2,5.381727158948686,5.892893417952197
2,5.406758448060075,5.904053563323096
2,5.4317897371714645,5.9147753779626315
2,5.456821026282854,5.9250592652323615
2,5.481852315394243,5.9349065968129615
2,5.506883604505632,5.94431970152619
2,5.531914893617021,5.953301851966335
2,5.55694618272841,5.961857248990957
2,5.581977471839799,5.969991004125319
2,5.607008760951189,5.977709119939243
2,5.632040050062578,5.985018468459376
2,5.657071339173967,5.9919267676838555
2,5.682102628285357,5.998442556270285
2,5.707133917396746,6.004575166471548
2,5.732165206508135,6.010334695397508
2,5.7571964956195245,6.015731974683892
2,5.782227784730914,6.0207785386527535
2,5.807259073842303,6.025486591051739
2,5.832290362953692,6.029868970462026
2,5.857321652065082,6.0339391144672305
2,5.88235294117647,6.037711022677723
2,5.907384230287859,6.041199218706788
2,5.932415519399249,6.044418711196766
2,5.957446808510638,6.047384953994749
2,5.982478097622027,6.050113805578749
2,6.007509386733417,6.052621487836115
2,6.032540675844806,6.054924544296868
2,6.057571964956195,6.057039797925045
2,6.0826032540675845,6.058984308571475
2,6.107634543178974,6.060775330191399
2,6.132665832290363,6.062430267930181
2,6.157697121401752,6.063966635179895
2,6.182728410513142,6.0654020107088975
2,6.207759699624531,6.066753995965582
2,6.232790988735919,6.068040172656401
2,6.257822277847309,6.0692780606968295
2,6.282853566958698,6.0704850766324165
2,6.307884856070087,6.071678492625258
2,6.332916145181477,6.072875396099176
2,6.357947434292866,6.074092650134753
2,6.382978723404255,6.075346854702918
2,6.4080100125156445,6.076654308823176
2,6.433041301627034,6.078030973729838
2,6.458072590738423,6.079492437126592
2,6.483103879849812,6.081053878606696
2,6.508135168961202,6.082730036312732
2,6.533166458072591,6.084535174906466
2,6.55819774718398,6.086483054915751
2,6.58322903629537,6.088586903521734
2,6.608260325406758,6.090859386845753
2,6.633291614518147,6.093312583791405
2,6.658322903629537,6.0959579614931565
2,6.683354192740926,6.098806352418807
2,6.708385481852315,6.101867933168766
2,6.7334167709637045,6.105152205010928
2,6.758448060075094,6.1086679761854485
2,6.783479349186483,6.112423346009388
2,6.808510638297872,6.116425690806673
2,6.833541927409262,6.120681651684341
2,6.858573216520651,6.125197124171551
2,6.88360450563204,6.12997724973326
2,6.90863579474343,6.135026409165983
2,6.933667083854819,6.140348217878543
2,6.958698372966207,6.145945523056161
2,6.983729662077597,6.151820402701859
2,7.008760951188986,6.157974166544677
2,7.033792240300375,6.164407358799832
2,7.0588235294117645,6.171119762761695
2,7.083854818523154,6.17811040720613
2,7.108886107634543,6.18537757457473
2,7.133917396745932,6.192918810909243
2,7.158948685857322,6.200730937500694
2,7.183979974968711,6.208810064213732
2,7.2090112640801,6.217151604443032
2,7.23404255319149,6.225750291654993
2,7.259073842302879,6.234600197464451
2,7.284105131414268,6.24369475119281
2,7.309136420525657,6.253026760850784
2,7.334167709637046,6.262588435485929
2,7.359198998748435,6.272371408832221
2,7.3842302878598245,6.282366764196259
2,7.409261576971214,6.292565060512123
2,7.434292866082603,6.302956359494507
2,7.459324155193992,6.3135302538176425
2,7.484355444305382,6.324275896245426
2,7.509386733416771,6.335182029636447
2,7.53441802252816,6.3462370177459135
2,7.55944931163955,6.357428876745117
2,7.584480600750939,6.368745307377753
2,7.609511889862328,6.380173727671524
2,7.6345431789737175,6.391701306122454
2,7.659574468085106,6.403314995268855
2,7.684605757196495,6.4150015655713934
2,7.7096370463078845,6.42674763951545
2,7.734668335419274,6.438539725852021
2,7.759699624530663,6.450364253893516
2,7.784730913642052,6.4622076077811785
2,7.809762202753442,6.474056160641479
2,7.834793491864831,6.48589630854954
2,7.85982478097622,6.497714504218607
2,7.88485607008761,6.509497290335753
2,7.909887359198999,6.5212313324653
2,7.934918648310388,6.532903451442931
2,7.9599499374217775,6.544500655185213
2,7.984981226533167,6.556010169840992
2,8.010012515644556,6.567419470213238
2,8.035043804755945,6.578716309382051
2,8.060075093867335,6.589888747461806
2,8.085106382978724,6.600925179428038
2,8.110137672090113,6.611814361952093
2,8.135168961201503,6.622545439184496
2,8.160200250312892,6.633107967430716
2,8.185231539424281,6.6434919386661155
2,8.210262828535669,6.653687802839883
2,8.235294117647058,6.6636864889210194
2,8.260325406758447,6.673479424642702
2,8.285356695869837,6.6830585549047825
2,8.310387984981226,6.692416358797599
2,8.335419274092615,6.701545865213842
2,8.360450563204004,6.710440667018795
2,8.385481852315394,6.71909493375292
2,8.410513141426783,6.727503422844475
2,8.435544430538172,6.735661489313502
2,8.460575719649562,6.743565093952368
2,8.485607008760951,6.751210809971715
2,8.51063829787234,6.7585958281044825
2,8.53566958698373,6.765717960164476
2,8.560700876095119,6.7725756410596025
2,8.585732165206508,6.7791679292637355
2,8.610763454317897,6.785494505754812
2,8.635794743429287,6.791555671430466
2,8.660826032540676,6.7973523430160885
2,8.685857321652065,6.802886047483811
2,8.710888610763455,6.808158915004358
2,8.735919899874844,6.813173670457237
2,8.760951188986233,6.817933623527933
2,8.785982478097623,6.822442657424228
2,8.811013767209012,6.826705216246772
2,8.836045056320401,6.830726291052196
2,8.86107634543179,6.834511404649988
2,8.88610763454318,6.8380665951772155
2,8.911138923654567,6.8413983984978515
2,8.936170212765957,6.844513829476156
2,8.961201501877346,6.847420362175928
2,8.986232790988735,6.85012590903983
2,9.011264080100124,6.852638799105179
2,9.036295369211514,6.85496775531459
2,9.061326658322903,6.8571218709818
2,9.086357947434292,6.859110585474674
2,9.111389236545682,6.86094365917904
2,9.136420525657071,6.86263114780833
2,9.16145181476846,6.864183376125332
2,9.18648310387985,6.865610911143375
2,9.211514392991239,6.866924534875218
2,9.236545682102628,6.86813521669866
2,9.261576971214017,6.869254085408427
2,9.286608260325407,6.870292401024351
2,9.311639549436796,6.87126152642602
2,9.336670838548185,6.8721728988842
2,9.361702127659575,6.873038001559188
2,9.386733416770964,6.873868335035969
2,9.411764705882353,6.87467538896564
2,9.436795994993743,6.8754706138819035
2,9.461827284105132,6.876265393260704
2,9.486858573216521,6.877071015890118
2,9.51188986232791,6.877898648616492
2,9.5369211514393,6.8787593095316595
2,9.561952440550689,6.879663841664541
2,9.586983729662078,6.8806228872390065
2,9.612015018773466,6.88164686255811
2,9.637046307884855,6.882745933573016
2,9.662077596996244,6.883929992192984
2,9.687108886107634,6.885208633390652
2,9.712140175219023,6.886591133154715
2,9.737171464330412,6.888086427339701
2,9.762202753441802,6.889703091460185
2,9.787234042553191,6.891449321474206
2,9.81226533166458,6.8933329155979965
2,9.83729662077597,6.895361257191504
2,9.862327909887359,6.897541298751258
2,9.887359198998748,6.899879547044372
2,9.912390488110137,6.902382049414439
2,9.937421777221527,6.905054381287113
2,9.962453066332916,6.907901634900104
2,9.987484355444305,6.910928409279185
2,10.012515644555695,6.914138801478695
2,10.037546933667084,6.917536399101825
2,10.062578222778473,6.921124274112785
2,10.087609511889863,6.924904977949734
2,10.112640801001252,6.928880537944165
2,10.137672090112641,6.933052455049134
2,10.16270337922403,6.937421702875667
2,10.18773466833542,6.941988728033304
2,10.212765957446809,6.946753451767735
2,10.237797246558198,6.951715272885233
2,10.262828535669588,6.956873071950557
2,10.287859824780977,6.9622252167419365
2,10.312891113892366,6.967769568943722
2,10.337922403003754,6.973503492054407
2,10.362953692115143,6.979423860484816
2,10.387984981226532,6.98552706981846
2,10.413016270337922,6.99180904820341
2,10.438047559449311,6.998265268842328
2,10.4630788485607,7.004890763544818
2,10.48811013767209,7.011680137303836
2,10.513141426783479,7.0186275838555074
2,10.538172715894868,7.025726902179583
2,10.563204005006257,7.03297151389553
2,10.588235294117647,7.0403544815074
2,10.613266583229036,7.047868527448653
2,10.638297872340425,7.055506053876445
2,10.663329161451815,7.06325916316324
2,10.688360450563204,7.0711196790321775
2,10.713391739674593,7.0790791682812255
2,10.738423028785983,7.087128963040083
2,10.763454317897372,7.09526018350256
2,10.788485607008761,7.1034637610764495
2,10.81351689612015,7.1117304618919945
2,10.83854818523154,7.120050910609539
2,10.863579474342929,7.128415614466407
2,10.888610763454318,7.136814987502802
2,10.913642052565708,7.145239374906297
2,10.938673341677097,7.153679077414505
2,10.963704630788486,7.16212437571561
2,10.988735919899876,7.170565554786728
2,11.013767209011265,7.178992928110495
2,11.038798498122652,7.187396861710811
2,11.063829787234042,7.195767797949399
2,11.088861076345431,7.204096279025675
2,11.11389236545682,7.21237297012339
2,11.13892365456821,7.220588682148623
2,11.163954943679599,7.228734394004987
2,11.188986232790988,7.236801274353192
2,11.214017521902377,7.244780702803715
2,11.239048811013767,7.252664290492829
2,11.264080100125156,7.260443899994081
2,11.289111389236545,7.268111664519022
2,11.314142678347935,7.27566000636309
2,11.339173967459324,7.283081654554399
2,11.364205256570713,7.290369661665515
2,11.389236545682103,7.297517419750395
2,11.414267834793492,7.304518675371015
2,11.439299123904881,7.3113675436806105
2,11.46433041301627,7.318058521532909
2,11.48936170212766,7.324586499589209
2,11.514392991239049,7.330946773397822
2,11.539424280350438,7.337135053422944
2,11.564455569461828,7.343147474002754
2,11.589486858573217,7.348980601219229
2,11.614518147684606,7.354631439664909
2,11.639549436795996,7.360097438094638
2,11.664580725907385,7.36537649395306
2,11.689612015018774,7.3704669567715015
2,11.714643304130163,7.375367630430617
2,11.739674593241553,7.380077774288027
2,11.76470588235294,7.384597103172931
2,11.78973717146433,7.388925786252504
2,11.814768460575719,7.393064444777548
2,11.839799749687108,7.397014148717728
2,11.864831038798497,7.400776412299272
2,11.889862327909887,7.404353188460739
2,11.914893617021276,7.407746862245066
2,11.939924906132665,7.410960243148567
2,11.964956195244055,7.413996556450121
2,11.989987484355444,7.4168594335461595
2,12.015018773466833,7.419552901319408
2,12.040050062578223,7.422081370571583
2,12.065081351689612,7.424449623552493
2,12.090112640801001,7.426662800619973
2,12.11514392991239,7.428726386067185
2,12.14017521902378,7.430646193155667
2,12.165206508135169,7.432428348394308
2,12.190237797246558,7.434079275106143
2,12.215269086357948,7.435605676326459
2,12.240300375469337,7.437014517077088
2,12.265331664580726,7.438313006063283
2,12.290362953692116,7.439508576840612
2,12.315394242803505,7.440608868500576
2,12.340425531914894,7.441621705924584
2,12.365456821026283,7.4425550796567865
2,12.390488110137673,7.4434171254470005
2,12.415519399249062,7.444216103515593
2,12.440550688360451,7.444960377592677
2,12.465581977471839,7.44565839378426
2,12.490613266583228,7.446318659318292
2,12.515644555694617,7.4469497212235884
2,12.540675844806007,7.447560144994567
2,12.565707133917396,7.448158493294617
2,12.590738423028785,7.448753304750528
2,12.615769712140175,7.449353072890071
2,12.640801001251564,7.449966225274213
2,12.665832290362953,7.450601102874767
2,12.690863579474343,7.45126593974752
2,12.715894868585732,7.451968843049913
2,12.740926157697121,7.452717773451347
2,12.76595744680851,7.453520525982987
2,12.7909887359199,7.454384711372752
2,12.816020025031289,7.455317737909718
2,12.841051314142678,7.456326793880757
2,12.866082603254068,7.457418830620618
2,12.891113892365457,7.458600546215017
2,12.916145181476846,7.459878369894517
2,12.941176470588236,7.461258447155151
2,12.966207759699625,7.462746625639799
2,12.991239048811014,7.464348441812353
2,13.016270337922403,7.466069108454571
2,13.041301627033793,7.46791350301345
2,13.066332916145182,7.469886156824709
2,13.091364205256571,7.4719912452356985
2,13.11639549436796,7.474232578648779
2,13.14142678347935,7.476613594503865
2,13.16645807259074,7.479137350216421
2,13.191489361702127,7.481806517084756
2,13.216520650813516,7.484623375178135
2,13.241551939924905,7.487589809214569
2,13.266583229036295,7.490707305434891
2,13.291614518147684,7.493976949477053
2,13.316645807259073,7.497399425252221
2,13.341677096370463,7.500975014821703
2,13.366708385481852,7.504703599271309
2,13.391739674593241,7.508584660577292
2,13.41677096370463,7.5126172844555414
2,13.44180225281602,7.516800164183407
2,13.466833541927409,7.5211316053810595
2,13.491864831038798,7.525609531737052
2,13.516896120150188,7.530231491660417
2,13.541927409261577,7.534994665839459
2,13.566958698372966,7.539895875685204
2,13.591989987484355,7.544931592635356
2,13.617021276595745,7.55009794829261
2,13.642052565707134,7.555390745369177
2,13.667083854818523,7.560805469407484
2,13.692115143929913,7.566337301245218
2,13.717146433041302,7.571981130191164
2,13.742177722152691,7.57773156787662
2,13.76720901126408,7.583582962745672
2,13.79224030037547,7.589529415146124
2,13.81727158948686,7.595564792981566
2,13.842302878598248,7.601682747883801
2,13.867334167709638,7.607876731863684
2,13.892365456821025,7.61414001439747
2,13.917396745932415,7.620465699904743
2,13.942428035043804,7.6268467455732765
2,13.967459324155193,7.633275979485411
2,13.992490613266582,7.63974611899999
2,14.017521902377972,7.646249789343406
2,14.042553191489361,7.65277954236295
2,14.06758448060075,7.659327875395451
2,14.09261576971214,7.665887250204019
2,14.117647058823529,7.672450111935772
2,14.142678347934918,7.679008908053461
2,14.167709637046308,7.685556107194201
2,14.192740926157697,7.692084217908819
2,14.217772215269086,7.698585807235816
2,14.242803504380475,7.70505351906446
2,14.267834793491865,7.71148009224228
2,14.292866082603254,7.717858378382932
2,14.317897371714643,7.724181359331375
2,14.342928660826033,7.730442164244243
2,14.367959949937422,7.7366340862444085
2,14.392991239048811,7.742750598609935
2,14.4180225281602,7.748785370458895
2,14.44305381727159,7.754732281892906
2,14.46808510638298,7.760585438563712
2,14.493116395494368,7.766339185628674
2,14.518147684605758,7.771988121062661
2,14.543178973717147,7.777527108295579
2,14.568210262828536,7.782951288146442
2,14.593241551939926,7.788256090026859
2,14.618272841051313,7.793437242388611
2,14.643304130162702,7.798490782391989
2,14.668335419274092,7.803413064773572
2,14.693366708385481,7.808200769894161
2,14.71839799749687,7.81285091094967
2,14.74342928660826,7.817360840329957
2,14.768460575719649,7.82172825511264
2,14.793491864831038,7.8259512016812565
2,14.818523153942428,7.830028079459183
2,14.843554443053817,7.833957643753068
2,14.868585732165206,7.837739007701687
2,14.893617021276595,7.84137164332839
2,14.918648310387985,7.844855381697492
2,14.943679599499374,7.848190412177258
2,14.968710888610763,7.8513772808142335
2,14.993742177722153,7.854416887825916
2,15.018773466833542,7.857310484220943
2,15.043804755944931,7.860059667558024
2,15.06883604505632,7.862666376857013
2,15.09386733416771,7.865132886677548
2,15.1188986232791,7.867461800382667
2,15.143929912390488,7.869656042606819
2,15.168961201501878,7.8717188509495655
2,15.193992490613267,7.87365376691811
2,15.219023779724656,7.875464626143612
2,15.244055068836046,7.877155547897913
2,15.269086357947435,7.878730923938984
2,15.294117647058824,7.880195406714973
2,15.319148936170212,7.881553896958186
2,15.344180225281601,7.882811530701799
2,15.36921151439299,7.883973665753377
2,15.39424280350438,7.885045867660545
2,15.419274092615769,7.886033895205262
2,15.444305381727158,7.886943685464255
2,15.469336670838548,7.887781338474072
2,15.494367959949937,7.888553101540088
2,15.519399249061326,7.889265353229579
2,15.544430538172715,7.889924587089579
2,15.569461827284105,7.890537395130863
2,15.594493116395494,7.891110451119768
2,15.619524405506883,7.891650493719953
2,15.644555694618273,7.892164309526459
2,15.669586983729662,7.892658716034488
2,15.694618272841051,7.893140544585417
2,15.71964956195244,7.893616623332495
2,15.74468085106383,7.894093760268371
2,15.76971214017522,7.894578726356503
2,15.794743429286608,7.895078238807921
2,15.819774718397998,7.895598944544477
2,15.844806007509387,7.896147403889007
2,15.869837296620776,7.896730074522245
2,15.894868585732166,7.897353295745449
2,15.919899874843555,7.898023273086894
2,15.944931163954944,7.8987460632893916
2,15.969962453066334,7.899527559714888
2,15.994993742177723,7.900373478201148
2,16.020025031289112,7.901289343404222
2,16.0450563204005,7.9022804756590785
2,16.07008760951189,7.9033519783895
2,16.09511889862328,7.904508726096744
2,16.12015018773467,7.905755352955067
2,16.14518147684606,7.907096242040541
2,16.170212765957448,7.908535515217967
2,16.195244055068837,7.910077023709002
2,16.220275344180227,7.911724339362827
2,16.245306633291616,7.913480746648874
2,16.270337922403005,7.915349235389316
2,16.295369211514394,7.917332494247102
2,16.320400500625784,7.919432904983401
2,16.345431789737173,7.921652537496405
2,16.370463078848562,7.923993145651404
2,16.395494367959948,7.926456163910111
2,16.420525657071337,7.929042704765185
2,16.445556946182727,7.931753556983874
2,16.470588235294116,7.9345891846627215
2,16.495619524405505,7.937549727093197
2,16.520650813516895,7.940634999436185
2,16.545682102628284,7.943844494201166
2,16.570713391739673,7.947177383524054
2,16.595744680851062,7.950632522235587
2,16.62077596996245,7.954208451710292
2,16.64580725907384,7.957903404484123
2,16.67083854818523,7.961715309627005
2,16.69586983729662,7.965641798854655
2,16.72090112640801,7.969680213362333
2,16.7459324155194,7.973827611361319
2,16.770963704630788,7.978080776297395
2,16.795994993742177,7.982436225728765
2,16.821026282853566,7.9868902208395145
2,16.846057571964955,7.99143877656298
2,16.871088861076345,7.996077672288128
2,16.896120150187734,8.000802463120591
2,16.921151439299123,8.005608491668736
2,16.946182728410513,8.01049090032392
2,16.971214017521902,8.01544464400295
2,16.99624530663329,8.020464503319761
2,17.02127659574468,8.025545098152234
2,17.04630788485607,8.030680901569333
2,17.07133917396746,8.035866254082876
2,17.09637046307885,8.04109537818753
2,17.121401752190238,8.046362393152094
2,17.146433041301627,8.051661330024523
2,17.171464330413016,8.05698614681277
2,17.196495619524406,8.06233074380324
2,17.221526908635795,8.067688978978309
2,17.246558197747184,8.073054683494322
2,17.271589486858574,8.0784216771814
2,17.296620775969963,8.083783784026481
2,17.321652065081352,8.089134847601093
2,17.34668335419274,8.094468746395698
2,17.37171464330413,8.09977940902273
2,17.39674593241552,8.105060829250904
2,17.42177722152691,8.110307080833886
2,17.4468085106383,8.115512332097028
2,17.471839799749688,8.120670860246621
2,17.496871088861077,8.125777065366828
2,17.521902377972467,8.130825484070398
2,17.546933667083856,8.135810802770203
2,17.571964956195245,8.140727870539655
2,17.596996245306634,8.145571711531181
2,17.622027534418024,8.15033753692315
2,17.647058823529413,8.155020756366822
2,17.672090112640802,8.159616988906317
2,17.69712140175219,8.164122073345865
2,17.72215269086358,8.16853207804019
2,17.74718397997497,8.172843310085192
2,17.77221526908636,8.177052323887853
2,17.79724655819775,8.181155929095723
2,17.822277847309135,8.185151197868073
2,17.847309136420524,8.189035471472492
2,17.872340425531913,8.192806366192354
2,17.897371714643302,8.19646177853242
2,17.92240300375469,8.199999889711581
2,17.94743429286608,8.20341916943351
2,17.97246558197747,8.206718378927881
2,17.99749687108886,8.209896573256612
2,18.02252816020025,8.212953102881402
2,18.04755944931164,8.215887614490732
2,18.072590738423028,8.218700051086321
2,18.097622027534417,8.22139065133081
2,18.122653316645806,8.223959948160429
2,18.147684605757195,8.22640876666802
2,18.172715894868585,8.228738221263757
2,18.197747183979974,8.230949712122566
2,18.222778473091363,8.23304492092907
2,18.247809762202753,8.235025805932551
2,18.272841051314142,8.236894596326119
2,18.29787234042553,8.238653785965923
2,18.32290362953692,8.240306126447834
2,18.34793491864831,8.241854619560568
2,18.3729662077597,8.243302509135729
2,18.39799749687109,8.244653272316686
2,18.423028785982478,8.245910610269604
2,18.448060075093867,8.247078438361216
2,18.473091364205256,8.248160875829281
2,18.498122653316646,8.24916223497274
2,18.523153942428035,8.25008700988981
2,18.548185231539424,8.25093986479326
2,18.573216520650814,8.25172562193306
2,18.598247809762203,8.252449249157543
2,18.623279098873592,8.253115847145002
2,18.64831038798498,8.25373063633837
2,18.67334167709637,8.25429894361632
2,18.69837296620776,8.254826188734645
2,18.72340425531915,8.255317870572298
2,18.74843554443054,8.255779553216833
2,18.773466833541928,8.2562168519243
2,18.798498122653317,8.256635418988933
2,18.823529411764707,8.257040929557949
2,18.848560700876096,8.257439067427018
2,18.873591989987485,8.257835510851734
2,18.898623279098874,8.258235918410415
2,18.923654568210264,8.258645914953268
2,18.948685857321653,8.259071077672669
2,18.973717146433042,8.259516922328942
2,18.99874843554443,8.25998888966549
2,19.02377972465582,8.26049233204661
2,19.04881101376721,8.261032500350696
2,19.0738423028786,8.261614531150764
2,19.09887359198999,8.262243434213483
2,19.123904881101378,8.262924080347
2,19.148936170212767,8.263661189626902
2,19.173967459324157,8.264459320028655
2,19.198998748435546,8.265322856493759
2,19.22403003754693,8.266256000455714
2,19.24906132665832,8.267262759850693
2,19.27409261576971,8.268346939636542
2,19.2991239048811,8.269512132842381
2,19.32415519399249,8.270761712169742
2,19.34918648310388,8.272098822164729
2,19.374217772215268,8.273526371979216
2,19.399249061326657,8.275047028737594
2,19.424280350438046,8.27666321152404
2,19.449311639549435,8.278377086003665
2,19.474342928660825,8.280190559689341
2,19.499374217772214,8.282105277864312
2,19.524405506883603,8.284122620169086
2,19.549436795994993,8.2862436978594
2,19.574468085106382,8.28846935174039
2,19.59949937421777,8.290800150780365
2,19.62453066332916,8.293236391405921
2,19.64956195244055,8.295778097478447
2,19.67459324155194,8.298425020950289
2,19.69962453066333,8.30117664319727
2,19.724655819774718,8.304032177022528
2,19.749687108886107,8.30699056932495
2,19.774718397997496,8.310050504423923
2,19.799749687108886,8.313210408030438
2,19.824780976220275,8.316468451853016
2,19.849812265331664,8.319822558825448
2,19.874843554443054,8.323270408941685
2,19.899874843554443,8.326809445681878
2,19.924906132665832,8.330436883012066
2,19.94993742177722,8.33414971293862
2,19.97496871088861,8.337944713597286
2,20.0,8.341818457855277
4,0.0,0.0
4,0.025031289111389236,0.0037359890668597247
4,0.05006257822277847,0.01492709158931116
4,0.0750938673341677,0.03352282048381144
4,0.10012515644555695,0.059439386334632374
4,0.1251564455569462,0.09256022825769136
4,0.1501877346683354,0.13273675168903745
4,0.17521902377972465,0.17978926772822515
4,0.2002503128911139,0.2335081272051331
4,0.22528160200250313,0.29365504123069863
4,0.2503128911138924,0.35996457864853826
4,0.2753441802252816,0.4321458295359896
4,0.3003754693366708,0.5098842227195853
4,0.32540675844806005,0.5928434841805371
4,0.3504380475594493,0.6806677222388153
4,0.37546933667083854,0.7729836245274577
4,0.4005006257822278,0.8694027510084189
4,0.425531914893617,0.9695239066433207
4,0.45056320400500627,1.0729355768215543
4,0.4755944931163955,1.1792184082679615
4,0.5006257822277848,1.287947717905436
4,0.5256570713391739,1.3986960120356426
4,0.5506883604505632,1.511035498224217
4,0.5757196495619524,1.6245405724344355
4,0.6007509386733416,1.7387902642438369
4,0.6257822277847309,1.8533706233986593
4,0.6508135168961201,1.9678770315074783
4,0.6758448060075094,2.0819164233431353
4,0.7008760951188986,2.1951094030050915
4,0.7259073842302879,2.3070922410860804
4,0.7509386733416771,2.417518739979555
4,0.7759699624530664,2.5260619555498036
4,0.8010012515644556,2.632415764555355
4,0.8260325406758448,2.7362962684589136
4,0.851063829787234,2.837443025563072
4,0.8760951188986232,2.9356201047697943
4,0.9011264080100125,3.0306169556619684
4,0.9261576971214017,3.122249091035738
4,0.951188986232791,3.2103585794613423
4,0.9762202753441802,3.2948143469059605
4,1.0012515644555695,3.375512287903118
4,1.0262828535669586,3.4523751881877103
4,1.0513141426783479,3.5253524621225845
4,1.0763454317897372,3.5944197096104853
4,1.1013767209011265,3.6595780985036517
4,1.1264080100125156,3.7208535797819366
4,1.1514392991239049,3.778295943959601
4,1.1764705882352942,3.8319777282917054
4,1.2015018773466832,3.8819929853751027
4,1.2265331664580725,3.928455924668775
4,1.2515644555694618,3.9714994392870016
4,1.2765957446808511,4.011273531140771
4,1.3016270337922402,4.047943648112971
4,1.3266583229036295,4.081688947447404
4,1.3516896120150188,4.112700499907372
4,1.376720901126408,4.141179449514875
4,1.4017521902377972,4.167335143814973
4,1.4267834793491865,4.1913832496220715
4,1.4518147684605758,4.213543869096618
4,1.4768460575719649,4.234039670774081
4,1.5018773466833542,4.253094049826308
4,1.5269086357947435,4.270929331382131
4,1.5519399249061328,4.287765030174583
4,1.5769712140175218,4.303816179121828
4,1.6020025031289111,4.319291738694453
4,1.6270337922403004,4.334393098080418
4,1.6520650813516895,4.349312678238601
4,1.6770963704630788,4.36423264594092
4,1.702127659574468,4.379323746850671
4,1.7271589486858574,4.39474426458022
4,1.7521902377972465,4.410639111524498
4,1.7772215269086358,4.427139056087894
4,1.802252816020025,4.444360089721226
4,1.8272841051314141,4.462402935973103
4,1.8523153942428034,4.48135270254616
4,1.8773466833541927,4.5012786761438806
4,1.902377972465582,4.522234258707825
4,1.9274092615769711,4.544257042488065
4,1.9524405506883604,4.5673690202707435
4,1.9774718397997497,4.591576926015088
4,2.002503128911139,4.616872700136328
4,2.0275344180225283,4.64323407271889
4,2.052565707133917,4.670625257063085
4,2.0775969962453065,4.69899774516521
4,2.1026282853566958,4.728291196011076
4,2.127659574468085,4.758434406931927
4,2.1526908635794744,4.789346357733619
4,2.1777221526908637,4.820937316868239
4,2.202753441802253,4.853109998574741
4,2.227784730913642,4.885760759673237
4,2.252816020025031,4.9187808245572056
4,2.2778473091364204,4.9520575268888285
4,2.3028785982478097,4.985475556564175
4,2.327909887359199,5.018918200674913
4,2.3529411764705883,5.052268567449261
4,2.3779724655819776,5.0854107825031925
4,2.4030037546933665,5.118231147169546
4,2.4280350438047558,5.150619249192311
4,2.453066332916145,5.182469016670764
4,2.4780976220275344,5.213679706806511
4,2.5031289111389237,5.244156821739572
4,2.528160200250313,5.273812944549581
4,2.5531914893617023,5.3025684893377125
4,2.5782227784730916,5.330352360185579
4,2.6032540675844804,5.357102514701044
4,2.6282853566958697,5.382766428798896
4,2.653316645807259,5.407301460318051
4,2.6783479349186483,5.430675110037719
4,2.7033792240300376,5.452865179614009
4,2.728410513141427,5.473859826907278
4,2.753441802252816,5.49365752010084
4,2.778473091364205,5.512266892915224
4,2.8035043804755944,5.529706504091273
4,2.8285356695869837,5.546004505142812
4,2.853566958698373,5.561198221158175
4,2.8785982478097623,5.5753336501535005
4,2.9036295369211516,5.588464887143316
4,2.928660826032541,5.600653479690561
4,2.9536921151439297,5.611967722224067
4,2.978723404255319,5.622481896863068
4,3.0037546933667083,5.632275468862128
4,3.0287859824780976,5.641432245083766
4,3.053817271589487,5.650039504118369
4,3.078848560700876,5.658187106800701
4,3.1038798498122655,5.665966595919559
4,3.1289111389236544,5.6734702938823
4,3.1539424280350437,5.680790406980606
4,3.178973717146433,5.688018144710044
4,3.2040050062578223,5.695242862326412
4,3.2290362953692116,5.702551234480113
4,3.254067584480601,5.710026467359899
4,3.27909887359199,5.717747556303847
4,3.304130162703379,5.7257885953037295
4,3.3291614518147683,5.734218144244461
4,3.3541927409261576,5.7430986590892825
4,3.379224030037547,5.752485989550202
4,3.404255319148936,5.7624289480785205
4,3.4292866082603255,5.772968953279223
4,3.454317897371715,5.784139750102597
4,3.4793491864831037,5.795967208403849
4,3.504380475594493,5.808469200694119
4,3.5294117647058822,5.821655559141212
4,3.5544430538172715,5.835528111122797
4,3.579474342928661,5.850080791895618
4,3.60450563204005,5.865299832228233
4,3.6295369211514394,5.881164018158304
4,3.6545682102628283,5.897645019384541
4,3.6795994993742176,5.9147077821939025
4,3.704630788485607,5.932310982261548
4,3.729662077596996,5.950407532149325
4,3.7546933667083855,5.9689451378722245
4,3.779724655819775,5.987866898505119
4,3.804755944931164,6.007111942466995
4,3.829787234042553,6.026616093849552
4,3.8548185231539422,6.046312561952886
4,3.8798498122653315,6.066132647054609
4,3.904881101376721,6.086006455370189
4,3.92991239048811,6.105863616161882
4,3.9549436795994994,6.125633994020198
4,3.9799749687108887,6.145248389474277
4,4.005006257822278,6.1646392212836565
4,4.030037546933667,6.183741184021296
4,4.055068836045057,6.202491874873054
4,4.080100125156446,6.2208323839486015
4,4.105131414267834,6.2387078428188865
4,4.130162703379224,6.256067926460985
4,4.155193992490613,6.272867304297903
4,4.180225281602002,6.2890660365629465
4,4.2052565707133915,6.304629912790515
4,4.230287859824781,6.319530729831443
4,4.25531914893617,6.333746507405682
4,4.280350438047559,6.347261639831918
4,4.305381727158949,6.360066983206592
4,4.330413016270338,6.372159877937718
4,4.355444305381727,6.383544107165669
4,4.380475594493117,6.394229792217955
4,4.405506883604506,6.404233226842069
4,4.430538172715895,6.413576652534271
4,4.455569461827284,6.422287977827478
4,4.480600750938673,6.430400444913232
4,4.505632040050062,6.4379522474465
4,4.5306633291614515,6.444986103813772
4,4.555694618272841,6.4515487905306355
4,4.58072590738423,6.457690640771714
4,4.605757196495619,6.463465013320678
4,4.630788485607009,6.468927737458839
4,4.655819774718398,6.474136539485892
4,4.680851063829787,6.479150456684608
4,4.705882352941177,6.484029244602027
4,4.730913642052566,6.488832783523195
4,4.755944931163955,6.493620489959822
4,4.7809762202753445,6.498450738867032
4,4.806007509386733,6.503380302137731
4,4.831038798498122,6.508463808708516
4,4.8560700876095115,6.513753231345811
4,4.881101376720901,6.519297404869255
4,4.90613266583229,6.525141580214666
4,4.931163954943679,6.531327018344964
4,4.956195244055069,6.537890627588505
4,4.981226533166458,6.544864647524846
4,5.006257822277847,6.552276382052575
4,5.031289111389237,6.560147983767766
4,5.056320400500626,6.56849629125956
4,5.081351689612015,6.577332720396858
4,5.1063829787234045,6.586663210142165
4,5.131414267834794,6.596488222890626
4,5.156445556946183,6.6068027987994
4,5.1814768460575715,6.617596663049847
4,5.206508135168961,6.628854384477528
4,5.23153942428035,6.640555583517557
4,5.256570713391739,6.65267518694984
4,5.281602002503129,6.665183726494532
4,5.306633291614518,6.678047677906663
4,5.331664580725907,6.691229836853666
4,5.356695869837297,6.704689727534092
4,5.381727158948686,6.718384039712474
4,5.406758448060075,6.732267089606965
4,5.4317897371714645,6.7462912998744695
4,5.456821026282854,6.760407693794338
4,5.481852315394243,6.774566398657086
4,5.506883604505632,6.788717153319521
4,5.531914893617021,6.8028098148922655
4,5.55694618272841,6.816794859579263
4,5.581977471839799,6.830623872790699
4,5.607008760951189,6.8442500237993595
4,5.632040050062578,6.85762852040391
4,5.657071339173967,6.870717039298743
4,5.682102628285357,6.883476128126171
4,5.707133917396746,6.895869575499827
4,5.732165206508135,6.907864745634794
4,5.7571964956195245,6.919432874596691
4,5.782227784730914,6.930549325584512
4,5.807259073842303,6.941193801086583
4,5.832290362953692,6.951350510191103
4,5.857321652065082,6.961008289787888
4,5.88235294117647,6.970160678861736
4,5.907384230287859,6.978805945545482
4,5.932415519399249,6.986947067067953
4,5.957446808510638,6.994591663193855
4,5.982478097622027,7.001751884204924
4,6.007509386733417,7.008444254909852
4,6.032540675844806,7.014689476590652
4,6.057571964956195,7.020512189191016
4,6.0826032540675845,7.025940696424438
4,6.107634543178974,7.031006656822693
4,6.132665832290363,7.035744744055814
4,6.157697121401752,7.0401922801300145
4,6.182728410513142,7.044388845307806
4,6.207759699624531,7.04837586879272
4,6.232790988735919,7.052196204377982
4,6.257822277847309,7.055893695372939
4,6.282853566958698,7.059512733192362
4,6.307884856070087,7.063097814021318
4,6.332916145181477,7.066693097952453
4,6.357947434292866,7.070341974933559
4,6.382978723404255,7.074086641762255
4,6.4080100125156445,7.077967694222639
4,6.433041301627034,7.082023738277745
4,6.458072590738423,7.086291024013532
4,6.483103879849812,7.090803105777315
4,6.508135168961202,7.095590531668944
4,6.533166458072591,7.100680565229368
4,6.55819774718398,7.106096941832175
4,6.58322903629537,7.111859661922347
4,6.608260325406758,7.117984822866921
4,6.633291614518147,7.124484490788072
4,6.658322903629537,7.131366613344445
4,6.683354192740926,7.138634974015397
4,6.708385481852315,7.146289188029154
4,6.7334167709637045,7.154324739664023
4,6.758448060075094,7.162733060245383
4,6.783479349186483,7.171501645764743
4,6.808510638297872,7.180614212663781
4,6.833541927409262,7.1900508899603786
4,6.858573216520651,7.199788445548089
4,6.88360450563204,7.209800544178935
4,6.90863579474343,7.220058034344612
4,6.933667083854819,7.230529261005871
4,6.958698372966207,7.241180400886622
4,6.983729662077597,7.251975816849881
4,7.008760951188986,7.262878427709143
4,7.033792240300375,7.273850089702219
4,7.0588235294117645,7.2848519857661005
4,7.083854818523154,7.295845018701675
4,7.108886107634543,7.306790204306182
4,7.133917396745932,7.3176490605791935
4,7.158948685857322,7.328383989173854
4,7.183979974968711,7.3389586453685585
4,7.2090112640801,7.349338292973497
4,7.23404255319149,7.35949014076024
4,7.259073842302879,7.369383657208766
4,7.284105131414268,7.378990860602722
4,7.309136420525657,7.388286581767769
4,7.334167709637046,7.397248697036851
4,7.359198998748435,7.405858329337117
4,7.3842302878598245,7.414100015622721
4,7.409261576971214,7.421961839222606
4,7.434292866082603,7.429435526029035
4,7.459324155193992,7.436516503817543
4,7.484355444305382,7.443203924358401
4,7.509386733416771,7.449500648350123
4,7.53441802252816,7.455413193573158
4,7.55944931163955,7.460951647023135
4,7.584480600750939,7.466129542134571
4,7.609511889862328,7.47096370254395
4,7.6345431789737175,7.475474054162857
4,7.659574468085106,7.4796834076338055
4,7.684605757196495,7.4836172135211365
4,7.7096370463078845,7.487303292843849
4,7.734668335419274,7.490771545784556
4,7.759699624530663,7.494053641606394
4,7.784730913642052,7.497182692976348
4,7.809762202753442,7.500192918027242
4,7.834793491864831,7.5031192935908155
4,7.85982478097622,7.5059972030997715
4,7.88485607008761,7.508862082687289
4,7.909887359198999,7.511749069007966
4,7.934918648310388,7.514692652264853
4,7.9599499374217775,7.517726337853692
4,7.984981226533167,7.520882319928744
4,8.010012515644556,7.524191170055774
4,8.035043804755945,7.527681543948543
4,8.060075093867335,7.531379909087363
4,8.085106382978724,7.53531029579401
4,8.110137672090113,7.539494074088941
4,8.135168961201503,7.543949758386939
4,8.160200250312892,7.548692841798805
4,8.185231539424281,7.553735661502474
4,8.210262828535669,7.559087296330039
4,8.235294117647058,7.564753497390928
4,8.260325406758447,7.570736652218951
4,8.285356695869837,7.577035782595745
4,8.310387984981226,7.583646575868353
4,8.335419274092615,7.590561449247687
4,8.360450563204004,7.597769646250747
4,8.385481852315394,7.605257364135776
4,8.410513141426783,7.613007910879028
4,8.435544430538172,7.621001889957625
4,8.460575719649562,7.629217410937381
4,8.485607008760951,7.63763032362054
4,8.51063829787234,7.646214473287826
4,8.53566958698373,7.6549419743745615
4,8.560700876095119,7.6637834997532845
4,8.585732165206508,7.672708582657085
4,8.610763454317897,7.68168592816969
4,8.635794743429287,7.690683731131327
4,8.660826032540676,7.699669997263973
4,8.685857321652065,7.708612864306134
4,8.710888610763455,7.717480919965635
4,8.735919899874844,7.726243513548871
4,8.760951188986233,7.734871058205602
4,8.785982478097623,7.743335320839092
4,8.811013767209012,7.751609696870448
4,8.836045056320401,7.75966946721236
4,8.86107634543179,7.767492034998996
4,8.88610763454318,7.775057139833429
4,8.911138923654567,7.782347047549876
4,8.936170212765957,7.7893467137422014
4,8.961201501877346,7.796043919580306
4,8.986232790988735,7.802429378719431
4,9.011264080100124,7.808496814400929
4,9.036295369211514,7.814243006144036
4,9.061326658322903,7.819667805733333
4,9.086357947434292,7.824774122513098
4,9.111389236545682,7.829567878304394
4,9.136420525657071,7.834057932560612
4,9.16145181476846,7.838255978669352
4,9.18648310387985,7.842176412590032
4,9.211514392991239,7.845836175284876
4,9.236545682102628,7.849254570653258
4,9.261576971214017,7.852453060913373
4,9.286608260325407,7.85545504158865
4,9.311639549436796,7.858285598447361
4,9.336670838548185,7.86097124891035
4,9.361702127659575,7.863539670582732
4,9.386733416770964,7.866019419679022
4,9.411764705882353,7.868439642196819
4,9.436795994993743,7.870829780751015
4,9.461827284105132,7.8732192800081595
4,9.486858573216521,7.875637293658971
4,9.51188986232791,7.878112395836194
4,9.5369211514393,7.8806722998255765
4,9.561952440550689,7.8833435868302955
4,9.586983729662078,7.886151447434826
4,9.612015018773466,7.889119438274294
4,9.637046307884855,7.892269256251174
4,9.662077596996244,7.8956205324546485
4,9.687108886107634,7.899190647731077
4,9.712140175219023,7.902994571628676
4,9.737171464330412,7.907044726198459
4,9.762202753441802,7.911350875878741
4,9.787234042553191,7.915920044425061
4,9.81226533166458,7.920756459573605
4,9.83729662077597,7.9258615258470835
4,9.862327909887359,7.9312338256301915
4,9.887359198998748,7.936869148360152
4,9.912390488110137,7.94276054739914
4,9.937421777221527,7.948898423882425
4,9.962453066332916,7.955270636571425
4,9.987484355444305,7.9618626364872735
4,10.012515644555695,7.968657624860219
4,10.037546933667084,7.97563673270578
4,10.062578222778473,7.982779220131892
4,10.087609511889863,7.990062693294617
4,10.112640801001252,7.997463336754804
4,10.137672090112641,8.004956158846095
4,10.16270337922403,8.012515247547102
4,10.18773466833542,8.02011403425845
4,10.212765957446809,8.027725562819604
4,10.237797246558198,8.035322761061293
4,10.262828535669588,8.042878712177389
4,10.287859824780977,8.050366923215165
4,10.312891113892366,8.057761588024592
4,10.337922403003754,8.065037842075409
4,10.362953692115143,8.07217200664413
4,10.387984981226532,8.079141819990907
4,10.413016270337922,8.085926653287054
4,10.438047559449311,8.092507709216532
4,10.4630788485607,8.098868201356938
4,10.48811013767209,8.104993512645764
4,10.513141426783479,8.110871331453986
4,10.538172715894868,8.116491764018598
4,10.563204005006257,8.121847422227047
4,10.588235294117647,8.126933485996364
4,10.613266583229036,8.131747739746123
4,10.638297872340425,8.13629058272453
4,10.663329161451815,8.140565013208139
4,10.688360450563204,8.144576586855568
4,10.713391739674593,8.1483333497514
4,10.738423028785983,8.151845746925856
4,10.763454317897372,8.155126507376036
4,10.788485607008761,8.158190506843727
4,10.81351689612015,8.161054609820201
4,10.83854818523154,8.163737492448284
4,10.863579474342929,8.166259448174479
4,10.888610763454318,8.168642178166932
4,10.913642052565708,8.170908568657389
4,10.938673341677097,8.173082457485577
4,10.963704630788486,8.175188392221369
4,10.988735919899876,8.177251382313157
4,11.013767209011265,8.179296647759106
4,11.038798498122652,8.181349366821184
4,11.063829787234042,8.183434425300067
4,11.088861076345431,8.185576169861935
4,11.11389236545682,8.187798167856721
4,11.13892365456821,8.19012297599169
4,11.163954943679599,8.192571920125502
4,11.188986232790988,8.195164888326987
4,11.214017521902377,8.1979201392013
4,11.239048811013767,8.200854127325126
4,11.264080100125156,8.203981347454146
4,11.289111389236545,8.207314198971613
4,11.314142678347935,8.210862871838957
4,11.339173967459324,8.214635255089616
4,11.364205256570713,8.2186368686783
4,11.389236545682103,8.222870819261752
4,11.414267834793492,8.22733778024632
4,11.439299123904881,8.232035996194487
4,11.46433041301627,8.236961311439686
4,11.48936170212766,8.242107222518198
4,11.514392991239049,8.247464953791653
4,11.539424280350438,8.2530235554053
4,11.564455569461828,8.258770022508642
4,11.589486858573217,8.264689434457885
4,11.614518147684606,8.270765112526218
4,11.639549436795996,8.276978794470017
4,11.664580725907385,8.283310824138297
4,11.689612015018774,8.289740354170705
4,11.714643304130163,8.296245559707394
4,11.739674593241553,8.302803860933345
4,11.76470588235294,8.309392152200948
4,11.78973717146433,8.315987035418825
4,11.814768460575719,8.322565055362151
4,11.839799749687108,8.32910293455056
4,11.864831038798497,8.335577805354003
4,11.889862327909887,8.341967437024346
4,11.914893617021276,8.348250455410843
4,11.939924906132665,8.35440655319982
4,11.964956195244055,8.360416688622395
4,11.989987484355444,8.366263270697573
4,12.015018773466833,8.371930329220143
4,12.040050062578223,8.377403667862389
4,12.065081351689612,8.38267099893345
4,12.090112640801001,8.38772205852911
4,12.11514392991239,8.392548701005222
4,12.14017521902378,8.397144971918506
4,12.165206508135169,8.401507158796434
4,12.190237797246558,8.40563381932142
4,12.215269086357948,8.409525786741266
4,12.240300375469337,8.413186152545496
4,12.265331664580726,8.4166202266735
4,12.290362953692116,8.419835475743216
4,12.315394242803505,8.422841440006057
4,12.340425531914894,8.425649629942878
4,12.365456821026283,8.428273403614938
4,12.390488110137673,8.430727826071017
4,12.415519399249062,8.433029512285389
4,12.440550688360451,8.435196455259563
4,12.465581977471839,8.437247841061833
4,12.490613266583228,8.43920385270184
4,12.515644555694617,8.441085464840933
4,12.540675844806007,8.442914231422378
4,12.565707133917396,8.444712068367831
4,12.590738423028785,8.446501033526943
4,12.615769712140175,8.448303106085717
4,12.640801001251564,8.450139967635893
4,12.665832290362953,8.452032787082285
4,12.690863579474343,8.454002011518178
4,12.715894868585732,8.45606716513101
4,12.740926157697121,8.458246658112376
4,12.76595744680851,8.460557607438957
4,12.7909887359199,8.463015671265289
4,12.816020025031289,8.465634898526869
4,12.841051314142678,8.468427595194196
4,12.866082603254068,8.471404208446774
4,12.891113892365457,8.47457322985256
4,12.916145181476846,8.477941118444695
4,12.941176470588236,8.481512244385536
4,12.966207759699625,8.485288853700174
4,12.991239048811014,8.489271054349729
4,13.016270337922403,8.493456823700892
4,13.041301627033793,8.497842037234866
4,13.066332916145182,8.502420518127463
4,13.091364205256571,8.50718410712578
4,13.11639549436796,8.512122751946517
4,13.14142678347935,8.517224615229464
4,13.16645807259074,8.522476199898373
4,13.191489361702127,8.527862490612279
4,13.216520650813516,8.533367109834902
4,13.241551939924905,8.538972486909628
4,13.266583229036295,8.544660038403997
4,13.291614518147684,8.550410357881896
4,13.316645807259073,8.556203413174499
4,13.341677096370463,8.56201874915357
4,13.366708385481852,8.567835693963376
4,13.391739674593241,8.57363356664062
4,13.41677096370463,8.579391884045704
4,13.44180225281602,8.58509056504329
4,13.466833541927409,8.590710129905203
4,13.491864831038798,8.596231892963921
4,13.516896120150188,8.6016381466195
4,13.541927409261577,8.606912334896062
4,13.566958698372966,8.61203921485481
4,13.591989987484355,8.617005004297882
4,13.617021276595745,8.621797514339864
4,13.642052565707134,8.62640626557987
4,13.667083854818523,8.630822586775283
4,13.692115143929913,8.635039695096774
4,13.717146433041302,8.639052757231305
4,13.742177722152691,8.642858930793372
4,13.76720901126408,8.646457385703187
4,13.79224030037547,8.649849305391466
4,13.81727158948686,8.65303786789218
4,13.842302878598248,8.65602820708498
4,13.867334167709638,8.65882735454601
4,13.892365456821025,8.661444162657569
4,13.917396745932415,8.663889209811602
4,13.942428035043804,8.666174688717641
4,13.967459324155193,8.668314278990596
4,13.992490613266582,8.670323005346436
4,14.017521902377972,8.672217082872542
4,14.042553191489361,8.67401375096321
4,14.06758448060075,8.675731097618097
4,14.09261576971214,8.677387875891553
4,14.117647058823529,8.67900331435265
4,14.142678347934918,8.680596923468874
4,14.167709637046308,8.682188299860337
4,14.192740926157697,8.683796930385675
4,14.217772215269086,8.685441998015639
4,14.242803504380475,8.687142191425542
4,14.267834793491865,8.688915520193952
4,14.292866082603254,8.69077913743238
4,14.317897371714643,8.692749171590242
4,14.342928660826033,8.694840569081753
4,14.367959949937422,8.69706694926765
4,14.392991239048811,8.699440473196109
4,14.4180225281602,8.701971727365052
4,14.44305381727159,8.704669623613853
4,14.46808510638298,8.707541316087603
4,14.493116395494368,8.710592136043644
4,14.518147684605758,8.713825545089344
4,14.543178973717147,8.71724310725423
4,14.568210262828536,8.720844480110271
4,14.593241551939926,8.724627424963407
4,14.618272841051313,8.728587835949012
4,14.643304130162702,8.732719787676015
4,14.668335419274092,8.737015600880527
4,14.693366708385481,8.741465925372056
4,14.71839799749687,8.746059839385213
4,14.74342928660826,8.750784964289277
4,14.768460575719649,8.755627593458241
4,14.793491864831038,8.760572833966773
4,14.818523153942428,8.765604759654094
4,14.843554443053817,8.770706573989267
4,14.868585732165206,8.775860781078906
4,14.893617021276595,8.781049363082655
4,14.918648310387985,8.786253962243684
4,14.943679599499374,8.791456065701452
4,14.968710888610763,8.79663719123234
4,14.993742177722153,8.801779072060754
4,15.018773466833542,8.806863838898684
4,15.043804755944931,8.811874197405668
4,15.06883604505632,8.816793599312648
4,15.09386733416771,8.821606405522413
4,15.1188986232791,8.826298039584895
4,15.143929912390488,8.830855130046997
4,15.168961201501878,8.835265640292578
4,15.193992490613267,8.839518984617625
4,15.219023779724656,8.843606129427156
4,15.244055068836046,8.847519678592525
4,15.269086357947435,8.851253942169006
4,15.294117647058824,8.854804987842218
4,15.319148936170212,8.858170674646399
4,15.344180225281601,8.861350668675875
4,15.36921151439299,8.864346440691763
4,15.39424280350438,8.867161245706853
4,15.419274092615769,8.869800084811276
4,15.444305381727158,8.872269649677857
4,15.469336670838548,8.874578250357567
4,15.494367959949937,8.876735727140158
4,15.519399249061326,8.878753347411724
4,15.544430538172715,8.880643688587528
4,15.569461827284105,8.88242050833398
4,15.594493116395494,8.884098603416613
4,15.619524405506883,8.88569365862011
4,15.644555694618273,8.88722208728082
4,15.669586983729662,8.888700865051105
4,15.694618272841051,8.89014735857709
4,15.71964956195244,8.891579150816911
4,15.74468085106383,8.893013864754423
4,15.76971214017522,8.894468987273967
4,15.794743429286608,8.895961694954378
4,15.819774718397998,8.897508683515783
4,15.844806007509387,8.899126002610794
4,15.869837296620776,8.900828897592943
4,15.894868585732166,8.90263165982048
4,15.919899874843555,8.904547486963477
4,15.944931163954944,8.906588354677792
4,15.969962453066334,8.908764900891619
4,15.994993742177723,8.911086323820621
4,16.020025031289112,8.913560294687061
4,16.0450563204005,8.916192885968544
4,16.07008760951189,8.9189885158444
4,16.09511889862328,8.921949909343954
4,16.12015018773467,8.925078076532648
4,16.14518147684606,8.928372307900846
4,16.170212765957448,8.931830186947991
4,16.195244055068837,8.935447619783034
4,16.220275344180227,8.939218881392877
4,16.245306633291616,8.943136678065175
4,16.270337922403005,8.947192225292213
4,16.295369211514394,8.951375340330072
4,16.320400500625784,8.955674548443582
4,16.345431789737173,8.960077201733872
4,16.370463078848562,8.96456960932313
4,16.395494367959948,8.969137177561556
4,16.420525657071337,8.97376455882553
4,16.445556946182727,8.97843580739455
4,16.470588235294116,8.983134540828587
4,16.495619524405505,8.987844105217196
4,16.520650813516895,8.99254774263821
4,16.545682102628284,8.997228759146704
4,16.570713391739673,9.001870691614725
4,16.595744680851062,9.00645747175891
4,16.62077596996245,9.010973585726124
4,16.64580725907384,9.015404227656543
4,16.67083854818523,9.019735445708548
4,16.69586983729662,9.023954279109502
4,16.72090112640801,9.02804888489049
4,16.7459324155194,9.03200865307007
4,16.770963704630788,9.035824309171133
4,16.795994993742177,9.039488003084697
4,16.821026282853566,9.042993383433878
4,16.846057571964955,9.04633565673835
4,16.871088861076345,9.049511630833686
4,16.896120150187734,9.052519742158571
4,16.921151439299123,9.055360066685289
4,16.946182728410513,9.058034314432742
4,16.971214017521902,9.060545807665385
4,16.99624530663329,9.062899443044131
4,17.02127659574468,9.065101638154555
4,17.04630788485607,9.067160262992696
4,17.07133917396746,9.069084557136991
4,17.09637046307885,9.070885033475921
4,17.121401752190238,9.072573369492417
4,17.146433041301627,9.074162287227493
4,17.171464330413016,9.075665423155387
4,17.196495619524406,9.077097189299504
4,17.221526908635795,9.07847262700213
4,17.246558197747184,9.07980725483009
4,17.271589486858574,9.081116912152826
4,17.296620775969963,9.082417599968018
4,17.321652065081352,9.083725320572936
4,17.34668335419274,9.085055917686475
4,17.37171464330413,9.086424918617748
4,17.39674593241552,9.087847380052143
4,17.42177722152691,9.089337738984907
4,17.4468085106383,9.090909670276746
4,17.471839799749688,9.092575952235384
4,17.496871088861077,9.094348341542952
4,17.521902377972467,9.096237458751911
4,17.546933667083856,9.098252685463239
4,17.571964956195245,9.10040207418066
4,17.596996245306634,9.102692271705429
4,17.622027534418024,9.105128456798317
4,17.647058823529413,9.107714292691064
4,17.672090112640802,9.110451894879512
4,17.69712140175219,9.113341814476811
4,17.72215269086358,9.116383037248953
4,17.74718397997497,9.119572998297885
4,17.77221526908636,9.122907612201262
4,17.79724655819775,9.126381318264164
4,17.822277847309135,9.129987140388032
4,17.847309136420524,9.133716760917592
4,17.872340425531913,9.13756060768865
4,17.897371714643302,9.141507953370057
4,17.92240300375469,9.145547026072808
4,17.94743429286608,9.149665130089689
4,17.97246558197747,9.153848775530793
4,17.99749687108886,9.158083815534868
4,18.02252816020025,9.162355589664454
4,18.04755944931164,9.166649072034929
4,18.072590738423028,9.170949022684226
4,18.097622027534417,9.175240140661854
4,18.122653316645806,9.179507217302888
4,18.147684605757195,9.1837352881549
4,18.172715894868585,9.187909782043624
4,18.197747183979974,9.192016665795789
4,18.222778473091363,9.196042583185069
4,18.247809762202753,9.199974986728726
4,18.272841051314142,9.203802261037708
4,18.29787234042553,9.207513836510866
4,18.32290362953692,9.211100292263762
4,18.34793491864831,9.21455344729302
4,18.3729662077597,9.217866438997511
4,18.39799749687109,9.221033788306217
4,18.423028785982478,9.224051450798619
4,18.448060075093867,9.226916853344823
4,18.473091364205256,9.229628915938736
4,18.498122653316646,9.232188058546337
4,18.523153942428035,9.234596192941138
4,18.548185231539424,9.236856699649229
4,18.573216520650814,9.238974390274352
4,18.598247809762203,9.240955455619112
4,18.623279098873592,9.242807400158892
4,18.64831038798498,9.24453896356009
4,18.67334167709637,9.246160030061716
4,18.69837296620776,9.247681526658445
4,18.72340425531915,9.24911531113262
4,18.74843554443054,9.25047405108127
4,18.773466833541928,9.251771095171033
4,18.798498122653317,9.253020337928357
4,18.823529411764707,9.254236079433273
4,18.848560700876096,9.255432881332494
4,18.873591989987485,9.256625420620392
4,18.898623279098874,9.25782834265502
4,18.923654568210264,9.259056114880035
4,18.948685857321653,9.260322882712376
4,18.973717146433042,9.26164232903017
4,18.99874843554443,9.263027538655475
4,19.02377972465582,9.26449086917297
4,19.04881101376721,9.266043829358814
4,19.0738423028786,9.267696966414567
4,19.09887359198999,9.269459763109921
4,19.123904881101378,9.271340545836157
4,19.148936170212767,9.27334640446055
4,19.173967459324157,9.275483124751801
4,19.198998748435546,9.277755134018875
4,19.22403003754693,9.280165460472075
4,19.24906132665832,9.282715706676617
4,19.27409261576971,9.28540603732736
4,19.2991239048811,9.28823518142957
4,19.32415519399249,9.291200448826487
4,19.34918648310388,9.294297760871363
4,19.374217772215268,9.297521694900706
4,19.399249061326657,9.300865542028575
4,19.424280350438046,9.304321377649954
4,19.449311639549435,9.307880143915698
4,19.474342928660825,9.311531743324021
4,19.499374217772214,9.31526514246448
4,19.524405506883603,9.319068484851542
4,19.549436795994993,9.322929211696735
4,19.574468085106382,9.32683418939197
4,19.59949937421777,9.330769842412764
4,19.62453066332916,9.334722290299213
4,19.64956195244055,9.338677487335296
4,19.67459324155194,9.342621363523573
4,19.69962453066333,9.346539965443071
4,19.724655819774718,9.350419595582807
4,19.749687108886107,9.354246948762313
4,19.774718397997496,9.358009244283053
4,19.799749687108886,9.361694352500797
4,19.824780976220275,9.365290914568014
4,19.849812265331664,9.368788454166802
4,19.874843554443054,9.372177480135841
4,19.899874843554443,9.375449578988608
4,19.924906132665832,9.378597496423644
4,19.94993742177722,9.381615207039882
4,19.97496871088861,9.384497971589905
4,20.0,9.387242381230163
8,0.0,0.0
8,0.025031289111389236,0.008147720002605774
8,0.05006257822277847,0.03247803710436488
8,0.0750938673341677,0.07265492475646944
8,0.10012515644555695,0.12812661184240168
8,0.1251564455569462,0.19813775837319766
8,0.1501877346683354,0.28174604064238495
8,0.17521902377972465,0.3778427015559118
8,0.2002503128911139,0.48517651794356126
8,0.22528160200250313,0.6023805490104231
8,0.2503128911138924,0.7280009612314144
8,0.2753441802252816,0.8605271768672166
8,0.3003754693366708,0.9984225671732716
8,0.32540675844806005,1.140154907882129
8,0.3504380475594493,1.284225833556556
8,0.37546933667083854,1.429198568133057
8,0.4005006257822278,1.5737232699334018
8,0.425531914893617,1.7165594085322675
8,0.45056320400500627,1.8565946855066093
8,0.4755944931163955,1.9928601181779726
8,0.5006257822277848,2.1245410215630933
8,0.5256570713391739,2.250983745204069
8,0.5506883604505632,2.3716981445734406
8,0.5757196495619524,2.4863558875635983
8,0.6007509386733416,2.5947848115232266
8,0.6257822277847309,2.6969596519879375
8,0.6508135168961201,2.792989557609393
8,0.6758448060075094,2.8831028842018593
8,0.7008760951188986,2.967629822203303
8,0.7259073842302879,3.0469834546772065
8,0.7509386733416771,3.121639866369282
8,0.7759699624530664,3.192117928028231
8,0.8010012515644556,3.2589593645863775
8,0.8260325406758448,3.3227096818722828
8,0.851063829787234,3.38390047586044
8,0.8760951188986232,3.4430335831267933
8,0.9011264080100125,3.5005674536761506
8,0.9261576971214017,3.5569060404790385
8,0.951188986232791,3.612390406978575
8,0.9762202753441802,3.6672931577094663
8,1.0012515644555695,3.7218157012380564
8,1.0262828535669586,3.776088262023068
8,1.0513141426783479,3.8301724714582304
8,1.0763454317897372,3.884066290950629
8,1.1013767209011265,3.937710953703126
8,1.1264080100125156,3.9909995587571414
8,1.1514392991239049,4.043786912173734
8,1.1764705882352942,4.095900186819933
8,1.2015018773466832,4.147149964375226
8,1.2265331664580725,4.197341230631724
8,1.2515644555694618,4.246283917165268
8,1.2765957446808511,4.293802617758642
8,1.3016270337922402,4.339745154893623
8,1.3266583229036295,4.383989728171361
8,1.3516896120150188,4.426450440369969
8,1.376720901126408,4.467081065514372
8,1.4017521902377972,4.505876994229686
8,1.4267834793491865,4.542875362184805
8,1.4518147684605758,4.578153435104736
8,1.4768460575719649,4.611825386309144
8,1.5018773466833542,4.644037657943762
8,1.5269086357947435,4.6749631432531
8,1.5519399249061328,4.704794463014185
8,1.5769712140175218,4.733736633642377
8,1.6020025031289111,4.761999436961137
8,1.6270337922403004,4.789789802113343
8,1.6520650813516895,4.81730449893632
8,1.6770963704630788,4.844723420094082
8,1.702127659574468,4.872203697502823
8,1.7271589486858574,4.899874858568362
8,1.7521902377972465,4.927835181210004
8,1.7772215269086358,4.956149355500104
8,1.802252816020025,4.984847506046989
8,1.8272841051314141,5.013925575075561
8,1.8523153942428034,5.0433470135620775
8,1.8773466833541927,5.073045678692312
8,1.902377972465582,5.102929792090279
8,1.9274092615769711,5.132886776220397
8,1.9524405506883604,5.1627887573204925
8,1.9774718397997497,5.192498503066904
8,2.002503128911139,5.221875552440609
8,2.0275344180225283,5.250782294121776
8,2.052565707133917,5.279089757991164
8,2.0775969962453065,5.306682901412032
8,2.1026282853566958,5.333465197036745
8,2.127659574468085,5.359362360777171
8,2.1526908635794744,5.384325095915027
8,2.1777221526908637,5.408330770550294
8,2.202753441802253,5.431383989023491
8,2.227784730913642,5.45351606188497
8,2.252816020025031,5.474783421724843
8,2.2778473091364204,5.495265072106893
8,2.3028785982478097,5.515059192497557
8,2.327909887359199,5.534279052171024
8,2.3529411764705883,5.55304840956721
8,2.3779724655819776,5.571496589719033
8,2.4030037546933665,5.589753440684544
8,2.4280350438047558,5.607944370263186
8,2.453066332916145,5.626185656797818
8,2.4780976220275344,5.644580213016315
8,2.5031289111389237,5.663213960374011
8,2.528160200250313,5.68215294418694
8,2.5531914893617023,5.701441288161593
8,2.5782227784730916,5.721100052046243
8,2.6032540675844804,5.741127019465677
8,2.6282853566958697,5.761497406011427
8,2.653316645807259,5.782165441783386
8,2.6783479349186483,5.803066749186618
8,2.7033792240300376,5.824121407127686
8,2.728410513141427,5.845237567909409
8,2.753441802252816,5.866315473966596
8,2.778473091364205,5.887251708757476
8,2.8035043804755944,5.907943510008555
8,2.8285356695869837,5.928292974220694
8,2.853566958698373,5.94821098873037
8,2.8785982478097623,5.9676207412755575
8,2.9036295369211516,5.986460676297515
8,2.928660826032541,6.004686791267817
8,2.9536921151439297,6.022274194143266
8,2.978723404255319,6.039217873470434
8,3.0037546933667083,6.055532664455267
8,3.0287859824780976,6.0712524262174075
8,3.053817271589487,6.086428476216191
8,3.078848560700876,6.101127356283382
8,3.1038798498122655,6.11542802975337
8,3.1289111389236544,6.129418629921675
8,3.1539424280350437,6.143192895746525
8,3.178973717146433,6.156846440804497
8,3.2040050062578223,6.170473005714357
8,3.2290362953692116,6.184160842482473
8,3.254067584480601,6.197989371661554
8,3.27909887359199,6.212026240238626
8,3.304130162703379,6.226324890370359
8,3.3291614518147683,6.2409227272353265
8,3.3541927409261576,6.255839949291583
8,3.379224030037547,6.271079077140231
8,3.404255319148936,6.286625189095244
8,3.4292866082603255,6.302446843563201
8,3.454317897371715,6.318497641540242
8,3.4793491864831037,6.334718357970865
8,3.504380475594493,6.351039549315097
8,3.5294117647058822,6.367384527230662
8,3.5544430538172715,6.383672575422886
8,3.579474342928661,6.399822278885644
8,3.60450563204005,6.4157548321882265
8,3.6295369211514394,6.431397196181806
8,3.6545682102628283,6.4466849803244735
8,3.6795994993742176,6.461564940377154
8,3.704630788485607,6.475996997945186
8,3.729662077596996,6.489955708517665
8,3.7546933667083855,6.503431127448402
8,3.779724655819775,6.516429047796902
8,3.804755944931164,6.528970609120113
8,3.829787234042553,6.541091301176259
8,3.8548185231539422,6.552839410096569
8,3.8798498122653315,6.56427397598749
8,3.904881101376721,6.57546234933133
8,3.92991239048811,6.586477448271854
8,3.9549436795994994,6.5973948293713995
8,3.9799749687108887,6.608289690348314
8,4.005006257822278,6.619233924473438
8,4.030037546933667,6.630293342735815
8,4.055068836045057,6.6415251717814
8,4.080100125156446,6.652975923360472
8,4.105131414267834,6.664679715124614
8,4.130162703379224,6.676657103764232
8,4.155193992490613,6.688914470451461
8,4.180225281602002,6.701443976206709
8,4.2052565707133915,6.714224082036706
8,4.230287859824781,6.727220606400981
8,4.25531914893617,6.740388271625181
8,4.280350438047559,6.753672672103365
8,4.305381727158949,6.76701258123218
8,4.330413016270338,6.780342501591059
8,4.355444305381727,6.793595354373736
8,4.380475594493117,6.8067051997776735
8,4.405506883604506,6.819609880090201
8,4.430538172715895,6.832253481522068
8,4.455569461827284,6.844588519211525
8,4.480600750938673,6.856577761878262
8,4.505632040050062,6.868195627828635
8,4.5306633291614515,6.879429101765273
8,4.555694618272841,6.890278141405601
8,4.58072590738423,6.900755563473291
8,4.605757196495619,6.910886419370663
8,4.630788485607009,6.920706890947365
8,4.655819774718398,6.930262755463797
8,4.680851063829787,6.939607485384128
8,4.705882352941177,6.948800062393302
8,4.730913642052566,6.957902595501334
8,4.755944931163955,6.966977839897929
8,4.7809762202753445,6.976086716121632
8,4.806007509386733,6.985285928036691
8,4.831038798498122,6.994625773152192
8,4.8560700876095115,7.004148230208396
8,4.881101376720901,7.013885397073201
8,4.90613266583229,7.023858337341128
8,4.931163954943679,7.034076377216069
8,4.956195244055069,7.044536875974302
8,4.981226533166458,7.055225474284319
8,5.006257822277847,7.066116805664446
8,5.031289111389237,7.077175638139442
8,5.056320400500626,7.0883583964259635
8,5.081351689612015,7.099615000381238
8,5.1063829787234045,7.110890943545498
8,5.131414267834794,7.122129526841103
8,5.156445556946183,7.133274157175713
8,5.1814768460575715,7.144270619009944
8,5.206508135168961,7.155069228922728
8,5.23153942428035,7.165626788726493
8,5.256570713391739,7.1759082614966125
8,5.281602002503129,7.185888106604361
8,5.306633291614518,7.195551223988203
8,5.331664580725907,7.204893473881107
8,5.356695869837297,7.2139217553815955
8,5.381727158948686,7.222653644922264
8,5.406758448060075,7.231116613147231
8,5.4317897371714645,7.239346855270123
8,5.456821026282854,7.247387784999099
8,5.481852315394243,7.255288255004841
8,5.506883604505632,7.263100577180436
8,5.531914893617021,7.270878423215723
8,5.55694618272841,7.278674690022446
8,5.581977471839799,7.286539415170835
8,5.607008760951189,7.2945178247395095
8,5.632040050062578,7.302648589978237
8,5.657071339173967,7.310962360204408
8,5.682102628285357,7.319480627781476
8,5.707133917396746,7.328214967342721
8,5.732165206508135,7.337166676187589
8,5.7571964956195245,7.346326826608308
8,5.782227784730914,7.35567672445028
8,5.807259073842303,7.365188752125785
8,5.832290362953692,7.374827559221186
8,5.857321652065082,7.384551550351888
8,5.88235294117647,7.39431460854796
8,5.907384230287859,7.404067983629011
8,5.932415519399249,7.4137622690776475
8,5.957446808510638,7.423349388058124
8,5.982478097622027,7.432784509537836
8,6.007509386733417,7.442027818914829
8,6.032540675844806,7.451046073971662
8,6.057571964956195,7.459813886085179
8,6.0826032540675845,7.468314678039334
8,6.107634543178974,7.476541283042076
8,6.132665832290363,7.484496164096672
8,6.157697121401752,7.492191248134672
8,6.182728410513142,7.49964738467132
8,6.207759699624531,7.506893453584482
8,6.232790988735919,7.513965160360644
8,6.257822277847309,7.520903569260036
8,6.282853566958698,7.527753434860116
8,6.307884856070087,7.534561399962513
8,6.332916145181477,7.541374132614326
8,6.357947434292866,7.548236476833318
8,6.382978723404255,7.555189690488403
8,6.4080100125156445,7.562269839740724
8,6.433041301627034,7.569506412679816
8,6.458072590738423,7.576921205584414
8,6.483103879849812,7.5845275239822145
8,6.508135168961202,7.592329727840639
8,6.533166458072591,7.6003231363129125
8,6.55819774718398,7.608494293051088
8,6.58322903629537,7.616821578756061
8,6.608260325406758,7.625276143932577
8,6.633291614518147,7.633823122294149
8,6.658322903629537,7.642423074406428
8,6.683354192740926,7.651033602386632
8,6.708385481852315,7.6596110701232165
8,6.7334167709637045,7.668112359778323
8,6.758448060075094,7.676496594412687
8,6.783479349186483,7.68472675844437
8,6.808510638297872,7.692771152223854
8,6.833541927409262,7.700604624077179
8,6.858573216520651,7.708209532436574
8,6.88360450563204,7.715576401760386
8,6.90863579474343,7.7227042483874335
8,6.933667083854819,7.729600565771254
8,6.958698372966207,7.736280972162501
8,6.983729662077597,7.742768537209586
8,7.008760951188986,7.749092816597998
8,7.033792240300375,7.755288635250327
8,7.0588235294117645,7.7613946693182525
8,7.083854818523154,7.7674518848407175
8,7.108886107634543,7.773501896230819
8,7.133917396745932,7.779585310493719
8,7.158948685857322,7.785740123178897
8,7.183979974968711,7.792000229546444
8,7.2090112640801,7.7983941093979725
8,7.23404255319149,7.804943736705048
8,7.259073842302879,7.811663755868984
8,7.284105131414268,7.818560955548195
8,7.309136420525657,7.8256340589374815
8,7.334167709637046,7.832873836664305
8,7.359198998748435,7.840263535590239
8,7.3842302878598245,7.847779604284313
8,7.409261576971214,7.855392684263713
8,7.434292866082603,7.863068825734569
8,7.459324155193992,7.870770877914053
8,7.484355444305382,7.878459997406975
8,7.509386733416771,7.886097213794386
8,7.53441802252816,7.893644989724436
8,7.55944931163955,7.901068713434632
8,7.584480600750939,7.90833806473764
8,7.609511889862328,7.915428200930063
8,7.6345431789737175,7.922320716604181
8,7.659574468085106,7.929004340643481
8,7.684605757196495,7.935475344382779
8,7.7096370463078845,7.941737646578071
8,7.734668335419274,7.947802612990215
8,7.759699624530663,7.953688560553279
8,7.784730913642052,7.959419987789631
8,7.809762202753442,7.965026563887379
8,7.834793491864831,7.970541918250645
8,7.85982478097622,7.976002280004354
8,7.88485607008761,7.9814450225889075
8,7.909887359198999,7.986907172004556
8,7.934918648310388,7.992423938338266
8,7.9599499374217775,7.998027328900165
8,7.984981226533167,8.003744897678752
8,8.010012515644556,8.009598680052775
8,8.035043804755945,8.015604354015975
8,8.060075093867335,8.02177065989615
8,8.085106382978724,8.028099100061016
8,8.110137672090113,8.034583928824867
8,8.135168961201503,8.041212431155333
8,8.160200250312892,8.047965477292687
8,8.185231539424281,8.054818329491063
8,8.210262828535669,8.061741667201623
8,8.235294117647058,8.0687027885293
8,8.260325406758447,8.07566693903608
8,8.285356695869837,8.08259871419314
8,8.310387984981226,8.089463479179308
8,8.335419274092615,8.096228749374408
8,8.360450563204004,8.102865476803558
8,8.385481852315394,8.109349191862874
8,8.410513141426783,8.115660955722971
8,8.435544430538172,8.121788086611375
8,8.460575719649562,8.12772463239708
8,8.485607008760951,8.13347157216521
8,8.51063829787234,8.139036740362238
8,8.53566958698373,8.144434478175645
8,8.560700876095119,8.14968502764426
8,8.585732165206508,8.15481369414715
8,8.610763454317897,8.159849811990485
8,8.635794743429287,8.164825555448086
8,8.660826032540676,8.16977464351757
8,8.685857321652065,8.174730990604958
8,8.710888610763455,8.179727357200404
8,8.735919899874844,8.184794054295265
8,8.760951188986233,8.189957752840535
8,8.785982478097623,8.195240445068933
8,8.811013767209012,8.200658598187093
8,8.836045056320401,8.206222533052491
8,8.86107634543179,8.211936051304594
8,8.88610763454318,8.217796324392708
8,8.911138923654567,8.22379404743754
8,8.936170212765957,8.229913850300772
8,8.961201501877346,8.236134948037375
8,8.986232790988735,8.242432003472695
8,9.011264080100124,8.248776166351801
8,9.036295369211514,8.25513624667557
8,9.061326658322903,8.26147997473065
8,9.086357947434292,8.267775297131863
8,9.111389236545682,8.27399165704269
8,9.136420525657071,8.280101207656198
8,9.16145181476846,8.286079910957655
8,9.18648310387985,8.291908478622824
8,9.211514392991239,8.297573118429925
8,9.236545682102628,8.303066057509483
8,9.261576971214017,8.308385822800812
8,9.286608260325407,8.313537268860856
8,9.311639549436796,8.31853135328716
8,9.336670838548185,8.32338467006777
8,9.361702127659575,8.328118760756885
8,9.386733416770964,8.332759232117269
8,9.411764705882353,8.337334716425184
8,9.436795994993743,8.341875716706879
8,9.461827284105132,8.346413383533188
8,9.486858573216521,8.350978272476848
8,9.51188986232791,8.35559913184643
8,9.5369211514393,8.360301768842156
8,9.561952440550689,8.365108038900589
8,9.586983729662078,8.370034997852327
8,9.612015018773466,8.375094249823038
8,9.637046307884855,8.380291515838264
8,9.662077596996244,8.385626439170187
8,9.687108886107634,8.39109263395021
8,9.712140175219023,8.396677973846632
8,9.737171464330412,8.40236510805994
8,9.762202753441802,8.408132182898687
8,9.787234042553191,8.41395373912134
8,9.81226533166458,8.419801748380825
8,9.83729662077597,8.425646746755218
8,9.862327909887359,8.431459019695373
8,9.887359198998748,8.437209790905175
8,9.912390488110137,8.44287236775528
8,9.937421777221527,8.448423197803772
8,9.962453066332916,8.453842794768828
8,9.987484355444305,8.459116497710196
8,10.012515644555695,8.464235034004012
8,10.037546933667084,8.469194864660551
8,10.062578222778473,8.473998299313882
8,10.087609511889863,8.478653377452432
8,10.112640801001252,8.48317352179002
8,10.137672090112641,8.48757697872609
8,10.16270337922403,8.491886069252496
8,10.18773466833542,8.496126281100892
8,10.212765957446809,8.500325239098082
8,10.237797246558198,8.504511595367111
8,10.262828535669588,8.508713884000711
8,10.287859824780977,8.51295938603039
8,10.312891113892366,8.517273049879885
8,10.337922403003754,8.521676510060308
8,10.362953692115143,8.526187242741571
8,10.387984981226532,8.530817891192898
8,10.413016270337922,8.535575787156741
8,10.438047559449311,8.540462686287052
8,10.4630788485607,8.545474727165512
8,10.48811013767209,8.550602614454668
8,10.513141426783479,8.55583201781274
8,10.538172715894868,8.561144169637403
8,10.563204005006257,8.566516636863653
8,10.588235294117647,8.571924235223133
8,10.613266583229036,8.577340048845546
8,10.638297872340425,8.582736514061008
8,10.663329161451815,8.588086523898564
8,10.688360450563204,8.593364509156606
8,10.713391739674593,8.59854745306251
8,10.738423028785983,8.603615799387207
8,10.763454317897372,8.60855421831448
8,10.788485607008761,8.613352200200456
8,10.81351689612015,8.618004454356921
8,10.83854818523154,8.622511097868738
8,10.863579474342929,8.626877627892942
8,10.888610763454318,8.631114679546119
8,10.913642052565708,8.635237580022107
8,10.938673341677097,8.639265717653602
8,10.963704630788486,8.643221751920493
8,10.988735919899876,8.64713069662714
8,11.013767209011265,8.651018913378016
8,11.038798498122652,8.654913055886439
8,11.063829787234042,8.658839007425883
8,11.088861076345431,8.662820853814106
8,11.11389236545682,8.666879932711891
8,11.13892365456821,8.671033996791772
8,11.163954943679599,8.675296523624215
8,11.188986232790988,8.679676199132889
8,11.214017521902377,8.684176594432092
8,11.239048811013767,8.68879604806288
8,11.264080100125156,8.693527757403979
8,11.289111389236545,8.698360074679567
8,11.314142678347935,8.703276994851665
8,11.339173967459324,8.70825881509319
8,11.364205256570713,8.71328293878908
8,11.389236545682103,8.7183247913718
8,11.414267834793492,8.723358810984628
8,11.439299123904881,8.728359474146488
8,11.46433041301627,8.733302315372281
8,11.48936170212766,8.73816490012373
8,11.514392991239049,8.742927712503844
8,11.539424280350438,8.747574922675202
8,11.564455569461828,8.752095003929107
8,11.589486858573217,8.756481175456576
8,11.614518147684606,8.760731653923925
8,11.639549436795996,8.764849704649961
8,11.664580725907385,8.768843491210076
8,11.689612015018774,8.772725730332407
8,11.714643304130163,8.776513166683355
8,11.739674593241553,8.780225889256531
8,11.76470588235294,8.783886517300411
8,11.78973717146433,8.787519288800896
8,11.814768460575719,8.791149088278722
8,11.839799749687108,8.794800452924127
8,11.864831038798497,8.798496596788969
8,11.889862327909887,8.802258491868232
8,11.914893617021276,8.806104042470666
8,11.939924906132665,8.810047385405733
8,11.964956195244055,8.814098343361328
8,11.989987484355444,8.818262052624704
8,12.015018773466833,8.82253877926009
8,12.040050062578223,8.8269239302844
8,12.065081351689612,8.831408258581535
8,12.090112640801001,8.835978252577204
8,12.11514392991239,8.84061669436817
8,12.14017521902378,8.84530336335154
8,12.165206508135169,8.850015856694458
8,12.190237797246558,8.854730493444901
8,12.215269086357948,8.859423265886747
8,12.240300375469337,8.864070800008674
8,12.265331664580726,8.868651286749783
8,12.290362953692116,8.873145347007144
8,12.315394242803505,8.877536796182733
8,12.340425531914894,8.88181327819216
8,12.365456821026283,8.885966744184627
8,12.390488110137673,8.889993757515343
8,12.415519399249062,8.893895613513704
8,12.440550688360451,8.89767827002097
8,12.465581977471839,8.901352092231864
8,12.490613266583228,8.904931422764058
8,12.515644555694617,8.9084339948035
8,12.540675844806007,8.911880212358545
8,12.565707133917396,8.91529232685783
8,12.590738423028785,8.918693543342672
8,12.615769712140175,8.922107092179033
8,12.640801001251564,8.925555303445758
8,12.665832290362953,8.929058720901113
8,12.690863579474343,8.932635290705184
8,12.715894868585732,8.936299656955603
8,12.740926157697121,8.940062591708463
8,12.76595744680851,8.943930581684786
8,12.7909887359199,8.947905587528066
8,12.816020025031289,8.951984984535999
8,12.841051314142678,8.956161686518572
8,12.866082603254068,8.960424447126384
8,12.891113892365457,8.964758325938998
8,12.916145181476846,8.969145300082983
8,12.941176470588236,8.97356499642152
8,12.966207759699625,8.977995514646677
8,12.991239048811014,8.982414308095944
8,13.016270337922403,8.986799086941227
8,13.041301627033793,8.991128707643107
8,13.066332916145182,8.995384013249938
8,13.091364205256571,8.999548591217819
8,13.11639549436796,9.003609418844265
8,13.14142678347935,9.007557371004534
8,13.16645807259074,9.011387570467152
8,13.191489361702127,9.01509956741775
8,13.216520650813516,9.018697341681765
8,13.241551939924905,9.02218912823144
8,13.266583229036295,9.025587073607028
8,13.291614518147684,9.0289067375958
8,13.316645807259073,9.032166460628773
8,13.341677096370463,9.0353866226326
8,13.366708385481852,9.038588823305481
8,13.391739674593241,9.041795016806699
8,13.41677096370463,9.0450266355433
8,13.44180225281602,9.048303738042334
8,13.466833541927409,9.05164421480569
8,13.491864831038798,9.055063083605718
8,13.516896120150188,9.058571901996004
8,13.541927409261577,9.062178320033832
8,13.566958698372966,9.065885790534189
8,13.591989987484355,9.069693447828724
8,13.617021276595745,9.07359615924273
8,13.642052565707134,9.077584746599763
8,13.667083854818523,9.081646368292908
8,13.692115143929913,9.085765046093076
8,13.717146433041302,9.089922315150853
8,13.742177722152691,9.094097970814403
8,13.76720901126408,9.098270882121337
8,13.79224030037547,9.102419839273647
8,13.81727158948686,9.106524401168567
8,13.842302878598248,9.1105657091796
8,13.867334167709638,9.114527234850481
8,13.892365456821025,9.118395431917893
8,13.917396745932415,9.122160267001108
8,13.942428035043804,9.125815608228494
8,13.967459324155193,9.129359456811127
8,13.992490613266582,9.132794012891306
8,14.017521902377972,9.1361255736344
8,14.042553191489361,9.139364268230032
8,14.06758448060075,9.142523640956588
8,14.09261576971214,9.145620099482528
8,14.117647058823529,9.148672250891613
8,14.142678347934918,9.15170015231683
8,14.167709637046308,9.15472450637804
8,14.192740926157697,9.15776583371251
8,14.217772215269086,9.160843655686827
8,14.242803504380475,9.16397571985564
8,14.267834793491865,9.16717729891283
8,14.292866082603254,9.17046059084122
8,14.317897371714643,9.173834243833427
8,14.342928660826033,9.177303024497139
8,14.367959949937422,9.180867642078596
8,14.392991239048811,9.18452473517073
8,14.4180225281602,9.188267020869233
8,14.44305381727159,9.192083599860732
8,14.46808510638298,9.1959604047306
8,14.493116395494368,9.199880773109799
8,14.518147684605758,9.203826122364578
8,14.543178973717147,9.20777669856351
8,14.568210262828536,9.211712369587922
8,14.593241551939926,9.215613430595054
8,14.618272841051313,9.21946138966009
8,14.643304130162702,9.223239702324372
8,14.668335419274092,9.226934425922407
8,14.693366708385481,9.230534767859753
8,14.71839799749687,9.234033506332237
8,14.74342928660826,9.237427267138154
8,14.768460575719649,9.240716646030961
8,14.793491864831038,9.243906172256686
8,14.818523153942428,9.24700411526984
8,14.843554443053817,9.250022142870003
8,14.868585732165206,9.252974844899766
8,14.893617021276595,9.255879141959468
8,14.918648310387985,9.258753603114778
8,14.943679599499374,9.261617700122594
8,14.968710888610763,9.264491028140363
8,14.993742177722153,9.267392524120085
8,15.018773466833542,9.270339714076249
8,15.043804755944931,9.27334801916068
8,15.06883604505632,9.276430148031668
8,15.09386733416771,9.279595599470868
8,15.1188986232791,9.28285029472406
8,15.143929912390488,9.286196353802552
8,15.168961201501878,9.289632024192304
8,15.193992490613267,9.293151764310403
8,15.219023779724656,9.296746477868009
8,15.244055068836046,9.300403889291909
8,15.269086357947435,9.304109044762596
8,15.294117647058824,9.307844918466602
8,15.319148936170212,9.311593099530995
8,15.344180225281601,9.31533453196989
8,15.36921151439299,9.319050277948813
8,15.39424280350438,9.32272227383964
8,15.419274092615769,9.326334048926098
8,15.444305381727158,9.329871378207917
8,15.469336670838548,9.333322843473452
8,15.494367959949937,9.336680280553809
8,15.519399249061326,9.339939095283455
8,15.544430538172715,9.343098435986374
8,15.569461827284105,9.346161216069564
8,15.594493116395494,9.34913398630592
8,15.619524405506883,9.352026662385974
8,15.644555694618273,9.354852119073668
8,15.669586983729662,9.357625667586346
8,15.694618272841051,9.360364437424316
8,15.71964956195244,9.363086687619086
8,15.74468085106383,9.365811075105249
8,15.76971214017522,9.368555909543062
8,15.794743429286608,9.371338424365772
8,15.819774718397998,9.374174093083878
8,15.844806007509387,9.377076017980778
8,15.869837296620776,9.38005441536041
8,15.894868585732166,9.383116217579099
8,15.919899874843555,9.386264807371113
8,15.944931163954944,9.38949989465068
8,15.969962453066334,9.392817540257319
8,15.994993742177723,9.396210325235154
8,16.020025031289112,9.399667658435348
8,16.0450563204005,9.403176209735173
8,16.07008760951189,9.406720451195675
8,16.09511889862328,9.410283284228928
8,16.12015018773467,9.413846727483175
8,16.14518147684606,9.417392637810464
8,16.170212765957448,9.420903435447743
8,16.195244055068837,9.42436280446389
8,16.220275344180227,9.42775634060167
8,16.245306633291616,9.431072120828704
8,16.270337922403005,9.434301172114345
8,16.295369211514394,9.437437821039184
8,16.320400500625784,9.440479910654828
8,16.345431789737173,9.443428876349616
8,16.370463078848562,9.446289678126167
8,16.395494367959948,9.449070592433335
8,16.420525657071337,9.451782872288605
8,16.445556946182727,9.454440289654993
8,16.470588235294116,9.457058578691433
8,16.495619524405505,9.45965480239361
8,16.520650813516895,9.462246668130096
8,16.545682102628284,9.464851819539968
8,16.570713391739673,9.467487133117825
8,16.595744680851062,9.470168047539248
8,16.62077596996245,9.472907952388523
8,16.64580725907384,9.47571766050001
8,16.67083854818523,9.478604984715432
8,16.69586983729662,9.481574435630844
8,16.72090112640801,9.484627052029996
8,16.7459324155194,9.487760370371753
8,16.770963704630788,9.490968534132337
8,16.795994993742177,9.494242538220771
8,16.821026282853566,9.497570598311103
8,16.846057571964955,9.500938629981436
8,16.871088861076345,9.504330818213722
8,16.896120150187734,9.507730254260977
8,16.921151439299123,9.511119614269038
8,16.946182728410513,9.514481852450169
8,16.971214017521902,9.51780088110569
8,16.99624530663329,9.52106221040173
8,17.02127659574468,9.524253522487838
8,17.04630788485607,9.527365157242945
8,17.07133917396746,9.53039049052613
8,17.09637046307885,9.53332619015465
8,17.121401752190238,9.536172339753946
8,17.146433041301627,9.538932425924859
8,17.171464330413016,9.541613189640305
8,17.196495619524406,9.544224348198128
8,17.221526908635795,9.54677819920312
8,17.246558197747184,9.549289122724737
8,17.271589486858574,9.551773001792885
8,17.296620775969963,9.554246584593631
8,17.321652065081352,9.556726813985232
8,17.34668335419274,9.5592301511844
8,17.37171464330413,9.561771920627619
8,17.39674593241552,9.564365702089361
8,17.42177722152691,9.567022794178204
8,17.4468085106383,9.569751770414246
8,17.471839799749688,9.572558145336151
8,17.496871088861077,9.57544416364577
8,17.521902377972467,9.578408720451522
8,17.546933667083856,9.581447415417804
8,17.571964956195245,9.584552738276475
8,17.596996245306634,9.587714377922424
8,17.622027534418024,9.590919642406067
8,17.647058823529413,9.594153972747
8,17.672090112640802,9.597401529797894
8,17.69712140175219,9.600645830532006
8,17.72215269086358,9.603870408222573
8,17.74718397997497,9.607059470101442
8,17.77221526908636,9.61019852625957
8,17.79724655819775,9.61327496477367
8,17.822277847309135,9.616278550259596
8,17.847309136420524,9.619201826172725
8,17.872340425531913,9.622040405071703
8,17.897371714643302,9.62479313557676
8,17.92240300375469,9.627462139705717
8,17.94743429286608,9.630052719460679
8,17.97246558197747,9.63257313675888
8,17.99749687108886,9.635034275843612
8,18.02252816020025,9.637449201975091
8,18.04755944931164,9.639832634301372
8,18.072590738423028,9.642200354184158
8,18.097622027534417,9.644568572770728
8,18.122653316645806,9.646953283163453
8,18.147684605757195,9.649369623082746
8,18.172715894868585,9.651831273428858
8,18.197747183979974,9.654349916645238
8,18.222778473091363,9.656934776334039
8,18.247809762202753,9.659592256272724
8,18.272841051314142,9.662325692964549
8,18.29787234042553,9.665135231286222
8,18.32290362953692,9.668017827857813
8,18.34793491864831,9.670967381650572
8,18.3729662077597,9.673974986272391
8,18.39799749687109,9.677029293530284
8,18.423028785982478,9.68011697345726
8,18.448060075093867,9.683223252181897
8,18.473091364205256,9.686332505963403
8,18.498122653316646,9.68942888753252
8,18.523153942428035,9.69249695965427
8,18.548185231539424,9.69552231060841
8,18.573216520650814,9.698492127073411
8,18.598247809762203,9.701395701665964
8,18.623279098873592,9.70422485505702
8,18.64831038798498,9.706974256048332
8,18.67334167709637,9.709641627110084
8,18.69837296620776,9.712227827484668
8,18.72340425531915,9.714736810868565
8,18.74843554443054,9.717175459697343
8,18.773466833541928,9.719553302977694
8,18.798498122653317,9.72188212923896
8,18.823529411764707,9.724175510331017
8,18.848560700876096,9.726448255311308
8,18.873591989987485,9.728715816402314
8,18.898623279098874,9.730993670855042
8,18.923654568210264,9.733296703452277
8,18.948685857321653,9.735638614294126
8,18.973717146433042,9.73803137543423
8,18.99874843554443,9.740484757923197
8,19.02377972465582,9.743005947948998
8,19.04881101376721,9.745599267159362
8,19.0738423028786,9.748266008053692
8,19.09887359198999,9.751004390711374
8,19.123904881101378,9.753809642264732
8,19.148936170212767,9.756674195622693
8,19.173967459324157,9.759587999201555
8,19.198998748435546,9.762538925010718
8,19.22403003754693,9.765513258549332
8,19.24906132665832,9.76849625074812
8,19.27409261576971,9.771472709766075
8,19.2991239048811,9.77442760891911
8,19.32415519399249,9.777346686435596
8,19.34918648310388,9.78021701312306
8,19.374217772215268,9.783027505372953
8,19.399249061326657,9.785769363170385
8,19.424280350438046,9.788436415821215
8,19.449311639549435,9.791025361836375
8,19.474342928660825,9.793535893672393
8,19.499374217772214,9.795970702646118
8,19.524405506883603,9.798335364135927
8,19.549436795994993,9.800638107958838
8,19.574468085106382,9.80288948338292
8,19.59949937421777,9.805101932415168
8,19.62453066332916,9.807289288630507
8,19.64956195244055,9.809466221735168
8,19.67459324155194,9.811647650171652
8,19.69962453066333,9.813848145291033
8,19.724655819774718,9.816081350894944
8,19.749687108886107,9.818359441275662
8,19.774718397997496,9.82069263928733
8,19.799749687108886,9.823088813531138
8,19.824780976220275,9.825553170531268
8,19.849812265331664,9.828088053947312
8,19.874843554443054,9.830692858566612
8,19.899874843554443,9.833364062219557
8,19.924906132665832,9.836095374046682
8,19.94993742177722,9.838877992906838
8,19.97496871088861,9.841700965335544
8,20.0,9.844551628516301
16,0.0,0.0
16,0.025031289111389236,0.0103837655214421
16,0.05006257822277847,0.04126481297998748
16,0.0750938673341677,0.09184765088891195
16,0.10012515644555695,0.1608560595821037
16,0.1251564455569462,0.24660322989493288
16,0.1501877346683354,0.34708187552799996
16,0.17521902377972465,0.46006721181494403
16,0.2002503128911139,0.5832249315175718
16,0.22528160200250313,0.7142162975696454
16,0.2503128911138924,0.8507931884898841
16,0.2753441802252816,0.9908772724354673
16,0.3003754693366708,1.1326192850841668
16,0.32540675844806005,1.2744364366348626
16,0.3504380475594493,1.4150280487828493
16,0.37546933667083854,1.5533714072772222
16,0.4005006257822278,1.688701326882899
16,0.425531914893617,1.8204779335265127
16,0.45056320400500627,1.9483476086090956
16,0.4755944931163955,2.07210191744172
16,0.5006257822277848,2.191638726261221
16,0.5256570713391739,2.306928720922365
16,0.5506883604505632,2.417989329521379
16,0.5757196495619524,2.5248667878121616
16,0.6007509386733416,2.6276259282993992
16,0.6257822277847309,2.7263463513158808
16,0.6508135168961201,2.821123036988857
16,0.6758448060075094,2.9120692184942345
16,0.7008760951188986,2.999319446254886
16,0.7259073842302879,3.0830311717088383
16,0.7509386733416771,3.1633837764656936
16,0.7759699624530664,3.240574658316037
16,0.8010012515644556,3.3148126481668054
16,0.8260325406758448,3.3863095739506526
16,0.851063829787234,3.4552711377930887
16,0.8760951188986232,3.5218883946103405
16,0.9011264080100125,3.586331014333616
16,0.9261576971214017,3.648743210815996
16,0.951188986232791,3.709242789522301
16,0.9762202753441802,3.76792328037848
16,1.0012515644555695,3.824858661890151
16,1.0262828535669586,3.8801098190165977
16,1.0513141426783479,3.933731662310751
16,1.0763454317897372,3.985779795620442
16,1.1013767209011265,4.036315751940143
16,1.1264080100125156,4.085410093091134
16,1.1514392991239049,4.133143039382846
16,1.1764705882352942,4.179602698750299
16,1.2015018773466832,4.224881337423173
16,1.2265331664580725,4.269070420000762
16,1.2515644555694618,4.312255305802677
16,1.2765957446808511,4.35451050174226
16,1.3016270337922402,4.395896244151714
16,1.3266583229036295,4.436456938933432
16,1.3516896120150188,4.476221673725442
16,1.376720901126408,4.515206679476593
16,1.4017521902377972,4.55341931501063
16,1.4267834793491865,4.590862922761108
16,1.4518147684605758,4.6275417889043915
16,1.4768460575719649,4.663465450318719
16,1.5018773466833542,4.6986517181351335
16,1.5269086357947435,4.733128009029192
16,1.5519399249061328,4.766930853036044
16,1.5769712140175218,4.800103735377645
16,1.6020025031289111,4.832693684241531
16,1.6270337922403004,4.8647471981750705
16,1.6520650813516895,4.896306189859372
16,1.6770963704630788,4.927404597766216
16,1.702127659574468,4.958066190983798
16,1.7271589486858574,4.9883038881732205
16,1.7521902377972465,5.0181206634589515
16,1.7772215269086358,5.047511860090933
16,1.802252816020025,5.076468516349065
16,1.8272841051314141,5.10498116008335
16,1.8523153942428034,5.133043469599367
16,1.8773466833541927,5.160655235889937
16,1.902377972465582,5.1878241859327
16,1.9274092615769711,5.214566417000812
16,1.9524405506883604,5.240905416157054
16,1.9774718397997497,5.2668698613743485
16,2.002503128911139,5.292490586377091
16,2.0275344180225283,5.3177972122885375
16,2.052565707133917,5.342814988278491
16,2.0775969962453065,5.367562336626114
16,2.1026282853566958,5.392049474437527
16,2.127659574468085,5.416278305857152
16,2.1526908635794744,5.440243574245718
16,2.1777221526908637,5.463935066057341
16,2.202753441802253,5.487340497798115
16,2.227784730913642,5.510448618676708
16,2.252816020025031,5.533252038361795
16,2.2778473091364204,5.555749343508047
16,2.3028785982478097,5.577946188128091
16,2.327909887359199,5.599855210939668
16,2.3529411764705883,5.621494820150861
16,2.3779724655819776,5.642887063005829
16,2.4030037546933665,5.664054936340114
16,2.4280350438047558,5.685019574459934
16,2.453066332916145,5.705797760593034
16,2.4780976220275344,5.726400147896755
16,2.5031289111389237,5.74683045646983
16,2.528160200250313,5.767085753958468
16,2.5531914893617023,5.787157754872711
16,2.5782227784730916,5.807034914936706
16,2.6032540675844804,5.826704976291593
16,2.6282853566958697,5.846157555270654
16,2.653316645807259,5.865386365701586
16,2.6783479349186483,5.884390735785331
16,2.7033792240300376,5.903176194110603
16,2.728410513141427,5.921754050857979
16,2.753441802252816,5.940140059503466
16,2.778473091364205,5.9583523872123925
16,2.8035043804755944,5.976409226520422
16,2.8285356695869837,5.994326431168227
16,2.853566958698373,6.012115548198055
16,2.8785982478097623,6.029782549430462
16,2.9036295369211516,6.047327450088255
16,2.928660826032541,6.0647448595451285
16,2.9536921151439297,6.082025361835871
16,2.978723404255319,6.099157494870773
16,3.0037546933667083,6.116130007118504
16,3.0287859824780976,6.132934032347244
16,3.053817271589487,6.149564841945521
16,3.078848560700876,6.166022906444455
16,3.1038798498122655,6.1823141109223005
16,3.1289111389236544,6.198449104561799
16,3.1539424280350437,6.214441901094553
16,3.178973717146433,6.230307962766178
16,3.2040050062578223,6.246062077929772
16,3.2290362953692116,6.261716369877344
16,3.254067584480601,6.277278748529783
16,3.27909887359199,6.292752042054211
16,3.304130162703379,6.308133934834325
16,3.3291614518147683,6.323417709424004
16,3.3541927409261576,6.338593663676222
16,3.379224030037547,6.353650969981204
16,3.404255319148936,6.36857967750822
16,3.4292866082603255,6.383372540319999
16,3.454317897371715,6.398026386328554
16,3.4793491864831037,6.4125428184962425
16,3.504380475594493,6.426928147791819
16,3.5294117647058822,6.441192579737566
16,3.5544430538172715,6.455348793502298
16,3.579474342928661,6.4694101460777
16,3.60450563204005,6.48338878975441
16,3.6295369211514394,6.497294000679571
16,3.6545682102628283,6.511130978878995
16,3.6795994993742176,6.524900302302491
16,3.704630788485607,6.538598111996636
16,3.729662077596996,6.552216989383972
16,3.7546933667083855,6.565747378231744
16,3.779724655819775,6.579179320160848
16,3.804755944931164,6.592504226304844
16,3.829787234042553,6.605716405743595
16,3.8548185231539422,6.618814113325936
16,3.8798498122653315,6.631799958273407
16,3.904881101376721,6.644680617650179
16,3.92991239048811,6.65746590893136
16,3.9549436795994994,6.670167376085419
16,3.9799749687108887,6.682796618181715
16,4.005006257822278,6.6953636271394465
16,4.030037546933667,6.707875396409242
16,4.055068836045057,6.720335016420931
16,4.080100125156446,6.732741393288635
16,4.105131414267834,6.745089627435356
16,4.130162703379224,6.757371984441387
16,4.155193992490613,6.76957929800526
16,4.180225281602002,6.781702578822811
16,4.2052565707133915,6.793734573512129
16,4.230287859824781,6.805671028665596
16,4.25531914893617,6.817511464480297
16,4.280350438047559,6.829259341975792
16,4.305381727158949,6.840921604676208
16,4.330413016270338,6.8525076743650715
16,4.355444305381727,6.864028065560044
16,4.380475594493117,6.875492841480498
16,4.405506883604506,6.88691015666172
16,4.430538172715895,6.898285114898195
16,4.455569461827284,6.909619118914964
16,4.480600750938673,6.9209098087089505
16,4.505632040050062,6.932151591685576
16,4.5306633291614515,6.943336674467515
16,4.555694618272841,6.954456428241199
16,4.58072590738423,6.965502868840327
16,4.605757196495619,6.976470017113406
16,4.630788485607009,6.987354926560178
16,4.655819774718398,6.998158219966217
16,4.680851063829787,7.008884055833785
16,4.705882352941177,7.019539536088618
16,4.730913642052566,7.030133654435944
16,4.755944931163955,7.040675956038457
16,4.7809762202753445,7.05117512284788
16,4.806007509386733,7.061637708361666
16,4.831038798498122,7.072067219674425
16,4.8560700876095115,7.082463687900933
16,4.881101376720901,7.092823789629772
16,4.90613266583229,7.1031414945968
16,4.931163954943679,7.1134091321118325
16,4.956195244055069,7.12361870389497
16,4.981226533166458,7.133763233913931
16,5.006257822277847,7.143837942112061
16,5.031289111389237,7.153841058822027
16,5.056320400500626,7.163774155122537
16,5.081351689612015,7.173641941921011
16,5.1063829787234045,7.183451574733738
16,5.131414267834794,7.193211578661991
16,5.156445556946183,7.202930566784351
16,5.1814768460575715,7.212615956039659
16,5.206508135168961,7.222272883076062
16,5.23153942428035,7.231903489058623
16,5.256570713391739,7.241506682645262
16,5.281602002503129,7.251078413928796
16,5.306633291614518,7.260612411297991
16,5.331664580725907,7.270101260669283
16,5.356695869837297,7.27953765372379
16,5.381727158948686,7.288915606784379
16,5.406758448060075,7.298231458459699
16,5.4317897371714645,7.307484490847386
16,5.456821026282854,7.316677079868459
16,5.481852315394243,7.325814355399314
16,5.506883604505632,7.3349034293139175
16,5.531914893617021,7.343952317123732
16,5.55694618272841,7.352968726051386
16,5.581977471839799,7.361958901854903
16,5.607008760951189,7.370926715715194
16,5.632040050062578,7.379873133020745
16,5.657071339173967,7.388796144407174
16,5.682102628285357,7.397691165819841
16,5.707133917396746,7.406551840367971
16,5.732165206508135,7.415371111992993
16,5.7571964956195245,7.424142399268489
16,5.782227784730914,7.432860683370838
16,5.807259073842303,7.441523339416593
16,5.832290362953692,7.45013058230935
16,5.857321652065082,7.458685460131463
16,5.88235294117647,7.4671934000283215
16,5.907384230287859,7.475661382045657
16,5.932415519399249,7.484096874393512
16,5.957446808510638,7.492506700088425
16,5.982478097622027,7.500896014302867
16,6.007509386733417,7.509267552780342
16,6.032540675844806,7.517621267585058
16,6.057571964956195,7.525954404407248
16,6.0826032540675845,7.534262005568544
16,6.107634543178974,7.542537755878535
16,6.132665832290363,7.550775035116889
16,6.157697121401752,7.558968009455766
16,6.182728410513142,7.567112589372572
16,6.207759699624531,7.575207104065176
16,6.232790988735919,7.583252588307375
16,6.257822277847309,7.591252639641439
16,6.282853566958698,7.599212871900286
16,6.307884856070087,7.607140054500672
16,6.332916145181477,7.615041075786158
16,6.357947434292866,7.62292189534333
16,6.382978723404255,7.630786650643271
16,6.4080100125156445,7.638637057713832
16,6.433041301627034,7.646472198076005
16,6.458072590738423,7.654288722535869
16,6.483103879849812,7.6620814364412535
16,6.508135168961202,7.669844171125588
16,6.533166458072591,7.6775708018643565
16,6.55819774718398,7.685256250641518
16,6.58322903629537,7.692897315663703
16,6.608260325406758,7.700493198097906
16,6.633291614518147,7.708045645252577
16,6.658322903629537,7.7155586905332
16,6.683354192740926,7.723038034251938
16,6.708385481852315,7.730490165685353
16,6.7334167709637045,7.737921366831651
16,6.758448060075094,7.745336755925606
16,6.783479349186483,7.752739521317489
16,6.808510638297872,7.760130465174388
16,6.833541927409262,7.76750792670587
16,6.858573216520651,7.774868094235232
16,6.88360450563204,7.7822056540318645
16,6.90863579474343,7.789514671080637
16,6.933667083854819,7.796789561142858
16,6.958698372966207,7.804026000086322
16,6.983729662077597,7.811221627474386
16,7.008760951188986,7.818376434892913
16,7.033792240300375,7.825492780015369
16,7.0588235294117645,7.832575026870429
16,7.083854818523154,7.839628871741224
16,7.108886107634543,7.846660463295619
16,7.133917396745932,7.853675457237587
16,7.158948685857322,7.86067815510742
16,7.183979974968711,7.8676708625285
16,7.2090112640801,7.874653566627618
16,7.23404255319149,7.881623981303709
16,7.259073842302879,7.888577950646381
16,7.284105131414268,7.8955101443686555
16,7.309136420525657,7.902414933505452
16,7.334167709637046,7.9092873069600005
16,7.359198998748435,7.916123683994398
16,7.3842302878598245,7.922922495171084
16,7.409261576971214,7.9296844416554135
16,7.434292866082603,7.936412394149876
16,7.459324155193992,7.943110949851443
16,7.484355444305382,7.949785719656127
16,7.509386733416771,7.956442459909938
16,7.53441802252816,7.963086186765607
16,7.55944931163955,7.969720413024851
16,7.584480600750939,7.976346627086212
16,7.609511889862328,7.982964094622039
16,7.6345431789737175,7.989570012150893
16,7.659574468085106,7.996159985953376
16,7.684605757196495,8.00272875861786
16,7.7096370463078845,8.009271066938197
16,7.734668335419274,8.015782494919428
16,7.759699624530663,8.022260187307474
16,7.784730913642052,8.02870331194225
16,7.809762202753442,8.035113199592159
16,7.834793491864831,8.041493141281887
16,7.85982478097622,8.047847877301844
16,7.88485607008761,8.054182860521719
16,7.909887359198999,8.060503411717908
16,7.934918648310388,8.06681390091512
16,7.9599499374217775,8.07311708378587
16,7.984981226533167,8.079413696864957
16,8.010012515644556,8.0857023738376
16,8.035043804755945,8.09197989409928
16,8.060075093867335,8.098241722278633
16,8.085106382978724,8.104482751755349
16,8.110137672090113,8.110698133553724
16,8.135168961201503,8.116884059256197
16,8.160200250312892,8.123038374651287
16,8.185231539424281,8.12916092830511
16,8.210262828535669,8.135253601669683
16,8.235294117647058,8.141320017929068
16,8.260325406758447,8.147364977503678
16,8.285356695869837,8.153393710980453
16,8.310387984981226,8.159411068498999
16,8.335419274092615,8.165420773931016
16,8.360450563204004,8.171424861188108
16,8.385481852315394,8.17742338054097
16,8.410513141426783,8.183414419688988
16,8.435544430538172,8.189394434374021
16,8.460575719649562,8.195358834507287
16,8.485607008760951,8.201302731771671
16,8.51063829787234,8.207221729733812
16,8.53566958698373,8.213112631495026
16,8.560700876095119,8.218973953663243
16,8.585732165206508,8.224806166652453
16,8.610763454317897,8.230611624981732
16,8.635794743429287,8.236394200388876
16,8.660826032540676,8.242158677406952
16,8.685857321652065,8.247910008198524
16,8.710888610763455,8.253652545095987
16,8.735919899874844,8.259389372130512
16,8.760951188986233,8.265121840507618
16,8.785982478097623,8.270849380191681
16,8.811013767209012,8.276569615764542
16,8.836045056320401,8.282278766533182
16,8.86107634543179,8.287972266106635
16,8.88610763454318,8.293645502387228
16,8.911138923654567,8.299294560474914
16,8.936170212765957,8.304916851187903
16,8.961201501877346,8.310511526619772
16,8.986232790988735,8.316079618324894
16,9.011264080100124,8.321623877869865
16,9.036295369211514,8.327148346585645
16,9.061326658322903,8.3326577239536
16,9.086357947434292,8.338156635460248
16,9.111389236545682,8.343648916066522
16,9.136420525657071,8.349137022330478
16,9.16145181476846,8.35462166528956
16,9.18648310387985,8.360101720852334
16,9.211514392991239,8.365574430329476
16,9.236545682102628,8.37103585786152
16,9.261576971214017,8.376481531126792
16,9.286608260325407,8.381907163178958
16,9.311639549436796,8.387309341009804
16,9.336670838548185,8.392686072304546
16,9.361702127659575,8.3980371048296
16,9.386733416770964,8.403363969247907
16,9.411764705882353,8.408669740084106
16,9.436795994993743,8.413958554086829
16,9.461827284105132,8.41923496332698
16,9.486858573216521,8.424503226050271
16,9.51188986232791,8.42976664758292
16,9.5369211514393,8.43502707509246
16,9.561952440550689,8.440284625167331
16,9.586983729662078,8.445537686005633
16,9.612015018773466,8.4507831924286
16,9.637046307884855,8.456017128869627
16,9.662077596996244,8.46123517973062
16,9.687108886107634,8.466433423650649
16,9.712140175219023,8.471608961836413
16,9.737171464330412,8.476760381584025
16,9.762202753441802,8.481887982654039
16,9.787234042553191,8.486993731976716
16,9.81226533166458,8.492080955235862
16,9.83729662077597,8.497153815379344
16,9.862327909887359,8.50221666149062
16,9.887359198998748,8.507273351498363
16,9.912390488110137,8.512326655805316
16,9.937421777221527,8.517377835597081
16,9.962453066332916,8.52242646153589
16,9.987484355444305,8.527470500256912
16,10.012515644555695,8.532506653661839
16,10.037546933667084,8.537530896164157
16,10.062578222778473,8.54253912405961
16,10.087609511889863,8.547527813920336
16,10.112640801001252,8.552494586000696
16,10.137672090112641,8.557438584159199
16,10.16270337922403,8.562360613212267
16,10.18773466833542,8.567263013230173
16,10.212765957446809,8.572149291923887
16,10.237797246558198,8.577023574365597
16,10.262828535669588,8.581889957838053
16,10.287859824780977,8.586751874157942
16,10.312891113892366,8.591611560137693
16,10.337922403003754,8.596469719283053
16,10.362953692115143,8.60132542722192
16,10.387984981226532,8.606176294617725
16,10.413016270337922,8.611018860595207
16,10.438047559449311,8.61584915343647
16,10.4630788485607,8.620663329196539
16,10.48811013767209,8.625458287012984
16,10.513141426783479,8.630232164050042
16,10.538172715894868,8.634984632489573
16,10.563204005006257,8.63971695261108
16,10.588235294117647,8.644431774738905
16,10.613266583229036,8.649132722526778
16,10.638297872340425,8.653823824426134
16,10.663329161451815,8.658508883842797
16,10.688360450563204,8.663190887741726
16,10.713391739674593,8.667871546918226
16,10.738423028785983,8.672551039923599
16,10.763454317897372,8.677228000134917
16,10.788485607008761,8.681899746876455
16,10.81351689612015,8.686562722955308
16,10.83854818523154,8.691213068551338
16,10.863579474342929,8.695847240193526
16,10.888610763454318,8.700462576857065
16,10.913642052565708,8.705057724019385
16,10.938673341677097,8.709632849355799
16,10.963704630788486,8.714189616966229
16,10.988735919899876,8.71873092531053
16,11.013767209011265,8.72326045132312
16,11.038798498122652,8.727782073593286
16,11.063829787234042,8.732299266264405
16,11.088861076345431,8.736814559512814
16,11.11389236545682,8.741329151517375
16,11.13892365456821,8.745842732521291
16,11.163954943679599,8.750353547818023
16,11.188986232790988,8.754858688638476
16,11.214017521902377,8.759354563973035
16,11.239048811013767,8.763837477996963
16,11.264080100125156,8.768304221426579
16,11.289111389236545,8.772752583342651
16,11.314142678347935,8.777181702995156
16,11.339173967459324,8.781592206733988
16,11.364205256570713,8.785986109390223
16,11.389236545682103,8.790366496726143
16,11.414267834793492,8.794737040076546
16,11.439299123904881,8.79910142058211
16,11.46433041301627,8.803462754354278
16,11.48936170212766,8.807823109363271
16,11.514392991239049,8.812183189956524
16,11.539424280350438,8.81654223810736
16,11.564455569461828,8.820898166048812
16,11.589486858573217,8.825247898338077
16,11.614518147684606,8.829587868414013
16,11.639549436795996,8.833914590546728
16,11.664580725907385,8.83822521651218
16,11.689612015018774,8.842517989128385
16,11.714643304130163,8.846792521458054
16,11.739674593241553,8.851049858323703
16,11.76470588235294,8.855292311350242
16,11.78973717146433,8.85952309455852
16,11.814768460575719,8.863745818920965
16,11.839799749687108,8.867963926318511
16,11.864831038798497,8.872180152568124
16,11.889862327909887,8.87639610421831
16,11.914893617021276,8.880612015481965
16,11.939924906132665,8.884826722942698
16,11.964956195244055,8.889037861114307
16,11.989987484355444,8.893242247035571
16,12.015018773466833,8.897436392357163
16,12.040050062578223,8.901617061496891
16,12.065081351689612,8.905781787503026
16,12.090112640801001,8.90992926431381
16,12.11514392991239,8.914059553963599
16,12.14017521902378,8.918174076771543
16,12.165206508135169,8.922275386960798
16,12.190237797246558,8.926366770039118
16,12.215269086357948,8.930451726276232
16,12.240300375469337,8.934533422340712
16,12.265331664580726,8.938614197851452
16,12.290362953692116,8.942695204568796
16,12.315394242803505,8.94677623468059
16,12.340425531914894,8.950855764537925
16,12.365456821026283,8.954931206055159
16,12.390488110137673,8.95899932521698
16,12.415519399249062,8.963056760903143
16,12.440550688360451,8.967100561665207
16,12.465581977471839,8.971128655586917
16,12.490613266583228,8.975140179272374
16,12.515644555694617,8.979135614557089
16,12.540675844806007,8.983116712116718
16,12.565707133917396,8.98708621489507
16,12.590738423028785,8.99104742584329
16,12.615769712140175,8.995003688878404
16,12.640801001251564,8.99895786540343
16,12.665832290362953,9.002911889104972
16,12.690863579474343,9.006866469050244
16,12.715894868585732,9.010820987401331
16,12.740926157697121,9.014773607137272
16,12.76595744680851,9.018721571938665
16,12.7909887359199,9.022661650103315
16,12.816020025031289,9.026590651797724
16,12.841051314142678,9.030505937641324
16,12.866082603254068,9.034405838310635
16,12.891113892365457,9.038289919220885
16,12.916145181476846,9.042159049073746
16,12.941176470588236,9.046015262204373
16,12.966207759699625,9.04986143727513
16,12.991239048811014,9.05370084378859
16,13.016270337922403,9.057536628574969
16,13.041301627033793,9.061371323613084
16,13.066332916145182,9.065206452860142
16,13.091364205256571,9.069042299825513
16,13.11639549436796,9.072877871992448
16,13.14142678347935,9.076711066955186
16,13.16645807259074,9.080539013253455
16,13.191489361702127,9.084358531390418
16,13.216520650813516,9.0881666417413
16,13.241551939924905,9.09196103893066
16,13.266583229036295,9.095740457858993
16,13.291614518147684,9.099504873960338
16,13.316645807259073,9.10325550667847
16,13.341677096370463,9.106994626354561
16,13.366708385481852,9.1107251957765
16,13.391739674593241,9.114450403643366
16,13.41677096370463,9.118173164059634
16,13.44180225281602,9.121895661262789
16,13.466833541927409,9.125619011345616
16,13.491864831038798,9.12934309398299
16,13.516896120150188,9.133066580116916
16,13.541927409261577,9.136787150498026
16,13.566958698372966,9.140501869847592
16,13.591989987484355,9.144207656948273
16,13.617021276595745,9.147901776036838
16,13.642052565707134,9.151582271782098
16,13.667083854818523,9.155248279330483
16,13.692115143929913,9.158900160891898
16,13.717146433041302,9.162539447921766
16,13.742177722152691,9.166168598746076
16,13.76720901126408,9.1697906105988
16,13.79224030037547,9.173408547900705
16,13.81727158948686,9.177025061616433
16,13.842302878598248,9.180641975664242
16,13.867334167709638,9.184260005482896
16,13.892365456821025,9.187878652744311
16,13.917396745932415,9.191496292211042
16,13.942428035043804,9.19511043632203
16,13.967459324155193,9.1987181350616
16,13.992490613266582,9.202316447445043
16,14.017521902377972,9.205902909867605
16,14.042553191489361,9.20947592732737
16,14.06758448060075,9.213035025982844
16,14.09261576971214,9.216580927634999
16,14.117647058823529,9.22011543499966
16,14.142678347934918,9.223641146570825
16,14.167709637046308,9.227161046733253
16,14.192740926157697,9.230678036331335
16,14.217772215269086,9.23419447807847
16,14.242803504380475,9.237711828583267
16,14.267834793491865,9.24123041483022
16,14.292866082603254,9.244749389924582
16,14.317897371714643,9.24826687446473
16,14.342928660826033,9.251780260553145
16,14.367959949937422,9.255286629840333
16,14.392991239048811,9.258783219148276
16,14.4180225281602,9.262267859934342
16,14.44305381727159,9.265739322246727
16,14.46808510638298,9.26919750915476
16,14.493116395494368,9.27264347145071
16,14.518147684605758,9.276079240922629
16,14.543178973717147,9.279507509170626
16,14.568210262828536,9.282931203250959
16,14.593241551939926,9.286353025557375
16,14.618272841051313,9.28977503076792
16,14.643304130162702,9.293198306578338
16,14.668335419274092,9.296622808315187
16,14.693366708385481,9.300047373035786
16,14.71839799749687,9.303469910273941
16,14.74342928660826,9.30688773868829
16,14.768460575719649,9.310298014920823
16,14.793491864831038,9.31369818658559
16,14.818523153942428,9.317086397725918
16,14.843554443053817,9.32046178283206
16,14.868585732165206,9.323824603336218
16,14.893617021276595,9.327176205548128
16,14.918648310387985,9.330518807280034
16,14.943679599499374,9.333855147454832
16,14.968710888610763,9.337188054526276
16,14.993742177722153,9.340520002181773
16,15.018773466833542,9.343852722578156
16,15.043804755944931,9.34718693803502
16,15.06883604505632,9.350522253188414
16,15.09386733416771,9.353857224112629
16,15.1188986232791,9.357189592898859
16,15.143929912390488,9.36051665007309
16,15.168961201501878,9.363835667159405
16,15.193992490613267,9.367144330801976
16,15.219023779724656,9.37044110983933
16,15.244055068836046,9.3737254975458
16,15.269086357947435,9.37699809117134
16,15.294117647058824,9.38026049674537
16,15.319148936170212,9.383515074761512
16,15.344180225281601,9.386764567452778
16,15.36921151439299,9.390011666944583
16,15.39424280350438,9.393258592721592
16,15.419274092615769,9.396506745149463
16,15.444305381727158,9.39975648955665
16,15.469336670838548,9.403007104572987
16,15.494367959949937,9.406256902356114
16,15.519399249061326,9.409503501149977
16,15.544430538172715,9.41274420661103
16,15.569461827284105,9.415976441290717
16,15.594493116395494,9.419198154248585
16,15.619524405506883,9.422408146129335
16,15.644555694618273,9.425606258603755
16,15.669586983729662,9.428793398671523
16,15.694618272841051,9.431971394514227
16,15.71964956195244,9.435142706216977
16,15.74468085106383,9.438310037536915
16,15.76971214017522,9.441475910386746
16,15.794743429286608,9.444642269397043
16,15.819774718397998,9.447810178953551
16,15.844806007509387,9.450979660294038
16,15.869837296620776,9.454149693965185
16,15.894868585732166,9.45731838672837
16,15.919899874843555,9.460483276018556
16,15.944931163954944,9.463641723408035
16,15.969962453066334,9.466791334614328
16,15.994993742177723,9.469930339593308
16,16.020025031289112,9.473057872774964
16,16.0450563204005,9.476174109467667
16,16.07008760951189,9.479280237324177
16,16.09511889862328,9.482378267893932
16,16.12015018773467,9.485470718541794
16,16.14518147684606,9.488560215405277
16,16.170212765957448,9.49164908038306
16,16.195244055068837,9.494738967475477
16,16.220275344180227,9.497830605795912
16,16.245306633291616,9.50092368953704
16,16.270337922403005,9.50401693182747
16,16.295369211514394,9.507108273462062
16,16.320400500625784,9.510195213041479
16,16.345431789737173,9.513275205972903
16,16.370463078848562,9.51634606906274
16,16.395494367959948,9.519406326742553
16,16.420525657071337,9.522455444389417
16,16.445556946182727,9.525493912211784
16,16.470588235294116,9.52852316689951
16,16.495619524405505,9.531545363914914
16,16.520650813516895,9.534563036866688
16,16.545682102628284,9.537578698142795
16,16.570713391739673,9.540594444097287
16,16.595744680851062,9.543611627174506
16,16.62077596996245,9.546630646586603
16,16.64580725907384,9.54965089026849
16,16.67083854818523,9.552670836827822
16,16.69586983729662,9.555688300896012
16,16.72090112640801,9.558700782673045
16,16.7459324155194,9.56170586611005
16,16.770963704630788,9.564701602653331
16,16.795994993742177,9.567686819944415
16,16.821026282853566,9.570661306911832
16,16.846057571964955,9.573625846370511
16,16.871088861076345,9.576582090430906
16,16.896120150187734,9.57953229887646
16,16.921151439299123,9.582478982264966
16,16.946182728410513,9.585424506442992
16,16.971214017521902,9.58837072109296
16,16.99624530663329,9.591318670949079
16,17.02127659574468,9.594268435079584
16,17.04630788485607,9.597219119259087
16,17.07133917396746,9.600169002185844
16,17.09637046307885,9.60311581198247
16,17.121401752190238,9.606057088897176
16,17.146433041301627,9.608990576628319
16,17.171464330413016,9.611914580339981
16,17.196495619524406,9.614828234881733
16,17.221526908635795,9.617731641082448
16,17.246558197747184,9.620625848961392
16,17.271589486858574,9.623512690955438
16,17.296620775969963,9.626394491956786
16,17.321652065081352,9.629273702347499
16,17.34668335419274,9.632152512253318
16,17.37171464330413,9.63503250803909
16,17.39674593241552,9.637914425215351
16,17.42177722152691,9.640798036531832
16,17.4468085106383,9.643682192555662
16,17.471839799749688,9.646565007882314
16,17.496871088861077,9.649444163129838
16,17.521902377972467,9.652317274653246
16,17.546933667083856,9.655182273350308
16,17.571964956195245,9.658037732661047
16,17.596996245306634,9.660883094064312
16,17.622027534418024,9.663718754722906
16,17.647058823529413,9.666546003817077
16,17.672090112640802,9.669366818059455
16,17.69712140175219,9.67218354911124
16,17.72215269086358,9.674998552611884
16,17.74718397997497,9.67781381762171
16,17.77221526908636,9.68063065504529
16,17.79724655819775,9.683449494115909
16,17.822277847309135,9.686269818803533
16,17.847309136420524,9.689090253803627
16,17.872340425531913,9.69190878609517
16,17.897371714643302,9.694723086668368
16,17.92240300375469,9.69753088128965
16,17.94743429286608,9.70033031156421
16,17.97246558197747,9.7031202292542
16,17.99749687108886,9.705900377519356
16,18.02252816020025,9.70867143074854
16,18.04755944931164,9.711434887080193
16,18.072590738423028,9.714192831009374
16,18.097622027534417,9.716947603964464
16,18.122653316645806,9.719701435177397
16,18.147684605757195,9.722456091302222
16,18.172715894868585,9.725212600111842
16,18.197747183979974,9.72797109174114
16,18.222778473091363,9.73073078224589
16,18.247809762202753,9.73349010168432
16,18.272841051314142,9.73624694607924
16,18.29787234042553,9.738999013094931
16,18.32290362953692,9.741744168141464
16,18.34793491864831,9.744480782955677
16,18.3729662077597,9.747207993217042
16,18.39799749687109,9.749925834699921
16,18.423028785982478,9.752635236772802
16,18.448060075093867,9.755337874660475
16,18.473091364205256,9.758035904205398
16,18.498122653316646,9.760731621372084
16,18.523153942428035,9.763427100518918
16,18.548185231539424,9.766123868671487
16,18.573216520650814,9.76882266718602
16,18.598247809762203,9.771523338239726
16,18.623279098873592,9.774224853753282
16,18.64831038798498,9.776925481790153
16,18.67334167709637,9.779623063760905
16,18.69837296620776,9.782315358318135
16,18.72340425531915,9.785000397404827
16,18.74843554443054,9.787676798144199
16,18.773466833541928,9.790343981389654
16,18.798498122653317,9.793002262638714
16,18.823529411764707,9.795652801281042
16,18.848560700876096,9.79829741658035
16,18.873591989987485,9.800938299832367
16,18.898623279098874,9.80357766847356
16,18.923654568210264,9.806217416969266
16,18.948685857321653,9.80885881967359
16,18.973717146433042,9.811502332492099
16,18.99874843554443,9.814147524437232
16,19.02377972465582,9.816793149552467
16,19.04881101376721,9.819437347466058
16,19.0738423028786,9.822077940534118
16,19.09887359198999,9.82471278034949
16,19.123904881101378,9.827340088713916
16,19.148936170212767,9.829958739190287
16,19.173967459324157,9.832568434885442
16,19.198998748435546,9.835169754632561
16,19.22403003754693,9.837764060617054
16,19.24906132665832,9.840353282409156
16,19.27409261576971,9.842939611863823
16,19.2991239048811,9.845525157347838
16,19.32415519399249,9.848111612057018
16,19.34918648310388,9.850699988817071
16,19.374217772215268,9.85329046311654
16,19.399249061326657,9.85588234890398
16,19.424280350438046,9.858474210631872
16,19.449311639549435,9.86106409348426
16,19.474342928660825,9.863649835090303
16,19.499374217772214,9.866229409240034
16,19.524405506883603,9.868801247187276
16,19.549436795994993,9.871364485807527
16,19.574468085106382,9.873919103570927
16,19.59949937421777,9.876465923123936
16,19.62453066332916,9.879006480413004
16,19.64956195244055,9.881542781379736
16,19.67459324155194,9.884076984975296
16,19.69962453066333,9.886611062789692
16,19.724655819774718,9.889146489160103
16,19.749687108886107,9.891684010667417
16,19.774718397997496,9.89422353125653
16,19.799749687108886,9.896764130847073
16,19.824780976220275,9.899304214154379
16,19.849812265331664,9.901841765866097
16,19.874843554443054,9.904374671567863
16,19.899874843554443,9.906901053520983
16,19.924906132665832,9.909419568175421
16,19.94993742177722,9.911929618484258
16,19.97496871088861,9.914431447671296
16,20.0,9.916926099927013
