xi,signed_prime_symbol,positive_prime_symbol,signed_plus_diagonal
0.0,-9.085603515379333,0.0,-1.7763568394002505e-15
0.015007503751875938,-9.077120570322421,0.008482945056909875,0.00848294505690994
0.030015007503751877,-9.051699070318897,0.03390444506043543,0.03390444506043444
0.04502251125562781,-9.00942090872577,0.07618260665355882,0.07618260665356047
0.060030015007503754,-8.950422201183132,0.1351813141962014,0.13518131419619905
0.0750375187593797,-8.874892727523587,0.21071078785574937,0.21071078785574393
0.09004502251125562,-8.78307515411962,0.30252836125971594,0.3025283612597107
0.10505252626313157,-8.675264040320211,0.4103394750591117,0.4103394750591196
0.12006003001500751,-8.551804633639303,0.5337988817400289,0.5337988817400277
0.13506753376688344,-8.413091459345528,0.6725120560338104,0.6725120560338027
0.1500750375187594,-8.25956671106135,0.8260368043179893,0.8260368043179813
0.16508254127063532,-8.091718449903503,0.9938850654758301,0.993885065475828
0.18009004502251125,-7.910078620582767,1.1755248947965657,1.1755248947965642
0.1950975487743872,-7.715220893723714,1.3703826216556163,1.370382621655617
0.21010505252626313,-7.507758344460619,1.577845170918716,1.577845170918712
0.2251125562781391,-7.288340978109633,1.7972625372696973,1.797262537269698
0.24012006003001501,-7.0576531144067305,2.0279504009726055,2.0279504009726006
0.25512756378189094,-6.816410642431179,2.269192872948155,2.2691928729481523
0.27013506753376687,-6.565358158903864,2.5202453564754674,2.520245356475467
0.28514257128564285,-6.305266003054065,2.7803375123252643,2.780337512325266
0.3001500750375188,-6.036927201686701,3.048676313692632,3.0486763136926305
0.3151575787893947,-5.761154338450956,3.3244491769283813,3.3244491769283755
0.33016508254127064,-5.47877636161007,3.6068271537692613,3.6068271537692613
0.34517258629314657,-5.19063534483887,3.894968170540463,3.8949681705404613
0.3601800900450225,-4.897583215729659,4.188020299649676,4.188020299649672
0.3751875937968985,-4.600478466768068,4.485125048611272,4.4851250486112635
0.3901950975487744,-4.300182863547755,4.785420651831578,4.7854206518315765
0.40520260130065033,-3.997558164927058,5.088045350452277,5.088045350452273
0.42021010505252626,-3.6934628696924108,5.392140645686923,5.39214064568692
0.4352176088044022,-3.38874900408352,5.696854511295813,5.696854511295811
0.4502251125562782,-3.084258964255151,6.001344551124177,6.0013445511241805
0.4652326163081541,-2.780822427402156,6.304781087977176,6.304781087977175
0.48024012006003003,-2.4792533448597114,6.606350170519619,6.60635017051962
0.49524762381190596,-2.1803470300123675,6.9052564853669685,6.905256485366964
0.5102551275637819,-1.8848773533060776,7.200726162073254,7.200726162073254
0.5252626313156579,-1.5935940560602326,7.492009459319102,7.492009459319099
0.5402701350675337,-1.3072201941249517,7.778383321254379,7.778383321254379
0.5552776388194097,-1.026449721726353,8.059153793652984,8.059153793652978
0.5702851425712857,-0.7519452250932162,8.333658290286115,8.333658290286115
0.5852926463231616,-0.48433581466634873,8.601267700712983,8.601267700712983
0.6003001500750376,-0.22421518386152925,8.86138833151781,8.861388331517801
0.6153076538269134,0.027860158507213822,9.113463673886542,9.113463673886544
0.6303151575787894,0.27137247593061187,9.356975991309938,9.356975991309943
0.6453226613306654,0.5058442067374742,9.591447722116806,9.591447722116806
0.6603301650825413,0.7308391770993055,9.816442692478637,9.816442692478637
0.6753376688344173,0.9459636210982613,10.031567136477591,10.031567136477593
0.6903451725862931,1.150867005410933,10.236470520790272,10.236470520790263
0.7053526763381691,1.3452426571250435,10.430846172504378,10.430846172504374
0.720360180090045,1.5288281941698154,10.614431709549143,10.614431709549146
0.735367683841921,1.7014057587986422,10.787009274177972,10.787009274177974
0.750375187593797,1.862802055509595,10.948405570888928,10.948405570888927
0.7653826913456728,2.012888195720613,11.098491711099944,11.098491711099944
0.7803901950975488,2.1515793524269755,11.237182867806313,11.237182867806307
0.7953976988494247,2.2788342289543997,11.364437744333728,11.364437744333731
0.8104052026013007,2.3946543467773993,11.480257862156735,11.48025786215673
0.8254127063531767,2.4990831581950195,11.584686673574348,11.58468667357435
0.8404202101050525,2.5922049904409277,11.677808505820265,11.67780850582026
0.8554277138569285,2.67414382854804,11.75974734392737,11.759747343927371
0.8704352176088044,2.745061944986129,11.830665460365461,11.83066546036546
0.8854427213606804,2.8051583847408175,11.890761900120147,11.890761900120149
0.9004502251125563,2.854667315100763,11.940270830480097,11.940270830480094
0.9154577288644322,2.8938562499649088,11.97945976534424,11.97945976534424
0.9304652326163082,2.9230241589696275,12.008627674348967,12.008627674348958
0.9454727363681841,2.9424994721660465,12.02810298754538,12.028102987545378
0.9604802401200601,2.952637991347593,12.03824150672692,12.038241506726925
0.975487743871936,2.9538207194368393,12.039424234816169,12.03942423481617
0.9904952476238119,2.9464516195868407,12.03205513496617,12.032055134966171
1.0055027513756878,2.9309553158357096,12.01655883121504,12.01655883121504
1.0205102551275638,2.907774747273284,11.993378262652616,11.993378262652616
1.0355177588794398,2.877368787735504,11.962972303114835,11.962972303114835
1.0505252626313157,2.8402098430362672,11.925813358415597,11.9258133584156
1.0655327663831917,2.79678143767839,11.882384953057718,11.882384953057722
1.0805402701350675,2.747575802856179,11.833179318235524,11.83317931823551
1.0955477738869435,2.6930914773734553,11.77869499275279,11.778694992752786
1.1105552776388194,2.633830932854034,11.719434448233368,11.719434448233365
1.1255627813906954,2.570298234319301,11.655901749698637,11.655901749698632
1.1405702851425714,2.502996746851036,11.588600262230367,11.588600262230367
1.1555777888944472,2.432426898650531,11.518030414029871,11.518030414029862
1.1705852926463232,2.3590840103494757,11.444687525728806,11.444687525728806
1.1855927963981991,2.2834561999273233,11.36905971530666,11.369059715306655
1.2006003001500751,2.2060223720473355,11.291625887426664,11.291625887426667
1.2156078039019511,2.127250300042325,11.212853815421656,11.212853815421656
1.2306153076538269,2.0475948081654187,11.13319832354475,11.13319832354475
1.2456228114057029,1.9674960610741103,11.053099576453445,11.053099576453441
1.2606303151575788,1.8873779668421515,10.972981482221478,10.972981482221483
1.2756378189094548,1.8076466990966251,10.893250214475955,10.893250214475955
1.2906453226613308,1.728689343161738,10.814292858541071,10.81429285854107
1.3056528264132066,1.6508726703600962,10.736476185739427,10.736476185739427
1.3206603301650826,1.5745420438808766,10.66014555926021,10.660145559260208
1.3356678339169585,1.5000204588766368,10.585623974255965,10.585623974255968
1.3506753376688345,1.427607718700596,10.513211234079922,10.513211234079927
1.3656828414207105,1.3575797484481988,10.443183263827535,10.44318326382753
1.3806903451725863,1.2901880462249604,10.375791561604288,10.375791561604292
1.3956978489244622,1.2256592718305688,10.3112627872099,10.3112627872099
1.4107053526763382,1.1641949718313183,10.249798487210652,10.249798487210649
1.4257128564282142,1.1059714392926454,10.191574954671974,10.191574954671976
1.44072036018009,1.0511397057644667,10.136743221143796,10.136743221143798
1.455727863931966,0.9998256624578498,10.085429177837183,10.085429177837181
1.470735367683842,0.952130306925168,10.037733822304496,10.0377338223045
1.485742871435718,0.9081301109607514,9.993733626340088,9.993733626340083
1.500750375187594,0.867877504877616,9.95348102025695,9.953481020256946
1.5157578789394697,0.8314014727910873,9.917004988170422,9.917004988170419
1.5307653826913457,0.7987082530540655,9.884311768433403,9.884311768433397
1.5457728864432216,0.7697821375436824,9.855385652923012,9.855385652923013
1.5607803901950976,0.7445863630968617,9.830189878476194,9.830189878476192
1.5757878939469736,0.7230640880344306,9.808667603413769,9.808667603413761
1.5907953976988494,0.7051394464012576,9.790742961780586,9.79074296178059
1.6058029014507254,0.6907186722843981,9.776322187663734,9.776322187663729
1.6208104052026013,0.6796912863532164,9.765294801732544,9.765294801732548
1.6358179089544773,0.6719313365951562,9.757534851974494,9.757534851974487
1.6508254127063533,0.6672986850988305,9.75290220047816,9.752902200478161
1.665832916458229,0.665640332661759,9.751243848041092,9.75124384804109
1.680840420210105,0.6667917729735092,9.752395288352844,9.75239528835284
1.695847923961981,0.670578368145146,9.75618188352448,9.756181883524476
1.710855427713857,0.6768167374221354,9.762420252801467,9.762420252801466
1.725862931465733,0.6853161510287858,9.770919666408117,9.770919666408117
1.7408704352176088,0.695879921246724,9.781483436626061,9.781483436626056
1.7558779389694847,0.7083067830259907,9.793910298405331,9.793910298405322
1.7708854427213607,0.7223922566633139,9.807995772042645,9.807995772042645
1.7858929464732367,0.7379299853559886,9.823533500735326,9.82353350073532
1.8009004502251127,0.754713040749073,9.840316556128395,9.840316556128403
1.8159079539769885,0.7725351899361749,9.858138705315506,9.858138705315506
1.8309154577288644,0.7911921177471155,9.876795633126441,9.876795633126447
1.8459229614807404,0.8104825985566525,9.896086113935986,9.896086113935983
1.8609304652326164,0.8302096122743113,9.915813127653637,9.915813127653642
1.8759379689844924,0.8501813996232713,9.935784915002595,9.935784915002602
1.8909454727363681,0.8702124522832484,9.955815967662584,9.955815967662579
1.9059529764882441,0.8901244339551173,9.975727949334448,9.975727949334448
1.9209604802401201,0.9097470289007701,9.995350544280099,9.9953505442801
1.935967983991996,0.9289187150170151,10.014522230396345,10.014522230396347
1.950975487743872,0.947487459014153,10.033090974393486,10.033090974393485
1.9659829914957478,0.9653113317850647,10.050914847164405,10.050914847164396
1.9809904952476238,0.9822590425660493,10.067862557945386,10.06786255794538
1.9959979989994998,0.9982103910032508,10.083813906382591,10.083813906382582
2.0110055027513756,1.0130566367453042,10.098660152124632,10.098660152124635
2.0260130065032516,1.026700786680862,10.112304302060192,10.112304302060194
2.0410205102551275,1.0390578004262652,10.124661315805595,10.124661315805596
2.0560280140070035,1.0500547151408368,10.135658230520171,10.135658230520168
2.0710355177588795,1.0596306912029918,10.145234206582327,10.145234206582323
2.0860430215107555,1.067736980716621,10.153340496095945,10.153340496095952
2.1010505252626315,1.0743368212322344,10.159940336611571,10.159940336611566
2.1160580290145075,1.079405257458878,10.165008772838211,10.16500877283821
2.1310655327663834,1.0829288941088135,10.168532409488144,10.168532409488144
2.146073036518259,1.084905583355978,10.170509098735323,10.170509098735309
2.161080540270135,1.0853440506995704,10.170947566078906,10.170947566078901
2.176088044022011,1.0842634633044483,10.169866978683782,10.16986697868378
2.191095547773887,1.0816929451394222,10.167296460518754,10.167296460518752
2.206103051525763,1.0776710434518006,10.163274558831136,10.163274558831132
2.221110555277639,1.0722451513013609,10.157848666680698,10.157848666680692
2.236118059029515,1.0654708910285056,10.151074406407844,10.151074406407837
2.251125562781391,1.0574114636495315,10.143014979028862,10.143014979028862
2.266133066533267,1.0481369692568456,10.133740484636178,10.133740484636176
2.281140570285143,1.0377237035534164,10.123327218932749,10.123327218932747
2.2961480740370184,1.0262534356693795,10.111856951048713,10.111856951048711
2.3111555777888944,1.013812672394986,10.099416187774318,10.099416187774317
2.3261630815407703,1.0004919139187,10.086095429298018,10.08609542929803
2.3411705852926463,0.9863849060832608,10.0719884214626,10.071988421462592
2.3561780890445223,0.9715878940668394,10.057191409446169,10.05719140944617
2.3711855927963983,0.9561988822625589,10.041802397641893,10.04180239764189
2.3861930965482743,0.9403169049688166,10.025920420348145,10.025920420348148
2.4012006003001503,0.9240413123166601,10.009644827695988,10.009644827695992
2.4162081040520262,0.9074710756507637,9.9930745910301,9.993074591030094
2.4312156078039022,0.8907041163489088,9.976307631728234,9.97630763172824
2.4462231115557778,0.8738366618133705,9.959440177192704,9.959440177192702
2.4612306153076537,0.8569626320981767,9.942566147477503,9.942566147477507
2.4762381190595297,0.8401730603509712,9.925776575730296,9.925776575730302
2.4912456228114057,0.8235555499492696,9.909159065328602,9.9091590653286
2.5062531265632817,0.8071937709003627,9.892797286279695,9.892797286279693
2.5212606303151577,0.7911669977544714,9.876770513133806,9.876770513133803
2.5362681340670337,0.7755496909538475,9.861153206333164,9.861153206333178
2.5512756378189096,0.7604111232088964,9.846014638588223,9.846014638588228
2.5662831415707856,0.7458150521581746,9.831418567537506,9.831418567537506
2.5812906453226616,0.7318194402343853,9.817422955613718,9.817422955613717
2.596298149074537,0.7184762223256713,9.804079737705008,9.804079737705003
2.611305652826413,0.7058311214923658,9.7914346368717,9.791434636871697
2.626313156578289,0.6939235126762824,9.779527028055615,9.779527028055613
2.641320660330165,0.6827863340242736,9.768389849403599,9.768389849403604
2.656328164082041,0.672446045142236,9.758049560521563,9.758049560521567
2.671335667833917,0.6629226313017131,9.74852614668104,9.748526146681044
2.686343171585793,0.6542296523403194,9.739833167719654,9.73983316771965
2.701350675337669,0.6463743347310995,9.731977850110422,9.73197785011043
2.716358179089545,0.6393577050458908,9.724961220425223,9.724961220425222
2.731365682841421,0.6331747628052287,9.718778278184555,9.71877827818456
2.7463731865932965,0.6278146904933336,9.713418205872664,9.713418205872665
2.7613806903451725,0.6232610983223513,9.708864613701689,9.708864613701682
2.7763881940970485,0.6194923011561214,9.705095816535458,9.705095816535453
2.7913956978489245,0.6164816248510262,9.702085140230363,9.702085140230357
2.8064032016008005,0.6141977391404314,9.699801254519766,9.699801254519762
2.8214107053526765,0.6126050140804105,9.698208529459748,9.698208529459741
2.8364182091045524,0.6116638969879931,9.697267412367324,9.697267412367324
2.8514257128564284,0.6113313067391254,9.696934822118465,9.696934822118456
2.8664332166083044,0.6115610422521057,9.697164557631435,9.697164557631437
2.88144072036018,0.6123042019628607,9.6979077173422,9.697907717342192
2.896448224112056,0.6135096111011259,9.699113126480457,9.699113126480457
2.911455727863932,0.6151242536005891,9.700727768979922,9.70072776897992
2.926463231615808,0.6170937055208983,9.702697220900236,9.70269722090023
2.941470735367684,0.6193625669244323,9.70496608230376,9.704966082303763
2.95647823911956,0.6218748892347562,9.707478404614095,9.707478404614088
2.971485742871436,0.6245745952062294,9.710178110585554,9.710178110585561
2.986493246623312,0.6274058887537028,9.713009404133029,9.713009404133034
3.001500750375188,0.630313652026848,9.715917167406179,9.715917167406179
3.016508254127064,0.6332438272641059,9.718847342643432,9.718847342643437
3.0315157578789393,0.6361437811249206,9.721747296504251,9.721747296504251
3.0465232616308153,0.638962649374887,9.724566164754219,9.724566164754219
3.0615307653826913,0.641651659984852,9.727255175364183,9.727255175364183
3.0765382691345673,0.6441644329006115,9.729767948279942,9.729767948279942
3.0915457728864433,0.6464572549431156,9.73206077032244,9.732060770322446
3.1065532766383193,0.6484893285082495,9.73409284388758,9.73409284388758
3.1215607803901952,0.650222992949192,9.735826508328525,9.735826508328524
3.1365682841420712,0.6516239177410262,9.737227433120355,9.737227433120358
3.151575787893947,0.6526612667455012,9.738264782124835,9.738264782124832
3.166583291645823,0.6533078331119612,9.738911348491294,9.738911348491293
3.1815907953976987,0.6535401445669266,9.73914365994625,9.739143659946258
3.1965982991495747,0.653338539058343,9.738942054437679,9.738942054437674
3.2116058029014507,0.652687210929534,9.738290726308872,9.738290726308865
3.2266133066533267,0.6515742280011376,9.737177743380466,9.73717774338047
3.2416208104052027,0.6499915201355346,9.735595035514871,9.735595035514866
3.2566283141570787,0.6479348400461759,9.733538355425516,9.733538355425507
3.2716358179089546,0.6454036972927888,9.731007212672116,9.73100721267212
3.2866433216608306,0.6424012665714803,9.728004781950816,9.728004781950812
3.3016508254127066,0.6389342715655357,9.724537786944866,9.724537786944866
3.3166583291645826,0.6350128457671208,9.720616361146453,9.720616361146451
3.331665832916458,0.6306503718116412,9.716253887190975,9.716253887190973
3.346673336668334,0.6258633009842993,9.711466816363638,9.71146681636363
3.36168084042021,0.6206709546621137,9.706274470041445,9.706274470041445
3.376688344172086,0.61509530954369,9.70069882492302,9.700698824923021
3.391695847923962,0.609160768593125,9.694764283972457,9.694764283972455
3.406703351675838,0.6028939196834607,9.688497435062796,9.688497435062791
3.421710855427714,0.5963232839687588,9.681926799348094,9.68192679934809
3.43671835917959,0.5894790560423058,9.675082571421637,9.675082571421637
3.451725862931466,0.5823928379518241,9.667996353331155,9.667996353331155
3.466733366683342,0.575097369140868,9.660700884520207,9.6607008845202
3.4817408704352175,0.5676262543693693,9.653229769748693,9.6532297697487
3.4967483741870935,0.5600136916357753,9.645617207015107,9.645617207015107
3.5117558779389695,0.552294202079095,9.637897717458424,9.637897717458426
3.5267633816908455,0.5445023637817241,9.630105879161048,9.630105879161055
3.5417708854427215,0.5366725513242268,9.622276066703561,9.622276066703558
3.5567783891945974,0.5288386828616568,9.614442198240994,9.614442198240988
3.5717858929464734,0.5210339763985217,9.60663749177785,9.606637491777853
3.5867933966983494,0.5132907168370406,9.598894232216368,9.598894232216372
3.6018009004502254,0.5056400352616659,9.591243550641,9.591243550640996
3.6168084042021014,0.4981117018030267,9.583715217182357,9.583715217182357
3.631815907953977,0.4907339332975434,9.576337448676881,9.576337448676874
3.646823411705853,0.4835332168258504,9.569136732205186,9.569136732205182
3.661830915457729,0.47653415007513195,9.562137665454458,9.562137665454463
3.676838419209605,0.46975929932832444,9.555362814707655,9.555362814707655
3.691845922961481,0.46322907573827105,9.5488325911176,9.548832591117602
3.706853426713357,0.4569616303981479,9.542565145777488,9.542565145777479
3.721860930465233,0.4509727685720629,9.5365762839514,9.536576283951394
3.736868434217109,0.44527588330262885,9.53087939868196,9.530879398681959
3.7518759379689848,0.4398819084667081,9.525485423846042,9.525485423846039
3.7668834417208608,0.4347992912071701,9.520402806586501,9.520402806586501
3.7818909454727363,0.4300339835287433,9.515637498908077,9.515637498908074
3.7968984492246123,0.4255894527104673,9.511192968089794,9.511192968089798
3.8119059529764883,0.4214667100569472,9.507070225436282,9.507070225436278
3.8269134567283642,0.4176643573863828,9.503267872765717,9.503267872765713
3.8419209604802402,0.4141786505359175,9.49978216591524,9.49978216591525
3.856928464232116,0.4110035790549653,9.496607094434292,9.496607094434296
3.871935967983992,0.4081309611555257,9.493734476534863,9.493734476534858
3.886943471735868,0.40555055289554454,9.491154068274884,9.491154068274875
3.901950975487744,0.40325017048778705,9.488853685867122,9.488853685867118
3.9169584792396197,0.4012158245526784,9.486819339932001,9.48681933993201
3.9319659829914957,0.3994318650697469,9.485035380449082,9.485035380449078
3.9469734867433717,0.39788113572869777,9.48348465110803,9.483484651108029
3.9619809904952477,0.3965451363380712,9.482148651717408,9.482148651717402
3.9769884942471236,0.3954041919170743,9.481007707296412,9.481007707296406
3.9919959979989996,0.3944376270743386,9.480041142453668,9.48004114245367
4.007003501750876,0.39362394426628067,9.47922745964561,9.479227459645612
4.022011005502751,0.39294100452710023,9.478544519906427,9.478544519906432
4.037018509254628,0.39236620927208304,9.477969724651409,9.477969724651414
4.052026013006503,0.39187668179571117,9.47748019717504,9.477480197175042
4.0670335167583795,0.39144944711546625,9.4770529624948,9.477052962494797
4.082041020510255,0.3910616088510279,9.47666512423036,9.476665124230358
4.0970485242621315,0.3906905218762913,9.47629403725562,9.476294037255622
4.112056028014007,0.3903139595375876,9.47591747491692,9.475917474916919
4.1270635317658835,0.3899102742953867,9.475513789674725,9.475513789674718
4.142071035517759,0.38945855071779606,9.475062066097124,9.475062066097127
4.1570785392696346,0.388938749831733,9.474542265211067,9.474542265211063
4.172086043021511,0.3883318439211006,9.473935359300432,9.473935359300432
4.1870935467733865,0.3876199409499074,9.473223456329242,9.473223456329238
4.202101050525263,0.386786397881214,9.472389913260553,9.472389913260544
4.2171085542771385,0.3858159222594784,9.471419437638811,9.47141943763881
4.232116058029015,0.3846946615233183,9.470298176902647,9.470298176902649
4.2471235617808905,0.38341027961732993,9.46901379499666,9.46901379499666
4.262131065532767,0.38195202057449323,9.467555535953824,9.467555535953824
4.277138569284642,0.38031075884407933,9.465914274223417,9.46591427422341
4.292146073036518,0.3784790362432024,9.464082551622532,9.464082551622534
4.307153576788394,0.37645108551228934,9.46205460089162,9.462054600891621
4.32216108054027,0.374222840555222,9.459826355934549,9.459826355934553
4.337168584292146,0.37179193354289525,9.457395448922222,9.457395448922226
4.352176088044022,0.3691576791538551,9.454761194533186,9.454761194533186
4.367183591795898,0.36632104631675877,9.451924561696092,9.45192456169609
4.382191095547774,0.36328461790626326,9.448888133285587,9.448888133285594
4.39719859929965,0.3600525389256624,9.445656054304996,9.445656054304994
4.412206103051526,0.35663045378607877,9.442233969165407,9.44223396916541
4.427213606803402,0.3530254333624851,9.438628948741824,9.438628948741815
4.442221110555278,0.34924589257087374,9.43484940795021,9.434849407950205
4.457228614307153,0.3453014992685049,9.43090501464783,9.430905014647836
4.47223611805903,0.3412030753294633,9.426806590708798,9.426806590708795
4.487243621810905,0.33696249079098645,9.422566006170312,9.422566006170317
4.502251125562782,0.3325925520018153,9.418196067381142,9.418196067381146
4.517258629314657,0.3281068847318747,9.41371040011121,9.413710400111206
4.532266133066534,0.3235198132231605,9.409123328602492,9.409123328602492
4.547273636818409,0.3188462361744686,9.404449751553802,9.4044497515538
4.562281140570286,0.314101500657747,9.39970501603708,9.399705016037078
4.577288644322161,0.30930127496148957,9.394904790340822,9.39490479034082
4.592296148074037,0.3044614213467812,9.390064936726116,9.390064936726112
4.607303651825913,0.29959786968452545,9.38520138506386,9.385201385063857
4.622311155577789,0.2947264929185291,9.380330008297857,9.380330008297861
4.637318659329665,0.28986298526835536,9.37546650064769,9.375466500647686
4.652326163081541,0.2850227440490151,9.370626259428347,9.370626259428347
4.667333666833417,0.2802207559416027,9.36582427132093,9.365824271320934
4.682341170585293,0.2754714885005953,9.36107500387993,9.361075003879927
4.697348674337169,0.27078878763006037,9.35639230300938,9.356392303009391
4.712356178089045,0.2661857817029665,9.3517892970823,9.351789297082298
4.727363681840921,0.2616747929356375,9.347278308314976,9.34727830831497
4.742371185592797,0.2572672565637907,9.342870771943117,9.342870771943122
4.757378689344672,0.25297364829785146,9.33857716367718,9.338577163677183
4.7723861930965485,0.2488034204642734,9.334406935843607,9.334406935843605
4.787393696848424,0.24476494716657124,9.330368462545897,9.330368462545902
4.8024012006003005,0.24086547872563543,9.326468994104966,9.326468994104966
4.817408704352176,0.237111105583942,9.322714620963271,9.322714620963273
4.8324162081040525,0.23350673178329806,9.319110247162632,9.319110247162628
4.847423711855928,0.2300560580511132,9.315659573430441,9.315659573430445
4.8624312156078044,0.22676157445662323,9.312365089835959,9.312365089835954
4.87743871935968,0.22362456252643567,9.309228077905766,9.309228077905766
4.8924462231115555,0.22064510663866066,9.30624862201799,9.306248622017991
4.907453726863432,0.2178221144474763,9.303425629826814,9.303425629826807
4.9224612306153075,0.2151533460254416,9.300756861404778,9.300756861404773
4.937468734367184,0.21263545134980902,9.298238966729139,9.29823896672914
4.9524762381190595,0.21026401570187567,9.295867531081209,9.295867531081207
4.967483741870936,0.20803361249542343,9.293637127874756,9.293637127874755
4.982491245622811,0.2059378630017815,9.291541378381112,9.291541378381112
4.997498749374688,0.20396950239546924,9.289573017774808,9.289573017774801
5.012506253126563,0.20212045150576596,9.287723966885096,9.287723966885096
5.027513756878439,0.20038189362632777,9.285985409005658,9.28598540900566
5.042521260630315,0.19874435570716895,9.284347871086498,9.2843478710865
5.057528764382191,0.1971977932310618,9.282801308610388,9.282801308610393
5.072536268134067,0.19573167805991373,9.281335193439247,9.281335193439245
5.087543771885943,0.1943350885257566,9.27993860390509,9.279938603905087
5.102551275637819,0.19299680103581984,9.278600316415153,9.278600316415151
5.117558779389695,0.19170538246163227,9.277308897840966,9.277308897840964
5.132566283141571,0.19044928258807092,9.276052797967404,9.276052797967402
5.147573786893447,0.18921692590971384,9.274820441289041,9.274820441289044
5.162581290645323,0.18799680207845454,9.273600317457786,9.273600317457786
5.177588794397199,0.18677755432809615,9.272381069707432,9.272381069707427
5.192596298149074,0.1855480652280255,9.271151580607357,9.271151580607357
5.207603801900951,0.18429753914911487,9.269901054528445,9.269901054528447
5.222611305652826,0.18301558086018008,9.268619096239506,9.268619096239512
5.237618809404703,0.1816922697123321,9.267295785091664,9.267295785091664
5.252626313156578,0.18031822891126095,9.265921744290585,9.265921744290592
5.267633816908455,0.17888468942308747,9.264488204802424,9.264488204802419
5.28264132066033,0.1773835481080115,9.262987063487337,9.262987063487342
5.297648824412207,0.17580741972671096,9.261410935106044,9.261410935106042
5.312656328164082,0.17414968251721466,9.259753197896545,9.259753197896545
5.327663831915958,0.17240451709417934,9.258008032473507,9.25800803247351
5.342671335667834,0.17056693847773904,9.256170453857065,9.25617045385707
5.35767883941971,0.1686328211149939,9.254236336494332,9.254236336494325
5.372686343171586,0.16659891681322805,9.252202432192558,9.25220243219256
5.387693846923462,0.16446286555976822,9.250066380939089,9.2500663809391
5.402701350675338,0.16222319925851555,9.247826714637846,9.247826714637847
5.417708854427214,0.1598793384672239,9.245482853846553,9.245482853846555
5.43271635817909,0.15743158227217505,9.243035097651507,9.243035097651505
5.447723861930966,0.15488109148760162,9.240484606866941,9.240484606866932
5.462731365682842,0.1522298654157574,9.237833380795086,9.237833380795088
5.4777388694347176,0.14948071244938652,9.235084227828713,9.235084227828718
5.492746373186593,0.14663721484154824,9.232240730220882,9.23224073022088
5.5077538769384695,0.14370368800760452,9.22930720338694,9.229307203386936
5.522761380690345,0.14068513476075026,9.226288650140088,9.22628865014008
5.5377688844422215,0.13758719491533242,9.223190710294666,9.223190710294663
5.552776388194097,0.13441609072130734,9.220019606100633,9.220019606100639
5.5677838919459735,0.13117856861821084,9.216782083997545,9.216782083997542
5.582791395697849,0.12788183781796456,9.213485353197292,9.213485353197296
5.597798899449725,0.12453350624256058,9.210137021621897,9.210137021621891
5.612806403201601,0.12114151435505793,9.206745029734385,9.206745029734389
5.6278139069534765,0.11771406743038022,9.203317582809722,9.203317582809712
5.642821410705353,0.11425956681625753,9.199863082195591,9.199863082195588
5.6578289144572285,0.11078654073399245,9.196390056113325,9.196390056113323
5.672836418209105,0.10730357516405378,9.19290709054339,9.192907090543384
5.68784392196098,0.10381924535263663,9.189422760731969,9.189422760731969
5.702851425712857,0.10034204846233476,9.18594556384167,9.185945563841665
5.717858929464732,0.09688033787348316,9.182483853252823,9.182483853252814
5.732866433216609,0.09344225962226495,9.17904577500161,9.179045775001596
5.747873936968484,0.09003569143785627,9.175639206817191,9.175639206817188
5.76288144072036,0.08666818481386879,9.172271700193205,9.1722717001932
5.777888944472236,0.08334691051931803,9.168950425898649,9.168950425898649
5.792896448224112,0.0800786079216679,9.165682123300993,9.165682123300998
5.807903951975988,0.07686953845940973,9.162473053838744,9.16247305383874
5.822911455727864,0.07372544356443145,9.159328958943757,9.159328958943762
5.83791895947974,0.07065150729547903,9.156255022674808,9.15625502267481
5.852926463231616,0.06765232390361668,9.153255839282949,9.153255839282949
5.867933966983492,0.06473187050902265,9.150335385888349,9.150335385888354
5.882941470735368,0.0618934850261093,9.147497000405444,9.14749700040544
5.897948974487244,0.05913984943126876,9.144743364810603,9.1447433648106
5.91295647823912,0.056472978424557875,9.142076493803895,9.14207649380389
5.927963981990995,0.05389421349400698,9.139497728873335,9.139497728873337
5.942971485742872,0.05140422234916056,9.137007737728489,9.137007737728492
5.957978989494747,0.04900300364907532,9.134606519028413,9.134606519028406
5.972986493246624,0.046689896910037394,9.132293412289362,9.132293412289368
5.987993996998499,0.044463597439526936,9.130067112818873,9.130067112818859
6.003001500750376,0.04232217610609586,9.12792569148543,9.127925691485427
6.018009004502251,0.04026310371993985,9.125866619099266,9.125866619099272
6.033016508254128,0.03828327976626877,9.123886795145602,9.1238867951456
6.048024012006003,0.03637906520335674,9.121982580582687,9.121982580582689
6.063031515757879,0.03454631900969165,9.120149834389018,9.120149834389023
6.078039019509755,0.03278043813984621,9.11838395351918,9.118383953519178
6.093046523261631,0.03107640052706261,9.116679915906388,9.116679915906394
6.108054027013507,0.02942881075192113,9.115032326131255,9.115032326131253
6.123061530765383,0.027831947981033046,9.113435463360364,9.113435463360364
6.138069034517259,0.026279815767710116,9.111883331147041,9.111883331147041
6.153076538269135,0.02476619329770638,9.110369708677029,9.110369708677037
6.168084042021011,0.023284687657835954,9.108888203037163,9.108888203037168
6.1830915457728866,0.021828786703147522,9.10743230208248,9.10743230208248
6.198099049524763,0.020391912099731433,9.105995427479067,9.105995427479062
6.2131065532766385,0.01896747212471968,9.104570987504045,9.10457098750405
6.228114057028514,0.017548913812849672,9.103152429192178,9.10315242919218
6.2431215607803905,0.01612977404983237,9.10173328942916,9.101733289429163
6.258129064532266,0.014703729226491094,9.10030724460582,9.100307244605823
6.2731365682841425,0.013264643084395435,9.098868158463723,9.098868158463727
6.288144072036018,0.01180661240290446,9.097410127782231,9.097410127782236
6.303151575787894,0.01032401019929937,9.095927525578627,9.095927525578631
6.31815907953977,0.008811526137725244,9.094415041517061,9.094415041517056
6.333166583291646,0.007264203868660505,9.092867719247991,9.092867719247991
6.348174087043522,0.0056774750485791056,9.091280990427915,9.09128099042791
6.3631815907953975,0.004047189818810841,9.089650705198148,9.089650705198142
6.378189094547274,0.0023696435534986777,9.087973158932826,9.08797315893283
6.393196598299149,0.0006415997182661695,9.0862451150976,9.086245115097597
6.408204102051026,-0.001139691286031549,9.084463824093302,9.0844638240933
6.423211605802901,-0.0029764773870201654,9.082627037992312,9.08262703799231
6.438219109554778,-0.004870494270965673,9.080733021108362,9.080733021108365
6.453226613306653,-0.006822959004952909,9.078780556374385,9.078780556374378
6.46823411705853,-0.008834567843432438,9.076768947535896,9.076768947535898
6.483241620810405,-0.010905498178681628,9.074698017200644,9.07469801720065
6.498249124562282,-0.013035414562864408,9.072568100816467,9.072568100816467
6.513256628314157,-0.015223478698299923,9.070380036681032,9.070380036681032
6.528264132066033,-0.017468363262837308,9.068135152116493,9.068135152116493
6.543271635817909,-0.019768269408933177,9.065835245970398,9.065835245970398
6.558279139569785,-0.022120947748234927,9.063482567631098,9.063482567631096
6.573286643321661,-0.024523722608790207,9.061079792770546,9.06107979277054
6.588294147073537,-0.02697351932893856,9.058629996050389,9.058629996050392
6.603301650825413,-0.029466894331400845,9.05613662104793,9.05613662104793
6.618309154577289,-0.032000067702545036,9.053603447676783,9.053603447676785
6.633316658329165,-0.03456895798579595,9.051034557393539,9.051034557393535
6.648324162081041,-0.03716921888463016,9.048434296494703,9.048434296494701
6.663331665832916,-0.039796277559622666,9.045807237819709,9.045807237819709
6.678339169584793,-0.0424453741956312,9.043158141183707,9.0431581411837
6.693346673336668,-0.04511160250948679,9.040491912869847,9.040491912869845
6.708354177088545,-0.04778995086558208,9.037813564513753,9.03781356451375
6.72336168084042,-0.05047534366625971,9.035128171713074,9.03512817171307
6.738369184592297,-0.05316268268620262,9.032440832693132,9.032440832693128
6.753376688344172,-0.05584688802479203,9.029756627354548,9.029756627354539
6.768384192096049,-0.058522938357698506,9.027080577021637,9.027080577021632
6.783391695847924,-0.06118591017866985,9.024417605200659,9.02441760520066
6.7983991995998,-0.06383101573455738,9.021772499644781,9.021772499644774
6.813406703351676,-0.06645363937068645,9.019149876008646,9.019149876008644
6.828414207103552,-0.06904937202005121,9.016554143359276,9.01655414335928
6.843421710855428,-0.07161404358787218,9.013989471791456,9.01398947179146
6.858429214607304,-0.07414375300289189,9.011459762376438,9.01145976237644
6.87343671835918,-0.07663489572822811,9.008968619651094,9.008968619651103
6.888444222111056,-0.07908418854735338,9.006519326831983,9.006519326831977
6.903451725862932,-0.08148869146464811,9.004114823914682,9.004114823914684
6.9184592296148075,-0.0838458265848915,9.00175768879444,9.00175768879444
6.933466733366684,-0.08615339386172775,8.999450121517611,8.999450121517603
6.9484742371185595,-0.08840958363122674,8.997193931748104,8.997193931748104
6.963481740870435,-0.09061298587328144,8.99499052950605,8.99499052950605
6.9784892446223115,-0.09276259617011152,8.99284091920922,8.99284091920922
6.993496748374187,-0.09485781835775828,8.990745697021573,8.990745697021573
7.008504252126063,-0.09689846389265788,8.988705051486674,8.988705051486674
7.023511755877939,-0.09888474798107229,8.98671876739826,8.986718767398258
7.038519259629815,-0.10081728254429538,8.984786232835038,8.984786232835036
7.053526763381691,-0.10269706611657545,8.982906449262753,8.982906449262755
7.068534267133567,-0.10452547079583316,8.981078044583501,8.981078044583498
7.083541770885443,-0.10630422638909087,8.97929928899024,8.97929928899024
7.098549274637318,-0.10803540191498943,8.977568113464336,8.977568113464342
7.113556778389195,-0.10972138464461142,8.975882130734714,8.97588213073472
7.12856428214107,-0.11136485687910824,8.97423865850022,8.974238658500223
7.143571785892947,-0.11296877067816154,8.972634744701171,8.97263474470117
7.158579289644822,-0.11453632076665278,8.97106719461268,8.971067194612678
7.173586793396699,-0.11607091585883045,8.969532599520504,8.9695325995205
7.188594297148574,-0.11757614864851229,8.968027366730823,8.96802736673082
7.203601800900451,-0.1190557647215675,8.966547750657762,8.966547750657764
7.218609304652326,-0.12051363065214127,8.965089884727195,8.96508988472719
7.233616808404203,-0.12195370154735241,8.963649813831978,8.963649813831978
7.248624312156078,-0.12337998830625872,8.962223527073064,8.962223527073073
7.263631815907954,-0.1247965248578261,8.960806990521508,8.960806990521505
7.27863931965983,-0.12620733563948466,8.95939617973984,8.959396179739846
7.293646823411706,-0.1276164035727505,8.957987111806583,8.957987111806581
7.308654327163582,-0.1290276387851278,8.956575876594203,8.956575876594203
7.323661830915458,-0.13044484831855455,8.955158667060783,8.955158667060777
7.338669334667334,-0.13187170705378737,8.953731808325545,8.953731808325543
7.35367683841921,-0.133311730067538,8.952291785311788,8.952291785311793
7.368684342171086,-0.13476824662515596,8.950835268754176,8.950835268754176
7.383691845922962,-0.1362443759959872,8.949359139383349,8.949359139383343
7.398699349674837,-0.13774300526180247,8.94786051011753,8.947860510117529
7.413706853426714,-0.13926676927058518,8.946336746108747,8.946336746108745
7.428714357178589,-0.14081803286899147,8.944785482510339,8.944785482510339
7.443721860930466,-0.1423988755270144,8.943204639852322,8.943204639852317
7.458729364682341,-0.14401107844780003,8.941592436931534,8.941592436931531
7.473736868434218,-0.14565611423455832,8.939947401144776,8.939947401144773
7.488744372186093,-0.1473351391653088,8.938268376214024,8.938268376214022
7.5037518759379696,-0.14904898810455,8.936554527274788,8.936554527274781
7.518759379689845,-0.15079817205963025,8.934805343319699,8.9348053433197
7.5337668834417215,-0.15258287836826934,8.933020637011062,8.933020637011062
7.548774387193597,-0.1544029734827953,8.93120054189653,8.931200541896535
7.563781890945473,-0.15625800829630218,8.929345507083024,8.92934550708303
7.578789394697349,-0.15814722593621067,8.927456289443123,8.927456289443121
7.593796898449225,-0.16006957193186352,8.92553394344747,8.925533943447467
7.608804402201101,-0.16202370664488894,8.923579808734432,8.923579808734441
7.6238119059529765,-0.16400801983424973,8.92159549554508,8.92159549554508
7.638819409704853,-0.16602064721233606,8.91958286816699,8.919582868166994
7.6538269134567285,-0.16805948883423016,8.917544026545096,8.917544026545102
7.668834417208605,-0.17012222914940295,8.91548128622993,8.915481286229928
7.6838419209604805,-0.1722063585339032,8.913397156845427,8.913397156845427
7.698849424712356,-0.17430919611128196,8.911294319268043,8.911294319268048
7.713856928464232,-0.17642791366258348,8.909175601716754,8.909175601716747
7.728864432216108,-0.17855956041920856,8.907043954960134,8.907043954960123
7.743871935967984,-0.18070108852799652,8.904902426851338,8.904902426851335
7.75887943971986,-0.1828493789748919,8.902754136404438,8.90275413640444
7.773886943471736,-0.18500126775242004,8.900602247626905,8.90060224762691
7.788894447223612,-0.18715357205690583,8.898449943322431,8.898449943322426
7.803901950975488,-0.1893031163035438,8.896300399075788,8.896300399075788
7.818909454727364,-0.19144675775155656,8.894156757627771,8.894156757627774
7.833916958479239,-0.1935814115372413,8.89202210384209,8.89202210384209
7.848924462231116,-0.19570407491988237,8.889899440459445,8.889899440459448
7.863931965982991,-0.19781185055421113,8.887791664825123,8.88779166482512
7.878939469734868,-0.19990196861317505,8.885701546766159,8.885701546766157
7.893946973486743,-0.2019718075961333,8.883631707783197,8.883631707783199
7.90895447723862,-0.20401891367016312,8.881584601709177,8.881584601709168
7.923961980990495,-0.20604101840594918,8.87956249697338,8.879562496973382
7.938969484742372,-0.20803605478413403,8.877567460595195,8.877567460595197
7.953976988494247,-0.2100021713637267,8.875601344015603,8.875601344015605
7.968984492246124,-0.21193774452014053,8.873665770859185,8.87366577085919
7.983991995997999,-0.21384138867723193,8.871762126702102,8.8717621267021
7.998999499749875,-0.21571196447491242,8.869891550904411,8.869891550904418
8.014007003501751,-0.21754858483121473,8.868054930548128,8.868054930548116
8.029014507253628,-0.21935061887540735,8.866252896503925,8.866252896503923
8.044022011005502,-0.2211176937461509,8.864485821633185,8.86448582163318
8.059029514757379,-0.22284969426627763,8.862753821113058,8.862753821113053
8.074037018509255,-0.2245467605227107,8.861056754856623,8.861056754856621
8.089044522261132,-0.22620928339688032,8.85939423198245,8.859394231982451
8.104052026013006,-0.22783789810706162,8.857765617272275,8.85776561727227
8.119059529764883,-0.22943347583954973,8.856170039539782,8.856170039539782
8.134067033516759,-0.23099711356022773,8.854606401819101,8.854606401819103
8.149074537268634,-0.23253012211185922,8.853073393267476,8.853073393267472
8.16408204102051,-0.23403401271521118,8.85156950266412,8.85156950266412
8.179089544772387,-0.23551048200367428,8.850093033375654,8.850093033375657
8.194097048524263,-0.23696139573159267,8.848642119647742,8.848642119647739
8.209104552276138,-0.23838877130570985,8.847214744073623,8.847214744073622
8.224112056028014,-0.23979475929691998,8.845808756082407,8.84580875608241
8.23911955977989,-0.2411816240962011,8.844421891283137,8.84442189128313
8.254127063531767,-0.24255172388352814,8.843051791495801,8.843051791495803
8.269134567283642,-0.24390749008235507,8.841696025296983,8.841696025296976
8.284142071035518,-0.24525140647446833,8.840352108904863,8.840352108904863
8.299149574787394,-0.2465859881506582,8.839017527228673,8.839017527228673
8.314157078539269,-0.2479137604721811,8.837689754907151,8.83768975490715
8.329164582291146,-0.24923723821569604,8.83636627716364,8.836366277163634
8.344172086043022,-0.2505589050709356,8.835044610308397,8.835044610308396
8.359179589794898,-0.2518811936555655,8.83372232172377,8.833722321723766
8.374187093546773,-0.2532064662055126,8.832397049173824,8.832397049173819
8.38919459729865,-0.254536996091595,8.831066519287742,8.831066519287736
8.404202101050526,-0.2558749503049202,8.829728565074415,8.829728565074412
8.419209604802402,-0.25722237304374795,8.828381142335587,8.828381142335584
8.434217108554277,-0.2585811705239758,8.827022344855362,8.827022344855354
8.449224612306153,-0.2599530971239486,8.825650418255384,8.825650418255382
8.46423211605803,-0.26133974296195095,8.82426377241738,8.82426377241738
8.479239619809904,-0.2627425229918058,8.822860992387529,8.822860992387525
8.494247123561781,-0.26416266768847346,8.821440847690857,8.821440847690857
8.509254627313657,-0.2656012153816053,8.820002299997723,8.820002299997725
8.524262131065534,-0.2670590062805773,8.818544509098757,8.818544509098754
8.539269634817408,-0.2685366782202056,8.817066837159128,8.817066837159125
8.554277138569285,-0.2700346641415286,8.815568851237803,8.815568851237803
8.569284642321161,-0.27155319130764016,8.814050324071683,8.81405032407169
8.584292146073036,-0.27309228224000653,8.812511233139318,8.812511233139325
8.599299649824912,-0.2746517573466872,8.81095175803264,8.810951758032644
8.614307153576789,-0.2762312391999504,8.809372276179376,8.809372276179381
8.629314657328665,-0.2778301584076712,8.807773356971662,8.80777335697166
8.64432216108054,-0.2794477610101183,8.806155754369213,8.806155754369213
8.659329664832416,-0.2810831173218134,8.804520398057514,8.804520398057518
8.674337168584293,-0.2827351321269416,8.80286838325239,8.80286838325239
8.68934467233617,-0.2844025561265564,8.801200959252776,8.801200959252775
8.704352176088044,-0.2860839985263727,8.799519516852964,8.799519516852959
8.71935967983992,-0.28777794064568374,8.797825574733649,8.797825574733647
8.734367183591797,-0.28948275042073707,8.796120764958596,8.796120764958594
8.749374687343671,-0.291196697669681,8.794406817709648,8.79440681770965
8.764382191095548,-0.2929179699813249,8.79268554539801,8.792685545398006
8.779389694847424,-0.294644689086288,8.790958826293041,8.790958826293043
8.7943971985993,-0.2963749275664396,8.789228587812888,8.789228587812891
8.809404702351175,-0.2981067257574166,8.787496789621912,8.787496789621915
8.824412206103052,-0.29983810869888494,8.785765406680444,8.785765406680445
8.839419709854928,-0.30156710298839134,8.78403641239094,8.78403641239094
8.854427213606805,-0.30329175339702663,8.782311761982312,8.782311761982305
8.86943471735868,-0.3050101391087774,8.780593376270549,8.780593376270554
8.884442221110556,-0.3067203894499025,8.778883125929429,8.778883125929429
8.899449724862432,-0.30842069898070656,8.777182816398627,8.777182816398625
8.914457228614307,-0.31010934182865324,8.775494173550678,8.775494173550678
8.929464732366183,-0.3117846851496178,8.773818830229716,8.773818830229713
8.94447223611806,-0.3134452016126827,8.772158313766655,8.77215831376665
8.959479739869936,-0.3150894808133015,8.770514034566023,8.77051403456603
8.97448724362181,-0.31671623952984984,8.768887275849478,8.768887275849481
8.989494747373687,-0.31832433074929994,8.767279184630034,8.76727918463003
9.004502251125563,-0.31991275139912595,8.765690763980208,8.765690763980205
9.019509754877438,-0.32148064873426835,8.764122866645073,8.764122866645062
9.034517258629315,-0.3230273253400158,8.762576190039315,8.762576190039315
9.049524762381191,-0.3245522427240287,8.7610512726553,8.761051272655303
9.064532266133067,-0.32605502348309345,8.759548491896236,8.759548491896238
9.079539769884942,-0.3275354520425988,8.758068063336731,8.758068063336733
9.094547273636818,-0.32899347397909656,8.756610041400236,8.756610041400235
9.109554777388695,-0.3304291939484233,8.755174321430909,8.755174321430907
9.124562281140571,-0.33184287225366316,8.75376064312567,8.753760643125668
9.139569784892446,-0.33323492009866923,8.752368595280663,8.752368595280663
9.154577288644322,-0.3346058935838698,8.75099762179547,8.750997621795461
9.169584792396199,-0.3359564865113026,8.749647028868026,8.74964702886803
9.184592296148073,-0.33728752207560514,8.748315993303722,8.748315993303725
9.19959979989995,-0.33859994352669176,8.74700357185263,8.74700357185264
9.214607303651826,-0.3398948038977591,8.745708711481575,8.745708711481573
9.229614807403703,-0.3411732548997882,8.744430260479549,8.744430260479543
9.244622311155577,-0.34243653508981514,8.74316698028952,8.743166980289516
9.259629814907454,-0.34368595742567043,8.741917557953661,8.741917557953661
9.27463731865933,-0.3449228963241849,8.740680619055146,8.740680619055146
9.289644822411207,-0.34614877434310526,8.739454741036223,8.739454741036226
9.304652326163081,-0.3473650486091949,8.738238466770134,8.738238466770136
9.319659829914958,-0.34857319711596535,8.737030318263367,8.737030318263365
9.334667333666834,-0.3497747050147284,8.735828810364607,8.735828810364602
9.349674837418709,-0.3509710510213418,8.734632464357983,8.73463246435799
9.364682341170585,-0.3521636940590538,8.733439821320285,8.733439821320278
9.379689844922462,-0.3533540602546574,8.73224945512467,8.732249455124673
9.394697348674338,-0.35454353040090136,8.731059984978433,8.73105998497843
9.409704852426213,-0.35573342799308283,8.729870087386256,8.729870087386248
9.42471235617809,-0.3569250079416585,8.728678507437671,8.728678507437673
9.439719859929966,-0.35811944605565865,8.72748406932367,8.727484069323673
9.454727363681842,-0.35931782938427237,8.726285685995062,8.726285685995059
9.469734867433717,-0.360521147495281,8.725082367884047,8.72508236788405
9.484742371185593,-0.3617302847600678,8.723873230619263,8.723873230619263
9.49974987493747,-0.36294601370535184,8.722657501673977,8.722657501673979
9.514757378689344,-0.3641689894815708,8.721434525897758,8.72143452589776
9.52976488244122,-0.3653997454874986,8.720203769891832,8.720203769891832
9.544772386193097,-0.3666386901797409,8.71896482519959,8.71896482519959
9.559779889944974,-0.3678861050850027,8.71771741029433,8.717717410294329
9.574787393696848,-0.36914214402175144,8.71646137135758,8.71646137135758
9.589794897448725,-0.3704068335269233,8.71519668185241,8.715196681852408
9.604802401200601,-0.3716800744724328,8.713923440906886,8.713923440906898
9.619809904952476,-0.37296164484530164,8.712641870534028,8.71264187053403
9.634817408704352,-0.37425120365489406,8.711352311724438,8.711352311724436
9.649824912456229,-0.3755482959205542,8.71005521945878,8.710055219458777
9.664832416208105,-0.37685235868334105,8.708751156695984,8.70875115669599
9.67983991995998,-0.37816272797643524,8.70744078740289,8.707440787402895
9.694847423711856,-0.3794786466803645,8.706124868698963,8.706124868698966
9.709854927463732,-0.38079927318141804,8.704804242197913,8.704804242197913
9.724862431215609,-0.3821236907446505,8.703479824634687,8.70347982463468
9.739869934967484,-0.38345091750667887,8.702152597872654,8.702152597872653
9.75487743871936,-0.3847799169882276,8.700823598391109,8.700823598391104
9.769884942471236,-0.3861096090220381,8.699493906357292,8.699493906357294
9.784892446223111,-0.38743888098831536,8.698164634391015,8.698164634391016
9.799899949974987,-0.38876659924753726,8.696836916131797,8.696836916131794
9.814907453726864,-0.3900916206590456,8.695511894720285,8.695511894720285
9.82991495747874,-0.3914128040734793,8.694190711305854,8.694190711305852
9.844922461230615,-0.3927290216877518,8.692874493691575,8.69287449369158
9.859929964982491,-0.39403917015298756,8.691564345226338,8.691564345226343
9.874937468734368,-0.39534218132847926,8.690261334050849,8.690261334050852
9.889944972486244,-0.39663703257840016,8.68896648280093,8.68896648280093
9.904952476238119,-0.39792275651260356,8.687680758866732,8.687680758866728
9.919959979989995,-0.39919845007836086,8.686405065300967,8.68640506530097
9.934967483741872,-0.400463282916208,8.68514023246312,8.685140232463123
9.949974987493746,-0.4017165049002758,8.683887010479065,8.683887010479054
9.964982491245623,-0.40295745279135414,8.68264606258798,8.682646062587978
9.9799899949975,-0.40418555593943484,8.681417959439894,8.681417959439896
9.994997498749376,-0.40540034098174604,8.680203174397585,8.680203174397585
10.01000500250125,-0.40660143549180217,8.679002079887532,8.679002079887528
10.025012506253127,-0.40778857054513906,8.677814944834191,8.677814944834193
10.040020010005003,-0.4089615821777928,8.676641933201545,8.676641933201537
10.055027513756878,-0.41012041172419633,8.675483103655138,8.675483103655134
10.070035017508754,-0.4112651050319572,8.674338410347374,8.674338410347374
10.08504252126063,-0.4123958105618138,8.67320770481752,8.673207704817518
10.100050025012507,-0.4135127763918414,8.672090738987489,8.672090738987489
10.115057528764382,-0.4146163461555241,8.67098716922381,8.670987169223807
10.130065032516258,-0.41570695395389945,8.669896561425434,8.669896561425432
10.145072536268135,-0.41678511829172443,8.668818397087607,8.668818397087607
10.160080040020011,-0.41785143509750866,8.667752080281824,8.667752080281822
10.175087543771886,-0.418906569896139,8.666696945483197,8.666696945483192
10.190095047523762,-0.4199512492114756,8.665652266167855,8.665652266167855
10.205102551275639,-0.42098625128393097,8.664617264095403,8.6646172640954
10.220110055027513,-0.42201239619525577,8.66359111918408,8.663591119184076
10.23511755877939,-0.42303053549893355,8.662572979880402,8.662572979880398
10.250125062531266,-0.424041541459784,8.661561973919548,8.661561973919547
10.265132566283143,-0.4250462960110451,8.660557219368291,8.660557219368286
10.280140070035017,-0.42604567954036654,8.659557835838966,8.659557835838964
10.295147573786894,-0.42704055961875964,8.658562955760575,8.658562955760571
10.31015507753877,-0.4280317797876904,8.657571735591644,8.65757173559164
10.325162581290646,-0.4290201485199807,8.656583366859351,8.656583366859351
10.340170085042521,-0.43000642846931264,8.65559708691002,8.655597086910019
10.355177588794398,-0.43099132612116303,8.654612189258168,8.654612189258168
10.370185092546274,-0.4319754819552186,8.653628033424116,8.653628033424113
10.385192596298149,-0.4329594612253016,8.652644054154024,8.65264405415403
10.400200100050025,-0.4339437454575533,8.651659769921778,8.651659769921778
10.415207603801901,-0.4349287247621341,8.650674790617197,8.650674790617197
10.430215107553778,-0.4359146910461567,8.649688824333174,8.649688824333174
10.445222611305653,-0.43690183220816337,8.648701683171172,8.648701683171168
10.460230115057529,-0.4378902273856096,8.647713287993723,8.64771328799372
10.475237618809405,-0.43887984331738267,8.646723672061949,8.646723672061949
10.490245122561282,-0.43987053187329694,8.645732983506036,8.645732983506035
10.505252626313156,-0.440862028791862,8.644741486587469,8.644741486587469
10.520260130065033,-0.4418539536562496,8.643749561723082,8.643749561723082
10.53526763381691,-0.44284581112691995,8.642757704252414,8.64275770425241
10.550275137568784,-0.44383699343732824,8.641766521942007,8.641766521942003
10.56528264132066,-0.4448267841469822,8.64077673123235,8.640776731232348
10.580290145072537,-0.44581436313385253,8.639789152245477,8.639789152245479
10.595297648824413,-0.44679881279588674,8.638804702583448,8.638804702583444
10.610305152576288,-0.44777912541929593,8.637824389960034,8.637824389960036
10.625312656328164,-0.4487542116591016,8.636849303720231,8.63684930372023
10.64032016008004,-0.44972291006616844,8.63588060531317,8.635880605313163
10.655327663831915,-0.450683997583495,8.634919517795836,8.634919517795836
10.670335167583792,-0.45163620092400014,8.633967314455331,8.633967314455331
10.685342671335668,-0.4525782087320769,8.63302530664725,8.633025306647255
10.700350175087545,-0.4535086844218952,8.63209483095744,8.632094830957437
10.71535767883942,-0.4544262795769831,8.631177235802346,8.631177235802348
10.730365182591296,-0.4553296477881314,8.630273867591194,8.6302738675912
10.745372686343172,-0.45621745880011644,8.629386056579218,8.629386056579214
10.760380190095049,-0.4570884128323746,8.628515102546952,8.628515102546956
10.775387693846923,-0.45794125493422927,8.627662260445089,8.627662260445101
10.7903951975988,-0.4587747892323847,8.626828726146947,8.626828726146947
10.805402701350676,-0.4595878929262983,8.626015622453034,8.626015622453032
10.82041020510255,-0.4603795298864383,8.625223985492893,8.625223985492893
10.835417708854427,-0.46114876371120167,8.62445475166813,8.624454751668129
10.850425212606304,-0.4618947701000054,8.623708745279325,8.623708745279325
10.86543271635818,-0.4626168484035492,8.622986666975782,8.622986666975782
10.880440220110055,-0.4633144322166747,8.622289083162658,8.622289083162656
10.895447723861931,-0.4639870988851629,8.621616416494172,8.621616416494168
10.910455227613808,-0.46463457780498724,8.620968937574345,8.620968937574343
10.925462731365684,-0.4652567574007579,8.620346757978568,8.620346757978574
10.940470235117559,-0.4658536906797871,8.619749824699548,8.619749824699545
10.955477738869435,-0.46642559926869503,8.619177916110637,8.619177916110637
10.970485242621312,-0.466972875851176,8.618630639528158,8.618630639528154
10.985492746373186,-0.46749608493836825,8.618107430440958,8.618107430440963
11.000500250125063,-0.46799596191640735,8.617607553462923,8.617607553462923
11.015507753876939,-0.46847341033050455,8.61713010504882,8.617130105048826
11.030515257628815,-0.4689294973793808,8.616674017999944,8.61667401799995
11.04552276138069,-0.4693654476097883,8.616238067769542,8.616238067769542
11.060530265132567,-0.4697826348165497,8.615820880562781,8.615820880562781
11.075537768884443,-0.47018257216993564,8.615420943209402,8.615420943209395
11.090545272636318,-0.4705669006085899,8.61503661477074,8.615036614770741
11.105552776388194,-0.4709373755526878,8.614666139826642,8.614666139826642
11.12056028014007,-0.47129585200855034,8.614307663370775,8.61430766337078
11.135567783891947,-0.4716442681518462,8.613959247227486,8.613959247227484
11.150575287643822,-0.4719846274926445,8.613618887886682,8.613618887886686
11.165582791395698,-0.4723189797406834,8.613284535638646,8.613284535638648
11.180590295147574,-0.4726494005038434,8.61295411487549,8.612954114875487
11.19559779889945,-0.47297796996696023,8.612625545412374,8.61262554541237
11.210605302651325,-0.4733067507108162,8.612296764668523,8.612296764668514
11.225612806403202,-0.4736377648432885,8.611965750536042,8.611965750536042
11.240620310155078,-0.4739729706253573,8.61163054475398,8.611630544753973
11.255627813906953,-0.4743142387842435,8.611289276595091,8.611289276595087
11.27063531765883,-0.4746633287141094,8.610940186665228,8.610940186665221
11.285642821410706,-0.4750218647714902,8.610581650607843,8.610581650607841
11.300650325162582,-0.4753913128776813,8.610212202501655,8.61021220250165
11.315657828914457,-0.4757729576440003,8.609830557735334,8.60983055773533
11.330665332666333,-0.47616788023745354,8.609435635141885,8.609435635141878
11.34567283641821,-0.47657693720458,8.609026578174758,8.60902657817475
11.360680340170086,-0.4770007404694904,8.608602774909846,8.60860277490984
11.37568784392196,-0.47743963871847855,8.608163876660852,8.608163876660852
11.390695347673837,-0.47789370037841433,8.607709815000922,8.607709815000916
11.405702851425714,-0.47836269838871787,8.607240816990613,8.607240816990613
11.420710355177588,-0.47884609695781266,8.606757418421521,8.606757418421518
11.435717858929465,-0.47934304048415627,8.606260474895173,8.606260474895175
11.450725362681341,-0.4798523448091945,8.605751170570132,8.605751170570137
11.465732866433218,-0.4803724909556271,8.605231024423702,8.605231024423704
11.480740370185092,-0.48090162148809673,8.604701893891237,8.604701893891235
11.495747873936969,-0.4814375396162931,8.604165975763035,8.604165975763038
11.510755377688845,-0.481977711141396,8.60362580423794,8.603625804237936
11.52576288144072,-0.4825192693265613,8.603084246052772,8.60308424605277
11.540770385192596,-0.48305902275077867,8.602544492628557,8.602544492628553
11.555777888944473,-0.4835934661827806,8.602010049196538,8.60201004919655
11.570785392696349,-0.4841187944883336,8.601484720891005,8.601484720890998
11.585792896448224,-0.48463091955983906,8.6009725958195,8.600972595819492
11.6008004002001,-0.4851254902324132,8.600478025146925,8.600478025146918
11.615807903951977,-0.48559791512513156,8.600005600254201,8.6000056002542
11.630815407703853,-0.4860433883206782,8.599560127058652,8.599560127058654
11.645822911455728,-0.48645691777075717,8.599146597608572,8.599146597608573
11.660830415207604,-0.4868333562891086,8.598770159090229,8.598770159090222
11.67583791895948,-0.4871674349686421,8.59843608041069,8.59843608041069
11.690845422711355,-0.48745379883436046,8.598149716544967,8.59814971654497
11.705852926463232,-0.4876870445194944,8.597916470859834,8.597916470859836
11.720860430215108,-0.48786175972915113,8.597741755650183,8.59774175565018
11.735867933966984,-0.4879725642333526,8.597630951145979,8.597630951145979
11.75087543771886,-0.48801415211054583,8.597589363268787,8.597589363268785
11.765882941470736,-0.4879813349429144,8.597622180436414,8.597622180436417
11.780890445222612,-0.48786908564714504,8.597734429732187,8.597734429732187
11.795897948974488,-0.48767258260788116,8.597930932771455,8.59793093277145
11.810905452726363,-0.4873872537670773,8.598216261612256,8.598216261612254
11.82591295647824,-0.4870088203102942,8.598594695069036,8.598594695069037
11.840920460230116,-0.4865333395810444,8.59907017579829,8.599070175798287
11.85592796398199,-0.48595724684685726,8.599646268532474,8.599646268532474
11.870935467733867,-0.48527739553559235,8.600326119843734,8.60032611984374
11.885942971485743,-0.48449109555812836,8.6011124198212,8.601112419821202
11.90095047523762,-0.48359614933371525,8.602007366045624,8.602007366045616
11.915957978989494,-0.4825908851370868,8.603012630242253,8.603012630242244
11.930965482741371,-0.4814741873923089,8.604129327987014,8.604129327987023
11.945972986493247,-0.48024552354649996,8.605357991832834,8.60535799183283
11.960980490245124,-0.4789049671682381,8.606698548211092,8.606698548211092
11.975987993996998,-0.4774532169292137,8.608150298450122,8.608150298450118
11.990995497748875,-0.47589161114479245,8.609711904234546,8.609711904234539
12.006003001500751,-0.4742221375688321,8.611381377810508,8.611381377810499
12.021010505252626,-0.47244743816015217,8.613156077219184,8.613156077219179
12.036018009004502,-0.4705708085633607,8.615032706815976,8.61503270681597
12.051025512756379,-0.4685961920738317,8.617007323305497,8.617007323305499
12.066033016508255,-0.4665281678866738,8.619075347492663,8.619075347492657
12.08104052026013,-0.46437193346143846,8.621231581917897,8.621231581917893
12.096048024012006,-0.46213328086855154,8.623470234510783,8.62347023451078
12.111055527763883,-0.459818567019485,8.625784948359845,8.625784948359847
12.126063031515757,-0.45743467772049295,8.628168837658844,8.628168837658839
12.141070535267634,-0.45498898552899214,8.630614529850346,8.63061452985034
12.15607803901951,-0.452489301432501,8.633114213946827,8.63311421394683
12.171085542771387,-0.4499438204114551,8.63565969496787,8.635659694967876
12.186093046523261,-0.44736106099007245,8.638242454389257,8.638242454389259
12.201100550275138,-0.44474979892247857,8.640853716456855,8.640853716456853
12.216108054027014,-0.44211899520461284,8.64348452017471,8.643484520174718
12.23111555777889,-0.43947771864629903,8.64612579673303,8.646125796733031
12.246123061530765,-0.43683506328088384,8.648768452098448,8.648768452098448
12.261130565282642,-0.4342000609327859,8.65140345444654,8.651403454446545
12.276138069034518,-0.43158158930545,8.654021926073884,8.65402192607388
12.291145572786393,-0.42898827599295053,8.656615239386385,8.656615239386381
12.30615307653827,-0.4264283988584794,8.659175116520855,8.659175116520851
12.321160580290146,-0.42390978326067796,8.661693732118652,8.661693732118653
12.336168084042022,-0.4214396966452305,8.6641638187341,8.664163818734101
12.351175587793897,-0.4190247410530239,8.666578774326311,8.666578774326307
12.366183091545773,-0.4166707441277013,8.66893277125163,8.66893277125163
12.38119059529765,-0.4143826492347091,8.671220866144626,8.671220866144623
12.396198099049526,-0.4121644053296411,8.6734391100497,8.67343911004969
12.4112056028014,-0.41001885723692033,8.675584658142416,8.67558465814241
12.426213106553277,-0.40794763701939996,8.677655878359932,8.677655878359932
12.441220610305153,-0.4059510571354654,8.67965245824387,8.679652458243865
12.456228114057028,-0.4040280060928925,8.681575509286441,8.68157550928644
12.471235617808905,-0.40217584731708544,8.683427668062242,8.683427668062246
12.486243121560781,-0.4003903219559867,8.685213193423353,8.685213193423344
12.501250625312657,-0.39866545634454104,8.686938059034793,8.68693805903479
12.516258129064532,-0.3969934748476941,8.688610040531643,8.688610040531637
12.531265632816408,-0.3953647187932292,8.690238796586096,8.690238796586101
12.546273136568285,-0.3937675721932543,8.691835943186081,8.691835943186076
12.56128064032016,-0.3921883949367967,8.693415120442538,8.693415120442534
12.576288144072036,-0.39061146411493264,8.694992051264396,8.694992051264398
12.591295647823912,-0.38901892411467476,8.696584591264655,8.696584591264656
12.606303151575789,-0.3873907460887064,8.698212769290626,8.698212769290624
12.621310655327663,-0.3857046973741447,8.699898818005186,8.699898818005186
12.63631815907954,-0.3839363213961894,8.701667193983138,8.701667193983141
12.651325662831416,-0.38205892855091406,8.703544586828414,8.703544586828418
12.666333166583293,-0.3800435985162167,8.70555991686311,8.705559916863114
12.681340670335167,-0.3778591943911652,8.707744320988175,8.707744320988166
12.696348174087044,-0.3754723890116991,8.710131126367632,8.710131126367632
12.71135567783892,-0.37284770373549714,8.71275581164384,8.712755811643834
12.726363181590795,-0.36994755993046147,8.715655955448867,8.71565595544887
12.741370685342671,-0.36673234334045707,8.718871172038876,8.718871172038874
12.756378189094548,-0.36316048143901225,8.722443033940321,8.72244303394032
12.771385692846424,-0.359188533816104,8.726414981563229,8.726414981563227
12.786393196598299,-0.35477129557672077,8.730832219802611,8.730832219802611
12.801400700350175,-0.34986191366137026,8.735741601717958,8.735741601717962
12.816408204102052,-0.3444120159295164,8.741191499449814,8.741191499449815
12.831415707853928,-0.33837185277710063,8.747231662602225,8.74723166260223
12.846423211605803,-0.3316904509890381,8.753913064390304,8.753913064390293
12.86143071535768,-0.32431577945750967,8.76128773592182,8.76128773592182
12.876438219109556,-0.3161949263272605,8.76940858905207,8.769408589052071
12.89144572286143,-0.3072742870604421,8.778329228318896,8.778329228318889
12.906453226613307,-0.29749976284573665,8.788103752533594,8.788103752533594
12.921460730365183,-0.2868169687110953,8.798786546668232,8.798786546668236
12.93646823411706,-0.2751714506350567,8.81043206474428,8.810432064744274
12.951475737868934,-0.2625089108904338,8.823094604488897,8.823094604488897
12.96648324162081,-0.2487754407952687,8.836828074584059,8.836828074584062
12.981490745372687,-0.2339177599904793,8.85168575538885,8.851685755388852
12.996498249124564,-0.217883461311023,8.86772005406831,8.867720054068307
13.011505752876438,-0.20062126026959246,8.88498225510974,8.884982255109739
13.026513256628315,-0.18208124812691376,8.90352226725242,8.903522267252418
13.041520760380191,-0.16221514748320637,8.923388367896125,8.923388367896125
13.056528264132066,-0.14097656928982644,8.944626946089508,8.944626946089505
13.071535767883942,-0.11832127014978577,8.96728224522955,8.967282245229546
13.086543271635819,-0.09420740875072692,8.991396106628606,8.991396106628605
13.101550775387695,-0.06859580025376168,9.017007715125574,9.017007715125569
13.11655827913957,-0.041450167447517755,9.044153347931806,9.044153347931813
13.131565782891446,-0.01273738746774227,9.072866127911603,9.072866127911588
13.146573286643322,0.017572267119820222,9.103175782499148,9.103175782499152
13.161580790395197,0.04950489407288059,9.13510840945221,9.135108409452211
13.176588294147074,0.08308273525275728,9.168686250632092,9.168686250632089
13.19159579789895,0.11832395960692382,9.203927474986251,9.203927474986255
13.206603301650826,0.15524245650859114,9.240845971887916,9.240845971887921
13.221610805402701,0.193847640581229,9.279451155960567,9.27945115596056
13.236618309154577,0.2341442691030753,9.319747784482413,9.319747784482406
13.251625812906454,0.2761322730482387,9.361735788427572,9.36173578842757
13.26663331665833,0.3198066027767607,9.405410118156093,9.405410118156091
13.281640820410205,0.365157089336203,9.450760604715533,9.450760604715533
13.296648324162081,0.4121683222824918,9.497771837661826,9.497771837661823
13.311655827913958,0.4608195448672155,9.546423060246553,9.546423060246546
13.326663331665833,0.5110845673740185,9.596688082753356,9.59668808275335
13.341670835417709,0.5629316993166369,9.648535214695967,9.648535214695968
13.356678339169585,0.6163237011375781,9.701927216516916,9.701927216516909
13.371685842921462,0.6712177559683024,9.756821271347627,9.756821271347633
13.386693346673336,0.7275654619303392,9.813168977309674,9.81316897730967
13.401700850425213,0.7853128453721405,9.870916360751469,9.870916360751472
13.41670835417709,0.8444003953483658,9.930003910727693,9.930003910727697
13.431715857928966,0.9047631195588379,9.990366634938175,9.99036663493817
13.44672336168084,0.9663306218716424,10.051934137250974,10.051934137250974
13.461730865432717,1.0290272014615036,10.11463071684084,10.114630716840836
13.476738369184593,1.092771973499294,10.178375488878627,10.178375488878626
13.491745872936468,1.1574790112332989,10.243082526612625,10.24308252661263
13.506753376688344,1.2230575092066167,10.308661024585945,10.308661024585948
13.52176088044022,1.2894119672595328,10.375015482638862,10.375015482638863
13.536768384192097,1.3564423948709265,10.442045910250258,10.442045910250258
13.551775887943972,1.424044535298676,10.509648050678008,10.509648050678006
13.566783391695848,1.492110108887034,10.577713624266357,10.577713624266366
13.581790895447725,1.5605270748187838,10.646130590198114,10.646130590198116
13.5967983991996,1.6291799105024662,10.714783425881802,10.714783425881798
13.611805902951476,1.6979499077003712,10.78355342307971,10.783553423079702
13.626813406703352,1.76671548442174,10.852318999801076,10.85231899980107
13.641820910455229,1.8353525115284297,10.920956026907756,10.92095602690776
13.656828414207103,1.9037346529270345,10.989338168306372,10.989338168306366
13.67183591795898,1.9717337181530075,11.057337233532346,11.057337233532339
13.686843421710856,2.039220026088564,11.124823541467906,11.124823541467896
13.701850925462733,2.1060627784981576,11.19166629387749,11.19166629387749
13.716858429214607,2.172130442012418,11.257733957391753,11.25773395739175
13.731865932966484,2.237291137144556,11.322894652523884,11.322894652523887
13.74687343671836,2.3014130328827234,11.387016548262048,11.387016548262054
13.761880940470235,2.36436474536744,11.449968260746774,11.449968260746772
13.776888444222111,2.4260157391353294,11.51161925451466,11.51161925451466
13.791895947973988,2.4862367293893204,11.57184024476866,11.571840244768651
13.806903451725864,2.5449000837414117,11.630503599120738,11.630503599120743
13.821910955477739,2.6018802218665438,11.687483737245877,11.687483737245875
13.836918459229615,2.6570540115059824,11.742657526885319,11.742657526885314
13.851925962981491,2.710301159265187,11.795904674644522,11.795904674644518
13.866933466733368,2.761504594664961,11.84710811004429,11.847108110044292
13.881940970485243,2.8105508459253485,11.896154361304674,11.89615436130468
13.896948474237119,2.857330405989139,11.942933921368464,11.94293392136847
13.911955977988995,2.9017380873264385,11.987341602705776,11.987341602705769
13.92696348174087,2.943673364102566,12.029276879481897,12.029276879481897
13.941970985492746,2.983040700338964,12.0686442157183,12.068644215718296
13.956978489244623,3.0197498627506048,12.105353378129937,12.105353378129935
13.9719859929965,3.053716217002867,12.139319732382203,12.139319732382198
13.986993496748374,3.084861006196421,12.170464521575765,12.170464521575752
14.00200100050025,3.1131116104593426,12.198715125838673,12.198715125838675
14.017008504252127,3.138401786601704,12.22400530198105,12.224005301981036
14.032016008004003,3.1606718868684855,12.24627540224782,12.246275402247816
14.047023511755878,3.1798690559117784,12.265472571291113,12.26547257129111
14.062031015507754,3.195947405192259,12.281550920571599,12.28155092057159
14.07703851925963,3.208868164112368,12.294471679491695,12.2944716794917
14.092046023011505,3.21859980727964,12.304203322658964,12.30420332265897
14.107053526763382,3.2251181573966914,12.310721672776035,12.310721672776022
14.122061030515258,3.2284064633752374,12.314009978754578,12.31400997875457
14.137068534267135,3.228455453373768,12.314058968753107,12.314058968753098
14.15207603801901,3.2252633625621163,12.310866877941445,12.310866877941447
14.167083541770886,3.2188359355206164,12.304439450899947,12.304439450899947
14.182091045522762,3.209186403286285,12.294789918665618,12.294789918665616
14.197098549274637,3.196335435162795,12.281938950542129,12.281938950542127
14.212106053026513,3.180311065515036,12.265914580894362,12.265914580894368
14.22711355677839,3.1611485958715826,12.24675211125092,12.246752111250913
14.242121060530266,3.1388904727594555,12.224493988138791,12.224493988138786
14.25712856428214,3.1135861417943578,12.199189657173692,12.199189657173688
14.272136068034017,3.08529187864605,12.170895394025383,12.170895394025381
14.287143571785894,3.0540705975918137,12.139674112971147,12.139674112971145
14.30215107553777,3.019991638460641,12.10559515383997,12.105595153839971
14.317158579289645,2.9831305328572255,12.068734048236557,12.068734048236557
14.332166083041521,2.9435687506362034,12.029172266015534,12.029172266015534
14.347173586793398,2.9013934276747584,11.98699694305409,11.98699694305409
14.362181090545272,2.8566970760635937,11.942300591442931,11.942300591442924
14.377188594297149,2.8095772779035433,11.895180793282874,11.895180793282874
14.392196098049025,2.7601363639566885,11.845739879336016,11.84573987933602
14.407203601800902,2.708481078456158,11.794084593835489,11.794084593835489
14.422211105552776,2.6547222314288508,11.740325746808184,11.740325746808182
14.437218609304653,2.598974339928439,11.684577855307767,11.68457785530777
14.452226113056529,2.541355259613349,11.62695877499268,11.62695877499268
14.467233616808405,2.4819858081344646,11.5675893235138,11.567589323513795
14.48224112056028,2.4209893818214994,11.50659289720083,11.50659289720083
14.497248624312157,2.3584915671738997,11.44409508255323,11.44409508255323
14.512256128064033,2.294619748672518,11.380223264051846,11.38022326405185
14.527263631815908,2.22950271443189,11.31510622981122,11.31510622981122
14.542271135567784,2.1632702612097012,11.248873776589038,11.248873776589033
14.55727863931966,2.096052800280424,11.181656315659758,11.181656315659755
14.572286143071537,2.027980965663271,11.113584481042615,11.113584481042603
14.587293646823412,1.9591852261722715,11.044788741551605,11.044788741551603
14.602301150575288,1.8897955027264024,10.975399018105744,10.975399018105733
14.617308654327164,1.819940792323239,10.905544307702572,10.90554430770257
14.632316158079039,1.7497488000374062,10.835352315416733,10.835352315416737
14.647323661830915,1.67934558035901,10.764949095738352,10.764949095738341
14.662331165582792,1.6088551891345304,10.694458704513861,10.694458704513861
14.677338669334668,1.5383993473152568,10.624002862694583,10.624002862694589
14.692346173086543,1.4680971176563173,10.553700633035643,10.553700633035648
14.70735367683842,1.3980645954423625,10.483668110821702,10.483668110821693
14.722361180590296,1.3284146142456363,10.41401812962496,10.414018129624967
14.737368684342172,1.2592564676470919,10.344859983026424,10.344859983026423
14.752376188094047,1.1906956477737147,10.276299163153048,10.276299163153046
14.767383691845923,1.122833601424219,10.208437116803557,10.20843711680355
14.7823911955978,1.0557675044719483,10.141371019851272,10.14137101985128
14.797398699349674,0.9895900551481259,10.075193570527462,10.075193570527457
14.81240620310155,0.9243892867215966,10.009992802100934,10.009992802100928
14.827413706853427,0.860248400002594,9.94585191538192,9.945851915381924
14.842421210605304,0.7972456160086505,9.882849131387992,9.882849131387982
14.857428714357178,0.7354540490411361,9.82105756442047,9.821057564420467
14.872436218109055,0.6749416003310716,9.76054511571041,9.760545115710404
14.887443721860931,0.615770872323708,9.701374387703035,9.701374387703039
14.902451225612808,0.5579991035826212,9.64360261896195,9.643602618961951
14.917458729364682,0.5016781242073444,9.58728163958668,9.587281639586676
14.932466233116559,0.44685433157254584,9.532457846951878,9.532457846951877
14.947473736868435,0.3935686861137618,9.479172201493089,9.479172201493093
14.96248124062031,0.3418567268033649,9.427460242182692,9.427460242182695
14.977488744372186,0.2917486058821814,9.377352121261511,9.377352121261513
14.992496248124063,0.24326914233742736,9.328872657716762,9.328872657716758
15.007503751875939,0.1964378935451873,9.282041408924522,9.282041408924519
15.022511255627814,0.15126924442849896,9.236872759807836,9.23687275980783
15.03751875937969,0.10777251341743806,9.193376028796779,9.193376028796768
15.052526263131567,0.06595207443832879,9.151555589817661,9.15155558981766
15.067533766883443,0.025807494103677053,9.111411009483009,9.111411009483009
15.082541270635318,-0.012666316776056749,9.072937198603274,9.072937198603274
15.097548774387194,-0.0494789382833988,9.036124577095942,9.036124577095933
15.11255627813907,-0.08464426405287964,9.000959251326455,9.000959251326451
15.127563781890945,-0.11818031249901174,8.967423202880333,8.967423202880319
15.142571285642822,-0.1501090276445831,8.93549448773476,8.935494487734749
15.157578789394698,-0.18045607060552127,8.905147444773812,8.90514744477381
15.172586293146574,-0.20925060280859145,8.876352912570745,8.87635291257074
15.18759379689845,-0.23652506203237297,8.849078453346962,8.849078453346959
15.202601300650326,-0.26231493237132264,8.823288583008008,8.823288583008008
15.217608804402202,-0.28665850922623687,8.798945006153106,8.798945006153094
15.232616308154077,-0.309596660423397,8.77600685495594,8.776006854955934
15.247623811905953,-0.33117258455792253,8.75443093082142,8.754430930821409
15.26263131565783,-0.35143156764540673,8.734171947733925,8.734171947733925
15.277638819409706,-0.37042073914968643,8.71518277622965,8.715182776229645
15.29264632316158,-0.3881888284333061,8.697414686946022,8.697414686946026
15.307653826913457,-0.40478592265200175,8.680817592727333,8.68081759272733
15.322661330665333,-0.42026322708416114,8.66534028829517,8.66534028829517
15.33766883441721,-0.4346728288530077,8.650930686526323,8.650930686526323
15.352676338169085,-0.4480674649606241,8.637536050418712,8.637536050418706
15.367683841920961,-0.4605002955122939,8.625103219867038,8.625103219867038
15.382691345672837,-0.47202468296454464,8.613578832414788,8.613578832414786
15.397698849424712,-0.48269397818269477,8.602909537196636,8.602909537196636
15.412706353176588,-0.4925613140433101,8.59304220133602,8.59304220133602
15.427713856928465,-0.5016794072640739,8.583924108115255,8.583924108115257
15.442721360680341,-0.5101003690886059,8.575503146290721,8.575503146290725
15.457728864432216,-0.5178755253969307,8.567727989982396,8.5677279899824
15.472736368184092,-0.5250552467542224,8.560548268625102,8.560548268625109
15.487743871935969,-0.5316887888506735,8.553914726528658,8.553914726528658
15.502751375687845,-0.5378241437254815,8.547779371653855,8.54777937165385
15.51775887943972,-0.5435079021068137,8.54209561327252,8.542095613272517
15.532766383191596,-0.5487851271388717,8.536818388240457,8.536818388240459
15.547773886943473,-0.5536992397061301,8.5319042756732,8.5319042756732
15.562781390695347,-0.5582919155044787,8.527311599874853,8.527311599874853
15.577788894447224,-0.5626029939491803,8.523000521430149,8.52300052143015
15.5927963981991,-0.5666703989508185,8.51893311642852,8.518933116428512
15.607803901950977,-0.5705300715330316,8.5150734438463,8.5150734438463
15.622811405702851,-0.5742159142097697,8.511387601169568,8.511387601169561
15.637818909454728,-0.5777597469857897,8.50784376839355,8.507843768393542
15.652826413206604,-0.5811912747919922,8.504412240587339,8.504412240587339
15.667833916958479,-0.5845380661173428,8.501065449261988,8.501065449261988
15.682841420710355,-0.5878255425518012,8.497777972827535,8.49777797282753
15.697848924462232,-0.5910769789099357,8.494526536469403,8.494526536469396
15.712856428214108,-0.5943135135629501,8.49129000181638,8.491290001816381
15.727863931965983,-0.5975541685679975,8.488049346811332,8.488049346811334
15.74287143571786,-0.6008158791478304,8.4847876362315,8.4847876362315
15.757878939469736,-0.6041135320410953,8.48148998333824,8.481489983338236
15.772886443221612,-0.6074600122145187,8.478143503164814,8.478143503164812
15.787893946973487,-0.6108662574020108,8.474737257977322,8.47473725797732
15.802901450725363,-0.6143413199135398,8.471262195465794,8.47126219546579
15.81790895447724,-0.6178924351373857,8.467711080241957,8.467711080241946
15.832916458229114,-0.6215250961439801,8.464078419235355,8.464078419235351
15.84792396198099,-0.625243133787449,8.460360381591888,8.460360381591881
15.862931465732867,-0.6290488016924688,8.45655471368685,8.456554713686863
15.877938969484743,-0.6329428655086932,8.452660649870637,8.452660649870637
15.892946473236618,-0.6369246958134412,8.44867881956589,8.44867881956589
15.907953976988495,-0.64099236404457,8.444611151334763,8.444611151334762
15.922961480740371,-0.6451427408503306,8.440460774528999,8.440460774529
15.937968984492247,-0.6493715962504671,8.436231919128863,8.436231919128865
15.952976488244122,-0.6536737010138184,8.431929814365516,8.431929814365512
15.967983991995998,-0.658042928670932,8.4275605867084,8.427560586708399
15.982991495747875,-0.662472357596521,8.423131157782805,8.42313115778281
15.99799899949975,-0.6669543726152872,8.418649142764044,8.418649142764044
16.013006503251628,-0.6714807656056139,8.414122749773727,8.414122749773718
16.028014007003502,-0.6760428345989125,8.409560680780418,8.40956068078042
16.043021510755377,-0.6806314808975836,8.404972034481752,8.404972034481748
16.058029014507255,-0.6852373037614754,8.40036621161785,8.400366211617856
16.07303651825913,-0.6898506922414902,8.395752823137844,8.39575282313784
16.088044022011005,-0.694461913768634,8.391141601610695,8.391141601610697
16.103051525762883,-0.6990611991383746,8.386542316240956,8.386542316240956
16.118059029514757,-0.7036388235619699,8.381964691817364,8.38196469181736
16.133066533266632,-0.7081851834894971,8.377418331889825,8.377418331889833
16.14807403701851,-0.7126908689429333,8.3729126464364,8.372912646436397
16.163081540770385,-0.7171467311311223,8.368456784248213,8.36845678424821
16.178089044522263,-0.72154394515313,8.364059570226203,8.364059570226202
16.193096548274138,-0.7258740676297171,8.359729447749611,8.359729447749615
16.208104052026012,-0.7301290891373083,8.355474426242024,8.355474426242022
16.22311155577789,-0.7343014813515211,8.351302034027816,8.35130203402781
16.238119059529765,-0.7383842388407287,8.347219276538606,8.347219276538603
16.25312656328164,-0.7423709154817957,8.343232599897538,8.343232599897535
16.268134067033518,-0.7462556555018267,8.33934785987751,8.339347859877504
16.283141570785393,-0.7500332191793586,8.335570296199975,8.335570296199972
16.298149074537267,-0.753699003268054,8.33190451211128,8.331904512111278
16.313156578289146,-0.757249056233083,8.328354459146244,8.328354459146247
16.32816408204102,-0.760680088416993,8.324923426962341,8.324923426962338
16.3431715857929,-0.763989477276511,8.32161403810282,8.32161403810282
16.358179089544773,-0.7671752678546716,8.318428247524665,8.31842824752466
16.373186593296648,-0.770236168674306,8.315367346705031,8.315367346705026
16.388194097048526,-0.7731715432583385,8.312431972120992,8.312431972120992
16.4032016008004,-0.7759813975002625,8.309622117879066,8.30962211787907
16.418209104552275,-0.778666363123996,8.30693715225533,8.306937152255335
16.433216608304154,-0.7812276774863693,8.304375837892966,8.304375837892962
16.448224112056028,-0.7836671599876864,8.301936355391643,8.301936355391645
16.463231615807903,-0.785987185365632,8.299616330013698,8.299616330013698
16.47823911955978,-0.7881906541565109,8.29741286122282,8.29741286122282
16.493246623311656,-0.7902809606136105,8.295322554765715,8.29532255476572
16.508254127063534,-0.7922619583773443,8.293341557001995,8.293341557001987
16.52326163081541,-0.7941379241941408,8.291465591185188,8.29146559118519
16.538269134567283,-0.7959135199819,8.289689995397435,8.289689995397431
16.55327663831916,-0.7975937535388659,8.288009761840467,8.288009761840465
16.568284142071036,-0.799183938190263,8.28641957718907,8.286419577189069
16.58329164582291,-0.8006896516624704,8.284913863716865,8.284913863716861
16.59829914957479,-0.8021166944690407,8.283486820910296,8.28348682091029
16.613306653326664,-0.8034710480855164,8.282132467293815,8.282132467293815
16.628314157078538,-0.8047588331813542,8.280844682197982,8.280844682197976
16.643321660830416,-0.8059862681674723,8.27961724721186,8.279617247211858
16.65832916458229,-0.8071596283071736,8.278443887072157,8.278443887072157
16.67333666833417,-0.8082852056257179,8.27731830975362,8.277318309753614
16.688344172086044,-0.8093692698412817,8.276234245538046,8.276234245538049
16.70335167583792,-0.8104180305260242,8.275185484853306,8.275185484853306
16.718359179589797,-0.8114376006914612,8.274165914687872,8.27416591468787
16.73336668334167,-0.8124339619772815,8.273169553402058,8.273169553402049
16.748374187093546,-0.8134129316071675,8.272190583772172,8.272190583772163
16.763381690845424,-0.8143801312588992,8.271223384120434,8.271223384120432
16.7783891945973,-0.8153409579802704,8.270262557399061,8.270262557399061
16.793396698349174,-0.8163005572650623,8.269302958114272,8.269302958114269
16.808404202101052,-0.8172637983877526,8.268339716991573,8.268339716991578
16.823411705852926,-0.81823525207825,8.267368263301082,8.267368263301082
16.838419209604805,-0.8192191706021764,8.266384344777155,8.266384344777155
16.85342671335668,-0.8202194702956641,8.265384045083664,8.265384045083668
16.868434217108554,-0.8212397165880967,8.264363798791242,8.264363798791234
16.883441720860432,-0.8222831115303837,8.26332040384895,8.263320403848947
16.898449224612307,-0.8233524838316375,8.262251031547695,8.262251031547693
16.91345672836418,-0.8244502813924771,8.261153233986851,8.261153233986853
16.92846423211606,-0.8255785663092625,8.26002494907007,8.260024949070068
16.943471735867934,-0.826739012310352,8.258864503068976,8.25886450306898
16.95847923961981,-0.8279329045729455,8.257670610806384,8.257670610806386
16.973486743371687,-0.8291611418571351,8.256442373522194,8.256442373522196
16.988494247123562,-0.8304242408828437,8.25517927449649,8.255179274496488
17.003501750875436,-0.8317223428651254,8.253881172514204,8.253881172514205
17.018509254627315,-0.8330552221137589,8.25254829326558,8.252548293265573
17.03351675837919,-0.8344222965946992,8.251181218784636,8.251181218784632
17.048524262131068,-0.8358226403432256,8.249780875036114,8.249780875036105
17.063531765882942,-0.8372549976117026,8.248348517767623,8.248348517767628
17.078539269634817,-0.8387177986291321,8.246885716750198,8.2468857167502
17.093546773386695,-0.8402091768445386,8.245394338534796,8.245394338534792
17.10855427713857,-0.8417269875219475,8.243876527857383,8.243876527857383
17.123561780890444,-0.8432688275515202,8.242334687827812,8.24233468782781
17.138569284642323,-0.8448320563387631,8.240771459040563,8.240771459040568
17.153576788394197,-0.8464138176320714,8.239189697747255,8.23918969774726
17.168584292146072,-0.8480110621478144,8.237592453231516,8.237592453231517
17.18359179589795,-0.8496205708521585,8.235982944527168,8.235982944527173
17.198599299649825,-0.8512389787590919,8.234364536620241,8.23436453662024
17.213606803401703,-0.8528627991054559,8.232740716273879,8.232740716273875
17.228614307153578,-0.8544884477655906,8.231115067613747,8.231115067613741
17.243621810905452,-0.8561122677705454,8.229491247608786,8.229491247608786
17.25862931465733,-0.8577305537998339,8.227872961579498,8.227872961579497
17.273636818409205,-0.8593395765172267,8.226263938862104,8.226263938862104
17.28864432216108,-0.860935606625947,8.224667908753386,8.224667908753384
17.303651825912958,-0.8625149385231599,8.22308857685617,8.22308857685617
17.318659329664833,-0.8640739134383293,8.221529601941,8.221529601941002
17.333666833416707,-0.8656089419451871,8.21999457343414,8.219994573434144
17.348674337168585,-0.8671165257424536,8.218486989636881,8.218486989636878
17.36368184092046,-0.8685932786043367,8.217010236775002,8.217010236774994
17.37868934467234,-0.8700359464074593,8.215567568971867,8.215567568971872
17.393696848424213,-0.8714414261473191,8.21416208923201,8.214162089232012
17.408704352176088,-0.8728067838634855,8.212796731515844,8.212796731515846
17.423711855927966,-0.8741292713991644,8.211474243980161,8.211474243980167
17.43871935967984,-0.8754063419273828,8.21019717345195,8.210197173451949
17.453726863431715,-0.8766356641825033,8.20896785119683,8.208967851196828
17.468734367183593,-0.8778151353424661,8.207788380036863,8.207788380036865
17.483741870935468,-0.8789428925137504,8.206660622865575,8.20666062286558
17.498749374687343,-0.8800173227777375,8.205586192601588,8.205586192601594
17.51375687843922,-0.8810370717636397,8.20456644361569,8.204566443615692
17.528764382191095,-0.8820010507199325,8.203602464659403,8.203602464659399
17.543771885942974,-0.8829084420624878,8.202695073316846,8.202695073316843
17.55877938969485,-0.8837587033842464,8.201844811995088,8.201844811995084
17.573786893446723,-0.8845515699175449,8.201051945461794,8.201051945461787
17.5887943971986,-0.885287055446388,8.200316459932942,8.200316459932942
17.603801900950476,-0.8859654516724406,8.199638063706892,8.19963806370689
17.61880940470235,-0.8865873260441259,8.199016189335204,8.199016189335206
17.63381690845423,-0.8871535180646675,8.198449997314658,8.198449997314663
17.648824412206103,-0.8876651341003741,8.197938381278957,8.197938381278957
17.663831915957978,-0.8881235407164236,8.19747997466291,8.197479974662908
17.678839419709856,-0.8885303565730067,8.197073158806324,8.197073158806324
17.69384692346173,-0.8888874429200935,8.196716072459235,8.196716072459237
17.70885442721361,-0.8891968927346339,8.196406622644698,8.196406622644698
17.723861930965484,-0.8894610185489877,8.196142496830344,8.196142496830344
17.73886943471736,-0.8896823390250272,8.195921176354313,8.195921176354304
17.753876938469237,-0.8898635643325926,8.195739951046736,8.195739951046738
17.76888444222111,-0.8900075803967985,8.19559593498254,8.195595934982533
17.783891945972986,-0.8901174320824596,8.195486083296869,8.19548608329687
17.798899449724864,-0.8901963053894084,8.195407209989918,8.195407209989924
17.81390695347674,-0.890247508736115,8.195356006643223,8.195356006643216
17.828914457228613,-0.8902744534140133,8.195329061965323,8.195329061965317
17.84392196098049,-0.8902806332985165,8.195322882080822,8.195322882080815
17.858929464732366,-0.8902696039069401,8.195333911472396,8.19533391147239
17.873936968484244,-0.8902449608973143,8.195358554482013,8.195358554482016
17.88894447223612,-0.8902103181053634,8.195393197273978,8.195393197273967
17.903951975987994,-0.8901692852205745,8.195434230158757,8.195434230158757
17.918959479739872,-0.8901254452050903,8.195478070174234,8.195478070174241
17.933966983491747,-0.8900823315621281,8.195521183817208,8.195521183817203
17.94897448724362,-0.8900434055631292,8.195560109816205,8.195560109816203
17.9639819909955,-0.8900120335450021,8.195591481834336,8.19559148183433
17.978989494747374,-0.8899914643909433,8.195612050988395,8.195612050988387
17.99399699849925,-0.8899848073094266,8.195618708069905,8.195618708069905
18.009004502251127,-0.8899950100277929,8.195608505351544,8.195608505351538
18.024012006003,-0.8900248375169094,8.195578677862425,8.195578677862422
18.039019509754876,-0.8900768513643236,8.195526664015006,8.195526664015008
18.054027013506754,-0.8901533899127775,8.195450125466552,8.195450125466554
18.06903451725863,-0.8902565492807063,8.19534696609863,8.195346966098624
18.084042021010507,-0.8903881653798853,8.195215349999444,8.195215349999446
18.099049524762382,-0.8905497970441433,8.195053718335188,8.195053718335188
18.114057028514257,-0.8907427103804445,8.194860804998887,8.194860804998887
18.129064532266135,-0.8909678644513378,8.19463565092799,8.194635650927994
18.14407203601801,-0.8912258983939692,8.194377616985365,8.194377616985362
18.159079539769884,-0.8915171200771814,8.194086395302152,8.19408639530215
18.174087043521762,-0.8918414963934901,8.193762018985844,8.193762018985842
18.189094547273637,-0.8921986452774895,8.193404870101842,8.193404870101842
18.20410205102551,-0.8925878295364167,8.19301568584292,8.193015685842914
18.21910955477739,-0.8930079525718596,8.192595562807476,8.19259556280747
18.234117058529264,-0.8934575560646885,8.192145959314638,8.192145959314642
18.249124562281143,-0.8939348196871217,8.191668695692215,8.19166869569221
18.264132066033017,-0.8944375628975009,8.191165952481835,8.19116595248183
18.279139569784892,-0.894963248864261,8.190640266515071,8.19064026651507
18.29414707353677,-0.8955089905555537,8.190094524823778,8.190094524823778
18.309154577288645,-0.8960715590209825,8.189531956358348,8.189531956358348
18.32416208104052,-0.8966473938807066,8.188956121498629,8.188956121498624
18.339169584792398,-0.8972326160258546,8.188370899353473,8.188370899353476
18.354177088544272,-0.8978230425221271,8.187780472857211,8.187780472857204
18.369184592296147,-0.8984142036962934,8.187189311683033,8.187189311683039
18.384192096048025,-0.8990013623720214,8.186602153007307,8.18660215300731
18.3991995997999,-0.8995795352088668,8.186023980170466,8.186023980170464
18.414207103551778,-0.9001435160843483,8.185459999294988,8.185459999294983
18.429214607303653,-0.9006879014454838,8.184915613933853,8.184915613933848
18.444222111055527,-0.9012071175424622,8.184396397836865,8.184396397836869
18.459229614807406,-0.9016954494429024,8.183908065936428,8.183908065936428
18.47423711855928,-0.9021470717114527,8.18345644366788,8.183456443667879
18.489244622311155,-0.902556080625445,8.183047434753886,8.183047434753886
18.504252126063033,-0.9029165277837061,8.182686987595625,8.182686987595625
18.519259629814908,-0.9032224549520796,8.182381060427248,8.182381060427252
18.534267133566782,-0.9034679299760892,8.182135585403243,8.182135585403241
18.54927463731866,-0.903647083578578,8.181956431800755,8.181956431800753
18.564282141070535,-0.9037541468476981,8.181849368531633,8.181849368531633
18.579289644822413,-0.9037834892094176,8.181820026169914,8.181820026169913
18.594297148574288,-0.9037296566675831,8.181873858711752,8.181873858711748
18.609304652326163,-0.9035874100845879,8.18201610529474,8.182016105294743
18.62431215607804,-0.903351763266738,8.182251752112593,8.182251752112593
18.639319659829916,-0.9030180206099888,8.182585494769347,8.182585494769341
18.65432716358179,-0.9025818140548095,8.183021701324524,8.183021701324522
18.66933466733367,-0.9020391390931656,8.183564376286165,8.183564376286165
18.684342171085543,-0.901386389565733,8.1842171258136,8.184217125813598
18.699349674837418,-0.9006203909843444,8.184983124394988,8.184983124394986
18.714357178589296,-0.8997384321127858,8.185865083266552,8.185865083266545
18.72936468234117,-0.8987382945385483,8.186865220840781,8.186865220840783
18.74437218609305,-0.8976182799694249,8.187985235409911,8.187985235409906
18.759379689844923,-0.8963772349914674,8.189226280387867,8.189226280387864
18.774387193596798,-0.8950145730292499,8.190588942350082,8.19058894235008
18.789394697348676,-0.893530293255442,8.192073222123884,8.19207322212389
18.80440220110055,-0.8919249962043745,8.193678519174957,8.193678519174956
18.819409704852426,-0.8901998958540164,8.195403619525313,8.195403619525315
18.834417208604304,-0.8883568279515084,8.197246687427823,8.197246687427823
18.84942471235618,-0.8863982543711296,8.199205261008208,8.199205261008201
18.864432216108053,-0.8843272633074298,8.2012762520719,8.201276252071901
18.87943971985993,-0.8821475651233136,8.203455950256016,8.203455950256018
18.894447223611806,-0.8798634836905306,8.205740031688805,8.205740031688801
18.909454727363684,-0.8774799430800071,8.20812357229932,8.208123572299325
18.92446223111556,-0.8750024494803632,8.210601065898969,8.210601065898969
18.939469734867433,-0.8724370682462201,8.213166447133112,8.21316644713311
18.95447723861931,-0.8697903960015135,8.215813119377822,8.215813119377817
18.969484742371186,-0.8670695277491212,8.218533987630208,8.21853398763021
18.98449224612306,-0.8642820189643573,8.221321496414971,8.221321496414975
18.99949974987494,-0.8614358426782485,8.224167672701078,8.224167672701082
19.014507253626814,-0.8585393415848703,8.227064173794462,8.22706417379446
19.02951475737869,-0.8556011752372111,8.230002340142123,8.23000234014212
19.044522261130567,-0.8526302624262352,8.232973252953096,8.232973252953096
19.05952976488244,-0.8496357188688353,8.235967796510495,8.235967796510495
19.074537268634316,-0.8466267903619994,8.238976725017327,8.238976725017332
19.089544772386194,-0.8436127815919706,8.241990733787365,8.241990733787361
19.10455227613807,-0.8406029808190633,8.24500053456027,8.245000534560267
19.119559779889947,-0.8376065806904108,8.247996934688922,8.24799693468892
19.13456728364182,-0.8346325954643472,8.25097091991499,8.250970919914984
19.149574787393696,-0.8316897749608246,8.253913740418517,8.253913740418506
19.164582291145575,-0.8287865155826661,8.25681699979667,8.256816999796666
19.17958979489745,-0.8259307687816261,8.25967274659771,8.259672746597705
19.194597298649324,-0.8231299473716756,8.262473568007657,8.262473568007655
19.209604802401202,-0.8203908301187905,8.265212685260543,8.26521268526054
19.224612306153077,-0.8177194650621804,8.267884050317155,8.26788405031715
19.23961980990495,-0.8151210720458524,8.270482443333476,8.270482443333478
19.25462731365683,-0.8125999449615844,8.273003570417753,8.273003570417746
19.269634817408704,-0.8101593542243353,8.275444161154995,8.275444161154995
19.284642321160582,-0.807801450019269,8.277802065360067,8.277802065360062
19.299649824912457,-0.8055271668751932,8.28007634850414,8.280076348504139
19.31465732866433,-0.8033361301321216,8.28226738524721,8.28226738524721
19.32966483241621,-0.8012265648815367,8.284376950497792,8.284376950497794
19.344672336168085,-0.799195207965161,8.286408307414163,8.28640830741417
19.35967983991996,-0.7972372236234532,8.288366291755873,8.288366291755878
19.374687343671837,-0.7953461233861986,8.290257391993133,8.290257391993132
19.389694847423712,-0.7935136907968416,8.292089824582488,8.29208982458249
19.404702351175587,-0.7917299115572259,8.293873603822107,8.293873603822105
19.419709854927465,-0.789982909672101,8.29562060570723,8.29562060570723
19.43471735867934,-0.7882588901611999,8.297344625218143,8.29734462521813
19.449724862431218,-0.7865420888927945,8.299061426486535,8.299061426486537
19.464732366183092,-0.7848147300744802,8.300788785304848,8.300788785304851
19.479739869934967,-0.7830569919160238,8.302546523463311,8.302546523463308
19.494747373686845,-0.7812469809546794,8.304356534424649,8.304356534424652
19.50975487743872,-0.7793607155056134,8.306242799873717,8.306242799873718
19.524762381190595,-0.7773721186690896,8.308231396710235,8.30823139671024
19.539769884942473,-0.7752530212920778,8.310350494087258,8.310350494087253
19.554777388694347,-0.7729731752448276,8.3126303401345,8.312630340134504
19.569784892446222,-0.7705002773327262,8.31510323804661,8.315103238046605
19.5847923961981,-0.7678000041211078,8.317803511258221,8.317803511258223
19.599799899949975,-0.7648360579051005,8.320767457474238,8.320767457474231
19.614807403701853,-0.76157022400865,8.324033291370684,8.32403329137068
19.629814907453728,-0.7579624395467895,8.327641075832542,8.327641075832542
19.644822411205602,-0.7539708737326922,8.331632641646635,8.331632641646639
19.65982991495748,-0.7495520197572666,8.336051495622064,8.336051495622064
19.674837418709355,-0.7446607982131351,8.340942717166195,8.340942717166197
19.68984492246123,-0.739250671977878,8.346352843401451,8.346352843401453
19.704852426213108,-0.7332737724133104,8.352329742966031,8.35232974296602
19.719859929964983,-0.7266810366786488,8.358922478700688,8.358922478700682
19.734867433716857,-0.7194223558960036,8.366181159483327,8.366181159483327
19.749874937468736,-0.7114467338468743,8.374156781532452,8.374156781532458
19.76488244122061,-0.7027024558190843,8.382901059560249,8.382901059560247
19.77988994497249,-0.6931372671639519,8.392466248215383,8.39246624821538
19.794897448724363,-0.6826985610655394,8.40290495431379,8.402904954313792
19.809904952476238,-0.6713335749660574,8.414269940413275,8.414269940413273
19.824912456228116,-0.6589895950355401,8.426613920343787,8.42661392034379
19.83991995997999,-0.6456141680195231,8.439989347359814,8.439989347359807
19.854927463731865,-0.6311553197459701,8.45444819563336,8.454448195633361
19.869934967483744,-0.6155617795225368,8.470041735856789,8.470041735856794
19.884942471235618,-0.5987832096076556,8.486820305771678,8.486820305771676
19.899949974987493,-0.5807704388943103,8.504833076485022,8.50483307648502
19.91495747873937,-0.5614756999037728,8.524127815475559,8.524127815475559
19.929964982491246,-0.5408528681485094,8.544750647230819,8.544750647230822
19.944972486243124,-0.5188577028891305,8.566745812490199,8.5667458124902
19.959979989995,-0.49544808827980014,8.590155427099528,8.59015542709953
19.974987493746873,-0.47058427387009777,8.615019241509236,8.615019241509234
19.98999499749875,-0.4442291134099446,8.641374401969387,8.641374401969387
20.005002501250626,-0.41634830088641145,8.66925521449292,8.66925521449292
20.0200100050025,-0.3869106027089745,8.69869291267036,8.698692912670356
20.03501750875438,-0.3558880849522556,8.729715430427076,8.729715430427076
20.050025012506254,-0.3232563345626178,8.762347180816711,8.762347180816713
20.06503251625813,-0.28899467343753205,8.796608841941802,8.796608841941799
20.080040020010006,-0.25308636429469794,8.832517151084627,8.832517151084634
20.09504752376188,-0.21551880726076778,8.870084708118569,8.870084708118563
20.110055027513756,-0.1762837261278943,8.909319789251441,8.909319789251438
20.125062531265634,-0.13537734325044476,8.950226172128884,8.950226172128886
20.14007003501751,-0.09280054208274623,8.992802973296586,8.992802973296586
20.155077538769387,-0.0485590163931834,9.037044498986145,9.037044498986148
20.17008504252126,-0.0026634052294945802,9.082940110149831,9.082940110149837
20.185092546273136,0.04487058724585662,9.130474102625193,9.130474102625188
20.200100050025014,0.09402208788149419,9.179625603260833,9.179625603260826
20.21510755377689,0.1447649674017474,9.23036848278108,9.230368482781078
20.230115057528764,0.19706777072910883,9.28267128610844,9.28267128610844
20.245122561280642,0.2508936654200658,9.336497180799395,9.336497180799396
20.260130065032516,0.3062004088032923,9.39180392418262,9.391803924182623
20.27513756878439,0.3629403343383922,9.448543849717726,9.448543849717723
20.29014507253627,0.42106035763835226,9.50666387301769,9.506663873017683
20.305152576288144,0.480502002521666,9.566105517901,9.566105517900997
20.320160080040022,0.541201447379626,9.626804962758946,9.626804962758957
20.335167583791897,0.6030895920606469,9.68869310743998,9.688693107439978
20.35017508754377,0.6660921453885937,9.751695660767927,9.751695660767925
20.36518259129565,0.7301297333448299,9.815733248724166,9.815733248724161
20.380190095047524,0.7951180278549679,9.880721543234301,9.8807215432343
20.3951975987994,0.8609678960322905,9.946571411411625,9.946571411411622
20.410205102551277,0.9275855696388376,10.013189085018162,10.013189085018169
20.425212606303152,0.9948728344355117,10.080476349814838,10.080476349814843
20.440220110055026,1.0627272390025773,10.148330754381908,10.148330754381908
20.455227613806905,1.1310423225217527,10.216645837901087,10.216645837901083
20.47023511755878,1.1997078609237835,10.285311376303111,10.285311376303115
20.485242621310658,1.2686101307185558,10.354213646097895,10.354213646097886
20.500250125062532,1.3376321897395407,10.423235705118872,10.423235705118872
20.515257628814407,1.406654173953091,10.492257689332426,10.492257689332423
20.530265132566285,1.4755536094030464,10.56115712478238,10.561157124782378
20.54527263631816,1.5442057382852477,10.629809253664572,10.629809253664579
20.560280140070034,1.6124838580742884,10.698087373453623,10.69808737345362
20.575287643821913,1.680259672556015,10.765863187935343,10.765863187935347
20.590295147573787,1.7474036535555502,10.833007168934879,10.83300716893488
20.605302651325662,1.8137854120915051,10.899388927470838,10.899388927470836
20.62031015507754,1.879274077632318,10.964877593011652,10.96487759301165
20.635317658829415,1.9437386840824198,11.029342199461752,11.029342199461752
20.650325162581293,2.0070485610825815,11.09265207646191,11.092652076461913
20.665332666333168,2.0690737291713877,11.154677244550713,11.154677244550719
20.680340170085042,2.12968529732419,11.215288812703518,11.215288812703522
20.69534767383692,2.1887558613606717,11.274359376740005,11.274359376740003
20.710355177588795,2.24615990169427,11.331763417073596,11.331763417073601
20.72536268134067,2.3017741788853345,11.387377694264666,11.387377694264666
20.740370185092548,2.355478125454662,11.441081640833993,11.441081640833993
20.755377688844423,2.4071542324166284,11.492757747795961,11.49275774779596
20.770385192596297,2.4566884290000264,11.542291944379357,11.542291944379357
20.785392696348175,2.503970454040415,11.589573969419744,11.589573969419746
20.80040020010005,2.5488942175507514,11.634497732930075,11.634497732930082
20.81540770385193,2.5913581510068755,11.676961666386214,11.676961666386207
20.830415207603803,2.6312655449202613,11.716869060299592,11.716869060299592
20.845422711355678,2.6685248723138626,11.754128387693203,11.754128387693193
20.860430215107556,2.7030500967660487,11.788653612145376,11.78865361214538
20.87543771885943,2.734760963743223,11.820364479122556,11.820364479122555
20.890445222611305,2.7635832740037682,11.8491867893831,11.849186789383099
20.905452726363183,2.7894491379227446,11.87505265330207,11.875052653302076
20.920460230115058,2.812297209660454,11.897900725039788,11.897900725039785
20.935467733866933,2.832072900175735,11.917676415555071,11.917676415555066
20.95047523761881,2.84872856816773,11.934332083547064,11.934332083547062
20.965482741370685,2.862223688117746,11.947827203497075,11.947827203497077
20.980490245122564,2.8725249946940226,11.958128510073356,11.958128510073355
20.99549774887444,2.8796066028776495,11.965210118256984,11.96521011825698
21.010505252626313,2.883450103266307,11.969053618645646,11.969053618645638
21.02551275637819,2.8840446321139352,11.969648147493265,11.969648147493267
21.040520260130066,2.881386915767938,11.966990431147273,11.96699043114727
21.05552776388194,2.8754812892710553,11.961084804650397,11.961084804650387
21.07053526763382,2.8663396890022876,11.951943204381621,11.95194320438162
21.085542771385693,2.853981619338389,11.93958513471772,11.93958513471772
21.100550275137568,2.8384340934264207,11.92403760880575,11.924037608805751
21.115557778889446,2.81973154826514,11.905335063644465,11.905335063644472
21.13056528264132,2.7979157344011303,11.883519249780464,11.883519249780461
21.145572786393195,2.773035580651292,11.858639096030627,11.858639096030624
21.160580290145074,2.74514703436833,11.830750549747664,11.83075054974766
21.17558779389695,2.714312877868369,11.799916393247699,11.7999163932477
21.190595297648827,2.680602521739513,11.766206037118845,11.766206037118843
21.2056028014007,2.644091775847362,11.72969529122669,11.729695291226694
21.220610305152576,2.6048625989464282,11.69046611432576,11.690466114325758
21.235617808904454,2.5630028278959562,11.64860634327529,11.648606343275286
21.25062531265633,2.5186058875634583,11.604209402942791,11.60420940294279
21.265632816408203,2.4717704825790805,11.557373997958406,11.557373997958411
21.28064032016008,2.422600272179329,11.508203787558667,11.50820378755866
21.295647823911956,2.371203529447455,11.45680704482679,11.456807044826785
21.31065532766383,2.317692786321333,11.403296301700678,11.403296301700664
21.32566283141571,2.2621844657972643,11.347787981176596,11.347787981176594
21.340670335167584,2.20479850280848,11.290402018187805,11.29040201818781
21.355677838919462,2.1456579553010853,11.231261470680417,11.231261470680415
21.370685342671337,2.0848886070681707,11.170492122447506,11.170492122447502
21.38569284642321,2.022618563931713,11.10822207931105,11.108222079311044
21.40070035017509,1.9589778448858506,11.044581360265186,11.044581360265182
21.415707853926964,1.894097969829979,10.979701485209315,10.97970148520931
21.43071535767884,1.8281115455284294,10.913715060907764,10.91371506090776
21.445722861430717,1.7611518514344524,10.846755366813776,10.846755366813783
21.46073036518259,1.6933524270093314,10.778955942388658,10.778955942388663
21.475737868934466,1.624846662153291,10.710450177532627,10.710450177532621
21.490745372686344,1.555767392343873,10.64137090772321,10.641370907723203
21.50575287643822,1.4862465000487488,10.57185001542808,10.57185001542808
21.520760380190097,1.4164145239439587,10.502018039323291,10.50201803932329
21.535767883941972,1.3464002774271817,10.432003792806512,10.432003792806512
21.550775387693847,1.276330477865224,10.361933993244552,10.361933993244556
21.565782891445725,1.2063293879608443,10.291932903340173,10.291932903340175
21.5807903951976,1.136518470561447,10.222121985940774,10.222121985940777
21.595797898949474,1.0670160581653885,10.152619573544724,10.152619573544719
21.610805402701352,0.9979370383087555,10.08354055368809,10.083540553688087
21.625812906453227,0.9293925559376566,10.014996071316995,10.014996071316988
21.6408204102051,0.8614897337881597,9.947093249167487,9.94709324916749
21.65582791395698,0.7943314117097509,9.879934927089087,9.879934927089081
21.670835417708854,0.7280159057771184,9.813619421156448,9.81361942115645
21.685842921460733,0.6626367879406148,9.748240303319946,9.748240303319946
21.700850425212607,0.5982826868698226,9.683886202249157,9.683886202249154
21.715857928964482,0.5350371105437103,9.620640625923045,9.620640625923041
21.73086543271636,0.47297829104070566,9.558581806420035,9.558581806420037
21.745872936468235,0.4121790518783125,9.497782567257646,9.497782567257644
21.76088044022011,0.3527066981481769,9.438310213527517,9.438310213527508
21.775887943971988,0.2946229295885972,9.380226444967924,9.380226444967928
21.790895447723862,0.23798377663164796,9.323587292010972,9.323587292010979
21.805902951475737,0.182839559358803,9.268443074738144,9.268443074738133
21.820910455227615,0.12923486919634875,9.214838384575689,9.21483838457568
21.83591795897949,0.07720857308067475,9.16281208846,9.162812088460006
21.850925462731368,0.0267938397246234,9.11239735510395,9.112397355103955
21.865932966483243,-0.02198181247995822,9.06362170289938,9.063621702899374
21.880940470235117,-0.06909644648242291,9.016507068896914,9.016507068896908
21.895947973986996,-0.11453361716439335,8.971069898214935,8.971069898214937
21.91095547773887,-0.15828226223648756,8.927321253142855,8.927321253142843
21.925962981490745,-0.20033657425706494,8.885266941122271,8.885266941122266
21.940970485242623,-0.24069585466639776,8.844907660712932,8.844907660712934
21.955977988994498,-0.2793643508019111,8.806239164577416,8.80623916457742
21.970985492746372,-0.31635107692701525,8.76925243845232,8.769252438452316
21.98599299649825,-0.3516696203668511,8.73393389501249,8.73393389501248
22.001000500250125,-0.3853379338998296,8.700265581479497,8.700265581479501
22.016008004002003,-0.41737811560275134,8.66822539977658,8.66822539977658
22.031015507753878,-0.44781617738977614,8.63778733798956,8.637787337989556
22.046023011505753,-0.47668180352213635,8.608921711857196,8.608921711857194
22.06103051525763,-0.5040081003944602,8.581595414984866,8.581595414984871
22.076038019009506,-0.5298313389263978,8.55577217645294,8.555772176452933
22.09104552276138,-0.5541906909044273,8.531412824474906,8.531412824474904
22.10605302651326,-0.5771279606270037,8.508475554752334,8.508475554752327
22.121060530265133,-0.5986873132087596,8.486916202170574,8.48691620217057
22.136068034017008,-0.6189150008945711,8.466688514484765,8.46668851448476
22.151075537768886,-0.637859088722599,8.447744426656728,8.447744426656731
22.16608304152076,-0.6555691808571706,8.430034334522162,8.43003433452216
22.181090545272635,-0.6720961488878022,8.413507366491528,8.41350736649153
22.196098049024513,-0.6874918633593821,8.398111652019953,8.39811165201995
22.211105552776388,-0.7018089297610429,8.383794585618281,8.383794585618288
22.226113056528266,-0.7151004301586595,8.37050308522067,8.37050308522067
22.24112056028014,-0.7274196716063843,8.358183843772954,8.358183843772947
22.256128064032016,-0.7388199424189464,8.346783572960383,8.346783572960385
22.271135567783894,-0.7493542773270779,8.336249238052257,8.336249238052254
22.28614307153577,-0.7590752324745006,8.326528282904833,8.32652828290483
22.301150575287643,-0.7680346711468606,8.317568844232474,8.31756884423247
22.31615807903952,-0.7762835610507083,8.309319954328625,8.309319954328624
22.331165582791396,-0.7838717838852552,8.301731731494083,8.301731731494076
22.34617308654327,-0.790847957870763,8.294755557508573,8.294755557508568
22.36118059029515,-0.7972592738161589,8.28834424156317,8.288344241563172
22.376188094047023,-0.8031513452249909,8.282452170154338,8.28245217015434
22.3911955977989,-0.8085680728535524,8.277035442525781,8.27703544252578
22.406203101550776,-0.813551524048566,8.272051991330768,8.272051991330764
22.42121060530265,-0.8181418271044358,8.267461688274892,8.267461688274896
22.43621810905453,-0.8223770807926079,8.263226434586727,8.263226434586723
22.451225612806404,-0.8262932791280899,8.259310236251244,8.259310236251242
22.46623311655828,-0.8299242513514639,8.25567926402787,8.255679264027867
22.481240620310157,-0.8333016170188705,8.252301898360464,8.25230189836046
22.49624812406203,-0.8364547560086061,8.249148759370732,8.249148759370724
22.511255627813906,-0.8394107931705915,8.24619272220875,8.24619272220874
22.526263131565784,-0.8421945972655058,8.24340891811383,8.243408918113825
22.54127063531766,-0.8448287937633979,8.240774721615935,8.240774721615933
22.556278139069537,-0.8473337909982559,8.238269724381075,8.238269724381075
22.57128564282141,-0.849727819104921,8.235875696274412,8.23587569627441
22.586293146573286,-0.852026981098963,8.23357653428037,8.233576534280369
22.601300650325165,-0.8542453153986915,8.231358199980637,8.23135819998064
22.61630815407704,-0.8563948690312447,8.229208646348088,8.229208646348086
22.631315657828914,-0.8584857807133404,8.22711773466599,8.22711773466599
22.646323161580792,-0.8605263729499967,8.225077142429331,8.225077142429335
22.661330665332667,-0.8625232522536512,8.22308026312568,8.22308026312568
22.67633816908454,-0.8644814165501927,8.22112209882914,8.221122098829138
22.69134567283642,-0.8664043688087852,8.219199146570546,8.219199146570546
22.706353176588294,-0.8682942359084124,8.21730927947092,8.21730927947092
22.721360680340172,-0.8701518917359137,8.21545162364342,8.215451623643418
22.736368184092047,-0.8719770834991468,8.213626431880181,8.213626431880185
22.75137568784392,-0.8737685602326454,8.211834955146692,8.211834955146685
22.7663831915958,-0.8755242024740131,8.210079312905318,8.210079312905318
22.781390695347675,-0.8772411520959953,8.208362363283342,8.208362363283335
22.79639819909955,-0.8789159412916425,8.206687574087692,8.206687574087688
22.811405702851427,-0.8805446197287059,8.205058895650627,8.205058895650625
22.826413206603302,-0.8821228789139399,8.203480636465398,8.203480636465391
22.841420710355177,-0.8836461728379346,8.201957342541395,8.201957342541396
22.856428214107055,-0.8851098340068777,8.200493681372453,8.200493681372453
22.87143571785893,-0.8865091840080526,8.199094331371283,8.199094331371278
22.886443221610808,-0.887839637802175,8.197763877577158,8.197763877577156
22.901450725362682,-0.8890968009856979,8.196506714393637,8.196506714393633
22.916458229114557,-0.8902765593212918,8.195326956058036,8.19532695605804
22.931465732866435,-0.8913751598936048,8.194228355485725,8.194228355485727
22.94647323661831,-0.892389283310144,8.193214232069185,8.193214232069186
22.961480740370185,-0.8933161064329546,8.192287408946383,8.192287408946376
22.976488244122063,-0.8941533551958826,8.191450160183443,8.191450160183448
22.991495747873937,-0.8948993471337093,8.190704168245619,8.190704168245622
23.006503251625812,-0.8955530233231188,8.190050492056207,8.190050492056212
23.02151075537769,-0.8961139695106483,8.189489545868678,8.189489545868684
23.036518259129565,-0.8965824262797306,8.1890210890996,8.189021089099601
23.05152576288144,-0.8969592881861848,8.188644227193144,8.188644227193146
23.066533266633318,-0.897246091869401,8.188357423509933,8.188357423509931
23.081540770385192,-0.8974449932241416,8.18815852215519,8.18815852215519
23.09654827413707,-0.897558733795497,8.18804478158384,8.188044781583834
23.111555777888945,-0.897590596635316,8.188012918744008,8.188012918744015
23.12656328164082,-0.8975443519335485,8.188059163445786,8.188059163445782
23.141570785392698,-0.8974241928111435,8.188179322568189,8.188179322568187
23.156578289144573,-0.8972346617314702,8.188368853647866,8.18836885364786
23.171585792896447,-0.8969805680556474,8.188622947323683,8.188622947323683
23.186593296648326,-0.8966668973320743,8.188936618047258,8.188936618047256
23.2016008004002,-0.8962987129719231,8.189304802407413,8.189304802407408
23.216608304152075,-0.8958810510201132,8.18972246435922,8.189722464359217
23.231615807903953,-0.895418808785071,8.190184706594257,8.19018470659426
23.246623311655828,-0.8949166281392482,8.19068688724008,8.190686887240084
23.261630815407706,-0.894378774347195,8.191224741032139,8.191224741032135
23.27663831915958,-0.8938090113169634,8.191794504062365,8.191794504062369
23.291645822911455,-0.8932104742048809,8.192393041174446,8.19239304117445
23.306653326663334,-0.892585540332062,8.193017975047265,8.193017975047269
23.321660830415208,-0.8919356993943238,8.193667815985007,8.193667815985007
23.336668334167083,-0.8912614239638383,8.194342091415498,8.194342091415493
23.35167583791896,-0.8905620412924277,8.195041474086905,8.195041474086903
23.366683341670836,-0.88983560743131,8.195767907948028,8.19576790794802
23.38169084542271,-0.8890787846814768,8.196524730697854,8.196524730697854
23.39669834917459,-0.8882867233817014,8.197316791997633,8.197316791997629
23.411705852926463,-0.8874529490283026,8.198150566351028,8.198150566351028
23.42671335667834,-0.8865692557017882,8.199034259677545,8.199034259677543
23.441720860430216,-0.8856256067502858,8.199977908629052,8.199977908629045
23.45672836418209,-0.8846100436493463,8.200993471729989,8.200993471729985
23.47173586793397,-0.8835086039207289,8.2020949114586,8.202094911458602
23.486743371685844,-0.8823052489511511,8.203298266428181,8.20329826642818
23.50175087543772,-0.8809818025046675,8.20462171287467,8.204621712874664
23.516758379189596,-0.8795179006699435,8.206085614709387,8.206085614709387
23.53176588294147,-0.8778909539267385,8.207712561452592,8.207712561452592
23.546773386693346,-0.8760761219541569,8.209527393425182,8.209527393425175
23.561780890445224,-0.874046301737617,8.211557213641704,8.211557213641715
23.5767883941971,-0.8717721294616882,8.213831385917644,8.213831385917644
23.591795897948977,-0.8692219966031252,8.216381518776208,8.216381518776206
23.60680340170085,-0.8663620805618166,8.219241434817514,8.219241434817514
23.621810905452726,-0.8631563900889205,8.222447125290408,8.22244712529041
23.636818409204604,-0.8595668256900317,8.226036689689305,8.2260366896893
23.65182591295648,-0.8555532550981585,8.23005026028117,8.230050260281173
23.666833416708354,-0.8510736038270668,8.23452991155227,8.234529911552265
23.681840920460232,-0.8460839607299423,8.239519554649386,8.23951955464939
23.696848424212106,-0.8405386984025704,8.245064816976756,8.245064816976761
23.71185592796398,-0.8343906081840801,8.251212907195258,8.251212907195251
23.72686343171586,-0.8275910494231297,8.258012465956195,8.2580124659562
23.741870935467734,-0.8200901125922522,8.265513402787082,8.265513402787079
23.756878439219612,-0.8118367957502569,8.273766719629071,8.273766719629075
23.771885942971487,-0.802779193770816,8.282824321608514,8.282824321608516
23.78689344672336,-0.7928646996760174,8.292738815703322,8.292738815703313
23.80190095047524,-0.7820402173373127,8.303563298042024,8.303563298042018
23.816908454227114,-0.7702523847325257,8.315351130646805,8.315351130646805
23.83191595797899,-0.7574478068778311,8.328155708501496,8.3281557085015
23.846923461730867,-0.7435732974872017,8.34203021789213,8.342030217892129
23.861930965482742,-0.7285761283503847,8.357027387028944,8.357027387028946
23.876938469234616,-0.7124042853629168,8.373199230016413,8.373199230016414
23.891945972986495,-0.6950067300896173,8.390596785289716,8.390596785289715
23.90695347673837,-0.6763336656960071,8.409269849683318,8.409269849683325
23.921960980490248,-0.6563368060405035,8.429266709338831,8.429266709338828
23.936968484242122,-0.634969646684797,8.45063386869453,8.450633868694535
23.951975987993997,-0.6121877365498524,8.473415778829485,8.473415778829478
23.966983491745875,-0.5879489489218702,8.49765456645746,8.497654566457461
23.98199099549775,-0.5622137504950205,8.523389764884316,8.52338976488431
23.996998499249624,-0.5349454671275843,8.550658048251744,8.550658048251746
24.012006003001503,-0.5061105449836169,8.579492970395718,8.579492970395714
24.027013506753377,-0.47567880573545274,8.609924709643876,8.60992470964388
24.042021010505252,-0.44362369451081035,8.641979820868523,8.64197982086852
24.05702851425713,-0.40992251928522544,8.675680996094107,8.675680996094105
24.072036018009005,-0.3745566804421339,8.7110468349372,8.711046834937196
24.08704352176088,-0.33751188925256626,8.74809162612676,8.748091626126765
24.102051025512758,-0.29877837406197205,8.786825141317365,8.786825141317358
24.117058529264632,-0.25835107301326116,8.827252442366069,8.82725244236607
24.13206603301651,-0.21622981218336748,8.869373703195965,8.869373703195963
24.147073536768385,-0.1724194680643731,8.913184047314967,8.913184047314958
24.16208104052026,-0.12693011337992693,8.958673401999402,8.958673401999404
24.177088544272138,-0.0797771452926719,9.005826370086659,9.005826370086659
24.192096048024013,-0.030981395128490363,9.054622120250844,9.05462212025084
24.207103551775887,0.019430781181898834,9.105034296561232,9.10503429656123
24.222111055527765,0.07142743266345675,9.157030948042792,9.157030948042788
24.23711855927964,0.12497096349618199,9.210574478875516,9.210574478875513
24.252126063031515,0.1800181044024087,9.265621619781736,9.26562161978174
24.267133566783393,0.2365199056807097,9.32212342106004,9.322123421060041
24.282141070535268,0.2944217522517239,9.38002526763106,9.380025267631055
24.297148574287146,0.35366340098576315,9.439266916365094,9.439266916365094
24.31215607803902,0.4141790404837302,9.499782555863058,9.499782555863062
24.327163581790895,0.47589737338422833,9.561500888763566,9.56150088876356
24.342171085542773,0.5387417211691098,9.62434523654844,9.624345236548441
24.357178589294648,0.602630151338974,9.688233666718306,9.688233666718306
24.372186093046523,0.6674756267294956,9.753079142108827,9.753079142108827
24.3871935967984,0.733186176638517,9.818789692017853,9.818789692017848
24.402201100550275,0.799665089334816,9.885268604714138,9.885268604714147
24.41720860430215,0.8668111254211162,9.952414640800443,9.952414640800447
24.43221610805403,0.9345187514274771,10.02012226680681,10.020122266806808
24.447223611805903,1.0026783929174024,10.088281908296736,10.088281908296734
24.46223111555778,1.0711767062981365,10.15678022167747,10.156780221677467
24.477238619309656,1.1398968684378787,10.225500383817206,10.22550038381721
24.49224612306153,1.2087188831095115,10.29432239848885,10.294322398488843
24.50725362681341,1.2775199031992424,10.363123418578573,10.363123418578574
24.522261130565283,1.3461745675432868,10.431778082922614,10.431778082922618
24.537268634317158,1.4145553511851139,10.500158866564451,10.500158866564444
24.552276138069036,1.4825329277793187,10.568136443158648,10.56813644315865
24.56728364182091,1.5499765428086414,10.635580058187967,10.635580058187973
24.582291145572785,1.616754396226033,10.702357911605365,10.702357911605365
24.597298649324664,1.6827340330849954,10.768337548464324,10.768337548464327
24.61230615307654,1.7477827406799555,10.83338625605929,10.833386256059287
24.627313656828417,1.811767950682468,10.897371466061808,10.897371466061799
24.64232116058029,1.8745576447301109,10.960161160109445,10.960161160109442
24.657328664332166,1.9360207619034737,11.021624277282804,11.021624277282804
24.672336168084044,1.9960276065107627,11.081631121890096,11.081631121890094
24.68734367183592,2.0544502545920293,11.140053769971365,11.14005376997136
24.702351175587793,2.111162957554037,11.196766472933382,11.19676647293337
24.71735867933967,2.1660425413522617,11.251646056731591,11.251646056731593
24.732366183091546,2.218968799650246,11.304572315029581,11.304572315029578
24.74737368684342,2.2698248794064004,11.35542839478573,11.355428394785731
24.7623811905953,2.3184976573651266,11.40410117274446,11.404101172744458
24.777388694347174,2.3648781059630504,11.450481621342378,11.450481621342382
24.792396198099052,2.408861647201792,11.494465162581127,11.494465162581124
24.807403701850927,2.450348493084738,11.535952008464076,11.535952008464069
24.8224112056028,2.4892439712692185,11.574847486648554,11.57484748664855
24.83741870935468,2.525458834643624,11.611062350022959,11.611062350022955
24.852426213106554,2.5589095536041313,11.644513068983457,11.644513068983462
24.86743371685843,2.5895185898755333,11.675122105254864,11.675122105254864
24.882441220610307,2.6172146507958423,11.702818166175172,11.702818166175174
24.89744872436218,2.641932923063838,11.727536438443169,11.727536438443169
24.912456228114056,2.663615285033234,11.749218800412573,11.749218800412565
24.927463731865934,2.6822104967248133,11.767814012104152,11.767814012104145
24.94247123561781,2.6976743668196166,11.783277882198941,11.783277882198949
24.957478739369687,2.7099698959909,11.795573411370238,11.795573411370231
24.972486243121562,2.7190673960298266,11.804670911409161,11.804670911409158
24.987493746873437,2.7249445843195135,11.810548099698847,11.810548099698845
25.002501250625315,2.7275866533131574,11.813190168692477,11.813190168692488
25.01750875437719,2.7269863147747246,11.81258983015406,11.812589830154057
25.032516258129064,2.723143818643932,11.80874733402326,11.808747334023263
25.047523761880942,2.716066946490874,11.801670461870202,11.801670461870206
25.062531265632817,2.705770979629581,11.791374495008904,11.791374495008911
25.07753876938469,2.692278642062334,11.77788215744166,11.777882157441665
25.09254627313657,2.675620018528787,11.761223533908122,11.761223533908119
25.107553776888444,2.6558324480342654,11.741435963413593,11.741435963413597
25.12256128064032,2.6329603933297667,11.718563908709097,11.718563908709097
25.137568784392197,2.6070552869126313,11.692658802291962,11.692658802291962
25.152576288144072,2.578175354209669,11.663778869589002,11.663778869589
25.16758379189595,2.546385414694367,11.631988930073694,11.631988930073698
25.182591295647825,2.511756661776372,11.597360177155707,11.597360177155704
25.1975987993997,2.4743664223834374,11.559969937762771,11.55996993776277
25.212606303151578,2.4342978972339373,11.519901412613267,11.519901412613269
25.227613806903452,2.391639882871313,11.477243398250645,11.477243398250645
25.242621310655327,2.3464864765998263,11.432089991979154,11.432089991979158
25.257628814407205,2.2989367655240445,11.384540280903376,11.384540280903376
25.27263631815908,2.2490945009518226,11.334698016331155,11.334698016331153
25.287643821910955,2.197067759471871,11.2826712748512,11.282671274851202
25.302651325662833,2.142968592063019,11.228572107442345,11.22857210744235
25.317658829414707,2.0869126626315713,11.172516178010905,11.172516178010902
25.332666333166586,2.0290188774060662,11.114622392785398,11.114622392785398
25.34767383691846,1.9694090066465375,11.05501252202586,11.05501252202587
25.362681340670335,1.9082073001442739,10.993810815523604,10.993810815523606
25.377688844422213,1.8455400980037127,10.931143613383043,10.931143613383044
25.392696348174088,1.7815354382038269,10.867138953583163,10.867138953583158
25.407703851925962,1.716322662438404,10.801926177817737,10.801926177817736
25.42271135567784,1.6500320217284197,10.735635537107758,10.73563553710775
25.437718859429715,1.5827942832879796,10.668397798667305,10.66839779866731
25.45272636318159,1.514740340106741,10.600343855486074,10.600343855486072
25.467733866933468,1.4460008246878489,10.531604340067185,10.53160434006718
25.482741370685343,1.3767057283494624,10.462309243728788,10.462309243728793
25.49774887443722,1.3069840274620153,10.392587542841339,10.392587542841346
25.512756378189096,1.2369633179518285,10.32256683333117,10.322566833331159
25.52776388194097,1.1667694593539302,10.252372974733266,10.25237297473326
25.54277138569285,1.096526229645469,10.182129745024795,10.1821297450248
25.557778889444723,1.0263549920336494,10.111958507412984,10.11195850741298
25.572786393196598,0.9563743748105074,10.041977890189845,10.041977890189838
25.587793896948476,0.8866999653218117,9.972303480701152,9.972303480701143
25.60280140070035,0.8174440190270612,9.903047534406394,9.903047534406392
25.617808904452225,0.7487151845549178,9.83431869993425,9.834318699934249
25.632816408204103,0.6806182455824636,9.7662217609618,9.766221760961795
25.647823911955978,0.6132538802874498,9.698857395666774,9.698857395666781
25.662831415707856,0.5467184390413469,9.632321954420672,9.632321954420679
25.67783891945973,0.48110374092854785,9.566707256307875,9.566707256307879
25.692846423211606,0.4164968895911552,9.502100404970486,9.502100404970486
25.707853926963484,0.35298010881388264,9.438583624193216,9.438583624193214
25.72286143071536,0.29063059817625797,9.37623411355559,9.376234113555588
25.737868934467233,0.22952040901233528,9.315123924391665,9.315123924391667
25.75287643821911,0.16971634083117434,9.255319856210498,9.255319856210505
25.767883941970986,0.11127985826485383,9.196883373644187,9.196883373644186
25.78289144572286,0.054267028524438085,9.139870543903763,9.139870543903768
25.79789894947474,-0.0012715207396369371,9.084331994639696,9.084331994639694
25.812906453226613,-0.055290623359641966,9.030312892019698,9.030312892019689
25.82791395697849,-0.1077505766233413,8.977852938755989,8.97785293875599
25.842921460730366,-0.15861712364396235,8.926986391735362,8.926986391735369
25.85792896448224,-0.20786141655074397,8.877742098828593,8.877742098828588
25.87293646823412,-0.25545996099621066,8.830143554383124,8.83014355438312
25.887943971985994,-0.3013945425468182,8.784208972832518,8.784208972832513
25.90295147573787,-0.3456521355901935,8.739951379789137,8.739951379789138
25.917958979489747,-0.3882247954547435,8.69737871992459,8.697378719924588
25.93296648324162,-0.4291095344967261,8.656493980882606,8.656493980882605
25.947973986993496,-0.46830818296440935,8.617295332414917,8.617295332414923
25.962981490745374,-0.5058272354990684,8.579776279880273,8.579776279880262
25.97798899449725,-0.5416776841785468,8.543925831200792,8.543925831200784
25.992996498249127,-0.5758748390501596,8.509728676329168,8.509728676329171
26.008004002001,-0.608438137135499,8.477165378243834,8.477165378243832
26.023011505752876,-0.6393909409217232,8.446212574457608,8.446212574457608
26.038019009504755,-0.6687603273793431,8.416843187999989,8.416843187999987
26.05302651325663,-0.6965768685684438,8.389026646810889,8.389026646810887
26.068034017008504,-0.7228744049111172,8.362729110468216,8.362729110468214
26.083041520760382,-0.7476898122189006,8.337913703160432,8.33791370316043
26.098049024512257,-0.7710627635703772,8.314540751808952,8.314540751808954
26.11305652826413,-0.7930354871349077,8.292568028244423,8.292568028244423
26.12806403201601,-0.8136525210347103,8.271950994344628,8.271950994344621
26.143071535767884,-0.8329604663286723,8.252643049050658,8.25264304905066
26.15807903951976,-0.8510077391881802,8.23459577619115,8.234595776191151
26.173086543271637,-0.8678443233170485,8.217759192062283,8.217759192062282
26.18809404702351,-0.8835215236450723,8.202081991734255,8.202081991734259
26.20310155077539,-0.898091722298574,8.18751179308076,8.187511793080757
26.218109054527265,-0.911608137820144,8.173995377559187,8.173995377559187
26.23311655827914,-0.924124588575429,8.161478926803898,8.161478926803902
26.248124062031017,-0.9356952612466973,8.14990825413264,8.149908254132633
26.263131565782892,-0.9463744852711874,8.139229030108151,8.139229030108144
26.278139069534767,-0.9562165140377321,8.129387001341598,8.129387001341598
26.293146573286645,-0.9652753136074235,8.120328201771903,8.120328201771908
26.30815407703852,-0.9736043596739622,8.111999155705368,8.11199915570537
26.323161580790394,-0.9812564434269779,8.104347071952354,8.104347071952354
26.338169084542272,-0.9882834869265913,8.097320028452744,8.09732002845274
26.353176588294147,-0.9947363685418719,8.090867146837462,8.090867146837459
26.368184092046025,-1.000664758947331,8.084938756431999,8.084938756432
26.3831915957979,-1.0061169681132809,8.079486547266054,8.07948654726605
26.398199099549775,-1.011139803665615,8.074463711713717,8.074463711713715
26.413206603301653,-1.0157784409305617,8.069825074448767,8.069825074448769
26.428214107053527,-1.0200763049188462,8.065527210460491,8.065527210460484
26.443221610805402,-1.024074964443701,8.061528550935634,8.06152855093563
26.45822911455728,-1.0278140385059518,8.057789476873383,8.05778947687338
26.473236618309155,-1.0313311150205182,8.054272400358814,8.054272400358812
26.48824412206103,-1.0346616818990175,8.050941833480309,8.050941833480314
26.503251625812908,-1.0378390704457532,8.047764444933573,8.047764444933577
26.518259129564782,-1.0408944109676432,8.044709104411693,8.044709104411687
26.53326663331666,-1.0438566004440561,8.041746914935283,8.041746914935274
26.548274137068535,-1.0467522820491852,8.038851233330147,8.038851233330146
26.56328164082041,-1.0496058362689427,8.035997679110391,8.035997679110388
26.578289144572288,-1.0524393833051444,8.033164132074191,8.033164132074187
26.593296648324163,-1.0552727964142594,8.030330718965072,8.030330718965072
26.608304152076037,-1.0581237257835392,8.027479789595795,8.027479789595791
26.623311655827916,-1.0610076325070465,8.024595882872283,8.024595882872285
26.63831915957979,-1.063937832185842,8.021665683193495,8.02166568319349
26.653326663331665,-1.066925547641999,8.018677967737338,8.018677967737332
26.668334167083543,-1.0699799702042103,8.015623545175117,8.01562354517512
26.683341670835418,-1.0731083289941665,8.012495186385165,8.012495186385165
26.698349174587296,-1.0763159676183371,8.00928754776099,8.009287547760994
26.71335667833917,-1.079606427647371,8.005997087731965,8.00599708773196
26.728364182091045,-1.0829815382474848,8.002621977131847,8.002621977131847
26.743371685842924,-1.0864415113134573,7.999162004065873,7.999162004065874
26.758379189594798,-1.0899850414410892,7.995618473938243,7.995618473938242
26.773386693346673,-1.0936094100696918,7.9919941053096375,7.991994105309639
26.78839419709855,-1.0973105931201799,7.988292922259156,7.988292922259151
26.803401700850426,-1.1010833714537704,7.984520143925561,7.984520143925561
26.8184092046023,-1.1049214434782975,7.980682071901034,7.980682071901033
26.83341670835418,-1.1088175392349329,7.976785976144403,7.976785976144399
26.848424212106053,-1.1127635353067435,7.9728399800725915,7.972839980072587
26.86343171585793,-1.1167505699025386,7.968852945476796,7.968852945476792
26.878439219609806,-1.120769157484169,7.964834357895161,7.964834357895162
26.89344672336168,-1.1248093023230368,7.960794213056295,7.960794213056294
26.90845422711356,-1.128860610392513,7.956742904986821,7.956742904986818
26.923461730865434,-1.1329123990251888,7.952691116354145,7.952691116354142
26.93846923461731,-1.1369538037898903,7.9486497115894466,7.948649711589441
26.953476738369186,-1.1409738820707478,7.944629633308583,7.944629633308583
26.96848424212106,-1.1449617128605383,7.940641802518793,7.940641802518793
26.983491745872936,-1.1489064923118717,7.936697023067464,7.93669702306746
26.998499249624814,-1.152797624623443,7.932805890755888,7.932805890755888
27.01350675337669,-1.1566248078732662,7.928978707506068,7.928978707506065
27.028514257128567,-1.1603781144469314,7.925225400932403,7.9252254009323995
27.04352176088044,-1.1640480657465213,7.92155544963281,7.92155544963281
27.058529264632316,-1.1676257009038031,7.917977814475528,7.9179778144755275
27.073536768384194,-1.1711026392602923,7.914500876119042,7.914500876119039
27.08854427213607,-1.1744711364164608,7.911132378962873,7.91113237896287
27.103551775887944,-1.177724133692115,7.9078793816872155,7.907879381687216
27.118559279639822,-1.180855300879754,7.904748214499576,7.904748214499577
27.133566783391696,-1.1838590722126305,7.901744443166699,7.9017444431667005
27.14857428714357,-1.1867306755091027,7.898872839870224,7.898872839870228
27.16358179089545,-1.18946615449344,7.896137360885893,7.896137360885891
27.178589294647324,-1.192062384332233,7.893541131047097,7.8935411310470975
27.1935967983992,-1.1945170804628813,7.891086434916453,7.89108643491645
27.208604302151077,-1.1968288008274142,7.88877471455192,7.888774714551917
27.22361180590295,-1.1989969416600261,7.886606573719305,7.886606573719305
27.23861930965483,-1.2010217270115637,7.884581788367766,7.884581788367767
27.253626813406704,-1.2029041922258719,7.88269932315346,7.882699323153459
27.26863431715858,-1.2046461616147193,7.880957353764615,7.880957353764612
27.283641820910457,-1.206250220606751,7.87935329477258,7.87935329477258
27.298649324662332,-1.2077196826735666,7.8778838327057645,7.8778838327057645
27.313656828414207,-1.2090585513612895,7.876544964018041,7.876544964018041
27.328664332166085,-1.210271477779054,7.875332037600278,7.875332037600277
27.34367183591796,-1.2113637139173477,7.874239801461982,7.874239801461983
27.358679339669834,-1.2123410621872996,7.873262453192033,7.873262453192032
27.373686843421712,-1.2132098215891094,7.872393693790227,7.8723936937902215
27.388694347173587,-1.2139767309312304,7.871626784448099,7.8716267844481
27.403701850925465,-1.214648909533897,7.870954605845432,7.870954605845434
27.41870935467734,-1.2152337958594226,7.870369719519911,7.870369719519909
27.433716858429214,-1.2157390845185307,7.869864430860804,7.8698644308608
27.448724362181093,-1.2161726621055604,7.869430853273775,7.869430853273771
27.463731865932967,-1.216542542317507,7.869060973061822,7.869060973061824
27.478739369684842,-1.2168568008102882,7.868746714569045,7.868746714569043
27.49374687343672,-1.2171235102426003,7.868480005136732,7.868480005136731
27.508754377188595,-1.217350675951502,7.8682528394278295,7.868252839427829
27.52376188094047,-1.2175461726954775,7.868057342683854,7.868057342683853
27.538769384692348,-1.2177176828904979,7.867885832488834,7.867885832488833
27.553776888444222,-1.2178726367508812,7.867730878628451,7.86773087862845
27.5687843921961,-1.2180181547322222,7.8675853606471104,7.867585360647109
27.583791895947975,-1.218160992655948,7.867442522723384,7.867442522723383
27.59879939969985,-1.2183074898758124,7.867296025503522,7.867296025503519
27.613806903451728,-1.2184635208256052,7.867139994553724,7.867139994553726
27.628814407203603,-1.218634450263686,7.866969065115645,7.866969065115645
27.643821910955477,-1.2188250925061328,7.866778422873202,7.866778422873198
27.658829414707355,-1.2190396749129615,7.866563840466369,7.86656384046637
27.67383691845923,-1.2192818058650214,7.866321709514313,7.86632170951431
27.688844422211105,-1.2195544474395805,7.866049067939754,7.86604906793975
27.703851925962983,-1.2198598929628621,7.8657436224164705,7.865743622416469
27.718859429714858,-1.2201997495865191,7.865403765792811,7.865403765792812
27.733866933466736,-1.2205749260031606,7.865028589376175,7.865028589376171
27.74887443721861,-1.2209856253836362,7.864617889995692,7.864617889995695
27.763881940970485,-1.2214313435853743,7.864172171793958,7.864172171793957
27.778889444722363,-1.2219108726482824,7.863692642731054,7.863692642731049
27.793896948474238,-1.2224223095607265,7.863181205818607,7.863181205818605
27.808904452226113,-1.2229630702448413,7.862640445134494,7.86264044513449
27.82391195597799,-1.2235299086771048,7.862073606702226,7.862073606702227
27.838919459729865,-1.2241189410273354,7.861484574351998,7.861484574351996
27.85392696348174,-1.2247256746667288,7.860877840712602,7.860877840712602
27.86893446723362,-1.225345041863842,7.860258473515491,7.860258473515489
27.883941970985493,-1.2259714379570401,7.859632077422291,7.859632077422291
27.89894947473737,-1.2265987637616045,7.859004751617724,7.859004751617727
27.913956978489246,-1.2272204719416084,7.858383043437728,7.858383043437723
27.92896448224112,-1.2278296170493894,7.857773898329945,7.857773898329942
27.943971985993,-1.2284189089093125,7.857184606470019,7.857184606470018
27.958979489744873,-1.228980768999244,7.856622746380084,7.856622746380087
27.973986993496748,-1.2295073894601498,7.856096125919183,7.856096125919182
27.988994497248626,-1.2299907943442696,7.855612721035061,7.855612721035062
28.0040020010005,-1.2304229026938929,7.855180612685442,7.855180612685438
28.019009504752376,-1.2307955930264998,7.854807922352832,7.8548079223528315
28.034017008504254,-1.231100768788216,7.854502746591116,7.854502746591115
28.04902451225613,-1.2313304243258012,7.854273091053533,7.85427309105353
28.064032016008007,-1.231476710918379,7.854126804460954,7.854126804460952
28.07903951975988,-1.2315320024031973,7.854071512976135,7.854071512976134
28.094047023511756,-1.2314889599258747,7.8541145554534575,7.854114555453457
28.109054527263634,-1.231340595343935,7.854262920035401,7.854262920035396
28.12406203101551,-1.2310803328135167,7.854523182565814,7.854523182565814
28.139069534767383,-1.2307020680931737,7.85490144728616,7.854901447286157
28.15407703851926,-1.230200225105112,7.85540329027422,7.855403290274219
28.169084542271136,-1.2295698093031149,7.856033706076223,7.856033706076216
28.18409204602301,-1.2288064574090234,7.856797057970309,7.856797057970308
28.19909954977489,-1.2279064830933364,7.85769703228599,7.857697032285994
28.214107053526764,-1.226866918193231,7.858736597186101,7.8587365971861
28.22911455727864,-1.2256855490807366,7.8599179662986,7.859917966298594
28.244122061030517,-1.224360947816262,7.861242567563068,7.861242567563069
28.25912956478239,-1.2228924977468447,7.862711017632488,7.862711017632487
28.27413706853427,-1.2212804132360262,7.864323102143308,7.864323102143305
28.289144572286144,-1.219525753241126,7.866077762138201,7.866077762138205
28.30415207603802,-1.217630428484606,7.867973086894726,7.867973086894725
28.319159579789897,-1.2155972020005077,7.870006313378825,7.870006313378823
28.33416708354177,-1.2134296828707605,7.872173832508571,7.872173832508571
28.349174587293646,-1.2111323130040081,7.8744712023753225,7.874471202375323
28.364182091045524,-1.208710346847068,7.876893168532267,7.876893168532263
28.3791895947974,-1.2061698239594656,7.87943369141987,7.879433691419866
28.394197098549274,-1.2035175344217035,7.88208598095763,7.882085980957628
28.409204602301152,-1.2007609770899912,7.884842538289337,7.88484253828934
28.424212106053027,-1.197908310752691,7.887695204626639,7.88769520462664
28.439219609804905,-1.1949682982865262,7.890635217092805,7.890635217092805
28.45422711355678,-1.191950243954577,7.893653271424753,7.893653271424754
28.469234617308654,-1.1888639240309515,7.896739591348385,7.896739591348379
28.484242121060532,-1.1857195109809064,7.899884004398429,7.899884004398425
28.499249624812407,-1.1825274914683985,7.90307602391093,7.903076023910932
28.51425712856428,-1.1792985785051693,7.906304936874164,7.906304936874162
28.52926463231616,-1.1760436180974094,7.909559897281921,7.909559897281921
28.544272136068034,-1.1727734907871747,7.912830024592156,7.912830024592156
28.55927963981991,-1.169499008524439,7.916104506854889,7.916104506854892
28.574287143571787,-1.1662308073442227,7.919372708035113,7.919372708035109
28.589294647323662,-1.1629792363593539,7.9226242790199795,7.922624279019978
28.60430215107554,-1.1597542436136299,7.925849271765703,7.925849271765701
28.619309654827415,-1.1565652593722902,7.929038256007042,7.929038256007041
28.63431715857929,-1.153421077456659,7.932182437922669,7.932182437922672
28.649324662331168,-1.1503297352569564,7.935273780122369,7.935273780122374
28.664332166083042,-1.1472983930815568,7.938305122297776,7.938305122297774
28.679339669834917,-1.144333213522668,7.941270301856665,7.9412703018566635
28.694347173586795,-1.14143924153675,7.944164273842584,7.944164273842581
28.70935467733867,-1.1386202859529067,7.946983229426426,7.946983229426424
28.724362181090545,-1.1358788031343232,7.949724712245008,7.949724712245008
28.739369684842423,-1.1332157835258525,7.95238773185348,7.952387731853479
28.754377188594297,-1.1306306418251357,7.954972873554194,7.954972873554196
28.769384692346176,-1.128121111515557,7.957482403863775,7.957482403863774
28.78439219609805,-1.1256831444958326,7.9599203708835,7.9599203708834985
28.799399699849925,-1.123310816534051,7.96229269884528,7.96229269884528
28.814407203601803,-1.120996239262811,7.964607276116519,7.96460727611652
28.829414707353678,-1.1187294794169713,7.966874035962361,7.96687403596236
28.844422211105552,-1.1164984859965332,7.969105029382798,7.969105029382797
28.85942971485743,-1.114289026013926,7.971314489365406,7.971314489365405
28.874437218609305,-1.1120846294579776,7.973518885921355,7.9735188859213535
28.88944472236118,-1.1098665440760525,7.975736971303281,7.975736971303279
28.904452226113058,-1.1076137005408484,7.977989814838484,7.977989814838483
28.919459729864933,-1.1053026885300061,7.980300826849324,7.980300826849325
28.93446723361681,-1.1029077442047124,7.982695771174618,7.982695771174619
28.949474737368686,-1.1004007495276222,7.985202765851709,7.985202765851708
28.96448224112056,-1.0977512438120924,7.987852271567236,7.987852271567238
28.97948974487244,-1.094926447842279,7.990677067537055,7.990677067537052
28.994497248624313,-1.0918913008491697,7.993712214530165,7.993712214530161
29.009504752376188,-1.088608510569926,7.996995004809407,7.996995004809405
29.024512256128066,-1.0850386165578776,8.000564898821453,8.000564898821453
29.03951975987994,-1.0811400668484457,8.004463448530888,8.004463448530885
29.054527263631815,-1.07686930802205,8.008734207357282,8.008734207357282
29.069534767383693,-1.072180888639305,8.013422626740027,8.013422626740025
29.084542271135568,-1.0670275759567442,8.018575939422579,8.018575939422586
29.099549774887446,-1.0613604857631893,8.02424302961614,8.02424302961614
29.11455727863932,-1.0551292251080682,8.030474290271265,8.030474290271263
29.129564782391196,-1.048282047623589,8.037321467755744,8.037321467755742
29.144572286143074,-1.0407660210739447,8.044837494305389,8.044837494305387
29.15957978989495,-1.0325272066954072,8.053076308683927,8.053076308683924
29.174587293646823,-1.023510849823031,8.062092665556294,8.0620926655563
29.1895947973987,-1.013661581232958,8.071941934146372,8.071941934146373
29.204602301150576,-1.002923628562879,8.082679886816457,8.082679886816452
29.21960980490245,-0.9912410371099906,8.094362478269348,8.09436247826934
29.23461730865433,-0.9785578992433134,8.107045616136016,8.107045616136018
29.249624812406203,-0.964818591608276,8.120784923771051,8.120784923771055
29.264632316158078,-0.9499680192445752,8.135635496134757,8.135635496134755
29.279639819909956,-0.9339518656851898,8.151651649694147,8.151651649694141
29.29464732366183,-0.9167168480545452,8.168886667324784,8.168886667324786
29.30965482741371,-0.8982109761372326,8.187392539242103,8.187392539242099
29.324662331165584,-0.8783838143473729,8.20721970103196,8.207219701031958
29.33966983491746,-0.857186745490531,8.228416769888803,8.2284167698888
29.354677338669337,-0.8345732351774156,8.251030280201917,8.251030280201915
29.36968484242121,-0.8104990957206486,8.275104419658676,8.275104419658682
29.384692346173086,-0.7849227483223824,8.300680767056953,8.30068076705695
29.399699849924964,-0.7578054823439987,8.327798033035338,8.327798033035332
29.41470735367684,-0.7291117104360193,8.356491804943309,8.356491804943312
29.429714857428714,-0.6988092183008046,8.386794297078534,8.386794297078527
29.44472236118059,-0.6668694078596116,8.418734107519715,8.41873410751972
29.459729864932466,-0.633267532601288,8.452335982778042,8.452335982778044
29.474737368684345,-0.5979829239008378,8.487620591478501,8.487620591478493
29.48974487243622,-0.560999207114197,8.52460430826513,8.524604308265134
29.504752376188094,-0.5223045062781201,8.563299009101216,8.563299009101211
29.519759879939972,-0.48189163627446135,8.603711879104871,8.60371187910487
29.534767383691847,-0.4397582813529927,8.645845234026337,8.64584523402634
29.54977488744372,-0.39590715894859557,8.689696356430733,8.689696356430735
29.5647823911956,-0.35034616777580513,8.735257347603522,8.735257347603525
29.579789894947474,-0.30308851923652286,8.78251499614281,8.782514996142808
29.59479739869935,-0.2541528512349746,8.831450664144363,8.831450664144356
29.609804902451227,-0.20356332355769186,8.882040191821636,8.88204019182164
29.6248124062031,-0.15134969404504145,8.934253821334286,8.93425382133429
29.63981990995498,-0.09754737485378766,8.988056140525545,8.988056140525543
29.654827413706855,-0.04219746818886858,9.04340604719046,9.043406047190462
29.66983491745873,0.014653219036212648,9.100256734415545,9.100256734415543
29.684842421210607,0.07295218206449772,9.158555697443823,9.158555697443829
29.699849924962482,0.1326412470509624,9.218244762430297,9.218244762430293
29.714857428714357,0.19365662198123787,9.279260137360572,9.279260137360568
29.729864932466235,0.2559289699305365,9.341532485309868,9.341532485309868
29.74487243621811,0.31938350474349725,9.40498702012283,9.404987020122828
29.759879939969984,0.38394010911600546,9.469543624495333,9.469543624495337
29.774887443721862,0.4495134749599361,9.535116990339265,9.535116990339267
29.789894947473737,0.51601326583064,9.60161678120997,9.601616781209971
29.804902451225615,0.5833443010957191,9.66894781647505,9.66894781647505
29.81990995497749,0.6514067614218487,9.737010276801175,9.737010276801179
29.834917458729365,0.7200964150567316,9.805699930436061,9.805699930436063
29.849924962481243,0.7893048642829684,9.874908379662303,9.8749083796623
29.864932466233117,0.8589198113232509,9.94452332670258,9.944523326702582
29.879939969984992,0.928825342881313,10.014428858260654,10.014428858260644
29.89494747373687,0.9989022324092387,10.084505747788562,10.084505747788569
29.909954977488745,1.0690282591028784,10.154631774482208,10.15463177448221
29.92496248124062,1.139078542541135,10.224682057920472,10.224682057920466
29.939969984992498,1.2089258918024344,10.29452940718177,10.294529407181766
29.954977488744372,1.2784411678151726,10.364044683194498,10.364044683194503
29.96998499249625,1.3474936576263967,10.433097173005732,10.433097173005727
29.984992496248125,1.4159514592059883,10.501554974585318,10.50155497458532
30.0,1.4836818753431238,10.569285390722449,10.569285390722454
