xi,signed_prime_symbol,positive_repaired_symbol
0.0,-19.548241294972396,5.9382365233033265e-15
0.030015007503751877,-19.398763983882617,0.14947731108981363
0.060030015007503754,-18.954052493490245,0.5941888014821479
0.09004502251125562,-18.225154161786733,1.3230871331856584
0.12006003001500751,-17.230105184095116,2.3181361108772873
0.1500750375187594,-15.993380183632667,3.5548611113397186
0.18009004502251125,-14.545148332291715,5.003092962680677
0.21010505252626313,-12.920361544074725,6.627879750897682
0.24012006003001501,-11.157705895348146,8.390535399624248
0.27013506753376687,-9.298451903332078,10.24978939164032
0.3001500750375188,-7.385242456722908,12.162998838249482
0.33016508254127064,-5.46085893123123,14.087382363741158
0.3601800900450225,-3.567006284759333,15.98123501021306
0.3901950975487744,-1.743156715832479,17.80508457913994
0.42021010505252626,-0.02548884527967145,19.522752449692685
0.4502251125562782,1.5540445406209713,21.10228583559338
0.48024012006003003,2.968492204126022,22.516733499098372
0.5102551275637819,4.196501632590872,23.744742927563298
0.5402701350675337,5.2227223617111,24.77096365668352
0.5702851425712857,6.038007238264534,25.586248533236922
0.6003001500750376,6.639410679492968,26.187651974465386
0.6303151575787894,7.029990129961013,26.57823142493337
0.6603301650825413,7.218423672870005,26.766664967842388
0.6903451725862931,7.218462874194549,26.76670416916691
0.720360180090045,7.04824520670256,26.596486501674878
0.750375187593797,6.7294946364223325,26.277735931394727
0.7803901950975488,6.286642019901208,25.83488331487364
0.8104052026013007,5.745898768737472,25.29414006370986
0.8404202101050525,5.134317751609362,24.682559046581776
0.8704352176088044,4.478874638214647,24.027115933187076
0.9004502251125563,3.805600908933514,23.353842203905884
0.9304652326163082,3.1387966695958776,22.687037964568287
0.9604802401200601,2.5003473741227187,22.0485886690951
0.9904952476238119,1.909163754264724,21.457405049237124
1.0205102551275638,1.3807588957210253,20.929000190693404
1.0505252626313157,0.9269707102431349,20.475212005215518
1.0805402701350675,0.5558322670711574,20.104073562043585
1.1105552776388194,0.2715867941972625,19.81982808916964
1.1405702851425714,0.07483885803004996,19.623080153002423
1.1705852926463232,-0.0371715244461406,19.511069770526277
1.2006003001500751,-0.07018912590749404,19.47805216906487
1.2306153076538269,-0.032478576179435406,19.515762718792974
1.2606303151575788,0.06570302175740253,19.613944316729842
1.2906453226613308,0.21267195598255395,19.760913250954943
1.3206603301650826,0.39589803552070907,19.944139330493115
1.3506753376688345,0.6025755034414387,20.150816798413803
1.3806903451725863,0.8201628879427781,20.36840418291513
1.4107053526763382,1.0368723835794016,20.58511367855178
1.44072036018009,1.2420924582780404,20.79033375325046
1.470735367683842,1.4267309948081413,20.97497228978052
1.500750375187594,1.583470226320178,21.13171152129257
1.5307653826913457,1.7069288355273602,21.25517013049972
1.5607803901950976,1.793730677766146,21.341971972738556
1.5907953976988494,1.8424834893534103,21.39072478432585
1.6208104052026013,1.8536744992978957,21.401915794270295
1.6508254127063533,1.8294929406367242,21.37773423560912
1.680840420210105,1.7735919496895813,21.321833244661978
1.710855427713857,1.6908041693423925,21.239045464314774
1.7408704352176088,1.5868264900358102,21.13506778500819
1.7708854427213607,1.467889756074258,21.01613105104666
1.8009004502251127,1.340428953777945,20.888670248750365
1.8309154577288644,1.2107684303078874,20.7590097252803
1.8609304652326164,1.084835142637424,20.633076437609812
1.8909454727363681,0.967910902163123,20.51615219713548
1.9209604802401201,0.86443217578304,20.412673470755436
1.950975487743872,0.7778433539992778,20.326084648971662
1.9809904952476238,0.7105066309084983,20.2587479258809
2.0110055027513756,0.6636688890891378,20.21191018406155
2.0410205102551275,0.6374833669657157,20.18572466193812
2.0710355177588795,0.6310815179234784,20.179322812895872
2.1010505252626315,0.6426884435831509,20.190929738555525
2.1310655327663834,0.6697736726238486,20.218014967596275
2.161080540270135,0.7092279133257682,20.257469208298218
2.191095547773887,0.7575557607433486,20.305797055715765
2.221110555277639,0.811074192212499,20.35931548718492
2.251125562781391,0.866107018664826,20.414348313637255
2.281140570285143,0.9191662336225909,20.467407528594983
2.3111555777888944,0.9671123579745041,20.51535365294688
2.3411705852926463,1.0072873429682376,20.555528637940633
2.3711855927963983,1.0376152817629862,20.58585657673537
2.4012006003001503,1.056668000434784,20.604909295407182
2.4312156078039022,1.0636944597323286,20.61193575470474
2.4612306153076537,1.0586147089388223,20.60685600391121
2.4912456228114057,1.0419808094128487,20.590222104385237
2.5212606303151577,1.0149086146164512,20.56314990958883
2.5512756378189096,0.9789854958978975,20.527226790870277
2.5812906453226616,0.936159994774508,20.484401289746863
2.611305652826413,0.8886199357456372,20.436861230718034
2.641320660330165,0.8386657390747498,20.38690703404714
2.671335667833917,0.7885855380392116,20.336826833011582
2.701350675337669,0.7405382534565332,20.288779548428945
2.731365682841421,0.6964500476775753,20.24469134264997
2.7613806903451725,0.6579286202667326,20.20616991523916
2.7913956978489245,0.6261986766766648,20.174439971649043
2.8214107053526765,0.6020606633832328,20.150301958355584
2.8514257128564284,0.5858735844269659,20.1341148793994
2.88144072036018,0.5775614602694031,20.125802755241796
2.911455727863932,0.5766418212433158,20.124883116215692
2.941470735367684,0.5822735985501902,20.130514893522548
2.971485742871436,0.5933209302598842,20.14156222523228
3.001500750375188,0.6084287714665332,20.15667006643894
3.0315157578789393,0.6261058077083188,20.1743471026807
3.0615307653826913,0.644810027206767,20.193051322179166
3.0915457728864433,0.663032405993655,20.21127370096605
3.1215607803901952,0.6793744842423086,20.227615779214727
3.151575787893947,0.6926161352028463,20.24085743017528
3.1815907953976987,0.7017705143830558,20.250011809355453
3.2116058029014507,0.7061239837273308,20.254365278699716
3.2416208104052027,0.7052596870240673,20.253500981996453
3.2716358179089546,0.6990643604159829,20.247305655388356
3.3016508254127066,0.6877188482961611,20.235960143268564
3.331665832916458,0.6716736157956821,20.219914910768047
3.36168084042021,0.6516112655121172,20.19985256048456
3.391695847923962,0.6283986461036429,20.176639941076047
3.421710855427714,0.6030315602273042,20.15127285519972
3.451725862931466,0.5765753245673891,20.124816619539803
3.4817408704352175,0.5501045004587812,20.098345795431214
3.5117558779389695,0.5246450043403588,20.07288629931277
3.5417708854427215,0.5011215362398111,20.049362831212214
3.5717858929464734,0.4803128527086373,20.028554147681003
3.6018009004502254,0.4628168854683003,20.011058180440713
3.631815907953977,0.44902710056734946,19.997268395539738
3.661830915457729,0.43912084001945595,19.987362134991837
3.691845922961481,0.43305972458158476,19.981301019553975
3.721860930465233,0.43060155749329343,19.97884285246571
3.7518759379689848,0.43132258688997765,19.979563881862354
3.7818909454727363,0.4346484872256015,19.982889782198068
3.8119059529764883,0.4398920298601338,19.988133324832546
3.8419209604802402,0.4462951459693194,19.99453644094171
3.871935967983992,0.45307295004895537,20.001314245021373
3.901950975487744,0.4594572911975621,20.007698586169948
3.9319659829914957,0.4647375267029306,20.01297882167533
3.9619809904952477,0.4682964563611404,20.016537751333537
3.9919959979989996,0.4696396989191085,20.017880993891506
4.022011005502751,0.4684172120448507,20.016658507017247
4.052026013006503,0.4644361290990536,20.012677424071484
4.082041020510255,0.45766458276302285,20.00590587773541
4.112056028014007,0.4482266800547472,19.996467975027162
4.142071035517759,0.4363892593815967,19.98463055435406
4.172086043021511,0.4225414744653705,19.970782769437765
4.202101050525263,0.40716859229388536,19.95540988726628
4.232116058029015,0.390821647307895,19.939062942280316
4.262131065532767,0.37408475161471305,19.922326046587095
4.292146073036518,0.35754191645727607,19.90578321142966
4.32216108054027,0.3417451943666519,19.889986489339034
4.352176088044022,0.32718581062387203,19.875427105596255
4.382191095547774,0.31426972789953295,19.8625110228719
4.412206103051526,0.3032987943251789,19.851540089297558
4.442221110555278,0.29445828098680316,19.84269957595916
4.47223611805903,0.28781124016055065,19.836052535132975
4.502251125562782,0.2832997316664285,19.831541026638803
4.532266133066534,0.28075259236767935,19.828993887340054
4.562281140570286,0.2798990826018977,19.8281403775743
4.592296148074037,0.28038745035306406,19.828628745325428
4.622311155577789,0.2818072232408036,19.83004851821322
4.652326163081541,0.28371388007645604,19.831955175048826
4.682341170585293,0.2856544737522559,19.833895768724645
4.712356178089045,0.287192777129658,19.835434072102057
4.742371185592797,0.2879326005840821,19.836173895556506
4.7723861930965485,0.28753807712061313,19.835779372093025
4.8024012006003005,0.2857499181376855,19.833991213110114
4.8324162081040525,0.282396896761848,19.830638191734245
4.8624312156078044,0.27740210092428924,19.825643395896698
4.8924462231115555,0.27078379854524093,19.819025093517652
4.9224612306153075,0.2626510556293379,19.810892350601726
4.9524762381190595,0.25319452869819575,19.801435823670644
4.982491245622811,0.2426731012333734,19.79091439620578
5.012506253126563,0.23139723733432163,19.779638532306738
5.042521260630315,0.2197100750896517,19.767951370062043
5.072536268134067,0.20796737092899326,19.75620866590139
5.102551275637819,0.19651743165154043,19.744758726623964
5.132566283141571,0.18568213361129934,19.733923428583704
5.162581290645323,0.1757400327359424,19.72398132770836
5.192596298149074,0.16691242176045176,19.715153716732868
5.222611305652826,0.15935300192208893,19.707594296894477
5.252626313156578,0.15314161700085852,19.70138291197325
5.28264132066033,0.14828226088054794,19.69652355585296
5.312656328164082,0.14470532916591222,19.692946624138266
5.342671335667834,0.14227385403054765,19.69051514900294
5.372686343171586,0.14079325168254914,19.68903454665497
5.402701350675338,0.14002393436419866,19.688265229336604
5.43271635817909,0.13969600230557036,19.687937297277983
5.462731365682842,0.13952514169635571,19.687766436668742
5.492746373186593,0.13922881594250905,19.68747011091492
5.522761380690345,0.13854184979824033,19.68678314477064
5.552776388194097,0.13723056717723195,19.685471862149637
5.582791395697849,0.13510474872275416,19.68334604369512
5.612806403201601,0.1320268174754804,19.680268112447884
5.642821410705353,0.12791783133687984,19.676159126309294
5.672836418209105,0.12276004933513,19.67100134430756
5.702851425712857,0.11659603413122513,19.66483732910367
5.732866433216609,0.10952444485672239,19.657765739829095
5.76288144072036,0.10169285187867178,19.649934146851034
5.792896448224112,0.0932880591426582,19.64152935411503
5.822911455727864,0.08452454260347371,19.632765837575892
5.852926463231616,0.07563169909330802,19.6238729940657
5.882941470735368,0.06684064516893634,19.61508194014132
5.91295647823912,0.058371308716717,19.606612603689044
5.942971485742872,0.05042051840331327,19.5986618133757
5.972986493246624,0.043151720676846736,19.591393015649274
6.003001500750376,0.03668684615433377,19.58492814112673
6.033016508254128,0.031100713715652165,19.579342008688045
6.063031515757879,0.026418209514388415,19.574659504486785
6.093046523261631,0.02261431820247377,19.570855613174864
6.123061530765383,0.01961692397992182,19.56785821895236
6.153076538269135,0.017312148391250424,19.56555344336364
6.1830915457728866,0.015551858131325662,19.563793153103656
6.2131065532766385,0.014162866376196253,19.562404161348585
6.2431215607803905,0.012957270700811367,19.56119856567322
6.2731365682841425,0.011743323113108722,19.559984618085515
6.303151575787894,0.01033621484580448,19.558577509818193
6.333166583291646,0.008568180077690673,19.556809475050088
6.3631815907953975,0.006297376593710122,19.55453867156607
6.393196598299149,0.0034150837089220454,19.551656378681326
6.423211605802901,-0.00014913671875960375,19.54809215825362
6.453226613306653,-0.004424548106755463,19.543816746865637
6.483241620810405,-0.009398715886634906,19.538842579085735
6.513256628314157,-0.015019319369423158,19.53322197560301
6.543271635817909,-0.02119813644225291,19.527043158530144
6.573286643321661,-0.027816922632344934,19.520424372340077
6.603301650825413,-0.034734808327031526,19.513506486645333
6.633316658329165,-0.04179676353267752,19.506444531439723
6.663331665832916,-0.04884263199880677,19.499398662973583
6.693346673336668,-0.05571621776561591,19.492525077206757
6.72336168084042,-0.06227391751743085,19.485967377454983
6.753376688344172,-0.06839243023408749,19.47984886473831
6.783391695847924,-0.07397513872007937,19.47426615625235
6.813406703351676,-0.07895684154442986,19.469284453427978
6.843421710855428,-0.08330661358046383,19.46493468139195
6.87343671835918,-0.087028682793932,19.46121261217847
6.903451725862932,-0.09016132389485068,19.45807997107752
6.933466733366684,-0.09277387960897679,19.45546741536341
6.963481740870435,-0.09496212161572455,19.453279173356712
6.993496748374187,-0.09684225025308962,19.45139904471933
7.023511755877939,-0.09854390043592651,19.44969739453648
7.053526763381691,-0.10020256754234087,19.448038727430067
7.083541770885443,-0.10195188926220687,19.446289405710175
7.113556778389195,-0.10391621691764916,19.444325078054714
7.143571785892947,-0.10620388328770322,19.44203741168469
7.173586793396699,-0.10890152553318543,19.439339769439215
7.203601800900451,-0.11206975462797668,19.436171540344397
7.233616808404203,-0.1157403809221681,19.432500914050188
7.263631815907954,-0.11991531396494491,19.42832598100747
7.293646823411706,-0.12456715879742437,19.42367413617497
7.323661830915458,-0.12964143600666364,19.418599858965734
7.35367683841921,-0.13506026414892777,19.41318103082348
7.383691845922962,-0.14072726547602643,19.40751402949643
7.413706853426714,-0.14653339328605,19.4017079016863
7.443721860930466,-0.15236333479704384,19.39587796017536
7.473736868434218,-0.1581021192586804,19.390139175713706
7.5037518759379696,-0.1636415579558826,19.38459973701653
7.5337668834417215,-0.16888616051382604,19.37935513445857
7.563781890945473,-0.1737582090335255,19.374483085938852
7.593796898449225,-0.17820172558071135,19.370039569391636
7.6238119059529765,-0.18218513604700742,19.366056158925424
7.6538269134567285,-0.185702510358333,19.362538784614063
7.6838419209604805,-0.18877334094307147,19.35946795402933
7.713856928464232,-0.19144090363554295,19.35680039133686
7.743871935967984,-0.1937693232073832,19.354471971765008
7.773886943471736,-0.19583953525234152,19.35240175972005
7.803901950975488,-0.19774439352411924,19.350496901448277
7.833916958479239,-0.19958321411840746,19.348658080853994
7.863931965982991,-0.2014560730754939,19.34678522189693
7.893946973486743,-0.20345818102495838,19.344783113947432
7.923961980990495,-0.20567464739268637,19.342566647579723
7.953976988494247,-0.20817591844167896,19.340065376530717
7.983991995997999,-0.21101412995034127,19.33722716502207
8.014007003501751,-0.21422055937565448,19.33402073559676
8.044022011005502,-0.21780429726996023,19.33043699770241
8.074037018509255,-0.22175218732011667,19.326489107652236
8.104052026013006,-0.22603001267377207,19.32221128229863
8.134067033516759,-0.2305848372164989,19.317656457755913
8.16408204102051,-0.23534834794025292,19.312892947032157
8.194097048524263,-0.2402409918368659,19.308000303135476
8.224112056028014,-0.2451766605872241,19.30306463438515
8.254127063531767,-0.25006765067470993,19.2981736442977
8.284142071035518,-0.2548296165628752,19.293411678409544
8.314157078539269,-0.25938624048539694,19.288855054486945
8.344172086043022,-0.26367336355901383,19.28456793141338
8.374187093546773,-0.2676423578725707,19.280598937099818
8.404202101050526,-0.2712625657196637,19.276978729252722
8.434217108554277,-0.2745226874221902,19.273718607550194
8.46423211605803,-0.2774310600021354,19.270810234970266
8.494247123561781,-0.28001483181917747,19.268226463153223
8.524262131065534,-0.28231809967705024,19.26592319529532
8.554277138569285,-0.284399131436538,19.263842163535827
8.584292146073036,-0.28632684581486306,19.261914449157498
8.614307153576789,-0.28817675925220965,19.260064535720165
8.64432216108054,-0.29002663556508235,19.25821465940734
8.674337168584293,-0.29195208638109016,19.256289208591284
8.704352176088044,-0.29402236863208076,19.254218926340304
8.734367183591797,-0.29629661002514696,19.251944684947212
8.764382191095548,-0.298820665514231,19.249420629458132
8.7943971985993,-0.30162476913160935,19.246616525840796
8.824412206103052,-0.30472209844424425,19.243519196528123
8.854427213606805,-0.30810831613188944,19.240132978840514
8.884442221110556,-0.31176209776433655,19.236479197208045
8.914457228614307,-0.31564659989607263,19.232594695076315
8.94447223611806,-0.3197117711295987,19.22852952384279
8.97448724362181,-0.32389736360750404,19.224343931364913
9.004502251125563,-0.32813646586702794,19.220104829105345
9.034517258629315,-0.33235935199653194,19.215881942975894
9.064532266133067,-0.33649742782631903,19.21174386714608
9.094547273636818,-0.3404870530496952,19.207754241922725
9.124562281140571,-0.34427302859505116,19.203968266377387
9.154577288644322,-0.34781156047519557,19.200429734497185
9.184592296148073,-0.35107254332578725,19.197168751646586
9.214607303651826,-0.3540410469797921,19.194200247992605
9.244622311155577,-0.35671793536452845,19.191523359607856
9.27463731865933,-0.3591195961259929,19.18912169884642
9.304652326163081,-0.36127680892712893,19.186964486045298
9.334667333666834,-0.3632328275997403,19.185008467372658
9.364682341170585,-0.3650407936929071,19.183200501279494
9.394697348674338,-0.36676063420344074,19.18148066076895
9.42471235617809,-0.36845562257160547,19.179785672400754
9.454727363681842,-0.37018879807429506,19.17805249689804
9.484742371185593,-0.37201944382461244,19.176221851147762
9.514757378689344,-0.37399981758296486,19.17424147738944
9.544772386193097,-0.37617231299515624,19.172068981977237
9.574787393696848,-0.37856720276635397,19.16967409220605
9.604802401200601,-0.38120108122604024,19.16704021374634
9.634817408704352,-0.3840760837163015,19.164165211256076
9.664832416208105,-0.3871799165186285,19.16106137845374
9.694847423711856,-0.3904866860616559,19.15775460891076
9.724862431215609,-0.3939584723948396,19.15428282257751
9.75487743871936,-0.3975475517386294,19.15069374323376
9.784892446223111,-0.4011991384665367,19.14704215650589
9.814907453726864,-0.404854489934291,19.1433868050381
9.844922461230615,-0.4084541995070697,19.13978709546532
9.874937468734368,-0.4119414948083602,19.136299800164053
9.904952476238119,-0.41526535994555813,19.132975935026835
9.934967483741872,-0.41838331203187185,19.129857982940567
9.964982491245623,-0.4212636829686582,19.12697761200376
9.994997498749376,-0.4238872859453103,19.12435400902712
10.025012506253127,-0.4262483808187857,19.121992914153626
10.055027513756878,-0.42835489150437595,19.11988640346802
10.08504252126063,-0.43022786959330805,19.118013425379058
10.115057528764382,-0.43190023937813915,19.116341055594226
10.145072536268135,-0.43341489811504263,19.114826396857364
10.175087543771886,-0.43482227963970177,19.1134190153327
10.205102551275639,-0.43617751759381834,19.112063777378562
10.23511755877939,-0.43753736507826657,19.110703929894147
10.265132566283143,-0.43895703951203574,19.10928425546034
10.295147573786894,-0.44048716429760815,19.1077541306748
10.325162581290646,-0.4421709725199619,19.106070322452418
10.355177588794398,-0.4440419227673054,19.104199372205077
10.385192596298149,-0.4461218541478771,19.102119440824527
10.415207603801901,-0.4484197779789392,19.09982151699346
10.445222611305653,-0.45093136906505793,19.097309925907293
10.475237618809405,-0.45363918182645535,19.09460211314596
10.505252626313156,-0.45651357778940105,19.091727717182987
10.53526763381691,-0.4595143131483461,19.088726981824063
10.56528264132066,-0.4625927002223141,19.085648594750054
10.595297648824413,-0.46569422645279057,19.08254706851961
10.625312656328164,-0.46876149065970707,19.079479804312722
10.655327663831915,-0.4717372997853421,19.076503995187036
10.685342671335668,-0.47456776111402377,19.073673533858404
10.71535767883942,-0.4772052053320539,19.071036089640387
10.745372686343172,-0.47961078471767477,19.068630510254657
10.775387693846923,-0.48175660771799306,19.066484687254377
10.805402701350676,-0.4836272952730597,19.06461399969933
10.835417708854427,-0.48522087422300947,19.06302042074938
10.86543271635818,-0.4865489574365528,19.06169233753583
10.895447723861931,-0.48763619717538803,19.060605097796994
10.925462731365684,-0.48851903579064015,19.059722259181775
10.955477738869435,-0.4892438142432362,19.05899748072916
10.985492746373186,-0.4898643323294497,19.058376962642935
11.015507753876939,-0.4904389832138426,19.05780231175851
11.04552276138069,-0.4910276075003692,19.057213687471986
11.075537768884443,-0.49168822748855223,19.056553067483858
11.105552776388194,-0.4924738297015716,19.055767465270826
11.135567783891947,-0.4934293628596966,19.05481193211273
11.165582791395698,-0.49458910923403915,19.05365218573836
11.19559779889945,-0.49597457017709323,19.052266724795306
11.225612806403202,-0.49759298238780153,19.050648312584617
11.255627813906953,-0.4994365512684676,19.048804743703887
11.285642821410706,-0.5014824529824444,19.046758841989952
11.315657828914457,-0.5036936191583693,19.04454767581404
11.34567283641821,-0.5060202793755182,19.04222101559687
11.37568784392196,-0.5084021984332248,19.039839096539176
11.405702851425714,-0.5107715097562177,19.037469785216135
11.435717858929465,-0.5130560148142185,19.035185280158203
11.465732866433218,-0.5151827926546234,19.033058502317783
11.495747873936969,-0.5170819448330743,19.031159350139298
11.52576288144072,-0.5186902901460747,19.029551004826338
11.555777888944473,-0.5199548212498238,19.028286473722588
11.585792896448224,-0.520835741741279,19.027405553231127
11.615807903951977,-0.52130891745402,19.026932377518392
11.645822911455728,-0.521367599069245,19.02687369590311
11.67583791895948,-0.5210233037914005,19.027217991181036
11.705852926463232,-0.5203057805837907,19.027935514388588
11.735867933966984,-0.5192620248193986,19.028979270153016
11.765882941470736,-0.5179543524624938,19.0302869425099
11.795897948974488,-0.5164575891853904,19.03178370578704
11.82591295647824,-0.5148554741809072,19.033385820791466
11.85592796398199,-0.5132364198810259,19.035004875091374
11.885942971485743,-0.5116888054280856,19.036552489544334
11.915957978989494,-0.5102960117996895,19.037945283172693
11.945972986493247,-0.5091314284107602,19.039109866561642
11.975987993996998,-0.5082536735323611,19.039987621440062
12.006003001500751,-0.5077022730427289,19.04053902192967
12.036018009004502,-0.5074940333103488,19.040747261662062
12.066033016508255,-0.5076203242696323,19.040620970702758
12.096048024012006,-0.508045458294469,19.040195836677924
12.126063031515757,-0.5087063100543817,19.039534984918014
12.15607803901951,-0.5095132733408952,19.038728021631503
12.186093046523261,-0.5103525944728817,19.03788870049951
12.216108054027014,-0.5110900602936322,19.037151234678763
12.246123061530765,-0.5115759542350494,19.036665340737336
12.276138069034518,-0.5116511289608858,19.03659016601152
12.30615307653827,-0.5111539813864788,19.037087313585904
12.336168084042022,-0.509928058146313,19.038313236826113
12.366183091545773,-0.5078299695473425,19.040411325425044
12.396198099049526,-0.5047372502694295,19.04350404470296
12.426213106553277,-0.5005557778723504,19.047685517100014
12.456228114057028,-0.49522634750924316,19.053014947463204
12.486243121560781,-0.48873000464885946,19.05951129032353
12.516258129064532,-0.4810917580615427,19.06714953691085
12.546273136568285,-0.472382333204585,19.07585896176779
12.576288144072036,-0.46271768117305967,19.08552361379936
12.606303151575789,-0.4522560295887649,19.095985265383632
12.63631815907954,-0.44119234750657604,19.10704894746585
12.666333166583293,-0.42975019426790867,19.11849110070449
12.696348174087044,-0.41817102922751065,19.130070265744898
12.726363181590795,-0.40670117186156346,19.141540123110833
12.756378189094548,-0.39557671590842697,19.15266457906397
12.786393196598299,-0.38500681253274294,19.163234482439677
12.816408204102052,-0.37515584148476955,19.173085453487605
12.846423211605803,-0.3661250812675345,19.18211621370485
12.876438219109556,-0.35793456499084136,19.190306729981547
12.906453226613307,-0.35050586378520726,19.197735431187187
12.93646823411706,-0.3436465707832416,19.204594724189132
12.96648324162081,-0.33703726285348906,19.21120403211891
12.996498249124564,-0.3302216924381067,19.21801960253425
13.026513256628315,-0.32260090692593196,19.22564038804643
13.056528264132066,-0.3134319079928802,19.234809386979553
13.086543271635819,-0.3018313494168108,19.2464099455556
13.11655827913957,-0.2867846313528917,19.261456663619505
13.146573286643322,-0.26716058542130955,19.281080709551098
13.176588294147074,-0.24173176278158018,19.306509532190834
13.206603301650826,-0.2092001421908037,19.339041152781583
13.236618309154577,-0.1682278732264853,19.380013421745893
13.26663331665833,-0.11747246837150037,19.43076882660089
13.296648324162081,-0.055625663863524494,19.492615631108837
13.326663331665833,0.018545009423565656,19.56678630439595
13.356678339169585,0.10615305996568836,19.654394354938084
13.386693346673336,0.20814951618265126,19.756390811155036
13.41670835417709,0.3252803867766219,19.873521681749015
13.44672336168084,0.45804648478685384,20.006287779759223
13.476738369184593,0.6066670057422593,20.15490830071465
13.506753376688344,0.7710482098634498,20.319289504835854
13.536768384192097,0.9507584701934145,20.49899976516583
13.566783391695848,1.1450108137231114,20.693252108695496
13.5967983991996,1.3526539036772347,20.900895198649636
13.626813406703352,1.572172192499228,21.120413487471623
13.656828414207103,1.8016957227071544,21.349937017679547
13.686843421710856,2.0390197741173757,21.587261069089756
13.716858429214607,2.2816342596091186,21.829875554581523
13.74687343671836,2.526762467232689,22.075003762205043
13.776888444222111,2.77140844425502,22.31964973922741
13.806903451725864,3.0124120291558287,22.56065332412823
13.836918459229615,3.2465102709532565,22.79475156592568
13.866933466733368,3.470403741356878,23.01864503632928
13.896948474237119,3.6808260530061547,23.229067347978564
13.92696348174087,3.8746147540906093,23.422856049063
13.956978489244623,4.048781682017854,23.597022976990257
13.986993496748374,4.200580830717541,23.74882212568992
14.017008504252127,4.327571819825481,23.87581311479788
14.047023511755878,4.427677149412507,23.97591844438492
14.07703851925963,4.49923157893521,24.047472873907598
14.107053526763382,4.541022179370166,24.089263474342587
14.137068534267135,4.552317866696667,24.100559161669075
14.167083541770886,4.532887524846154,24.08112881981853
14.197098549274637,4.483006157227938,24.031247452200308
14.22711355677839,4.403448857063738,23.951690152036143
14.25712856428214,4.295472746303984,23.84371404127639
14.287143571785894,4.160787388769227,23.709028683741607
14.317158579289645,4.001514523339183,23.549755818311617
14.347173586793398,3.8201382759968117,23.368379570969168
14.377188594297149,3.6194472847619763,23.16768857973439
14.407203601800902,3.402470399800373,22.950711694772785
14.437218609304653,3.172407794726578,22.720649089698956
14.467233616808405,2.9325594387577216,22.480800733730142
14.497248624312157,2.6862529295079693,22.234494224480372
14.527263631815908,2.4367726717127844,21.985013966685163
14.55727863931966,2.1872923092321264,21.735533604204544
14.587293646823412,1.9408121797480358,21.489053474720418
14.617308654327164,1.700103369207448,21.248344664179832
14.647323661830915,1.4676597037119694,21.015900998684344
14.677338669334668,1.245658739251653,20.793900034224066
14.70735367683842,1.0359325046848606,20.584173799657247
14.737368684342172,0.8399484317610435,20.38818972673343
14.767383691845923,0.6588005792573646,20.207041874229795
14.797398699349674,0.4932109378862666,20.04145223285864
14.827413706853427,0.3435402994980626,19.89178159447043
14.857428714357178,0.20980789832729696,19.758049193299694
14.887443721860931,0.09171879244929994,19.639960087421734
14.917458729364682,-0.011302242501914389,19.53693905247046
14.947473736868435,-0.10007168247727466,19.448169612495093
14.977488744372186,-0.17560455686411358,19.37263673810827
15.007503751875939,-0.23906959370835984,19.30917170126405
15.03751875937969,-0.29174370647429443,19.256497588498092
15.067533766883443,-0.33496725726615956,19.213274037706224
15.097548774387194,-0.37010142182505545,19.178139873147334
15.127563781890945,-0.3984888316017913,19.149752463370557
15.157578789394698,-0.42141848505779844,19.126822809914632
15.18759379689845,-0.44009571230414885,19.10814558266827
15.217608804402202,-0.4556177531076051,19.092623541864782
15.247623811905953,-0.46895527727114467,19.07928601770126
15.277638819409706,-0.48093994740351653,19.067301347568865
15.307653826913457,-0.49225790561653177,19.05598338935586
15.33766883441721,-0.5034488654159657,19.044792429556427
15.367683841920961,-0.5149103145877434,19.033330980384658
15.397698849424712,-0.5269061895323078,19.021335105440077
15.427713856928465,-0.5395792701106193,19.00866202486177
15.457728864432216,-0.5529664689283241,18.995274826044025
15.487743871935969,-0.5670161508167748,18.981225144155655
15.51775887943972,-0.581606616256436,18.96663467871596
15.547773886943473,-0.5965649143891854,18.951676380583187
15.577788894447224,-0.6116852135831491,18.936556081389252
15.607803901950977,-0.6267460456938495,18.921495249278546
15.637818909454728,-0.6415258488548127,18.906715446117563
15.667833916958479,-0.6558163569383036,18.892424938034104
15.697848924462232,-0.6694335156072528,18.878807779365186
15.727863931965983,-0.6822257390127051,18.866015555959677
15.757878939469736,-0.6940794518416911,18.854161843130733
15.787893946973487,-0.704921983282015,18.843319311690387
15.81790895447724,-0.7147219879619473,18.8335193070104
15.84792396198099,-0.7234876603534418,18.824753634618997
15.877938969484743,-0.7312630808057998,18.816978214166593
15.907953976988495,-0.7381230816726362,18.810118213299727
15.937968984492247,-0.744167050347503,18.8040742446249
15.967983991995998,-0.7495120929024155,18.79872920206996
15.99799899949975,-0.7542859688413776,18.79395532613101
16.028014007003502,-0.7586201764713751,18.789621118501042
16.058029014507255,-0.7626435224517175,18.78559777252066
16.088044022011005,-0.7664764515909989,18.78176484338142
16.118059029514757,-0.7702263475954977,18.77801494737693
16.14807403701851,-0.7739839460099798,18.7742573489624
16.178089044522263,-0.7778209307205213,18.770420364251848
16.208104052026012,-0.7817887185405029,18.766452576431902
16.238119059529765,-0.7859183755966137,18.76232291937577
16.268134067033518,-0.7902215569643671,18.758019738008038
16.298149074537267,-0.7946923191505771,18.753548975821793
16.32816408204102,-0.7993096247924443,18.74893167017996
16.358179089544773,-0.8040403408695428,18.74420095410285
16.388194097048526,-0.8088425256734328,18.739398769298962
16.418209104552275,-0.8136688050102528,18.73457248996213
16.448224112056028,-0.8184696533582447,18.729771641614153
16.47823911955978,-0.8231964192752093,18.7250448756972
16.508254127063534,-0.8278039642530595,18.720437330719314
16.538269134567283,-0.8322528182784109,18.715988476693994
16.568284142071036,-0.8365107913544745,18.71173050361789
16.59829914957479,-0.8405540160245107,18.707687278947905
16.628314157078538,-0.8443674295493476,18.70387386542304
16.65832916458229,-0.8479447341486839,18.70029656082369
16.688344172086044,-0.8512878982907096,18.696953396681675
16.718359179589797,-0.8544062804829475,18.693835014489448
16.748374187093546,-0.857315468878953,18.690925826093444
16.7783891945973,-0.8600359351976039,18.68820535977477
16.808404202101052,-0.8625916002786194,18.685649694693765
16.838419209604805,-0.8650084017449668,18.683232893227444
16.868434217108554,-0.8673129426741258,18.6809283522983
16.898449224612307,-0.8695312850673105,18.678710009905128
16.92846423211606,-0.8716879345451912,18.676553360427206
16.95847923961981,-0.8738050444232744,18.67443625054914
16.988494247123562,-0.8759018494127622,18.67233944555968
17.018509254627315,-0.8779943228112629,18.67024697216117
17.048524262131068,-0.8800950371570501,18.668146257815376
17.078539269634817,-0.8822131976449925,18.666028097327377
17.10855427713857,-0.8843548105899779,18.66388648438239
17.138569284642323,-0.8865229460378818,18.66171834893453
17.168584292146072,-0.8887180541422833,18.6595232408301
17.198599299649825,-0.8909382987689232,18.657302996203445
17.228614307153578,-0.8931798783597465,18.65506141661267
17.25862931465733,-0.8954373126171876,18.652803982355216
17.28864432216108,-0.8977036831847395,18.650537611787676
17.318659329664833,-0.8999708262880204,18.64827046868442
17.348674337168585,-0.902229484376441,18.64601181059596
17.37868934467234,-0.9044694313707982,18.643771863601593
17.408704352176088,-0.9066795915290426,18.641561703443344
17.43871935967984,-0.9088481747272243,18.63939312024518
17.468734367183593,-0.9109628508779413,18.637278444094452
17.498749374687343,-0.9130109832698499,18.635230311702546
17.528764382191095,-0.9149799350391319,18.63326135993328
17.55877938969485,-0.9168574552271551,18.63138383974529
17.5887943971986,-0.9186321415700999,18.62960915340229
17.61880940470235,-0.9202939670792661,18.62794732789311
17.648824412206103,-0.9218348474649007,18.626406447507485
17.678839419709856,-0.923249217411025,18.624992077561355
17.70885442721361,-0.9245345764677911,18.623706718504604
17.73886943471736,-0.9256919606305668,18.622549334341787
17.76888444222111,-0.9267262941025597,18.62151500086987
17.798899449724864,-0.9276465776682346,18.620594717304193
17.828914457228613,-0.9284658756765336,18.619775419295856
17.858929464732366,-0.929201072726381,18.61904022224603
17.88894447223612,-0.9298723833824807,18.61836891158996
17.918959479739872,-0.9305026130035409,18.617738681968863
17.94897448724362,-0.9311161841952362,18.61712511077715
17.978989494747374,-0.9317379605011424,18.616503334471258
18.009004502251127,-0.9323919155965774,18.615849379375877
18.039019509754876,-0.9330997112923519,18.615141583680035
18.06903451725863,-0.9338792599598814,18.614362035012515
18.099049524762382,-0.9347433555305862,18.613497939441842
18.129064532266135,-0.9356984611531615,18.612542833819255
18.159079539769884,-0.9367437403038399,18.611497554668524
18.189094547273637,-0.9378704113165033,18.610370883655854
18.21910955477739,-0.9390614929387482,18.60917980203359
18.249124562281143,-0.9402919909753217,18.60794930399713
18.279139569784892,-0.9415295540414276,18.606711740931
18.309154577288645,-0.9427356009241343,18.605505694048308
18.339169584792398,-0.9438668943228051,18.60437440064958
18.369184592296147,-0.9448775073091094,18.603363787663262
18.3991995997999,-0.9457211013497767,18.60252019362263
18.429214607303653,-0.9463534098595118,18.601887885112937
18.459229614807406,-0.9467348006417617,18.601506494330632
18.489244622311155,-0.9468327757329587,18.601408519239445
18.519259629814908,-0.9466242593590283,18.60161703561331
18.54927463731866,-0.9460975248877422,18.602143770084687
18.579289644822413,-0.9452536203702524,18.602987674602105
18.609304652326163,-0.9441071696167884,18.60413412535562
18.639319659829916,-0.9426864513760035,18.605554843596416
18.66933466733367,-0.9410326922284854,18.607208602743942
18.699349674837418,-0.9391985479421547,18.609042747030223
18.72936468234117,-0.9372457915298228,18.610995503442563
18.759379689844923,-0.9352422720051505,18.612999022967255
18.789394697348676,-0.933258253502795,18.614983041469614
18.819409704852426,-0.9313622875163686,18.61687900745605
18.84942471235618,-0.9296168089929028,18.618624485979492
18.87943971985993,-0.9280736774958847,18.620167617476543
18.909454727363684,-0.9267699054407269,18.621471389531685
18.939469734867433,-0.9257238247173964,18.62251747025497
18.969484742371186,-0.9249319395274535,18.623309355444906
18.99949974987494,-0.9243666962398381,18.623874598732563
19.02951475737869,-0.9239753704236581,18.624265924548762
19.05952976488244,-0.923680227549932,18.62456106742245
19.089544772386194,-0.9233800584762459,18.624861236496148
19.119559779889947,-0.922953125717923,18.625288169254492
19.149574787393696,-0.9222614842661648,18.625979810706205
19.17958979489745,-0.9211565644611712,18.627084730511218
19.209604802401202,-0.9194858276850147,18.628755467287387
19.23961980990495,-0.9171002321824713,18.631141062789926
19.269634817408704,-0.9138621800002696,18.634379114972123
19.299649824912457,-0.9096535606186648,18.638587734353713
19.32966483241621,-0.9043834658072409,18.643857829165135
19.35967983991996,-0.8979951265861892,18.650246168386207
19.389694847423712,-0.89047161929826,18.657769675674142
19.419709854927465,-0.8818399053058136,18.6664013896666
19.449724862431218,-0.8721728084398047,18.676068486532618
19.479739869934967,-0.8615885957889193,18.686652699183487
19.50975487743872,-0.850247909460147,18.69799338551227
19.539769884942473,-0.8383478972920788,18.709893397680325
19.569784892446222,-0.8261135059224602,18.722127789049942
19.599799899949975,-0.8137860260072439,18.73445526896514
19.629814907453728,-0.8016091119310736,18.746632183041346
19.65982991495748,-0.7898126316686692,18.758428663303732
19.68984492246123,-0.7785948308327202,18.769646464139697
19.719859929964983,-0.7681034125525462,18.780137882419854
19.749874937468736,-0.7584162359734373,18.789825058998947
19.77988994497249,-0.7495224155443272,18.798718879428083
19.809904952476238,-0.7413046561915853,18.8069366387808
19.83991995997999,-0.7335236821353746,18.814717612836983
19.869934967483744,-0.7258056067226633,18.822435688249733
19.899949974987493,-0.7176330456742092,18.830608249298127
19.929964982491246,-0.7083406963473021,18.839900598625114
19.959979989995,-0.6971159921807052,18.851125302791694
19.98999499749875,-0.6830052969948258,18.865235997977592
20.0200100050025,-0.6649259322121651,18.883315362760236
20.050025012506254,-0.6416841365402395,18.906557158432168
20.080040020010006,-0.6119988485105724,18.93624244646184
20.110055027513756,-0.5745309846736689,18.973710310298692
20.14007003501751,-0.5279176680164777,19.02032362695588
20.17008504252126,-0.4708106504581283,19.077430644514276
20.200100050025014,-0.4019179782833265,19.146323316689095
20.230115057528764,-0.32004777801729817,19.22819351695509
20.260130065032516,-0.2241528998512659,19.32408839512113
20.29014507253627,-0.1133750527322588,19.434866242240098
20.320160080040022,0.012912995106955252,19.561154290079354
20.35017508754377,0.15506859021458638,19.703309885186965
20.380190095047524,0.3131451476406545,19.861386442613085
20.410205102551277,0.48686420503957634,20.03510550001196
20.440220110055026,0.6755947654336841,20.22383606040612
20.47023511755878,0.8783409393603537,20.42658223433271
20.500250125062532,1.093738679184968,20.641979974157383
20.530265132566285,1.3200621463423974,20.868303441314794
20.560280140070034,1.5552399738461828,21.103481268818584
20.590295147573787,1.7968813903877656,21.345122685360167
20.62031015507754,2.0423118683637833,21.590553163336182
20.650325162581293,2.2886176563393605,21.836858951311765
20.680340170085042,2.5326982670237577,22.080939561996136
20.710355177588795,2.7713257248140835,22.31956701978648
20.740370185092548,3.001209141754147,22.54945043672656
20.770385192596297,3.219062995815967,22.76730429078836
20.80040020010005,3.421677337925964,22.96991863289833
20.830415207603803,3.6059880597779794,23.15422935475036
20.860430215107556,3.7691453170987073,23.317386612071104
20.890445222611305,3.9085782246345953,23.456819519606995
20.920460230115058,4.022054019708989,23.570295314681413
20.95047523761881,4.107730028721007,23.655971323693386
20.980490245122564,4.164196961450075,23.71243825642246
21.010505252626313,4.190512295687639,23.738753590660046
21.040520260130066,4.186222792110544,23.73446408708298
21.07053526763382,4.151375487637033,23.699616782609397
21.100550275137568,4.086516844893272,23.634758139865653
21.13056528264132,3.992680075270497,23.540921370242902
21.160580290145074,3.871360992418593,23.419602287390955
21.190595297648827,3.724483080972774,23.272724375945195
21.220610305152576,3.5543527713249663,23.102594066297364
21.25062531265633,3.36360618557441,22.91184748054676
21.28064032016008,3.155148853775138,22.703390148747552
21.31065532766383,2.932090085979512,22.4803313809519
21.340670335167584,2.6976738187493963,22.245915113721775
21.370685342671337,2.455207830967725,22.003449125940133
21.40070035017509,2.207993241077282,21.756234536049686
21.43071535767884,1.959256156430497,21.507497451402905
21.46073036518259,1.7120832473338816,21.26032454230631
21.490745372686344,1.469362867572675,21.017604162545037
21.520760380190097,1.2337331453614002,20.781974440333833
21.550775387693847,1.0075382309425356,20.555779525914915
21.5807903951976,0.7927936178221124,20.34103491279452
21.610805402701352,0.5911611631877064,20.13940245816007
21.6408204102051,0.4039341292794701,19.952175424251894
21.670835417708854,0.232032261494885,19.780273556467296
21.700850425212607,0.07600662079795306,19.624247915770365
21.73086543271636,-0.0639463928950655,19.48429490207735
21.76088044022011,-0.18796264451264938,19.360278650459744
21.790895447723862,-0.2964805340564998,19.251760760915868
21.820910455227615,-0.39020515348745644,19.158036141484946
21.850925462731368,-0.47006768650464786,19.078173608467722
21.880940470235117,-0.5371814952819197,19.011059799690514
21.91095547773887,-0.5927963763795017,18.955444918592875
21.940970485242623,-0.638252456767963,18.90998883820439
21.970985492746372,-0.6749351421119506,18.873306152860458
22.001000500250125,-0.7042324266630409,18.84400886830941
22.031015507753878,-0.727495732227308,18.820745562745145
22.06103051525763,-0.7460052688310503,18.802236026141333
22.09104552276138,-0.7609407090046739,18.78730058596773
22.121060530265133,-0.7733577488245493,18.774883546147855
22.151075537768886,-0.7841709001823376,18.76407039479003
22.181090545272635,-0.7941426284759344,18.754098666496443
22.211105552776388,-0.8038787261243878,18.744362568848032
22.24112056028014,-0.8138296026169763,18.73441169235546
22.271135567783894,-0.8242969830889818,18.723944311883436
22.301150575287643,-0.8354453455955737,18.712795949376826
22.331165582791396,-0.8473172971029715,18.70092399786943
22.36118059029515,-0.8598519932215097,18.688389301750863
22.3911955977989,-0.8729056489833734,18.675335645989083
22.42121060530265,-0.8862731682158652,18.66196812675653
22.451225612806404,-0.8997099365766614,18.648531358395754
22.481240620310157,-0.9129528760571538,18.63528841891523
22.511255627813906,-0.9257399434500279,18.622501351522356
22.54127063531766,-0.9378273675627612,18.610413927409635
22.57128564282141,-0.9490040545915811,18.599237240380813
22.601300650325165,-0.959102742121374,18.589138552851036
22.631315657828914,-0.9680076433104242,18.580233651661967
22.661330665332667,-0.9756584873738987,18.57258280759855
22.69134567283642,-0.9820510239659319,18.56619027100646
22.721360680340172,-0.9872342112224693,18.561007083749935
22.75137568784392,-0.9913044443268939,18.556936850645453
22.781390695347675,-0.9943972984669478,18.553843996505446
22.811405702851427,-0.9966773528170547,18.551563942155305
22.841420710355177,-0.9983267275823223,18.549914567390058
22.87143571785893,-0.9995330021727233,18.54870829279965
22.901450725362682,-1.0004771884129688,18.547764106559427
22.931465732866435,-1.0013224086972454,18.546918886275172
22.961480740370185,-1.0022038766906955,18.546037418281692
22.991495747873937,-1.003220700174495,18.54502059479791
23.02151075537769,-1.0044299255163822,18.54381136945601
23.05152576288144,-1.0058431254481817,18.54239816952416
23.081540770385192,-1.0074257014313892,18.540815593541
23.111555777888945,-1.0090989344378674,18.539142360534537
23.141570785392698,-1.0107446792728698,18.537496615699535
23.171585792896447,-1.0122124634534901,18.536028831518905
23.2016008004002,-1.013328627784793,18.534912667187633
23.231615807903953,-1.013907037398699,18.53433425757366
23.261630815407706,-1.0137608037970811,18.534480491175323
23.291645822911455,-1.0127143942565318,18.535526900715887
23.321660830415208,-1.0106154677731805,18.53762582719924
23.35167583791896,-1.0073457684790335,18.540895526493344
23.38169084542271,-1.0028304289588368,18.54541086601356
23.411705852926463,-0.9970450867932689,18.55119620817912
23.441720860430216,-0.9900202964508577,18.558220998521556
23.47173586793397,-0.9818428227366968,18.566398472235708
23.50175087543772,-0.9726535277427041,18.575587767229663
23.53176588294147,-0.962641706083664,18.585599588888762
23.561780890445224,-0.9520358778512165,18.59620541712122
23.591795897948977,-0.9410912093040884,18.60715008566831
23.621810905452726,-0.9300738916146268,18.618167403357774
23.65182591295648,-0.9192429616392337,18.62899833333317
23.681840920460232,-0.9088301894057029,18.639411105566698
23.71185592796398,-0.8990187788642959,18.64922251610812
23.741870935467734,-0.8899217260373665,18.658319568935013
23.771885942971487,-0.8815607473874477,18.666680547584924
23.80190095047524,-0.8738467273172854,18.674394567655067
23.83191595797899,-0.8665626346302128,18.681678660342186
23.861930965482742,-0.8593498221559676,18.68889147281645
23.891945972986495,-0.8516985515259352,18.696542743446493
23.921960980490248,-0.8429434775501404,18.705297817422263
23.951975987993997,-0.8322646864144171,18.715976608557995
23.98199099549775,-0.8186947128677153,18.729546582104714
24.012006003001503,-0.801131768751412,18.74710952622099
24.042021010505252,-0.7783592047032616,18.769882090269142
24.072036018009005,-0.7490710055392964,18.799170289433118
24.102051025512758,-0.7119028951779082,18.836338399794453
24.13206603301651,-0.6654684068722185,18.882772888100213
24.16208104052026,-0.6083990669038142,18.9398422280686
24.192096048024013,-0.5393876525054156,19.00885364246697
24.222111055527765,-0.4572333249027802,19.0910079700696
24.252126063031515,-0.3608873125278985,19.187353982444485
24.282141070535268,-0.24949773320219987,19.29874356177016
24.31215607803902,-0.12245210174938674,19.42578919322301
24.342171085542773,0.020583925995284653,19.56882522096764
24.372186093046523,0.17963296906199167,19.727874264034376
24.402201100550275,0.35437879262969896,19.902620087602102
24.43221610805403,0.5441467833495174,20.092388078321893
24.46223111555778,0.7478929878570544,20.29613428282944
24.49224612306153,0.9642024466142158,20.51244374158662
24.522261130565283,1.1912972971802,20.739538592152602
24.552276138069036,1.4270548396453229,20.975296134617714
24.582291145572785,1.6690354609625662,21.21727675593496
24.61230615307654,1.9145200136663156,21.462761308638726
24.64232116058029,2.1605559477586262,21.708797242731052
24.672336168084044,2.4040112122070525,21.952252507179413
24.702351175587793,2.6416346840909686,22.189875979063373
24.732366183091546,2.8701216578965485,22.41836295286893
24.7623811905953,3.0861827427938167,22.63442403776619
24.792396198099052,3.2866143787036384,22.83485567367601
24.8224112056028,3.468369097857524,23.016610392829904
24.852426213106554,3.6286236309606323,23.17686492593305
24.882441220610307,3.7648429877291036,23.313084282701517
24.912456228114056,3.874838730306358,23.42308002527877
24.94247123561781,3.9568198027264585,23.505061097698853
24.972486243121562,4.009434476156772,23.55767577112916
25.002501250625315,4.0318022122916854,23.58004350726406
25.032516258129064,4.023534528567149,23.57177582353954
25.062531265632817,3.9847442600430742,23.532985555015426
25.09254627313657,3.9160429440105196,23.464284238982902
25.12256128064032,3.8185263940478817,23.366767689020307
25.152576288144072,3.6937488694245446,23.241990164396974
25.182591295647825,3.543686572494008,23.09192786746642
25.212606303151578,3.370691510478108,22.9189328054505
25.242621310655327,3.177437029031417,22.725678324003795
25.27263631815908,2.9668565544960463,22.515097849468475
25.302651325662833,2.742077262533519,22.290318557505923
25.332666333166586,2.5063505172299876,22.054591812202414
25.362681340670335,2.2629809930589775,21.81122228803135
25.392696348174088,2.015256400478693,21.563497695451062
25.42271135567784,1.7663796847182025,21.314620979690556
25.45272636318159,1.5194054587719934,21.06764675374437
25.482741370685343,1.2771822700221425,20.825423564994534
25.512756378189096,1.042302091259955,20.590543386232373
25.54277138569285,0.8170581787566811,20.36529947372904
25.572786393196598,0.603412161277777,20.151653456250184
25.60280140070035,0.40297092432662623,19.951212219299066
25.632816408204103,0.21697354381074527,19.765214838783123
25.662831415707856,0.04628821331007107,19.59452950828249
25.692846423211606,-0.10858119041188112,19.439660104560502
25.72286143071536,-0.24747953824544006,19.300761756726953
25.75287643821911,-0.37057676049848565,19.1776645344739
25.78289144572286,-0.47833713718319754,19.06990415778923
25.812906453226613,-0.5714828342235138,18.976758460748876
25.842921460730366,-0.650953074995779,18.897288219976602
25.87293646823412,-0.7178604080873839,18.83038088688501
25.90295147573787,-0.773445552214375,18.774795742758055
25.93296648324162,-0.8190322688857572,18.729209026086586
25.962981490745374,-0.8559836354363092,18.6922576595361
25.992996498249127,-0.8856609699325183,18.66258032503985
26.023011505752876,-0.9093865010853155,18.638854793887127
26.05302651325663,-0.9284106877735858,18.619830607198796
26.083041520760382,-0.9438848820754887,18.604356412896927
26.11305652826413,-0.956839805362659,18.59140148960976
26.143071535767884,-0.9681700777998,18.58007121717256
26.173086543271637,-0.9786248161458653,18.569616478826536
26.20310155077539,-0.9888041012557296,18.559437193716704
26.23311655827914,-0.9991609225507746,18.549080372421628
26.263131565782892,-1.0100080383570482,18.538233256615378
26.293146573286645,-1.0215290535401347,18.526712241432246
26.323161580790394,-1.033792913026873,18.514448381945506
26.353176588294147,-1.0467709438120094,18.50147035116037
26.3831915957979,-1.0603555495617472,18.48788574541066
26.413206603301653,-1.0743796700879413,18.473861624884492
26.443221610805402,-1.088636160473189,18.45960513449922
26.473236618309155,-1.1028963178909965,18.445344977081415
26.503251625812908,-1.1169268835023496,18.43131441147003
26.53326663331666,-1.1305049666764289,18.417736328295994
26.56328164082041,-1.1434304730408735,18.404810821931544
26.593296648324163,-1.1555357600663667,18.392705534906042
26.623311655827916,-1.1666923875521855,18.38154890742021
26.653326663331665,-1.1768149692814456,18.371426325690962
26.683341670835418,-1.1858622605396645,18.362379034432763
26.71335667833917,-1.193835729164232,18.354405565808168
26.743371685842924,-1.20077595126657,18.347465343705874
26.773386693346673,-1.2067572437607998,18.341484051211573
26.803401700850426,-1.2118809925223892,18.336360302449997
26.83341670835418,-1.2162681567521032,18.331973138220285
26.86343171585793,-1.220051427478065,18.328189867494363
26.89344672336168,-1.2233674927263967,18.324873802246017
26.923461730865434,-1.226349816344904,18.321891478627457
26.953476738369186,-1.2291222752079478,18.319119019764415
26.983491745872936,-1.2317939246123253,18.3164473703601
27.01350675337669,-1.234455078557113,18.313786216415295
27.04352176088044,-1.2371748049139022,18.311066490058472
27.073536768384194,-1.239999849822343,18.308241445150045
27.103551775887944,-1.2429549252931165,18.30528636967926
27.133566783391696,-1.2460442228031747,18.302197072169225
27.16358179089545,-1.2492539568129928,18.29898733815939
27.1935967983992,-1.2525556980367039,18.29568559693569
27.22361180590295,-1.2559102284927643,18.292331066479655
27.253626813406704,-1.259271639478569,18.288969655493833
27.283641820910457,-1.2625913993583195,18.28564989561408
27.313656828414207,-1.2658221392609066,18.282419155711498
27.34367183591796,-1.2689209395165313,18.2793203554559
27.373686843421712,-1.271851945311286,18.27638934966112
27.403701850925465,-1.2745881935158514,18.273653101456535
27.433716858429214,-1.2771125905244565,18.27112870444793
27.463731865932967,-1.2794180396804644,18.26882325529192
27.49374687343672,-1.2815067729773024,18.266734521995083
27.52376188094047,-1.283388991981123,18.26485230299128
27.553776888444222,-1.2850809645077843,18.26316033046463
27.583791895947975,-1.2866027542617515,18.26163854071066
27.613806903451728,-1.2879757788370925,18.260265516135316
27.643821910955477,-1.2892203963828754,18.25902089858952
27.67383691845923,-1.2903537128188536,18.25788758215356
27.703851925962983,-1.2913877805108605,18.256853514461525
27.733866933466736,-1.292328327259459,18.255912967712916
27.763881940970485,-1.293174113447665,18.25506718152472
27.793896948474238,-1.2939169678690383,18.254324327103344
27.82391195597799,-1.2945425021268697,18.253698792845505
27.85392696348174,-1.2950314527493847,18.253209842222994
27.883941970985493,-1.2953615525260762,18.25287974244631
27.913956978489246,-1.29550979107021,18.252731503902172
27.943971985993,-1.2954548919570417,18.252786403015357
27.973986993496748,-1.2951798121729161,18.253061482799453
28.0040020010005,-1.2946740606087792,18.253567234363604
28.034017008504254,-1.2939356367844974,18.25430565818789
28.064032016008007,-1.2929724089583536,18.25526888601407
28.094047023511756,-1.2918027815147595,18.256438513457613
28.12406203101551,-1.2904555435162186,18.257785751456197
28.15407703851926,-1.288968841330695,18.259272453641707
28.18409204602301,-1.2873882754842956,18.260853019488138
28.214107053526764,-1.2857641820692036,18.26247711290321
28.244122061030517,-1.2841482186067446,18.264093076365683
28.27413706853427,-1.2825894295747817,18.265651865397608
28.30415207603802,-1.2811300143207538,18.267111280651598
28.33416708354177,-1.279801056557124,18.26844023841529
28.364182091045524,-1.2786184973351824,18.269622797637183
28.394197098549274,-1.2775796402267983,18.270661654745606
28.424212106053027,-1.2766604671285944,18.27158082784378
28.45422711355678,-1.2758140152399662,18.27242727973242
28.484242121060532,-1.27497002091778,18.273271274054647
28.51425712856428,-1.274035975786821,18.27420531918556
28.544272136068034,-1.2728996671254322,18.275341627846966
28.574287143571787,-1.2714331914054409,18.276808103566953
28.60430215107554,-1.2694983409037996,18.278742954068576
28.63431715857929,-1.2669531729908072,18.28128812198156
28.664332166083042,-1.2636594848175784,18.28458181015482
28.694347173586795,-1.2594908375438714,18.288750457428552
28.724362181090545,-1.2543407086607359,18.293900586311608
28.754377188594297,-1.248130302676218,18.300110992296183
28.78439219609805,-1.2408155230986493,18.30742577187374
28.814407203601803,-1.232392605088429,18.315848689883936
28.844422211105552,-1.2229019301382038,18.325339364834182
28.874437218609305,-1.2124295923154689,18.335811702656923
28.904452226113058,-1.2011063593469882,18.347134935625437
28.93446723361681,-1.189103769261774,18.359137525710622
28.96448224112056,-1.176627221320949,18.371614073651447
28.994497248624313,-1.1639060542878616,18.38433524068453
29.024512256128066,-1.1511807504730385,18.39706054449935
29.054527263631815,-1.13868755436903,18.409553740603357
29.084542271135568,-1.1266409434657767,18.421600351506616
29.11455727863932,-1.115214529126207,18.43302676584621
29.144572286143074,-1.1045210903503337,18.443720204622057
29.174587293646823,-1.0945925463484287,18.45364874862399
29.204602301150576,-1.085360749207748,18.462880545764644
29.23461730865433,-1.0766400206260185,18.471601274346366
29.264632316158078,-1.068112362948381,18.48012893202399
29.29464732366183,-1.0593162422167761,18.48892505275562
29.324662331165584,-1.0496397688256451,18.498601526146707
29.354677338669337,-1.0383189905149472,18.50992230445742
29.384692346173086,-1.024441865345573,18.523799429626823
29.41470735367684,-1.006958303137498,18.541282991834922
29.44472236118059,-0.984696458267442,18.563544836704963
29.474737368684345,-0.9563852316994372,18.59185606327296
29.504752376188094,-0.9206827037161057,18.627558591256278
29.534767383691847,-0.8762099798640843,18.67203131510834
29.5647823911956,-0.8215897003886918,18.72665159458374
29.59479739869935,-0.7554882472486097,18.792753047723767
29.6248124062031,-0.676660491690239,18.871580803282153
29.654827413706855,-0.5839957676600148,18.964245527312393
29.684842421210607,-0.4765636393308667,19.07167765564149
29.714857428714357,-0.35365796064284194,19.194583334329565
29.74487243621811,-0.21483770530068666,19.333403589671697
29.774887443721862,-0.05996307957994866,19.488278215392437
29.804902451225615,0.11077448196746917,19.659015776939835
29.834917458729365,0.2968296978226768,19.845070992795097
29.864932466233117,0.4972892690884864,20.045530564060883
29.89494747373687,0.7108669968311528,20.259108291803553
29.92496248124062,0.9359087589708233,20.48415005394323
29.954977488744372,1.1704076236825964,20.718648918655003
29.984992496248125,1.4120290641827127,20.9602703591551
30.015007503751878,1.6581459211335647,21.20638721610597
30.045022511255628,1.9058824448043756,21.4541237397768
30.07503751875938,2.1521664506526434,21.70040774562504
30.105052526263133,2.3937883497756753,21.942029644748104
30.135067533766886,2.6274655795068753,22.175706874479253
30.165082541270635,2.849910767848651,22.398152062821083
30.19509754877439,3.057901825442855,22.60614312041524
30.22511255627814,3.248352075546211,22.796593370518636
30.25512756378189,3.418378509152742,22.96661980412512
30.285142571285643,3.56536628998309,23.113607584955464
30.315157578789396,3.687027731369911,23.23526902634231
30.34517258629315,3.7814541208025494,23.329695415774957
30.3751875937969,3.8471589727492055,23.395400267721566
30.40520260130065,3.883111539268088,23.431352834240464
30.435217608804404,3.8887596922511927,23.43700098722356
30.465232616308153,3.864041601145987,23.412282896118366
30.495247623811906,3.8093859551051663,23.357627250077556
30.52526263131566,3.7257008077554064,23.27394210272776
30.555277638819412,3.614351445211626,23.162592740184028
30.58529264632316,3.477127983070413,23.025369278042806
30.615307653826914,3.3162036761858813,22.86444497115829
30.645322661330667,3.1340851675053707,22.682326462477775
30.67533766883442,2.9335561020101393,22.481797396982554
30.70535267633817,2.7176156834426237,22.265856978415016
30.735367683841922,2.489413851408187,22.037655146380565
30.765382691345675,2.2521848029564024,21.80042609792879
30.795397698849424,2.0091805761264006,21.55742187109882
30.825412706353177,1.763606355309514,21.31184765028193
30.85542771385693,1.5185590534689841,21.066800348441408
30.885442721360683,1.2769705796057504,20.825211874578198
30.915457728864432,1.041557017964531,20.589798312936942
30.945472736368185,0.8147747358702733,20.363016030842665
30.975487743871938,0.5987842079320211,20.1470255029044
31.00550275137569,0.39542210407271833,19.943663399045125
31.03551775887944,0.2061819458158134,19.754423240788203
31.065532766383193,0.03220339745016764,19.580444692422592
31.095547773886945,-0.12572996658895166,19.422511328383425
31.125562781390695,-0.2671847831823092,19.281056511790077
31.155577788894448,-0.392064458163521,19.15617683680884
31.1855927963982,-0.5005888616433707,19.047652433329013
31.215607803901953,-0.5932679860153467,18.954973308957
31.245622811405703,-0.6708704831626938,18.877370811809673
31.275637818909455,-0.7343880570326902,18.813853237939693
31.30565282641321,-0.7849967167909195,18.763244578181496
31.335667833916958,-0.8240158965590926,18.72422539841329
31.36568284142071,-0.8528664234878821,18.695374871484507
31.395697848924463,-0.8730282704688678,18.675213024503517
31.425712856428216,-0.8859989674017946,18.662242327570628
31.455727863931966,-0.8932534700077549,18.65498782496469
31.48574287143572,-0.89620620204025,18.652035092932163
31.51575787893947,-0.8961758994065716,18.652065395565796
31.545772886443224,-0.8943537967045769,18.653887498267842
31.575787893946973,-0.8917756108813483,18.656465684091078
31.605802901450726,-0.8892976952747094,18.658943599697686
31.63581790895448,-0.8875776615384375,18.66066363343398
31.66583291645823,-0.8870596974134045,18.661181597559015
31.69584792396198,-0.8879647447643411,18.660276550208064
31.725862931465734,-0.890285643860408,18.657955651111955
31.755877938969487,-0.8937872951193782,18.65445399985302
31.785892946473236,-0.8980118366560009,18.65022945831641
31.81590795397699,-0.9022887830010518,18.645952511971323
31.845922961480742,-0.9057500153143497,18.642491279658014
31.875937968984495,-0.9073494545399218,18.640891840432467
31.905952976488244,-0.9058871848687695,18.64235411010364
31.935967983991997,-0.9000377247581492,18.64820357021428
31.96598299149575,-0.888382066453398,18.659859228519007
31.9959979989995,-0.869443023083752,18.67879827188865
32.026013006503256,-0.8417233363697377,18.706517958602625
32.056028014007005,-0.8037459099963395,18.744495384976076
32.086043021510754,-0.7540954467131343,18.794145848259276
32.11605802901451,-0.6914606847859636,18.856780610186433
32.14607303651826,-0.6146763555786521,18.933564939393747
32.17608804402201,-0.522763923101503,19.025477371870917
32.206103051525766,-0.4149701227001832,19.13327117227223
32.236118059029515,-0.2908022938673787,19.257439001105055
32.266133066533264,-0.1500595052117538,19.39818178976067
32.29614807403702,0.0071414989702896356,19.555382793942705
32.32616308154077,0.18034643907754516,19.72858773404986
32.356178089044526,0.3687505423476906,19.916991837320108
32.386193096548276,0.5711931761086348,20.119434471081046
32.416208104052025,0.786160605688327,20.33440190066069
32.44622311155578,1.0117972271004338,20.560038522072823
32.47623811905953,1.2459254176098127,20.7941667125822
32.50625312656328,1.4860739219679846,21.034315216940357
32.536268134067036,1.7295144548926227,21.277755749865047
32.566283141570786,1.9733059585389272,21.5215472535113
32.596298149074535,2.2143457152143506,21.762587010186746
32.62631315657829,2.449426288718984,21.997667583691364
32.65632816408204,2.6752970607932633,22.223538355765644
32.6863431715858,2.888728950256994,22.436970245229368
32.716358179089546,3.0865807589328424,22.634822053905225
32.746373186593296,3.2658654868207866,22.814106781793132
32.77638819409705,3.42381490441726,22.97205619938967
32.8064032016008,3.5579406662603734,23.10618196123278
32.83641820910455,3.6660902987231028,23.214331593695533
32.86643321660831,3.7464964969278998,23.294737791900275
32.896448224112056,3.797818318682278,23.346059613654703
32.926463231615806,3.819173063893577,23.367414358865975
32.95647823911956,3.810157870576735,23.35839916554911
32.98649324662331,3.7708603362315327,23.319101631203903
33.01650825412707,3.7018577775325703,23.25009907250496
33.04652326163082,3.6042050623141746,23.15244635728657
33.076538269134566,3.479411275326503,23.027652570298873
33.10655327663832,3.329405802361367,22.877647097333742
33.13656828414207,3.1564947252551177,22.70473602022751
33.16658329164582,2.9633087025305263,22.511549997502925
33.19659829914958,2.7527437573827194,22.300985052355117
33.22661330665333,2.5278965978476937,22.076137892820082
33.256628314157076,2.2919962463063923,21.84023754127882
33.28664332166083,2.048333851719471,21.596575146691855
33.31665832916458,1.8001925948664832,21.348433889838887
33.34667333666834,1.550779573191654,21.09902086816406
33.37668834417209,1.3031614685923445,20.85140276356476
33.40670335167584,1.060205661697697,20.608446956670125
33.436718359179594,0.8245282649576556,20.372769559930035
33.46673336668334,0.5984503110829503,20.146691606055363
33.49674837418709,0.38396306148930753,19.932204356461703
33.52676338169085,0.18270310108636964,19.73094439605873
33.5567783891946,-0.0040624284563762275,19.54417886651602
33.58679339669835,-0.17544042391988762,19.372800871052473
33.616808404202104,-0.3309065240846182,19.217334770887785
33.64682341170585,-0.4702904975221314,19.077950797450296
33.67683841920961,-0.5937531597693847,18.954488135203007
33.70685342671336,-0.7017558986527621,18.846485396319622
33.73686843421711,-0.7950240771924241,18.753217217779973
33.766883441720864,-0.8745057255490809,18.67373556942332
33.796898449224614,-0.9413270231253728,18.606914271847035
33.82691345672836,-0.9967461074359807,18.551495187536407
33.85692846423212,-1.0421067280013567,18.50613456697106
33.88694347173587,-1.0787931935771746,18.46944810139523
33.91695847923962,-1.1081879436470154,18.44005335132538
33.946973486743374,-1.1316329160952006,18.4166083788772
33.976988494247124,-1.1503956895703815,18.397845605402054
34.00700350175087,-1.1656411595742606,18.3826001353981
34.03701850925463,-1.1784092708467837,18.369832024125593
34.06703351675838,-1.189599084627872,18.358642210344545
34.097048524262135,-1.1999592173157674,18.348282077656638
34.127063531765884,-1.210084455994585,18.338156838977795
34.157078539269634,-1.2204181446260236,18.327823150346383
34.18709354677339,-1.2312597497122895,18.316981545260106
34.21710855427714,-1.2427768619480746,18.305464433024298
34.24712356178089,-1.2550207752947016,18.293220519677707
34.277138569284645,-1.267944709880113,18.280296585092277
34.307153576788394,-1.281423711288982,18.266817583683373
34.337168584292144,-1.2952752655786652,18.25296602939377
34.3671835917959,-1.3092797145180493,18.23896158045433
34.39719859929965,-1.3231996353861124,18.225041659586292
34.427213606803406,-1.3367974591667549,18.211443835805667
34.457228614307155,-1.3498507340843175,18.198390560888104
34.487243621810904,-1.3621645913203098,18.186076703652116
34.51725862931466,-1.3735811291794915,18.17466016579289
34.54727363681841,-1.3839855935545753,18.164255701417815
34.57728864432216,-1.393309389095345,18.154931905877028
34.607303651825916,-1.4015301003561635,18.14671119461622
34.637318659329665,-1.40866882948416,18.13957246548824
34.667333666833414,-1.414785261857501,18.13345603311488
34.69734867433717,-1.4199709498111914,18.128270345161223
34.72736368184092,-1.4243413548675643,18.12389994010488
34.75737868934468,-1.4280272097590878,18.120214085213323
34.787393696848426,-1.431165753446382,18.117075541525995
34.817408704352175,-1.433892357060905,18.114348937911497
34.84742371185593,-1.4363329992346356,18.111908295737777
34.87743871935968,-1.4385979696364966,18.1096433253359
34.90745372686343,-1.4407770845736294,18.10746421039874
34.93746873436719,-1.4429365936579452,18.10530470131445
34.967483741870936,-1.4451178475113462,18.103123447461027
34.997498749374685,-1.4473376890480818,18.100903605924316
35.02751375687844,-1.44959043053057,18.098650864441876
35.05752876438219,-1.4518511903454596,18.096390104626906
35.08754377188595,-1.45408029154917,18.094161003423213
35.1175587793897,-1.4562283720143574,18.09201292295806
35.147573786893446,-1.458241825720014,18.0899994692524
35.1775887943972,-1.4600681874534205,18.088173107518976
35.20760380190095,-1.4616610888064872,18.086580206165923
35.2376188094047,-1.462984450544622,18.08525684442777
35.26763381690846,-1.4640156327937732,18.08422566217859
35.29764882441221,-1.4647473366424046,18.083493958330017
35.327663831915956,-1.4651881345071136,18.083053160465262
35.35767883941971,-1.4653615971947296,18.08287969777764
35.38769384692346,-1.465304077903733,18.082937217068675
35.41770885442722,-1.4650613022458627,18.0831799927265
35.44772386193097,-1.4646839937227525,18.083557301249623
35.47773886943472,-1.4642228313734083,18.084018463598962
35.50775387693847,-1.463723086592224,18.084518208380178
35.53776888444222,-1.4632193163480496,18.08502197862435
35.56778389194597,-1.462730498172833,18.085510796799536
35.59779889944973,-1.462255977441763,18.08598531753061
35.62781390695348,-1.4617725599269131,18.086468735045482
35.65782891445723,-1.4612330238721036,18.087008271100316
35.68784392196098,-1.460566248534003,18.08767504643842
35.71785892946473,-1.4596790639291715,18.088562231043202
35.74787393696849,-1.458459823934749,18.08978147103763
35.77788894447224,-1.4567835970983727,18.091457697874006
35.80790395197599,-1.4545187621140283,18.093722532858326
35.837918959479744,-1.451534693663364,18.096706601309048
35.86793396698349,-1.4477101348329435,18.100531160139422
35.89794897448724,-1.442941779812412,18.105299515159977
35.927963981991,-1.4371525396221319,18.11108875535024
35.95797898949475,-1.4302989378626476,18.117942357109722
35.9879939969985,-1.422377085482912,18.125864209489478
36.018009004502254,-1.4134267146326045,18.134814580339814
36.048024012006,-1.4035328117465673,18.14470848322584
36.07803901950975,-1.392824477669575,18.15541681730283
36.10805402701351,-1.3814707550577179,18.166770539914662
36.13806903451726,-1.3696732964078178,18.178567998564603
36.168084042021015,-1.3576558946428539,18.190585400329557
36.198099049524764,-1.3456510560742476,18.202590238898114
36.22811405702851,-1.3338839559334716,18.214357339038912
36.25812906453227,-1.3225542722823014,18.225687022690106
36.28814407203602,-1.3118165376567095,18.2364247573157
36.31815907953977,-1.3017597721793304,18.24648152279303
36.348174087043525,-1.2923872605605937,18.25585403441177
36.378189094547274,-1.2835974027161194,18.264643892256274
36.40820410205102,-1.2751665991119165,18.2730746958605
36.43821910955478,-1.2667351242217837,18.281506170750625
36.46823411705853,-1.2577968929999588,18.290444401972405
36.498249124562285,-1.247693936052445,18.300547358919953
36.528264132066035,-1.235616270956159,18.312625024016214
36.558279139569784,-1.2206076933442613,18.327633601628136
36.58829414707354,-1.2015778169570852,18.34666347801532
36.61830915457729,-1.177320473298758,18.370920821673664
36.64832416208104,-1.1465383464994714,18.401702948472902
36.678339169584795,-1.1078734760466284,18.440367818925758
36.708354177088545,-1.0599430184141456,18.488298276558268
36.738369184592294,-1.0013794277284171,18.546861867244004
36.76838419209605,-0.9308740047882946,18.617367290184085
36.7983991995998,-0.8472225818249836,18.701018713147352
36.828414207103556,-0.749371965308603,18.798869329663802
36.858429214607305,-0.636465657647993,18.911775637324432
36.888444222111055,-0.5078873260623922,19.040353968910026
36.91845922961481,-0.3633004867816948,19.18494080819069
36.94847423711856,-0.2026829267027199,19.345558368269668
36.97848924462231,-0.02635449234451458,19.521886802627886
37.008504252126066,0.16500296496656064,19.71324425993897
37.038519259629815,0.3703344926308867,19.91857578760331
37.068534267133565,0.588210546993488,20.136451841965894
37.09854927463732,0.8168355881565285,20.365076883128893
37.12856428214107,1.0540669333197537,20.60230822829217
37.15857928964483,1.297443724850017,20.845685019822426
37.188594297148576,1.544225548610344,21.092466843582745
37.218609304652325,1.7914399255548141,21.339681220527247
37.24862431215608,2.0359376061231544,21.58417890109554
37.27863931965983,2.2744543329164006,21.82269562788881
37.30865432716358,2.5036775118966763,22.05191880686906
37.33866933466734,2.720316054033354,22.268557349005732
37.368684342171086,2.9211715244089254,22.469412819381297
37.398699349674835,3.1032086689422536,22.65144996391463
37.42871435717859,3.2636233827009913,22.811864677673398
37.45872936468234,3.399906238766589,22.94814753373898
37.4887443721861,3.509899811140409,23.058141106112778
37.51875937968985,3.5918481955345034,23.1400894905069
37.548774387193596,3.6444373524405163,23.19267864741289
37.57878939469735,3.6668251602539153,23.215066455226324
37.6088044022011,3.6586603636612844,23.206901658633665
37.63881940970485,3.6200899240577162,23.168331219030105
37.66883441720861,3.551754613799357,23.09999590877176
37.69884942471236,3.45477303358982,23.00301432856223
37.728864432216106,3.330714561274611,22.878955856247018
37.75887943971986,3.181562050225197,22.72980334519757
37.78889444722361,3.009665376582985,22.557906671555415
37.81890945472737,2.8176871782881996,22.36592847326059
37.84892446223112,2.6085423278385647,22.156783622810952
37.87893946973487,2.3853328295492626,21.933574124521677
37.90895447723862,2.151279926977869,21.69952122195028
37.93896948474237,1.9096552452751945,21.457896540247564
37.96898449224612,1.6637127766010853,21.21195407157351
37.99899949974988,1.4166234463329863,20.964864741305373
38.02901450725363,1.171413877270276,20.71965517224267
38.05902951475738,0.9309108036502857,20.479152098622684
38.08904452226113,0.6976923831192906,20.24593367809169
38.11905952976488,0.47404742048345494,20.022288715455833
38.14907453726863,0.26194326049652755,19.81018455546896
38.17908954477239,0.06300283696113852,19.611244131933557
38.20910455227614,-0.1215089090338644,19.426732385938553
38.239119559779894,-0.29068929910296215,19.257551995869488
38.26913456728364,-0.4439931908132283,19.104248104159154
38.29914957478739,-0.581219806915265,18.967021488057124
38.32916458229115,-0.7024918844810472,18.845749410491383
38.3591795897949,-0.8082280872779366,18.740013207694464
38.38919459729865,-0.899109768268174,18.649131526704238
38.419209604802404,-0.976043274168175,18.572198020804215
38.44922461230615,-1.0401190492353858,18.508122245736985
38.4792396198099,-1.0925688209207534,18.45567247405164
38.50925462731366,-1.1347221370437193,18.41351915792867
38.53926963481741,-1.1679634751721666,18.38027781980021
38.569284642321165,-1.1936910633548643,18.354550231617516
38.599299649824914,-1.2132784415094853,18.33496285346288
38.62931465732866,-1.2280396594545877,18.320201635517805
38.65932966483242,-1.2391988560512608,18.30904243892113
38.68934467233617,-1.2478647996233645,18.30037649534905
38.71935967983992,-1.255010798220045,18.29323049675237
38.749374687343675,-1.2614602146418814,18.286781080330538
38.779389694847424,-1.2678776504321758,18.280363644540266
38.80940470235117,-1.2747656997386971,18.273475595233734
38.83941970985493,-1.282467022031658,18.265774272940742
38.86943471735868,-1.2911713454582188,18.25706994951419
38.899449724862436,-1.3009268928041506,18.247314402168264
38.929464732366185,-1.311655621644936,18.23658567332746
38.959479739869934,-1.3231715906753156,18.22506970429709
38.98949474737369,-1.3352017061787398,18.213039588793656
39.01950975487744,-1.3474080663471297,18.200833228625232
39.04952476238119,-1.3594111064071968,18.18883018856521
39.079539769884946,-1.3708127535464354,18.177428541425947
39.109554777388695,-1.3812188263975447,18.16702246857487
39.139569784892444,-1.3902599579847914,18.157981336987596
39.1695847923962,-1.397610381975521,18.150630912996874
39.19959979989995,-1.4030039980460463,18.14523729692636
39.229614807403706,-1.4062472212519295,18.14199407372049
39.259629814907456,-1.407228220457075,18.141013074515328
39.289644822411205,-1.4059222599855938,18.14231903498677
39.31965982991496,-1.4023929744905366,18.145848320481875
39.34967483741871,-1.3967895272597757,18.15145176771262
39.37968984492246,-1.3893397243896317,18.15890157058279
39.409704852426216,-1.380339278948332,18.167902016024094
39.439719859929966,-1.3701375378339626,18.17810375713842
39.469734867433715,-1.359120096846833,18.18912119812559
39.49974987493747,-1.3476888338369435,18.200552461135473
39.52976488244122,-1.336239982942238,18.212001312030146
39.55977988994498,-1.3251409522234305,18.223100342748975
39.589794897448726,-1.3147066498716744,18.233534645100697
39.619809904952476,-1.3051761282281322,18.24306516674424
39.64982491245623,-1.2966903780108363,18.25155091696155
39.67983991995998,-1.2892721056547312,18.258969189317643
39.70985492746373,-1.2828083032647357,18.26543299170767
39.73986993496749,-1.2770363726509903,18.27120492232136
39.769884942471236,-1.271534492190156,18.27670680278222
39.799899949974986,-1.265716818499221,18.282524476473164
39.82991495747874,-1.2588339955335053,18.289407299438906
39.85992996498249,-1.2499793039583904,18.29826199101406
39.88994497248625,-1.2381006265096393,18.310140668462758
39.91995997999,-1.2220182343302979,18.326223060642093
39.949974987493746,-1.200448219433625,18.347793075538817
39.9799899949975,-1.1720312145563132,18.376210080416108
40.01000500250125,-1.1353658592710871,18.41287543570133
40.040020010005,-1.0890462961430944,18.459194998829307
40.07003501750876,-1.0317028188864692,18.516538476085895
40.10005002501251,-0.9620446517392391,18.586196643233194
40.13006503251626,-0.8789037211668976,18.66933757380549
40.16008004002001,-0.7812781925221217,18.76696310245027
40.19009504752376,-0.6683744897007298,18.87986680527162
40.22011005502751,-0.5396464984692189,19.008594796503186
40.25012506253127,-0.3948306762303993,19.153410618742008
40.28014007003502,-0.2339758535352104,19.314265441437172
40.310155077538774,-0.05746661530560582,19.490774679666778
40.34017008504252,0.13396070919724967,19.68220200416963
40.37018509254627,0.3392102422315397,19.88745153720394
40.40020010005003,0.5568275264954722,20.1050688214679
40.43021510755378,0.7850096216779371,20.333250916650368
40.46023011505753,1.0216244318385144,20.56986572681091
40.490245122561284,1.2642391042438186,20.81248039921621
40.52026013006503,1.5101570745910273,21.05839836956341
40.55027513756878,1.75646307314618,21.304704368118614
40.58029014507254,2.000075159662437,21.548316454634815
40.61030515257629,2.2378026302150316,21.786043925187467
40.640320160080044,2.4664084439201437,22.014649738892537
40.670335167583794,2.682674658681204,22.230915953653632
40.70035017508754,2.8834692483291335,22.431710543301527
40.7303651825913,3.0658126031596358,22.614053898132017
40.76038019009505,3.2269419948256903,22.77518328979806
40.7903951975988,3.3643723160990646,22.912613611071453
40.820410205102554,3.4759514857951395,23.024192780767564
40.850425212606304,3.5599090371229805,23.108150332095352
40.88044022011005,3.6148965802304454,23.163137875202818
40.91045522761381,3.640019041639046,23.188260336611457
40.94047023511756,3.6348558281779924,23.183097123150397
40.970485242621315,3.5994713334159503,23.147712628388383
41.000500250125064,3.534414492129139,23.082655787101572
41.030515257628814,3.440707384175593,22.98894867914795
41.06053026513257,3.319823184196251,22.86806447916863
41.09054527263632,3.173654038853374,22.721895333825767
41.12056028014007,3.004469720272134,22.55271101524455
41.150575287643825,2.8148681450844655,22.363109440056856
41.180590295147574,2.607719056048254,22.155960351020678
41.210605302651324,2.3861023318609553,21.934343626833332
41.24062031015508,2.153242516075371,21.701483811047737
41.27063531765883,1.9124412349881386,21.460682529960515
41.300650325162586,1.6670092055616077,21.215250500534022
41.330665332666335,1.420199517951285,20.96844081292367
41.360680340170084,1.175143814607351,20.723385109579727
41.39069534767384,0.9347928821651456,20.483034177137547
41.42071035517759,0.7018630276234484,20.250104322595867
41.45072536268134,0.47878943188190975,20.027030726854303
41.480740370185096,0.26768746765860674,19.81592876263104
41.510755377688845,0.07032274181722048,19.618564036789607
41.540770385192594,-0.11190961874741871,19.436331676224977
41.57078539269635,-0.2779961661336456,19.270245128838727
41.6008004002001,-0.4273067911613883,19.120934503811043
41.63081540770386,-0.559587059948429,18.988654235023958
41.660830415207606,-0.6749416707021693,18.873299624270267
41.690845422711355,-0.7738096827529383,18.77443161221945
41.72086043021511,-0.8569323553113141,18.69130893966109
41.75087543771886,-0.925314591978435,18.622926702993936
41.78089044522261,-0.9801811159058145,18.568060179066574
41.81090545272637,-1.0229285978900153,18.52531269708241
41.840920460230116,-1.0550750247328329,18.49316627023956
41.870935467733865,-1.0782076279084019,18.470033667063976
41.90095047523762,-1.0939306937610305,18.454310601211386
41.93096548274137,-1.1038145476062025,18.444426747366187
41.96098049024513,-1.109346947299345,18.438894347673074
41.99099549774888,-1.1118880395962687,18.436353255376094
42.021010505252626,-1.1126299278311533,18.435611367141263
42.05102551275638,-1.1125617751721704,18.435679519800225
42.08104052026013,-1.112441227203506,18.43580006776891
42.11105552776388,-1.1127727840839112,18.43546851088851
42.14107053526764,-1.113793589282613,18.434447705689795
42.17108554277139,-1.115466932047169,18.432774362925205
42.201100550275136,-1.117483587371417,18.43075770760097
42.23111555777889,-1.1192709432337467,18.428970351738652
42.26113056528264,-1.1200096930838954,18.428231601888513
42.29114557278639,-1.1186577046719262,18.429583590300457
42.32116058029015,-1.1139805169492922,18.434260778023077
42.3511755877939,-1.1045877674633562,18.443653527509042
42.38119059529765,-1.0889747158852259,18.459266579087156
42.4112056028014,-1.0655679074695614,18.482673387502814
42.44122061030515,-1.032773915700125,18.515467379272263
42.47123561780891,-0.9890300183861414,18.559211276586307
42.50125062531266,-0.9328555981984626,18.615385696773938
42.53126563281641,-0.8629030190435932,18.68533827592881
42.56128064032016,-0.7780067155157407,18.770234579456645
42.59129564782391,-0.6772292453598057,18.871012049612577
42.62131065532766,-0.5599030954553461,18.988338199517052
42.65132566283142,-0.4256671008176285,19.12257419415478
42.68134067033517,-0.2744964334537619,19.27374486151863
42.711355677838924,-0.10672524289404803,19.441516052078345
42.74137068534267,0.07693881861106323,19.62518011358346
42.77138569284642,0.27540877811807235,19.823650073090427
42.80140070035018,0.4872216270934967,20.03546292206589
42.83141570785393,0.7105508923310822,20.258792187303488
42.86143071535768,0.9432284498255823,20.491469744797943
42.891445722861434,1.1827753059400117,20.731016600912426
42.92146073036518,1.426440836042632,20.974682131015037
42.95147573786893,1.6712497415443184,21.219491036516708
42.98149074537269,1.9140557684639166,21.462297063436317
43.01150575287644,2.1516010308678126,21.699842325840194
43.041520760380195,2.3805796071832575,21.92882090215567
43.071535767883944,2.597703932479444,22.14594522745183
43.10155077538769,2.7997724007458165,22.348013695718205
43.13156578289145,2.9837365224963084,22.531977817468714
43.1615807903952,3.146765958187192,22.695007253159577
43.19159579789895,3.2863097691990277,22.8345510641714
43.221610805402705,3.4001522963827218,22.948393591355114
43.251625812906454,3.4864621908253888,23.034703485797742
43.2816408204102,3.543833280450437,23.092074575422867
43.31165582791396,3.571316155731917,23.119557450704324
43.34167083541771,3.5684395931425357,23.116680888114903
43.371685842921465,3.535221199613741,23.083462494586136
43.401700850425215,3.472166947785749,23.02040824275813
43.431715857928964,3.3802595717641704,22.928500866736535
43.46173086543272,3.260936097440593,22.809177392412984
43.49174587293647,3.116055080790549,22.664296375762923
43.52176088044022,2.947854412522623,22.49609570749503
43.551775887943975,2.758900808919671,22.307142103892033
43.581790895447725,2.552032338212426,22.100273633184866
43.611805902951474,2.3302955218351333,21.8785368168075
43.64182091045523,2.0968786941400124,21.645119989112406
43.67183591795898,1.8550433977559584,21.403284692728327
43.701850925462736,1.6080556316064696,21.156296926578925
43.731865932966485,1.3591187532793236,20.907360048251718
43.761880940470235,1.1113097674445296,20.659551062416945
43.79189594797399,0.8675206097065551,20.415761904678938
43.82191095547774,0.630405864773196,20.178647159745594
43.85192596298149,0.4023381449252508,19.950579439897627
43.881940970485246,0.18537210670489399,19.733613401677307
43.911955977988995,-0.01878219105931858,19.529459103913087
43.941970985492745,-0.20877617699184867,19.339465117980577
43.9719859929965,-0.3836297935314775,19.16461150144091
44.00200100050025,-0.5427288460097623,19.00551244896264
44.03201600800401,-0.6858131453548065,18.862428149617582
44.062031015507756,-0.8129561783525249,18.73528511661987
44.092046023011505,-0.9245372721445607,18.62370402282784
44.12206103051526,-1.0212074147804484,18.527033880191926
44.15207603801901,-1.1038500452971534,18.44439124967527
44.18209104552276,-1.1735382307174782,18.37470306425491
44.21210605302652,-1.2314897010752228,18.316751593897152
44.242121060530266,-1.279021216466001,18.26922007850639
44.272136068034015,-1.3175036934213094,18.230737601551084
44.30215107553777,-1.3483194246085273,18.19992187036384
44.33216608304152,-1.3728225906198512,18.175418704352502
44.36218109054527,-1.3923040915007212,18.155937203471677
44.39219609804903,-1.4079615259504892,18.140279769021905
44.422211105552776,-1.4208749259403652,18.127366369032007
44.45222611305653,-1.4319886225507144,18.11625267242166
44.48224112056028,-1.4420993840287315,18.106141910943673
44.51225612806403,-1.4518507382043844,18.096390556767982
44.54227113556779,-1.4617331767652997,18.08650811820706
44.57228614307154,-1.4720897460099438,18.07615154896248
44.602301150575286,-1.4831263640217098,18.06511493095065
44.63231615807904,-1.4949260729000255,18.053315222072374
44.66233116558279,-1.5074663404453537,18.040774954527055
44.69234617308654,-1.5206384706426508,18.027602824329772
44.7223611805903,-1.534268166922375,18.013973128050022
44.75237618809405,-1.5481363153926342,18.00010497957976
44.7823911955978,-1.5619991144165337,17.986242180555866
44.81240620310155,-1.5756067680634727,17.972634526908898
44.8424212106053,-1.5887200789375855,17.959521216034812
44.87243621810906,-1.6011244145979646,17.947116880374423
44.90245122561281,-1.612640674503772,17.935600620468676
44.93246623311656,-1.6231330440625336,17.92510825090985
44.96248124062031,-1.6325134818109575,17.91572781316147
44.99249624812406,-1.6407430381535713,17.90749825681887
45.02251125562781,-1.6478302431054421,17.90041105186696
45.05252626313157,-1.6538269206236347,17.894414374348734
45.08254127063532,-1.6588218838631548,17.889419411109216
45.112556278139074,-1.6629330357546819,17.885308259217762
45.14257128564282,-1.6662984406582935,17.881942854314104
45.17258629314657,-1.6690669448508506,17.87917435012158
45.20260130065033,-1.671388906947165,17.876852388025203
45.23261630815408,-1.6734075560204993,17.874833738951875
45.26263131565783,-1.67525142832776,17.872989866644648
45.292646323161584,-1.677028247298745,17.871213047673606
45.32266133066533,-1.6788205107529153,17.869420784219496
45.35267633816908,-1.6806829396311298,17.86755835534128
45.38269134567284,-1.682641829630187,17.865599465342218
45.41270635317659,-1.6846962367597036,17.86354505821267
45.442721360680345,-1.6868208255081767,17.861420469464207
45.472736368184094,-1.6889701189855726,17.85927117598684
45.50275137568784,-1.6910838183472117,17.857157476625176
45.5327663831916,-1.6930928073069995,17.855148487665396
45.56278139069535,-1.694925428844017,17.853315866128355
45.5927963981991,-1.696513616359437,17.851727678612985
45.622811405702855,-1.6977984803895718,17.85044281458281
45.652826413206604,-1.6987349931861326,17.84950630178628
45.68284142071035,-1.6992954745616622,17.84894582041073
45.71285642821411,-1.6994716599085182,17.848769635063903
45.74287143571786,-1.6992752209436843,17.848966074028706
45.772886443221616,-1.698736706614558,17.84950458835782
45.802901450725365,-1.6979029704479713,17.850338324524426
45.832916458229114,-1.69683324605593,17.85140804891648
45.86293146573287,-1.6955941192869923,17.85264717568539
45.89294647323662,-1.6942537188116338,17.85398757616076
45.92296148074037,-1.6928755025716655,17.855365792400736
45.952976488244126,-1.6915120521974751,17.85672924277492
45.982991495747875,-1.6901992989202792,17.858041996052066
46.013006503251624,-1.6889515915623035,17.859289703410084
46.04302151075538,-1.6877579799882878,17.860483314984045
46.07303651825913,-1.6865800273116558,17.861661267660704
46.10305152576288,-1.6853513837325258,17.862889911239844
46.133066533266636,-1.6839792578099901,17.864262037162387
46.163081540770385,-1.6823478118597384,17.86589348311268
46.19309654827414,-1.6803233923715306,17.867917902600848
46.22311155577789,-1.6777613897294463,17.870479905242977
46.25312656328164,-1.6745144101815554,17.87372688479086
46.283141570785396,-1.6704413429838556,17.87779995198856
46.313156578289146,-1.6654168226275448,17.882824472344872
46.343171585792895,-1.6593405251107254,17.888900769861657
46.37318659329665,-1.6521457025119084,17.896095592460473
46.4032016008004,-1.6438063547141264,17.90443494025829
46.43321660830415,-1.6343424627859353,17.91389883218645
46.463231615807906,-1.6238227655889612,17.924418529383427
46.493246623311656,-1.6123646485056708,17.935876646466756
46.52326163081541,-1.600130828147559,17.948110466824847
46.55327663831916,-1.5873226554672748,17.960918639505124
46.58329164582291,-1.5741700165474308,17.974071278424937
46.61330665332667,-1.5609179790692884,17.98732331590311
46.643321660830416,-1.5478105058501934,18.00043078912224
46.673336668334166,-1.5350717271128491,18.013169567859517
46.70335167583792,-1.5228854223419244,18.0253558726305
46.73336668334167,-1.5113735028649369,18.03686779210745
46.76338169084542,-1.5005744003332881,18.047666894639114
46.79339669834918,-1.4904223475740561,18.057818947398346
46.823411705852926,-1.4807285814926576,18.067512713479697
46.85342671335668,-1.4711654989116358,18.077075796060747
46.88344172086043,-1.4612547531626967,18.086986541809722
46.91345672836418,-1.4503601914483664,18.09788110352403
46.94347173586794,-1.437686401886347,18.110554893086068
46.97348674337169,-1.4222834680697904,18.12595782690255
47.00350175087544,-1.4030583230726499,18.14518297189972
47.03351675837919,-1.378792860915095,18.16944843405726
47.06353176588294,-1.348168709835361,18.200072585137033
47.09354677338669,-1.3097983076838207,18.238442987288586
47.12356178089045,-1.2622616555410215,18.285979639431343
47.1535767883942,-1.204147871829462,18.344093423142912
47.183591795897954,-1.1341004362693214,18.414140858703075
47.2136068034017,-1.0508648110802474,18.49737648389212
47.24362181090545,-0.9533369650139224,18.5949043299585
47.27363681840921,-0.8406112119793835,18.70763008299303
47.30365182591296,-0.7120257164029784,18.836215578569426
47.33366683341671,-0.5672040162992069,18.981037278673213
47.363681840920464,-0.4060909743973143,19.142150320575094
47.39369684842421,-0.22898168732670784,19.319259607645723
47.42371185592796,-0.03654206020236602,19.511699234770013
47.45372686343172,0.1701800159559884,19.71842131092842
47.48374187093547,0.38975367080693185,19.937994965779325
47.513756878439224,0.6203747197856798,20.168616014758054
47.543771885942974,0.8598861239971388,20.40812741896951
47.57378689344672,1.105809028960205,20.654050323932584
47.60380190095048,1.3553838127390019,20.903625107711402
47.63381690845423,1.6056202322007012,21.15386152717311
47.66383191595798,1.8533554388524187,21.401596733824793
47.693846923461734,2.0953183550231205,21.64355964999553
47.723861930965484,2.328198667950911,21.8764399629233
47.75387693846923,2.5487185228380027,22.096959817810387
47.78389194597299,2.7537048833446782,22.301946178317095
47.81390695347674,2.9401604841588287,22.48840177913123
47.843921960980495,3.105331327483118,22.65357262245554
47.873936968484244,3.2467687731290664,22.795010068101487
47.903951975987994,3.362384437307825,22.910625732280245
47.93396698349175,3.45049634246093,22.99873763743331
47.9639819909955,3.5098650415052797,23.058106336477667
47.99399699849925,3.5397187644771857,23.087960059449625
48.024012006003005,3.5397669918744072,23.08800828684685
48.054027013506754,3.5102022338600025,23.05844352883242
48.084042021010504,3.451690174043616,22.999931469016
48.11405702851426,3.3653487067252508,22.913590001697653
48.14407203601801,3.252716743583207,22.80095803855558
48.17408704352176,3.1157139770293245,22.663955272001708
48.204102051025515,2.9565930514843486,22.504834346456743
48.234117058529264,2.777885801167482,22.32612709613989
48.26413206603302,2.582345356422345,22.130586651394765
48.29414707353677,2.3728859954475117,21.92112729041992
48.32416208104052,2.15252262261355,21.700763917585913
48.354177088544276,1.9243116892004961,21.472552984172925
48.384192096048025,1.691295240996819,21.239536535969215
48.414207103551774,1.4564495860049982,21.004690880977396
48.44422211105553,1.2226398330831518,20.77088112805556
48.47423711855928,0.9925812692830367,20.54082256425545
48.50425212606303,0.7688082320465804,20.317049527019
48.534267133566786,0.5536508054646596,20.101892100437045
48.564282141070535,0.34921934113209946,19.897460636104515
48.59429714857429,0.15739648735772194,19.705637782330115
48.62431215607804,-0.02016388144200615,19.528077413530394
48.65432716358179,-0.18203169863111934,19.36620959634126
48.68434217108555,-0.326990774504741,19.22125052046767
48.714357178589296,-0.45402512636152903,19.094216168610863
48.744372186093045,-0.5623028883209531,18.985938406651456
48.7743871935968,-0.651159149316934,18.89708214565545
48.80440220110055,-0.7200790334438443,18.828162261528547
48.8344172086043,-0.7686822411458537,18.77955905382653
48.86443221610806,-0.7967101176797005,18.7515311772927
48.894447223611806,-0.804016114305823,18.74422518066657
48.92446223111556,-0.7905602672955305,18.757681027676885
48.95447723861931,-0.7564080512748719,18.791833243697482
48.98449224612306,-0.701733679020965,18.846507615951474
49.01450725362682,-0.6268276326004046,18.921413662371982
49.04452226113057,-0.5321079337942084,19.01613336117817
49.074537268634316,-0.41813440772699667,19.130106887245404
49.10455227613807,-0.2856249741452925,19.26261632082715
49.13456728364182,-0.13547282600267335,19.412768468969748
49.16458229114557,0.03123676688140152,19.579478061853802
49.19459729864933,0.21321135438215677,19.761452649354567
49.22461230615308,0.40893922896095425,19.957180523933342
49.25462731365683,0.6166816388292593,20.16492293380165
49.28464232116058,0.8344704321189915,20.382711727091372
49.31465732866433,1.0601120931133972,20.608353388085806
49.34467233616809,1.2911989024258337,20.839440197398208
49.37468734367184,1.5251276834753043,21.073368978447718
49.40470235117559,1.7591262985624359,21.30736759353481
49.43471735867934,1.990287741452971,21.538529036425345
49.46473236618309,2.215611352585805,21.763852647558238
49.49474737368684,2.432050371041371,21.980291666013784
49.5247623811906,2.636564747158773,22.184806042131147
49.55477738869435,2.8261778832805455,22.374419178252914
49.584792396198104,2.9980357583305066,22.546277053302948
49.61480740370185,3.149466733838857,22.69770802881124
49.6448224112056,3.2780402415697814,22.826281536542197
49.67483741870936,3.381622520626291,22.929863815598665
49.70485242621311,3.4584276068159725,23.006668901788366
49.73486743371686,3.507061878517803,23.05530317349019
49.764882441220614,3.526560628068366,23.07480192304077
49.79489744872436,3.516415350106149,23.06465664507857
49.82491245622811,3.4765907104667466,23.024832005439162
49.85492746373187,3.4075304713138688,22.95577176628626
49.88494247123562,3.3101519889251825,22.85839328389756
49.914957478739375,3.18582925757599,22.73407055254834
49.944972486243124,3.0363648333725455,22.584606128344948
49.97498749374687,2.863951322702773,22.41219261767516
50.00500250125063,2.671123448672581,22.219364743644977
50.03501750875438,2.460702003851034,22.008943298823425
50.06503251625813,2.2357312485867875,21.783972543559173
50.095047523761885,1.9994115125177838,21.547652807490202
50.125062531265634,1.755028896126708,21.30327019109907
50.15507753876938,1.5058840449782254,21.054125339950613
50.18509254627314,1.25522197964673,20.803463274619133
50.21510755377689,1.0061649097286545,20.554406204701014
50.24512256128064,0.7616498434792744,20.30989113845163
50.275137568784395,0.5243726304602468,20.072613925432652
50.305152576288144,0.2967398500066419,19.844981144979034
50.3351675837919,0.08082969187372652,19.629070986846113
50.36518259129565,-0.12163732304235711,19.42660397193003
50.3951975987994,-0.30931725373519264,19.238924041237162
50.425212606303155,-0.48125108338143585,19.066990211590987
50.455227613806905,-0.6368626267139874,18.911378668258436
50.485242621310654,-0.7759464461821775,18.772294848790168
50.51525762881441,-0.8986465157700726,18.64959477920233
50.54527263631816,-1.00542663253858,18.5428146624338
50.57528764382191,-1.0970337972923014,18.451207497680105
50.605302651325665,-1.1744559609669198,18.373785334005454
50.635317658829415,-1.2388756578760232,18.30936563709636
50.66533266633317,-1.2916211181995765,18.256620176772795
50.69534767383692,-1.3341164693081031,18.214124825664275
50.72536268134067,-1.3678325998070808,18.180408695165312
50.755377688844426,-1.3942401744387491,18.154001120533653
50.785392696348175,-1.4147661566539675,18.133475138318442
50.815407703851925,-1.4307550246164826,18.11748627035593
50.84542271135568,-1.4434356625992988,18.104805632373107
50.87543771885943,-1.4538946809999724,18.094346613972426
50.90545272636318,-1.4630566729179904,18.085184622054385
50.935467733866936,-1.471671662022506,18.07656963294987
50.965482741370685,-1.48030974387533,18.067931551097104
50.99549774887444,-1.4893626792173145,18.058878615755077
51.02551275637819,-1.4990519706386374,18.049189324333756
51.05552776388194,-1.5094427504141281,18.038798544558276
51.0855427713857,-1.5204626329519273,18.027778662020502
51.115557778889446,-1.5319245450279289,18.016316749944426
51.145572786393195,-1.5435524442459938,18.00468885072643
51.17558779389695,-1.5550087731856481,17.993232521786787
51.2056028014007,-1.565922474358195,17.98231882061419
51.23561780890445,-1.5759164089979534,17.972324885974473
51.26563281640821,-1.5846330792462548,17.963608215726154
51.295647823911956,-1.5917576456941311,17.95648364927828
51.32566283141571,-1.5970373567762752,17.95120393819615
51.35567783891946,-1.600296658535298,17.947944636437107
51.38569284642321,-1.6014474274721635,17.9467938675002
51.41570785392697,-1.600493959705848,17.947747335266577
51.44572286143072,-1.5975325502667672,17.950708744705615
51.475737868934466,-1.5927457006447163,17.95549559432766
51.50575287643822,-1.5863911943046547,17.96185010066776
51.53576788394197,-1.5787864725399179,17.969454822432457
51.56578289144572,-1.5702889208432413,17.977952374129117
51.59579789894948,-1.5612728335083634,17.98696846146401
51.62581290645323,-1.5521039566076766,17.996137338364733
51.65582791395698,-1.5431126127229686,18.005128682249392
51.68584292146073,-1.5345664815699744,18.0136748134024
51.71585792896448,-1.526644146592937,18.02159714837948
51.74587293646824,-1.5194105173274663,18.028830777644906
51.77588794397199,-1.5127952004647636,18.035446094507623
51.80590295147574,-1.5065748197615294,18.041666475210857
51.83591795897949,-1.500360177918502,18.047881117053876
51.86593296648324,-1.4935890149957332,18.05465227997667
51.89594797398699,-1.485524951489412,18.062716343482943
51.92596298149075,-1.4752630143935836,18.072978280578813
51.9559779889945,-1.4617419367104028,18.08649935826196
51.985992996498254,-1.4437632009110464,18.104478094061324
52.016008004002,-1.4200165712518227,18.12822472372054
52.04602301150575,-1.3891116354182014,18.15912965955422
52.07603801900951,-1.349614659669667,18.198626635302748
52.10605302651326,-1.3000898604134963,18.248151434558924
52.13606803401701,-1.2391440156286955,18.309097279343707
52.166083041520764,-1.1654731880240536,18.38276810694835
52.19609804902451,-1.0779102138168002,18.470331081155614
52.22611305652826,-0.9754715312837174,18.57276976368867
52.25612806403202,-0.8574018854543967,18.69083940951797
52.28614307153577,-0.723215451982786,18.82502584298963
52.31615807903952,-0.5727319755400159,18.975509319432394
52.346173086543274,-0.4061066158034043,19.142134679168997
52.37618809404702,-0.22385233560407014,19.324388959368306
52.40620310155078,-0.02685384793015987,19.521387447042226
52.43621810905453,0.18362764325915862,19.73186893823159
52.46623311655828,0.40595942489986,19.954200719872254
52.496248124062035,0.6381522239875724,20.18639351895996
52.526263131565784,0.8778850814360311,20.426126376408423
52.55627813906953,1.122539814129951,20.670781109102336
52.58629314657329,1.3692444372671622,20.917485732239566
52.61630815407704,1.6149246394991683,21.163165934471557
52.64632316158079,1.8563621447952596,21.404603439767666
52.676338169084545,2.0902585661054602,21.638499861077854
52.706353176588294,2.313303164738851,21.861544459711176
52.73636818409205,2.5222427828015435,22.070484077773965
52.7663831915958,2.713952119604794,22.262193414577144
52.79639819909955,2.885502480678412,22.43374377565081
52.826413206603306,3.034227142165259,22.582468437137646
52.856428214107055,3.157781544366468,22.706022839338882
52.886443221610804,3.2541966545737564,22.802437949546132
52.91645822911456,3.3219240177073677,22.87016531267977
52.94647323661831,3.3598712385182625,22.908112533490655
52.97648824412206,3.367426904410206,22.915668199382637
53.006503251625816,3.344474255056308,22.8927155500287
53.036518259129565,3.291393224544831,22.839634519517208
53.06653326663332,3.2090508135620484,22.757292108534436
53.09654827413707,3.0987800824122904,22.647021377384668
53.12656328164082,2.9623483796747814,22.510589674647154
53.156578289144576,2.8019157254934233,22.350157020465844
53.186593296648326,2.6199845430225155,22.168225837994925
53.216608304152075,2.4193421675757625,21.96758346254817
53.24662331165583,2.202997753045008,21.751239048017403
53.27663831915958,1.9741153332795132,21.522356628251906
53.30665332666333,1.7359448782767015,21.28418617324909
53.336668334167086,1.491753209134131,21.039994504106506
53.366683341670836,1.2447566016714813,20.79299789664388
53.39669834917459,0.9980568184113692,20.54629811338382
53.42671335667834,0.754582166099612,20.30282346107203
53.45672836418209,0.5170349868137588,20.065276281786172
53.48674337168585,0.287846762178306,19.8360880571507
53.516758379189596,0.0691417507543995,19.61738304572676
53.546773386693346,-0.13729020228222666,19.41095109269019
53.5767883941971,-0.33001133653189213,19.218229958440507
53.60680340170085,-0.5079440760118815,19.0402972189605
53.6368184092046,-0.6703697894314483,18.877871505541
53.66683341670836,-0.8169187106669199,18.731322584305484
53.69684842421211,-0.9475517596773076,18.600689535295068
53.72686343171586,-1.06253521099152,18.485706083980865
53.75687843921961,-1.1624093241852003,18.385831970787194
53.78689344672336,-1.247952174278549,18.300289120693837
53.81690845422712,-1.3201399973006833,18.228101297671717
53.84692346173087,-1.3801053967562873,18.168135898216107
53.87693846923462,-1.4290947415292374,18.119146553443144
53.90695347673837,-1.4684260276529546,18.079815267319383
53.93696848424212,-1.4994483796393017,18.04879291533311
53.96698349174587,-1.5235042372182035,18.02473705775418
53.99699849924963,-1.5418951169148427,18.006346178057555
54.02701350675338,-1.5558516620771519,17.992389632895232
54.057028514257134,-1.566508507325531,17.98173278764688
54.08704352176088,-1.5748842915185803,17.973357003453774
54.11705852926463,-1.5818669645268315,17.966374330445582
54.14707353676839,-1.588204354116009,17.960036940856398
54.17708854427214,-1.5944997959756735,17.953741498996735
54.20710355177589,-1.6012124872632891,17.947028807709092
54.237118559279644,-1.6086621056569035,17.939579189315506
54.26713356678339,-1.6170371442319382,17.931204150740427
54.29714857428714,-1.6264063486071634,17.921834946365255
54.3271635817909,-1.636732606560772,17.91150868841161
54.35717858929465,-1.6478886303547617,17.90035266461764
54.3871935967984,-1.6596737859200903,17.88856750905232
54.417208604302154,-1.6718314576023665,17.87640983737007
54.4472236118059,-1.6840663884588893,17.8641749065135
54.47723861930966,-1.6960614998561006,17.85217979511628
54.50725362681341,-1.7074937659167444,17.84074752905568
54.53726863431716,-1.7180487938738052,17.830192501098598
54.567283641820914,-1.7274338366014013,17.82080745837099
54.597298649324664,-1.7353890350222134,17.812852259950205
54.62731365682841,-1.7416967529252687,17.806544542047096
54.65732866433217,-1.7461889229572098,17.802052372015204
54.68734367183592,-1.7487523690115196,17.799488925960887
54.71735867933967,-1.7493321066450072,17.798909188327396
54.747373686843424,-1.747932650033476,17.800308644938887
54.777388694347174,-1.744617372611355,17.803623922361048
54.80740370185093,-1.7395059807954238,17.80873531417695
54.83741870935468,-1.7327701683827126,17.81547112658969
54.86743371685843,-1.7246275258883115,17.823613769084048
54.897448724362185,-1.7153337868381153,17.832907508134266
54.927463731865934,-1.7051735042745206,17.843067790697845
54.957478739369684,-1.6944492675175273,17.85379202745482
54.98749374687344,-1.6834695930565557,17.86477170191582
55.01750875437719,-1.6725356551523867,17.875705639820005
55.04752376188094,-1.6619270613382853,17.88631423363412
55.077538769384695,-1.6518869247213366,17.89635437025106
55.107553776888444,-1.6426065371561573,17.90563475781622
55.1375687843922,-1.6342100025629442,17.914031292409433
55.16758379189595,-1.6267392447746898,17.921502050197695
55.1975987993997,-1.6201398556778692,17.928101439294498
55.227613806903456,-1.614248293071101,17.933993001901293
55.257628814407205,-1.6087809695012063,17.939460325471188
55.287643821910955,-1.6033257893668456,17.944915505605547
55.31765882941471,-1.5973366881989357,17.95090460677345
55.34767383691846,-1.590131702252551,17.958109592719836
55.37768884442221,-1.580895046227549,17.96734624874484
55.407703851925966,-1.568683600968157,17.97955769400426
55.437718859429715,-1.552438111450972,17.995803183521414
55.46773386693347,-1.5309992696103862,18.017242025362002
55.49774887443722,-1.5031287092373582,18.04511258573503
55.52776388194097,-1.4675347752804673,18.08070651969192
55.55777888944473,-1.4229027525195748,18.125338542452816
55.587793896948476,-1.3679290549463425,18.18031224002601
55.617808904452225,-1.3013586942603204,18.246882600712063
55.64782391195598,-1.2220251711967098,18.326216123775716
55.67783891945973,-1.1288917747049072,18.4193495202675
55.70785392696348,-1.021093138938007,18.527148156034393
55.73786893446724,-0.8979758037927715,18.65026549117961
55.767883941970986,-0.7591364577428233,18.789104837229548
55.79789894947474,-0.6044565171979221,18.943784777774482
55.82791395697849,-0.43413171843929454,19.114109576533064
55.85792896448224,-0.2486954685023643,19.299545826470055
55.887943971986,-0.04903482054988727,19.499206474422493
55.91795897948975,0.16360189431271793,19.711843189285126
55.947973986993496,0.3876065367478172,19.935847831720256
55.97798899449725,0.6210222401228543,20.16926353509529
56.008004002001,0.8615643331740449,20.40980562814644
56.03801900950475,1.1066510335474946,20.654892328519885
56.06803401700851,1.3534435279088377,20.901684822881233
56.09804902451226,1.5988947396664173,21.14713603463879
56.12806403201601,1.8398057809163204,21.388047075888743
56.15807903951976,2.07288880241818,21.62113009739057
56.18809404702351,2.2948347052761653,21.843076000248594
56.21810905452727,2.5023839706513833,22.050625265623797
56.24812406203102,2.692398708131241,22.240640003103643
56.27813906953477,2.8619339264711754,22.41017522144357
56.30815407703852,3.008305997453496,22.556547292425886
56.33816908454227,3.1291563174615113,22.67739761243389
56.36818409204602,3.222508272486131,22.770749567458545
56.39819909954978,3.2868157786238923,22.835057073596317
56.42821410705353,3.3210018971578625,22.869243192130288
56.45822911455728,3.324486304170868,22.87272759914328
56.48824412206103,3.297200720323547,22.845442015295962
56.51825912956478,3.239591766148686,22.78783306112109
56.54827413706854,3.152611089731583,22.70085238470396
56.57828914457229,3.0376930037950225,22.58593429876744
56.60830415207604,2.8967202543102006,22.444961549282585
56.638319159579794,2.7319789092203783,22.28022020419279
56.66833416708354,2.546103690640484,22.09434498561289
56.69834917458729,2.3420153650432014,21.890256660015584
56.72836418209105,2.1228520430460356,21.671093338018412
56.7583791895948,1.8918964150258017,21.440137709998197
56.78839419709855,1.6525010547590915,21.200742349731485
56.818409204602304,1.408013956997365,20.956255251969736
56.84842421210605,1.1617064354092024,20.7099477303816
56.87843921960981,0.9167053964546387,20.464946691427006
56.90845422711356,0.6759318269588216,20.224173121931255
56.93846923461731,0.4420470953618353,19.990288390334246
56.968484242121065,0.21740837800320614,19.765649672975606
56.998499249624814,0.004034193359208495,19.552275488331656
57.02851425712856,-0.19641932867569403,19.35182196629672
57.05852926463232,-0.38267118521946636,19.165570109752945
57.08854427213607,-0.5538173594068484,18.99442393556557
57.11855927963982,-0.7093222695500253,18.838919025422356
57.148574287143575,-0.8490006084163388,18.699240686556053
57.178589294647324,-0.9729906648199603,18.57525063015246
57.20860430215108,-1.0817204636549818,18.466520831317435
57.23861930965483,-1.175868247969381,18.372373047003045
57.26863431715858,-1.2563189518568147,18.2919223431156
57.298649324662335,-1.3241183725190648,18.224122922453333
57.328664332166085,-1.3804267431462722,18.167814551826115
57.358679339669834,-1.4264733372261644,18.121767957746222
57.38869434717359,-1.4635136039927725,18.08472769097966
57.41870935467734,-1.492790150741413,18.055451144230997
57.44872436218109,-1.5154986594467965,18.03274263552565
57.478739369684845,-1.5327595629331874,18.015481732039238
57.508754377188595,-1.545596021343711,18.002645273628698
57.53876938469235,-1.5549184451127636,17.993322849859634
57.5687843921961,-1.561515518510956,17.986725776461427
57.59879939969985,-1.5660514002212547,17.98218989475113
57.628814407203606,-1.5690685255956733,17.97917276937673
57.658829414707355,-1.5709952192265253,17.977246075745832
57.688844422211105,-1.5721571545482815,17.976084140424135
57.71885942971486,-1.5727915756604713,17.975449719311907
57.74887443721861,-1.5730631294743735,17.97517816549803
57.77888944472236,-1.5730801452975494,17.97516114967483
57.808904452226116,-1.5729102433133442,17.975331051659044
57.838919459729865,-1.5725942499545578,17.975647045017872
57.86893446723362,-1.572157541578926,17.976083753393485
57.89894947473737,-1.571618120839772,17.976623174132644
57.92896448224112,-1.570990943799196,17.977250351173215
57.95897948974488,-1.570288250023144,17.977953044949256
57.988994497248626,-1.5695158917007148,17.97872540327169
58.019009504752376,-1.5686659000265193,17.979575394945925
58.04902451225613,-1.5677057566017107,17.980535538370695
58.07903951975988,-1.566565044032222,17.981676250940204
58.10905452726363,-1.565120323872833,17.983120971099545
58.13906953476739,-1.5631792237021058,17.985062071270296
58.169084542271136,-1.5604648023045005,17.987776492667933
58.19909954977489,-1.5566012986157294,17.991639996356664
58.22911455727864,-1.5511023543644886,17.99713894060787
58.25912956478239,-1.5433627325854622,18.004878562386914
58.28914457228615,-1.5326544369810982,18.01558685799126
58.3191595797899,-1.5181279751519425,18.030113319820433
58.349174587293646,-1.498819308590343,18.04942198638207
58.3791895947974,-1.4736628022208238,18.07457849275152
58.40920460230115,-1.4415102356195884,18.10673105935279
58.4392196098049,-1.4011556771583005,18.14708561781408
58.46923461730866,-1.3513657619237458,18.19687553304864
58.49924962481241,-1.290914665085876,18.257326629886496
58.529264632316156,-1.218622834681477,18.32961846029092
58.55927963981991,-1.133398350957658,18.414842944014744
58.58929464732366,-1.0342796216259866,18.51396167334641
58.61930965482742,-0.920478010222283,18.6277632847501
58.64932466233117,-0.7914189330333696,18.75682236193899
58.67933966983492,-0.646779951537697,18.901461343434697
58.70935467733867,-0.48652443274395557,19.061716862228476
58.73936968484242,-0.3109294478303159,19.237311847142077
58.76938469234617,-0.12060672672428054,19.427634568248077
58.79939969984993,0.08348432250009577,19.63172561747249
58.82941470735368,0.30003229213583543,19.848273587108263
58.85942971485743,0.5273786566164336,20.075619951588816
58.88944472236118,0.7635320856935087,20.311773380665883
58.91945972986493,1.0061921299398984,20.554433424912265
58.94947473736869,1.2527819322773213,20.80102322724971
58.97948974487244,1.5004893418919814,21.04873063686435
59.00950475237619,1.7463155488199917,21.294556843792364
59.039519759879944,1.9871301271412496,21.535371422113663
59.06953476738369,2.219731179461399,21.767972474433805
59.09954977488744,2.440909121102871,21.98915041607524
59.1295647823912,2.647512533510128,22.195753828482495
59.15957978989495,2.83651445542876,22.38475575040118
59.1895947973987,3.005077468335038,22.553318763307438
59.219609804902454,3.1506159685371915,22.6988572635096
59.2496248124062,3.2708540998960367,22.8190953948684
59.27963981990996,3.363877944296514,22.91211923926891
59.30965482741371,3.4281807266700173,22.976422021642424
59.33966983491746,3.4626999813356747,23.010941276308113
59.369684842421215,3.4668458397679665,23.015087134740373
59.399699849924964,3.4405198292657855,22.988761124238138
59.42971485742871,3.3841238098820736,22.932365104854455
59.45972986493247,3.298558916026899,22.846800210999334
59.48974487243622,3.1852146024402184,22.733455897412608
59.51975987993997,3.045948115434478,22.594189410406884
59.549774887443725,2.8830549139810606,22.431296208953466
59.579789894947474,2.6992307468626717,22.247472041835092
59.60980490245123,2.4975262483335876,22.04576754330596
59.63981990995498,2.2812950432233974,21.829536338195755
59.66983491745873,2.054136451993457,21.60237774696582
59.699849924962486,1.819833956768736,21.368075251741132
59.729864932466235,1.5822906316123846,21.130531926584748
59.759879939969984,1.3454627559016186,20.893704050874
59.78989494747374,1.1132928208505082,20.66153411582288
59.81990995497749,0.8896431087381772,20.437884403710562
59.84992496248124,0.6782309752444479,20.226472270216878
59.879939969984996,0.482566900590171,20.03080819556259
59.909954977488745,0.3058962979703986,19.85413759294282
59.9399699849925,0.15114598090523554,19.699387275877616
59.96998499249625,0.02087609713013924,19.56911739210254
60.0,-0.08276176239389547,19.465479532578524
