N,y_proxy,log_q_proxy,blind_threshold_R,omega_cutoff_K,low_omega_leakage_L,tail_amplification_T,seed_tail_sigma,delta=L+T*sigma,source_floor_1_minus_delta2,omega_density_defect_epsilon,covered_floor=(1-eps^2)(1-delta^2),gamma_floor,gamma_covered_floor
4,20,30,2,0,0.3476619225177495,1.1895993988228144,1.0,1.5,0.0,0.8335697316319117,0.0,0.0,0.0
4,20,30,2,1,0.5452424295155255,1.2609753627521834,0.8463064630635796,1.5,0.0,0.7849059039076208,0.0,0.0,0.0
4,20,30,2,2,0.8551103462554631,1.3323513266815523,0.590447983880367,1.5,0.0,0.7470064767686911,0.0,0.0,0.0
4,20,30,2,3,0.8551103462554631,1.4037272906109208,0.4119415801297018,1.433363984420911,0.0,0.717490373234935,0.0,0.0,0.0
4,20,30,3,0,0.22167902904426479,1.1895993988228144,1.0,1.4112784278670791,0.0,0.8335697316319117,0.0,0.0,0.0
4,20,30,3,1,0.3476619225177495,1.2609753627521834,0.8463064630635796,1.4148335217788641,0.0,0.7849059039076208,0.0,0.0,0.0
4,20,30,3,2,0.5452424295155255,1.3323513266815523,0.590447983880367,1.3319265841749803,0.0,0.7470064767686911,0.0,0.0,0.0
4,20,30,3,3,0.8551103462554631,1.4037272906109208,0.4119415801297018,1.433363984420911,0.0,0.717490373234935,0.0,0.0,0.0
4,20,30,3,4,0.8551103462554631,1.4751032545402898,0.2874018881807856,1.2790578068719645,0.0,0.6945032086896291,0.0,0.0,0.0
4,20,30,4,0,0.14134878954280394,1.1895993988228144,1.0,1.3309481883656185,0.0,0.8335697316319117,0.0,0.0,0.0
4,20,30,4,1,0.22167902904426479,1.2609753627521834,0.8463064630635796,1.2888506283053793,0.0,0.7849059039076208,0.0,0.0,0.0
4,20,30,4,2,0.3476619225177495,1.3323513266815523,0.590447983880367,1.1343460771772045,0.0,0.7470064767686911,0.0,0.0,0.0
4,20,30,4,3,0.5452424295155255,1.4037272906109208,0.4119415801297018,1.1234960676809733,0.0,0.717490373234935,0.0,0.0,0.0
4,20,30,4,4,0.8551103462554631,1.4751032545402898,0.2874018881807856,1.2790578068719645,0.0,0.6945032086896291,0.0,0.0,0.0
4,20,30,4,5,0.8551103462554631,1.5464792184696587,0.20051349345184782,1.1652002969014978,0.0,0.6766007869411536,0.0,0.0,0.0
4,20,30,5,0,0.09012796741015312,1.1895993988228144,1.0,1.2797273662329676,0.0,0.8335697316319117,0.0,0.0,0.0
4,20,30,5,1,0.14134878954280394,1.2609753627521834,0.8463064630635796,1.2085203888039184,0.0,0.7849059039076208,0.0,0.0,0.0
4,20,30,5,2,0.22167902904426479,1.3323513266815523,0.590447983880367,1.0083631837037197,0.0,0.7470064767686911,0.0,0.0,0.0
4,20,30,5,3,0.3476619225177495,1.4037272906109208,0.4119415801297018,0.9259155606831974,0.14268037448472026,0.717490373234935,0.06922959697931082,4.280411234541608,2.0768879093793244
4,20,30,5,4,0.5452424295155255,1.4751032545402898,0.2874018881807856,0.9691898901320268,0.06067095686586976,0.6945032086896291,0.03140724866982979,1.8201287059760929,0.9422174600948936
4,20,30,5,5,0.8551103462554631,1.5464792184696587,0.20051349345184782,1.1652002969014978,0.0,0.6766007869411536,0.0,0.0,0.0
4,20,30,5,6,0.8551103462554631,1.6178551823990275,0.1398935174391529,1.0814377984284254,0.0,0.6626583668645664,0.0,0.0,0.0
5,25,35,2,0,0.34129775530099365,1.1996715911843754,1.0,1.5,0.0,0.7978382121317399,0.0,0.0,0.0
5,25,35,2,1,0.5352614285189903,1.271651886655438,0.8404785920332347,1.5,0.0,0.749174384407449,0.0,0.0,0.0
5,25,35,2,2,0.8394570207692074,1.3436321821265005,0.5863820162311002,1.5,0.0,0.7112749572685193,0.0,0.0,0.0
5,25,35,2,3,0.8394570207692074,1.415612477597563,0.4091048507582376,1.4185909521482574,0.0,0.6817588537347632,0.0,0.0,0.0
5,25,35,3,0,0.21762105686523286,1.1996715911843754,1.0,1.4172926480496082,0.0,0.7978382121317399,0.0,0.0,0.0
5,25,35,3,1,0.34129775530099365,1.271651886655438,0.8404785920332347,1.4100939425535628,0.0,0.749174384407449,0.0,0.0,0.0
5,25,35,3,2,0.5352614285189903,1.3436321821265005,0.5863820162311002,1.3231431765473205,0.0,0.7112749572685193,0.0,0.0,0.0
5,25,35,3,3,0.8394570207692074,1.415612477597563,0.4091048507582376,1.4185909521482574,0.0,0.6817588537347632,0.0,0.0,0.0
5,25,35,3,4,0.8394570207692074,1.4875927730686254,0.2854227692548447,1.2640498695819482,0.0,0.6587716891894573,0.0,0.0,0.0
5,25,35,4,0,0.13876131224295526,1.1996715911843754,1.0,1.3384329034273306,0.0,0.7978382121317399,0.0,0.0,0.0
5,25,35,4,1,0.21762105686523286,1.271651886655438,0.8404785920332347,1.286417244117802,0.0,0.749174384407449,0.0,0.0,0.0
5,25,35,4,2,0.34129775530099365,1.3436321821265005,0.5863820162311002,1.129179503329324,0.0,0.7112749572685193,0.0,0.0,0.0
5,25,35,4,3,0.5352614285189903,1.415612477597563,0.4091048507582376,1.1143953598980403,0.0,0.6817588537347632,0.0,0.0,0.0
5,25,35,4,4,0.8394570207692074,1.4875927730686254,0.2854227692548447,1.2640498695819482,0.0,0.6587716891894573,0.0,0.0,0.0
5,25,35,4,5,0.8394570207692074,1.559573068539688,0.19913270903073974,1.150019030838899,0.0,0.6408692674409817,0.0,0.0,0.0
5,25,35,5,0,0.0884781190420873,1.1996715911843754,1.0,1.2881497102264627,0.0,0.7978382121317399,0.0,0.0,0.0
5,25,35,5,1,0.13876131224295526,1.271651886655438,0.8404785920332347,1.2075574994955243,0.0,0.749174384407449,0.0,0.0,0.0
5,25,35,5,2,0.21762105686523286,1.3436321821265005,0.5863820162311002,1.005502804893563,0.0,0.7112749572685193,0.0,0.0,0.0
5,25,35,5,3,0.34129775530099365,1.415612477597563,0.4091048507582376,0.9204316866800437,0.15280551015532984,0.6817588537347632,0.0817822524880726,5.348192855436544,2.8623788370825407
5,25,35,5,4,0.5352614285189903,1.4875927730686254,0.2854227692548447,0.9598542773317311,0.07867976628798024,0.6587716891894573,0.044534310418942805,2.753791820079308,1.558700864662998
5,25,35,5,5,0.8394570207692074,1.559573068539688,0.19913270903073974,1.150019030838899,0.0,0.6408692674409817,0.0,0.0,0.0
5,25,35,5,6,0.8394570207692074,1.6315533640107505,0.1389301768371381,1.0661290181504484,0.0,0.6269268473643945,0.0,0.0,0.0
5,25,35,6,0,0.05641613950377734,1.1996715911843754,1.0,1.2560877306881528,0.0,0.7978382121317399,0.0,0.0,0.0
5,25,35,6,1,0.0884781190420873,1.271651886655438,0.8404785920332347,1.1572743062946564,0.0,0.749174384407449,0.0,0.0,0.0
5,25,35,6,2,0.13876131224295526,1.3436321821265005,0.5863820162311002,0.9266430602712855,0.14133263885106673,0.7112749572685193,0.06983075170101435,4.946642359787336,2.4440763095355025
5,25,35,6,3,0.21762105686523286,1.415612477597563,0.4091048507582376,0.7967549882442828,0.3651814887078527,0.6817588537347632,0.1954469094937552,12.781352104774845,6.840641832281432
5,25,35,6,4,0.34129775530099365,1.4875927730686254,0.2854227692548447,0.7658906041137346,0.41341158253029875,0.6587716891894573,0.2339991666955845,14.469405388560457,8.189970834345457
5,25,35,6,5,0.5352614285189903,1.559573068539688,0.19913270903073974,0.8458234385886819,0.2845827107340182,0.6408692674409817,0.1677007729188765,9.960394875690637,5.869527052160677
5,25,35,6,6,0.8394570207692074,1.6315533640107505,0.1389301768371381,1.0661290181504484,0.0,0.6269268473643945,0.0,0.0,0.0
5,25,35,6,7,0.8394570207692074,1.703533659481813,0.09692829535613318,1.004577634464575,0.0,0.6160684796908379,0.0,0.0,0.0
6,30,40,2,0,0.3356444394904556,1.2088230353813387,1.0,1.5,0.0,0.7641875343354042,0.0,0.0,0.0
6,30,40,2,1,0.5263952644448991,1.281352417504219,0.8348792350945377,1.5,0.0,0.7155237066111133,0.0,0.0,0.0
6,30,40,2,2,0.825552107613255,1.3538817996270995,0.5824754774537497,1.5,0.0,0.6776242794721836,0.0,0.0,0.0
6,30,40,2,3,0.825552107613255,1.4264111817499796,0.40637935113640167,1.4052161581065197,0.0,0.6481081759384275,0.0,0.0,0.0
6,30,40,3,0,0.2140163435544253,1.2088230353813387,1.0,1.422839378935764,0.0,0.7641875343354042,0.0,0.0,0.0
6,30,40,3,1,0.3356444394904556,1.281352417504219,0.8348792350945377,1.4054189657029146,0.0,0.7155237066111133,0.0,0.0,0.0
6,30,40,3,2,0.5263952644448991,1.3538817996270995,0.5824754774537497,1.3149982120986359,0.0,0.6776242794721836,0.0,0.0,0.0
6,30,40,3,3,0.825552107613255,1.4264111817499796,0.40637935113640167,1.4052161581065197,0.0,0.6481081759384275,0.0,0.0,0.0
6,30,40,3,4,0.825552107613255,1.4989405638728601,0.28352125269197426,1.2505336139933025,0.0,0.6251210113931216,0.0,0.0,0.0
6,30,40,4,0,0.1364628455574586,1.2088230353813387,1.0,1.3452858809387973,0.0,0.7641875343354042,0.0,0.0,0.0
6,30,40,4,1,0.2140163435544253,1.281352417504219,0.8348792350945377,1.2837908697668843,0.0,0.7155237066111133,0.0,0.0,0.0
6,30,40,4,2,0.3356444394904556,1.3538817996270995,0.5824754774537497,1.1242473871441923,0.0,0.6776242794721836,0.0,0.0,0.0
6,30,40,4,3,0.5263952644448991,1.4264111817499796,0.40637935113640167,1.1060593149381637,0.0,0.6481081759384275,0.0,0.0,0.0
6,30,40,4,4,0.825552107613255,1.4989405638728601,0.28352125269197426,1.2505336139933025,0.0,0.6251210113931216,0.0,0.0,0.0
6,30,40,4,5,0.825552107613255,1.5714699459957404,0.19780606594119304,1.1363983953754915,0.0,0.607218589644646,0.0,0.0,0.0
6,30,40,5,0,0.08701255197784985,1.2088230353813387,1.0,1.2958355873591887,0.0,0.7641875343354042,0.0,0.0,0.0
6,30,40,5,1,0.1364628455574586,1.281352417504219,0.8348792350945377,1.2062373717699175,0.0,0.7155237066111133,0.0,0.0,0.0
6,30,40,5,2,0.2140163435544253,1.3538817996270995,0.5824754774537497,1.002619291208162,0.0,0.6776242794721836,0.0,0.0,0.0
6,30,40,5,3,0.3356444394904556,1.4264111817499796,0.40637935113640167,0.9153084899837203,0.1622103681637218,0.6481081759384275,0.09407484258470795,6.488414726548872,3.762993703388318
6,30,40,5,4,0.5263952644448991,1.4989405638728601,0.28352125269197426,0.9513767708249468,0.09488223993469669,0.6251210113931216,0.05780451128072706,3.7952895973878675,2.3121804512290827
6,30,40,5,5,0.825552107613255,1.5714699459957404,0.19780606594119304,1.1363983953754915,0.0,0.607218589644646,0.0,0.0,0.0
6,30,40,5,6,0.825552107613255,1.6439993281186205,0.13800460936041564,1.052431592679051,0.0,0.5932761695680588,0.0,0.0,0.0
6,30,40,6,0,0.055481652685529875,1.2088230353813387,1.0,1.2643046880668687,0.0,0.7641875343354042,0.0,0.0,0.0
6,30,40,6,1,0.08701255197784985,1.281352417504219,0.8348792350945377,1.156787078190309,0.0,0.7155237066111133,0.0,0.0,0.0
6,30,40,6,2,0.1364628455574586,1.3538817996270995,0.5824754774537497,0.9250657932111953,0.14425327823054201,0.6776242794721836,0.07801582764935316,5.770131129221681,3.1206331059741266
6,30,40,6,3,0.2140163435544253,1.4264111817499796,0.40637935113640167,0.79368039404769,0.3700714321043036,0.6481081759384275,0.21462507060689853,14.802857284172145,8.585002824275941
6,30,40,6,4,0.3356444394904556,1.4989405638728601,0.28352125269197426,0.7606259458705031,0.4214481704686024,0.6251210113931216,0.2567562226699237,16.857926818744097,10.270248906796947
6,30,40,6,5,0.5263952644448991,1.5714699459957404,0.19780606594119304,0.8372415522071357,0.2990265832577861,0.607218589644646,0.1887711713600266,11.961063330311443,7.5508468544010645
6,30,40,6,6,0.825552107613255,1.6439993281186205,0.13800460936041564,1.052431592679051,0.0,0.5932761695680588,0.0,0.0,0.0
6,30,40,6,7,0.825552107613255,1.716528710241501,0.09628254883944262,0.9908238669913878,0.01826806460023267,0.5824178018945022,0.01207134534689223,0.7307225840093068,0.48285381387568915
6,30,40,7,0,0.035376663650795614,1.2088230353813387,1.0,1.2441996990321345,0.0,0.7641875343354042,0.0,0.0,0.0
6,30,40,7,1,0.055481652685529875,1.281352417504219,0.8348792350945377,1.125256178897989,0.0,0.7155237066111133,0.0,0.0,0.0
6,30,40,7,2,0.08701255197784985,1.3538817996270995,0.5824754774537497,0.8756154996315866,0.23329749680492695,0.6776242794721836,0.12617319706710914,9.331899872197077,5.046927882684366
6,30,40,7,3,0.1364628455574586,1.4264111817499796,0.40637935113640167,0.7161268960507232,0.4871622687527567,0.6481081759384275,0.2825325795442868,19.486490750110267,11.301303181771472
6,30,40,7,4,0.2140163435544253,1.4989405638728601,0.28352125269197426,0.6389978499344728,0.591681747779121,0.6251210113931216,0.36046655609772876,23.667269911164837,14.41866224390915
6,30,40,7,5,0.3356444394904556,1.5714699459957404,0.19780606594119304,0.6464907272526921,0.5820497395762854,0.607218589644646,0.3674396099924434,23.281989583051413,14.697584399697735
6,30,40,7,6,0.5263952644448991,1.6439993281186205,0.13800460936041564,0.7532747495106952,0.43257715174959943,0.5932761695680588,0.28032011085235625,17.303086069983976,11.21280443409425
6,30,40,7,7,0.825552107613255,1.716528710241501,0.09628254883944262,0.9908238669913878,0.01826806460023267,0.5824178018945022,0.01207134534689223,0.7307225840093068,0.48285381387568915
6,30,40,7,8,0.825552107613255,1.7890580923643813,0.06717405493905694,0.9457303941989044,0.10559402148838493,0.573961296647459,0.07080801720165389,4.223760859535397,2.8323206880661553
7,35,45,2,0,0.33052836713399064,1.2172648317992953,1.0,1.5,0.0,0.7324965194557442,0.0,0.0,0.0
7,35,45,2,1,0.5183716658264058,1.290300721707253,0.8294994320817931,1.5,0.0,0.6838326917314533,0.0,0.0,0.0
7,35,45,2,2,0.8129686001283899,1.363336611615211,0.5787221162528322,1.5,0.0,0.6459332645925236,0.0,0.0,0.0
7,35,45,2,3,0.8129686001283899,1.4363725015231685,0.40376071988332807,1.3929193953640011,0.0,0.6164171610587675,0.0,0.0,0.0
7,35,45,3,0,0.21075419179420934,1.2172648317992953,1.0,1.4280190235935046,0.0,0.7324965194557442,0.0,0.0,0.0
7,35,45,3,1,0.33052836713399064,1.290300721707253,0.8294994320817931,1.4008320830048848,0.0,0.6838326917314533,0.0,0.0,0.0
7,35,45,3,2,0.5183716658264058,1.363336611615211,0.5787221162528322,1.3073647148653262,0.0,0.6459332645925236,0.0,0.0,0.0
7,35,45,3,3,0.8129686001283899,1.4363725015231685,0.40376071988332807,1.3929193953640011,0.0,0.6164171610587675,0.0,0.0,0.0
7,35,45,3,4,0.8129686001283899,1.5094083914311263,0.28169429565999504,1.238160333815867,0.0,0.5934299965134616,0.0,0.0,0.0
7,35,45,4,0,0.1343828057602824,1.2172648317992953,1.0,1.3516476375595778,0.0,0.7324965194557442,0.0,0.0,0.0
7,35,45,4,1,0.21075419179420934,1.290300721707253,0.8294994320817931,1.2810579076651034,0.0,0.6838326917314533,0.0,0.0,0.0
7,35,45,4,2,0.33052836713399064,1.363336611615211,0.5787221162528322,1.1195214161729112,0.0,0.6459332645925236,0.0,0.0,0.0
7,35,45,4,3,0.5183716658264058,1.4363725015231685,0.40376071988332807,1.098322461062017,0.0,0.6164171610587675,0.0,0.0,0.0
7,35,45,4,4,0.8129686001283899,1.5094083914311263,0.28169429565999504,1.238160333815867,0.0,0.5934299965134616,0.0,0.0,0.0
7,35,45,4,5,0.8129686001283899,1.582444281339084,0.19653144127123218,1.1239686554713793,0.0,0.5755275747649861,0.0,0.0,0.0
7,35,45,5,0,0.08568626004667665,1.2172648317992953,1.0,1.302951091845972,0.0,0.7324965194557442,0.0,0.0,0.0
7,35,45,5,1,0.1343828057602824,1.290300721707253,0.8294994320817931,1.2046865216311766,0.0,0.6838326917314533,0.0,0.0,0.0
7,35,45,5,2,0.21075419179420934,1.363336611615211,0.5787221162528322,0.9997472408331298,0.0005054544465439292,0.6459332645925236,0.00029456379784622205,0.022745450094476816,0.013255370903079992
7,35,45,5,3,0.33052836713399064,1.4363725015231685,0.40376071988332807,0.9104791623696018,0.17102769489074832,0.6164171610587675,0.10604228174732032,7.696246270083674,4.771902678629415
7,35,45,5,4,0.5183716658264058,1.5094083914311263,0.28169429565999504,0.943563399513883,0.10968811109780441,0.5934299965134616,0.0710604379480362,4.9359649994011985,3.1977197076616286
7,35,45,5,5,0.8129686001283899,1.582444281339084,0.19653144127123218,1.1239686554713793,0.0,0.5755275747649861,0.0,0.0,0.0
7,35,45,5,6,0.8129686001283899,1.6554801712470415,0.13711533390355785,1.0399603165796472,0.0,0.5615851546883989,0.0,0.0,0.0
7,35,45,6,0,0.05463597161294503,1.2172648317992953,1.0,1.2719008034122403,0.0,0.7324965194557442,0.0,0.0,0.0
7,35,45,6,1,0.08568626004667665,1.290300721707253,0.8294994320817931,1.1559899759175707,0.0,0.6838326917314533,0.0,0.0,0.0
7,35,45,6,2,0.1343828057602824,1.363336611615211,0.5787221162528322,0.9233758547992029,0.14737703077384134,0.6459332645925236,0.08588694430699662,6.63196638482286,3.8649124938148476
7,35,45,6,3,0.21075419179420934,1.4363725015231685,0.40376071988332807,0.7907049870298206,0.37478562348617117,0.6164171610587675,0.23237828648718792,16.8653530568777,10.457022891923456
7,35,45,6,4,0.33052836713399064,1.5094083914311263,0.28169429565999504,0.7557201008214678,0.42888712921439054,0.5934299965134616,0.27785059772864146,19.299920814647574,12.503276897788865
7,35,45,6,5,0.5183716658264058,1.582444281339084,0.19653144127123218,0.8293717211693952,0.31214254812451503,0.5755275747649861,0.20875095095942042,14.046414665603177,9.393792793173919
7,35,45,6,6,0.8129686001283899,1.6554801712470415,0.13711533390355785,1.0399603165796472,0.0,0.5615851546883989,0.0,0.0,0.0
7,35,45,6,7,0.8129686001283899,1.7285160611549992,0.09566212240583694,0.9783221151510546,0.042885839006366666,0.5507267870148422,0.029878564295808617,1.9298627552865,1.3445353933113877
7,35,45,7,0,0.03483743359162183,1.2172648317992953,1.0,1.252102265390917,0.0,0.7324965194557442,0.0,0.0,0.0
7,35,45,7,1,0.05463597161294503,1.290300721707253,0.8294994320817931,1.124939687483839,0.0,0.6838326917314533,0.0,0.0,0.0
7,35,45,7,2,0.08568626004667665,1.363336611615211,0.5787221162528322,0.8746793090855972,0.23493610625754235,0.6459332645925236,0.1369137657876173,10.572124781589405,6.161119460442778
7,35,45,7,3,0.1343828057602824,1.4363725015231685,0.40376071988332807,0.7143336009958936,0.4897275064882395,0.6164171610587675,0.30364568882023657,22.037737791970777,13.664055996910646
7,35,45,7,4,0.21075419179420934,1.5094083914311263,0.28169429565999504,0.6359459254816866,0.5955727798632411,0.5934299965134616,0.38583636953393036,26.80077509384585,17.362636629026866
7,35,45,7,5,0.33052836713399064,1.582444281339084,0.19653144127123218,0.64152842247698,0.5884412831541974,0.5755275747649861,0.3935307063400399,26.479857741938883,17.708881785301795
7,35,45,7,6,0.5183716658264058,1.6554801712470415,0.13711533390355785,0.7453633822776631,0.4444334283596023,0.5615851546883989,0.3042689532707546,19.999504276182105,13.692102897183958
7,35,45,7,7,0.8129686001283899,1.7285160611549992,0.09566212240583694,0.9783221151510546,0.042885839006366666,0.5507267870148422,0.029878564295808617,1.9298627552865,1.3445353933113877
7,35,45,7,8,0.8129686001283899,1.8015519510629572,0.06674119810426157,0.9332063357894017,0.12912593484251844,0.542270281767799,0.09115554226814612,5.81066706791333,4.101999402066576
7,35,45,8,0,0.022213328388272096,1.2172648317992953,1.0,1.2394781601875675,0.0,0.7324965194557442,0.0,0.0,0.0
7,35,45,8,1,0.03483743359162183,1.290300721707253,0.8294994320817931,1.1051411494625158,0.0,0.6838326917314533,0.0,0.0,0.0
7,35,45,8,2,0.05463597161294503,1.363336611615211,0.5787221162528322,0.8436290206518655,0.28829007551397423,0.6459332645925236,0.16800687006596546,12.97305339812884,7.560309152968445
7,35,45,8,3,0.08568626004667665,1.4363725015231685,0.40376071988332807,0.6656370552822879,0.5569273106351245,0.6164171610587675,0.3453115755601637,25.0617289785806,15.539020900207365
7,35,45,8,4,0.1343828057602824,1.5094083914311263,0.28169429565999504,0.5595745394477596,0.6868763348018277,0.5934299965134616,0.4449865411907602,30.90943506608225,20.02439435358421
7,35,45,8,5,0.21075419179420934,1.582444281339084,0.19653144127123218,0.5217542471371988,0.727772505594295,0.5755275747649861,0.48671097079763176,32.749762751743276,21.90199368589343
7,35,45,8,6,0.33052836713399064,1.6554801712470415,0.13711533390355785,0.5575200835852478,0.6891713563990982,0.5615851546883989,0.4718219509493591,31.01271103795942,21.23198779272116
7,35,45,8,7,0.5183716658264058,1.7285160611549992,0.09566212240583694,0.6837251808490705,0.5325198770729058,0.5507267870148422,0.37100660158605836,23.96339446828076,16.695297071372625
7,35,45,8,8,0.8129686001283899,1.8015519510629572,0.06674119810426157,0.9332063357894017,0.12912593484251844,0.542270281767799,0.09115554226814612,5.81066706791333,4.101999402066576
7,35,45,8,9,0.8129686001283899,1.874587840970915,0.04656375389096008,0.9002564470023457,0.1895383296307126,0.5356843488593545,0.13514884240157407,8.529224833382067,6.081697908070833
8,40,50,2,0,0.32583653941191093,1.2251379263527733,1.0,1.5,0.0,0.7026510456087899,0.0,0.0,0.0
8,40,50,2,1,0.5110134152376477,1.2986462019339398,0.8243305741624285,1.5,0.0,0.653987217884499,0.0,0.0,0.0
8,40,50,2,2,0.8014285660661502,1.3721544775151062,0.5751159264496668,1.5,0.0,0.6160877907455692,0.0,0.0,0.0
8,40,50,2,3,0.8014285660661502,1.4456627530962725,0.40124476663034075,1.38149318005844,0.0,0.5865716872118131,0.0,0.0,0.0
8,40,50,3,0,0.20776255035605187,1.2251379263527733,1.0,1.4329004767088251,0.0,0.7026510456087899,0.0,0.0,0.0
8,40,50,3,1,0.32583653941191093,1.2986462019339398,0.8243305741624285,1.3963503086859725,0.0,0.653987217884499,0.0,0.0,0.0
8,40,50,3,2,0.5110134152376477,1.3721544775151062,0.5751159264496668,1.3001613088058064,0.0,0.6160877907455692,0.0,0.0,0.0
8,40,50,3,3,0.8014285660661502,1.4456627530962725,0.40124476663034075,1.38149318005844,0.0,0.5865716872118131,0.0,0.0,0.0
8,40,50,3,4,0.8014285660661502,1.519171028677439,0.2799389746378844,1.2267037461336925,0.0,0.5635845226665072,0.0,0.0,0.0
8,40,50,4,0,0.13247525095975493,1.2251379263527733,1.0,1.3576131773125282,0.0,0.7026510456087899,0.0,0.0,0.0
8,40,50,4,1,0.20776255035605187,1.2986462019339398,0.8243305741624285,1.2782763196301135,0.0,0.653987217884499,0.0,0.0,0.0
8,40,50,4,2,0.32583653941191093,1.3721544775151062,0.5751159264496668,1.1149844329800698,0.0,0.6160877907455692,0.0,0.0,0.0
8,40,50,4,3,0.5110134152376477,1.4456627530962725,0.40124476663034075,1.0910780292299376,0.0,0.5865716872118131,0.0,0.0,0.0
8,40,50,4,4,0.8014285660661502,1.519171028677439,0.2799389746378844,1.2267037461336925,0.0,0.5635845226665072,0.0,0.0,0.0
8,40,50,4,5,0.8014285660661502,1.5926793042586054,0.19530679534945075,1.1124896570002911,0.0,0.5456821009180317,0.0,0.0,0.0
8,40,50,5,0,0.0844699494050991,1.2251379263527733,1.0,1.3096078757578724,0.0,0.7026510456087899,0.0,0.0,0.0
8,40,50,5,1,0.13247525095975493,1.2986462019339398,0.8243305741624285,1.2029890202338165,0.0,0.653987217884499,0.0,0.0,0.0
8,40,50,5,2,0.20776255035605187,1.3721544775151062,0.5751159264496668,0.9969104439242107,0.006169566794833159,0.6160877907455692,0.003827820320352461,0.30847833974165795,0.19139101601762307
8,40,50,5,3,0.32583653941191093,1.4456627530962725,0.40124476663034075,0.9059011534042007,0.1793431002609388,0.5865716872118131,0.11763717538975647,8.96715501304694,5.881858769487824
8,40,50,5,4,0.5110134152376477,1.519171028677439,0.2799389746378844,0.93628859530519,0.12336366630143403,0.5635845226665072,0.08417997163283927,6.168183315071701,4.208998581641963
8,40,50,5,5,0.8014285660661502,1.5926793042586054,0.19530679534945075,1.1124896570002911,0.0,0.5456821009180317,0.0,0.0,0.0
8,40,50,5,6,0.8014285660661502,1.6661875798397716,0.1362609274361115,1.0284648309776476,0.0,0.5317396808414444,0.0,0.0,0.0
8,40,50,6,0,0.053860417706758035,1.2251379263527733,1.0,1.2789983440595314,0.0,0.7026510456087899,0.0,0.0,0.0
8,40,50,6,1,0.0844699494050991,1.2986462019339398,0.8243305741624285,1.1549837186791607,0.0,0.653987217884499,0.0,0.0,0.0
8,40,50,6,2,0.13247525095975493,1.3721544775151062,0.5751159264496668,0.9216231445279137,0.1506107794704803,0.6160877907455692,0.09344432458435165,7.530538973524015,4.672216229217582
8,40,50,6,3,0.20776255035605187,1.4456627530962725,0.40124476663034075,0.7878271643483417,0.3793283591148511,0.5865716872118131,0.24881423732821045,18.966417955742553,12.440711866410522
8,40,50,6,4,0.32583653941191093,1.519171028677439,0.2799389746378844,0.7511117194794532,0.4358311848606192,0.5635845226665072,0.2973992090071919,21.79155924303096,14.869960450359596
8,40,50,6,5,0.5110134152376477,1.5926793042586054,0.19530679534945075,0.8220745061717887,0.32419350630240973,0.5456821009180317,0.22765874462791383,16.209675315120485,11.382937231395692
8,40,50,6,6,0.8014285660661502,1.6661875798397716,0.1362609274361115,1.0284648309776476,0.0,0.5317396808414444,0.0,0.0,0.0
8,40,50,6,7,0.8014285660661502,1.739695855420938,0.09506602324065765,0.9668145326892729,0.06526965938082296,0.5208813131678878,0.04756086885777512,3.2634829690411484,2.3780434428887562
8,40,50,7,0,0.03434291858793677,1.2251379263527733,1.0,1.25948084494071,0.0,0.7026510456087899,0.0,0.0,0.0
8,40,50,7,1,0.053860417706758035,1.2986462019339398,0.8243305741624285,1.1243741869808197,0.0,0.653987217884499,0.0,0.0,0.0
8,40,50,7,2,0.0844699494050991,1.3721544775151062,0.5751159264496668,0.873617842973258,0.236791864438752,0.6160877907455692,0.14691415791978818,11.8395932219376,7.345707895989409
8,40,50,7,3,0.13247525095975493,1.4456627530962725,0.40124476663034075,0.7125398649520447,0.49228694085412195,0.5865716872118131,0.32290757279808313,24.614347042706097,16.145378639904155
8,40,50,7,4,0.20776255035605187,1.519171028677439,0.2799389746378844,0.6330377304235942,0.5992632318601449,0.5635845226665072,0.4089207411794,29.963161593007243,20.446037058970003
8,40,50,7,5,0.32583653941191093,1.5926793042586054,0.19530679534945075,0.636897630346052,0.5943614084595837,0.5456821009180317,0.41737903281433425,29.71807042297919,20.868951640716713
8,40,50,7,6,0.5110134152376477,1.6661875798397716,0.1362609274361115,0.738049680149145,0.4552826696317448,0.5317396808414444,0.3265528204939323,22.76413348158724,16.327641024696614
8,40,50,7,7,0.8014285660661502,1.739695855420938,0.09506602324065765,0.9668145326892729,0.06526965938082296,0.5208813131678878,0.04756086885777512,3.2634829690411484,2.3780434428887562
8,40,50,7,8,0.8014285660661502,1.8132041310021045,0.06632531382872528,0.9216898990904059,0.15048772991471737,0.5124248079208447,0.11097278462590217,7.524386495735868,5.548639231295108
8,40,50,8,0,0.021898011700523155,1.2251379263527733,1.0,1.2470359380532965,0.0,0.7026510456087899,0.0,0.0,0.0
8,40,50,8,1,0.03434291858793677,1.2986462019339398,0.8243305741624285,1.1048566878619983,0.0,0.653987217884499,0.0,0.0,0.0
8,40,50,8,2,0.053860417706758035,1.3721544775151062,0.5751159264496668,0.8430083112749169,0.28933698712141276,0.6160877907455692,0.17951503493898918,14.466849356070638,8.97575174694946
8,40,50,8,3,0.0844699494050991,1.4456627530962725,0.40124476663034075,0.6645345633973889,0.5583938140502417,0.5865716872118131,0.366269295804575,27.919690702512085,18.31346479022875
8,40,50,8,4,0.13247525095975493,1.519171028677439,0.2799389746378844,0.5577504310272973,0.6889144566888641,0.5635845226665072,0.47009627032175294,34.4457228344432,23.504813516087648
8,40,50,8,5,0.20776255035605187,1.5926793042586054,0.19530679534945075,0.5188236412901929,0.7308220292383854,0.5456821009180317,0.5132059171093849,36.54110146191927,25.660295855469244
8,40,50,8,6,0.32583653941191093,1.6661875798397716,0.1362609274361115,0.5528728043234084,0.6943316622395702,0.5317396808414444,0.4980114065092074,34.71658311197851,24.900570325460368
8,40,50,8,7,0.5110134152376477,1.739695855420938,0.09506602324065765,0.6763993818607703,0.5424838762183679,0.5208813131678878,0.3952985926238794,27.124193810918396,19.76492963119397
8,40,50,8,8,0.8014285660661502,1.8132041310021045,0.06632531382872528,0.9216898990904059,0.15048772991471737,0.5124248079208447,0.11097278462590217,7.524386495735868,5.548639231295108
8,40,50,8,9,0.8014285660661502,1.886712406583271,0.04627360127753321,0.8887335436937596,0.2101526883135324,0.5058388750124,0.1563802963321501,10.50763441567662,7.819014816607504
8,40,50,9,0,0.013962788724796548,1.2251379263527733,1.0,1.23910071507757,0.0,0.7026510456087899,0.0,0.0,0.0
8,40,50,9,1,0.021898011700523155,1.2986462019339398,0.8243305741624285,1.0924117809745848,0.0,0.653987217884499,0.0,0.0,0.0
8,40,50,9,2,0.03434291858793677,1.3721544775151062,0.5751159264496668,0.8234908121560957,0.321862882294494,0.6160877907455692,0.1996952658403618,16.0931441147247,9.984763292018089
8,40,50,9,3,0.053860417706758035,1.4456627530962725,0.40124476663034075,0.6339250316990479,0.5981390541853611,0.5865716872118131,0.39233953646552205,29.906952709268054,19.616976823276104
8,40,50,9,4,0.0844699494050991,1.519171028677439,0.2799389746378844,0.5097451294726414,0.7401599029789201,0.5635845226665072,0.5050647528931805,37.007995148946,25.253237644659027
8,40,50,9,5,0.13247525095975493,1.5926793042586054,0.19530679534945075,0.44353634189389596,0.803275513419381,0.5456821009180317,0.5640850030006906,40.163775670969045,28.204250150034532
8,40,50,9,6,0.20776255035605187,1.6661875798397716,0.1362609274361115,0.43479881526754927,0.8109499902419356,0.5317396808414444,0.581656241840325,40.54749951209678,29.08281209201625
8,40,50,9,7,0.32583653941191093,1.739695855420938,0.09506602324065765,0.4912225060350336,0.7587004495646614,0.5208813131678878,0.5528518599053996,37.93502247823307,27.642592995269982
8,40,50,9,8,0.5110134152376477,1.8132041310021045,0.06632531382872528,0.6312747482619033,0.6014921922068706,0.5124248079208447,0.44355286333152977,30.07460961034353,22.177643166576487
8,40,50,9,9,0.8014285660661502,1.886712406583271,0.04627360127753321,0.8887335436937596,0.2101526883135324,0.5058388750124,0.1563802963321501,10.50763441567662,7.819014816607504
8,40,50,9,10,0.8014285660661502,1.9602206821644375,0.032283996133385146,0.8647123229897284,0.2522725984697075,0.5007097453060476,0.18902527248027734,12.613629923485375,9.451263624013867
9,45,55,2,0,0.32149054728890225,1.2325421931360785,1.0,1.5,0.0,0.6745436368517119,0.0,0.0,0.0
9,45,55,2,1,0.5041975428330888,1.3064947247242433,0.8193643900610239,1.5,0.0,0.625879809127421,0.0,0.0,0.0
9,45,55,2,2,0.7907391503193344,1.380447256312408,0.5716511373712064,1.5,0.0,0.5879803819884913,0.0,0.0,0.0
9,45,55,2,3,0.7907391503193344,1.4543997879005726,0.39882746531546953,1.3707937312830762,0.0,0.5584642784547352,0.0,0.0,0.0
9,45,55,3,0,0.20499142343169502,1.2325421931360785,1.0,1.4375336165677735,0.0,0.6745436368517119,0.0,0.0,0.0
9,45,55,3,1,0.32149054728890225,1.3064947247242433,0.8193643900610239,1.3919858005305272,0.0,0.625879809127421,0.0,0.0,0.0
9,45,55,3,2,0.5041975428330888,1.380447256312408,0.5716511373712064,1.2933317869850383,0.0,0.5879803819884913,0.0,0.0,0.0
9,45,55,3,3,0.7907391503193344,1.4543997879005726,0.39882746531546953,1.3707937312830762,0.0,0.5584642784547352,0.0,0.0,0.0
9,45,55,3,4,0.7907391503193344,1.5283523194887374,0.2782524807375184,1.2160069746580158,0.0,0.5354771139094293,0.0,0.0,0.0
9,45,55,4,0,0.13070830242106796,1.2325421931360785,1.0,1.3632504955571465,0.0,0.6745436368517119,0.0,0.0,0.0
9,45,55,4,1,0.20499142343169502,1.3064947247242433,0.8193643900610239,1.27548667667332,0.0,0.625879809127421,0.0,0.0,0.0
9,45,55,4,2,0.32149054728890225,1.380447256312408,0.5716511373712064,1.1106247914408516,0.0,0.5879803819884913,0.0,0.0,0.0
9,45,55,4,3,0.5041975428330888,1.4543997879005726,0.39882746531546953,1.0842521237968308,0.0,0.5584642784547352,0.0,0.0,0.0
9,45,55,4,4,0.7907391503193344,1.5283523194887374,0.2782524807375184,1.2160069746580158,0.0,0.5354771139094293,0.0,0.0,0.0
9,45,55,4,5,0.7907391503193344,1.602304851076902,0.1941301684811022,1.1017948610169808,0.0,0.5175746921609538,0.0,0.0,0.0
9,45,55,5,0,0.08334329327436532,1.2325421931360785,1.0,1.315885486410444,0.0,0.6745436368517119,0.0,0.0,0.0
9,45,55,5,1,0.13070830242106796,1.3064947247242433,0.8193643900610239,1.201203555662693,0.0,0.625879809127421,0.0,0.0,0.0
9,45,55,5,2,0.20499142343169502,1.380447256312408,0.5716511373712064,0.9941256675836443,0.011714157051373575,0.5879803819884913,0.007664327786053275,0.6442786378255466,0.42153802823293013
9,45,55,5,3,0.32149054728890225,1.4543997879005726,0.39882746531546953,0.9015451282526441,0.18721638172392352,0.5584642784547352,0.1288268965753381,10.296900994815793,7.085479311643596
9,45,55,5,4,0.5041975428330888,1.5283523194887374,0.2782524807375184,0.9294653671717703,0.1360941312282462,0.5354771139094293,0.09707107986607805,7.485177217553542,5.338909392634292
9,45,55,5,5,0.7907391503193344,1.602304851076902,0.1941301684811022,1.1017948610169808,0.0,0.5175746921609538,0.0,0.0,0.0
9,45,55,5,6,0.7907391503193344,1.6762573826650666,0.1354400227254456,1.017771488321187,0.0,0.5036322720843666,0.0,0.0,0.0
9,45,55,6,0,0.05314203004060492,1.2325421931360785,1.0,1.2856842231766834,0.0,0.6745436368517119,0.0,0.0,0.0
9,45,55,6,1,0.08334329327436532,1.3064947247242433,0.8193643900610239,1.1538385465159904,0.0,0.625879809127421,0.0,0.0,0.0
9,45,55,6,2,0.13070830242106796,1.380447256312408,0.5716511373712064,0.9198425465730173,0.15388968951406645,0.5879803819884913,0.10068680299889525,8.463932923273655,5.537774164939239
9,45,55,6,3,0.20499142343169502,1.4543997879005726,0.39882746531546953,0.7850460043954368,0.38370277098275984,0.5584642784547352,0.2640326489482093,21.103652404051793,14.521795692151512
9,45,55,6,4,0.32149054728890225,1.5283523194887374,0.2782524807375184,0.7467583716275837,0.4423519344041196,0.5354771139094293,0.3155138253643104,24.329356392226575,17.353260395037072
9,45,55,6,5,0.5041975428330888,1.602304851076902,0.1941301684811022,0.8152532535307352,0.33536213260755077,0.5175746921609538,0.2455241299762917,18.44491729341529,13.503827148696043
9,45,55,6,6,0.7907391503193344,1.6762573826650666,0.1354400227254456,1.017771488321187,0.0,0.5036322720843666,0.0,0.0,0.0
9,45,55,6,7,0.7907391503193344,1.7502099142532315,0.09449329745806587,0.956122256360921,0.08583023089130137,0.49277390441080987,0.06498840887073835,4.720662699021576,3.5743624878906095
9,45,55,7,0,0.03388485438821968,1.2325421931360785,1.0,1.2664270475242982,0.0,0.6745436368517119,0.0,0.0,0.0
9,45,55,7,1,0.05314203004060492,1.3064947247242433,0.8193643900610239,1.12363728328223,0.0,0.625879809127421,0.0,0.0,0.0
9,45,55,7,2,0.08334329327436532,1.380447256312408,0.5716511373712064,0.8724775374263146,0.2387829466865138,0.5879803819884913,0.15623068438462934,13.133062067758258,8.592687641154614
9,45,55,7,3,0.13070830242106796,1.4543997879005726,0.39882746531546953,0.7107628833848099,0.49481612360251115,0.5584642784547352,0.34049170800209233,27.214886798138114,18.727043940115077
9,45,55,7,4,0.20499142343169502,1.5283523194887374,0.2782524807375184,0.6302592477703766,0.6027732805999191,0.5354771139094293,0.4299366382237395,33.15253043299555,23.646515102305674
9,45,55,7,5,0.32149054728890225,1.602304851076902,0.1941301684811022,0.6325462579865486,0.5998852315072147,0.5175746921609538,0.43918583892055985,32.99368773289681,24.155221140630793
9,45,55,7,6,0.5041975428330888,1.6762573826650666,0.1354400227254456,0.7312298808349414,0.46530286137411736,0.5036322720843666,0.3472809005094414,25.591657375576453,19.100449528019276
9,45,55,7,7,0.7907391503193344,1.7502099142532315,0.09449329745806587,0.956122256360921,0.08583023089130137,0.49277390441080987,0.06498840887073835,4.720662699021576,3.5743624878906095
9,45,55,7,8,0.7907391503193344,1.824162445841396,0.0659257366088805,0.9109984032556855,0.1700819092655914,0.48431739916376676,0.13018692802185233,9.354505009607529,7.160281041201879
9,45,55,8,0,0.02160593707153344,1.2325421931360785,1.0,1.2541481302076118,0.0,0.6745436368517119,0.0,0.0,0.0
9,45,55,8,1,0.03388485438821968,1.3064947247242433,0.8193643900610239,1.1043801076298447,0.0,0.625879809127421,0.0,0.0,0.0
9,45,55,8,2,0.05314203004060492,1.380447256312408,0.5716511373712064,0.8422762741925542,0.2905706779323092,0.5879803819884913,0.19011431304208082,15.981387286277005,10.456287217314445
9,45,55,8,3,0.08334329327436532,1.4543997879005726,0.39882746531546953,0.6633978742381071,0.5599032604563605,0.5584642784547352,0.38527931563901663,30.79467932509983,21.190362360145915
9,45,55,8,4,0.13070830242106796,1.5283523194887374,0.2782524807375184,0.5559761267597494,0.6908905464732271,0.5354771139094293,0.4927875347023161,37.99898005602749,27.103314408627387
9,45,55,8,5,0.20499142343169502,1.602304851076902,0.1941301684811022,0.5160471341293413,0.7336953553568937,0.5175746921609538,0.5371504301663413,40.35324454462915,29.543273659148774
9,45,55,8,6,0.32149054728890225,1.6762573826650666,0.1354400227254456,0.5485228852907549,0.6991226443123053,0.5036322720843666,0.5217933557647034,38.45174543717679,28.69863456705869
9,45,55,8,7,0.5041975428330888,1.7502099142532315,0.09449329745806587,0.6695806488746754,0.5516617546525686,0.49277390441080987,0.41770387073889986,30.341396505891275,22.973712890639494
9,45,55,8,8,0.7907391503193344,1.824162445841396,0.0659257366088805,0.9109984032556855,0.1700819092655914,0.48431739916376676,0.13018692802185233,9.354505009607529,7.160281041201879
9,45,55,8,9,0.7907391503193344,1.898114977429561,0.04599482571081022,0.8780426178852855,0.22904116117715456,0.4777314662553221,0.17676770303885586,12.597263864743502,9.722223667137072
9,45,55,9,0,0.013776553718978221,1.2325421931360785,1.0,1.2463187468550567,0.0,0.6745436368517119,0.0,0.0,0.0
9,45,55,9,1,0.02160593707153344,1.3064947247242433,0.8193643900610239,1.0921011903131583,0.0,0.625879809127421,0.0,0.0,0.0
9,45,55,9,2,0.03388485438821968,1.380447256312408,0.5716511373712064,0.823019098540169,0.3226395634381276,0.5879803819884913,0.2110963136394849,17.745175989097017,11.61029725017167
9,45,55,9,3,0.05314203004060492,1.4543997879005726,0.39882746531546953,0.6331966110043468,0.59906205181261,0.5584642784547352,0.4122251711117813,32.94841284969355,22.672384411147974
9,45,55,9,4,0.08334329327436532,1.5283523194887374,0.2782524807375184,0.5086111176130468,0.7413147310404076,0.5354771139094293,0.5287533034178942,40.77231020722242,29.08143168798418
9,45,55,9,5,0.13070830242106796,1.602304851076902,0.1941301684811022,0.4417640131187143,0.8048445567132484,0.5175746921609538,0.5892399300323548,44.266450619228664,32.408196151779514
9,45,55,9,6,0.20499142343169502,1.6762573826650666,0.1354400227254456,0.4320237614335476,0.8133554695568092,0.5036322720843666,0.6070515428764143,44.7345508256245,33.38783485820279
9,45,55,9,7,0.32149054728890225,1.7502099142532315,0.09449329745806587,0.4868736533304888,0.7629540456926229,0.49277390441080987,0.5776888743763274,41.96247251309426,31.772888090698007
9,45,55,9,8,0.5041975428330888,1.824162445841396,0.0659257366088805,0.6244567957694399,0.610053710217364,0.48431739916376676,0.46695747245823793,33.55295406195502,25.682660985203086
9,45,55,9,9,0.7907391503193344,1.898114977429561,0.04599482571081022,0.8780426178852855,0.22904116117715456,0.4777314662553221,0.17676770303885586,12.597263864743502,9.722223667137072
9,45,55,9,10,0.7907391503193344,1.9720675090177258,0.03208950102019548,0.8540218126618531,0.27064674349776274,0.47260233654896966,0.21019698991955457,14.88557089237695,11.560834445575502
9,45,55,10,0,0.008784318483550149,1.2325421931360785,1.0,1.2413265116196286,0.0,0.6745436368517119,0.0,0.0,0.0
9,45,55,10,1,0.013776553718978221,1.3064947247242433,0.8193643900610239,1.0842718069606032,0.0,0.625879809127421,0.0,0.0,0.0
9,45,55,10,2,0.02160593707153344,1.380447256312408,0.5716511373712064,0.8107401812234828,0.34270035854971426,0.5879803819884913,0.22422167201651183,18.848519720234282,12.332191960908151
9,45,55,10,3,0.03388485438821968,1.4543997879005726,0.39882746531546953,0.6139394353519615,0.6230783697197146,0.5584642784547352,0.42875122334422683,34.269310334584304,23.581317283932474
9,45,55,10,4,0.05314203004060492,1.5283523194887374,0.2782524807375184,0.4784098543792864,0.77112401123279,0.5354771139094293,0.5500151976097319,42.41182061780345,30.25083586853526
9,45,55,10,5,0.08334329327436532,1.602304851076902,0.1941301684811022,0.39439900397201166,0.8444494256658851,0.5175746921609538,0.618235305618782,46.44471841162368,34.00294180903301
9,45,55,10,6,0.13070830242106796,1.6762573826650666,0.1354400227254456,0.35774064042292053,0.8720216341897986,0.5036322720843666,0.6508373008728576,47.96118988043892,35.79605154800717
9,45,55,10,7,0.20499142343169502,1.7502099142532315,0.09449329745806587,0.3703745294732816,0.8628227079174453,0.49277390441080987,0.6533068167567923,47.455248935459494,35.931874921623574
9,45,55,10,8,0.32149054728890225,1.824162445841396,0.0659257366088805,0.44174980022525334,0.8048571140009487,0.48431739916376676,0.6160671385967049,44.26714127005218,33.88369262281877
9,45,55,10,9,0.5041975428330888,1.898114977429561,0.04599482571081022,0.5915010103990399,0.6501265546969148,0.4777314662553221,0.5017498914505216,35.756960508330316,27.59624402977869
9,45,55,10,10,0.7907391503193344,1.9720675090177258,0.03208950102019548,0.8540218126618531,0.27064674349776274,0.47260233654896966,0.21019698991955457,14.88557089237695,11.560834445575502
9,45,55,10,11,0.7907391503193344,2.04602004060589,0.02238808517722258,0.8365456212627235,0.300191423546164,0.4686077663171876,0.2342714166338723,16.51052829503902,12.884927914862976
10,50,60,2,0,0.3174333596913969,1.239551514994076,1.0,1.5,0.0,0.6480730761533406,0.0,0.0,0.0
10,50,60,2,1,0.49783460608510155,1.3139246058937206,0.8145929328235084,1.5,0.0,0.5994092484290496,0.0,0.0,0.0
10,50,60,2,2,0.7807600790819629,1.3882976967933651,0.5683222046157316,1.5,0.0,0.56150982129012,0.0,0.0,0.0
10,50,60,2,3,0.7807600790819629,1.4626707876930094,0.3965049477408923,1.3607162833183093,0.0,0.5319937177563638,0.0,0.0,0.0
10,50,60,3,0,0.20240444640311492,1.239551514994076,1.0,1.4419559613971908,0.0,0.6480730761533406,0.0,0.0,0.0
10,50,60,3,1,0.3174333596913969,1.3139246058937206,0.8145929328235084,1.3877470579153353,0.0,0.5994092484290496,0.0,0.0,0.0
10,50,60,3,2,0.49783460608510155,1.3882976967933651,0.5683222046157316,1.2868350137896494,0.0,0.56150982129012,0.0,0.0,0.0
10,50,60,3,3,0.7807600790819629,1.4626707876930094,0.3965049477408923,1.3607162833183093,0.0,0.5319937177563638,0.0,0.0,0.0
10,50,60,3,4,0.7807600790819629,1.5370438785926541,0.27663211520885195,1.2059557783858665,0.0,0.5090065532110579,0.0,0.0,0.0
10,50,60,4,0,0.12905877304004645,1.239551514994076,1.0,1.3686102880341224,0.0,0.6480730761533406,0.0,0.0,0.0
10,50,60,4,1,0.20240444640311492,1.3139246058937206,0.8145929328235084,1.2727181446270532,0.0,0.5994092484290496,0.0,0.0,0.0
10,50,60,4,2,0.3174333596913969,1.3882976967933651,0.5683222046157316,1.1064337673959446,0.0,0.56150982129012,0.0,0.0,0.0
10,50,60,4,3,0.49783460608510155,1.4626707876930094,0.3965049477408923,1.077790810321448,0.0,0.5319937177563638,0.0,0.0,0.0
10,50,60,4,4,0.7807600790819629,1.5370438785926541,0.27663211520885195,1.2059557783858665,0.0,0.5090065532110579,0.0,0.0,0.0
10,50,60,4,5,0.7807600790819629,1.6114169694922986,0.19299967781217003,1.09176303501504,0.0,0.4911041314625824,0.0,0.0,0.0
10,50,60,5,0,0.08229150690409875,1.239551514994076,1.0,1.3218430218981747,0.0,0.6480730761533406,0.0,0.0,0.0
10,50,60,5,1,0.12905877304004645,1.3139246058937206,0.8145929328235084,1.1993724712639848,0.0,0.5994092484290496,0.0,0.0,0.0
10,50,60,5,2,0.20240444640311492,1.3882976967933651,0.5683222046157316,0.9914048541076627,0.017116415251764105,0.56150982129012,0.011719724555373151,1.0269849151058463,0.7031834733223891
10,50,60,5,3,0.3174333596913969,1.4626707876930094,0.3965049477408923,0.8973895639277434,0.19469197055357457,0.5319937177563638,0.13959077165288203,11.681518233214474,8.375446299172921
10,50,60,5,4,0.49783460608510155,1.5370438785926541,0.27663211520885195,0.9230303053890052,0.1480150553334798,0.5090065532110579,0.10966617934284258,8.880903320008787,6.579970760570554
10,50,60,5,5,0.7807600790819629,1.6114169694922986,0.19299967781217003,1.09176303501504,0.0,0.4911041314625824,0.0,0.0,0.0
10,50,60,5,6,0.7807600790819629,1.6857900603919431,0.13465130614888746,1.00775391260655,0.0,0.47716171138599517,0.0,0.0,0.0
10,50,60,6,0,0.05247138144143088,1.239551514994076,1.0,1.2920228964355067,0.0,0.6480730761533406,0.0,0.0,0.0
10,50,60,6,1,0.08229150690409875,1.3139246058937206,0.8145929328235084,1.152605205128037,0.0,0.5994092484290496,0.0,0.0,0.0
10,50,60,6,2,0.12905877304004645,1.3882976967933651,0.5683222046157316,0.9180591807445941,0.1571673406505646,0.56150982129012,0.10761353440144407,9.430040439033876,6.456812064086644
10,50,60,6,3,0.20240444640311492,1.4626707876930094,0.3965049477408923,0.7823606506394614,0.3879118123309987,0.5319937177563638,0.27812605246425187,23.27470873985992,16.687563147855112
10,50,60,6,4,0.3174333596913969,1.5370438785926541,0.27663211520885195,0.7426290589953006,0.44850208073575426,0.5090065532110579,0.33230072110428027,26.910124844145255,19.938043266256816
10,50,60,6,5,0.49783460608510155,1.6114169694922986,0.19299967781217003,0.8088375620181787,0.345781798268489,0.4911041314625824,0.26238501416805726,20.746907896109338,15.743100850083437
10,50,60,6,6,0.7807600790819629,1.6857900603919431,0.13465130614888746,1.00775391260655,0.0,0.47716171138599517,0.0,0.0,0.0
10,50,60,6,7,0.7807600790819629,1.7601631512915876,0.09394302857462145,0.9461151362997442,0.1048661488645165,0.46630334371243853,0.08206417841838626,6.29196893187099,4.923850705103176
10,50,60,7,0,0.0334572299615406,1.239551514994076,1.0,1.2730087449556164,0.0,0.6480730761533406,0.0,0.0,0.0
10,50,60,7,1,0.05247138144143088,1.3139246058937206,0.8145929328235084,1.1227850796653691,0.0,0.5994092484290496,0.0,0.0,0.0
10,50,60,7,2,0.08229150690409875,1.3882976967933651,0.5683222046157316,0.8712919146086464,0.24085039953759924,0.56150982129012,0.16491188722132188,14.451023972255953,9.894713233279314
10,50,60,7,3,0.12905877304004645,1.4626707876930094,0.3965049477408923,0.7090149772763928,0.4972977619977561,0.5319937177563638,0.35655388427750195,29.837865719865366,21.393233056650118
10,50,60,7,4,0.20240444640311492,1.5370438785926541,0.27663211520885195,0.6276001457070186,0.606118057108529,0.5090065532110579,0.44908034121285845,36.36708342651174,26.944820472771507
10,50,60,7,5,0.3174333596913969,1.6114169694922986,0.19299967781217003,0.628436315624474,0.6050677972043366,0.4911041314625824,0.45913556854956894,36.304067832260195,27.548134112974136
10,50,60,7,6,0.49783460608510155,1.6857900603919431,0.13465130614888746,0.7248284396096886,0.474623733132984,0.47716171138599517,0.3665598358784146,28.47742398797904,21.993590152704876
10,50,60,7,7,0.7807600790819629,1.7601631512915876,0.09394302857462145,0.9461151362997442,0.1048661488645165,0.46630334371243853,0.08206417841838626,6.29196893187099,4.923850705103176
10,50,60,7,8,0.7807600790819629,1.8345362421912323,0.06554182703592779,0.9009989361588016,0.18820091704070785,0.4578468384653954,0.14874953929307935,11.29205502244247,8.92497235758476
10,50,60,8,0,0.021333271698761744,1.239551514994076,1.0,1.2608847866928377,0.0,0.6480730761533406,0.0,0.0,0.0
10,50,60,8,1,0.0334572299615406,1.3139246058937206,0.8145929328235084,1.1037709281854788,0.0,0.5994092484290496,0.0,0.0,0.0
10,50,60,8,2,0.05247138144143088,1.3882976967933651,0.5683222046157316,0.8414717891459786,0.2919252280714657,0.56150982129012,0.19988316557168412,17.515513684287942,11.992989934301047
10,50,60,8,3,0.08229150690409875,1.4626707876930094,0.3965049477408923,0.6622477111404452,0.5614279690892414,0.5319937177563638,0.40253413230060253,33.68567814535449,24.15204793803615
10,50,60,8,4,0.12905877304004645,1.5370438785926541,0.27663211520885195,0.5542544723439502,0.6928019798867293,0.5090065532110579,0.5133055283069512,41.56811879320376,30.798331698417073
10,50,60,8,5,0.20240444640311492,1.6114169694922986,0.19299967781217003,0.513407402336192,0.7364128392264035,0.4911041314625824,0.5588023841090874,44.18477035358421,33.528143046545246
10,50,60,8,6,0.3174333596913969,1.6857900603919431,0.13465130614888746,0.5444271932159839,0.7035990312869658,0.47716171138599517,0.5434012828020507,42.215941877217944,32.60407696812304
10,50,60,8,7,0.49783460608510155,1.7601631512915876,0.09394302857462145,0.6631896633028829,0.5601794704882088,0.46630334371243853,0.43837471395897304,33.61076822929253,26.30248283753838
10,50,60,8,8,0.7807600790819629,1.8345362421912323,0.06554182703592779,0.9009989361588016,0.18820091704070785,0.4578468384653954,0.14874953929307935,11.29205502244247,8.92497235758476
10,50,60,8,9,0.7807600790819629,1.9089093330908768,0.045726981090409076,0.8680487400595148,0.2464913848810889,0.45126090555695075,0.1962967654290061,14.789483092865334,11.777805925740365
10,50,60,9,0,0.013602694601326541,1.239551514994076,1.0,1.2531542095954025,0.0,0.6480730761533406,0.0,0.0,0.0
10,50,60,9,1,0.021333271698761744,1.3139246058937206,0.8145929328235084,1.0916469699227,0.0,0.5994092484290496,0.0,0.0,0.0
10,50,60,9,2,0.0334572299615406,1.3882976967933651,0.5683222046157316,0.8224576376660884,0.32356343424471734,0.56150982129012,0.22154605796607144,19.41380605468304,13.292763477964286
10,50,60,9,3,0.05247138144143088,1.4626707876930094,0.3965049477408923,0.6324275856777773,0.6000353488737775,0.5319937177563638,0.43021495509106417,36.00212093242665,25.81289730546385
10,50,60,9,4,0.08229150690409875,1.5370438785926541,0.27663211520885195,0.5074872062080025,0.7424567355351963,0.5090065532110579,0.5500953489498659,44.54740413211178,33.005720936991956
10,50,60,9,5,0.12905877304004645,1.6114169694922986,0.19299967781217003,0.44006172897312357,0.8063456746931852,0.4911041314625824,0.6118685897817071,48.38074048159111,36.712115386902425
10,50,60,9,6,0.20240444640311492,1.6857900603919431,0.13465130614888746,0.42939827992770196,0.815617117195131,0.47716171138599517,0.6299147213839479,48.937027031707856,37.794883283036874
10,50,60,9,7,0.3174333596913969,1.7601631512915876,0.09394302857462145,0.4827884169091783,0.7669153444983294,0.46630334371243853,0.6001581858796073,46.014920669899766,36.00949115277644
10,50,60,9,8,0.49783460608510155,1.8345362421912323,0.06554182703592779,0.6180734631619402,0.6179851941350056,0.4578468384653954,0.4884408342050901,37.07911164810034,29.306450052305408
10,50,60,9,9,0.7807600790819629,1.9089093330908768,0.045726981090409076,0.8680487400595148,0.2464913848810889,0.45126090555695075,0.1962967654290061,14.789483092865334,11.777805925740365
10,50,60,9,10,0.7807600790819629,1.9832824239905216,0.03190263216947612,0.8440320087427194,0.28760996821773,0.4461317758505984,0.23036593194242433,17.2565980930638,13.821955916545459
10,50,60,10,0,0.008673461015719315,1.239551514994076,1.0,1.2482249760097952,0.0,0.6480730761533406,0.0,0.0,0.0
10,50,60,10,1,0.013602694601326541,1.3139246058937206,0.8145929328235084,1.0839163928252649,0.0,0.5994092484290496,0.0,0.0,0.0
10,50,60,10,2,0.021333271698761744,1.3882976967933651,0.5683222046157316,0.8103336794033095,0.3433593280246945,0.56150982129012,0.23510043947740134,20.601559681481667,14.10602636864408
10,50,60,10,3,0.0334572299615406,1.4626707876930094,0.3965049477408923,0.613413434197887,0.6237239587455545,0.5319937177563638,0.4471992781835027,37.423437524733274,26.831956691010163
10,50,60,10,4,0.05247138144143088,1.5370438785926541,0.27663211520885195,0.4776670807453346,0.77183415997223,0.5090065532110579,0.5718614449033078,46.310049598333805,34.31168669419847
10,50,60,10,5,0.08229150690409875,1.6114169694922986,0.19299967781217003,0.39329446283717584,0.8453194655016173,0.4911041314625824,0.6414425543589666,50.719167930097036,38.48655326153799
10,50,60,10,6,0.12905877304004645,1.6857900603919431,0.13465130614888746,0.35605260656463344,0.8732265413585303,0.47716171138599517,0.674407441811118,52.39359248151182,40.46444650866708
10,50,60,10,7,0.20240444640311492,1.7601631512915876,0.09394302857462145,0.36775950362089627,0.864752947496512,0.46630334371243853,0.6767220970693206,51.88517684979072,40.603325824159235
10,50,60,10,8,0.3174333596913969,1.8345362421912323,0.06554182703592779,0.4376722167682356,0.8084430306691786,0.4578468384653954,0.6389741891147633,48.506581840150716,38.3384513468858
10,50,60,10,9,0.49783460608510155,1.9089093330908768,0.045726981090409076,0.5851232670626535,0.6576307623419266,0.45126090555695075,0.5237131981574404,39.457845740515594,31.422791889446426
10,50,60,10,10,0.7807600790819629,1.9832824239905216,0.03190263216947612,0.8440320087427194,0.28760996821773,0.4461317758505984,0.23036593194242433,17.2565980930638,13.821955916545459
10,50,60,10,11,0.7807600790819629,2.057655514890166,0.02225771120399558,0.8265587812896971,0.3168005810728908,0.44213720561881625,0.2548707217196002,19.008034864373446,15.292243303176011
10,50,60,11,0,0.005530442915616614,1.239551514994076,1.0,1.2450819579096926,0.0,0.6480730761533406,0.0,0.0,0.0
10,50,60,11,1,0.008673461015719315,1.3139246058937206,0.8145929328235084,1.0789871592396576,0.0,0.5994092484290496,0.0,0.0,0.0
10,50,60,11,2,0.013602694601326541,1.3882976967933651,0.5683222046157316,0.8026031023058743,0.3558282601689863,0.56150982129012,0.24363800111523767,21.349695610139175,14.618280066914261
10,50,60,11,3,0.021333271698761744,1.4626707876930094,0.3965049477408923,0.6012894759351082,0.6384509661296829,0.5319937177563638,0.4577582874690062,38.30705796778097,27.465497248140373
10,50,60,11,4,0.0334572299615406,1.5370438785926541,0.27663211520885195,0.4586529292654443,0.7896374904762273,0.5090065532110579,0.5850521519672105,47.37824942857364,35.103129118032626
10,50,60,11,5,0.05247138144143088,1.6114169694922986,0.19299967781217003,0.36347433737450796,0.8678864060701623,0.4911041314625824,0.6585667264537908,52.07318436420974,39.51400358722745
10,50,60,11,6,0.08229150690409875,1.6857900603919431,0.13465130614888746,0.3092853404286858,0.9043425781959119,0.47716171138599517,0.6984388767353836,54.26055469175471,41.906332604123016
10,50,60,11,7,0.12905877304004645,1.7601631512915876,0.09394302857462145,0.2944138302578278,0.9133204965529149,0.46630334371243853,0.7147291761340597,54.799229793174895,42.88375056804358
10,50,60,11,8,0.20240444640311492,1.8345362421912323,0.06554182703592779,0.3226433034799536,0.8959012987195425,0.4578468384653954,0.7080991290163492,53.75407792317255,42.485947740980954
10,50,60,11,9,0.3174333596913969,1.9089093330908768,0.045726981090409076,0.40472202066894886,0.8362000859856429,0.45126090555695075,0.6659193067117687,50.17200515913857,39.95515840270612
10,50,60,11,10,0.49783460608510155,1.9832824239905216,0.03190263216947612,0.5611065357458581,0.6851594555432821,0.4461317758505984,0.548789728963442,41.109567332596924,32.92738373780652
10,50,60,11,11,0.7807600790819629,2.057655514890166,0.02225771120399558,0.8265587812896971,0.3168005810728908,0.44213720561881625,0.2548707217196002,19.008034864373446,15.292243303176011
10,50,60,11,12,0.7807600790819629,2.1320286057898103,0.015528678179553656,0.8138676651708753,0.3376194235893081,0.4390262311942707,0.2725452947143598,20.257165415358486,16.352717682861588
11,55,65,2,0,0.31362196639757556,1.246222376754614,1.0,1.5,0.0,0.6231440409035255,0.0,0.0,0.0
11,55,65,2,1,0.491857151538706,1.3209957193598907,0.8100085671003364,1.5,0.0,0.5744802131792346,0.0,0.0,0.0
11,55,65,2,2,0.7713855642786371,1.3957690619651677,0.565123801180623,1.5,0.0,0.5365807860403048,0.0,0.0,0.0
11,55,65,2,3,0.7713855642786371,1.4705424045704443,0.39427349738299283,1.3511814611786221,0.0,0.5070646825065487,0.0,0.0,0.0
11,55,65,3,0,0.19997419474207198,1.246222376754614,1.0,1.4461965714966858,0.0,0.6231440409035255,0.0,0.0,0.0
11,55,65,3,1,0.31362196639757556,1.3209957193598907,0.8100085671003364,1.383639816181959,0.0,0.5744802131792346,0.0,0.0,0.0
11,55,65,3,2,0.491857151538706,1.3957690619651677,0.565123801180623,1.2806394694067742,0.0,0.5365807860403048,0.0,0.0,0.0
11,55,65,3,3,0.7713855642786371,1.4705424045704443,0.39427349738299283,1.3511814611786221,0.0,0.5070646825065487,0.0,0.0,0.0
11,55,65,3,4,0.7713855642786371,1.5453157471757213,0.2750752851213427,1.1964637340354995,0.0,0.48407751796124276,0.0,0.0,0.0
11,55,65,4,0,0.12750917616543989,1.246222376754614,1.0,1.3737315529200538,0.0,0.6231440409035255,0.0,0.0,0.0
11,55,65,4,1,0.19997419474207198,1.3209957193598907,0.8100085671003364,1.2699920445264552,0.0,0.5744802131792346,0.0,0.0,0.0
11,55,65,4,2,0.31362196639757556,1.3957690619651677,0.565123801180623,1.1024042842656436,0.0,0.5365807860403048,0.0,0.0,0.0
11,55,65,4,3,0.491857151538706,1.4705424045704443,0.39427349738299283,1.071653048438691,0.0,0.5070646825065487,0.0,0.0,0.0
11,55,65,4,4,0.7713855642786371,1.5453157471757213,0.2750752851213427,1.1964637340354995,0.0,0.48407751796124276,0.0,0.0,0.0
11,55,65,4,5,0.7713855642786371,1.620089089780998,0.19191351431639977,1.0823025550041658,0.0,0.46617509621276726,0.0,0.0,0.0
11,55,65,5,0,0.08130344031318451,1.246222376754614,1.0,1.3275258170677984,0.0,0.6231440409035255,0.0,0.0,0.0
11,55,65,5,1,0.12750917616543989,1.3209957193598907,0.8100085671003364,1.1975270259498232,0.0,0.5744802131792346,0.0,0.0,0.0
11,55,65,5,2,0.19997419474207198,1.3957690619651677,0.565123801180623,0.9887565126101401,0.022360558771033934,0.5365807860403048,0.01592253039304113,1.4534363201172056,1.0349644755476735
11,55,65,5,3,0.31362196639757556,1.4705424045704443,0.39427349738299283,0.8934178632975606,0.2018045215408214,0.5070646825065487,0.14991763427156155,13.117293900153392,9.7446462276515
11,55,65,5,4,0.491857151538706,1.5453157471757213,0.2750752851213427,0.9169353212955683,0.15922961656059287,0.48407751796124276,0.12191717437248101,10.349925076438536,7.924616334211265
11,55,65,5,5,0.7713855642786371,1.620089089780998,0.19191351431639977,1.0823025550041658,0.0,0.46617509621276726,0.0,0.0,0.0
11,55,65,5,6,0.7713855642786371,1.6948624323862747,0.133893515591646,0.9983166537950439,0.00336385875546652,0.45223267613618,0.0026759012227257615,0.2186508191053238,0.1739335794771745
11,55,65,6,0,0.051841362367387005,1.246222376754614,1.0,1.298063739122001,0.0,0.6231440409035255,0.0,0.0,0.0
11,55,65,6,1,0.08130344031318451,1.3209957193598907,0.8100085671003364,1.1513212900975678,0.0,0.5744802131792346,0.0,0.0,0.0
11,55,65,6,2,0.12750917616543989,1.3957690619651677,0.565123801180623,0.916291494033508,0.1604098979618418,0.5365807860403048,0.11422485018356059,10.426643367519716,7.4246152619314385
11,55,65,6,3,0.19997419474207198,1.4705424045704443,0.39427349738299283,0.779770091642057,0.39195860418053796,0.5070646825065487,0.2911803274895566,25.477309271734967,18.926721286821177
11,55,65,6,4,0.31362196639757556,1.5453157471757213,0.2750752851213427,0.7387001361544379,0.454322108845415,0.48407751796124276,0.3478603350420172,29.530937074951975,22.610921777731118
11,55,65,6,5,0.491857151538706,1.620089089780998,0.19191351431639977,0.8027741422642347,0.35555367651192227,0.46617509621276726,0.2782850287472479,23.110988973274946,18.088526868571115
11,55,65,6,6,0.7713855642786371,1.6948624323862747,0.133893515591646,0.9983166537950439,0.00336385875546652,0.45223267613618,0.0026759012227257615,0.2186508191053238,0.1739335794771745
11,55,65,6,7,0.7713855642786371,1.7696357749915517,0.0934143360427139,0.9366949152369064,0.12260263576932473,0.4413743084626234,0.09871825934278103,7.969171325006108,6.416686857280767
11,55,65,7,0,0.03305551206387154,1.246222376754614,1.0,1.2792778888184855,0.0,0.6231440409035255,0.0,0.0,0.0
11,55,65,7,1,0.051841362367387005,1.3209957193598907,0.8100085671003364,1.1218592121517703,0.0,0.5744802131792346,0.0,0.0,0.0
11,55,65,7,2,0.08130344031318451,1.3957690619651677,0.565123801180623,0.8700857581812526,0.24295077341015492,0.5365807860403048,0.17300064427044592,15.791800271660069,11.245041877578984
11,55,65,7,3,0.12750917616543989,1.4705424045704443,0.39427349738299283,0.7073050730654249,0.4997195336159139,0.5070646825065487,0.3712343494931633,32.48176968503441,24.130232717055616
11,55,65,7,4,0.19997419474207198,1.5453157471757213,0.2750752851213427,0.6250523644989343,0.6093095416342913,0.48407751796124276,0.46652940099228346,39.60512020622893,30.324411064498424
11,55,65,7,5,0.31362196639757556,1.620089089780998,0.19191351431639977,0.6245389571231041,0.6099510910355854,0.46617509621276726,0.47739699549291953,39.64682091731305,31.03080470703977
11,55,65,7,6,0.491857151538706,1.6948624323862747,0.133893515591646,0.7187882410551127,0.48334346452089716,0.45223267613618,0.38449276908732777,31.417325193858314,24.992029990676304
11,55,65,7,7,0.7713855642786371,1.7696357749915517,0.0934143360427139,0.9366949152369064,0.12260263576932473,0.4413743084626234,0.09871825934278103,7.969171325006108,6.416686857280767
11,55,65,7,8,0.7713855642786371,1.8444091175968285,0.06517297077264533,0.8915911857925758,0.2050651574169886,0.43291780321558027,0.16663229176575114,13.32923523210426,10.831098964773824
11,55,65,8,0,0.021077125058197633,1.246222376754614,1.0,1.2672995018128115,0.0,0.6231440409035255,0.0,0.0,0.0
11,55,65,8,1,0.03305551206387154,1.3209957193598907,0.8100085671003364,1.1030733618482549,0.0,0.5744802131792346,0.0,0.0,0.0
11,55,65,8,2,0.051841362367387005,1.3957690619651677,0.565123801180623,0.8406236802354551,0.29335182822739936,0.5365807860403048,0.20889028081246688,19.06786883478096,13.577868252810347
11,55,65,8,3,0.08130344031318451,1.4705424045704443,0.39427349738299283,0.6610993372131695,0.562947666336308,0.5070646825065487,0.418205606650711,36.59159831186002,27.183364432296216
11,55,65,8,4,0.12750917616543989,1.5453157471757213,0.2750752851213427,0.5525873459223022,0.6946472251265459,0.48407751796124276,0.5318698160708416,45.15206963322548,34.57153804460471
11,55,65,8,5,0.19997419474207198,1.620089089780998,0.19191351431639977,0.5108911854676006,0.7389901966115098,0.46617509621276726,0.5783934232531347,48.034362779748136,37.59557251145375
11,55,65,8,6,0.31362196639757556,1.6948624323862747,0.133893515591646,0.5405530559139823,0.7078023937420552,0.45223267613618,0.5630466165633979,46.00715559323359,36.598030076620866
11,55,65,8,7,0.491857151538706,1.7696357749915517,0.0934143360427139,0.6571665024969753,0.5681321879958929,0.4413743084626234,0.4574536291461419,36.92859221973304,29.734485894499223
11,55,65,8,8,0.7713855642786371,1.8444091175968285,0.06517297077264533,0.8915911857925758,0.2050651574169886,0.43291780321558027,0.16663229176575114,13.32923523210426,10.831098964773824
11,55,65,8,9,0.7713855642786371,1.9191824602021055,0.04546963880779389,0.8586500975502801,0.2627200099768945,0.4263318703071356,0.21496831950811496,17.076800648498143,13.972940768027472
11,55,65,9,0,0.013439368292359522,1.246222376754614,1.0,1.2596617450469734,0.0,0.6231440409035255,0.0,0.0,0.0
11,55,65,9,1,0.021077125058197633,1.3209957193598907,0.8100085671003364,1.091094974842581,0.0,0.5744802131792346,0.0,0.0,0.0
11,55,65,9,2,0.03305551206387154,1.3957690619651677,0.565123801180623,0.8218378299319397,0.3245825812927602,0.5365807860403048,0.23112910856148278,21.09786778402941,15.02339205649638
11,55,65,9,3,0.051841362367387005,1.4705424045704443,0.39427349738299283,0.631637259267372,0.6010343727052027,0.5070646825065487,0.44649966504159444,39.06723422583817,29.022478227703637
11,55,65,9,4,0.08130344031318451,1.5453157471757213,0.2750752851213427,0.5063816100700468,0.7435776649828671,0.48407751796124276,0.5693343349018295,48.33254822388636,37.00673176861892
11,55,65,9,5,0.12750917616543989,1.620089089780998,0.19191351431639977,0.4384261668909685,0.8077824961852926,0.46617509621276726,0.6322358339189053,52.50586225204402,41.09532920472884
11,55,65,9,6,0.19997419474207198,1.6948624323862747,0.133893515591646,0.42690528425847873,0.8177518782721875,0.45223267613618,0.6505098489640238,53.15387208769219,42.28314018266154
11,55,65,9,7,0.31362196639757556,1.7696357749915517,0.0934143360427139,0.4789313173558448,0.770624793255795,0.4413743084626234,0.6204983907502301,50.09061156162667,40.33239539876495
11,55,65,9,8,0.491857151538706,1.8444091175968285,0.06517297077264533,0.6120627730526447,0.6253791618431068,0.43291780321558027,0.5081719599422713,40.64964551980194,33.031177396247635
11,55,65,9,9,0.7713855642786371,1.9191824602021055,0.04546963880779389,0.8586500975502801,0.2627200099768945,0.4263318703071356,0.21496831950811496,17.076800648498143,13.972940768027472
11,55,65,9,10,0.7713855642786371,1.9939558028073823,0.03172309055119842,0.8346400047661833,0.3033760624439056,0.4212027406007832,0.24955358469516375,19.719444058853863,16.220983005185644
11,55,65,10,0,0.008569319563221468,1.246222376754614,1.0,1.2547916963178354,0.0,0.6231440409035255,0.0,0.0,0.0
11,55,65,10,1,0.013439368292359522,1.3209957193598907,0.8100085671003364,1.0834572180767428,0.0,0.5744802131792346,0.0,0.0,0.0
11,55,65,10,2,0.021077125058197633,1.3957690619651677,0.565123801180623,0.8098594429262657,0.34412768270315863,0.5365807860403048,0.24504680509263035,22.368299375705313,15.928042331020974
11,55,65,10,3,0.03305551206387154,1.4705424045704443,0.39427349738299283,0.6128514089638566,0.6244131505310158,0.5070646825065487,0.46386741793952624,40.58685478451602,30.151382166069205
11,55,65,10,4,0.051841362367387005,1.5453157471757213,0.2750752851213427,0.4769195321242493,0.7725477598783872,0.48407751796124276,0.5915158372332152,50.215604392095166,38.44852942015899
11,55,65,10,5,0.08130344031318451,1.620089089780998,0.19191351431639977,0.3922204310387132,0.8461631334758061,0.46617509621276726,0.6622756210377149,55.000603675927394,43.047915367451466
11,55,65,10,6,0.12750917616543989,1.6948624323862747,0.133893515591646,0.3544402656818466,0.874372098063382,0.45223267613618,0.6955504188524126,56.83418637411983,45.21077722540682
11,55,65,10,7,0.19997419474207198,1.7696357749915517,0.0934143360427139,0.36528354570034127,0.8665679312405867,0.4413743084626234,0.6977507232005951,56.32691553063814,45.353797008038676
11,55,65,10,8,0.31362196639757556,1.8444091175968285,0.06517297077264533,0.4338275879115142,0.8117936239668774,0.43291780321558027,0.6596490291491062,52.76658555784703,42.8771868946919
11,55,65,10,9,0.491857151538706,1.9191824602021055,0.04546963880779389,0.579121684810349,0.6646180741824228,0.4263318703071356,0.5438178482646994,43.20017482185748,35.34816013720546
11,55,65,10,10,0.7713855642786371,1.9939558028073823,0.03172309055119842,0.8346400047661833,0.3033760624439056,0.4212027406007832,0.24955358469516375,19.719444058853863,16.220983005185644
11,55,65,10,11,0.7713855642786371,2.068729145412659,0.02213244926737875,0.8171716071374306,0.3322305644884287,0.4172081703690011,0.27440162955654585,21.594986691747867,17.83610592117548
11,55,65,11,0,0.005464039393753205,1.246222376754614,1.0,1.2516864161483672,0.0,0.6231440409035255,0.0,0.0,0.0
11,55,65,11,1,0.008569319563221468,1.3209957193598907,0.8100085671003364,1.0785871693476048,0.0,0.5744802131792346,0.0,0.0,0.0
11,55,65,11,2,0.013439368292359522,1.3957690619651677,0.565123801180623,0.8022216861604275,0.3564403662539205,0.5365807860403048,0.2538144338475462,23.168623806504833,16.497938200090502
11,55,65,11,3,0.021077125058197633,1.4705424045704443,0.39427349738299283,0.6008730219581826,0.6389516114828414,0.5070646825065487,0.47466782843184663,41.53185474638469,30.853408848070032
11,55,65,11,4,0.03305551206387154,1.5453157471757213,0.2750752851213427,0.45813368182073383,0.7901135295813786,0.48407751796124276,0.6049654017936593,51.357379422789606,39.32275111658785
11,55,65,11,5,0.051841362367387005,1.620089089780998,0.19191351431639977,0.36275835309291565,0.8684063772613155,0.46617509621276726,0.6796849804261699,56.44641452198551,44.17952372770104
11,55,65,11,6,0.08130344031318451,1.6948624323862747,0.133893515591646,0.3082345298295912,0.9049914746207308,0.45223267613618,0.7199076921879118,58.8244458503475,46.79399999221427
11,55,65,11,7,0.12750917616543989,1.7696357749915517,0.0934143360427139,0.29281852712370915,0.9142573101731016,0.4413743084626234,0.7361496731727136,59.4267251612516,47.84972875622638
11,55,65,11,8,0.19997419474207198,1.8444091175968285,0.06517297077264533,0.32017981625601066,0.8974848852622672,0.43291780321558027,0.7292802206874777,58.33651754204737,47.40321434468605
11,55,65,11,9,0.31362196639757556,1.9191824602021055,0.04546963880779389,0.4008864996692186,0.8392900143829616,0.4263318703071356,0.6867416151046675,54.5538509348925,44.63820498180338
11,55,65,11,10,0.491857151538706,1.9939558028073823,0.03172309055119842,0.5551115920262522,0.6918511203980797,0.4212027406007832,0.56910860329539,44.97032282587518,36.99205921420035
11,55,65,11,11,0.7713855642786371,2.068729145412659,0.02213244926737875,0.8171716071374306,0.3322305644884287,0.4172081703690011,0.27440162955654585,21.594986691747867,17.83610592117548
11,55,65,11,12,0.7713855642786371,2.143502488017936,0.015441285891818281,0.8044839990059459,0.3528054953434012,0.41409719594445554,0.29230764816451543,22.93235719732108,18.999997130693504
12,60,70,2,0,0.3100229865053948,1.2525991063630293,1.0,1.5,0.0,0.5996667596487779,0.0,0.0,0.0
12,60,70,2,1,0.48621282751846484,1.3277550527448112,0.805603956928301,1.5,0.0,0.551002931924487,0.0,0.0,0.0
12,60,70,2,2,0.7625335021388381,1.402910999126593,0.5620508089380222,1.5,0.0,0.5131035047855573,0.0,0.0,0.0
12,60,70,2,3,0.7625335021388381,1.4780669455083746,0.3921295434451303,1.3421272186623754,0.0,0.48358740125180116,0.0,0.0,0.0
12,60,70,3,0,0.19767938384569686,1.2525991063630293,1.0,1.4502784902087262,0.0,0.5996667596487779,0.0,0.0,0.0
12,60,70,3,1,0.3100229865053948,1.3277550527448112,0.805603956928301,1.3796677108281596,0.0,0.551002931924487,0.0,0.0,0.0
12,60,70,3,2,0.48621282751846484,1.402910999126593,0.5620508089380222,1.2747200894456152,0.0,0.5131035047855573,0.0,0.0,0.0
12,60,70,3,3,0.7625335021388381,1.4780669455083746,0.3921295434451303,1.3421272186623754,0.0,0.48358740125180116,0.0,0.0,0.0
12,60,70,3,4,0.7625335021388381,1.5532228918901563,0.2735794992147093,1.1874634430709696,0.0,0.46060023670649525,0.0,0.0,0.0
12,60,70,4,0,0.1260459401352627,1.2525991063630293,1.0,1.378645046498292,0.0,0.5996667596487779,0.0,0.0,0.0
12,60,70,4,1,0.19767938384569686,1.3277550527448112,0.805603956928301,1.2673241081684619,0.0,0.551002931924487,0.0,0.0,0.0
12,60,70,4,2,0.3100229865053948,1.402910999126593,0.5620508089380222,1.0985302484325452,0.0,0.5131035047855573,0.0,0.0,0.0
12,60,70,4,3,0.48621282751846484,1.4780669455083746,0.3921295434451303,1.065806544042002,0.0,0.48358740125180116,0.0,0.0,0.0
12,60,70,4,4,0.7625335021388381,1.5532228918901563,0.2735794992147093,1.1874634430709696,0.0,0.46060023670649525,0.0,0.0,0.0
12,60,70,4,5,0.7625335021388381,1.6283788382719382,0.19086993990047094,1.0733420731350016,0.0,0.44269781495801974,0.0,0.0,0.0
12,60,70,5,0,0.08037043982787626,1.2525991063630293,1.0,1.3329695461909055,0.0,0.5996667596487779,0.0,0.0,0.0
12,60,70,5,1,0.1260459401352627,1.3277550527448112,0.805603956928301,1.1956906644580276,0.0,0.551002931924487,0.0,0.0,0.0
12,60,70,5,2,0.19767938384569686,1.402910999126593,0.5620508089380222,0.9861866457728473,0.027435899699300603,0.5131035047855573,0.02021270753707323,1.9205129789510422,1.414889527595126
12,60,70,5,3,0.3100229865053948,1.4780669455083746,0.3921295434451303,0.8896167030289319,0.20858212169193313,0.48358740125180116,0.1598037794635143,14.600748518435319,11.186264562446
12,60,70,5,4,0.48621282751846484,1.5532228918901563,0.2735794992147093,0.9111427684505964,0.16981885550018294,0.46060023670649525,0.13379134750362595,11.887319885012806,9.365394325253817
12,60,70,5,5,0.7625335021388381,1.6283788382719382,0.19086993990047094,1.0733420731350016,0.0,0.44269781495801974,0.0,0.0,0.0
12,60,70,5,6,0.7625335021388381,1.7035347846537197,0.13316543842715903,0.9893854586131666,0.021116414284813922,0.4287553948814325,0.017234558747023315,1.4781489999369746,1.2064191122916321
12,60,70,6,0,0.05124645499247768,1.2525991063630293,1.0,1.3038455613555069,0.0,0.5996667596487779,0.0,0.0,0.0
12,60,70,6,1,0.08037043982787626,1.3277550527448112,0.805603956928301,1.150015164150641,0.0,0.551002931924487,0.0,0.0,0.0
12,60,70,6,2,0.1260459401352627,1.402910999126593,0.5620508089380222,0.9145532020624132,0.16359244059738687,0.5131035047855573,0.12052260699711259,11.45147084181708,8.436582489797882
12,60,70,6,3,0.19767938384569686,1.4780669455083746,0.3921295434451303,0.777273100369234,0.3958465274423987,0.48358740125180116,0.3032751352785262,27.709256920967906,21.22925946949683
12,60,70,6,4,0.3100229865053948,1.5532228918901563,0.2735794992147093,0.7349529274375264,0.4598441944510101,0.46060023670649525,0.3622870630950269,32.189093611570705,25.360094416651883
12,60,70,6,5,0.48621282751846484,1.6283788382719382,0.19086993990047094,0.7970213985146284,0.364756890309786,0.44269781495801974,0.2932713405668365,25.53298232168502,20.528993839678556
12,60,70,6,6,0.7625335021388381,1.7035347846537197,0.13316543842715903,0.9893854586131666,0.021116414284813922,0.4287553948814325,0.017234558747023315,1.4781489999369746,1.2064191122916321
12,60,70,6,7,0.7625335021388381,1.7786907310355016,0.09290637384149843,0.9277852081448306,0.13921460754765347,0.41789702720787586,0.11490245730723096,9.745022528335742,8.043172011506167
12,60,70,7,0,0.03267618237402195,1.2525991063630293,1.0,1.2852752887370513,0.0,0.5996667596487779,0.0,0.0,0.0
12,60,70,7,1,0.05124645499247768,1.3277550527448112,0.805603956928301,1.1208911793152425,0.0,0.551002931924487,0.0,0.0,0.0
12,60,70,7,2,0.08037043982787626,1.402910999126593,0.5620508089380222,0.8688777017550268,0.2450515393929028,0.5131035047855573,0.18053554472589758,17.153607757503195,12.63748813081283
12,60,70,7,3,0.1260459401352627,1.4780669455083746,0.3921295434451303,0.7056396566587999,0.5020726749504509,0.48358740125180116,0.38465957854690647,35.14508724653157,26.926170498283454
12,60,70,7,4,0.19767938384569686,1.5532228918901563,0.2735794992147093,0.6226093247778284,0.6123576286996966,0.46060023670649525,0.48244437907997323,42.86503400897876,33.77110653559813
12,60,70,7,5,0.3100229865053948,1.6283788382719382,0.19086993990047094,0.6208315575015584,0.6145681772101892,0.44269781495801974,0.49412427287412325,43.019772404713244,34.58869910118863
12,60,70,7,6,0.48621282751846484,1.7035347846537197,0.13316543842715903,0.7130647839927934,0.49153861382931097,0.4287553948814325,0.4011784861866437,34.407702968051765,28.08249403306506
12,60,70,7,7,0.7625335021388381,1.7786907310355016,0.09290637384149843,0.9277852081448306,0.13921460754765347,0.41789702720787586,0.11490245730723096,9.745022528335742,8.043172011506167
12,60,70,7,8,0.7625335021388381,1.8538466774172833,0.06481857757031836,0.8826972068024872,0.22084564110308713,0.40944052196083275,0.1838227375002297,15.459194877216099,12.867591625016079
12,60,70,8,0,0.020835253769203577,1.2525991063630293,1.0,1.2734343601322329,0.0,0.5996667596487779,0.0,0.0,0.0
12,60,70,8,1,0.03267618237402195,1.3277550527448112,0.805603956928301,1.102320906696787,0.0,0.551002931924487,0.0,0.0,0.0
12,60,70,8,2,0.05124645499247768,1.402910999126593,0.5620508089380222,0.8397537169196282,0.2948136949196689,0.5131035047855573,0.21719655847433741,20.636958644376826,15.203759093203619
12,60,70,8,3,0.08037043982787626,1.4780669455083746,0.3921295434451303,0.6599641563514135,0.5644473123313671,0.48358740125180116,0.4324474844099913,39.5113118631957,30.27132390869939
12,60,70,8,4,0.1260459401352627,1.5532228918901563,0.2735794992147093,0.5509758810673943,0.6964255784820086,0.46060023670649525,0.5486770965842469,48.749790493740605,38.407396760897285
12,60,70,8,5,0.19767938384569686,1.6283788382719382,0.19086993990047094,0.5084879548418604,0.7414399997807422,0.44269781495801974,0.596131583699214,51.900799984651954,41.72921085894498
12,60,70,8,6,0.3100229865053948,1.7035347846537197,0.13316543842715903,0.5368749429797233,0.7117652956005189,0.4287553948814325,0.5809206352776222,49.82357069203633,40.664444469433555
12,60,70,8,7,0.48621282751846484,1.7786907310355016,0.09290637384149843,0.6514645335244573,0.5755939615597612,0.41789702720787586,0.47507342626944876,40.29157730918328,33.25513983886141
12,60,70,8,8,0.7625335021388381,1.8538466774172833,0.06481857757031836,0.8826972068024872,0.22084564110308713,0.40944052196083275,0.1838227375002297,15.459194877216099,12.867591625016079
12,60,70,8,9,0.7625335021388381,1.9290026237990652,0.04522238706040986,0.8497676054328256,0.2778950167569616,0.4028545890523881,0.2327949287406174,19.452651172987313,16.29564501184322
12,60,70,9,0,0.013285144349427866,1.2525991063630293,1.0,1.2658842507124572,0.0,0.5996667596487779,0.0,0.0,0.0
12,60,70,9,1,0.020835253769203577,1.3277550527448112,0.805603956928301,1.0904799780919685,0.0,0.551002931924487,0.0,0.0,0.0
12,60,70,9,2,0.03267618237402195,1.402910999126593,0.5620508089380222,0.8211834443011724,0.3256577508056633,0.5131035047855573,0.23992013917384838,22.79604255639643,16.794409742169385
12,60,70,9,3,0.05124645499247768,1.4780669455083746,0.3921295434451303,0.6308401715160149,0.602040678001645,0.48358740125180116,0.4612493868363998,42.14284746011515,32.28745707854799
12,60,70,9,4,0.08037043982787626,1.5532228918901563,0.2735794992147093,0.5053003807600078,0.7446715252037911,0.46060023670649525,0.5866875413283434,52.127006764265374,41.06812789298404
12,60,70,9,5,0.1260459401352627,1.6283788382719382,0.19086993990047094,0.43685451113142626,0.8091581361041226,0.44269781495801974,0.6505782278829024,56.64106952728858,45.54047595180317
12,60,70,9,6,0.19767938384569686,1.7035347846537197,0.13316543842715903,0.4245313403200254,0.8197731410860828,0.4287553948814325,0.6690732701451366,57.38411987602579,46.83512891015956
12,60,70,9,7,0.3100229865053948,1.7786907310355016,0.09290637384149843,0.4752746925113872,0.7741139666582063,0.41789702720787586,0.6389243095371928,54.18797766607444,44.7247016676035
12,60,70,9,8,0.48621282751846484,1.8538466774172833,0.06481857757031836,0.606376532182114,0.6323075012187938,0.40944052196083275,0.5263064973137191,44.26152508531556,36.84145481196034
12,60,70,9,9,0.7625335021388381,1.9290026237990652,0.04522238706040986,0.8497676054328256,0.2778950167569616,0.4028545890523881,0.2327949287406174,19.452651172987313,16.29564501184322
12,60,70,9,10,0.7625335021388381,2.004158570180847,0.03155058886046889,0.8257658851977991,0.3181107028434952,0.39772545934603565,0.26779018921248454,22.267749199044662,18.74531324487392
12,60,70,10,0,0.008470982035554134,1.2525991063630293,1.0,1.2610700883985835,0.0,0.5996667596487779,0.0,0.0,0.0
12,60,70,10,1,0.013285144349427866,1.3277550527448112,0.805603956928301,1.0829298686721929,0.0,0.551002931924487,0.0,0.0,0.0
12,60,70,10,2,0.020835253769203577,1.402910999126593,0.5620508089380222,0.8093425156963541,0.3449646922862969,0.5131035047855573,0.25414404164690574,24.147528460040782,17.790082915283403
12,60,70,10,3,0.03267618237402195,1.4780669455083746,0.3921295434451303,0.6122698988975591,0.6251255709039727,0.48358740125180116,0.47893572114146077,43.75878996327809,33.525500479902256
12,60,70,10,4,0.05124645499247768,1.5532228918901563,0.2735794992147093,0.47617639592460925,0.7732560399642497,0.46060023670649525,0.6092077775899459,54.12792279749748,42.64454443129622
12,60,70,10,5,0.08037043982787626,1.6283788382719382,0.19086993990047094,0.39117901082403983,0.8469789814907257,0.44269781495801974,0.6809868927294527,59.288528704350796,47.66908249106169
12,60,70,10,6,0.1260459401352627,1.7035347846537197,0.13316543842715903,0.35289789660959126,0.8754630745685262,0.4287553948814325,0.7145256569602236,61.28241521979684,50.01679598721565
12,60,70,10,7,0.19767938384569686,1.7786907310355016,0.09290637384149843,0.3629310898516893,0.868281024019065,0.41789702720787586,0.7166462273643139,60.779671681334555,50.165235915501974
12,60,70,10,8,0.3100229865053948,1.8538466774172833,0.06481857757031836,0.43018669116904396,0.8149394107410296,0.40944052196083275,0.6783217120835721,57.04575875187207,47.48251984585004
12,60,70,10,9,0.48621282751846484,1.9290026237990652,0.04522238706040986,0.5734469308124523,0.6711586175417785,0.4028545890523881,0.5622350640455505,46.9811032279245,39.35645448318853
12,60,70,10,10,0.7625335021388381,2.004158570180847,0.03155058886046889,0.8257658851977991,0.3181107028434952,0.39772545934603565,0.26779018921248454,22.267749199044662,18.74531324487392
12,60,70,10,11,0.7625335021388381,2.0793145165626283,0.02201209892154953,0.8083035789664286,0.34664532423006256,0.3937308891142536,0.29290697496543017,24.26517269610438,20.503488247580112
12,60,70,11,0,0.005401336617751628,1.2525991063630293,1.0,1.258000442980781,0.0,0.5996667596487779,0.0,0.0,0.0
12,60,70,11,1,0.008470982035554134,1.3277550527448112,0.805603956928301,1.078115706358319,0.0,0.551002931924487,0.0,0.0,0.0
12,60,70,11,2,0.013285144349427866,1.402910999126593,0.5620508089380222,0.8017924062765783,0.3571289372372144,0.5131035047855573,0.26310574249495494,24.99902560660501,18.417401974646847
12,60,70,11,3,0.020835253769203577,1.4780669455083746,0.3921295434451303,0.6004289702927408,0.639485051633199,0.48358740125180116,0.48993714002170896,44.76395361432393,34.29559980151963
12,60,70,11,4,0.03267618237402195,1.5532228918901563,0.2735794992147093,0.45760612330615347,0.7905966359127135,0.46060023670649525,0.6228695214029489,55.34176451388994,43.60086649820643
12,60,70,11,5,0.05124645499247768,1.6283788382719382,0.19086993990047094,0.36205502598864125,0.8689161581563642,0.44269781495801974,0.6986247917791988,60.8241310709455,48.90373542454392
12,60,70,11,6,0.08037043982787626,1.7035347846537197,0.13316543842715903,0.30722239630220477,0.905614399210331,0.4287553948814325,0.739134227754057,63.39300794472317,51.73939594278399
12,60,70,11,7,0.1260459401352627,1.7786907310355016,0.09290637384149843,0.29129764614125514,0.9151456813525641,0.41789702720787586,0.7553265381688905,64.06019769467949,52.87285767182234
12,60,70,11,8,0.19767938384569686,1.8538466774172833,0.06481857757031836,0.317843088509346,0.89897577108684,0.40944052196083275,0.7482700874789997,62.9283039760788,52.37890612352998
12,60,70,11,9,0.3100229865053948,1.9290026237990652,0.04522238706040986,0.3972570897993823,0.8421868046041255,0.4028545890523881,0.7055067753718338,58.95307632228879,49.38547427602837
12,60,70,11,10,0.48621282751846484,2.004158570180847,0.03155058886046889,0.5494452105774259,0.6981099605735281,0.39772545934603565,0.587679058774328,48.86769724014697,41.137534114202964
12,60,70,11,11,0.7625335021388381,2.0793145165626283,0.02201209892154953,0.8083035789664286,0.34664532423006256,0.3937308891142536,0.29290697496543017,24.26517269610438,20.503488247580112
12,60,70,11,12,0.7625335021388381,2.1544704629444102,0.015357320304698774,0.795620395125288,0.3669881868606806,0.390619914689708,0.3109916915407034,25.68917308024764,21.769418407849237
13,65,75,2,0,0.3066099006889809,1.2587172420719377,1.0,1.5,0.0,0.5775566888180743,0.0,0.0,0.0
13,65,75,2,1,0.4808600434424593,1.334240276596254,0.8013720539914264,1.5,0.0,0.5288928610937834,0.0,0.0,0.0
13,65,75,2,2,0.7541386656461408,1.4097633111205703,0.5590983104447343,1.5,0.0,0.49099343395485373,0.0,0.0,0.0
13,65,75,2,3,0.7541386656461408,1.4852863456448864,0.390069655143603,1.333503798281344,0.0,0.46147733042109756,0.0,0.0,0.0
13,65,75,3,0,0.1955031042452504,1.2587172420719377,1.0,1.454220346317188,0.0,0.5775566888180743,0.0,0.0,0.0
13,65,75,3,1,0.3066099006889809,1.334240276596254,0.8013720539914264,1.3758327716630099,0.0,0.5288928610937834,0.0,0.0,0.0
13,65,75,3,2,0.4808600434424593,1.4097633111205703,0.5590983104447343,1.2690563288169445,0.0,0.49099343395485373,0.0,0.0,0.0
13,65,75,3,3,0.7541386656461408,1.4852863456448864,0.390069655143603,1.333503798281344,0.0,0.46147733042109756,0.0,0.0,0.0
13,65,75,3,4,0.7541386656461408,1.5608093801692027,0.27214236391238306,1.1789010199820091,0.0,0.43849016587579165,0.0,0.0,0.0
13,65,75,4,0,0.12465828299621785,1.2587172420719377,1.0,1.3833755250681556,0.0,0.5775566888180743,0.0,0.0,0.0
13,65,75,4,1,0.1955031042452504,1.334240276596254,0.8013720539914264,1.2647259752192794,0.0,0.5288928610937834,0.0,0.0,0.0
13,65,75,4,2,0.3066099006889809,1.4097633111205703,0.5590983104447343,1.0948061860634661,0.0,0.49099343395485373,0.0,0.0,0.0
13,65,75,4,3,0.4808600434424593,1.4852863456448864,0.390069655143603,1.0602251760776624,0.0,0.46147733042109756,0.0,0.0,0.0
13,65,75,4,4,0.7541386656461408,1.5608093801692027,0.27214236391238306,1.1789010199820091,0.0,0.43849016587579165,0.0,0.0,0.0
13,65,75,4,5,0.7541386656461408,1.636332414693519,0.18986728462267696,1.0648246579640674,0.0,0.42058774412731614,0.0,0.0,0.0
13,65,75,5,0,0.07948563057122232,1.2587172420719377,1.0,1.33820287264316,0.0,0.5775566888180743,0.0,0.0,0.0
13,65,75,5,1,0.12465828299621785,1.334240276596254,0.8013720539914264,1.193881153970247,0.0,0.5288928610937834,0.0,0.0,0.0
13,65,75,5,2,0.1955031042452504,1.4097633111205703,0.5590983104447343,0.9836993896197357,0.03233551086175945,0.49099343395485373,0.024540242061030056,2.425163314631959,1.8405181545772542
13,65,75,5,3,0.3066099006889809,1.4852863456448864,0.390069655143603,0.885975033324184,0.21504824032621095,0.46147733042109756,0.1692512818064453,16.128618024465823,12.693846135483398
13,65,75,5,4,0.4808600434424593,1.5608093801692027,0.27214236391238306,0.9056223977783275,0.17984807264223268,0.43849016587579165,0.14526803166357358,13.488605448167451,10.895102374768019
13,65,75,5,5,0.7541386656461408,1.636332414693519,0.18986728462267696,1.0648246579640674,0.0,0.42058774412731614,0.0,0.0,0.0
13,65,75,5,6,0.7541386656461408,1.711855449217835,0.132465909576632,0.9809011547904953,0.03783292453067266,0.4066453240507289,0.031576856256632625,2.8374693398004496,2.368264219247447
13,65,75,6,0,0.0506822757016196,1.2587172420719377,1.0,1.3093995177735573,0.0,0.5775566888180743,0.0,0.0,0.0
13,65,75,6,1,0.07948563057122232,1.334240276596254,0.8013720539914264,1.1487085015452514,0.0,0.5288928610937834,0.0,0.0,0.0
13,65,75,6,2,0.12465828299621785,1.4097633111205703,0.5590983104447343,0.9128545683707031,0.1666965370047373,0.49099343395485373,0.12651024399523336,12.502240275355298,9.488268299642503
13,65,75,6,3,0.1955031042452504,1.4852863456448864,0.390069655143603,0.7748682368804536,0.3995792154737773,0.46147733042109756,0.31448429570761605,29.968441160533295,23.586322178071203
13,65,75,6,4,0.3066099006889809,1.5608093801692027,0.27214236391238306,0.7313722550248491,0.46509462457986706,0.43849016587579165,0.3756691948788807,34.88209684349003,28.17518961591605
13,65,75,6,5,0.4808600434424593,1.636332414693519,0.18986728462267696,0.791546035760386,0.37345487327201776,0.42058774412731614,0.30739292805619267,28.009115495401332,23.05446960421445
13,65,75,6,6,0.7541386656461408,1.711855449217835,0.132465909576632,0.9809011547904953,0.03783292453067266,0.4066453240507289,0.031576856256632625,2.8374693398004496,2.368264219247447
13,65,75,6,7,0.7541386656461408,1.7873784837421514,0.09241832912308204,0.9193251986241383,0.15484117917468865,0.39578695637717226,0.1305857242305767,11.613088438101649,9.793929317293253
13,65,75,7,0,0.032316445775608826,1.2587172420719377,1.0,1.2910336878475466,0.0,0.5775566888180743,0.0,0.0,0.0
13,65,75,7,1,0.0506822757016196,1.334240276596254,0.8013720539914264,1.1199051466756487,0.0,0.5288928610937834,0.0,0.0,0.0
13,65,75,7,2,0.07948563057122232,1.4097633111205703,0.5590983104447343,0.8676819159457076,0.24712809274078595,0.49099343395485373,0.1875517984505281,18.534606955558946,14.066384883789608
13,65,75,7,3,0.12465828299621785,1.4852863456448864,0.390069655143603,0.704023415631421,0.5043510302426675,0.46147733042109756,0.3969437658242882,37.82632726820006,29.770782436821616
13,65,75,7,4,0.1955031042452504,1.5608093801692027,0.27214236391238306,0.6202654585811186,0.6152707608911547,0.43849016587579165,0.4969704209875357,46.14530706683661,37.27278157406518
13,65,75,7,5,0.3066099006889809,1.636332414693519,0.18986728462267696,0.6172958930069076,0.6189457804768046,0.42058774412731614,0.5094579543221245,46.42093353576035,38.20934657415933
13,65,75,7,6,0.4808600434424593,1.711855449217835,0.132465909576632,0.7076225325868138,0.4992703513754235,0.4066453240507289,0.4167107965919627,37.445276353156764,31.253309744397203
13,65,75,7,7,0.7541386656461408,1.7873784837421514,0.09241832912308204,0.9193251986241383,0.15484117917468865,0.39578695637717226,0.1305857242305767,11.613088438101649,9.793929317293253
13,65,75,7,8,0.7541386656461408,1.8629015182664677,0.06447808032421525,0.8742549793770287,0.23567823103447116,0.38733045113012915,0.20032063308843875,17.675867327585337,15.024047481632907
13,65,75,8,0,0.020605875586886716,1.2587172420719377,1.0,1.2793231176588244,0.0,0.5775566888180743,0.0,0.0,0.0
13,65,75,8,1,0.032316445775608826,1.334240276596254,0.8013720539914264,1.101539316749638,0.0,0.5288928610937834,0.0,0.0,0.0
13,65,75,8,2,0.0506822757016196,1.4097633111205703,0.5590983104447343,0.8388785610761049,0.2962827597668837,0.49099343395485373,0.22485652613541907,22.221206982516275,16.86423946015643
13,65,75,8,3,0.07948563057122232,1.4852863456448864,0.390069655143603,0.6588507632064255,0.5659156718223106,0.46147733042109756,0.4453975196680901,42.4436753866733,33.404813975106755
13,65,75,8,4,0.12465828299621785,1.5608093801692027,0.27214236391238306,0.549420637332086,0.6981369632736044,0.43849016587579165,0.5639036382007127,52.36027224552033,42.29277286505345
13,65,75,8,5,0.1955031042452504,1.636332414693519,0.18986728462267696,0.506189096563177,0.7437725985205547,0.42058774412731614,0.6122036509098278,55.7829448890416,45.91527381823708
13,65,75,8,6,0.3066099006889809,1.711855449217835,0.132465909576632,0.5333723898333355,0.7155138937634764,0.4066453240507289,0.5971962160809219,53.66354203226073,44.789716206069144
13,65,75,8,7,0.4808600434424593,1.7873784837421514,0.09241832912308204,0.6460465764204568,0.5826238210954069,0.39578695637717226,0.49135736395997803,43.69678658215552,36.85180229699835
13,65,75,8,8,0.7541386656461408,1.8629015182664677,0.06447808032421525,0.8742549793770287,0.23567823103447116,0.38733045113012915,0.20032063308843875,17.675867327585337,15.024047481632907
13,65,75,8,9,0.7541386656461408,1.9384245527907842,0.044984830192711336,0.8413383649948167,0.2921497555878485,0.3807445182216845,0.24979786071966006,21.911231669088636,18.734839553974506
13,65,75,9,0,0.013138886363014803,1.2587172420719377,1.0,1.2718561284349525,0.0,0.5775566888180743,0.0,0.0,0.0
13,65,75,9,1,0.020605875586886716,1.334240276596254,0.8013720539914264,1.0898287465609158,0.0,0.5288928610937834,0.0,0.0,0.0
13,65,75,9,2,0.032316445775608826,1.4097633111205703,0.5590983104447343,0.8205127311500942,0.32675885802061333,0.49099343395485373,0.24798561265023056,24.506914351546,18.59892094876729
13,65,75,9,3,0.0506822757016196,1.4852863456448864,0.390069655143603,0.6300474083368228,0.6030402632480528,0.46147733042109756,0.47461600885831107,45.22801974360396,35.59620066437333
13,65,75,9,4,0.07948563057122232,1.5608093801692027,0.27214236391238306,0.5042479849070904,0.7457339697171387,0.43849016587579165,0.6023489956490805,55.930047728785404,45.17617467368104
13,65,75,9,5,0.12465828299621785,1.636332414693519,0.18986728462267696,0.4353442753141445,0.8104753619512024,0.42058774412731614,0.6671070923370109,60.78565214634018,50.03303192527582
13,65,75,9,6,0.1955031042452504,1.711855449217835,0.132465909576632,0.4222655933896049,0.8216917686393248,0.4066453240507289,0.6858164730180025,61.62688264794936,51.43623547635019
13,65,75,9,7,0.3066099006889809,1.7873784837421514,0.09241832912308204,0.47179643366697843,0.7774081251791204,0.39578695637717226,0.6556292298363298,58.30560938843403,49.17219223772473
13,65,75,9,8,0.4808600434424593,1.8629015182664677,0.06447808032421525,0.6009763571733472,0.6388274181186535,0.38733045113012915,0.5429874124142761,47.912056358899015,40.7240559310707
13,65,75,9,9,0.7541386656461408,1.9384245527907842,0.044984830192711336,0.8413383649948167,0.2921497555878485,0.3807445182216845,0.24979786071966006,21.911231669088636,18.734839553974506
13,65,75,9,10,0.7541386656461408,2.0139475873151005,0.03138485105778004,0.8173461107122008,0.3319453353036389,0.37561538851533205,0.2851121903075642,24.895900147772917,21.383414273067313
13,65,75,10,0,0.00837772382601765,1.2587172420719377,1.0,1.2670949658979553,0.0,0.5775566888180743,0.0,0.0,0.0
13,65,75,10,1,0.013138886363014803,1.334240276596254,0.8013720539914264,1.0823617573370439,0.0,0.5288928610937834,0.0,0.0,0.0
13,65,75,10,2,0.020605875586886716,1.4097633111205703,0.5590983104447343,0.808802160961372,0.34583906442421486,0.49099343395485373,0.26246606683945256,25.937929831816113,19.68495501295894
13,65,75,10,3,0.032316445775608826,1.4852863456448864,0.390069655143603,0.611681578410812,0.6258456466328576,0.46147733042109756,0.4925647275463159,46.93842349746432,36.942354565973694
13,65,75,10,4,0.0506822757016196,1.5608093801692027,0.27214236391238306,0.47544463003748777,0.7739524037685164,0.43849016587579165,0.6251417690774981,58.04643028263873,46.88563268081236
13,65,75,10,5,0.07948563057122232,1.636332414693519,0.18986728462267696,0.390171622889149,0.8477661046920477,0.42058774412731614,0.6978013245478979,63.58245785190358,52.335099341092345
13,65,75,10,6,0.12465828299621785,1.711855449217835,0.132465909576632,0.3514207721405724,0.8765034409081239,0.4066453240507289,0.7315644641629724,65.7377580681093,54.86733481222293
13,65,75,10,7,0.1955031042452504,1.7873784837421514,0.09241832912308204,0.36068963722324787,0.8699029855997619,0.39578695637717226,0.7336350187357339,65.24272391998214,55.02262640518004
13,65,75,10,8,0.3066099006889809,1.8629015182664677,0.06447808032421525,0.42672621441986874,0.8179047379268882,0.38733045113012915,0.6951986790989768,61.342855344516614,52.13990093242326
13,65,75,10,9,0.4808600434424593,1.9384245527907842,0.044984830192711336,0.5680597427911351,0.6773081286200694,0.3807445182216845,0.5791212155454115,50.7981096465052,43.43409116590586
13,65,75,10,10,0.7541386656461408,2.0139475873151005,0.03138485105778004,0.8173461107122008,0.3319453353036389,0.37561538851533205,0.2851121903075642,24.895900147772917,21.383414273067313
13,65,75,10,11,0.7541386656461408,2.0894706218394163,0.021896467580278488,0.7998906913771919,0.36017488184811786,0.37162081828355,0.3104339985800064,27.01311613860884,23.28254989350048
13,65,75,11,0,0.0053418725579813245,1.2587172420719377,1.0,1.264059114629919,0.0,0.5775566888180743,0.0,0.0,0.0
13,65,75,11,1,0.00837772382601765,1.334240276596254,0.8013720539914264,1.0776005948000467,0.0,0.5288928610937834,0.0,0.0,0.0
13,65,75,11,2,0.013138886363014803,1.4097633111205703,0.5590983104447343,0.8013351717375001,0.3578619425364312,0.49099343395485373,0.2715905349947701,26.83964569023234,20.36929012460776
13,65,75,11,3,0.020605875586886716,1.4852863456448864,0.390069655143603,0.5999710082220899,0.640034789292969,0.46147733042109756,0.5037321315637375,48.00260919697267,37.77990986728032
13,65,75,11,4,0.032316445775608826,1.5608093801692027,0.27214236391238306,0.457078800111477,0.7910789704886525,0.43849016587579165,0.6389753487207909,59.33092278664894,47.92315115405931
13,65,75,11,5,0.0506822757016196,1.636332414693519,0.18986728462267696,0.36136826801954625,0.8694129748685534,0.42058774412731614,0.7156189921780151,65.2059731151415,53.671424413351126
13,65,75,11,6,0.07948563057122232,1.711855449217835,0.132465909576632,0.30624811971557686,0.9062120891706738,0.4066453240507289,0.7563604778839004,67.96590668780053,56.727035841292526
13,65,75,11,7,0.12465828299621785,1.7873784837421514,0.09241832912308204,0.28984481597421535,0.9159899826528732,0.39578695637717226,0.7725026114515144,68.69924869896549,57.937695858863584
13,65,75,11,8,0.1955031042452504,1.8629015182664677,0.06447808032421525,0.31561941797613824,0.9003843829964038,0.38733045113012915,0.7653043254487173,67.52882872473029,57.3978244086538
13,65,75,11,9,0.3066099006889809,1.9384245527907842,0.044984830192711336,0.39380960003765675,0.8449139989181809,0.3807445182216845,0.7224298681926857,63.368549918863565,54.18224011445143
13,65,75,11,10,0.4808600434424593,2.0139475873151005,0.03138485105778004,0.5440674885085192,0.7039905679480324,0.37561538851533205,0.6046667069441698,52.799292596102426,45.350003020812736
13,65,75,11,11,0.7541386656461408,2.0894706218394163,0.021896467580278488,0.7998906913771919,0.36017488184811786,0.37162081828355,0.3104339985800064,27.01311613860884,23.28254989350048
13,65,75,11,12,0.7541386656461408,2.1649936563637326,0.015276647055342128,0.7872125096114643,0.38029646471122025,0.3685098438590044,0.328652393042205,28.52223485334152,24.648929478165375
14,70,80,2,0,0.3033612288011667,1.2646057870319083,1.0,1.5,0.0,0.5567342082746822,0.0,0.0,0.0
14,70,80,2,1,0.47576511173414093,1.340482134253823,0.7973060863421595,1.5,0.0,0.5080703805503912,0.0,0.0,0.0
14,70,80,2,2,0.7461482221637449,1.4163584814757375,0.5562615810732702,1.5,0.0,0.47017095341146153,0.0,0.0,0.0
14,70,80,2,3,0.7461482221637449,1.4922348286976517,0.3880905362176621,1.3252704369956878,0.0,0.4406548498777054,0.0,0.0,0.0
14,70,80,3,0,0.19343165959419778,1.2646057870319083,1.0,1.4580374466261061,0.0,0.5567342082746822,0.0,0.0,0.0
14,70,80,3,1,0.3033612288011667,1.340482134253823,0.7973060863421595,1.3721357930746674,0.0,0.5080703805503912,0.0,0.0,0.0
14,70,80,3,2,0.47576511173414093,1.4163584814757375,0.5562615810732702,1.2636309200063707,0.0,0.47017095341146153,0.0,0.0,0.0
14,70,80,3,3,0.7461482221637449,1.4922348286976517,0.3880905362176621,1.3252704369956878,0.0,0.4406548498777054,0.0,0.0,0.0
14,70,80,3,4,0.7461482221637449,1.5681111759195663,0.27076157949127494,1.1707324809736472,0.0,0.4176676853323995,0.0,0.0,0.0
14,70,80,4,0,0.12333747157218038,1.2646057870319083,1.0,1.3879432586040887,0.0,0.5567342082746822,0.0,0.0,0.0
14,70,80,4,1,0.19343165959419778,1.340482134253823,0.7973060863421595,1.2622062238676985,0.0,0.5080703805503912,0.0,0.0,0.0
14,70,80,4,2,0.3033612288011667,1.4163584814757375,0.5562615810732702,1.0912270370733965,0.0,0.47017095341146153,0.0,0.0,0.0
14,70,80,4,3,0.47576511173414093,1.4922348286976517,0.3880905362176621,1.0548873265660839,0.0,0.4406548498777054,0.0,0.0,0.0
14,70,80,4,4,0.7461482221637449,1.5681111759195663,0.27076157949127494,1.1707324809736472,0.0,0.4176676853323995,0.0,0.0,0.0
14,70,80,4,5,0.7461482221637449,1.6439875231414809,0.18890394402066213,1.0567039492059302,0.0,0.399765263583924,0.0,0.0,0.0
14,70,80,5,0,0.07864344402427238,1.2646057870319083,1.0,1.3432492310561808,0.0,0.5567342082746822,0.0,0.0,0.0
14,70,80,5,1,0.12333747157218038,1.340482134253823,0.7973060863421595,1.1921120358456812,0.0,0.5080703805503912,0.0,0.0,0.0
14,70,80,5,2,0.19343165959419778,1.4163584814757375,0.5562615810732702,0.9812974678664275,0.037055279558937726,0.47017095341146153,0.028863812578559217,2.964422364715018,2.3091050062847374
14,70,80,5,3,0.3033612288011667,1.4922348286976517,0.3880905362176621,0.8824834436331095,0.2212229717134485,0.4406548498777054,0.1782666258273847,17.69783773707588,14.261330066190776
14,70,80,5,4,0.47576511173414093,1.5681111759195663,0.27076157949127494,0.9003493705440432,0.18937101096094522,0.4176676853323995,0.15633593964816164,15.149680876875617,12.506875171852931
14,70,80,5,5,0.7461482221637449,1.6439875231414809,0.18890394402066213,1.0567039492059302,0.0,0.399765263583924,0.0,0.0,0.0
14,70,80,5,6,0.7461482221637449,1.719863870363395,0.13179380964466325,0.972815633709152,0.05362974281106092,0.38582284350733675,0.04564645862975674,4.290379424884874,3.6517166903805394
14,70,80,6,0,0.05014527385036719,1.2646057870319083,1.0,1.3147510608822754,0.0,0.5567342082746822,0.0,0.0,0.0
14,70,80,6,1,0.07864344402427238,1.340482134253823,0.7973060863421595,1.1474180082977732,0.0,0.5080703805503912,0.0,0.0,0.0
14,70,80,6,2,0.12333747157218038,1.4163584814757375,0.5562615810732702,0.9112032798444101,0.1697085828007897,0.47017095341146153,0.1321926803748372,13.576686624063177,10.575414429986976
14,70,80,6,3,0.19343165959419778,1.4922348286976517,0.3880905362176621,0.7725538744261407,0.40316051110915885,0.4406548498777054,0.32487613481373595,32.252840888732706,25.990090785098875
14,70,80,6,4,0.3033612288011667,1.5681111759195663,0.27076157949127494,0.7279454876110689,0.4700953670666831,0.4176676853323995,0.38808897181086544,37.607629365334645,31.047117744869233
14,70,80,6,5,0.47576511173414093,1.6439875231414809,0.18890394402066213,0.7863208387763263,0.3816995385060946,0.399765263583924,0.32069927033837203,30.53596308048757,25.655941627069762
14,70,80,6,6,0.7461482221637449,1.719863870363395,0.13179380964466325,0.972815633709152,0.05362974281106092,0.38582284350733675,0.04564645862975674,4.290379424884874,3.6517166903805394
14,70,80,6,7,0.7461482221637449,1.7957402175853097,0.09194942091179349,0.9112654952787321,0.16959519711440707,0.3749644758337801,0.14575039085214941,13.567615769152566,11.660031268171952
14,70,80,7,0,0.031974038277777284,1.2646057870319083,1.0,1.2965798253096856,0.0,0.5567342082746822,0.0,0.0,0.0
14,70,80,7,1,0.05014527385036719,1.340482134253823,0.7973060863421595,1.1189198381238679,0.0,0.5080703805503912,0.0,0.0,0.0
14,70,80,7,2,0.07864344402427238,1.4163584814757375,0.5562615810732702,0.8665092522965021,0.2491617156845568,0.47017095341146153,0.19408184606548612,19.932937254764546,15.526547685238889
14,70,80,7,3,0.12333747157218038,1.4922348286976517,0.3880905362176621,0.7024596864041232,0.506550388977021,0.4406548498777054,0.4081901077228555,40.52403111816168,32.65520861782844
14,70,80,7,4,0.19343165959419778,1.5681111759195663,0.27076157949127494,0.6180159184041001,0.6180563245991367,0.4176676853323995,0.5102386884422478,49.44450596793094,40.81909507537983
14,70,80,7,5,0.3033612288011667,1.6439875231414809,0.18890394402066213,0.613916955843352,0.6231059713280318,0.399765263583924,0.5235259941117054,49.84847770624255,41.88207952893643
14,70,80,7,6,0.47576511173414093,1.719863870363395,0.13179380964466325,0.7024325232795481,0.5065885502391272,0.38582284350733675,0.4311781501967139,40.52708401913017,34.49425201573711
14,70,80,7,7,0.7461482221637449,1.7957402175853097,0.09194942091179349,0.9112654952787321,0.16959519711440707,0.3749644758337801,0.14575039085214941,13.567615769152566,11.660031268171952
14,70,80,7,8,0.7461482221637449,1.8716165648072243,0.06415093416609892,0.8662141731968733,0.24967300615285715,0.366507970586737,0.21613490748670214,19.97384049222857,17.29079259893617
14,70,80,8,0,0.020387546926942952,1.2646057870319083,1.0,1.2849933339588513,0.0,0.5567342082746822,0.0,0.0,0.0
14,70,80,8,1,0.031974038277777284,1.340482134253823,0.7973060863421595,1.100748602551278,0.0,0.5080703805503912,0.0,0.0,0.0
14,70,80,8,2,0.05014527385036719,1.4163584814757375,0.5562615810732702,0.8380110821225969,0.2977374262397141,0.47017095341146153,0.23191937480695313,23.81899409917713,18.55354998455625
14,70,80,8,3,0.07864344402427238,1.4922348286976517,0.3880905362176621,0.6577656588562152,0.5673443380294492,0.4406548498777054,0.45717928856767404,45.38754704235593,36.57434308541392
14,70,80,8,4,0.12333747157218038,1.5681111759195663,0.27076157949127494,0.5479217303820826,0.6997817773751044,0.4176676853323995,0.5777074387439366,55.98254219000835,46.216595099514926
14,70,80,8,5,0.19343165959419778,1.6439875231414809,0.18890394402066213,0.5039873866363831,0.7459967141114289,0.399765263583924,0.6267772888243572,59.67973712891431,50.142183105948575
14,70,80,8,6,0.3033612288011667,1.719863870363395,0.13179380964466325,0.5300286403465738,0.7190696404123623,0.38582284350733675,0.6120294611263238,57.52557123298899,48.96235689010591
14,70,80,8,7,0.47576511173414093,1.7957402175853097,0.09194942091179349,0.6408823848491282,0.589269768790094,0.3749644758337801,0.5064194067982595,47.14158150320752,40.513552543860754
14,70,80,8,8,0.7461482221637449,1.8716165648072243,0.06415093416609892,0.8662141731968733,0.24967300615285715,0.366507970586737,0.21613490748670214,19.97384049222857,17.29079259893617
14,70,80,8,9,0.7461482221637449,1.9474929120291389,0.04475658806302848,0.8333113601831008,0.30559217698979046,0.35992203767829234,0.26600458276092853,24.447374159183237,21.280366620874283
14,70,80,9,0,0.0129996738631288,1.2646057870319083,1.0,1.2776054608950371,0.0,0.5567342082746822,0.0,0.0,0.0
14,70,80,9,1,0.020387546926942952,1.340482134253823,0.7973060863421595,1.0891621112004437,0.0,0.5080703805503912,0.0,0.0,0.0
14,70,80,9,2,0.031974038277777284,1.4163584814757375,0.5562615810732702,0.819839846550007,0.32786262600886107,0.47017095341146153,0.2553850760613533,26.229010080708886,20.430806084908262
14,70,80,9,3,0.05014527385036719,1.4922348286976517,0.3880905362176621,0.62926748868231,0.6040224276874588,0.4406548498777054,0.48673534793386414,48.32179421499671,38.93882783470913
14,70,80,9,4,0.07864344402427238,1.5681111759195663,0.27076157949127494,0.5032277028341746,0.7467618791002397,0.4176676853323995,0.6164920357669729,59.74095032801918,49.31936286135783
14,70,80,9,5,0.12333747157218038,1.6439875231414809,0.18890394402066213,0.4338931986143657,0.8117366921961946,0.399765263583924,0.6820112120466886,64.93893537569556,54.56089696373509
14,70,80,9,6,0.19343165959419778,1.719863870363395,0.13179380964466325,0.4200990711396049,0.8235167704276412,0.38582284350733675,0.7009286679719688,65.8813416342113,56.074293437757504
14,70,80,9,7,0.3033612288011667,1.7957402175853097,0.09194942091179349,0.46847850191615403,0.780527893242396,0.3749644758337801,0.6707869529721482,62.44223145939168,53.66295623777185
14,70,80,9,8,0.47576511173414093,1.8716165648072243,0.06415093416609892,0.5958310627672694,0.6449853446416263,0.366507970586737,0.5583456936031341,51.598827571330105,44.66765548825073
14,70,80,9,9,0.7461482221637449,1.9474929120291389,0.04475658806302848,0.8333113601831008,0.30559217698979046,0.35992203767829234,0.26600458276092853,24.447374159183237,21.280366620874283
14,70,80,9,10,0.7461482221637449,2.0233692592510533,0.031225611927288278,0.809329165438723,0.34498630197026015,0.35479290797193996,0.3015601136471721,27.59890415762081,24.12480909177377
14,70,80,10,0,0.008288958017032694,1.2646057870319083,1.0,1.272894745048941,0.0,0.5567342082746822,0.0,0.0,0.0
14,70,80,10,1,0.0129996738631288,1.340482134253823,0.7973060863421595,1.0817742381366295,0.0,0.5080703805503912,0.0,0.0,0.0
14,70,80,10,2,0.020387546926942952,1.4163584814757375,0.5562615810732702,0.8082533551991727,0.3467265138092799,0.47017095341146153,0.27007889914014666,27.73812110474239,21.60631193121173
14,70,80,10,3,0.031974038277777284,1.4922348286976517,0.3880905362176621,0.6110962531097202,0.6265613694352609,0.4406548498777054,0.5048977524254967,50.12490955482087,40.39182019403974
14,70,80,10,4,0.05014527385036719,1.5681111759195663,0.27076157949127494,0.47472953266026946,0.7746318708201622,0.4176676853323995,0.6395002106793365,61.97054966561297,51.16001685434692
14,70,80,10,5,0.07864344402427238,1.6439875231414809,0.18890394402066213,0.3891991710664577,0.8485240052411822,0.399765263583924,0.7129194612350707,67.88192041929457,57.03355689880566
14,70,80,10,6,0.12333747157218038,1.719863870363395,0.13179380964466325,0.3500048831175875,0.8774965817938439,0.38582284350733675,0.7468730842084991,70.19972654350751,59.74984673667993
14,70,80,10,7,0.19343165959419778,1.7957402175853097,0.09194942091179349,0.3585489327091851,0.8714426628531042,0.3749644758337801,0.7489192552451598,69.71541302824834,59.91354041961279
14,70,80,10,8,0.3033612288011667,1.8716165648072243,0.06415093416609892,0.4234271798342952,0.8207094233775755,0.366507970586737,0.7104650920355293,65.65675387020603,56.83720736284235
14,70,80,10,9,0.47576511173414093,1.9474929120291389,0.04475658806302848,0.5629282497534969,0.6831117856294646,0.35992203767829234,0.5946188390860195,54.64894285035717,47.56950712688156
14,70,80,10,10,0.7461482221637449,2.0233692592510533,0.031225611927288278,0.809329165438723,0.34498630197026015,0.35479290797193996,0.3015601136471721,27.59890415762081,24.12480909177377
14,70,80,10,11,0.7461482221637449,2.0992456064729677,0.021785370208750248,0.7918810648598509,0.3729243791164286,0.35079833774015784,0.32703250126961714,29.83395032931429,26.16260010156937
14,70,80,11,0,0.005285272979271035,1.2646057870319083,1.0,1.2698910600111792,0.0,0.5567342082746822,0.0,0.0,0.0
14,70,80,11,1,0.008288958017032694,1.340482134253823,0.7973060863421595,1.0770635222905334,0.0,0.5080703805503912,0.0,0.0,0.0
14,70,80,11,2,0.0129996738631288,1.4163584814757375,0.5562615810732702,0.8008654821353586,0.35861447952409964,0.47017095341146153,0.27933890253013943,28.689158361927973,22.347112202411154
14,70,80,11,3,0.020387546926942952,1.4922348286976517,0.3880905362176621,0.5995097617588858,0.640588045555804,0.4406548498777054,0.516200774910981,51.24704364446431,41.296061992878485
14,70,80,11,4,0.031974038277777284,1.5681111759195663,0.27076157949127494,0.45655829708767953,0.7915545213603982,0.4176676853323995,0.6534707675249716,63.32436170883185,52.277661401997726
14,70,80,11,5,0.05014527385036719,1.6439875231414809,0.18890394402066213,0.3607010008925525,0.8698947879551109,0.399765263583924,0.7308749307379697,69.59158303640888,58.46999445903758
14,70,80,11,6,0.07864344402427238,1.719863870363395,0.13179380964466325,0.30531085556967946,0.9067852814713103,0.38582284350733675,0.7718018895331277,72.54282251770482,61.74415116265021
14,70,80,11,7,0.12333747157218038,1.7957402175853097,0.09194942091179349,0.28845474468716764,0.9167938602674609,0.3749644758337801,0.7878941487634973,73.34350882139687,63.03153190107978
14,70,80,11,8,0.19343165959419778,1.8716165648072243,0.06415093416609892,0.31349761062732623,0.9017192481309574,0.366507970586737,0.7805930215557378,72.13753985047659,62.447441724459026
14,70,80,11,9,0.3033612288011667,1.9474929120291389,0.04475658806302848,0.39052436682052266,0.8474907189194298,0.35992203767829234,0.7377034886840507,67.79925751355438,59.016279094724055
14,70,80,11,10,0.47576511173414093,2.0233692592510533,0.031225611927288278,0.5389460550091191,0.7095371497901076,0.35479290797193996,0.62022202709382,56.76297198320861,49.6177621675056
14,70,80,11,11,0.7461482221637449,2.0992456064729677,0.021785370208750248,0.7918810648598509,0.3729243791164286,0.35079833774015784,0.32703250126961714,29.83395032931429,26.16260010156937
14,70,80,11,12,0.7461482221637449,2.175121953694882,0.015199137049338158,0.7792081988369776,0.3928345828652332,0.3476873633156123,0.3453461840386473,31.426766629218655,27.627694723091786
15,75,85,2,0,0.3002592858845117,1.270288770892184,1.0,1.5,0.0,0.5371243345976674,0.0,0.0,0.0
15,75,85,2,1,0.47090029685925594,1.346506097145715,0.793399547564809,1.5,0.0,0.48846050687337644,0.0,0.0,0.0
15,75,85,2,2,0.7385186737153089,1.422723423399246,0.5535360814514342,1.5,0.0,0.4505610797344467,0.0,0.0,0.0
15,75,85,2,3,0.7385186737153089,1.498940749652777,0.3861890196547916,1.3173931323443333,0.0,0.4210449762006906,0.0,0.0,0.0
15,75,85,3,0,0.19145377346581477,1.270288770892184,1.0,1.4617425443579988,0.0,0.5371243345976674,0.0,0.0,0.0
15,75,85,3,1,0.3002592858845117,1.346506097145715,0.793399547564809,1.3685766141531788,0.0,0.48846050687337644,0.0,0.0,0.0
15,75,85,3,2,0.47090029685925594,1.422723423399246,0.5535360814514342,1.2584290456368443,0.0,0.4505610797344467,0.0,0.0,0.0
15,75,85,3,3,0.7385186737153089,1.498940749652777,0.3861890196547916,1.3173931323443333,0.0,0.4210449762006906,0.0,0.0,0.0
15,75,85,3,4,0.7385186737153089,1.5751580759063082,0.2694349364017282,1.1629212897197936,0.0,0.3980578116553847,0.0,0.0,0.0
15,75,85,4,0,0.12207631569602118,1.270288770892184,1.0,1.3923650865882051,0.0,0.5371243345976674,0.0,0.0,0.0
15,75,85,4,1,0.19145377346581477,1.346506097145715,0.793399547564809,1.259771101734482,0.0,0.48846050687337644,0.0,0.0,0.0
15,75,85,4,2,0.3002592858845117,1.422723423399246,0.5535360814514342,1.0877880346621,0.0,0.4505610797344467,0.0,0.0,0.0
15,75,85,4,3,0.47090029685925594,1.498940749652777,0.3861890196547916,1.0497747554882801,0.0,0.4210449762006906,0.0,0.0,0.0
15,75,85,4,4,0.7385186737153089,1.5751580759063082,0.2694349364017282,1.1629212897197936,0.0,0.3980578116553847,0.0,0.0,0.0
15,75,85,4,5,0.7385186737153089,1.6513754021598392,0.18797837654393967,1.048941540877911,0.0,0.38015538990690917,0.0,0.0,0.0
15,75,85,5,0,0.07783929553405006,1.270288770892184,1.0,1.348128066426234,0.0,0.5371243345976674,0.0,0.0,0.0
15,75,85,5,1,0.12207631569602118,1.346506097145715,0.793399547564809,1.1903936439646883,0.0,0.48846050687337644,0.0,0.0,0.0
15,75,85,5,2,0.19145377346581477,1.422723423399246,0.5535360814514342,0.9789825222434032,0.041593221141944525,0.4505610797344467,0.033149577364593535,3.5354237970652846,2.8177140759904504
15,75,85,5,3,0.3002592858845117,1.498940749652777,0.3861890196547916,0.879133744513536,0.2271238592576088,0.4210449762006906,0.18685959768780347,19.30552803689675,15.883065803463294
15,75,85,5,4,0.47090029685925594,1.5751580759063082,0.2694349364017282,0.8953029128637406,0.19843269421770127,0.3980578116553847,0.16699102956850326,16.866779008504608,14.194237513322777
15,75,85,5,5,0.7385186737153089,1.6513754021598392,0.18797837654393967,1.048941540877911,0.0,0.38015538990690917,0.0,0.0,0.0
15,75,85,5,6,0.7385186737153089,1.72759272841337,0.13114806312797267,0.9650891139206921,0.0686030021917734,0.3662129698303219,0.05940252052795722,5.831255186300739,5.049214244876364
15,75,85,6,0,0.04963252613491728,1.270288770892184,1.0,1.3199212970271013,0.0,0.5371243345976674,0.0,0.0,0.0
15,75,85,6,1,0.07783929553405006,1.346506097145715,0.793399547564809,1.1461566238027172,0.0,0.48846050687337644,0.0,0.0,0.0
15,75,85,6,2,0.12207631569602118,1.422723423399246,0.5535360814514342,0.9096050644736096,0.17261862668396055,0.4505610797344467,0.13757613290640947,14.672583268136647,11.693971297044804
15,75,85,6,3,0.19145377346581477,1.498940749652777,0.3861890196547916,0.770328232094839,0.4065944148376398,0.4210449762006906,0.3345138156202935,34.56052526119938,28.433674327724944
15,75,85,6,4,0.3002592858845117,1.5751580759063082,0.2694349364017282,0.7246619018889964,0.47486512795062263,0.3980578116553847,0.39962273825529543,40.363535875802924,33.96793275170011
15,75,85,6,5,0.47090029685925594,1.6513754021598392,0.18797837654393967,0.7813231640218581,0.3895341133628727,0.38015538990690917,0.33323937543866794,33.11039963584418,28.325346912286776
15,75,85,6,6,0.7385186737153089,1.72759272841337,0.13114806312797267,0.9650891139206921,0.0686030021917734,0.3662129698303219,0.05940252052795722,5.831255186300739,5.049214244876364
15,75,85,6,7,0.7385186737153089,1.8038100546669011,0.09149889885445565,0.9035653074599258,0.18356973515484976,0.3553546021567653,0.16038911930036565,15.603427488162229,13.63307514053108
15,75,85,7,0,0.031647095899726675,1.270288770892184,1.0,1.3019358667919105,0.0,0.5371243345976674,0.0,0.0,0.0
15,75,85,7,1,0.04963252613491728,1.346506097145715,0.793399547564809,1.1179498544035844,0.0,0.48846050687337644,0.0,0.0,0.0
15,75,85,7,2,0.07783929553405006,1.422723423399246,0.5535360814514342,0.8653680443116385,0.25113814788425004,0.4505610797344467,0.20015577620397954,21.346742570161254,17.01324097733826
15,75,85,7,3,0.12207631569602118,1.498940749652777,0.3861890196547916,0.7009507743250455,0.5086680119731192,0.4210449762006906,0.41849192059626217,43.23678101771513,35.57181325068228
15,75,85,7,4,0.19145377346581477,1.5751580759063082,0.2694349364017282,0.6158563894702995,0.6207209075486068,0.3980578116553847,0.5223676664517666,52.761277141631574,44.40125164840016
15,75,85,7,5,0.3002592858845117,1.6513754021598392,0.18797837654393967,0.6106821530471138,0.6270673079497415,0.38015538990690917,0.536444719193355,53.30072117572803,45.597801131435176
15,75,85,7,6,0.47090029685925594,1.72759272841337,0.13114806312797267,0.6974707370646391,0.5135345709385091,0.3662129698303219,0.44466345374675975,43.65043852977327,37.79639356847458
15,75,85,7,7,0.7385186737153089,1.8038100546669011,0.09149889885445565,0.9035653074599258,0.18356973515484976,0.3553546021567653,0.16038911930036565,15.603427488162229,13.63307514053108
15,75,85,7,8,0.7385186737153089,1.8800273809204322,0.06383661559232148,0.8585332589341654,0.2629206433038812,0.3468980969097222,0.2312812227777522,22.348254680829903,19.65890393610894
15,75,85,8,0,0.020179079262739714,1.270288770892184,1.0,1.2904678501549236,0.0,0.5371243345976674,0.0,0.0,0.0
15,75,85,8,1,0.031647095899726675,1.346506097145715,0.793399547564809,1.0999644241683937,0.0,0.48846050687337644,0.0,0.0,0.0
15,75,85,8,2,0.04963252613491728,1.422723423399246,0.5535360814514342,0.8371612749125057,0.29916099978686805,0.4505610797344467,0.2384297352941273,25.428684981883784,20.266527500000823
15,75,85,8,3,0.07783929553405006,1.498940749652777,0.3861890196547916,0.6567137541630743,0.5687270450930412,0.4210449762006906,0.46790375607224427,48.3417988329085,39.77181926614076
15,75,85,8,4,0.12207631569602118,1.5751580759063082,0.2694349364017282,0.5464789317005059,0.7013607772074738,0.3980578116553847,0.5902301470358904,59.61566606263527,50.16956249805068
15,75,85,8,5,0.19145377346581477,1.6513754021598392,0.18797837654393967,0.5018766406284169,0.748119837591535,0.38015538990690917,0.640002964772539,63.590186195280474,54.40025200566582
15,75,85,8,6,0.3002592858845117,1.72759272841337,0.13114806312797267,0.5268297260898949,0.7224504397080463,0.3662129698303219,0.6255612102109314,61.40828737518394,53.17270286792917
15,75,85,8,7,0.47090029685925594,1.8038100546669011,0.09149889885445565,0.6359469306038729,0.595571501455513,0.3553546021567653,0.5203645825291834,50.6235776237186,44.230989514980585
15,75,85,8,8,0.7385186737153089,1.8800273809204322,0.06383661559232148,0.8585332589341654,0.2629206433038812,0.3468980969097222,0.2312812227777522,22.348254680829903,19.65890393610894
15,75,85,8,9,0.7385186737153089,1.9562447071739633,0.044537295435259555,0.8256445221823785,0.3183111229902319,0.3403121640012775,0.28144675776811307,27.05644545416971,23.922974410289612
15,75,85,9,0,0.012866749011729984,1.270288770892184,1.0,1.283155519903914,0.0,0.5371243345976674,0.0,0.0,0.0
15,75,85,9,1,0.020179079262739714,1.346506097145715,0.793399547564809,1.0884964075314068,0.0,0.48846050687337644,0.0,0.0,0.0
15,75,85,9,2,0.031647095899726675,1.422723423399246,0.5535360814514342,0.8191758446773151,0.32895093549720733,0.4505610797344467,0.26217215656864346,27.960829517262624,22.284633308334694
15,75,85,9,3,0.04963252613491728,1.498940749652777,0.3861890196547916,0.6285069847639416,0.6049789701029384,0.4210449762006906,0.49772898070914423,51.42321245874977,42.30696336027726
15,75,85,9,4,0.07783929553405006,1.5751580759063082,0.2694349364017282,0.5022419115385348,0.7477530622941186,0.3980578116553847,0.6292715735568395,63.559010295000085,53.488083752331356
15,75,85,9,5,0.12207631569602118,1.6513754021598392,0.18797837654393967,0.43249918285862327,0.8129444568266232,0.38015538990690917,0.6954592518752469,69.10027883026297,59.114036409395986
15,75,85,9,6,0.19145377346581477,1.72759272841337,0.13114806312797267,0.41802421367119796,0.8252557567845766,0.3662129698303219,0.714579106846861,70.14673932668902,60.73922408198318
15,75,85,9,7,0.3002592858845117,1.8038100546669011,0.09149889885445565,0.4653059196291286,0.783490401158091,0.3553546021567653,0.6845536673898528,66.59668409843773,58.187061728137486
15,75,85,9,8,0.47090029685925594,1.8800273809204322,0.06383661559232148,0.5909148820781125,0.6508196021386103,0.3468980969097222,0.5725010843533335,55.319666181781876,48.66259217003334
15,75,85,9,9,0.7385186737153089,1.9562447071739633,0.044537295435259555,0.8256445221823785,0.3183111229902319,0.3403121640012775,0.28144675776811307,27.05644545416971,23.922974410289612
15,75,85,9,10,0.7385186737153089,2.0324620334274943,0.031072616652411993,0.8016725873405832,0.357321062706655,0.33518303429492513,0.3171768751277112,30.372290330065674,26.96003438585545
15,75,85,10,0,0.008204201389730666,1.270288770892184,1.0,1.2784929722819147,0.0,0.5371243345976674,0.0,0.0,0.0
15,75,85,10,1,0.012866749011729984,1.346506097145715,0.793399547564809,1.0811840772803971,0.0,0.48846050687337644,0.0,0.0,0.0
15,75,85,10,2,0.020179079262739714,1.422723423399246,0.5535360814514342,0.8077078280403281,0.3476080645223757,0.4505610797344467,0.27704178976945665,29.546685484401934,23.548552130403817
15,75,85,10,3,0.031647095899726675,1.498940749652777,0.3861890196547916,0.610521554528751,0.6272634314557973,0.4210449762006906,0.5160628778906008,53.317391673742776,43.865344620701066
15,75,85,10,4,0.04963252613491728,1.5751580759063082,0.2694349364017282,0.474035142139402,0.775290684016877,0.3980578116553847,0.6524458585277744,65.89970814143454,55.45789797486082
15,75,85,10,5,0.07783929553405006,1.6513754021598392,0.18797837654393967,0.38826216269665215,0.8492524930181184,0.38015538990690917,0.7265201189181991,72.18646190654007,61.75421010804693
15,75,85,10,6,0.12207631569602118,1.72759272841337,0.13114806312797267,0.34864675590140437,0.8784454395994266,0.3662129698303219,0.7606354181501518,74.66786236595125,64.6540105427629
15,75,85,10,7,0.19145377346581477,1.8038100546669011,0.09149889885445565,0.3565004072104317,0.8729074596587963,0.3553546021567653,0.7626794175373902,74.19713407099769,64.82775049067817
15,75,85,10,8,0.3002592858845117,1.8800273809204322,0.06383661559232148,0.4202738711033682,0.8233698732677894,0.3468980969097222,0.7242869509779801,69.9864392277621,61.564390833128314
15,75,85,10,9,0.47090029685925594,1.9562447071739633,0.044537295435259555,0.5580261453263256,0.6886068211322426,0.3403121640012775,0.6088576338899223,58.53157979624062,51.7528988806434
15,75,85,10,10,0.7385186737153089,2.0324620334274943,0.031072616652411993,0.8016725873405832,0.357321062706655,0.33518303429492513,0.3171768751277112,30.372290330065674,26.96003438585545
15,75,85,10,11,0.7385186737153089,2.1086793596810254,0.021678629027468335,0.7842319512917133,0.38498024657319185,0.331188464063143,0.34275338073311495,32.72332095872131,29.13403736231477
15,75,85,11,0,0.005231229767666747,1.270288770892184,1.0,1.2755200006598506,0.0,0.5371243345976674,0.0,0.0,0.0
15,75,85,11,1,0.008204201389730666,1.346506097145715,0.793399547564809,1.0765215296583979,0.0,0.48846050687337644,0.0,0.0,0.0
15,75,85,11,2,0.012866749011729984,1.422723423399246,0.5535360814514342,0.8003954977893184,0.35936704711858924,0.4505610797344467,0.28641363673393694,30.546199005080087,24.34515912238464
15,75,85,11,3,0.020179079262739714,1.498940749652777,0.3861890196547916,0.5990535378917641,0.6411348587393608,0.4210449762006906,0.5274751941925283,54.49646299284567,44.83539150636491
15,75,85,11,4,0.031647095899726675,1.5751580759063082,0.2694349364017282,0.45604971190421145,0.7920186602720858,0.3980578116553847,0.6665232865870342,67.32158612312729,56.654479359897906
15,75,85,11,5,0.04963252613491728,1.6513754021598392,0.18797837654393967,0.36005539329751934,0.8703601137573687,0.38015538990690917,0.744577305980508,73.98060966937634,63.28907100834318
15,75,85,11,6,0.07783929553405006,1.72759272841337,0.13114806312797267,0.30440973573943325,0.9073347127870484,0.3662129698303219,0.7856502948864247,77.12345058689911,66.7802750653461
15,75,85,11,7,0.12207631569602118,1.8038100546669011,0.09149889885445565,0.2871229494406381,0.9175604119045088,0.3553546021567653,0.8016937336980021,77.99263501188325,68.14396736433018
15,75,85,11,8,0.19145377346581477,1.8800273809204322,0.06383661559232148,0.3114683586846714,0.9029874615382769,0.3468980969097222,0.7943234948507683,76.75393423075354,67.5174970623153
15,75,85,11,9,0.3002592858845117,1.9562447071739633,0.044537295435259555,0.3873851343515813,0.8499327576834073,0.3403121640012775,0.7515000315532392,72.24428440308962,63.87750268202533
15,75,85,11,10,0.47090029685925594,2.0324620334274943,0.031072616652411993,0.5340542104845303,0.714786100263745,0.33518303429492513,0.6344815498673794,60.75681852241833,53.930931738727246
15,75,85,11,11,0.7385186737153089,2.1086793596810254,0.021678629027468335,0.7842319512917133,0.38498024657319185,0.331188464063143,0.34275338073311495,32.72332095872131,29.13403736231477
15,75,85,11,12,0.7385186737153089,2.1848966859345564,0.015124666254140912,0.7715645068898476,0.4046882117078263,0.32807748963859745,0.36112966111145783,34.398497995165236,30.696021194473914
16,80,90,2,0,0.2972893069439928,1.2757863624869499,1.0,1.5,0.0,0.5186564510605874,0.0,0.0,0.0
16,80,90,2,1,0.466242442696191,1.352333544236167,0.7896461863638916,1.5,0.0,0.4699926233362965,0.0,0.0,0.0
16,80,90,2,2,0.731213704273138,1.428880725985384,0.5509174501983607,1.5,0.0,0.43209319619736675,0.0,0.0,0.0
16,80,90,2,3,0.731213704273138,1.5054279077346007,0.3843620626228124,1.309843080019954,0.0,0.40257709266361064,0.0,0.0,0.0
16,80,90,3,0,0.18956003128361615,1.2757863624869499,1.0,1.465346393770566,0.0,0.5186564510605874,0.0,0.0,0.0
16,80,90,3,1,0.2972893069439928,1.352333544236167,0.7896461863638916,1.3651543328420472,0.0,0.4699926233362965,0.0,0.0,0.0
16,80,90,3,2,0.466242442696191,1.428880725985384,0.5509174501983607,1.2534377688936411,0.0,0.43209319619736675,0.0,0.0,0.0
16,80,90,3,3,0.731213704273138,1.5054279077346007,0.3843620626228124,1.309843080019954,0.0,0.40257709266361064,0.0,0.0,0.0
16,80,90,3,4,0.731213704273138,1.5819750894838178,0.2681603117317674,1.1554366374210092,0.0,0.3795899281183047,0.0,0.0,0.0
16,80,90,4,0,0.12086881236873767,1.2757863624869499,1.0,1.3966551748556875,0.0,0.5186564510605874,0.0,0.0,0.0
16,80,90,4,1,0.18956003128361615,1.352333544236167,0.7896461863638916,1.2574250571816705,0.0,0.4699926233362965,0.0,0.0,0.0
16,80,90,4,2,0.2972893069439928,1.428880725985384,0.5509174501983607,1.084484633141443,0.0,0.43209319619736675,0.0,0.0,0.0
16,80,90,4,3,0.466242442696191,1.5054279077346007,0.3843620626228124,1.044871818443007,0.0,0.40257709266361064,0.0,0.0,0.0
16,80,90,4,4,0.731213704273138,1.5819750894838178,0.2681603117317674,1.1554366374210092,0.0,0.3795899281183047,0.0,0.0,0.0
16,80,90,4,5,0.731213704273138,1.658522271233035,0.1870891010870819,1.041505145131032,0.0,0.3616875063698292,0.0,0.0,0.0
16,80,90,5,0,0.07706935741939713,1.2757863624869499,1.0,1.352855719906347,0.0,0.5186564510605874,0.0,0.0,0.0
16,80,90,5,1,0.12086881236873767,1.352333544236167,0.7896461863638916,1.188733838266792,0.0,0.4699926233362965,0.0,0.0,0.0
16,80,90,5,2,0.18956003128361615,1.428880725985384,0.5509174501983607,0.9767553574810663,0.04594897163203426,0.43209319619736675,0.0373700904702996,4.135407446883084,3.363308142326964
16,80,90,5,3,0.2972893069439928,1.5054279077346007,0.3843620626228124,0.8759186826908089,0.23276646131319811,0.40257709266361064,0.19504239301454684,20.94898151818783,17.553815371309216
16,80,90,5,4,0.466242442696191,1.5819750894838178,0.2681603117317674,0.8904653758440622,0.20707141442289312,0.3795899281183047,0.17723480212437995,18.63642729806038,15.951132191194196
16,80,90,5,5,0.731213704273138,1.658522271233035,0.1870891010870819,1.041505145131032,0.0,0.3616875063698292,0.0,0.0,0.0
16,80,90,5,6,0.731213704273138,1.7350694529822517,0.130527636694367,0.9576882194714995,0.08283327428550902,0.34774508629324197,0.07281652432839367,7.454994685695811,6.55348718955543
16,80,90,6,0,0.04914159191800799,1.2757863624869499,1.0,1.324927954404958,0.0,0.5186564510605874,0.0,0.0,0.0
16,80,90,6,1,0.07706935741939713,1.352333544236167,0.7896461863638916,1.1449343833174517,0.0,0.4699926233362965,0.0,0.0,0.0
16,80,90,6,2,0.12086881236873767,1.428880725985384,0.5509174501983607,0.908064138566188,0.17541952025004703,0.43209319619736675,0.14266790113384278,15.787756822504234,12.840111102045851
16,80,90,6,3,0.18956003128361615,1.5054279077346007,0.3843620626228124,0.7681894070304323,0.40988503492623285,0.40257709266361064,0.34345565775171494,36.88965314336096,30.911009197654344
16,80,90,6,4,0.2972893069439928,1.5819750894838178,0.2681603117317674,0.7215122400918641,0.4794200873976202,0.3795899281183047,0.41034115964862106,43.14780786578582,36.93070436837589
16,80,90,6,5,0.466242442696191,1.658522271233035,0.1870891010870819,0.7765338835540849,0.39699512769241085,0.3616875063698292,0.34506107772840716,35.729561492316975,31.055496995556645
16,80,90,6,6,0.731213704273138,1.7350694529822517,0.130527636694367,0.9576882194714995,0.08283327428550902,0.34774508629324197,0.07281652432839367,7.454994685695811,6.55348718955543
16,80,90,6,7,0.731213704273138,1.8116166347314688,0.09106604201966029,0.8961904608551096,0.19684265787230637,0.33688671861968533,0.17450246079617363,17.715839208507575,15.705221471655626
16,80,90,7,0,0.03133406242243092,1.2757863624869499,1.0,1.3071204249093809,0.0,0.5186564510605874,0.0,0.0,0.0
16,80,90,7,1,0.04914159191800799,1.352333544236167,0.7896461863638916,1.1170066178160625,0.0,0.4699926233362965,0.0,0.0,0.0
16,80,90,7,2,0.07706935741939713,1.428880725985384,0.5509174501983607,0.8642646836168474,0.25304655665267073,0.43209319619736675,0.20580161817409198,22.774190098740366,18.522145635668277
16,80,90,7,3,0.12086881236873767,1.5054279077346007,0.3843620626228124,0.6994981881155538,0.5107022848230574,0.40257709266361064,0.42793362578063937,45.96320563407516,38.51402632025754
16,80,90,7,4,0.18956003128361615,1.5819750894838178,0.2681603117317674,0.6137829644314874,0.6232704725736955,0.3795899281183047,0.5334643566541217,56.09434253163259,48.011792098870956
16,80,90,7,5,0.2972893069439928,1.658522271233035,0.1870891010870819,0.6075807478018868,0.6308456349005,0.3616875063698292,0.5483197638326812,56.776107141045,49.348778744941306
16,80,90,7,6,0.466242442696191,1.7350694529822517,0.130527636694367,0.6927169578945525,0.5201432162453168,0.34774508629324197,0.4572440421638862,46.81288946207851,41.15196379474976
16,80,90,7,7,0.731213704273138,1.8116166347314688,0.09106604201966029,0.8961904608551096,0.19684265787230637,0.33688671861968533,0.17450246079617363,17.715839208507575,15.705221471655626
16,80,90,7,8,0.731213704273138,1.8881638164806858,0.06353462162610674,0.851177477921344,0.2754969010794599,0.3284302133726422,0.2457800407559503,24.794721097151392,22.12020366803553
16,80,90,8,0,0.019979480305215885,1.2757863624869499,1.0,1.2957658427921657,0.0,0.5186564510605874,0.0,0.0,0.0
16,80,90,8,1,0.03133406242243092,1.352333544236167,0.7896461863638916,1.0991990883204854,0.0,0.4699926233362965,0.0,0.0,0.0
16,80,90,8,2,0.04914159191800799,1.428880725985384,0.5509174501983607,0.8363369181154583,0.3005405593971372,0.43209319619736675,0.24442827544883267,27.04865034574235,21.99854479039494
16,80,90,8,3,0.07706935741939713,1.5054279077346007,0.3843620626228124,0.6556987331662132,0.5700591713242231,0.40257709266361064,0.47767064167101153,51.30532541918008,42.99035775039104
16,80,90,8,4,0.12086881236873767,1.5819750894838178,0.2681603117317674,0.5450917455166089,0.7028749889696565,0.3795899281183047,0.601598776612405,63.25874900726909,54.14388989511645
16,80,90,8,5,0.18956003128361615,1.658522271233035,0.1870891010870819,0.4998514721415101,0.7501485057979651,0.3616875063698292,0.6520156893904075,67.51336552181687,58.68141204513668
16,80,90,8,6,0.2972893069439928,1.7350694529822517,0.130527636694367,0.5237638221423543,0.7256714586148323,0.34774508629324197,0.6379184437224633,65.3104312753349,57.4126599350217
16,80,90,8,7,0.466242442696191,1.8116166347314688,0.09106604201966029,0.6312191992781625,0.6015623224626354,0.33688671861968533,0.5332894136193226,54.14060902163719,47.996047225739034
16,80,90,8,8,0.731213704273138,1.8881638164806858,0.06353462162610674,0.851177477921344,0.2754969010794599,0.3284302133726422,0.2457800407559503,24.794721097151392,22.12020366803553
16,80,90,8,9,0.731213704273138,1.964710998229903,0.04432660139441522,0.8183026655468986,0.3303807475588406,0.32184428046419755,0.29615867381608907,29.734267280295654,26.654280643448015
16,80,90,9,0,0.012739479097378431,1.2757863624869499,1.0,1.2885258415843284,0.0,0.5186564510605874,0.0,0.0,0.0
16,80,90,9,1,0.019979480305215885,1.352333544236167,0.7896461863638916,1.0878445062032702,0.0,0.4699926233362965,0.0,0.0,0.0
16,80,90,9,2,0.03133406242243092,1.428880725985384,0.5509174501983607,0.8185293886198812,0.33000963996556343,0.43209319619736675,0.26839534517430325,29.700867596900707,24.155581065687294
16,80,90,9,3,0.04914159191800799,1.5054279077346007,0.3843620626228124,0.627770967664824,0.6059036121571706,0.40257709266361064,0.5077058343567801,54.53132509414535,45.69352509211021
16,80,90,9,4,0.07706935741939713,1.5819750894838178,0.2681603117317674,0.5012922905672683,0.7487060394178214,0.3795899281183047,0.6408260991280277,67.38354354760394,57.674348921522494
16,80,90,9,5,0.12086881236873767,1.658522271233035,0.1870891010870819,0.43116025322663165,0.8141008360375469,0.3616875063698292,0.7076019131407676,73.26907524337922,63.68417218266908
16,80,90,9,6,0.18956003128361615,1.7350694529822517,0.130527636694367,0.4160345464819776,0.8269152561335352,0.34774508629324197,0.7269191684760097,74.42237305201817,65.42272516284088
16,80,90,9,7,0.2972893069439928,1.8116166347314688,0.09106604201966029,0.46226606352596433,0.7863100865122091,0.33688671861968533,0.6970696622794232,70.76790778609882,62.736269605148095
16,80,90,9,8,0.466242442696191,1.8881638164806858,0.06353462162610674,0.586206216344397,0.6563622719191861,0.3284302133726422,0.5855628332328752,59.072604472726745,52.70065499095877
16,80,90,9,9,0.731213704273138,1.964710998229903,0.04432660139441522,0.8183026655468986,0.3303807475588406,0.32184428046419755,0.29615867381608907,29.734267280295654,26.654280643448015
16,80,90,9,10,0.731213704273138,2.04125817997912,0.03092562040807066,0.7943408799020415,0.3690225665164505,0.3167151507578452,0.33200647130381544,33.21203098648054,29.88058241734339
16,80,90,10,0,0.008123050509485624,1.2757863624869499,1.0,1.2839094129964355,0.0,0.5186564510605874,0.0,0.0,0.0
16,80,90,10,1,0.012739479097378431,1.352333544236167,0.7896461863638916,1.080604504995433,0.0,0.4699926233362965,0.0,0.0,0.0
16,80,90,10,2,0.019979480305215885,1.428880725985384,0.5509174501983607,0.8071748065026662,0.3484688317473834,0.43209319619736675,0.2834081222266258,31.362194857264505,25.50673100039632
16,80,90,10,3,0.03133406242243092,1.5054279077346007,0.3843620626228124,0.6099634381692469,0.6279446040967513,0.40257709266361064,0.5261746798599377,56.51501436870762,47.355721187394394
16,80,90,10,4,0.04914159191800799,1.5819750894838178,0.2681603117317674,0.4733645250658792,0.7759260264091545,0.3795899281183047,0.6641239986555046,69.83334237682391,59.77115987899542
16,80,90,10,5,0.07706935741939713,1.658522271233035,0.1870891010870819,0.3873607982772911,0.8499516119579797,0.3616875063698292,0.7387627675532906,76.49564507621818,66.48864907979616
16,80,90,10,6,0.12086881236873767,1.7350694529822517,0.130527636694367,0.3473433275670991,0.8793526127946149,0.34774508629324197,0.7730154515212416,79.14173515151533,69.57139063691174
16,80,90,10,7,0.18956003128361615,1.8116166347314688,0.09106604201966029,0.3545367878655876,0.8743036660499514,0.33688671861968533,0.7750766163084674,78.68732994449562,69.75689546776206
16,80,90,10,8,0.2972893069439928,1.8881638164806858,0.06353462162610674,0.4172530805921988,0.8258998667363201,0.3284302133726422,0.7368130171752444,74.33098800626881,66.313171545772
16,80,90,10,9,0.466242442696191,1.964710998229903,0.04432660139441522,0.5533314039699515,0.6938243573806424,0.32184428046419755,0.6219554349381544,62.444192164257814,55.975989144433896
16,80,90,10,10,0.731213704273138,2.04125817997912,0.03092562040807066,0.7943408799020415,0.3690225665164505,0.3167151507578452,0.33200647130381544,33.21203098648054,29.88058241734339
16,80,90,10,11,0.731213704273138,2.1178053617283368,0.021576073227770033,0.7769076278399526,0.39641453780409774,0.31272058052606305,0.3576475104792574,35.677308402368794,32.18827594313317
16,80,90,11,0,0.005179485681893621,1.2757863624869499,1.0,1.2809658481688435,0.0,0.5186564510605874,0.0,0.0,0.0
16,80,90,11,1,0.008123050509485624,1.352333544236167,0.7896461863638916,1.07598807640754,0.0,0.4699926233362965,0.0,0.0,0.0
16,80,90,11,2,0.012739479097378431,1.428880725985384,0.5509174501983607,0.7999348052948286,0.36010430727792464,0.43209319619736675,0.2928712017645831,32.40938765501322,26.358408158812477
16,80,90,11,3,0.019979480305215885,1.5054279077346007,0.3843620626228124,0.598608856052032,0.6416674374560777,0.40257709266361064,0.5376734767323165,57.75006937104699,48.39061290590848
16,80,90,11,4,0.03133406242243092,1.5819750894838178,0.2681603117317674,0.45555699557030216,0.7924678237869597,0.3795899281183047,0.6782823130380463,71.32210414082637,61.04540817342417
16,80,90,11,5,0.04914159191800799,1.658522271233035,0.1870891010870819,0.35943303277590194,0.8708078949495174,0.3616875063698292,0.7568906763976645,78.37271054545657,68.12016087578981
16,80,90,11,6,0.07706935741939713,1.7350694529822517,0.130527636694367,0.3035438726177586,0.9078611173962139,0.34774508629324197,0.7980765183062307,81.70750056565925,71.82688664756077
16,80,90,11,7,0.12086881236873767,1.8116166347314688,0.09106604201966029,0.2858455689507092,0.9182923107112454,0.33688671861968533,0.8140728726253468,82.64630796401208,73.26655853628121
16,80,90,11,8,0.18956003128361615,1.8881638164806858,0.06353462162610674,0.3095238049318222,0.9041950141805273,0.3284302133726422,0.8066627485313155,81.37755127624746,72.59964736781839
16,80,90,11,9,0.2972893069439928,1.964710998229903,0.04432660139441522,0.38437826821775334,0.8522533469219209,0.32184428046419755,0.7639737570808864,76.70280122297288,68.75763813727978
16,80,90,11,10,0.466242442696191,2.04125817997912,0.03092562040807066,0.5293696183250944,0.7197678071943439,0.3167151507578452,0.6475689876652199,64.77910264749094,58.28120888986979
16,80,90,11,11,0.731213704273138,2.1178053617283368,0.021576073227770033,0.7769076278399526,0.39641453780409774,0.31272058052606305,0.3576475104792574,35.677308402368794,32.18827594313317
16,80,90,11,12,0.731213704273138,2.194352543477554,0.015053115500590124,0.7642455465591194,0.415928744564553,0.3096096061015175,0.37605860196861307,37.43358701080977,33.84527417717518
17,85,95,2,0,0.2944388151129261,1.2811156819972995,1.0,1.5,0.0,0.5012640533350011,0.0,0.0,0.0
17,85,95,2,1,0.4617719816228889,1.3579826229171377,0.7860399965607261,1.5,0.0,0.45260022561071017,0.0,0.0,0.0
17,85,95,2,2,0.7242026256971189,1.4348495638369756,0.5484014969453733,1.5,0.0,0.41470079847178043,0.0,0.0,0.0
17,85,95,2,3,0.7242026256971189,1.5117165047568133,0.38260674160070174,1.302595551806125,0.0,0.3851846949380243,0.0,0.0,0.0
17,85,95,3,0,0.1877424774461601,1.2811156819972995,1.0,1.4688581594434595,0.0,0.5012640533350011,0.0,0.0,0.0
17,85,95,3,1,0.2944388151129261,1.3579826229171377,0.7860399965607261,1.3618674713602388,0.0,0.45260022561071017,0.0,0.0,0.0
17,85,95,3,2,0.4617719816228889,1.4348495638369756,0.5484014969453733,1.2486456303225024,0.0,0.41470079847178043,0.0,0.0,0.0
17,85,95,3,3,0.7242026256971189,1.5117165047568133,0.38260674160070174,1.302595551806125,0.0,0.3851846949380243,0.0,0.0,0.0
17,85,95,3,4,0.7242026256971189,1.5885834456766514,0.26693566580998596,1.1482522054635376,0.0,0.3621975303927184,0.0,0.0,0.0
17,85,95,4,0,0.11970988887488752,1.2811156819972995,1.0,1.400825570872187,0.0,0.5012640533350011,0.0,0.0,0.0
17,85,95,4,1,0.1877424774461601,1.3579826229171377,0.7860399965607261,1.2551711336934728,0.0,0.45260022561071017,0.0,0.0,0.0
17,85,95,4,2,0.2944388151129261,1.4348495638369756,0.5484014969453733,1.0813124638125395,0.0,0.41470079847178043,0.0,0.0,0.0
17,85,95,4,3,0.4617719816228889,1.5117165047568133,0.38260674160070174,1.0401649077318948,0.0,0.3851846949380243,0.0,0.0,0.0
17,85,95,4,4,0.7242026256971189,1.5885834456766514,0.26693566580998596,1.1482522054635376,0.0,0.3621975303927184,0.0,0.0,0.0
17,85,95,4,5,0.7242026256971189,1.6654503865964894,0.18623469461963557,1.0343672698490702,0.0,0.3442951086442429,0.0,0.0,0.0
17,85,95,5,0,0.07633039517414242,1.2811156819972995,1.0,1.357446077171442,0.0,0.5012640533350011,0.0,0.0,0.0
17,85,95,5,1,0.11970988887488752,1.3579826229171377,0.7860399965607261,1.1871385451222003,0.0,0.45260022561071017,0.0,0.0,0.0
17,85,95,5,2,0.1877424774461601,1.4348495638369756,0.5484014969453733,0.9746161261457735,0.05012340665660564,0.41470079847178043,0.04150334596793957,4.761723632377536,3.9428178669542593
17,85,95,5,3,0.2944388151129261,1.5117165047568133,0.38260674160070174,0.8728317412219322,0.23816475151549,0.3851846949380243,0.20282890247328209,22.62565139397155,19.268745734961797
17,85,95,5,4,0.4617719816228889,1.5885834456766514,0.26693566580998596,0.8858215613893075,0.2153201613778094,0.3621975303927184,0.18707294438094765,20.455415330891892,17.771929716190026
17,85,95,5,5,0.7242026256971189,1.6654503865964894,0.18623469461963557,1.0343672698490702,0.0,0.3442951086442429,0.0,0.0,0.0
17,85,95,5,6,0.7242026256971189,1.7423173275163273,0.12993153752918774,0.9505845949250606,0.09638892789115838,0.33035268856765565,0.0858697247739427,9.156948149660046,8.157623853524557
17,85,95,6,0,0.04867040878744795,1.2811156819972995,1.0,1.3297860907847474,0.0,0.5012640533350011,0.0,0.0,0.0
17,85,95,6,1,0.07633039517414242,1.3579826229171377,0.7860399965607261,1.1437590514214553,0.0,0.45260022561071017,0.0,0.0,0.0
17,85,95,6,2,0.11970988887488752,1.4348495638369756,0.5484014969453733,0.9065835375745009,0.1781062893989035,0.41470079847178043,0.1474761481922236,16.92009749289583,14.010234078261242
17,85,95,6,3,0.1877424774461601,1.5117165047568133,0.38260674160070174,0.7661354035551662,0.4130365434193627,0.3851846949380243,0.35175544764716693,39.238471624839455,33.41676752648086
17,85,95,6,4,0.2944388151129261,1.5885834456766514,0.26693566580998596,0.7184883948793447,0.48377442642370283,0.3621975303927184,0.42030948606103513,45.95857051025177,39.92940117579834
17,85,95,6,5,0.4617719816228889,1.6654503865964894,0.18623469461963557,0.7719366257748401,0.40411384578735443,0.3442951086442429,0.3562105453858109,38.39081534979867,33.84000181165203
17,85,95,6,6,0.7242026256971189,1.7423173275163273,0.12993153752918774,0.9505845949250606,0.09638892789115838,0.33035268856765565,0.0858697247739427,9.156948149660046,8.157623853524557
17,85,95,6,7,0.7242026256971189,1.8191842684361652,0.090650157744124,0.8891119665964861,0.209479910854929,0.319494320894099,0.18809690936996798,19.900591531218257,17.869206390146957
17,85,95,7,0,0.031033622793816558,1.2811156819972995,1.0,1.3121493047911161,0.0,0.5012640533350011,0.0,0.0,0.0
17,85,95,7,1,0.04867040878744795,1.3579826229171377,0.7860399965607261,1.1160990650347606,0.0,0.45260022561071017,0.0,0.0,0.0
17,85,95,7,2,0.07633039517414242,1.4348495638369756,0.5484014969453733,0.8632040438737558,0.2548787786399951,0.41470079847178043,0.2110455540712437,24.213483970799533,20.04932763676815
17,85,95,7,3,0.11970988887488752,1.5117165047568133,0.38260674160070174,0.6981028149838936,0.5126524597115636,0.3851846949380243,0.4365916244611122,48.701983672598544,41.47620432380566
17,85,95,7,4,0.1877424774461601,1.5885834456766514,0.26693566580998596,0.6117920572125787,0.6257104787316008,0.3621975303927184,0.5436253662328727,59.44249547950208,51.64440979212291
17,85,95,7,5,0.2944388151129261,1.6654503865964894,0.18623469461963557,0.6046034592648772,0.6344546570449439,0.3442951086442429,0.559246959153853,60.27319241926967,53.12846111961604
17,85,95,7,6,0.4617719816228889,1.7423173275163273,0.12993153752918774,0.6881539508508306,0.5264441399283926,0.33035268856765565,0.4689917648586347,50.01219329319729,44.5542176615703
17,85,95,7,7,0.7242026256971189,1.8191842684361652,0.090650157744124,0.8891119665964861,0.209479910854929,0.319494320894099,0.18809690936996798,19.900591531218257,17.869206390146957
17,85,95,7,8,0.7242026256971189,1.8960512093560034,0.06324446901267985,0.8441173776536888,0.2874658527430598,0.3110378156470559,0.2596551060089197,27.30925601059068,24.667235070847372
17,85,95,8,0,0.01978791154014858,1.2811156819972995,1.0,1.300903593537448,0.0,0.5012640533350011,0.0,0.0,0.0
17,85,95,8,1,0.031033622793816558,1.3579826229171377,0.7860399965607261,1.0984622790411294,0.0,0.45260022561071017,0.0,0.0,0.0
17,85,95,8,2,0.04867040878744795,1.4348495638369756,0.5484014969453733,0.8355440574870614,0.30186612799805823,0.41470079847178043,0.24995217168972386,28.677282159815533,23.745456310523767
17,85,95,8,3,0.07633039517414242,1.5117165047568133,0.38260674160070174,0.6547233212831485,0.5713373725679631,0.3851846949380243,0.48656961822661515,54.2770503939565,46.22411373152844
17,85,95,8,4,0.11970988887488752,1.5885834456766514,0.26693566580998596,0.5437594686413061,0.7043256402629244,0.3621975303927184,0.6119272365572379,66.91093582497783,58.1330874729376
17,85,95,8,5,0.1877424774461601,1.6654503865964894,0.18623469461963557,0.49790712159811135,0.7520884982618836,0.3442951086442429,0.6629365881347,71.44840733487895,62.978975872796504
17,85,95,8,6,0.2944388151129261,1.7423173275163273,0.12993153752918774,0.5208207843408679,0.7287457105985632,0.33035268856765565,0.6492155786808999,69.2308425068635,61.67547997468549
17,85,95,8,7,0.4617719816228889,1.8191842684361652,0.090650157744124,0.6266813225222561,0.6072705200017561,0.319494320894099,0.5452823972363073,57.69069940016683,51.801827737449194
17,85,95,8,8,0.7242026256971189,1.8960512093560034,0.06324446901267985,0.8441173776536888,0.2874658527430598,0.3110378156470559,0.2596551060089197,27.30925601059068,24.667235070847372
17,85,95,8,9,0.7242026256971189,1.9729181502758413,0.04412416878507965,0.8112559991590372,0.3418637038284722,0.30445188273861123,0.31017603272508787,32.47705186370486,29.466723108883347
17,85,95,9,0,0.012617329459800099,1.2811156819972995,1.0,1.2937330114570997,0.0,0.5012640533350011,0.0,0.0,0.0
17,85,95,9,1,0.01978791154014858,1.3579826229171377,0.7860399965607261,1.0872165677874612,0.0,0.45260022561071017,0.0,0.0,0.0
17,85,95,9,2,0.031033622793816558,1.4348495638369756,0.5484014969453733,0.81790727149343,0.33102769523817255,0.41470079847178043,0.27409862730527196,31.44763104762639,26.039369594000835
17,85,95,9,3,0.04867040878744795,1.5117165047568133,0.38260674160070174,0.627063334896454,0.6067915740285375,0.3851846949380243,0.5167635773433874,57.64519953271106,49.0925398476218
17,85,95,9,4,0.07633039517414242,1.5885834456766514,0.26693566580998596,0.5003799749405611,0.7496198806784835,0.3621975303927184,0.6512794591443718,71.21388866445594,61.87154861871532
17,85,95,9,5,0.11970988887488752,1.6654503865964894,0.18623469461963557,0.42987453302683876,0.8152078858549573,0.3442951086442429,0.7185738589516424,77.44474915622094,68.26451660040603
17,85,95,9,6,0.1877424774461601,1.7423173275163273,0.12993153752918774,0.41412444667410186,0.828500942666869,0.33035268856765565,0.7380842330987477,78.70758955335256,70.11800214438104
17,85,95,9,7,0.2944388151129261,1.8191842684361652,0.090650157744124,0.4593481560122933,0.7889992715681059,0.319494320894099,0.7084608918890265,74.95493079897005,67.30378472945752
17,85,95,9,8,0.4617719816228889,1.8960512093560034,0.06324446901267985,0.5816867335794589,0.6616405439776596,0.3110378156470559,0.5976304453102254,62.85585167787766,56.77489230447141
17,85,95,9,9,0.7242026256971189,1.9729181502758413,0.04412416878507965,0.8112559991590372,0.3418637038284722,0.30445188273861123,0.31017603272508787,32.47705186370486,29.466723108883347
17,85,95,9,10,0.7242026256971189,2.0497850911956794,0.030784387968912447,0.7873040051973793,0.380152403400165,0.29932275303225886,0.3460929869696246,36.114478323015675,32.87883376211434
17,85,95,10,0,0.008045164461855282,1.2811156819972995,1.0,1.2891608464591549,0.0,0.5012640533350011,0.0,0.0,0.0
17,85,95,10,1,0.012617329459800099,1.3579826229171377,0.7860399965607261,1.080045985707113,0.0,0.45260022561071017,0.0,0.0,0.0
17,85,95,10,2,0.01978791154014858,1.4348495638369756,0.5484014969453733,0.806661560239762,0.3492971272315528,0.41470079847178043,0.28922614171892125,33.18322708699752,27.47648346329752
17,85,95,10,3,0.031033622793816558,1.5117165047568133,0.38260674160070174,0.6094265489028227,0.6285992814923955,0.3851846949380243,0.5353357352391583,59.71693174177757,50.85689484772004
17,85,95,10,4,0.04867040878744795,1.5885834456766514,0.26693566580998596,0.47271998855386654,0.7765358124216323,0.3621975303927184,0.6746643691766118,73.77090218005506,64.09311507177812
17,85,95,10,5,0.07633039517414242,1.6654503865964894,0.18623469461963557,0.38649503932609364,0.8506215845763213,0.3442951086442429,0.7497896489255989,80.80905053475053,71.23001664793189
17,85,95,10,6,0.11970988887488752,1.7423173275163273,0.12993153752918774,0.3460918581028293,0.8802204257549311,0.33035268856765565,0.7841594190707025,83.62094044671845,74.49514481171674
17,85,95,10,7,0.1877424774461601,1.8191842684361652,0.090650157744124,0.3526518183455273,0.8756366950175932,0.319494320894099,0.7862546598934027,83.18548602667136,74.69419268987326
17,85,95,10,8,0.2944388151129261,1.8960512093560034,0.06324446901267985,0.414353567069496,0.8283111214567846,0.3110378156470559,0.7481765573125836,78.68955653839454,71.07677294469543
17,85,95,10,9,0.4617719816228889,1.9729181502758413,0.04412416878507965,0.5488253550848072,0.6987907296160353,0.30445188273861123,0.6340191538032458,66.38511931352335,60.23181961130835
17,85,95,10,10,0.7242026256971189,2.0497850911956794,0.030784387968912447,0.7873040051973793,0.380152403400165,0.29932275303225886,0.3460929869696246,36.114478323015675,32.87883376211434
17,85,95,10,11,0.7242026256971189,2.126652032115517,0.02147753869849608,0.7698778770151152,0.4072880544826991,0.29532818280047674,0.37176490536356044,38.692365175856416,35.31766600953824
17,85,95,11,0,0.005129823345305961,1.2811156819972995,1.0,1.2862455053426054,0.0,0.5012640533350011,0.0,0.0,0.0
17,85,95,11,1,0.008045164461855282,1.3579826229171377,0.7860399965607261,1.075473820709168,0.0,0.45260022561071017,0.0,0.0,0.0
17,85,95,11,2,0.012617329459800099,1.4348495638369756,0.5484014969453733,0.7994909781594135,0.36081417584170417,0.41470079847178043,0.2987625257135573,34.27734670496189,28.382439942787947
17,85,95,11,3,0.01978791154014858,1.5117165047568133,0.38260674160070174,0.5981808376491546,0.6421796854693558,0.3851846949380243,0.5469012520348354,61.007070119588796,51.95561894330937
17,85,95,11,4,0.031033622793816558,1.5885834456766514,0.26693566580998596,0.45508320256023516,0.79289927874752,0.3621975303927184,0.6888811606106988,75.32543148101439,65.44371025801638
17,85,95,11,5,0.04867040878744795,1.6654503865964894,0.18623469461963557,0.35883505293939916,0.8712374047819786,0.3442951086442429,0.7679616879081415,82.76755345428798,72.95636035127343
17,85,95,11,6,0.07633039517414242,1.7423173275163273,0.12993153752918774,0.30271236440208416,0.9083652244380999,0.33035268856765565,0.8092326942861998,86.29469632161948,76.87710595718899
17,85,95,11,7,0.11970988887488752,1.8191842684361652,0.090650157744124,0.2846192297742547,0.91899189404271,0.319494320894099,0.8251843066956294,87.30422993405745,78.39250913608478
17,85,95,11,8,0.1877424774461601,1.8960512093560034,0.06324446901267985,0.30765722940273,0.905347029196236,0.3110378156470559,0.8177596629222064,86.00796777364242,77.6871679776096
17,85,95,11,9,0.2944388151129261,1.9729181502758413,0.04412416878507965,0.38149218857484446,0.8544637100563753,0.30445188273861123,0.7752626579679994,81.17405245535566,73.64995250695995
17,85,95,11,10,0.4617719816228889,2.0497850911956794,0.030784387968912447,0.5248733611231493,0.7245079547832881,0.29932275303225886,0.659596309036759,68.82825570441237,62.661649358492106
17,85,95,11,11,0.7242026256971189,2.126652032115517,0.02147753869849608,0.7698778770151152,0.4072880544826991,0.29532818280047674,0.37176490536356044,38.692365175856416,35.31766600953824
17,85,95,11,12,0.7242026256971189,2.2035189730353553,0.014984370292215134,0.7572209699350023,0.42661640269069434,0.2922172083759312,0.3901872454450467,40.52855825561596,37.06778831727944
18,90,100,2,0,0.29169715529444207,1.2862914062121706,1.0,1.5,0.0,0.48488451000305255,0.0,0.0,0.0
18,90,100,2,1,0.4574722031210916,1.3634688905849008,0.7825752074822658,1.5,0.0,0.4362206822787616,0.0,0.0,0.0
18,90,100,2,2,0.7174592306778416,1.4406463749576313,0.5459841956305022,1.5,0.0,0.39832125513983185,0.0,0.0,0.0
18,90,100,2,3,0.7174592306778416,1.5178238593303612,0.3809202477003357,1.2956290711394423,0.0,0.36880515160607574,0.0,0.0,0.0
18,90,100,3,0,0.18599431796372445,1.2862914062121706,1.0,1.472285724175895,0.0,0.48488451000305255,0.0,0.0,0.0
18,90,100,3,1,0.29169715529444207,1.3634688905849008,0.7825752074822658,1.3587141052395357,0.0,0.4362206822787616,0.0,0.0,0.0
18,90,100,3,2,0.4574722031210916,1.4406463749576313,0.5459841956305022,1.2440423553403326,0.0,0.39832125513983185,0.0,0.0,0.0
18,90,100,3,3,0.7174592306778416,1.5178238593303612,0.3809202477003357,1.2956290711394423,0.0,0.36880515160607574,0.0,0.0,0.0
18,90,100,3,4,0.7174592306778416,1.5950013437030917,0.2657590389416374,1.1413452548909955,0.0,0.3458179870607698,0.0,0.0,0.0
18,90,100,4,0,0.118595213175362,1.2862914062121706,1.0,1.4048866193875327,0.0,0.48488451000305255,0.0,0.0,0.0
18,90,100,4,1,0.18599431796372445,1.3634688905849008,0.7825752074822658,1.2530112679088181,0.0,0.4362206822787616,0.0,0.0,0.0
18,90,100,4,2,0.29169715529444207,1.4406463749576313,0.5459841956305022,1.0782673075136833,0.0,0.39832125513983185,0.0,0.0,0.0
18,90,100,4,3,0.4574722031210916,1.5178238593303612,0.3809202477003357,1.0356420435826923,0.0,0.36880515160607574,0.0,0.0,0.0
18,90,100,4,4,0.7174592306778416,1.5950013437030917,0.2657590389416374,1.1413452548909955,0.0,0.3458179870607698,0.0,0.0,0.0
18,90,100,4,5,0.7174592306778416,1.6721788280758219,0.18541378990896967,1.0275042445969191,0.0,0.3279155653122943,0.0,0.0,0.0
18,90,100,5,0,0.07561964656819625,1.2862914062121706,1.0,1.3619110527803668,0.0,0.48488451000305255,0.0,0.0,0.0
18,90,100,5,1,0.118595213175362,1.3634688905849008,0.7825752074822658,1.1856121631204557,0.0,0.4362206822787616,0.0,0.0,0.0
18,90,100,5,2,0.18599431796372445,1.4406463749576313,0.5459841956305022,0.9725644701829655,0.05411835133772758,0.39832125513983185,0.04553194333152197,5.411835133772758,4.553194333152197
18,90,100,5,3,0.29169715529444207,1.5178238593303612,0.3809202477003357,0.8698669957560428,0.24333140969435674,0.36880515160607574,0.21023414297863355,24.333140969435675,21.023414297863354
18,90,100,5,4,0.4574722031210916,1.5950013437030917,0.2657590389416374,0.8813582273342455,0.22320767511023643,0.3458179870607698,0.19651425134818085,22.320767511023643,19.651425134818084
18,90,100,5,5,0.7174592306778416,1.6721788280758219,0.18541378990896967,1.0275042445969191,0.0,0.3279155653122943,0.0,0.0,0.0
18,90,100,5,6,0.7174592306778416,1.7493563124485518,0.12935881174659594,0.943753884577593,0.10932860534470323,0.3139731452357071,0.0985510858974776,10.932860534470324,9.85510858974776
18,90,100,6,0,0.04821721546757074,1.2862914062121706,1.0,1.3345086216797415,0.0,0.48488451000305255,0.0,0.0,0.0
18,90,100,6,1,0.07561964656819625,1.3634688905849008,0.7825752074822658,1.1426365965132899,0.0,0.4362206822787616,0.0,0.0,0.0
18,90,100,6,2,0.118595213175362,1.4406463749576313,0.5459841956305022,0.9051653653946031,0.18067566129005463,0.39832125513983185,0.15200969297653139,18.067566129005463,15.200969297653138
18,90,100,6,3,0.18599431796372445,1.5178238593303612,0.3809202477003357,0.7641641584253251,0.4160531389781146,0.36880515160607574,0.3594627393828918,41.605313897811456,35.94627393828918
18,90,100,6,4,0.29169715529444207,1.5950013437030917,0.2657590389416374,0.715583179507596,0.4879407132057997,0.3458179870607698,0.4295878441929872,48.79407132057997,42.958784419298716
18,90,100,6,5,0.4574722031210916,1.6721788280758219,0.18541378990896967,0.7675172170401692,0.41091732154691385,0.3279155653122943,0.3667319498593629,41.091732154691385,36.67319498593629
18,90,100,6,6,0.7174592306778416,1.7493563124485518,0.12935881174659594,0.943753884577593,0.10932860534470323,0.3139731452357071,0.0985510858974776,10.932860534470324,9.85510858974776
18,90,100,6,7,0.7174592306778416,1.8265337968212823,0.0902505805242792,0.8823049661881781,0.22153794663967785,0.30311477756215044,0.2011833572613433,22.153794663967787,20.11833572613433
18,90,100,7,0,0.030744653974935917,1.2862914062121706,1.0,1.3170360601871065,0.0,0.48488451000305255,0.0,0.0,0.0
18,90,100,7,1,0.04821721546757074,1.3634688905849008,0.7825752074822658,1.1152341654126645,0.0,0.4362206822787616,0.0,0.0,0.0
18,90,100,7,2,0.07561964656819625,1.4406463749576313,0.5459841956305022,0.8621897987874374,0.2566287508668782,0.39832125513983185,0.21591207885825095,25.66287508668782,21.591207885825096
18,90,100,7,3,0.118595213175362,1.5178238593303612,0.3809202477003357,0.6967650536369627,0.5145184600302805,0.36880515160607574,0.44453507924448177,51.451846003028045,44.453507924448175
18,90,100,7,4,0.18599431796372445,1.5950013437030917,0.2657590389416374,0.6098803421768784,0.6280459682262138,0.3458179870607698,0.5529379005326044,62.804596822621384,55.29379005326044
18,90,100,7,5,0.29169715529444207,1.6721788280758219,0.18541378990896967,0.6017421692135196,0.6379063617902079,0.3279155653122943,0.5693131723100324,63.79063617902079,56.93131723100324
18,90,100,7,6,0.4574722031210916,1.7493563124485518,0.12935881174659594,0.683766857020843,0.532462885239838,0.3139731452357071,0.4799731540985247,53.2462885239838,47.99731540985247
18,90,100,7,7,0.7174592306778416,1.8265337968212823,0.0902505805242792,0.8823049661881781,0.22153794663967785,0.30311477756215044,0.2011833572613433,22.153794663967787,20.11833572613433
18,90,100,7,8,0.7174592306778416,1.9037112811940125,0.06296569344595686,0.8373277316191136,0.2988822698615897,0.29465827231510733,0.27293226586828756,29.888226986158973,27.293226586828755
18,90,100,8,0,0.01960365688628939,1.2862914062121706,1.0,1.30589506309846,0.0,0.48488451000305255,0.0,0.0,0.0
18,90,100,8,1,0.030744653974935917,1.3634688905849008,0.7825752074822658,1.0977616039200295,0.0,0.4362206822787616,0.0,0.0,0.0
18,90,100,8,2,0.04821721546757074,1.4406463749576313,0.5459841956305022,0.8347873676868118,0.3031300507505237,0.39832125513983185,0.2550354907658163,30.313005075052367,25.503549076581628
18,90,100,8,3,0.07561964656819625,1.5178238593303612,0.3809202477003357,0.6537894870297969,0.5725593066493151,0.36880515160607574,0.4946813701077696,57.25593066493151,49.46813701077696
18,90,100,8,4,0.118595213175362,1.5950013437030917,0.2657590389416374,0.542481237388516,0.7057141070814246,0.3458179870607698,0.6213177004350958,70.57141070814245,62.13177004350958
18,90,100,8,5,0.18599431796372445,1.6721788280758219,0.18541378990896967,0.496039331882802,0.7539449812252634,0.3279155653122943,0.672874319365616,75.39449812252634,67.2874319365616
18,90,100,8,6,0.29169715529444207,1.7493563124485518,0.12935881174659594,0.5179918091941935,0.7316844856077263,0.3139731452357071,0.6595556612437137,73.16844856077263,65.95556612437137
18,90,100,8,7,0.4574722031210916,1.8265337968212823,0.0902505805242792,0.6223179386314281,0.6127203832575301,0.30311477756215044,0.556424511628696,61.27203832575301,55.6424511628696
18,90,100,8,8,0.7174592306778416,1.9037112811940125,0.06296569344595686,0.8373277316191136,0.2988822698615897,0.29465827231510733,0.27293226586828756,29.888226986158973,27.293226586828755
18,90,100,8,9,0.7174592306778416,1.9808887655667429,0.04392967367188999,0.8044790277295015,0.3528134939433959,0.28807233940666266,0.32353502879984836,35.28134939433959,32.35350287998484
18,90,100,9,0,0.012499843505432155,1.2862914062121706,1.0,1.2987912497176028,0.0,0.48488451000305255,0.0,0.0,0.0
18,90,100,9,1,0.01960365688628939,1.3634688905849008,0.7825752074822658,1.086620606831383,0.0,0.4362206822787616,0.0,0.0,0.0
18,90,100,9,2,0.030744653974935917,1.4406463749576313,0.5459841956305022,0.817314806194177,0.3319965075757749,0.39832125513983185,0.27932200068085306,33.199650757577494,27.932200068085304
18,90,100,9,3,0.04821721546757074,1.5178238593303612,0.3809202477003357,0.6263870559291714,0.6076392561643851,0.36880515160607574,0.524989841715681,60.763925616438506,52.4989841715681
18,90,100,9,4,0.07561964656819625,1.5950013437030917,0.2657590389416374,0.49950567078135016,0.7504940848572734,0.3458179870607698,0.6607424370785069,75.04940848572734,66.07424370785068
18,90,100,9,5,0.118595213175362,1.6721788280758219,0.18541378990896967,0.42864022709443955,0.8162675557164273,0.3279155653122943,0.7284954335531583,81.62675557164273,72.84954335531583
18,90,100,9,6,0.18599431796372445,1.7493563124485518,0.12935881174659594,0.4122889718634759,0.830017803679758,0.3139731452357071,0.7481953657871531,83.0017803679758,74.8195365787153
18,90,100,9,7,0.29169715529444207,1.8265337968212823,0.0902505805242792,0.4565428908047786,0.791568588855616,0.30311477756215044,0.7188404001397145,79.1568588855616,71.88404001397146
18,90,100,9,8,0.4574722031210916,1.9037112811940125,0.06296569344595686,0.5773407040623636,0.6666777114327743,0.29465827231510733,0.6087944208584031,66.66777114327743,60.87944208584031
18,90,100,9,9,0.7174592306778416,1.9808887655667429,0.04392967367188999,0.8044790277295015,0.3528134939433959,0.28807233940666266,0.32353502879984836,35.28134939433959,32.35350287998484
18,90,100,9,10,0.7174592306778416,2.0580662499394733,0.03064869333290351,0.7805362720310353,0.3907631280438937,0.2829432097003103,0.3594798590419357,39.07631280438937,35.94798590419357
18,90,100,10,0,0.00797025210993013,1.2862914062121706,1.0,1.2942616583221007,0.0,0.48488451000305255,0.0,0.0,0.0
18,90,100,10,1,0.012499843505432155,1.3634688905849008,0.7825752074822658,1.0795167934505259,0.0,0.4362206822787616,0.0,0.0,0.0
18,90,100,10,2,0.01960365688628939,1.4406463749576313,0.5459841956305022,0.8061738091055305,0.3500837895122797,0.39832125513983185,0.29453955767949125,35.00837895122797,29.453955767949125
18,90,100,10,3,0.030744653974935917,1.5178238593303612,0.3809202477003357,0.6089144944365366,0.629223138465097,0.36880515160607574,0.5436379439205774,62.9223138465097,54.36379439205774
18,90,100,10,4,0.04821721546757074,1.5950013437030917,0.2657590389416374,0.47210323968072465,0.7771185310829642,0.3458179870607698,0.6841828636454587,77.71185310829642,68.41828636454586
18,90,100,10,5,0.07561964656819625,1.6721788280758219,0.18541378990896967,0.3856646604872738,0.8512627696512358,0.3279155653122943,0.7597276604978496,85.12627696512358,75.97276604978495
18,90,100,10,6,0.118595213175362,1.7493563124485518,0.12935881174659594,0.3448898670751135,0.8810509795889105,0.3139731452357071,0.7941977353114584,88.10509795889105,79.41977353114584
18,90,100,10,7,0.18599431796372445,1.8265337968212823,0.0902505805242792,0.350840053474061,0.8769112568783181,0.30311477756215044,0.7963419060030554,87.6911256878318,79.63419060030554
18,90,100,10,8,0.29169715529444207,1.9037112811940125,0.06296569344595686,0.41156565623571406,0.8306137106072661,0.29465827231510733,0.7584969232276341,83.06137106072661,75.8496923227634
18,90,100,10,9,0.4574722031210916,1.9808887655667429,0.04392967367188999,0.5444920001727516,0.7035284617478763,0.28807233940666266,0.6451456790641632,70.35284617478763,64.51456790641632
18,90,100,10,10,0.7174592306778416,2.0580662499394733,0.03064869333290351,0.7805362720310353,0.3907631280438937,0.2829432097003103,0.3594798590419357,39.07631280438937,35.94798590419357
18,90,100,10,11,0.7174592306778416,2.135243734312203,0.021382867763377823,0.7631168650912205,0.4176526502133481,0.27894863946852816,0.3851541187474069,41.765265021334805,38.51541187474069
18,90,100,11,0,0.005082057120814287,1.2862914062121706,1.0,1.291373463332985,0.0,0.48488451000305255,0.0,0.0,0.0
18,90,100,11,1,0.00797025210993013,1.3634688905849008,0.7825752074822658,1.0749872020550237,0.0,0.4362206822787616,0.0,0.0,0.0
18,90,100,11,2,0.012499843505432155,1.4406463749576313,0.5459841956305022,0.7990699957246733,0.3614871419325706,0.39832125513983185,0.3041336562311982,36.14871419325706,30.41336562311982
18,90,100,11,3,0.01960365688628939,1.5178238593303612,0.3809202477003357,0.5977734973478901,0.6426668458684721,0.36880515160607574,0.5552530753495785,64.2666845868472,55.52530753495785
18,90,100,11,4,0.030744653974935917,1.5950013437030917,0.2657590389416374,0.45463067818808983,0.7933109464502375,0.3458179870607698,0.6984388267607367,79.33109464502375,69.84388267607366
18,90,100,11,5,0.04821721546757074,1.6721788280758219,0.18541378990896967,0.3582622293866483,0.8716481749949085,0.3279155653122943,0.7779210513780757,87.16481749949085,77.79210513780757
18,90,100,11,6,0.07561964656819625,1.7493563124485518,0.12935881174659594,0.30191430046794776,0.9088477551729498,0.3139731452357071,0.8192543287768052,90.88477551729498,81.92543287768052
18,90,100,11,7,0.118595213175362,1.8265337968212823,0.0902505805242792,0.2834409486856985,0.9196612286081512,0.30311477756215044,0.8351640715322135,91.96612286081512,83.51640715322135
18,90,100,11,8,0.18599431796372445,1.9037112811940125,0.06296569344595686,0.30586281890499645,0.9064479360114893,0.29465827231510733,0.8277469559563269,90.64479360114893,82.77469559563269
18,90,100,11,9,0.29169715529444207,1.9808887655667429,0.04392967367188999,0.3787169523461021,0.8565734700056802,0.28807233940666266,0.7854901443535369,85.65734700056802,78.5490144353537
18,90,100,11,10,0.4574722031210916,2.0580662499394733,0.03064869333290351,0.5205492444742853,0.7290284840772507,0.2829432097003103,0.6706647528530589,72.90284840772507,67.0664752853059
18,90,100,11,11,0.7174592306778416,2.135243734312203,0.021382867763377823,0.7631168650912205,0.4176526502133481,0.27894863946852816,0.3851541187474069,41.765265021334805,38.51541187474069
18,90,100,11,12,0.7174592306778416,2.2124212186849337,0.014918320622016118,0.750464839769135,0.43680252427028654,0.2758376650439826,0.4035677850624227,43.680252427028655,40.35677850624227
19,95,105,2,0,0.28905514322378956,1.2913262278551134,1.0,1.5,0.0,0.4694588370167171,0.0,0.0,0.0
19,95,105,2,1,0.4533287033964752,1.3688058015264204,0.779246274726791,1.5,0.0,0.4207950092924262,0.0,0.0,0.0
19,95,105,2,2,0.7109609295691505,1.4462853751977272,0.5436616780559249,1.4972508635968897,0.0,0.38289558215349645,0.0,0.0,0.0
19,95,105,2,3,0.7109609295691505,1.5237649488690337,0.3792998821716693,1.2889247951324947,0.0,0.35337947861974034,0.0,0.0,0.0
19,95,105,3,0,0.1843096966905519,1.2913262278551134,1.0,1.4756359245456654,0.0,0.4694588370167171,0.0,0.0,0.0
19,95,105,3,1,0.28905514322378956,1.3688058015264204,0.779246274726791,1.355691964887672,0.0,0.4207950092924262,0.0,0.0,0.0
19,95,105,3,2,0.4533287033964752,1.4462853751977272,0.5436616780559249,1.2396186374242144,0.0,0.38289558215349645,0.0,0.0,0.0
19,95,105,3,3,0.7109609295691505,1.5237649488690337,0.3792998821716693,1.2889247951324947,0.0,0.35337947861974034,0.0,0.0,0.0
19,95,105,3,4,0.7109609295691505,1.6012445225403407,0.26462854827270527,1.1346959429986219,0.0,0.3303923140744344,0.0,0.0,0.0
19,95,105,4,0,0.11752105122676626,1.2913262278551134,1.0,1.4088472790818796,0.0,0.4694588370167171,0.0,0.0,0.0
19,95,105,4,1,0.1843096966905519,1.3688058015264204,0.779246274726791,1.2509465183544344,0.0,0.4207950092924262,0.0,0.0,0.0
19,95,105,4,2,0.28905514322378956,1.4462853751977272,0.5436616780559249,1.0753450772515287,0.0,0.38289558215349645,0.0,0.0,0.0
19,95,105,4,3,0.4533287033964752,1.5237649488690337,0.3792998821716693,1.0312925689598194,0.0,0.35337947861974034,0.0,0.0,0.0
19,95,105,4,4,0.7109609295691505,1.6012445225403407,0.26462854827270527,1.1346959429986219,0.0,0.3303923140744344,0.0,0.0,0.0
19,95,105,4,5,0.7109609295691505,1.6787240962116474,0.18462507333241152,1.020895488937112,0.0,0.3124898923259589,0.0,0.0,0.0
19,95,105,5,0,0.07493473067037071,1.2913262278551134,1.0,1.3662609585254841,0.0,0.4694588370167171,0.0,0.0,0.0
19,95,105,5,1,0.11752105122676626,1.3688058015264204,0.779246274726791,1.1841578728906486,0.0,0.4207950092924262,0.0,0.0,0.0
19,95,105,5,2,0.1843096966905519,1.4462853751977272,0.5436616780559249,0.9705996307182911,0.05793635684951692,0.38289558215349645,0.049442363953579246,6.083317469199277,5.1914482151258206
19,95,105,5,3,0.28905514322378956,1.5237649488690337,0.3792998821716693,0.8670190087871338,0.24827803840177598,0.35337947861974034,0.21727380791916162,26.069194032186477,22.81374983151197
19,95,105,5,4,0.4533287033964752,1.6012445225403407,0.26462854827270527,0.8770637168259466,0.23075923662745568,0.3303923140744344,0.2055697703789139,24.229719845882848,21.58482588978596
19,95,105,5,5,0.7109609295691505,1.6787240962116474,0.18462507333241152,1.020895488937112,0.0,0.3124898923259589,0.0,0.0,0.0
19,95,105,5,6,0.7109609295691505,1.7562036698829542,0.12880854286315152,0.937174965257693,0.12170308449424205,0.29854747224937167,0.11085561638064483,12.778823871895415,11.639839719967707
19,95,105,6,0,0.04778049380962387,1.2913262278551134,1.0,1.3391067216647372,0.0,0.4694588370167171,0.0,0.0,0.0
19,95,105,6,1,0.07493473067037071,1.3688058015264204,0.779246274726791,1.1415715523342531,0.0,0.4207950092924262,0.0,0.0,0.0
19,95,105,6,2,0.11752105122676626,1.4462853751977272,0.5436616780559249,0.9038109852545055,0.18312570293328,0.38289558215349645,0.15627782183818412,19.228198807994403,16.409171293009333
19,95,105,6,3,0.1843096966905519,1.5237649488690337,0.3792998821716693,0.7622735622538961,0.41893901628875563,0.35337947861974034,0.36662314532896884,43.98859671031934,38.49543025954173
19,95,105,6,4,0.28905514322378956,1.6012445225403407,0.26462854827270527,0.7127901566532611,0.49193019257821957,0.3303923140744344,0.43823154474210785,51.652670220713055,46.01431219792132
19,95,105,6,5,0.4533287033964752,1.6787240962116474,0.18462507333241152,0.7632632627644369,0.41742919171418613,0.3124898923259589,0.3766672591920791,43.83006512998954,39.5500622151683
19,95,105,6,6,0.7109609295691505,1.7562036698829542,0.12880854286315152,0.937174965257693,0.12170308449424205,0.29854747224937167,0.11085561638064483,12.778823871895415,11.639839719967707
19,95,105,6,7,0.7109609295691505,1.833683243554261,0.0898666709513265,0.8757479382466024,0.23306554865682516,0.28768910457581504,0.21377587365312284,24.47188260896664,22.4464667335779
19,95,105,7,0,0.03046618795140606,1.2913262278551134,1.0,1.3217924158065195,0.0,0.4694588370167171,0.0,0.0,0.0
19,95,105,7,1,0.04778049380962387,1.3688058015264204,0.779246274726791,1.1144173154735062,0.0,0.4207950092924262,0.0,0.0,0.0
19,95,105,7,2,0.07493473067037071,1.4462853751977272,0.5436616780559249,0.86122466469811,0.25829207691562805,0.38289558215349645,0.22042412688043997,27.120668076140944,23.144533322446197
19,95,105,7,3,0.11752105122676626,1.5237649488690337,0.3792998821716693,0.6954849167901105,0.5163007305174532,0.35337947861974034,0.4518266153264787,54.211576704332586,47.441794609280265
19,95,105,7,4,0.1843096966905519,1.6012445225403407,0.26462854827270527,0.6080447101200234,0.6302816304950567,0.3303923140744344,0.561480666813319,66.17957120198095,58.9554700153985
19,95,105,7,5,0.28905514322378956,1.6787240962116474,0.18462507333241152,0.5989897025917512,0.6412113361890455,0.3124898923259589,0.5785970922958106,67.32719029984978,60.752694691060114
19,95,105,7,6,0.4533287033964752,1.7562036698829542,0.12880854286315152,0.6795427390850177,0.5382216657568315,0.29854747224937167,0.49024964942210475,56.51327490446731,51.476213189321
19,95,105,7,7,0.7109609295691505,1.833683243554261,0.0898666709513265,0.8757479382466024,0.23306554865682516,0.28768910457581504,0.21377587365312284,24.47188260896664,22.4464667335779
19,95,105,7,8,0.7109609295691505,1.911162817225568,0.06269784882555572,0.8307867269645823,0.3097934142994765,0.27923259932877187,0.28563856015736394,32.52830850144503,29.992048816523212
19,95,105,8,0,0.01942609911041658,1.2913262278551134,1.0,1.31075232696553,0.0,0.4694588370167171,0.0,0.0,0.0
19,95,105,8,1,0.03046618795140606,1.3688058015264204,0.779246274726791,1.0971030096152885,0.0,0.4207950092924262,0.0,0.0,0.0
19,95,105,8,2,0.04778049380962387,1.4462853751977272,0.5436616780559249,0.8340704278373632,0.30432652140719796,0.38289558215349645,0.2597095062643185,31.954284747755786,27.269498157753443
19,95,105,8,3,0.07493473067037071,1.5237649488690337,0.3792998821716693,0.6528985962337149,0.5737234230360444,0.35337947861974034,0.5020785310609484,60.24095941878466,52.71824576139958
19,95,105,8,4,0.11752105122676626,1.6012445225403407,0.26462854827270527,0.5412560646562377,0.7070418724728427,0.3303923140744344,0.6298618313041616,74.23939660964848,66.13549228693697
19,95,105,8,5,0.1843096966905519,1.6787240962116474,0.18462507333241152,0.4942442560585135,0.7557226153531665,0.3124898923259589,0.6819263527440388,79.35087461208249,71.60226703812407
19,95,105,8,6,0.28905514322378956,1.7562036698829542,0.12880854286315152,0.515269178912332,0.7344976732630111,0.29854747224937167,0.6690314599509827,77.12225569261616,70.24830329485319
19,95,105,8,7,0.4533287033964752,1.833683243554261,0.0898666709513265,0.618115712073927,0.6179329664873421,0.28768910457581504,0.5667897316063877,64.88296148117092,59.512921818670705
19,95,105,8,8,0.7109609295691505,1.911162817225568,0.06269784882555572,0.8307867269645823,0.3097934142994765,0.27923259932877187,0.28563856015736394,32.52830850144503,29.992048816523212
19,95,105,8,9,0.7109609295691505,1.9886423908968747,0.04374280482117063,0.7979497255332586,0.3632762355213973,0.27264666642032725,0.33627165891135796,38.14400472974672,35.30852418569258
19,95,105,9,0,0.012386627668996302,1.2913262278551134,1.0,1.3037128555241098,0.0,0.4694588370167171,0.0,0.0,0.0
19,95,105,9,1,0.01942609911041658,1.3688058015264204,0.779246274726791,1.086062920774299,0.0,0.4207950092924262,0.0,0.0,0.0
19,95,105,9,2,0.03046618795140606,1.4462853751977272,0.5436616780559249,0.8167561219791454,0.33290943720958743,0.38289558215349645,0.2841019085968796,34.95549090700668,29.83070040267236
19,95,105,9,3,0.04778049380962387,1.5237649488690337,0.3792998821716693,0.6257443593729681,0.6084439967129137,0.35337947861974034,0.5324633017175593,63.88661965485594,55.90864668034372
19,95,105,9,4,0.07493473067037071,1.6012445225403407,0.26462854827270527,0.49866974409984216,0.751328486319398,0.3303923140744344,0.6693141590737917,78.88949106353678,70.27798670274812
19,95,105,9,5,0.11752105122676626,1.6787240962116474,0.18462507333241152,0.4274556105947279,0.8172817009710883,0.3124898923259589,0.7374741977877786,85.81457860196427,77.43479076771675
19,95,105,9,6,0.1843096966905519,1.7562036698829542,0.12880854286315152,0.4105237323790944,0.8314702651535377,0.29854747224937167,0.7573608272034753,87.30437784112146,79.5228868563649
19,95,105,9,7,0.28905514322378956,1.833683243554261,0.0898666709513265,0.45384215190124144,0.7940273011576505,0.28768910457581504,0.7283096149888096,83.3728666215533,76.47250957382501
19,95,105,9,8,0.4533287033964752,1.911162817225568,0.06269784882555572,0.573154500791907,0.6714939182219799,0.27923259932877187,0.6191369703228619,70.50686141330789,65.00938188390049
19,95,105,9,9,0.7109609295691505,1.9886423908968747,0.04374280482117063,0.7979497255332586,0.3632762355213973,0.27264666642032725,0.33627165891135796,38.14400472974672,35.30852418569258
19,95,105,9,10,0.7109609295691505,2.0661219645681816,0.030518319359676513,0.7740154995198845,0.40090000650298374,0.2675175367139748,0.3722093439885839,42.09450068281329,39.08198111880131
19,95,105,10,0,0.007898062505409224,1.2913262278551134,1.0,1.2992242903605227,0.0,0.4694588370167171,0.0,0.0,0.0
19,95,105,10,1,0.012386627668996302,1.3688058015264204,0.779246274726791,1.0790234493328787,0.0,0.4207950092924262,0.0,0.0,0.0
19,95,105,10,2,0.01942609911041658,1.4462853751977272,0.5436616780559249,0.8057160331381559,0.3508216739441141,0.38289558215349645,0.29938804973536104,36.83627576413198,31.43574522221291
19,95,105,10,3,0.03046618795140606,1.5237649488690337,0.3792998821716693,0.6084300535147503,0.629812869980038,0.35337947861974034,0.5511636930029806,66.130351347904,57.872187765312965
19,95,105,10,4,0.04778049380962387,1.6012445225403407,0.26462854827270527,0.4715155072390953,0.7776731264330586,0.3303923140744344,0.6927830424781147,81.65567827547116,72.74221946020205
19,95,105,10,5,0.07493473067037071,1.6787240962116474,0.18462507333241152,0.38486929003833237,0.85187562958539,0.3124898923259589,0.7686900315974019,89.44694110646594,80.7124533177272
19,95,105,10,6,0.11752105122676626,1.7562036698829542,0.12880854286315152,0.34373508691530874,0.8818461900233252,0.29854747224937167,0.8032467160073007,92.59384995244915,84.34090518076657
19,95,105,10,7,0.1843096966905519,1.833683243554261,0.0898666709513265,0.34909670536800375,0.8781314903012052,0.28768910457581504,0.8054529191608241,92.20380648162654,84.57255651188653
19,95,105,10,8,0.28905514322378956,1.911162817225568,0.06269784882555572,0.4088809406192214,0.8328163763983407,0.27923259932877187,0.7678809801938946,87.44571952182578,80.62750292035894
19,95,105,10,9,0.4533287033964752,1.9886423908968747,0.04374280482117063,0.5403174993605833,0.7080569998847261,0.27264666642032725,0.6554227297948637,74.34598498789624,68.81938662846069
19,95,105,10,10,0.7109609295691505,2.0661219645681816,0.030518319359676513,0.7740154995198845,0.40090000650298374,0.2675175367139748,0.3722093439885839,42.09450068281329,39.08198111880131
19,95,105,10,11,0.7109609295691505,2.143601538239488,0.021291908928721525,0.756602298300813,0.42755296220592753,0.26352296648219276,0.39786182300307943,44.89306103162239,41.77549141532334
19,95,105,11,0,0.0050360269967173145,1.2913262278551134,1.0,1.2963622548518308,0.0,0.4694588370167171,0.0,0.0,0.0
19,95,105,11,1,0.007898062505409224,1.3688058015264204,0.779246274726791,1.0745348841692917,0.0,0.4207950092924262,0.0,0.0,0.0
19,95,105,11,2,0.012386627668996302,1.4462853751977272,0.5436616780559249,0.7986765616967356,0.3621157497962805,0.38289558215349645,0.309026312117867,38.02215372860945,32.44776277237604
19,95,105,11,3,0.01942609911041658,1.5237649488690337,0.3792998821716693,0.5973899646737608,0.6431252301070828,0.35337947861974034,0.5628136447901523,67.52814916124369,59.09543270296599
19,95,105,11,4,0.03046618795140606,1.6012445225403407,0.26462854827270527,0.4542012013808775,0.7937012686641676,0.3303923140744344,0.7070615674299415,83.3386332097376,74.24146458014386
19,95,105,11,5,0.04778049380962387,1.6787240962116474,0.18462507333241152,0.3577150531775855,0.8720399407301571,0.3124898923259589,0.7868852991138054,91.5641937766665,82.62295640694957
19,95,105,11,6,0.07493473067037071,1.7562036698829542,0.12880854286315152,0.3011487663589132,0.9093094205205047,0.29854747224937167,0.8282621324794492,95.47748915465299,86.96752391034217
19,95,105,11,7,0.11752105122676626,1.833683243554261,0.0898666709513265,0.28230805990421814,0.9203021593131164,0.28768910457581504,0.8441333318709503,96.63172672787722,88.63399984644978
19,95,105,11,8,0.1843096966905519,1.911162817225568,0.06269784882555572,0.3041354940859837,0.9075016012370746,0.27923259932877187,0.8367429349781961,95.28766812989284,87.85800817271058
19,95,105,11,9,0.28905514322378956,1.9886423908968747,0.04374280482117063,0.37604393918789764,0.8585909558000487,0.27264666642032725,0.7947665627474411,90.15205035900512,83.4504890884813
19,95,105,11,10,0.4533287033964752,2.0661219645681816,0.030518319359676513,0.5163832733472092,0.7333483150072213,0.2675175367139748,0.680865779037945,77.00157307575823,71.49090679898423
19,95,105,11,11,0.7109609295691505,2.143601538239488,0.021291908928721525,0.756602298300813,0.42755296220592753,0.26352296648219276,0.39786182300307943,44.89306103162239,41.77549141532334
19,95,105,11,12,0.7109609295691505,2.221081111910795,0.014854860796429411,0.743954780304164,0.4465312848625832,0.26041199205764715,0.41625003119450416,46.88578491057124,43.70625327542294
20,100,110,2,0,0.2865047968601901,1.2962312097787678,1.0,1.5,0.0,0.45493148529151767,0.0,0.0,0.0
20,100,110,2,1,0.4493289641172216,1.374005082365494,0.7760478712916823,1.5,0.0,0.4062676575672267,0.0,0.0,0.0
20,100,110,2,2,0.7046880897187134,1.4517789549522202,0.5414302276980253,1.4907250998656951,0.0,0.368368230428297,0.0,0.0,0.0
20,100,110,2,3,0.7046880897187134,1.529552827538946,0.37774305208416004,1.282466043117232,0.0,0.3388521268945409,0.0,0.0,0.0
20,100,110,3,0,0.18268352405273466,1.2962312097787678,1.0,1.4789147338315025,0.0,0.45493148529151767,0.0,0.0,0.0
20,100,110,3,1,0.2865047968601901,1.374005082365494,0.7760478712916823,1.3527985161738842,0.0,0.4062676575672267,0.0,0.0,0.0
20,100,110,3,2,0.4493289641172216,1.4517789549522202,0.5414302276980253,1.2353659742642034,0.0,0.368368230428297,0.0,0.0,0.0
20,100,110,3,3,0.7046880897187134,1.529552827538946,0.37774305208416004,1.282466043117232,0.0,0.3388521268945409,0.0,0.0,0.0
20,100,110,3,4,0.7046880897187134,1.6073267001256721,0.2635423847769349,1.1282868013854745,0.0,0.315864962349235,0.0,0.0,0.0
20,100,110,4,0,0.11648415777349695,1.2962312097787678,1.0,1.4127153675522648,0.0,0.45493148529151767,0.0,0.0,0.0
20,100,110,4,1,0.18268352405273466,1.374005082365494,0.7760478712916823,1.2489772433664288,0.0,0.4062676575672267,0.0,0.0,0.0
20,100,110,4,2,0.2865047968601901,1.4517789549522202,0.5414302276980253,1.072541807007172,0.0,0.368368230428297,0.0,0.0,0.0
20,100,110,4,3,0.4493289641172216,1.529552827538946,0.37774305208416004,1.02710691751574,0.0,0.3388521268945409,0.0,0.0,0.0
20,100,110,4,4,0.7046880897187134,1.6073267001256721,0.2635423847769349,1.1282868013854745,0.0,0.315864962349235,0.0,0.0,0.0
20,100,110,4,5,0.7046880897187134,1.6851005727123982,0.18386728277517,1.014522953226225,0.0,0.2979625406007595,0.0,0.0,0.0
20,100,110,5,0,0.07427357821433388,1.2962312097787678,1.0,1.3705047879931016,0.0,0.45493148529151767,0.0,0.0,0.0
20,100,110,5,1,0.11648415777349695,1.374005082365494,0.7760478712916823,1.182777877087191,0.0,0.4062676575672267,0.0,0.0,0.0
20,100,110,5,2,0.18268352405273466,1.4517789549522202,0.5414302276980253,0.9687205341997165,0.061580526619815945,0.368368230428297,0.05322434762668843,6.773857928179754,5.854678238935727
20,100,110,5,3,0.2865047968601901,1.529552827538946,0.37774305208416004,0.8642827502587085,0.2530153276052429,0.3388521268945409,0.22396391441095878,27.83168603657672,24.636030585205464
20,100,110,5,4,0.4493289641172216,1.6073267001256721,0.2635423847769349,0.8729276757839826,0.2379972728503742,0.315864962349235,0.21425212442323935,26.17970001354116,23.567733686556327
20,100,110,5,5,0.7046880897187134,1.6851005727123982,0.18386728277517,1.014522953226225,0.0,0.2979625406007595,0.0,0.0,0.0
20,100,110,5,6,0.7046880897187134,1.762874445299124,0.12827985033124395,0.9308293597144598,0.13355670309356882,0.28402012052417225,0.1227830272476496,14.69123734029257,13.506132997241457
20,100,110,6,0,0.047358924391140915,1.2962312097787678,1.0,1.3435901341699088,0.0,0.45493148529151767,0.0,0.0,0.0
20,100,110,6,1,0.07427357821433388,1.374005082365494,0.7760478712916823,1.1405672975280279,0.0,0.4062676575672267,0.0,0.0,0.0
20,100,110,6,2,0.11648415777349695,1.4517789549522202,0.5414302276980253,0.9025211679204788,0.18545554145545495,0.368368230428297,0.16029012334793125,20.400109560100045,17.631913568272438
20,100,110,6,3,0.18268352405273466,1.529552827538946,0.37774305208416004,0.760461477451253,0.4216983413126574,0.3388521268945409,0.3732786156273728,46.386817544392315,41.06064771901101
20,100,110,6,4,0.2865047968601901,1.6073267001256721,0.2635423847769349,0.7101035085269511,0.4957530071777142,0.315864962349235,0.4462913952959932,54.53283078954856,49.09205348255925
20,100,110,6,5,0.4493289641172216,1.6851005727123982,0.18386728277517,0.759163827624733,0.4236702828261647,0.2979625406007595,0.38605612521439836,46.603731110878115,42.46617377358382
20,100,110,6,6,0.7046880897187134,1.762874445299124,0.12827985033124395,0.9308293597144598,0.13355670309356882,0.28402012052417225,0.1227830272476496,14.69123734029257,13.506132997241457
20,100,110,6,7,0.7046880897187134,1.8406483178858501,0.08949781468804403,0.8694220917787212,0.24410522632711285,0.2731617528506156,0.22589074287236416,26.851574895982413,24.847981715960056
20,100,110,7,0,0.030197383422318504,1.2962312097787678,1.0,1.3264285932010864,0.0,0.45493148529151767,0.0,0.0,0.0
20,100,110,7,1,0.047358924391140915,1.374005082365494,0.7760478712916823,1.113652643704835,0.0,0.4062676575672267,0.0,0.0,0.0
20,100,110,7,2,0.07427357821433388,1.4517789549522202,0.5414302276980253,0.8603105883613157,0.2598656915534069,0.368368230428297,0.22460317672953442,28.585226070874757,24.706349440248786
20,100,110,7,3,0.11648415777349695,1.529552827538946,0.37774305208416004,0.6942621111720153,0.5180001209909763,0.3388521268945409,0.4585229513980057,56.98001330900739,50.43752465378063
20,100,110,7,4,0.18268352405273466,1.6073267001256721,0.2635423847769349,0.6062822357194957,0.6324218506509698,0.315864962349235,0.5693246960810032,69.56640357160667,62.625716568910356
20,100,110,7,5,0.2865047968601901,1.6851005727123982,0.18386728277517,0.5963396603677016,0.6443790094725343,0.2979625406007595,0.587169961289283,70.88169104197878,64.58869574182113
20,100,110,7,6,0.4493289641172216,1.762874445299124,0.12827985033124395,0.6754702341129679,0.5437399628273722,0.28402012052417225,0.4998778580562613,59.81139591101095,54.98656438618874
20,100,110,7,7,0.7046880897187134,1.8406483178858501,0.08949781468804403,0.8694220917787212,0.24410522632711285,0.2731617528506156,0.22589074287236416,26.851574895982413,24.847981715960056
20,100,110,7,8,0.7046880897187134,1.9184221904725764,0.062440506542940526,0.8244753430550387,0.3202404086942763,0.26470524760357245,0.2978015257343469,35.22644495637039,32.758167830778156
20,100,110,8,0,0.019254701775386924,1.2962312097787678,1.0,1.3154859115541548,0.0,0.45493148529151767,0.0,0.0,0.0
20,100,110,8,1,0.030197383422318504,1.374005082365494,0.7760478712916823,1.0964911027360127,0.0,0.4062676575672267,0.0,0.0,0.0
20,100,110,8,2,0.047358924391140915,1.4517789549522202,0.5414302276980253,0.8333959345381227,0.3054512162953291,0.368368230428297,0.2640029667084063,33.5996337924862,29.04032633792469
20,100,110,8,3,0.07427357821433388,1.529552827538946,0.37774305208416004,0.6520515316128522,0.5748288001213335,0.3388521268945409,0.5088265181791332,63.23116801334669,55.97091699970465
20,100,110,8,4,0.11648415777349695,1.6073267001256721,0.2635423847769349,0.540082869440258,0.7083104941371773,0.315864962349235,0.6376418784242639,77.91415435508951,70.14060662666903
20,100,110,8,5,0.18268352405273466,1.6851005727123982,0.18386728277517,0.49251838756024613,0.7574256379150552,0.2979625406007595,0.6901801206376039,83.31682017065607,75.91981327013643
20,100,110,8,6,0.2865047968601901,1.762874445299124,0.12827985033124395,0.5126460668559364,0.7371940101371388,0.28402012052417225,0.6777264647664919,81.09134111508527,74.54991112431411
20,100,110,8,7,0.4493289641172216,1.8406483178858501,0.08949781468804403,0.6140629661772294,0.6229266735696228,0.2731617528506156,0.5764455401667232,68.52193409265851,63.40900941833956
20,100,110,8,8,0.7046880897187134,1.9184221904725764,0.062440506542940526,0.8244753430550387,0.3202404086942763,0.26470524760357245,0.2978015257343469,35.22644495637039,32.758167830778156
20,100,110,8,9,0.7046880897187134,1.9961960630593025,0.04356326320289292,0.7916489042183444,0.3732920124498945,0.25811931469512783,0.3484212153801039,41.062121369488395,38.32633369181143
20,100,110,9,0,0.012277339903068443,1.2962312097787678,1.0,1.3085085496818363,0.0,0.45493148529151767,0.0,0.0,0.0
20,100,110,9,1,0.019254701775386924,1.374005082365494,0.7760478712916823,1.0855484210890811,0.0,0.4062676575672267,0.0,0.0,0.0
20,100,110,9,2,0.030197383422318504,1.4517789549522202,0.5414302276980253,0.8162343935693003,0.3337614147545567,0.368368230428297,0.2884716084509015,36.713755623001234,31.731876929599164
20,100,110,9,3,0.047358924391140915,1.529552827538946,0.37774305208416004,0.6251368777896592,0.6092038840273967,0.3388521268945409,0.5392546286919427,67.01242724301363,59.3180091561137
20,100,110,9,4,0.07427357821433388,1.6073267001256721,0.2635423847769349,0.4978722898810949,0.7521231829685551,0.315864962349235,0.6770833457419103,82.73355012654106,74.47916803161013
20,100,110,9,5,0.11648415777349695,1.6851005727123982,0.18386728277517,0.4263190212810084,0.8182520920940031,0.2979625406007595,0.7456063002936616,90.00773013034033,82.01669303230277
20,100,110,9,6,0.18268352405273466,1.762874445299124,0.12827985033124395,0.408824794048481,0.8328622877712171,0.28402012052417225,0.765677428420119,91.61485165483387,84.22451712621309
20,100,110,9,7,0.2865047968601901,1.8406483178858501,0.08949781468804403,0.4512387989201979,0.7963835463490572,0.2731617528506156,0.7369595219360336,87.60219009839629,81.0655474129637
20,100,110,9,8,0.4493289641172216,1.9184221904725764,0.062440506542940526,0.5691162174535468,0.6761067310313673,0.26470524760357245,0.6287326976672122,74.37174041345041,69.16059674339334
20,100,110,9,9,0.7046880897187134,1.9961960630593025,0.04356326320289292,0.7916489042183444,0.3732920124498945,0.25811931469512783,0.3484212153801039,41.062121369488395,38.32633369181143
20,100,110,9,10,0.7046880897187134,2.0739699356460286,0.03039305742305968,0.7677223770665026,0.41060235175135884,0.2529901849887754,0.3843221449922968,45.16625869264947,42.275435949152644
20,100,110,10,0,0.007828377549225772,1.2962312097787678,1.0,1.3040595873279937,0.0,0.45493148529151767,0.0,0.0,0.0
20,100,110,10,1,0.012277339903068443,1.374005082365494,0.7760478712916823,1.0785710592167626,0.0,0.4062676575672267,0.0,0.0,0.0
20,100,110,10,2,0.019254701775386924,1.4517789549522202,0.5414302276980253,0.8052917119223687,0.35150525870914073,0.368368230428297,0.3038076987819088,38.665578458005484,33.418846866009964
20,100,110,10,3,0.030197383422318504,1.529552827538946,0.37774305208416004,0.6079753368208368,0.63036598981759,0.3388521268945409,0.5579868853295532,69.3402588799349,61.378557386250854
20,100,110,10,4,0.047358924391140915,1.6073267001256721,0.2635423847769349,0.4709576360579019,0.7781989050387528,0.315864962349235,0.7005574754346574,85.60187955426281,77.06132229781231
20,100,110,10,5,0.07427357821433388,1.6851005727123982,0.18386728277517,0.38410844172184533,0.8524607049980157,0.2979625406007595,0.7767778152240611,93.77067754978174,85.44555967464672
20,100,110,10,6,0.11648415777349695,1.762874445299124,0.12827985033124395,0.34262542776924326,0.8826078162459431,0.28402012052417225,0.8114101130153794,97.08685978705374,89.25511243169173
20,100,110,10,7,0.18268352405273466,1.8406483178858501,0.08949781468804403,0.34741752611274246,0.879301062549702,0.2731617528506156,0.8136899533713502,96.72311688046722,89.50589487084852
20,100,110,10,8,0.2865047968601901,1.9184221904725764,0.062440506542940526,0.40629205019651526,0.8349267699471123,0.26470524760357245,0.7764243962231244,91.84194469418236,85.40668358454369
20,100,110,10,9,0.4493289641172216,1.9961960630593025,0.04356326320289292,0.5362897786168527,0.7123932733510872,0.25811931469512783,0.6649296578852273,78.36326006861958,73.142262367375
20,100,110,10,10,0.7046880897187134,2.0739699356460286,0.03039305742305968,0.7677223770665026,0.41060235175135884,0.2529901849887754,0.3843221449922968,45.16625869264947,42.275435949152644
20,100,110,10,11,0.7046880897187134,2.1517438082327547,0.02120451664098615,0.7503147771075238,0.4370277352540869,0.24899561475699333,0.4099325330356583,48.073050877949555,45.092578633922415
20,100,110,11,0,0.004991593906910215,1.2962312097787678,1.0,1.301222803685678,0.0,0.45493148529151767,0.0,0.0,0.0
20,100,110,11,1,0.007828377549225772,1.374005082365494,0.7760478712916823,1.07412209686292,0.0,0.4062676575672267,0.0,0.0,0.0
20,100,110,11,2,0.012277339903068443,1.4517789549522202,0.5414302276980253,0.7983143500500502,0.36269419850416584,0.368368230428297,0.3134783536774268,39.896361835458244,34.482618904516954
20,100,110,11,3,0.019254701775386924,1.529552827538946,0.37774305208416004,0.5970326551739052,0.6435520086559967,0.3388521268945409,0.5696588754121218,70.79072095215963,62.6624762953334
20,100,110,11,4,0.030197383422318504,1.6073267001256721,0.2635423847769349,0.4537960950890795,0.7940691040819031,0.315864962349235,0.7148442940157775,87.34760144900935,78.63287234173553
20,100,110,11,5,0.047358924391140915,1.6851005727123982,0.18386728277517,0.35719378789865236,0.8724125978866125,0.2979625406007595,0.7949583456305914,95.96538576752738,87.44541801936505
20,100,110,11,6,0.07427357821433388,1.762874445299124,0.12827985033124395,0.3004148482100802,0.9097509189749144,0.28402012052417225,0.8363636514358521,100.07260108724059,92.00000165794373
20,100,110,11,7,0.11648415777349695,1.8406483178858501,0.08949781468804403,0.28121815983350473,0.9209163465798573,0.2731617528506156,0.8522000154698122,101.3007981237843,93.74200170167934
20,100,110,11,8,0.18268352405273466,1.9184221904725764,0.062440506542940526,0.30247077738905986,0.9085114288256578,0.26470524760357245,0.8448530613438731,99.93625717082236,92.93383674782604
20,100,110,11,9,0.2865047968601901,1.9961960630593025,0.04356326320289292,0.37346561135982115,0.860523437131635,0.25811931469512783,0.8031905634967557,94.65757808447985,88.35096198464312
20,100,110,11,10,0.4493289641172216,2.0739699356460286,0.03039305742305968,0.5123632514650107,0.7374838985482022,0.2529901849887754,0.6902819542518328,81.12322884030223,75.93101496770161
20,100,110,11,11,0.7046880897187134,2.1517438082327547,0.02120451664098615,0.7503147771075238,0.4370277352540869,0.24899561475699333,0.4099325330356583,48.073050877949555,45.092578633922415
20,100,110,11,12,0.7046880897187134,2.2295176808194808,0.014793889266195251,0.7376713274057813,0.4558410127233925,0.24588464033244772,0.4282812040796593,50.14251139957317,47.110932448762526
