name,eta,A,alpha,theta,beta,margin,admissible
easy_smoothing,2.0,0.05,0.0,0.1111111111111111,0.001,-0.048,True
easy_smoothing,2.0,0.05,0.0,0.1111111111111111,0.0035037593984962407,-0.04299248120300752,True
easy_smoothing,2.0,0.05,0.0,0.1111111111111111,0.0060075187969924814,-0.03798496240601504,True
easy_smoothing,2.0,0.05,0.0,0.1111111111111111,0.008511278195488723,-0.03297744360902256,True
easy_smoothing,2.0,0.05,0.0,0.1111111111111111,0.011015037593984964,-0.027969924812030075,True
easy_smoothing,2.0,0.05,0.0,0.1111111111111111,0.013518796992481204,-0.022962406015037594,True
easy_smoothing,2.0,0.05,0.0,0.1111111111111111,0.016022556390977445,-0.017954887218045112,True
easy_smoothing,2.0,0.05,0.0,0.1111111111111111,0.018526315789473686,-0.012947368421052631,True
easy_smoothing,2.0,0.05,0.0,0.1111111111111111,0.021030075187969927,-0.00793984962406015,True
easy_smoothing,2.0,0.05,0.0,0.1111111111111111,0.023533834586466167,-0.002932330827067668,True
easy_smoothing,2.0,0.05,0.0,0.1111111111111111,0.026037593984962408,0.0020751879699248132,True
easy_smoothing,2.0,0.05,0.0,0.1111111111111111,0.02854135338345865,0.007082706766917295,True
easy_smoothing,2.0,0.05,0.0,0.1111111111111111,0.03104511278195489,0.012090225563909776,True
easy_smoothing,2.0,0.05,0.0,0.1111111111111111,0.033548872180451134,0.017097744360902264,True
easy_smoothing,2.0,0.05,0.0,0.1111111111111111,0.03605263157894737,0.02210526315789474,True
easy_smoothing,2.0,0.05,0.0,0.1111111111111111,0.03855639097744361,0.027112781954887213,True
easy_smoothing,2.0,0.05,0.0,0.1111111111111111,0.04106015037593985,0.0321203007518797,True
easy_smoothing,2.0,0.05,0.0,0.1111111111111111,0.043563909774436096,0.03712781954887219,True
easy_smoothing,2.0,0.05,0.0,0.1111111111111111,0.046067669172932334,0.042135338345864665,True
easy_smoothing,2.0,0.05,0.0,0.1111111111111111,0.04857142857142857,0.04714285714285714,True
easy_smoothing,2.0,0.05,0.0,0.1111111111111111,0.051075187969924815,0.05215037593984963,True
easy_smoothing,2.0,0.05,0.0,0.1111111111111111,0.05357894736842106,0.057157894736842116,True
easy_smoothing,2.0,0.05,0.0,0.1111111111111111,0.0560827067669173,0.06216541353383459,True
easy_smoothing,2.0,0.05,0.0,0.1111111111111111,0.058586466165413534,0.06717293233082706,True
easy_smoothing,2.0,0.05,0.0,0.1111111111111111,0.06109022556390978,0.07218045112781955,True
easy_smoothing,2.0,0.05,0.0,0.1111111111111111,0.06359398496240602,0.07718796992481204,True
easy_smoothing,2.0,0.05,0.0,0.1111111111111111,0.06609774436090227,0.08219548872180453,True
easy_smoothing,2.0,0.05,0.0,0.1111111111111111,0.0686015037593985,0.08720300751879699,True
easy_smoothing,2.0,0.05,0.0,0.1111111111111111,0.07110526315789474,0.09221052631578948,True
easy_smoothing,2.0,0.05,0.0,0.1111111111111111,0.07360902255639099,0.09721804511278197,True
easy_smoothing,2.0,0.05,0.0,0.1111111111111111,0.07611278195488722,0.10222556390977443,True
easy_smoothing,2.0,0.05,0.0,0.1111111111111111,0.07861654135338346,0.10723308270676692,True
easy_smoothing,2.0,0.05,0.0,0.1111111111111111,0.0811203007518797,0.1122406015037594,True
easy_smoothing,2.0,0.05,0.0,0.1111111111111111,0.08362406015037595,0.11724812030075189,True
easy_smoothing,2.0,0.05,0.0,0.1111111111111111,0.08612781954887219,0.12225563909774438,True
easy_smoothing,2.0,0.05,0.0,0.1111111111111111,0.08863157894736842,0.12726315789473686,True
easy_smoothing,2.0,0.05,0.0,0.1111111111111111,0.09113533834586467,0.13227067669172932,True
easy_smoothing,2.0,0.05,0.0,0.1111111111111111,0.09363909774436091,0.13727819548872183,True
easy_smoothing,2.0,0.05,0.0,0.1111111111111111,0.09614285714285714,0.1422857142857143,True
easy_smoothing,2.0,0.05,0.0,0.1111111111111111,0.09864661654135339,0.14729323308270675,True
easy_smoothing,2.0,0.05,0.0,0.1111111111111111,0.10115037593984963,0.15230075187969927,True
easy_smoothing,2.0,0.05,0.0,0.1111111111111111,0.10365413533834587,0.15730827067669173,True
easy_smoothing,2.0,0.05,0.0,0.1111111111111111,0.10615789473684212,0.16231578947368425,True
easy_smoothing,2.0,0.05,0.0,0.1111111111111111,0.10866165413533835,0.1673233082706767,True
easy_smoothing,2.0,0.05,0.0,0.1111111111111111,0.11116541353383459,0.17233082706766917,False
easy_smoothing,2.0,0.05,0.0,0.1111111111111111,0.11366917293233084,0.17733834586466168,False
easy_smoothing,2.0,0.05,0.0,0.1111111111111111,0.11617293233082707,0.18234586466165414,False
easy_smoothing,2.0,0.05,0.0,0.1111111111111111,0.11867669172932331,0.1873533834586466,False
easy_smoothing,2.0,0.05,0.0,0.1111111111111111,0.12118045112781956,0.19236090225563912,False
easy_smoothing,2.0,0.05,0.0,0.1111111111111111,0.1236842105263158,0.19736842105263158,False
easy_smoothing,2.0,0.05,0.0,0.1111111111111111,0.12618796992481204,0.2023759398496241,False
easy_smoothing,2.0,0.05,0.0,0.1111111111111111,0.12869172932330827,0.20738345864661656,False
easy_smoothing,2.0,0.05,0.0,0.1111111111111111,0.13119548872180453,0.21239097744360907,False
easy_smoothing,2.0,0.05,0.0,0.1111111111111111,0.13369924812030076,0.21739849624060154,False
easy_smoothing,2.0,0.05,0.0,0.1111111111111111,0.136203007518797,0.222406015037594,False
easy_smoothing,2.0,0.05,0.0,0.1111111111111111,0.13870676691729325,0.2274135338345865,False
easy_smoothing,2.0,0.05,0.0,0.1111111111111111,0.14121052631578948,0.23242105263157897,False
easy_smoothing,2.0,0.05,0.0,0.1111111111111111,0.1437142857142857,0.23742857142857143,False
easy_smoothing,2.0,0.05,0.0,0.1111111111111111,0.14621804511278197,0.24243609022556395,False
easy_smoothing,2.0,0.05,0.0,0.1111111111111111,0.1487218045112782,0.2474436090225564,False
easy_smoothing,2.0,0.05,0.0,0.1111111111111111,0.15122556390977443,0.25245112781954887,False
easy_smoothing,2.0,0.05,0.0,0.1111111111111111,0.1537293233082707,0.2574586466165414,False
easy_smoothing,2.0,0.05,0.0,0.1111111111111111,0.15623308270676692,0.26246616541353385,False
easy_smoothing,2.0,0.05,0.0,0.1111111111111111,0.15873684210526318,0.26747368421052636,False
easy_smoothing,2.0,0.05,0.0,0.1111111111111111,0.1612406015037594,0.2724812030075188,False
easy_smoothing,2.0,0.05,0.0,0.1111111111111111,0.16374436090225564,0.2774887218045113,False
easy_smoothing,2.0,0.05,0.0,0.1111111111111111,0.1662481203007519,0.2824962406015038,False
easy_smoothing,2.0,0.05,0.0,0.1111111111111111,0.16875187969924813,0.28750375939849626,False
easy_smoothing,2.0,0.05,0.0,0.1111111111111111,0.17125563909774438,0.2925112781954888,False
easy_smoothing,2.0,0.05,0.0,0.1111111111111111,0.1737593984962406,0.29751879699248124,False
easy_smoothing,2.0,0.05,0.0,0.1111111111111111,0.17626315789473684,0.3025263157894737,False
easy_smoothing,2.0,0.05,0.0,0.1111111111111111,0.1787669172932331,0.3075338345864662,False
easy_smoothing,2.0,0.05,0.0,0.1111111111111111,0.18127067669172933,0.3125413533834587,False
easy_smoothing,2.0,0.05,0.0,0.1111111111111111,0.18377443609022556,0.31754887218045114,False
easy_smoothing,2.0,0.05,0.0,0.1111111111111111,0.18627819548872182,0.32255639097744365,False
easy_smoothing,2.0,0.05,0.0,0.1111111111111111,0.18878195488721805,0.3275639097744361,False
easy_smoothing,2.0,0.05,0.0,0.1111111111111111,0.19128571428571428,0.3325714285714286,False
easy_smoothing,2.0,0.05,0.0,0.1111111111111111,0.19378947368421054,0.3375789473684211,False
easy_smoothing,2.0,0.05,0.0,0.1111111111111111,0.19629323308270677,0.34258646616541355,False
easy_smoothing,2.0,0.05,0.0,0.1111111111111111,0.19879699248120303,0.34759398496240607,False
easy_smoothing,2.0,0.05,0.0,0.1111111111111111,0.20130075187969926,0.3526015037593985,False
easy_smoothing,2.0,0.05,0.0,0.1111111111111111,0.2038045112781955,0.357609022556391,False
easy_smoothing,2.0,0.05,0.0,0.1111111111111111,0.20630827067669175,0.3626165413533835,False
easy_smoothing,2.0,0.05,0.0,0.1111111111111111,0.20881203007518798,0.36762406015037596,False
easy_smoothing,2.0,0.05,0.0,0.1111111111111111,0.21131578947368423,0.3726315789473685,False
easy_smoothing,2.0,0.05,0.0,0.1111111111111111,0.21381954887218046,0.37763909774436094,False
easy_smoothing,2.0,0.05,0.0,0.1111111111111111,0.2163233082706767,0.3826466165413534,False
easy_smoothing,2.0,0.05,0.0,0.1111111111111111,0.21882706766917295,0.3876541353383459,False
easy_smoothing,2.0,0.05,0.0,0.1111111111111111,0.22133082706766918,0.3926616541353384,False
easy_smoothing,2.0,0.05,0.0,0.1111111111111111,0.2238345864661654,0.39766917293233084,False
easy_smoothing,2.0,0.05,0.0,0.1111111111111111,0.22633834586466167,0.40267669172932335,False
easy_smoothing,2.0,0.05,0.0,0.1111111111111111,0.2288421052631579,0.4076842105263158,False
easy_smoothing,2.0,0.05,0.0,0.1111111111111111,0.23134586466165413,0.4126917293233083,False
easy_smoothing,2.0,0.05,0.0,0.1111111111111111,0.2338496240601504,0.4176992481203008,False
easy_smoothing,2.0,0.05,0.0,0.1111111111111111,0.23635338345864662,0.42270676691729325,False
easy_smoothing,2.0,0.05,0.0,0.1111111111111111,0.23885714285714288,0.42771428571428577,False
easy_smoothing,2.0,0.05,0.0,0.1111111111111111,0.2413609022556391,0.43272180451127823,False
easy_smoothing,2.0,0.05,0.0,0.1111111111111111,0.24386466165413534,0.4377293233082707,False
easy_smoothing,2.0,0.05,0.0,0.1111111111111111,0.2463684210526316,0.4427368421052632,False
easy_smoothing,2.0,0.05,0.0,0.1111111111111111,0.24887218045112783,0.44774436090225567,False
easy_smoothing,2.0,0.05,0.0,0.1111111111111111,0.2513759398496241,0.4527518796992482,False
easy_smoothing,2.0,0.05,0.0,0.1111111111111111,0.2538796992481203,0.45775939849624064,False
easy_smoothing,2.0,0.05,0.0,0.1111111111111111,0.25638345864661655,0.4627669172932331,False
easy_smoothing,2.0,0.05,0.0,0.1111111111111111,0.2588872180451128,0.46777443609022556,False
easy_smoothing,2.0,0.05,0.0,0.1111111111111111,0.26139097744360906,0.47278195488721814,False
easy_smoothing,2.0,0.05,0.0,0.1111111111111111,0.2638947368421053,0.4777894736842106,False
easy_smoothing,2.0,0.05,0.0,0.1111111111111111,0.2663984962406015,0.48279699248120306,False
easy_smoothing,2.0,0.05,0.0,0.1111111111111111,0.26890225563909775,0.4878045112781955,False
easy_smoothing,2.0,0.05,0.0,0.1111111111111111,0.271406015037594,0.492812030075188,False
easy_smoothing,2.0,0.05,0.0,0.1111111111111111,0.2739097744360902,0.49781954887218044,False
easy_smoothing,2.0,0.05,0.0,0.1111111111111111,0.2764135338345865,0.502827067669173,False
easy_smoothing,2.0,0.05,0.0,0.1111111111111111,0.27891729323308273,0.5078345864661654,False
easy_smoothing,2.0,0.05,0.0,0.1111111111111111,0.28142105263157896,0.5128421052631579,False
easy_smoothing,2.0,0.05,0.0,0.1111111111111111,0.2839248120300752,0.5178496240601503,False
easy_smoothing,2.0,0.05,0.0,0.1111111111111111,0.2864285714285714,0.5228571428571428,False
easy_smoothing,2.0,0.05,0.0,0.1111111111111111,0.2889323308270677,0.5278646616541354,False
easy_smoothing,2.0,0.05,0.0,0.1111111111111111,0.29143609022556394,0.5328721804511278,False
easy_smoothing,2.0,0.05,0.0,0.1111111111111111,0.29393984962406017,0.5378796992481203,False
easy_smoothing,2.0,0.05,0.0,0.1111111111111111,0.2964436090225564,0.5428872180451128,False
easy_smoothing,2.0,0.05,0.0,0.1111111111111111,0.29894736842105263,0.5478947368421052,False
easy_smoothing,2.0,0.05,0.0,0.1111111111111111,0.30145112781954886,0.5529022556390977,False
easy_smoothing,2.0,0.05,0.0,0.1111111111111111,0.30395488721804514,0.5579097744360902,False
easy_smoothing,2.0,0.05,0.0,0.1111111111111111,0.3064586466165414,0.5629172932330827,False
easy_smoothing,2.0,0.05,0.0,0.1111111111111111,0.3089624060150376,0.5679248120300752,False
easy_smoothing,2.0,0.05,0.0,0.1111111111111111,0.31146616541353384,0.5729323308270676,False
easy_smoothing,2.0,0.05,0.0,0.1111111111111111,0.31396992481203007,0.5779398496240601,False
easy_smoothing,2.0,0.05,0.0,0.1111111111111111,0.31647368421052635,0.5829473684210527,False
easy_smoothing,2.0,0.05,0.0,0.1111111111111111,0.3189774436090226,0.5879548872180451,False
easy_smoothing,2.0,0.05,0.0,0.1111111111111111,0.3214812030075188,0.5929624060150376,False
easy_smoothing,2.0,0.05,0.0,0.1111111111111111,0.32398496240601504,0.59796992481203,False
easy_smoothing,2.0,0.05,0.0,0.1111111111111111,0.3264887218045113,0.6029774436090225,False
easy_smoothing,2.0,0.05,0.0,0.1111111111111111,0.32899248120300756,0.6079849624060151,False
easy_smoothing,2.0,0.05,0.0,0.1111111111111111,0.3314962406015038,0.6129924812030075,False
easy_smoothing,2.0,0.05,0.0,0.1111111111111111,0.334,0.618,False
easy_smoothing,2.0,0.05,0.0,0.1111111111111111,0.33650375939849625,0.6230075187969925,False
easy_smoothing,2.0,0.05,0.0,0.1111111111111111,0.3390075187969925,0.6280150375939849,False
easy_smoothing,2.0,0.05,0.0,0.1111111111111111,0.34151127819548877,0.6330225563909775,False
easy_smoothing,2.0,0.05,0.0,0.1111111111111111,0.344015037593985,0.63803007518797,False
easy_smoothing,2.0,0.05,0.0,0.1111111111111111,0.3465187969924812,0.6430375939849624,False
easy_smoothing,2.0,0.05,0.0,0.1111111111111111,0.34902255639097746,0.6480451127819549,False
easy_smoothing,2.0,0.05,0.0,0.1111111111111111,0.3515263157894737,0.6530526315789473,False
easy_smoothing,2.0,0.05,0.0,0.1111111111111111,0.3540300751879699,0.6580601503759398,False
easy_smoothing,2.0,0.05,0.0,0.1111111111111111,0.3565338345864662,0.6630676691729324,False
easy_smoothing,2.0,0.05,0.0,0.1111111111111111,0.35903759398496243,0.6680751879699248,False
easy_smoothing,2.0,0.05,0.0,0.1111111111111111,0.36154135338345866,0.6730827067669173,False
easy_smoothing,2.0,0.05,0.0,0.1111111111111111,0.3640451127819549,0.6780902255639097,False
easy_smoothing,2.0,0.05,0.0,0.1111111111111111,0.3665488721804511,0.6830977443609022,False
easy_smoothing,2.0,0.05,0.0,0.1111111111111111,0.3690526315789474,0.6881052631578948,False
easy_smoothing,2.0,0.05,0.0,0.1111111111111111,0.37155639097744364,0.6931127819548872,False
easy_smoothing,2.0,0.05,0.0,0.1111111111111111,0.37406015037593987,0.6981203007518797,False
easy_smoothing,2.0,0.05,0.0,0.1111111111111111,0.3765639097744361,0.7031278195488722,False
easy_smoothing,2.0,0.05,0.0,0.1111111111111111,0.37906766917293233,0.7081353383458646,False
easy_smoothing,2.0,0.05,0.0,0.1111111111111111,0.38157142857142856,0.7131428571428571,False
easy_smoothing,2.0,0.05,0.0,0.1111111111111111,0.38407518796992485,0.7181503759398497,False
easy_smoothing,2.0,0.05,0.0,0.1111111111111111,0.3865789473684211,0.7231578947368421,False
easy_smoothing,2.0,0.05,0.0,0.1111111111111111,0.3890827067669173,0.7281654135338346,False
easy_smoothing,2.0,0.05,0.0,0.1111111111111111,0.39158646616541354,0.733172932330827,False
easy_smoothing,2.0,0.05,0.0,0.1111111111111111,0.39409022556390977,0.7381804511278195,False
easy_smoothing,2.0,0.05,0.0,0.1111111111111111,0.39659398496240605,0.7431879699248121,False
easy_smoothing,2.0,0.05,0.0,0.1111111111111111,0.3990977443609023,0.7481954887218045,False
easy_smoothing,2.0,0.05,0.0,0.1111111111111111,0.4016015037593985,0.753203007518797,False
easy_smoothing,2.0,0.05,0.0,0.1111111111111111,0.40410526315789475,0.7582105263157894,False
easy_smoothing,2.0,0.05,0.0,0.1111111111111111,0.406609022556391,0.7632180451127819,False
easy_smoothing,2.0,0.05,0.0,0.1111111111111111,0.40911278195488726,0.7682255639097745,False
easy_smoothing,2.0,0.05,0.0,0.1111111111111111,0.4116165413533835,0.7732330827067669,False
easy_smoothing,2.0,0.05,0.0,0.1111111111111111,0.4141203007518797,0.7782406015037594,False
easy_smoothing,2.0,0.05,0.0,0.1111111111111111,0.41662406015037595,0.7832481203007519,False
easy_smoothing,2.0,0.05,0.0,0.1111111111111111,0.4191278195488722,0.7882556390977443,False
easy_smoothing,2.0,0.05,0.0,0.1111111111111111,0.42163157894736847,0.7932631578947369,False
easy_smoothing,2.0,0.05,0.0,0.1111111111111111,0.4241353383458647,0.7982706766917294,False
easy_smoothing,2.0,0.05,0.0,0.1111111111111111,0.42663909774436093,0.8032781954887218,False
easy_smoothing,2.0,0.05,0.0,0.1111111111111111,0.42914285714285716,0.8082857142857143,False
easy_smoothing,2.0,0.05,0.0,0.1111111111111111,0.4316466165413534,0.8132932330827067,False
easy_smoothing,2.0,0.05,0.0,0.1111111111111111,0.4341503759398496,0.8183007518796992,False
easy_smoothing,2.0,0.05,0.0,0.1111111111111111,0.4366541353383459,0.8233082706766918,False
easy_smoothing,2.0,0.05,0.0,0.1111111111111111,0.43915789473684214,0.8283157894736842,False
easy_smoothing,2.0,0.05,0.0,0.1111111111111111,0.44166165413533837,0.8333233082706767,False
easy_smoothing,2.0,0.05,0.0,0.1111111111111111,0.4441654135338346,0.8383308270676691,False
easy_smoothing,2.0,0.05,0.0,0.1111111111111111,0.4466691729323308,0.8433383458646616,False
easy_smoothing,2.0,0.05,0.0,0.1111111111111111,0.4491729323308271,0.8483458646616542,False
easy_smoothing,2.0,0.05,0.0,0.1111111111111111,0.45167669172932334,0.8533533834586466,False
easy_smoothing,2.0,0.05,0.0,0.1111111111111111,0.4541804511278196,0.8583609022556391,False
easy_smoothing,2.0,0.05,0.0,0.1111111111111111,0.4566842105263158,0.8633684210526316,False
easy_smoothing,2.0,0.05,0.0,0.1111111111111111,0.45918796992481203,0.868375939849624,False
easy_smoothing,2.0,0.05,0.0,0.1111111111111111,0.46169172932330826,0.8733834586466165,False
easy_smoothing,2.0,0.05,0.0,0.1111111111111111,0.46419548872180455,0.8783909774436091,False
easy_smoothing,2.0,0.05,0.0,0.1111111111111111,0.4666992481203008,0.8833984962406015,False
easy_smoothing,2.0,0.05,0.0,0.1111111111111111,0.469203007518797,0.888406015037594,False
easy_smoothing,2.0,0.05,0.0,0.1111111111111111,0.47170676691729324,0.8934135338345864,False
easy_smoothing,2.0,0.05,0.0,0.1111111111111111,0.47421052631578947,0.8984210526315789,False
easy_smoothing,2.0,0.05,0.0,0.1111111111111111,0.47671428571428576,0.9034285714285715,False
easy_smoothing,2.0,0.05,0.0,0.1111111111111111,0.479218045112782,0.9084360902255639,False
easy_smoothing,2.0,0.05,0.0,0.1111111111111111,0.4817218045112782,0.9134436090225564,False
easy_smoothing,2.0,0.05,0.0,0.1111111111111111,0.48422556390977445,0.9184511278195489,False
easy_smoothing,2.0,0.05,0.0,0.1111111111111111,0.4867293233082707,0.9234586466165413,False
easy_smoothing,2.0,0.05,0.0,0.1111111111111111,0.48923308270676696,0.9284661654135339,False
easy_smoothing,2.0,0.05,0.0,0.1111111111111111,0.4917368421052632,0.9334736842105263,False
easy_smoothing,2.0,0.05,0.0,0.1111111111111111,0.4942406015037594,0.9384812030075188,False
easy_smoothing,2.0,0.05,0.0,0.1111111111111111,0.49674436090225565,0.9434887218045113,False
easy_smoothing,2.0,0.05,0.0,0.1111111111111111,0.4992481203007519,0.9484962406015037,False
easy_smoothing,2.0,0.05,0.0,0.1111111111111111,0.5017518796992482,0.9535037593984963,False
easy_smoothing,2.0,0.05,0.0,0.1111111111111111,0.5042556390977444,0.9585112781954888,False
easy_smoothing,2.0,0.05,0.0,0.1111111111111111,0.5067593984962406,0.9635187969924812,False
easy_smoothing,2.0,0.05,0.0,0.1111111111111111,0.5092631578947369,0.9685263157894737,False
easy_smoothing,2.0,0.05,0.0,0.1111111111111111,0.5117669172932331,0.9735338345864661,False
easy_smoothing,2.0,0.05,0.0,0.1111111111111111,0.5142706766917293,0.9785413533834586,False
easy_smoothing,2.0,0.05,0.0,0.1111111111111111,0.5167744360902256,0.9835488721804511,False
easy_smoothing,2.0,0.05,0.0,0.1111111111111111,0.5192781954887218,0.9885563909774435,False
easy_smoothing,2.0,0.05,0.0,0.1111111111111111,0.5217819548872181,0.9935639097744362,False
easy_smoothing,2.0,0.05,0.0,0.1111111111111111,0.5242857142857144,0.9985714285714287,False
easy_smoothing,2.0,0.05,0.0,0.1111111111111111,0.5267894736842106,1.0035789473684211,False
easy_smoothing,2.0,0.05,0.0,0.1111111111111111,0.5292932330827068,1.0085864661654136,False
easy_smoothing,2.0,0.05,0.0,0.1111111111111111,0.531796992481203,1.013593984962406,False
easy_smoothing,2.0,0.05,0.0,0.1111111111111111,0.5343007518796993,1.0186015037593985,False
easy_smoothing,2.0,0.05,0.0,0.1111111111111111,0.5368045112781955,1.023609022556391,False
easy_smoothing,2.0,0.05,0.0,0.1111111111111111,0.5393082706766917,1.0286165413533834,False
easy_smoothing,2.0,0.05,0.0,0.1111111111111111,0.541812030075188,1.033624060150376,False
easy_smoothing,2.0,0.05,0.0,0.1111111111111111,0.5443157894736842,1.0386315789473684,False
easy_smoothing,2.0,0.05,0.0,0.1111111111111111,0.5468195488721804,1.0436390977443608,False
easy_smoothing,2.0,0.05,0.0,0.1111111111111111,0.5493233082706768,1.0486466165413535,False
easy_smoothing,2.0,0.05,0.0,0.1111111111111111,0.551827067669173,1.053654135338346,False
easy_smoothing,2.0,0.05,0.0,0.1111111111111111,0.5543308270676692,1.0586616541353384,False
easy_smoothing,2.0,0.05,0.0,0.1111111111111111,0.5568345864661655,1.0636691729323309,False
easy_smoothing,2.0,0.05,0.0,0.1111111111111111,0.5593383458646617,1.0686766917293233,False
easy_smoothing,2.0,0.05,0.0,0.1111111111111111,0.5618421052631579,1.0736842105263158,False
easy_smoothing,2.0,0.05,0.0,0.1111111111111111,0.5643458646616542,1.0786917293233083,False
easy_smoothing,2.0,0.05,0.0,0.1111111111111111,0.5668496240601504,1.0836992481203007,False
easy_smoothing,2.0,0.05,0.0,0.1111111111111111,0.5693533834586466,1.0887067669172932,False
easy_smoothing,2.0,0.05,0.0,0.1111111111111111,0.5718571428571428,1.0937142857142856,False
easy_smoothing,2.0,0.05,0.0,0.1111111111111111,0.5743609022556391,1.098721804511278,False
easy_smoothing,2.0,0.05,0.0,0.1111111111111111,0.5768646616541354,1.1037293233082708,False
easy_smoothing,2.0,0.05,0.0,0.1111111111111111,0.5793684210526316,1.1087368421052632,False
easy_smoothing,2.0,0.05,0.0,0.1111111111111111,0.5818721804511279,1.1137443609022557,False
easy_smoothing,2.0,0.05,0.0,0.1111111111111111,0.5843759398496241,1.1187518796992482,False
easy_smoothing,2.0,0.05,0.0,0.1111111111111111,0.5868796992481203,1.1237593984962406,False
easy_smoothing,2.0,0.05,0.0,0.1111111111111111,0.5893834586466166,1.128766917293233,False
easy_smoothing,2.0,0.05,0.0,0.1111111111111111,0.5918872180451128,1.1337744360902255,False
easy_smoothing,2.0,0.05,0.0,0.1111111111111111,0.594390977443609,1.138781954887218,False
easy_smoothing,2.0,0.05,0.0,0.1111111111111111,0.5968947368421053,1.1437894736842105,False
easy_smoothing,2.0,0.05,0.0,0.1111111111111111,0.5993984962406015,1.148796992481203,False
easy_smoothing,2.0,0.05,0.0,0.1111111111111111,0.6019022556390977,1.1538045112781954,False
easy_smoothing,2.0,0.05,0.0,0.1111111111111111,0.6044060150375941,1.158812030075188,False
easy_smoothing,2.0,0.05,0.0,0.1111111111111111,0.6069097744360903,1.1638195488721805,False
easy_smoothing,2.0,0.05,0.0,0.1111111111111111,0.6094135338345865,1.168827067669173,False
easy_smoothing,2.0,0.05,0.0,0.1111111111111111,0.6119172932330827,1.1738345864661655,False
easy_smoothing,2.0,0.05,0.0,0.1111111111111111,0.614421052631579,1.178842105263158,False
easy_smoothing,2.0,0.05,0.0,0.1111111111111111,0.6169248120300752,1.1838496240601504,False
easy_smoothing,2.0,0.05,0.0,0.1111111111111111,0.6194285714285714,1.1888571428571428,False
easy_smoothing,2.0,0.05,0.0,0.1111111111111111,0.6219323308270677,1.1938646616541353,False
easy_smoothing,2.0,0.05,0.0,0.1111111111111111,0.6244360902255639,1.1988721804511278,False
easy_smoothing,2.0,0.05,0.0,0.1111111111111111,0.6269398496240601,1.2038796992481202,False
easy_smoothing,2.0,0.05,0.0,0.1111111111111111,0.6294436090225565,1.208887218045113,False
easy_smoothing,2.0,0.05,0.0,0.1111111111111111,0.6319473684210527,1.2138947368421054,False
easy_smoothing,2.0,0.05,0.0,0.1111111111111111,0.6344511278195489,1.2189022556390978,False
easy_smoothing,2.0,0.05,0.0,0.1111111111111111,0.6369548872180452,1.2239097744360903,False
easy_smoothing,2.0,0.05,0.0,0.1111111111111111,0.6394586466165414,1.2289172932330827,False
easy_smoothing,2.0,0.05,0.0,0.1111111111111111,0.6419624060150376,1.2339248120300752,False
easy_smoothing,2.0,0.05,0.0,0.1111111111111111,0.6444661654135339,1.2389323308270677,False
easy_smoothing,2.0,0.05,0.0,0.1111111111111111,0.6469699248120301,1.2439398496240601,False
easy_smoothing,2.0,0.05,0.0,0.1111111111111111,0.6494736842105263,1.2489473684210526,False
easy_smoothing,2.0,0.05,0.0,0.1111111111111111,0.6519774436090225,1.253954887218045,False
easy_smoothing,2.0,0.05,0.0,0.1111111111111111,0.6544812030075188,1.2589624060150375,False
easy_smoothing,2.0,0.05,0.0,0.1111111111111111,0.6569849624060151,1.2639699248120302,False
easy_smoothing,2.0,0.05,0.0,0.1111111111111111,0.6594887218045113,1.2689774436090226,False
easy_smoothing,2.0,0.05,0.0,0.1111111111111111,0.6619924812030076,1.273984962406015,False
easy_smoothing,2.0,0.05,0.0,0.1111111111111111,0.6644962406015038,1.2789924812030076,False
easy_smoothing,2.0,0.05,0.0,0.1111111111111111,0.667,1.284,False
easy_smoothing,2.0,0.05,0.0,0.1111111111111111,0.6695037593984963,1.2890075187969925,False
easy_smoothing,2.0,0.05,0.0,0.1111111111111111,0.6720075187969925,1.294015037593985,False
easy_smoothing,2.0,0.05,0.0,0.1111111111111111,0.6745112781954887,1.2990225563909774,False
easy_smoothing,2.0,0.05,0.0,0.1111111111111111,0.677015037593985,1.3040300751879699,False
easy_smoothing,2.0,0.05,0.0,0.1111111111111111,0.6795187969924812,1.3090375939849623,False
easy_smoothing,2.0,0.05,0.0,0.1111111111111111,0.6820225563909775,1.314045112781955,False
easy_smoothing,2.0,0.05,0.0,0.1111111111111111,0.6845263157894738,1.3190526315789475,False
easy_smoothing,2.0,0.05,0.0,0.1111111111111111,0.68703007518797,1.32406015037594,False
easy_smoothing,2.0,0.05,0.0,0.1111111111111111,0.6895338345864662,1.3290676691729324,False
easy_smoothing,2.0,0.05,0.0,0.1111111111111111,0.6920375939849625,1.3340751879699249,False
easy_smoothing,2.0,0.05,0.0,0.1111111111111111,0.6945413533834587,1.3390827067669173,False
easy_smoothing,2.0,0.05,0.0,0.1111111111111111,0.6970451127819549,1.3440902255639098,False
easy_smoothing,2.0,0.05,0.0,0.1111111111111111,0.6995488721804511,1.3490977443609022,False
easy_smoothing,2.0,0.05,0.0,0.1111111111111111,0.7020526315789474,1.3541052631578947,False
easy_smoothing,2.0,0.05,0.0,0.1111111111111111,0.7045563909774436,1.3591127819548872,False
easy_smoothing,2.0,0.05,0.0,0.1111111111111111,0.7070601503759398,1.3641203007518796,False
easy_smoothing,2.0,0.05,0.0,0.1111111111111111,0.7095639097744362,1.3691278195488723,False
easy_smoothing,2.0,0.05,0.0,0.1111111111111111,0.7120676691729324,1.3741353383458648,False
easy_smoothing,2.0,0.05,0.0,0.1111111111111111,0.7145714285714286,1.3791428571428572,False
easy_smoothing,2.0,0.05,0.0,0.1111111111111111,0.7170751879699249,1.3841503759398497,False
easy_smoothing,2.0,0.05,0.0,0.1111111111111111,0.7195789473684211,1.3891578947368421,False
easy_smoothing,2.0,0.05,0.0,0.1111111111111111,0.7220827067669173,1.3941654135338346,False
easy_smoothing,2.0,0.05,0.0,0.1111111111111111,0.7245864661654136,1.399172932330827,False
easy_smoothing,2.0,0.05,0.0,0.1111111111111111,0.7270902255639098,1.4041804511278195,False
easy_smoothing,2.0,0.05,0.0,0.1111111111111111,0.729593984962406,1.409187969924812,False
easy_smoothing,2.0,0.05,0.0,0.1111111111111111,0.7320977443609022,1.4141954887218045,False
easy_smoothing,2.0,0.05,0.0,0.1111111111111111,0.7346015037593985,1.419203007518797,False
easy_smoothing,2.0,0.05,0.0,0.1111111111111111,0.7371052631578948,1.4242105263157896,False
easy_smoothing,2.0,0.05,0.0,0.1111111111111111,0.739609022556391,1.429218045112782,False
easy_smoothing,2.0,0.05,0.0,0.1111111111111111,0.7421127819548873,1.4342255639097745,False
easy_smoothing,2.0,0.05,0.0,0.1111111111111111,0.7446165413533835,1.439233082706767,False
easy_smoothing,2.0,0.05,0.0,0.1111111111111111,0.7471203007518797,1.4442406015037594,False
easy_smoothing,2.0,0.05,0.0,0.1111111111111111,0.749624060150376,1.449248120300752,False
easy_smoothing,2.0,0.05,0.0,0.1111111111111111,0.7521278195488722,1.4542556390977444,False
easy_smoothing,2.0,0.05,0.0,0.1111111111111111,0.7546315789473684,1.4592631578947368,False
easy_smoothing,2.0,0.05,0.0,0.1111111111111111,0.7571353383458647,1.4642706766917293,False
easy_smoothing,2.0,0.05,0.0,0.1111111111111111,0.7596390977443609,1.4692781954887217,False
easy_smoothing,2.0,0.05,0.0,0.1111111111111111,0.7621428571428571,1.4742857142857142,False
easy_smoothing,2.0,0.05,0.0,0.1111111111111111,0.7646466165413535,1.4792932330827069,False
easy_smoothing,2.0,0.05,0.0,0.1111111111111111,0.7671503759398497,1.4843007518796993,False
easy_smoothing,2.0,0.05,0.0,0.1111111111111111,0.7696541353383459,1.4893082706766918,False
easy_smoothing,2.0,0.05,0.0,0.1111111111111111,0.7721578947368422,1.4943157894736843,False
easy_smoothing,2.0,0.05,0.0,0.1111111111111111,0.7746616541353384,1.4993233082706767,False
easy_smoothing,2.0,0.05,0.0,0.1111111111111111,0.7771654135338346,1.5043308270676692,False
easy_smoothing,2.0,0.05,0.0,0.1111111111111111,0.7796691729323308,1.5093383458646616,False
easy_smoothing,2.0,0.05,0.0,0.1111111111111111,0.7821729323308271,1.514345864661654,False
easy_smoothing,2.0,0.05,0.0,0.1111111111111111,0.7846766917293233,1.5193533834586466,False
easy_smoothing,2.0,0.05,0.0,0.1111111111111111,0.7871804511278195,1.524360902255639,False
easy_smoothing,2.0,0.05,0.0,0.1111111111111111,0.7896842105263159,1.5293684210526317,False
easy_smoothing,2.0,0.05,0.0,0.1111111111111111,0.7921879699248121,1.5343759398496242,False
easy_smoothing,2.0,0.05,0.0,0.1111111111111111,0.7946917293233083,1.5393834586466166,False
easy_smoothing,2.0,0.05,0.0,0.1111111111111111,0.7971954887218046,1.544390977443609,False
easy_smoothing,2.0,0.05,0.0,0.1111111111111111,0.7996992481203008,1.5493984962406016,False
easy_smoothing,2.0,0.05,0.0,0.1111111111111111,0.802203007518797,1.554406015037594,False
easy_smoothing,2.0,0.05,0.0,0.1111111111111111,0.8047067669172933,1.5594135338345865,False
easy_smoothing,2.0,0.05,0.0,0.1111111111111111,0.8072105263157895,1.564421052631579,False
easy_smoothing,2.0,0.05,0.0,0.1111111111111111,0.8097142857142857,1.5694285714285714,False
easy_smoothing,2.0,0.05,0.0,0.1111111111111111,0.812218045112782,1.5744360902255639,False
easy_smoothing,2.0,0.05,0.0,0.1111111111111111,0.8147218045112782,1.5794436090225563,False
easy_smoothing,2.0,0.05,0.0,0.1111111111111111,0.8172255639097745,1.584451127819549,False
easy_smoothing,2.0,0.05,0.0,0.1111111111111111,0.8197293233082708,1.5894586466165415,False
easy_smoothing,2.0,0.05,0.0,0.1111111111111111,0.822233082706767,1.594466165413534,False
easy_smoothing,2.0,0.05,0.0,0.1111111111111111,0.8247368421052632,1.5994736842105264,False
easy_smoothing,2.0,0.05,0.0,0.1111111111111111,0.8272406015037594,1.6044812030075188,False
easy_smoothing,2.0,0.05,0.0,0.1111111111111111,0.8297443609022557,1.6094887218045113,False
easy_smoothing,2.0,0.05,0.0,0.1111111111111111,0.8322481203007519,1.6144962406015038,False
easy_smoothing,2.0,0.05,0.0,0.1111111111111111,0.8347518796992481,1.6195037593984962,False
easy_smoothing,2.0,0.05,0.0,0.1111111111111111,0.8372556390977444,1.6245112781954887,False
easy_smoothing,2.0,0.05,0.0,0.1111111111111111,0.8397593984962406,1.6295187969924811,False
easy_smoothing,2.0,0.05,0.0,0.1111111111111111,0.8422631578947369,1.6345263157894738,False
easy_smoothing,2.0,0.05,0.0,0.1111111111111111,0.8447669172932332,1.6395338345864663,False
easy_smoothing,2.0,0.05,0.0,0.1111111111111111,0.8472706766917294,1.6445413533834587,False
easy_smoothing,2.0,0.05,0.0,0.1111111111111111,0.8497744360902256,1.6495488721804512,False
easy_smoothing,2.0,0.05,0.0,0.1111111111111111,0.8522781954887219,1.6545563909774437,False
easy_smoothing,2.0,0.05,0.0,0.1111111111111111,0.8547819548872181,1.6595639097744361,False
easy_smoothing,2.0,0.05,0.0,0.1111111111111111,0.8572857142857143,1.6645714285714286,False
easy_smoothing,2.0,0.05,0.0,0.1111111111111111,0.8597894736842105,1.669578947368421,False
easy_smoothing,2.0,0.05,0.0,0.1111111111111111,0.8622932330827068,1.6745864661654135,False
easy_smoothing,2.0,0.05,0.0,0.1111111111111111,0.864796992481203,1.679593984962406,False
easy_smoothing,2.0,0.05,0.0,0.1111111111111111,0.8673007518796992,1.6846015037593984,False
easy_smoothing,2.0,0.05,0.0,0.1111111111111111,0.8698045112781956,1.6896090225563911,False
easy_smoothing,2.0,0.05,0.0,0.1111111111111111,0.8723082706766918,1.6946165413533836,False
easy_smoothing,2.0,0.05,0.0,0.1111111111111111,0.874812030075188,1.699624060150376,False
easy_smoothing,2.0,0.05,0.0,0.1111111111111111,0.8773157894736843,1.7046315789473685,False
easy_smoothing,2.0,0.05,0.0,0.1111111111111111,0.8798195488721805,1.709639097744361,False
easy_smoothing,2.0,0.05,0.0,0.1111111111111111,0.8823233082706767,1.7146466165413534,False
easy_smoothing,2.0,0.05,0.0,0.1111111111111111,0.884827067669173,1.7196541353383459,False
easy_smoothing,2.0,0.05,0.0,0.1111111111111111,0.8873308270676692,1.7246616541353383,False
easy_smoothing,2.0,0.05,0.0,0.1111111111111111,0.8898345864661654,1.7296691729323308,False
easy_smoothing,2.0,0.05,0.0,0.1111111111111111,0.8923383458646617,1.7346766917293233,False
easy_smoothing,2.0,0.05,0.0,0.1111111111111111,0.8948421052631579,1.7396842105263157,False
easy_smoothing,2.0,0.05,0.0,0.1111111111111111,0.8973458646616542,1.7446917293233084,False
easy_smoothing,2.0,0.05,0.0,0.1111111111111111,0.8998496240601505,1.7496992481203009,False
easy_smoothing,2.0,0.05,0.0,0.1111111111111111,0.9023533834586467,1.7547067669172933,False
easy_smoothing,2.0,0.05,0.0,0.1111111111111111,0.9048571428571429,1.7597142857142858,False
easy_smoothing,2.0,0.05,0.0,0.1111111111111111,0.9073609022556391,1.7647218045112782,False
easy_smoothing,2.0,0.05,0.0,0.1111111111111111,0.9098646616541354,1.7697293233082707,False
easy_smoothing,2.0,0.05,0.0,0.1111111111111111,0.9123684210526316,1.7747368421052632,False
easy_smoothing,2.0,0.05,0.0,0.1111111111111111,0.9148721804511278,1.7797443609022556,False
easy_smoothing,2.0,0.05,0.0,0.1111111111111111,0.9173759398496241,1.784751879699248,False
easy_smoothing,2.0,0.05,0.0,0.1111111111111111,0.9198796992481203,1.7897593984962406,False
easy_smoothing,2.0,0.05,0.0,0.1111111111111111,0.9223834586466165,1.794766917293233,False
easy_smoothing,2.0,0.05,0.0,0.1111111111111111,0.9248872180451129,1.7997744360902257,False
easy_smoothing,2.0,0.05,0.0,0.1111111111111111,0.9273909774436091,1.8047819548872182,False
easy_smoothing,2.0,0.05,0.0,0.1111111111111111,0.9298947368421053,1.8097894736842106,False
easy_smoothing,2.0,0.05,0.0,0.1111111111111111,0.9323984962406016,1.814796992481203,False
easy_smoothing,2.0,0.05,0.0,0.1111111111111111,0.9349022556390978,1.8198045112781955,False
easy_smoothing,2.0,0.05,0.0,0.1111111111111111,0.937406015037594,1.824812030075188,False
easy_smoothing,2.0,0.05,0.0,0.1111111111111111,0.9399097744360903,1.8298195488721805,False
easy_smoothing,2.0,0.05,0.0,0.1111111111111111,0.9424135338345865,1.834827067669173,False
easy_smoothing,2.0,0.05,0.0,0.1111111111111111,0.9449172932330827,1.8398345864661654,False
easy_smoothing,2.0,0.05,0.0,0.1111111111111111,0.9474210526315789,1.8448421052631578,False
easy_smoothing,2.0,0.05,0.0,0.1111111111111111,0.9499248120300753,1.8498496240601505,False
easy_smoothing,2.0,0.05,0.0,0.1111111111111111,0.9524285714285715,1.854857142857143,False
easy_smoothing,2.0,0.05,0.0,0.1111111111111111,0.9549323308270677,1.8598646616541354,False
easy_smoothing,2.0,0.05,0.0,0.1111111111111111,0.957436090225564,1.864872180451128,False
easy_smoothing,2.0,0.05,0.0,0.1111111111111111,0.9599398496240602,1.8698796992481204,False
easy_smoothing,2.0,0.05,0.0,0.1111111111111111,0.9624436090225564,1.8748872180451128,False
easy_smoothing,2.0,0.05,0.0,0.1111111111111111,0.9649473684210527,1.8798947368421053,False
easy_smoothing,2.0,0.05,0.0,0.1111111111111111,0.9674511278195489,1.8849022556390977,False
easy_smoothing,2.0,0.05,0.0,0.1111111111111111,0.9699548872180451,1.8899097744360902,False
easy_smoothing,2.0,0.05,0.0,0.1111111111111111,0.9724586466165414,1.8949172932330827,False
easy_smoothing,2.0,0.05,0.0,0.1111111111111111,0.9749624060150376,1.8999248120300751,False
easy_smoothing,2.0,0.05,0.0,0.1111111111111111,0.9774661654135339,1.9049323308270678,False
easy_smoothing,2.0,0.05,0.0,0.1111111111111111,0.9799699248120302,1.9099398496240603,False
easy_smoothing,2.0,0.05,0.0,0.1111111111111111,0.9824736842105264,1.9149473684210527,False
easy_smoothing,2.0,0.05,0.0,0.1111111111111111,0.9849774436090226,1.9199548872180452,False
easy_smoothing,2.0,0.05,0.0,0.1111111111111111,0.9874812030075188,1.9249624060150377,False
easy_smoothing,2.0,0.05,0.0,0.1111111111111111,0.9899849624060151,1.9299699248120301,False
easy_smoothing,2.0,0.05,0.0,0.1111111111111111,0.9924887218045113,1.9349774436090226,False
easy_smoothing,2.0,0.05,0.0,0.1111111111111111,0.9949924812030075,1.939984962406015,False
easy_smoothing,2.0,0.05,0.0,0.1111111111111111,0.9974962406015038,1.9449924812030075,False
easy_smoothing,2.0,0.05,0.0,0.1111111111111111,1.0,1.95,False
medium_complexity,2.0,0.08,0.03,0.1111111111111111,0.001,-0.108,True
medium_complexity,2.0,0.08,0.03,0.1111111111111111,0.0035037593984962407,-0.10299248120300752,True
medium_complexity,2.0,0.08,0.03,0.1111111111111111,0.0060075187969924814,-0.09798496240601504,True
medium_complexity,2.0,0.08,0.03,0.1111111111111111,0.008511278195488723,-0.09297744360902255,True
medium_complexity,2.0,0.08,0.03,0.1111111111111111,0.011015037593984964,-0.08796992481203007,True
medium_complexity,2.0,0.08,0.03,0.1111111111111111,0.013518796992481204,-0.0829624060150376,True
medium_complexity,2.0,0.08,0.03,0.1111111111111111,0.016022556390977445,-0.07795488721804511,True
medium_complexity,2.0,0.08,0.03,0.1111111111111111,0.018526315789473686,-0.07294736842105262,True
medium_complexity,2.0,0.08,0.03,0.1111111111111111,0.021030075187969927,-0.06793984962406015,True
medium_complexity,2.0,0.08,0.03,0.1111111111111111,0.023533834586466167,-0.06293233082706767,True
medium_complexity,2.0,0.08,0.03,0.1111111111111111,0.026037593984962408,-0.057924812030075185,True
medium_complexity,2.0,0.08,0.03,0.1111111111111111,0.02854135338345865,-0.0529172932330827,True
medium_complexity,2.0,0.08,0.03,0.1111111111111111,0.03104511278195489,-0.04790977443609022,True
medium_complexity,2.0,0.08,0.03,0.1111111111111111,0.033548872180451134,-0.04290225563909773,True
medium_complexity,2.0,0.08,0.03,0.1111111111111111,0.03605263157894737,-0.03789473684210526,True
medium_complexity,2.0,0.08,0.03,0.1111111111111111,0.03855639097744361,-0.032887218045112784,True
medium_complexity,2.0,0.08,0.03,0.1111111111111111,0.04106015037593985,-0.027879699248120296,True
medium_complexity,2.0,0.08,0.03,0.1111111111111111,0.043563909774436096,-0.022872180451127808,True
medium_complexity,2.0,0.08,0.03,0.1111111111111111,0.046067669172932334,-0.017864661654135333,True
medium_complexity,2.0,0.08,0.03,0.1111111111111111,0.04857142857142857,-0.012857142857142859,True
medium_complexity,2.0,0.08,0.03,0.1111111111111111,0.051075187969924815,-0.00784962406015037,True
medium_complexity,2.0,0.08,0.03,0.1111111111111111,0.05357894736842106,-0.002842105263157882,True
medium_complexity,2.0,0.08,0.03,0.1111111111111111,0.0560827067669173,0.0021654135338345926,True
medium_complexity,2.0,0.08,0.03,0.1111111111111111,0.058586466165413534,0.007172932330827067,True
medium_complexity,2.0,0.08,0.03,0.1111111111111111,0.06109022556390978,0.012180451127819555,True
medium_complexity,2.0,0.08,0.03,0.1111111111111111,0.06359398496240602,0.017187969924812044,True
medium_complexity,2.0,0.08,0.03,0.1111111111111111,0.06609774436090227,0.022195488721804532,True
medium_complexity,2.0,0.08,0.03,0.1111111111111111,0.0686015037593985,0.027203007518796993,True
medium_complexity,2.0,0.08,0.03,0.1111111111111111,0.07110526315789474,0.03221052631578948,True
medium_complexity,2.0,0.08,0.03,0.1111111111111111,0.07360902255639099,0.03721804511278197,True
medium_complexity,2.0,0.08,0.03,0.1111111111111111,0.07611278195488722,0.04222556390977443,True
medium_complexity,2.0,0.08,0.03,0.1111111111111111,0.07861654135338346,0.04723308270676692,True
medium_complexity,2.0,0.08,0.03,0.1111111111111111,0.0811203007518797,0.05224060150375941,True
medium_complexity,2.0,0.08,0.03,0.1111111111111111,0.08362406015037595,0.057248120300751895,True
medium_complexity,2.0,0.08,0.03,0.1111111111111111,0.08612781954887219,0.062255639097744384,True
medium_complexity,2.0,0.08,0.03,0.1111111111111111,0.08863157894736842,0.06726315789473684,True
medium_complexity,2.0,0.08,0.03,0.1111111111111111,0.09113533834586467,0.07227067669172933,True
medium_complexity,2.0,0.08,0.03,0.1111111111111111,0.09363909774436091,0.07727819548872182,True
medium_complexity,2.0,0.08,0.03,0.1111111111111111,0.09614285714285714,0.08228571428571428,True
medium_complexity,2.0,0.08,0.03,0.1111111111111111,0.09864661654135339,0.08729323308270677,True
medium_complexity,2.0,0.08,0.03,0.1111111111111111,0.10115037593984963,0.09230075187969926,True
medium_complexity,2.0,0.08,0.03,0.1111111111111111,0.10365413533834587,0.09730827067669176,True
medium_complexity,2.0,0.08,0.03,0.1111111111111111,0.10615789473684212,0.10231578947368422,True
medium_complexity,2.0,0.08,0.03,0.1111111111111111,0.10866165413533835,0.10732330827067668,True
medium_complexity,2.0,0.08,0.03,0.1111111111111111,0.11116541353383459,0.1123308270676692,False
medium_complexity,2.0,0.08,0.03,0.1111111111111111,0.11366917293233084,0.11733834586466166,False
medium_complexity,2.0,0.08,0.03,0.1111111111111111,0.11617293233082707,0.12234586466165412,False
medium_complexity,2.0,0.08,0.03,0.1111111111111111,0.11867669172932331,0.12735338345864664,False
medium_complexity,2.0,0.08,0.03,0.1111111111111111,0.12118045112781956,0.1323609022556391,False
medium_complexity,2.0,0.08,0.03,0.1111111111111111,0.1236842105263158,0.1373684210526316,False
medium_complexity,2.0,0.08,0.03,0.1111111111111111,0.12618796992481204,0.14237593984962407,False
medium_complexity,2.0,0.08,0.03,0.1111111111111111,0.12869172932330827,0.14738345864661653,False
medium_complexity,2.0,0.08,0.03,0.1111111111111111,0.13119548872180453,0.15239097744360905,False
medium_complexity,2.0,0.08,0.03,0.1111111111111111,0.13369924812030076,0.1573984962406015,False
medium_complexity,2.0,0.08,0.03,0.1111111111111111,0.136203007518797,0.16240601503759397,False
medium_complexity,2.0,0.08,0.03,0.1111111111111111,0.13870676691729325,0.1674135338345865,False
medium_complexity,2.0,0.08,0.03,0.1111111111111111,0.14121052631578948,0.17242105263157895,False
medium_complexity,2.0,0.08,0.03,0.1111111111111111,0.1437142857142857,0.1774285714285714,False
medium_complexity,2.0,0.08,0.03,0.1111111111111111,0.14621804511278197,0.18243609022556392,False
medium_complexity,2.0,0.08,0.03,0.1111111111111111,0.1487218045112782,0.18744360902255638,False
medium_complexity,2.0,0.08,0.03,0.1111111111111111,0.15122556390977443,0.19245112781954885,False
medium_complexity,2.0,0.08,0.03,0.1111111111111111,0.1537293233082707,0.19745864661654136,False
medium_complexity,2.0,0.08,0.03,0.1111111111111111,0.15623308270676692,0.20246616541353382,False
medium_complexity,2.0,0.08,0.03,0.1111111111111111,0.15873684210526318,0.20747368421052634,False
medium_complexity,2.0,0.08,0.03,0.1111111111111111,0.1612406015037594,0.2124812030075188,False
medium_complexity,2.0,0.08,0.03,0.1111111111111111,0.16374436090225564,0.21748872180451126,False
medium_complexity,2.0,0.08,0.03,0.1111111111111111,0.1662481203007519,0.22249624060150378,False
medium_complexity,2.0,0.08,0.03,0.1111111111111111,0.16875187969924813,0.22750375939849624,False
medium_complexity,2.0,0.08,0.03,0.1111111111111111,0.17125563909774438,0.23251127819548875,False
medium_complexity,2.0,0.08,0.03,0.1111111111111111,0.1737593984962406,0.2375187969924812,False
medium_complexity,2.0,0.08,0.03,0.1111111111111111,0.17626315789473684,0.24252631578947367,False
medium_complexity,2.0,0.08,0.03,0.1111111111111111,0.1787669172932331,0.2475338345864662,False
medium_complexity,2.0,0.08,0.03,0.1111111111111111,0.18127067669172933,0.2525413533834586,False
medium_complexity,2.0,0.08,0.03,0.1111111111111111,0.18377443609022556,0.2575488721804511,False
medium_complexity,2.0,0.08,0.03,0.1111111111111111,0.18627819548872182,0.26255639097744365,False
medium_complexity,2.0,0.08,0.03,0.1111111111111111,0.18878195488721805,0.2675639097744361,False
medium_complexity,2.0,0.08,0.03,0.1111111111111111,0.19128571428571428,0.2725714285714286,False
medium_complexity,2.0,0.08,0.03,0.1111111111111111,0.19378947368421054,0.27757894736842104,False
medium_complexity,2.0,0.08,0.03,0.1111111111111111,0.19629323308270677,0.2825864661654135,False
medium_complexity,2.0,0.08,0.03,0.1111111111111111,0.19879699248120303,0.28759398496240607,False
medium_complexity,2.0,0.08,0.03,0.1111111111111111,0.20130075187969926,0.29260150375939853,False
medium_complexity,2.0,0.08,0.03,0.1111111111111111,0.2038045112781955,0.297609022556391,False
medium_complexity,2.0,0.08,0.03,0.1111111111111111,0.20630827067669175,0.30261654135338345,False
medium_complexity,2.0,0.08,0.03,0.1111111111111111,0.20881203007518798,0.3076240601503759,False
medium_complexity,2.0,0.08,0.03,0.1111111111111111,0.21131578947368423,0.3126315789473685,False
medium_complexity,2.0,0.08,0.03,0.1111111111111111,0.21381954887218046,0.31763909774436094,False
medium_complexity,2.0,0.08,0.03,0.1111111111111111,0.2163233082706767,0.3226466165413534,False
medium_complexity,2.0,0.08,0.03,0.1111111111111111,0.21882706766917295,0.32765413533834586,False
medium_complexity,2.0,0.08,0.03,0.1111111111111111,0.22133082706766918,0.3326616541353383,False
medium_complexity,2.0,0.08,0.03,0.1111111111111111,0.2238345864661654,0.3376691729323308,False
medium_complexity,2.0,0.08,0.03,0.1111111111111111,0.22633834586466167,0.34267669172932336,False
medium_complexity,2.0,0.08,0.03,0.1111111111111111,0.2288421052631579,0.3476842105263158,False
medium_complexity,2.0,0.08,0.03,0.1111111111111111,0.23134586466165413,0.3526917293233083,False
medium_complexity,2.0,0.08,0.03,0.1111111111111111,0.2338496240601504,0.35769924812030074,False
medium_complexity,2.0,0.08,0.03,0.1111111111111111,0.23635338345864662,0.3627067669172932,False
medium_complexity,2.0,0.08,0.03,0.1111111111111111,0.23885714285714288,0.36771428571428577,False
medium_complexity,2.0,0.08,0.03,0.1111111111111111,0.2413609022556391,0.37272180451127823,False
medium_complexity,2.0,0.08,0.03,0.1111111111111111,0.24386466165413534,0.3777293233082707,False
medium_complexity,2.0,0.08,0.03,0.1111111111111111,0.2463684210526316,0.38273684210526315,False
medium_complexity,2.0,0.08,0.03,0.1111111111111111,0.24887218045112783,0.3877443609022556,False
medium_complexity,2.0,0.08,0.03,0.1111111111111111,0.2513759398496241,0.3927518796992482,False
medium_complexity,2.0,0.08,0.03,0.1111111111111111,0.2538796992481203,0.39775939849624065,False
medium_complexity,2.0,0.08,0.03,0.1111111111111111,0.25638345864661655,0.4027669172932331,False
medium_complexity,2.0,0.08,0.03,0.1111111111111111,0.2588872180451128,0.40777443609022557,False
medium_complexity,2.0,0.08,0.03,0.1111111111111111,0.26139097744360906,0.41278195488721814,False
medium_complexity,2.0,0.08,0.03,0.1111111111111111,0.2638947368421053,0.4177894736842106,False
medium_complexity,2.0,0.08,0.03,0.1111111111111111,0.2663984962406015,0.42279699248120306,False
medium_complexity,2.0,0.08,0.03,0.1111111111111111,0.26890225563909775,0.4278045112781955,False
medium_complexity,2.0,0.08,0.03,0.1111111111111111,0.271406015037594,0.432812030075188,False
medium_complexity,2.0,0.08,0.03,0.1111111111111111,0.2739097744360902,0.43781954887218044,False
medium_complexity,2.0,0.08,0.03,0.1111111111111111,0.2764135338345865,0.442827067669173,False
medium_complexity,2.0,0.08,0.03,0.1111111111111111,0.27891729323308273,0.4478345864661655,False
medium_complexity,2.0,0.08,0.03,0.1111111111111111,0.28142105263157896,0.45284210526315793,False
medium_complexity,2.0,0.08,0.03,0.1111111111111111,0.2839248120300752,0.4578496240601504,False
medium_complexity,2.0,0.08,0.03,0.1111111111111111,0.2864285714285714,0.46285714285714286,False
medium_complexity,2.0,0.08,0.03,0.1111111111111111,0.2889323308270677,0.4678646616541354,False
medium_complexity,2.0,0.08,0.03,0.1111111111111111,0.29143609022556394,0.4728721804511279,False
medium_complexity,2.0,0.08,0.03,0.1111111111111111,0.29393984962406017,0.47787969924812035,False
medium_complexity,2.0,0.08,0.03,0.1111111111111111,0.2964436090225564,0.4828872180451128,False
medium_complexity,2.0,0.08,0.03,0.1111111111111111,0.29894736842105263,0.48789473684210527,False
medium_complexity,2.0,0.08,0.03,0.1111111111111111,0.30145112781954886,0.49290225563909773,False
medium_complexity,2.0,0.08,0.03,0.1111111111111111,0.30395488721804514,0.4979097744360903,False
medium_complexity,2.0,0.08,0.03,0.1111111111111111,0.3064586466165414,0.5029172932330828,False
medium_complexity,2.0,0.08,0.03,0.1111111111111111,0.3089624060150376,0.5079248120300752,False
medium_complexity,2.0,0.08,0.03,0.1111111111111111,0.31146616541353384,0.5129323308270677,False
medium_complexity,2.0,0.08,0.03,0.1111111111111111,0.31396992481203007,0.5179398496240601,False
medium_complexity,2.0,0.08,0.03,0.1111111111111111,0.31647368421052635,0.5229473684210527,False
medium_complexity,2.0,0.08,0.03,0.1111111111111111,0.3189774436090226,0.5279548872180452,False
medium_complexity,2.0,0.08,0.03,0.1111111111111111,0.3214812030075188,0.5329624060150376,False
medium_complexity,2.0,0.08,0.03,0.1111111111111111,0.32398496240601504,0.5379699248120301,False
medium_complexity,2.0,0.08,0.03,0.1111111111111111,0.3264887218045113,0.5429774436090226,False
medium_complexity,2.0,0.08,0.03,0.1111111111111111,0.32899248120300756,0.5479849624060151,False
medium_complexity,2.0,0.08,0.03,0.1111111111111111,0.3314962406015038,0.5529924812030076,False
medium_complexity,2.0,0.08,0.03,0.1111111111111111,0.334,0.558,False
medium_complexity,2.0,0.08,0.03,0.1111111111111111,0.33650375939849625,0.5630075187969925,False
medium_complexity,2.0,0.08,0.03,0.1111111111111111,0.3390075187969925,0.568015037593985,False
medium_complexity,2.0,0.08,0.03,0.1111111111111111,0.34151127819548877,0.5730225563909775,False
medium_complexity,2.0,0.08,0.03,0.1111111111111111,0.344015037593985,0.57803007518797,False
medium_complexity,2.0,0.08,0.03,0.1111111111111111,0.3465187969924812,0.5830375939849625,False
medium_complexity,2.0,0.08,0.03,0.1111111111111111,0.34902255639097746,0.5880451127819549,False
medium_complexity,2.0,0.08,0.03,0.1111111111111111,0.3515263157894737,0.5930526315789474,False
medium_complexity,2.0,0.08,0.03,0.1111111111111111,0.3540300751879699,0.5980601503759398,False
medium_complexity,2.0,0.08,0.03,0.1111111111111111,0.3565338345864662,0.6030676691729324,False
medium_complexity,2.0,0.08,0.03,0.1111111111111111,0.35903759398496243,0.6080751879699249,False
medium_complexity,2.0,0.08,0.03,0.1111111111111111,0.36154135338345866,0.6130827067669173,False
medium_complexity,2.0,0.08,0.03,0.1111111111111111,0.3640451127819549,0.6180902255639098,False
medium_complexity,2.0,0.08,0.03,0.1111111111111111,0.3665488721804511,0.6230977443609023,False
medium_complexity,2.0,0.08,0.03,0.1111111111111111,0.3690526315789474,0.6281052631578948,False
medium_complexity,2.0,0.08,0.03,0.1111111111111111,0.37155639097744364,0.6331127819548873,False
medium_complexity,2.0,0.08,0.03,0.1111111111111111,0.37406015037593987,0.6381203007518798,False
medium_complexity,2.0,0.08,0.03,0.1111111111111111,0.3765639097744361,0.6431278195488722,False
medium_complexity,2.0,0.08,0.03,0.1111111111111111,0.37906766917293233,0.6481353383458647,False
medium_complexity,2.0,0.08,0.03,0.1111111111111111,0.38157142857142856,0.6531428571428571,False
medium_complexity,2.0,0.08,0.03,0.1111111111111111,0.38407518796992485,0.6581503759398497,False
medium_complexity,2.0,0.08,0.03,0.1111111111111111,0.3865789473684211,0.6631578947368422,False
medium_complexity,2.0,0.08,0.03,0.1111111111111111,0.3890827067669173,0.6681654135338346,False
medium_complexity,2.0,0.08,0.03,0.1111111111111111,0.39158646616541354,0.6731729323308271,False
medium_complexity,2.0,0.08,0.03,0.1111111111111111,0.39409022556390977,0.6781804511278196,False
medium_complexity,2.0,0.08,0.03,0.1111111111111111,0.39659398496240605,0.6831879699248121,False
medium_complexity,2.0,0.08,0.03,0.1111111111111111,0.3990977443609023,0.6881954887218046,False
medium_complexity,2.0,0.08,0.03,0.1111111111111111,0.4016015037593985,0.693203007518797,False
medium_complexity,2.0,0.08,0.03,0.1111111111111111,0.40410526315789475,0.6982105263157895,False
medium_complexity,2.0,0.08,0.03,0.1111111111111111,0.406609022556391,0.703218045112782,False
medium_complexity,2.0,0.08,0.03,0.1111111111111111,0.40911278195488726,0.7082255639097745,False
medium_complexity,2.0,0.08,0.03,0.1111111111111111,0.4116165413533835,0.713233082706767,False
medium_complexity,2.0,0.08,0.03,0.1111111111111111,0.4141203007518797,0.7182406015037595,False
medium_complexity,2.0,0.08,0.03,0.1111111111111111,0.41662406015037595,0.7232481203007519,False
medium_complexity,2.0,0.08,0.03,0.1111111111111111,0.4191278195488722,0.7282556390977444,False
medium_complexity,2.0,0.08,0.03,0.1111111111111111,0.42163157894736847,0.733263157894737,False
medium_complexity,2.0,0.08,0.03,0.1111111111111111,0.4241353383458647,0.7382706766917294,False
medium_complexity,2.0,0.08,0.03,0.1111111111111111,0.42663909774436093,0.7432781954887219,False
medium_complexity,2.0,0.08,0.03,0.1111111111111111,0.42914285714285716,0.7482857142857143,False
medium_complexity,2.0,0.08,0.03,0.1111111111111111,0.4316466165413534,0.7532932330827068,False
medium_complexity,2.0,0.08,0.03,0.1111111111111111,0.4341503759398496,0.7583007518796993,False
medium_complexity,2.0,0.08,0.03,0.1111111111111111,0.4366541353383459,0.7633082706766918,False
medium_complexity,2.0,0.08,0.03,0.1111111111111111,0.43915789473684214,0.7683157894736843,False
medium_complexity,2.0,0.08,0.03,0.1111111111111111,0.44166165413533837,0.7733233082706767,False
medium_complexity,2.0,0.08,0.03,0.1111111111111111,0.4441654135338346,0.7783308270676692,False
medium_complexity,2.0,0.08,0.03,0.1111111111111111,0.4466691729323308,0.7833383458646617,False
medium_complexity,2.0,0.08,0.03,0.1111111111111111,0.4491729323308271,0.7883458646616542,False
medium_complexity,2.0,0.08,0.03,0.1111111111111111,0.45167669172932334,0.7933533834586467,False
medium_complexity,2.0,0.08,0.03,0.1111111111111111,0.4541804511278196,0.7983609022556392,False
medium_complexity,2.0,0.08,0.03,0.1111111111111111,0.4566842105263158,0.8033684210526316,False
medium_complexity,2.0,0.08,0.03,0.1111111111111111,0.45918796992481203,0.8083759398496241,False
medium_complexity,2.0,0.08,0.03,0.1111111111111111,0.46169172932330826,0.8133834586466165,False
medium_complexity,2.0,0.08,0.03,0.1111111111111111,0.46419548872180455,0.8183909774436091,False
medium_complexity,2.0,0.08,0.03,0.1111111111111111,0.4666992481203008,0.8233984962406016,False
medium_complexity,2.0,0.08,0.03,0.1111111111111111,0.469203007518797,0.828406015037594,False
medium_complexity,2.0,0.08,0.03,0.1111111111111111,0.47170676691729324,0.8334135338345865,False
medium_complexity,2.0,0.08,0.03,0.1111111111111111,0.47421052631578947,0.838421052631579,False
medium_complexity,2.0,0.08,0.03,0.1111111111111111,0.47671428571428576,0.8434285714285715,False
medium_complexity,2.0,0.08,0.03,0.1111111111111111,0.479218045112782,0.848436090225564,False
medium_complexity,2.0,0.08,0.03,0.1111111111111111,0.4817218045112782,0.8534436090225564,False
medium_complexity,2.0,0.08,0.03,0.1111111111111111,0.48422556390977445,0.8584511278195489,False
medium_complexity,2.0,0.08,0.03,0.1111111111111111,0.4867293233082707,0.8634586466165414,False
medium_complexity,2.0,0.08,0.03,0.1111111111111111,0.48923308270676696,0.8684661654135339,False
medium_complexity,2.0,0.08,0.03,0.1111111111111111,0.4917368421052632,0.8734736842105264,False
medium_complexity,2.0,0.08,0.03,0.1111111111111111,0.4942406015037594,0.8784812030075189,False
medium_complexity,2.0,0.08,0.03,0.1111111111111111,0.49674436090225565,0.8834887218045113,False
medium_complexity,2.0,0.08,0.03,0.1111111111111111,0.4992481203007519,0.8884962406015038,False
medium_complexity,2.0,0.08,0.03,0.1111111111111111,0.5017518796992482,0.8935037593984964,False
medium_complexity,2.0,0.08,0.03,0.1111111111111111,0.5042556390977444,0.8985112781954888,False
medium_complexity,2.0,0.08,0.03,0.1111111111111111,0.5067593984962406,0.9035187969924813,False
medium_complexity,2.0,0.08,0.03,0.1111111111111111,0.5092631578947369,0.9085263157894737,False
medium_complexity,2.0,0.08,0.03,0.1111111111111111,0.5117669172932331,0.9135338345864662,False
medium_complexity,2.0,0.08,0.03,0.1111111111111111,0.5142706766917293,0.9185413533834587,False
medium_complexity,2.0,0.08,0.03,0.1111111111111111,0.5167744360902256,0.9235488721804511,False
medium_complexity,2.0,0.08,0.03,0.1111111111111111,0.5192781954887218,0.9285563909774436,False
medium_complexity,2.0,0.08,0.03,0.1111111111111111,0.5217819548872181,0.9335639097744363,False
medium_complexity,2.0,0.08,0.03,0.1111111111111111,0.5242857142857144,0.9385714285714287,False
medium_complexity,2.0,0.08,0.03,0.1111111111111111,0.5267894736842106,0.9435789473684212,False
medium_complexity,2.0,0.08,0.03,0.1111111111111111,0.5292932330827068,0.9485864661654136,False
medium_complexity,2.0,0.08,0.03,0.1111111111111111,0.531796992481203,0.9535939849624061,False
medium_complexity,2.0,0.08,0.03,0.1111111111111111,0.5343007518796993,0.9586015037593986,False
medium_complexity,2.0,0.08,0.03,0.1111111111111111,0.5368045112781955,0.963609022556391,False
medium_complexity,2.0,0.08,0.03,0.1111111111111111,0.5393082706766917,0.9686165413533835,False
medium_complexity,2.0,0.08,0.03,0.1111111111111111,0.541812030075188,0.9736240601503758,False
medium_complexity,2.0,0.08,0.03,0.1111111111111111,0.5443157894736842,0.9786315789473683,False
medium_complexity,2.0,0.08,0.03,0.1111111111111111,0.5468195488721804,0.9836390977443608,False
medium_complexity,2.0,0.08,0.03,0.1111111111111111,0.5493233082706768,0.9886466165413534,False
medium_complexity,2.0,0.08,0.03,0.1111111111111111,0.551827067669173,0.9936541353383459,False
medium_complexity,2.0,0.08,0.03,0.1111111111111111,0.5543308270676692,0.9986616541353384,False
medium_complexity,2.0,0.08,0.03,0.1111111111111111,0.5568345864661655,1.0036691729323308,False
medium_complexity,2.0,0.08,0.03,0.1111111111111111,0.5593383458646617,1.0086766917293233,False
medium_complexity,2.0,0.08,0.03,0.1111111111111111,0.5618421052631579,1.0136842105263157,False
medium_complexity,2.0,0.08,0.03,0.1111111111111111,0.5643458646616542,1.0186917293233082,False
medium_complexity,2.0,0.08,0.03,0.1111111111111111,0.5668496240601504,1.0236992481203007,False
medium_complexity,2.0,0.08,0.03,0.1111111111111111,0.5693533834586466,1.0287067669172931,False
medium_complexity,2.0,0.08,0.03,0.1111111111111111,0.5718571428571428,1.0337142857142856,False
medium_complexity,2.0,0.08,0.03,0.1111111111111111,0.5743609022556391,1.038721804511278,False
medium_complexity,2.0,0.08,0.03,0.1111111111111111,0.5768646616541354,1.0437293233082707,False
medium_complexity,2.0,0.08,0.03,0.1111111111111111,0.5793684210526316,1.0487368421052632,False
medium_complexity,2.0,0.08,0.03,0.1111111111111111,0.5818721804511279,1.0537443609022557,False
medium_complexity,2.0,0.08,0.03,0.1111111111111111,0.5843759398496241,1.058751879699248,False
medium_complexity,2.0,0.08,0.03,0.1111111111111111,0.5868796992481203,1.0637593984962406,False
medium_complexity,2.0,0.08,0.03,0.1111111111111111,0.5893834586466166,1.068766917293233,False
medium_complexity,2.0,0.08,0.03,0.1111111111111111,0.5918872180451128,1.0737744360902255,False
medium_complexity,2.0,0.08,0.03,0.1111111111111111,0.594390977443609,1.078781954887218,False
medium_complexity,2.0,0.08,0.03,0.1111111111111111,0.5968947368421053,1.0837894736842104,False
medium_complexity,2.0,0.08,0.03,0.1111111111111111,0.5993984962406015,1.0887969924812029,False
medium_complexity,2.0,0.08,0.03,0.1111111111111111,0.6019022556390977,1.0938045112781953,False
medium_complexity,2.0,0.08,0.03,0.1111111111111111,0.6044060150375941,1.098812030075188,False
medium_complexity,2.0,0.08,0.03,0.1111111111111111,0.6069097744360903,1.1038195488721805,False
medium_complexity,2.0,0.08,0.03,0.1111111111111111,0.6094135338345865,1.108827067669173,False
medium_complexity,2.0,0.08,0.03,0.1111111111111111,0.6119172932330827,1.1138345864661654,False
medium_complexity,2.0,0.08,0.03,0.1111111111111111,0.614421052631579,1.1188421052631579,False
medium_complexity,2.0,0.08,0.03,0.1111111111111111,0.6169248120300752,1.1238496240601503,False
medium_complexity,2.0,0.08,0.03,0.1111111111111111,0.6194285714285714,1.1288571428571428,False
medium_complexity,2.0,0.08,0.03,0.1111111111111111,0.6219323308270677,1.1338646616541352,False
medium_complexity,2.0,0.08,0.03,0.1111111111111111,0.6244360902255639,1.1388721804511277,False
medium_complexity,2.0,0.08,0.03,0.1111111111111111,0.6269398496240601,1.1438796992481202,False
medium_complexity,2.0,0.08,0.03,0.1111111111111111,0.6294436090225565,1.1488872180451128,False
medium_complexity,2.0,0.08,0.03,0.1111111111111111,0.6319473684210527,1.1538947368421053,False
medium_complexity,2.0,0.08,0.03,0.1111111111111111,0.6344511278195489,1.1589022556390978,False
medium_complexity,2.0,0.08,0.03,0.1111111111111111,0.6369548872180452,1.1639097744360902,False
medium_complexity,2.0,0.08,0.03,0.1111111111111111,0.6394586466165414,1.1689172932330827,False
medium_complexity,2.0,0.08,0.03,0.1111111111111111,0.6419624060150376,1.1739248120300751,False
medium_complexity,2.0,0.08,0.03,0.1111111111111111,0.6444661654135339,1.1789323308270676,False
medium_complexity,2.0,0.08,0.03,0.1111111111111111,0.6469699248120301,1.18393984962406,False
medium_complexity,2.0,0.08,0.03,0.1111111111111111,0.6494736842105263,1.1889473684210525,False
medium_complexity,2.0,0.08,0.03,0.1111111111111111,0.6519774436090225,1.193954887218045,False
medium_complexity,2.0,0.08,0.03,0.1111111111111111,0.6544812030075188,1.1989624060150375,False
medium_complexity,2.0,0.08,0.03,0.1111111111111111,0.6569849624060151,1.2039699248120301,False
medium_complexity,2.0,0.08,0.03,0.1111111111111111,0.6594887218045113,1.2089774436090226,False
medium_complexity,2.0,0.08,0.03,0.1111111111111111,0.6619924812030076,1.213984962406015,False
medium_complexity,2.0,0.08,0.03,0.1111111111111111,0.6644962406015038,1.2189924812030075,False
medium_complexity,2.0,0.08,0.03,0.1111111111111111,0.667,1.224,False
medium_complexity,2.0,0.08,0.03,0.1111111111111111,0.6695037593984963,1.2290075187969924,False
medium_complexity,2.0,0.08,0.03,0.1111111111111111,0.6720075187969925,1.234015037593985,False
medium_complexity,2.0,0.08,0.03,0.1111111111111111,0.6745112781954887,1.2390225563909774,False
medium_complexity,2.0,0.08,0.03,0.1111111111111111,0.677015037593985,1.2440300751879698,False
medium_complexity,2.0,0.08,0.03,0.1111111111111111,0.6795187969924812,1.2490375939849623,False
medium_complexity,2.0,0.08,0.03,0.1111111111111111,0.6820225563909775,1.254045112781955,False
medium_complexity,2.0,0.08,0.03,0.1111111111111111,0.6845263157894738,1.2590526315789474,False
medium_complexity,2.0,0.08,0.03,0.1111111111111111,0.68703007518797,1.2640601503759399,False
medium_complexity,2.0,0.08,0.03,0.1111111111111111,0.6895338345864662,1.2690676691729323,False
medium_complexity,2.0,0.08,0.03,0.1111111111111111,0.6920375939849625,1.2740751879699248,False
medium_complexity,2.0,0.08,0.03,0.1111111111111111,0.6945413533834587,1.2790827067669173,False
medium_complexity,2.0,0.08,0.03,0.1111111111111111,0.6970451127819549,1.2840902255639097,False
medium_complexity,2.0,0.08,0.03,0.1111111111111111,0.6995488721804511,1.2890977443609022,False
medium_complexity,2.0,0.08,0.03,0.1111111111111111,0.7020526315789474,1.2941052631578946,False
medium_complexity,2.0,0.08,0.03,0.1111111111111111,0.7045563909774436,1.299112781954887,False
medium_complexity,2.0,0.08,0.03,0.1111111111111111,0.7070601503759398,1.3041203007518796,False
medium_complexity,2.0,0.08,0.03,0.1111111111111111,0.7095639097744362,1.3091278195488723,False
medium_complexity,2.0,0.08,0.03,0.1111111111111111,0.7120676691729324,1.3141353383458647,False
medium_complexity,2.0,0.08,0.03,0.1111111111111111,0.7145714285714286,1.3191428571428572,False
medium_complexity,2.0,0.08,0.03,0.1111111111111111,0.7170751879699249,1.3241503759398496,False
medium_complexity,2.0,0.08,0.03,0.1111111111111111,0.7195789473684211,1.329157894736842,False
medium_complexity,2.0,0.08,0.03,0.1111111111111111,0.7220827067669173,1.3341654135338346,False
medium_complexity,2.0,0.08,0.03,0.1111111111111111,0.7245864661654136,1.339172932330827,False
medium_complexity,2.0,0.08,0.03,0.1111111111111111,0.7270902255639098,1.3441804511278195,False
medium_complexity,2.0,0.08,0.03,0.1111111111111111,0.729593984962406,1.349187969924812,False
medium_complexity,2.0,0.08,0.03,0.1111111111111111,0.7320977443609022,1.3541954887218044,False
medium_complexity,2.0,0.08,0.03,0.1111111111111111,0.7346015037593985,1.3592030075187969,False
medium_complexity,2.0,0.08,0.03,0.1111111111111111,0.7371052631578948,1.3642105263157895,False
medium_complexity,2.0,0.08,0.03,0.1111111111111111,0.739609022556391,1.369218045112782,False
medium_complexity,2.0,0.08,0.03,0.1111111111111111,0.7421127819548873,1.3742255639097745,False
medium_complexity,2.0,0.08,0.03,0.1111111111111111,0.7446165413533835,1.379233082706767,False
medium_complexity,2.0,0.08,0.03,0.1111111111111111,0.7471203007518797,1.3842406015037594,False
medium_complexity,2.0,0.08,0.03,0.1111111111111111,0.749624060150376,1.3892481203007518,False
medium_complexity,2.0,0.08,0.03,0.1111111111111111,0.7521278195488722,1.3942556390977443,False
medium_complexity,2.0,0.08,0.03,0.1111111111111111,0.7546315789473684,1.3992631578947368,False
medium_complexity,2.0,0.08,0.03,0.1111111111111111,0.7571353383458647,1.4042706766917292,False
medium_complexity,2.0,0.08,0.03,0.1111111111111111,0.7596390977443609,1.4092781954887217,False
medium_complexity,2.0,0.08,0.03,0.1111111111111111,0.7621428571428571,1.4142857142857141,False
medium_complexity,2.0,0.08,0.03,0.1111111111111111,0.7646466165413535,1.4192932330827068,False
medium_complexity,2.0,0.08,0.03,0.1111111111111111,0.7671503759398497,1.4243007518796993,False
medium_complexity,2.0,0.08,0.03,0.1111111111111111,0.7696541353383459,1.4293082706766918,False
medium_complexity,2.0,0.08,0.03,0.1111111111111111,0.7721578947368422,1.4343157894736842,False
medium_complexity,2.0,0.08,0.03,0.1111111111111111,0.7746616541353384,1.4393233082706767,False
medium_complexity,2.0,0.08,0.03,0.1111111111111111,0.7771654135338346,1.4443308270676691,False
medium_complexity,2.0,0.08,0.03,0.1111111111111111,0.7796691729323308,1.4493383458646616,False
medium_complexity,2.0,0.08,0.03,0.1111111111111111,0.7821729323308271,1.454345864661654,False
medium_complexity,2.0,0.08,0.03,0.1111111111111111,0.7846766917293233,1.4593533834586465,False
medium_complexity,2.0,0.08,0.03,0.1111111111111111,0.7871804511278195,1.464360902255639,False
medium_complexity,2.0,0.08,0.03,0.1111111111111111,0.7896842105263159,1.4693684210526317,False
medium_complexity,2.0,0.08,0.03,0.1111111111111111,0.7921879699248121,1.4743759398496241,False
medium_complexity,2.0,0.08,0.03,0.1111111111111111,0.7946917293233083,1.4793834586466166,False
medium_complexity,2.0,0.08,0.03,0.1111111111111111,0.7971954887218046,1.484390977443609,False
medium_complexity,2.0,0.08,0.03,0.1111111111111111,0.7996992481203008,1.4893984962406015,False
medium_complexity,2.0,0.08,0.03,0.1111111111111111,0.802203007518797,1.494406015037594,False
medium_complexity,2.0,0.08,0.03,0.1111111111111111,0.8047067669172933,1.4994135338345864,False
medium_complexity,2.0,0.08,0.03,0.1111111111111111,0.8072105263157895,1.5044210526315789,False
medium_complexity,2.0,0.08,0.03,0.1111111111111111,0.8097142857142857,1.5094285714285713,False
medium_complexity,2.0,0.08,0.03,0.1111111111111111,0.812218045112782,1.5144360902255638,False
medium_complexity,2.0,0.08,0.03,0.1111111111111111,0.8147218045112782,1.5194436090225563,False
medium_complexity,2.0,0.08,0.03,0.1111111111111111,0.8172255639097745,1.524451127819549,False
medium_complexity,2.0,0.08,0.03,0.1111111111111111,0.8197293233082708,1.5294586466165414,False
medium_complexity,2.0,0.08,0.03,0.1111111111111111,0.822233082706767,1.5344661654135339,False
medium_complexity,2.0,0.08,0.03,0.1111111111111111,0.8247368421052632,1.5394736842105263,False
medium_complexity,2.0,0.08,0.03,0.1111111111111111,0.8272406015037594,1.5444812030075188,False
medium_complexity,2.0,0.08,0.03,0.1111111111111111,0.8297443609022557,1.5494887218045112,False
medium_complexity,2.0,0.08,0.03,0.1111111111111111,0.8322481203007519,1.5544962406015037,False
medium_complexity,2.0,0.08,0.03,0.1111111111111111,0.8347518796992481,1.5595037593984962,False
medium_complexity,2.0,0.08,0.03,0.1111111111111111,0.8372556390977444,1.5645112781954886,False
medium_complexity,2.0,0.08,0.03,0.1111111111111111,0.8397593984962406,1.569518796992481,False
medium_complexity,2.0,0.08,0.03,0.1111111111111111,0.8422631578947369,1.5745263157894738,False
medium_complexity,2.0,0.08,0.03,0.1111111111111111,0.8447669172932332,1.5795338345864662,False
medium_complexity,2.0,0.08,0.03,0.1111111111111111,0.8472706766917294,1.5845413533834587,False
medium_complexity,2.0,0.08,0.03,0.1111111111111111,0.8497744360902256,1.5895488721804512,False
medium_complexity,2.0,0.08,0.03,0.1111111111111111,0.8522781954887219,1.5945563909774436,False
medium_complexity,2.0,0.08,0.03,0.1111111111111111,0.8547819548872181,1.599563909774436,False
medium_complexity,2.0,0.08,0.03,0.1111111111111111,0.8572857142857143,1.6045714285714285,False
medium_complexity,2.0,0.08,0.03,0.1111111111111111,0.8597894736842105,1.609578947368421,False
medium_complexity,2.0,0.08,0.03,0.1111111111111111,0.8622932330827068,1.6145864661654135,False
medium_complexity,2.0,0.08,0.03,0.1111111111111111,0.864796992481203,1.619593984962406,False
medium_complexity,2.0,0.08,0.03,0.1111111111111111,0.8673007518796992,1.6246015037593984,False
medium_complexity,2.0,0.08,0.03,0.1111111111111111,0.8698045112781956,1.629609022556391,False
medium_complexity,2.0,0.08,0.03,0.1111111111111111,0.8723082706766918,1.6346165413533835,False
medium_complexity,2.0,0.08,0.03,0.1111111111111111,0.874812030075188,1.639624060150376,False
medium_complexity,2.0,0.08,0.03,0.1111111111111111,0.8773157894736843,1.6446315789473684,False
medium_complexity,2.0,0.08,0.03,0.1111111111111111,0.8798195488721805,1.649639097744361,False
medium_complexity,2.0,0.08,0.03,0.1111111111111111,0.8823233082706767,1.6546466165413534,False
medium_complexity,2.0,0.08,0.03,0.1111111111111111,0.884827067669173,1.6596541353383458,False
medium_complexity,2.0,0.08,0.03,0.1111111111111111,0.8873308270676692,1.6646616541353383,False
medium_complexity,2.0,0.08,0.03,0.1111111111111111,0.8898345864661654,1.6696691729323307,False
medium_complexity,2.0,0.08,0.03,0.1111111111111111,0.8923383458646617,1.6746766917293232,False
medium_complexity,2.0,0.08,0.03,0.1111111111111111,0.8948421052631579,1.6796842105263157,False
medium_complexity,2.0,0.08,0.03,0.1111111111111111,0.8973458646616542,1.6846917293233084,False
medium_complexity,2.0,0.08,0.03,0.1111111111111111,0.8998496240601505,1.6896992481203008,False
medium_complexity,2.0,0.08,0.03,0.1111111111111111,0.9023533834586467,1.6947067669172933,False
medium_complexity,2.0,0.08,0.03,0.1111111111111111,0.9048571428571429,1.6997142857142857,False
medium_complexity,2.0,0.08,0.03,0.1111111111111111,0.9073609022556391,1.7047218045112782,False
medium_complexity,2.0,0.08,0.03,0.1111111111111111,0.9098646616541354,1.7097293233082707,False
medium_complexity,2.0,0.08,0.03,0.1111111111111111,0.9123684210526316,1.7147368421052631,False
medium_complexity,2.0,0.08,0.03,0.1111111111111111,0.9148721804511278,1.7197443609022556,False
medium_complexity,2.0,0.08,0.03,0.1111111111111111,0.9173759398496241,1.724751879699248,False
medium_complexity,2.0,0.08,0.03,0.1111111111111111,0.9198796992481203,1.7297593984962405,False
medium_complexity,2.0,0.08,0.03,0.1111111111111111,0.9223834586466165,1.734766917293233,False
medium_complexity,2.0,0.08,0.03,0.1111111111111111,0.9248872180451129,1.7397744360902256,False
medium_complexity,2.0,0.08,0.03,0.1111111111111111,0.9273909774436091,1.744781954887218,False
medium_complexity,2.0,0.08,0.03,0.1111111111111111,0.9298947368421053,1.7497894736842106,False
medium_complexity,2.0,0.08,0.03,0.1111111111111111,0.9323984962406016,1.754796992481203,False
medium_complexity,2.0,0.08,0.03,0.1111111111111111,0.9349022556390978,1.7598045112781955,False
medium_complexity,2.0,0.08,0.03,0.1111111111111111,0.937406015037594,1.764812030075188,False
medium_complexity,2.0,0.08,0.03,0.1111111111111111,0.9399097744360903,1.7698195488721804,False
medium_complexity,2.0,0.08,0.03,0.1111111111111111,0.9424135338345865,1.7748270676691729,False
medium_complexity,2.0,0.08,0.03,0.1111111111111111,0.9449172932330827,1.7798345864661653,False
medium_complexity,2.0,0.08,0.03,0.1111111111111111,0.9474210526315789,1.7848421052631578,False
medium_complexity,2.0,0.08,0.03,0.1111111111111111,0.9499248120300753,1.7898496240601505,False
medium_complexity,2.0,0.08,0.03,0.1111111111111111,0.9524285714285715,1.794857142857143,False
medium_complexity,2.0,0.08,0.03,0.1111111111111111,0.9549323308270677,1.7998646616541354,False
medium_complexity,2.0,0.08,0.03,0.1111111111111111,0.957436090225564,1.8048721804511278,False
medium_complexity,2.0,0.08,0.03,0.1111111111111111,0.9599398496240602,1.8098796992481203,False
medium_complexity,2.0,0.08,0.03,0.1111111111111111,0.9624436090225564,1.8148872180451128,False
medium_complexity,2.0,0.08,0.03,0.1111111111111111,0.9649473684210527,1.8198947368421052,False
medium_complexity,2.0,0.08,0.03,0.1111111111111111,0.9674511278195489,1.8249022556390977,False
medium_complexity,2.0,0.08,0.03,0.1111111111111111,0.9699548872180451,1.8299097744360902,False
medium_complexity,2.0,0.08,0.03,0.1111111111111111,0.9724586466165414,1.8349172932330826,False
medium_complexity,2.0,0.08,0.03,0.1111111111111111,0.9749624060150376,1.839924812030075,False
medium_complexity,2.0,0.08,0.03,0.1111111111111111,0.9774661654135339,1.8449323308270678,False
medium_complexity,2.0,0.08,0.03,0.1111111111111111,0.9799699248120302,1.8499398496240602,False
medium_complexity,2.0,0.08,0.03,0.1111111111111111,0.9824736842105264,1.8549473684210527,False
medium_complexity,2.0,0.08,0.03,0.1111111111111111,0.9849774436090226,1.8599548872180451,False
medium_complexity,2.0,0.08,0.03,0.1111111111111111,0.9874812030075188,1.8649624060150376,False
medium_complexity,2.0,0.08,0.03,0.1111111111111111,0.9899849624060151,1.86996992481203,False
medium_complexity,2.0,0.08,0.03,0.1111111111111111,0.9924887218045113,1.8749774436090225,False
medium_complexity,2.0,0.08,0.03,0.1111111111111111,0.9949924812030075,1.879984962406015,False
medium_complexity,2.0,0.08,0.03,0.1111111111111111,0.9974962406015038,1.8849924812030074,False
medium_complexity,2.0,0.08,0.03,0.1111111111111111,1.0,1.89,False
hard_supnorm,1.0,0.25,0.02,0.1111111111111111,0.001,-0.269,True
hard_supnorm,1.0,0.25,0.02,0.1111111111111111,0.0035037593984962407,-0.2664962406015038,True
hard_supnorm,1.0,0.25,0.02,0.1111111111111111,0.0060075187969924814,-0.2639924812030075,True
hard_supnorm,1.0,0.25,0.02,0.1111111111111111,0.008511278195488723,-0.26148872180451127,True
hard_supnorm,1.0,0.25,0.02,0.1111111111111111,0.011015037593984964,-0.25898496240601504,True
hard_supnorm,1.0,0.25,0.02,0.1111111111111111,0.013518796992481204,-0.2564812030075188,True
hard_supnorm,1.0,0.25,0.02,0.1111111111111111,0.016022556390977445,-0.2539774436090226,True
hard_supnorm,1.0,0.25,0.02,0.1111111111111111,0.018526315789473686,-0.2514736842105263,True
hard_supnorm,1.0,0.25,0.02,0.1111111111111111,0.021030075187969927,-0.24896992481203006,True
hard_supnorm,1.0,0.25,0.02,0.1111111111111111,0.023533834586466167,-0.24646616541353383,True
hard_supnorm,1.0,0.25,0.02,0.1111111111111111,0.026037593984962408,-0.24396240601503758,True
hard_supnorm,1.0,0.25,0.02,0.1111111111111111,0.02854135338345865,-0.24145864661654134,True
hard_supnorm,1.0,0.25,0.02,0.1111111111111111,0.03104511278195489,-0.23895488721804511,True
hard_supnorm,1.0,0.25,0.02,0.1111111111111111,0.033548872180451134,-0.23645112781954886,True
hard_supnorm,1.0,0.25,0.02,0.1111111111111111,0.03605263157894737,-0.23394736842105263,True
hard_supnorm,1.0,0.25,0.02,0.1111111111111111,0.03855639097744361,-0.23144360902255637,True
hard_supnorm,1.0,0.25,0.02,0.1111111111111111,0.04106015037593985,-0.22893984962406014,True
hard_supnorm,1.0,0.25,0.02,0.1111111111111111,0.043563909774436096,-0.2264360902255639,True
hard_supnorm,1.0,0.25,0.02,0.1111111111111111,0.046067669172932334,-0.22393233082706765,True
hard_supnorm,1.0,0.25,0.02,0.1111111111111111,0.04857142857142857,-0.22142857142857142,True
hard_supnorm,1.0,0.25,0.02,0.1111111111111111,0.051075187969924815,-0.21892481203007516,True
hard_supnorm,1.0,0.25,0.02,0.1111111111111111,0.05357894736842106,-0.21642105263157893,True
hard_supnorm,1.0,0.25,0.02,0.1111111111111111,0.0560827067669173,-0.2139172932330827,True
hard_supnorm,1.0,0.25,0.02,0.1111111111111111,0.058586466165413534,-0.21141353383458647,True
hard_supnorm,1.0,0.25,0.02,0.1111111111111111,0.06109022556390978,-0.2089097744360902,True
hard_supnorm,1.0,0.25,0.02,0.1111111111111111,0.06359398496240602,-0.20640601503759395,True
hard_supnorm,1.0,0.25,0.02,0.1111111111111111,0.06609774436090227,-0.20390225563909772,True
hard_supnorm,1.0,0.25,0.02,0.1111111111111111,0.0686015037593985,-0.2013984962406015,True
hard_supnorm,1.0,0.25,0.02,0.1111111111111111,0.07110526315789474,-0.19889473684210526,True
hard_supnorm,1.0,0.25,0.02,0.1111111111111111,0.07360902255639099,-0.196390977443609,True
hard_supnorm,1.0,0.25,0.02,0.1111111111111111,0.07611278195488722,-0.19388721804511277,True
hard_supnorm,1.0,0.25,0.02,0.1111111111111111,0.07861654135338346,-0.19138345864661652,True
hard_supnorm,1.0,0.25,0.02,0.1111111111111111,0.0811203007518797,-0.1888796992481203,True
hard_supnorm,1.0,0.25,0.02,0.1111111111111111,0.08362406015037595,-0.18637593984962406,True
hard_supnorm,1.0,0.25,0.02,0.1111111111111111,0.08612781954887219,-0.1838721804511278,True
hard_supnorm,1.0,0.25,0.02,0.1111111111111111,0.08863157894736842,-0.18136842105263157,True
hard_supnorm,1.0,0.25,0.02,0.1111111111111111,0.09113533834586467,-0.1788646616541353,True
hard_supnorm,1.0,0.25,0.02,0.1111111111111111,0.09363909774436091,-0.17636090225563908,True
hard_supnorm,1.0,0.25,0.02,0.1111111111111111,0.09614285714285714,-0.17385714285714285,True
hard_supnorm,1.0,0.25,0.02,0.1111111111111111,0.09864661654135339,-0.17135338345864662,True
hard_supnorm,1.0,0.25,0.02,0.1111111111111111,0.10115037593984963,-0.16884962406015036,True
hard_supnorm,1.0,0.25,0.02,0.1111111111111111,0.10365413533834587,-0.1663458646616541,True
hard_supnorm,1.0,0.25,0.02,0.1111111111111111,0.10615789473684212,-0.16384210526315787,True
hard_supnorm,1.0,0.25,0.02,0.1111111111111111,0.10866165413533835,-0.16133834586466164,True
hard_supnorm,1.0,0.25,0.02,0.1111111111111111,0.11116541353383459,-0.1588345864661654,False
hard_supnorm,1.0,0.25,0.02,0.1111111111111111,0.11366917293233084,-0.15633082706766915,False
hard_supnorm,1.0,0.25,0.02,0.1111111111111111,0.11617293233082707,-0.15382706766917292,False
hard_supnorm,1.0,0.25,0.02,0.1111111111111111,0.11867669172932331,-0.15132330827067667,False
hard_supnorm,1.0,0.25,0.02,0.1111111111111111,0.12118045112781956,-0.14881954887218043,False
hard_supnorm,1.0,0.25,0.02,0.1111111111111111,0.1236842105263158,-0.1463157894736842,False
hard_supnorm,1.0,0.25,0.02,0.1111111111111111,0.12618796992481204,-0.14381203007518795,False
hard_supnorm,1.0,0.25,0.02,0.1111111111111111,0.12869172932330827,-0.14130827067669172,False
hard_supnorm,1.0,0.25,0.02,0.1111111111111111,0.13119548872180453,-0.13880451127819546,False
hard_supnorm,1.0,0.25,0.02,0.1111111111111111,0.13369924812030076,-0.13630075187969923,False
hard_supnorm,1.0,0.25,0.02,0.1111111111111111,0.136203007518797,-0.133796992481203,False
hard_supnorm,1.0,0.25,0.02,0.1111111111111111,0.13870676691729325,-0.13129323308270674,False
hard_supnorm,1.0,0.25,0.02,0.1111111111111111,0.14121052631578948,-0.1287894736842105,False
hard_supnorm,1.0,0.25,0.02,0.1111111111111111,0.1437142857142857,-0.12628571428571428,False
hard_supnorm,1.0,0.25,0.02,0.1111111111111111,0.14621804511278197,-0.12378195488721803,False
hard_supnorm,1.0,0.25,0.02,0.1111111111111111,0.1487218045112782,-0.1212781954887218,False
hard_supnorm,1.0,0.25,0.02,0.1111111111111111,0.15122556390977443,-0.11877443609022557,False
hard_supnorm,1.0,0.25,0.02,0.1111111111111111,0.1537293233082707,-0.11627067669172932,False
hard_supnorm,1.0,0.25,0.02,0.1111111111111111,0.15623308270676692,-0.11376691729323309,False
hard_supnorm,1.0,0.25,0.02,0.1111111111111111,0.15873684210526318,-0.11126315789473683,False
hard_supnorm,1.0,0.25,0.02,0.1111111111111111,0.1612406015037594,-0.1087593984962406,False
hard_supnorm,1.0,0.25,0.02,0.1111111111111111,0.16374436090225564,-0.10625563909774437,False
hard_supnorm,1.0,0.25,0.02,0.1111111111111111,0.1662481203007519,-0.10375187969924811,False
hard_supnorm,1.0,0.25,0.02,0.1111111111111111,0.16875187969924813,-0.10124812030075188,False
hard_supnorm,1.0,0.25,0.02,0.1111111111111111,0.17125563909774438,-0.09874436090225562,False
hard_supnorm,1.0,0.25,0.02,0.1111111111111111,0.1737593984962406,-0.09624060150375939,False
hard_supnorm,1.0,0.25,0.02,0.1111111111111111,0.17626315789473684,-0.09373684210526316,False
hard_supnorm,1.0,0.25,0.02,0.1111111111111111,0.1787669172932331,-0.0912330827067669,False
hard_supnorm,1.0,0.25,0.02,0.1111111111111111,0.18127067669172933,-0.08872932330827067,False
hard_supnorm,1.0,0.25,0.02,0.1111111111111111,0.18377443609022556,-0.08622556390977444,False
hard_supnorm,1.0,0.25,0.02,0.1111111111111111,0.18627819548872182,-0.08372180451127818,False
hard_supnorm,1.0,0.25,0.02,0.1111111111111111,0.18878195488721805,-0.08121804511278195,False
hard_supnorm,1.0,0.25,0.02,0.1111111111111111,0.19128571428571428,-0.07871428571428572,False
hard_supnorm,1.0,0.25,0.02,0.1111111111111111,0.19378947368421054,-0.07621052631578946,False
hard_supnorm,1.0,0.25,0.02,0.1111111111111111,0.19629323308270677,-0.07370676691729323,False
hard_supnorm,1.0,0.25,0.02,0.1111111111111111,0.19879699248120303,-0.07120300751879698,False
hard_supnorm,1.0,0.25,0.02,0.1111111111111111,0.20130075187969926,-0.06869924812030075,False
hard_supnorm,1.0,0.25,0.02,0.1111111111111111,0.2038045112781955,-0.06619548872180452,False
hard_supnorm,1.0,0.25,0.02,0.1111111111111111,0.20630827067669175,-0.06369172932330826,False
hard_supnorm,1.0,0.25,0.02,0.1111111111111111,0.20881203007518798,-0.06118796992481203,False
hard_supnorm,1.0,0.25,0.02,0.1111111111111111,0.21131578947368423,-0.05868421052631577,False
hard_supnorm,1.0,0.25,0.02,0.1111111111111111,0.21381954887218046,-0.05618045112781954,False
hard_supnorm,1.0,0.25,0.02,0.1111111111111111,0.2163233082706767,-0.05367669172932331,False
hard_supnorm,1.0,0.25,0.02,0.1111111111111111,0.21882706766917295,-0.05117293233082705,False
hard_supnorm,1.0,0.25,0.02,0.1111111111111111,0.22133082706766918,-0.04866917293233082,False
hard_supnorm,1.0,0.25,0.02,0.1111111111111111,0.2238345864661654,-0.04616541353383459,False
hard_supnorm,1.0,0.25,0.02,0.1111111111111111,0.22633834586466167,-0.04366165413533833,False
hard_supnorm,1.0,0.25,0.02,0.1111111111111111,0.2288421052631579,-0.0411578947368421,False
hard_supnorm,1.0,0.25,0.02,0.1111111111111111,0.23134586466165413,-0.03865413533834587,False
hard_supnorm,1.0,0.25,0.02,0.1111111111111111,0.2338496240601504,-0.03615037593984961,False
hard_supnorm,1.0,0.25,0.02,0.1111111111111111,0.23635338345864662,-0.03364661654135338,False
hard_supnorm,1.0,0.25,0.02,0.1111111111111111,0.23885714285714288,-0.03114285714285712,False
hard_supnorm,1.0,0.25,0.02,0.1111111111111111,0.2413609022556391,-0.02863909774436089,False
hard_supnorm,1.0,0.25,0.02,0.1111111111111111,0.24386466165413534,-0.02613533834586466,False
hard_supnorm,1.0,0.25,0.02,0.1111111111111111,0.2463684210526316,-0.023631578947368403,False
hard_supnorm,1.0,0.25,0.02,0.1111111111111111,0.24887218045112783,-0.021127819548872172,False
hard_supnorm,1.0,0.25,0.02,0.1111111111111111,0.2513759398496241,-0.018624060150375914,False
hard_supnorm,1.0,0.25,0.02,0.1111111111111111,0.2538796992481203,-0.016120300751879684,False
hard_supnorm,1.0,0.25,0.02,0.1111111111111111,0.25638345864661655,-0.013616541353383454,False
hard_supnorm,1.0,0.25,0.02,0.1111111111111111,0.2588872180451128,-0.011112781954887224,False
hard_supnorm,1.0,0.25,0.02,0.1111111111111111,0.26139097744360906,-0.008609022556390938,False
hard_supnorm,1.0,0.25,0.02,0.1111111111111111,0.2638947368421053,-0.006105263157894707,False
hard_supnorm,1.0,0.25,0.02,0.1111111111111111,0.2663984962406015,-0.003601503759398477,False
hard_supnorm,1.0,0.25,0.02,0.1111111111111111,0.26890225563909775,-0.0010977443609022468,False
hard_supnorm,1.0,0.25,0.02,0.1111111111111111,0.271406015037594,0.0014060150375939835,False
hard_supnorm,1.0,0.25,0.02,0.1111111111111111,0.2739097744360902,0.003909774436090214,False
hard_supnorm,1.0,0.25,0.02,0.1111111111111111,0.2764135338345865,0.0064135338345865,False
hard_supnorm,1.0,0.25,0.02,0.1111111111111111,0.27891729323308273,0.00891729323308273,False
hard_supnorm,1.0,0.25,0.02,0.1111111111111111,0.28142105263157896,0.01142105263157896,False
hard_supnorm,1.0,0.25,0.02,0.1111111111111111,0.2839248120300752,0.01392481203007519,False
hard_supnorm,1.0,0.25,0.02,0.1111111111111111,0.2864285714285714,0.01642857142857142,False
hard_supnorm,1.0,0.25,0.02,0.1111111111111111,0.2889323308270677,0.018932330827067707,False
hard_supnorm,1.0,0.25,0.02,0.1111111111111111,0.29143609022556394,0.021436090225563937,False
hard_supnorm,1.0,0.25,0.02,0.1111111111111111,0.29393984962406017,0.023939849624060167,False
hard_supnorm,1.0,0.25,0.02,0.1111111111111111,0.2964436090225564,0.026443609022556398,False
hard_supnorm,1.0,0.25,0.02,0.1111111111111111,0.29894736842105263,0.028947368421052628,False
hard_supnorm,1.0,0.25,0.02,0.1111111111111111,0.30145112781954886,0.031451127819548855,False
hard_supnorm,1.0,0.25,0.02,0.1111111111111111,0.30395488721804514,0.03395488721804514,False
hard_supnorm,1.0,0.25,0.02,0.1111111111111111,0.3064586466165414,0.03645864661654137,False
hard_supnorm,1.0,0.25,0.02,0.1111111111111111,0.3089624060150376,0.0389624060150376,False
hard_supnorm,1.0,0.25,0.02,0.1111111111111111,0.31146616541353384,0.04146616541353383,False
hard_supnorm,1.0,0.25,0.02,0.1111111111111111,0.31396992481203007,0.04396992481203006,False
hard_supnorm,1.0,0.25,0.02,0.1111111111111111,0.31647368421052635,0.04647368421052635,False
hard_supnorm,1.0,0.25,0.02,0.1111111111111111,0.3189774436090226,0.04897744360902258,False
hard_supnorm,1.0,0.25,0.02,0.1111111111111111,0.3214812030075188,0.05148120300751881,False
hard_supnorm,1.0,0.25,0.02,0.1111111111111111,0.32398496240601504,0.05398496240601504,False
hard_supnorm,1.0,0.25,0.02,0.1111111111111111,0.3264887218045113,0.05648872180451127,False
hard_supnorm,1.0,0.25,0.02,0.1111111111111111,0.32899248120300756,0.058992481203007555,False
hard_supnorm,1.0,0.25,0.02,0.1111111111111111,0.3314962406015038,0.061496240601503785,False
hard_supnorm,1.0,0.25,0.02,0.1111111111111111,0.334,0.06400000000000002,False
hard_supnorm,1.0,0.25,0.02,0.1111111111111111,0.33650375939849625,0.06650375939849625,False
hard_supnorm,1.0,0.25,0.02,0.1111111111111111,0.3390075187969925,0.06900751879699248,False
hard_supnorm,1.0,0.25,0.02,0.1111111111111111,0.34151127819548877,0.07151127819548876,False
hard_supnorm,1.0,0.25,0.02,0.1111111111111111,0.344015037593985,0.07401503759398499,False
hard_supnorm,1.0,0.25,0.02,0.1111111111111111,0.3465187969924812,0.07651879699248122,False
hard_supnorm,1.0,0.25,0.02,0.1111111111111111,0.34902255639097746,0.07902255639097745,False
hard_supnorm,1.0,0.25,0.02,0.1111111111111111,0.3515263157894737,0.08152631578947368,False
hard_supnorm,1.0,0.25,0.02,0.1111111111111111,0.3540300751879699,0.08403007518796991,False
hard_supnorm,1.0,0.25,0.02,0.1111111111111111,0.3565338345864662,0.0865338345864662,False
hard_supnorm,1.0,0.25,0.02,0.1111111111111111,0.35903759398496243,0.08903759398496243,False
hard_supnorm,1.0,0.25,0.02,0.1111111111111111,0.36154135338345866,0.09154135338345866,False
hard_supnorm,1.0,0.25,0.02,0.1111111111111111,0.3640451127819549,0.09404511278195489,False
hard_supnorm,1.0,0.25,0.02,0.1111111111111111,0.3665488721804511,0.09654887218045112,False
hard_supnorm,1.0,0.25,0.02,0.1111111111111111,0.3690526315789474,0.0990526315789474,False
hard_supnorm,1.0,0.25,0.02,0.1111111111111111,0.37155639097744364,0.10155639097744364,False
hard_supnorm,1.0,0.25,0.02,0.1111111111111111,0.37406015037593987,0.10406015037593987,False
hard_supnorm,1.0,0.25,0.02,0.1111111111111111,0.3765639097744361,0.1065639097744361,False
hard_supnorm,1.0,0.25,0.02,0.1111111111111111,0.37906766917293233,0.10906766917293233,False
hard_supnorm,1.0,0.25,0.02,0.1111111111111111,0.38157142857142856,0.11157142857142856,False
hard_supnorm,1.0,0.25,0.02,0.1111111111111111,0.38407518796992485,0.11407518796992484,False
hard_supnorm,1.0,0.25,0.02,0.1111111111111111,0.3865789473684211,0.11657894736842107,False
hard_supnorm,1.0,0.25,0.02,0.1111111111111111,0.3890827067669173,0.1190827067669173,False
hard_supnorm,1.0,0.25,0.02,0.1111111111111111,0.39158646616541354,0.12158646616541353,False
hard_supnorm,1.0,0.25,0.02,0.1111111111111111,0.39409022556390977,0.12409022556390976,False
hard_supnorm,1.0,0.25,0.02,0.1111111111111111,0.39659398496240605,0.12659398496240606,False
hard_supnorm,1.0,0.25,0.02,0.1111111111111111,0.3990977443609023,0.1290977443609023,False
hard_supnorm,1.0,0.25,0.02,0.1111111111111111,0.4016015037593985,0.13160150375939852,False
hard_supnorm,1.0,0.25,0.02,0.1111111111111111,0.40410526315789475,0.13410526315789476,False
hard_supnorm,1.0,0.25,0.02,0.1111111111111111,0.406609022556391,0.13660902255639099,False
hard_supnorm,1.0,0.25,0.02,0.1111111111111111,0.40911278195488726,0.13911278195488727,False
hard_supnorm,1.0,0.25,0.02,0.1111111111111111,0.4116165413533835,0.1416165413533835,False
hard_supnorm,1.0,0.25,0.02,0.1111111111111111,0.4141203007518797,0.14412030075187973,False
hard_supnorm,1.0,0.25,0.02,0.1111111111111111,0.41662406015037595,0.14662406015037596,False
hard_supnorm,1.0,0.25,0.02,0.1111111111111111,0.4191278195488722,0.1491278195488722,False
hard_supnorm,1.0,0.25,0.02,0.1111111111111111,0.42163157894736847,0.15163157894736848,False
hard_supnorm,1.0,0.25,0.02,0.1111111111111111,0.4241353383458647,0.1541353383458647,False
hard_supnorm,1.0,0.25,0.02,0.1111111111111111,0.42663909774436093,0.15663909774436094,False
hard_supnorm,1.0,0.25,0.02,0.1111111111111111,0.42914285714285716,0.15914285714285717,False
hard_supnorm,1.0,0.25,0.02,0.1111111111111111,0.4316466165413534,0.1616466165413534,False
hard_supnorm,1.0,0.25,0.02,0.1111111111111111,0.4341503759398496,0.16415037593984963,False
hard_supnorm,1.0,0.25,0.02,0.1111111111111111,0.4366541353383459,0.16665413533834592,False
hard_supnorm,1.0,0.25,0.02,0.1111111111111111,0.43915789473684214,0.16915789473684215,False
hard_supnorm,1.0,0.25,0.02,0.1111111111111111,0.44166165413533837,0.17166165413533838,False
hard_supnorm,1.0,0.25,0.02,0.1111111111111111,0.4441654135338346,0.1741654135338346,False
hard_supnorm,1.0,0.25,0.02,0.1111111111111111,0.4466691729323308,0.17666917293233084,False
hard_supnorm,1.0,0.25,0.02,0.1111111111111111,0.4491729323308271,0.17917293233082712,False
hard_supnorm,1.0,0.25,0.02,0.1111111111111111,0.45167669172932334,0.18167669172932335,False
hard_supnorm,1.0,0.25,0.02,0.1111111111111111,0.4541804511278196,0.18418045112781958,False
hard_supnorm,1.0,0.25,0.02,0.1111111111111111,0.4566842105263158,0.1866842105263158,False
hard_supnorm,1.0,0.25,0.02,0.1111111111111111,0.45918796992481203,0.18918796992481204,False
hard_supnorm,1.0,0.25,0.02,0.1111111111111111,0.46169172932330826,0.19169172932330827,False
hard_supnorm,1.0,0.25,0.02,0.1111111111111111,0.46419548872180455,0.19419548872180456,False
hard_supnorm,1.0,0.25,0.02,0.1111111111111111,0.4666992481203008,0.1966992481203008,False
hard_supnorm,1.0,0.25,0.02,0.1111111111111111,0.469203007518797,0.19920300751879702,False
hard_supnorm,1.0,0.25,0.02,0.1111111111111111,0.47170676691729324,0.20170676691729325,False
hard_supnorm,1.0,0.25,0.02,0.1111111111111111,0.47421052631578947,0.20421052631578948,False
hard_supnorm,1.0,0.25,0.02,0.1111111111111111,0.47671428571428576,0.20671428571428577,False
hard_supnorm,1.0,0.25,0.02,0.1111111111111111,0.479218045112782,0.209218045112782,False
hard_supnorm,1.0,0.25,0.02,0.1111111111111111,0.4817218045112782,0.21172180451127823,False
hard_supnorm,1.0,0.25,0.02,0.1111111111111111,0.48422556390977445,0.21422556390977446,False
hard_supnorm,1.0,0.25,0.02,0.1111111111111111,0.4867293233082707,0.2167293233082707,False
hard_supnorm,1.0,0.25,0.02,0.1111111111111111,0.48923308270676696,0.21923308270676697,False
hard_supnorm,1.0,0.25,0.02,0.1111111111111111,0.4917368421052632,0.2217368421052632,False
hard_supnorm,1.0,0.25,0.02,0.1111111111111111,0.4942406015037594,0.22424060150375943,False
hard_supnorm,1.0,0.25,0.02,0.1111111111111111,0.49674436090225565,0.22674436090225566,False
hard_supnorm,1.0,0.25,0.02,0.1111111111111111,0.4992481203007519,0.2292481203007519,False
hard_supnorm,1.0,0.25,0.02,0.1111111111111111,0.5017518796992482,0.23175187969924818,False
hard_supnorm,1.0,0.25,0.02,0.1111111111111111,0.5042556390977444,0.2342556390977444,False
hard_supnorm,1.0,0.25,0.02,0.1111111111111111,0.5067593984962406,0.23675939849624064,False
hard_supnorm,1.0,0.25,0.02,0.1111111111111111,0.5092631578947369,0.23926315789473687,False
hard_supnorm,1.0,0.25,0.02,0.1111111111111111,0.5117669172932331,0.2417669172932331,False
hard_supnorm,1.0,0.25,0.02,0.1111111111111111,0.5142706766917293,0.24427067669172933,False
hard_supnorm,1.0,0.25,0.02,0.1111111111111111,0.5167744360902256,0.24677443609022556,False
hard_supnorm,1.0,0.25,0.02,0.1111111111111111,0.5192781954887218,0.2492781954887218,False
hard_supnorm,1.0,0.25,0.02,0.1111111111111111,0.5217819548872181,0.2517819548872181,False
hard_supnorm,1.0,0.25,0.02,0.1111111111111111,0.5242857142857144,0.25428571428571434,False
hard_supnorm,1.0,0.25,0.02,0.1111111111111111,0.5267894736842106,0.25678947368421057,False
hard_supnorm,1.0,0.25,0.02,0.1111111111111111,0.5292932330827068,0.2592932330827068,False
hard_supnorm,1.0,0.25,0.02,0.1111111111111111,0.531796992481203,0.26179699248120303,False
hard_supnorm,1.0,0.25,0.02,0.1111111111111111,0.5343007518796993,0.26430075187969926,False
hard_supnorm,1.0,0.25,0.02,0.1111111111111111,0.5368045112781955,0.2668045112781955,False
hard_supnorm,1.0,0.25,0.02,0.1111111111111111,0.5393082706766917,0.2693082706766917,False
hard_supnorm,1.0,0.25,0.02,0.1111111111111111,0.541812030075188,0.27181203007518795,False
hard_supnorm,1.0,0.25,0.02,0.1111111111111111,0.5443157894736842,0.2743157894736842,False
hard_supnorm,1.0,0.25,0.02,0.1111111111111111,0.5468195488721804,0.2768195488721804,False
hard_supnorm,1.0,0.25,0.02,0.1111111111111111,0.5493233082706768,0.27932330827067675,False
hard_supnorm,1.0,0.25,0.02,0.1111111111111111,0.551827067669173,0.281827067669173,False
hard_supnorm,1.0,0.25,0.02,0.1111111111111111,0.5543308270676692,0.2843308270676692,False
hard_supnorm,1.0,0.25,0.02,0.1111111111111111,0.5568345864661655,0.28683458646616544,False
hard_supnorm,1.0,0.25,0.02,0.1111111111111111,0.5593383458646617,0.2893383458646617,False
hard_supnorm,1.0,0.25,0.02,0.1111111111111111,0.5618421052631579,0.2918421052631579,False
hard_supnorm,1.0,0.25,0.02,0.1111111111111111,0.5643458646616542,0.29434586466165413,False
hard_supnorm,1.0,0.25,0.02,0.1111111111111111,0.5668496240601504,0.29684962406015036,False
hard_supnorm,1.0,0.25,0.02,0.1111111111111111,0.5693533834586466,0.2993533834586466,False
hard_supnorm,1.0,0.25,0.02,0.1111111111111111,0.5718571428571428,0.3018571428571428,False
hard_supnorm,1.0,0.25,0.02,0.1111111111111111,0.5743609022556391,0.30436090225563905,False
hard_supnorm,1.0,0.25,0.02,0.1111111111111111,0.5768646616541354,0.3068646616541354,False
hard_supnorm,1.0,0.25,0.02,0.1111111111111111,0.5793684210526316,0.3093684210526316,False
hard_supnorm,1.0,0.25,0.02,0.1111111111111111,0.5818721804511279,0.31187218045112786,False
hard_supnorm,1.0,0.25,0.02,0.1111111111111111,0.5843759398496241,0.3143759398496241,False
hard_supnorm,1.0,0.25,0.02,0.1111111111111111,0.5868796992481203,0.3168796992481203,False
hard_supnorm,1.0,0.25,0.02,0.1111111111111111,0.5893834586466166,0.31938345864661655,False
hard_supnorm,1.0,0.25,0.02,0.1111111111111111,0.5918872180451128,0.3218872180451128,False
hard_supnorm,1.0,0.25,0.02,0.1111111111111111,0.594390977443609,0.324390977443609,False
hard_supnorm,1.0,0.25,0.02,0.1111111111111111,0.5968947368421053,0.32689473684210524,False
hard_supnorm,1.0,0.25,0.02,0.1111111111111111,0.5993984962406015,0.32939849624060147,False
hard_supnorm,1.0,0.25,0.02,0.1111111111111111,0.6019022556390977,0.3319022556390977,False
hard_supnorm,1.0,0.25,0.02,0.1111111111111111,0.6044060150375941,0.33440601503759404,False
hard_supnorm,1.0,0.25,0.02,0.1111111111111111,0.6069097744360903,0.33690977443609027,False
hard_supnorm,1.0,0.25,0.02,0.1111111111111111,0.6094135338345865,0.3394135338345865,False
hard_supnorm,1.0,0.25,0.02,0.1111111111111111,0.6119172932330827,0.34191729323308273,False
hard_supnorm,1.0,0.25,0.02,0.1111111111111111,0.614421052631579,0.34442105263157896,False
hard_supnorm,1.0,0.25,0.02,0.1111111111111111,0.6169248120300752,0.3469248120300752,False
hard_supnorm,1.0,0.25,0.02,0.1111111111111111,0.6194285714285714,0.3494285714285714,False
hard_supnorm,1.0,0.25,0.02,0.1111111111111111,0.6219323308270677,0.35193233082706765,False
hard_supnorm,1.0,0.25,0.02,0.1111111111111111,0.6244360902255639,0.3544360902255639,False
hard_supnorm,1.0,0.25,0.02,0.1111111111111111,0.6269398496240601,0.3569398496240601,False
hard_supnorm,1.0,0.25,0.02,0.1111111111111111,0.6294436090225565,0.35944360902255645,False
hard_supnorm,1.0,0.25,0.02,0.1111111111111111,0.6319473684210527,0.3619473684210527,False
hard_supnorm,1.0,0.25,0.02,0.1111111111111111,0.6344511278195489,0.3644511278195489,False
hard_supnorm,1.0,0.25,0.02,0.1111111111111111,0.6369548872180452,0.36695488721804514,False
hard_supnorm,1.0,0.25,0.02,0.1111111111111111,0.6394586466165414,0.3694586466165414,False
hard_supnorm,1.0,0.25,0.02,0.1111111111111111,0.6419624060150376,0.3719624060150376,False
hard_supnorm,1.0,0.25,0.02,0.1111111111111111,0.6444661654135339,0.37446616541353384,False
hard_supnorm,1.0,0.25,0.02,0.1111111111111111,0.6469699248120301,0.37696992481203007,False
hard_supnorm,1.0,0.25,0.02,0.1111111111111111,0.6494736842105263,0.3794736842105263,False
hard_supnorm,1.0,0.25,0.02,0.1111111111111111,0.6519774436090225,0.3819774436090225,False
hard_supnorm,1.0,0.25,0.02,0.1111111111111111,0.6544812030075188,0.38448120300751876,False
hard_supnorm,1.0,0.25,0.02,0.1111111111111111,0.6569849624060151,0.3869849624060151,False
hard_supnorm,1.0,0.25,0.02,0.1111111111111111,0.6594887218045113,0.38948872180451133,False
hard_supnorm,1.0,0.25,0.02,0.1111111111111111,0.6619924812030076,0.39199248120300756,False
hard_supnorm,1.0,0.25,0.02,0.1111111111111111,0.6644962406015038,0.3944962406015038,False
hard_supnorm,1.0,0.25,0.02,0.1111111111111111,0.667,0.397,False
hard_supnorm,1.0,0.25,0.02,0.1111111111111111,0.6695037593984963,0.39950375939849625,False
hard_supnorm,1.0,0.25,0.02,0.1111111111111111,0.6720075187969925,0.4020075187969925,False
hard_supnorm,1.0,0.25,0.02,0.1111111111111111,0.6745112781954887,0.4045112781954887,False
hard_supnorm,1.0,0.25,0.02,0.1111111111111111,0.677015037593985,0.40701503759398494,False
hard_supnorm,1.0,0.25,0.02,0.1111111111111111,0.6795187969924812,0.40951879699248117,False
hard_supnorm,1.0,0.25,0.02,0.1111111111111111,0.6820225563909775,0.4120225563909775,False
hard_supnorm,1.0,0.25,0.02,0.1111111111111111,0.6845263157894738,0.41452631578947374,False
hard_supnorm,1.0,0.25,0.02,0.1111111111111111,0.68703007518797,0.41703007518797,False
hard_supnorm,1.0,0.25,0.02,0.1111111111111111,0.6895338345864662,0.4195338345864662,False
hard_supnorm,1.0,0.25,0.02,0.1111111111111111,0.6920375939849625,0.42203759398496243,False
hard_supnorm,1.0,0.25,0.02,0.1111111111111111,0.6945413533834587,0.42454135338345866,False
hard_supnorm,1.0,0.25,0.02,0.1111111111111111,0.6970451127819549,0.4270451127819549,False
hard_supnorm,1.0,0.25,0.02,0.1111111111111111,0.6995488721804511,0.4295488721804511,False
hard_supnorm,1.0,0.25,0.02,0.1111111111111111,0.7020526315789474,0.43205263157894735,False
hard_supnorm,1.0,0.25,0.02,0.1111111111111111,0.7045563909774436,0.4345563909774436,False
hard_supnorm,1.0,0.25,0.02,0.1111111111111111,0.7070601503759398,0.4370601503759398,False
hard_supnorm,1.0,0.25,0.02,0.1111111111111111,0.7095639097744362,0.43956390977443616,False
hard_supnorm,1.0,0.25,0.02,0.1111111111111111,0.7120676691729324,0.4420676691729324,False
hard_supnorm,1.0,0.25,0.02,0.1111111111111111,0.7145714285714286,0.4445714285714286,False
hard_supnorm,1.0,0.25,0.02,0.1111111111111111,0.7170751879699249,0.44707518796992485,False
hard_supnorm,1.0,0.25,0.02,0.1111111111111111,0.7195789473684211,0.4495789473684211,False
hard_supnorm,1.0,0.25,0.02,0.1111111111111111,0.7220827067669173,0.4520827067669173,False
hard_supnorm,1.0,0.25,0.02,0.1111111111111111,0.7245864661654136,0.45458646616541354,False
hard_supnorm,1.0,0.25,0.02,0.1111111111111111,0.7270902255639098,0.45709022556390977,False
hard_supnorm,1.0,0.25,0.02,0.1111111111111111,0.729593984962406,0.459593984962406,False
hard_supnorm,1.0,0.25,0.02,0.1111111111111111,0.7320977443609022,0.46209774436090223,False
hard_supnorm,1.0,0.25,0.02,0.1111111111111111,0.7346015037593985,0.46460150375939846,False
hard_supnorm,1.0,0.25,0.02,0.1111111111111111,0.7371052631578948,0.4671052631578948,False
hard_supnorm,1.0,0.25,0.02,0.1111111111111111,0.739609022556391,0.46960902255639103,False
hard_supnorm,1.0,0.25,0.02,0.1111111111111111,0.7421127819548873,0.47211278195488726,False
hard_supnorm,1.0,0.25,0.02,0.1111111111111111,0.7446165413533835,0.4746165413533835,False
hard_supnorm,1.0,0.25,0.02,0.1111111111111111,0.7471203007518797,0.4771203007518797,False
hard_supnorm,1.0,0.25,0.02,0.1111111111111111,0.749624060150376,0.47962406015037595,False
hard_supnorm,1.0,0.25,0.02,0.1111111111111111,0.7521278195488722,0.4821278195488722,False
hard_supnorm,1.0,0.25,0.02,0.1111111111111111,0.7546315789473684,0.4846315789473684,False
hard_supnorm,1.0,0.25,0.02,0.1111111111111111,0.7571353383458647,0.48713533834586464,False
hard_supnorm,1.0,0.25,0.02,0.1111111111111111,0.7596390977443609,0.4896390977443609,False
hard_supnorm,1.0,0.25,0.02,0.1111111111111111,0.7621428571428571,0.4921428571428571,False
hard_supnorm,1.0,0.25,0.02,0.1111111111111111,0.7646466165413535,0.49464661654135345,False
hard_supnorm,1.0,0.25,0.02,0.1111111111111111,0.7671503759398497,0.4971503759398497,False
hard_supnorm,1.0,0.25,0.02,0.1111111111111111,0.7696541353383459,0.4996541353383459,False
hard_supnorm,1.0,0.25,0.02,0.1111111111111111,0.7721578947368422,0.5021578947368421,False
hard_supnorm,1.0,0.25,0.02,0.1111111111111111,0.7746616541353384,0.5046616541353384,False
hard_supnorm,1.0,0.25,0.02,0.1111111111111111,0.7771654135338346,0.5071654135338346,False
hard_supnorm,1.0,0.25,0.02,0.1111111111111111,0.7796691729323308,0.5096691729323308,False
hard_supnorm,1.0,0.25,0.02,0.1111111111111111,0.7821729323308271,0.5121729323308271,False
hard_supnorm,1.0,0.25,0.02,0.1111111111111111,0.7846766917293233,0.5146766917293233,False
hard_supnorm,1.0,0.25,0.02,0.1111111111111111,0.7871804511278195,0.5171804511278195,False
hard_supnorm,1.0,0.25,0.02,0.1111111111111111,0.7896842105263159,0.5196842105263159,False
hard_supnorm,1.0,0.25,0.02,0.1111111111111111,0.7921879699248121,0.5221879699248121,False
hard_supnorm,1.0,0.25,0.02,0.1111111111111111,0.7946917293233083,0.5246917293233083,False
hard_supnorm,1.0,0.25,0.02,0.1111111111111111,0.7971954887218046,0.5271954887218046,False
hard_supnorm,1.0,0.25,0.02,0.1111111111111111,0.7996992481203008,0.5296992481203008,False
hard_supnorm,1.0,0.25,0.02,0.1111111111111111,0.802203007518797,0.532203007518797,False
hard_supnorm,1.0,0.25,0.02,0.1111111111111111,0.8047067669172933,0.5347067669172932,False
hard_supnorm,1.0,0.25,0.02,0.1111111111111111,0.8072105263157895,0.5372105263157895,False
hard_supnorm,1.0,0.25,0.02,0.1111111111111111,0.8097142857142857,0.5397142857142857,False
hard_supnorm,1.0,0.25,0.02,0.1111111111111111,0.812218045112782,0.5422180451127819,False
hard_supnorm,1.0,0.25,0.02,0.1111111111111111,0.8147218045112782,0.5447218045112782,False
hard_supnorm,1.0,0.25,0.02,0.1111111111111111,0.8172255639097745,0.5472255639097745,False
hard_supnorm,1.0,0.25,0.02,0.1111111111111111,0.8197293233082708,0.5497293233082707,False
hard_supnorm,1.0,0.25,0.02,0.1111111111111111,0.822233082706767,0.552233082706767,False
hard_supnorm,1.0,0.25,0.02,0.1111111111111111,0.8247368421052632,0.5547368421052632,False
hard_supnorm,1.0,0.25,0.02,0.1111111111111111,0.8272406015037594,0.5572406015037594,False
hard_supnorm,1.0,0.25,0.02,0.1111111111111111,0.8297443609022557,0.5597443609022557,False
hard_supnorm,1.0,0.25,0.02,0.1111111111111111,0.8322481203007519,0.5622481203007519,False
hard_supnorm,1.0,0.25,0.02,0.1111111111111111,0.8347518796992481,0.5647518796992481,False
hard_supnorm,1.0,0.25,0.02,0.1111111111111111,0.8372556390977444,0.5672556390977443,False
hard_supnorm,1.0,0.25,0.02,0.1111111111111111,0.8397593984962406,0.5697593984962406,False
hard_supnorm,1.0,0.25,0.02,0.1111111111111111,0.8422631578947369,0.5722631578947369,False
hard_supnorm,1.0,0.25,0.02,0.1111111111111111,0.8447669172932332,0.5747669172932331,False
hard_supnorm,1.0,0.25,0.02,0.1111111111111111,0.8472706766917294,0.5772706766917294,False
hard_supnorm,1.0,0.25,0.02,0.1111111111111111,0.8497744360902256,0.5797744360902256,False
hard_supnorm,1.0,0.25,0.02,0.1111111111111111,0.8522781954887219,0.5822781954887218,False
hard_supnorm,1.0,0.25,0.02,0.1111111111111111,0.8547819548872181,0.5847819548872181,False
hard_supnorm,1.0,0.25,0.02,0.1111111111111111,0.8572857142857143,0.5872857142857143,False
hard_supnorm,1.0,0.25,0.02,0.1111111111111111,0.8597894736842105,0.5897894736842105,False
hard_supnorm,1.0,0.25,0.02,0.1111111111111111,0.8622932330827068,0.5922932330827068,False
hard_supnorm,1.0,0.25,0.02,0.1111111111111111,0.864796992481203,0.594796992481203,False
hard_supnorm,1.0,0.25,0.02,0.1111111111111111,0.8673007518796992,0.5973007518796992,False
hard_supnorm,1.0,0.25,0.02,0.1111111111111111,0.8698045112781956,0.5998045112781956,False
hard_supnorm,1.0,0.25,0.02,0.1111111111111111,0.8723082706766918,0.6023082706766918,False
hard_supnorm,1.0,0.25,0.02,0.1111111111111111,0.874812030075188,0.604812030075188,False
hard_supnorm,1.0,0.25,0.02,0.1111111111111111,0.8773157894736843,0.6073157894736843,False
hard_supnorm,1.0,0.25,0.02,0.1111111111111111,0.8798195488721805,0.6098195488721805,False
hard_supnorm,1.0,0.25,0.02,0.1111111111111111,0.8823233082706767,0.6123233082706767,False
hard_supnorm,1.0,0.25,0.02,0.1111111111111111,0.884827067669173,0.6148270676691729,False
hard_supnorm,1.0,0.25,0.02,0.1111111111111111,0.8873308270676692,0.6173308270676692,False
hard_supnorm,1.0,0.25,0.02,0.1111111111111111,0.8898345864661654,0.6198345864661654,False
hard_supnorm,1.0,0.25,0.02,0.1111111111111111,0.8923383458646617,0.6223383458646616,False
hard_supnorm,1.0,0.25,0.02,0.1111111111111111,0.8948421052631579,0.6248421052631579,False
hard_supnorm,1.0,0.25,0.02,0.1111111111111111,0.8973458646616542,0.6273458646616542,False
hard_supnorm,1.0,0.25,0.02,0.1111111111111111,0.8998496240601505,0.6298496240601504,False
hard_supnorm,1.0,0.25,0.02,0.1111111111111111,0.9023533834586467,0.6323533834586467,False
hard_supnorm,1.0,0.25,0.02,0.1111111111111111,0.9048571428571429,0.6348571428571429,False
hard_supnorm,1.0,0.25,0.02,0.1111111111111111,0.9073609022556391,0.6373609022556391,False
hard_supnorm,1.0,0.25,0.02,0.1111111111111111,0.9098646616541354,0.6398646616541354,False
hard_supnorm,1.0,0.25,0.02,0.1111111111111111,0.9123684210526316,0.6423684210526316,False
hard_supnorm,1.0,0.25,0.02,0.1111111111111111,0.9148721804511278,0.6448721804511278,False
hard_supnorm,1.0,0.25,0.02,0.1111111111111111,0.9173759398496241,0.647375939849624,False
hard_supnorm,1.0,0.25,0.02,0.1111111111111111,0.9198796992481203,0.6498796992481203,False
hard_supnorm,1.0,0.25,0.02,0.1111111111111111,0.9223834586466165,0.6523834586466165,False
hard_supnorm,1.0,0.25,0.02,0.1111111111111111,0.9248872180451129,0.6548872180451129,False
hard_supnorm,1.0,0.25,0.02,0.1111111111111111,0.9273909774436091,0.6573909774436091,False
hard_supnorm,1.0,0.25,0.02,0.1111111111111111,0.9298947368421053,0.6598947368421053,False
hard_supnorm,1.0,0.25,0.02,0.1111111111111111,0.9323984962406016,0.6623984962406015,False
hard_supnorm,1.0,0.25,0.02,0.1111111111111111,0.9349022556390978,0.6649022556390978,False
hard_supnorm,1.0,0.25,0.02,0.1111111111111111,0.937406015037594,0.667406015037594,False
hard_supnorm,1.0,0.25,0.02,0.1111111111111111,0.9399097744360903,0.6699097744360902,False
hard_supnorm,1.0,0.25,0.02,0.1111111111111111,0.9424135338345865,0.6724135338345865,False
hard_supnorm,1.0,0.25,0.02,0.1111111111111111,0.9449172932330827,0.6749172932330827,False
hard_supnorm,1.0,0.25,0.02,0.1111111111111111,0.9474210526315789,0.6774210526315789,False
hard_supnorm,1.0,0.25,0.02,0.1111111111111111,0.9499248120300753,0.6799248120300753,False
hard_supnorm,1.0,0.25,0.02,0.1111111111111111,0.9524285714285715,0.6824285714285715,False
hard_supnorm,1.0,0.25,0.02,0.1111111111111111,0.9549323308270677,0.6849323308270677,False
hard_supnorm,1.0,0.25,0.02,0.1111111111111111,0.957436090225564,0.687436090225564,False
hard_supnorm,1.0,0.25,0.02,0.1111111111111111,0.9599398496240602,0.6899398496240602,False
hard_supnorm,1.0,0.25,0.02,0.1111111111111111,0.9624436090225564,0.6924436090225564,False
hard_supnorm,1.0,0.25,0.02,0.1111111111111111,0.9649473684210527,0.6949473684210526,False
hard_supnorm,1.0,0.25,0.02,0.1111111111111111,0.9674511278195489,0.6974511278195489,False
hard_supnorm,1.0,0.25,0.02,0.1111111111111111,0.9699548872180451,0.6999548872180451,False
hard_supnorm,1.0,0.25,0.02,0.1111111111111111,0.9724586466165414,0.7024586466165413,False
hard_supnorm,1.0,0.25,0.02,0.1111111111111111,0.9749624060150376,0.7049624060150376,False
hard_supnorm,1.0,0.25,0.02,0.1111111111111111,0.9774661654135339,0.7074661654135339,False
hard_supnorm,1.0,0.25,0.02,0.1111111111111111,0.9799699248120302,0.7099699248120301,False
hard_supnorm,1.0,0.25,0.02,0.1111111111111111,0.9824736842105264,0.7124736842105264,False
hard_supnorm,1.0,0.25,0.02,0.1111111111111111,0.9849774436090226,0.7149774436090226,False
hard_supnorm,1.0,0.25,0.02,0.1111111111111111,0.9874812030075188,0.7174812030075188,False
hard_supnorm,1.0,0.25,0.02,0.1111111111111111,0.9899849624060151,0.7199849624060151,False
hard_supnorm,1.0,0.25,0.02,0.1111111111111111,0.9924887218045113,0.7224887218045113,False
hard_supnorm,1.0,0.25,0.02,0.1111111111111111,0.9949924812030075,0.7249924812030075,False
hard_supnorm,1.0,0.25,0.02,0.1111111111111111,0.9974962406015038,0.7274962406015038,False
hard_supnorm,1.0,0.25,0.02,0.1111111111111111,1.0,0.73,False
strong_source,2.0,0.12,0.02,0.2,0.001,-0.13799999999999998,True
strong_source,2.0,0.12,0.02,0.2,0.0035037593984962407,-0.13299248120300752,True
strong_source,2.0,0.12,0.02,0.2,0.0060075187969924814,-0.12798496240601503,True
strong_source,2.0,0.12,0.02,0.2,0.008511278195488723,-0.12297744360902256,True
strong_source,2.0,0.12,0.02,0.2,0.011015037593984964,-0.11796992481203007,True
strong_source,2.0,0.12,0.02,0.2,0.013518796992481204,-0.11296240601503758,True
strong_source,2.0,0.12,0.02,0.2,0.016022556390977445,-0.10795488721804511,True
strong_source,2.0,0.12,0.02,0.2,0.018526315789473686,-0.10294736842105263,True
strong_source,2.0,0.12,0.02,0.2,0.021030075187969927,-0.09793984962406015,True
strong_source,2.0,0.12,0.02,0.2,0.023533834586466167,-0.09293233082706766,True
strong_source,2.0,0.12,0.02,0.2,0.026037593984962408,-0.08792481203007518,True
strong_source,2.0,0.12,0.02,0.2,0.02854135338345865,-0.08291729323308271,True
strong_source,2.0,0.12,0.02,0.2,0.03104511278195489,-0.07790977443609022,True
strong_source,2.0,0.12,0.02,0.2,0.033548872180451134,-0.07290225563909773,True
strong_source,2.0,0.12,0.02,0.2,0.03605263157894737,-0.06789473684210526,True
strong_source,2.0,0.12,0.02,0.2,0.03855639097744361,-0.06288721804511278,True
strong_source,2.0,0.12,0.02,0.2,0.04106015037593985,-0.057879699248120295,True
strong_source,2.0,0.12,0.02,0.2,0.043563909774436096,-0.052872180451127807,True
strong_source,2.0,0.12,0.02,0.2,0.046067669172932334,-0.04786466165413533,True
strong_source,2.0,0.12,0.02,0.2,0.04857142857142857,-0.04285714285714286,True
strong_source,2.0,0.12,0.02,0.2,0.051075187969924815,-0.03784962406015037,True
strong_source,2.0,0.12,0.02,0.2,0.05357894736842106,-0.03284210526315788,True
strong_source,2.0,0.12,0.02,0.2,0.0560827067669173,-0.027834586466165403,True
strong_source,2.0,0.12,0.02,0.2,0.058586466165413534,-0.02282706766917293,True
strong_source,2.0,0.12,0.02,0.2,0.06109022556390978,-0.01781954887218044,True
strong_source,2.0,0.12,0.02,0.2,0.06359398496240602,-0.012812030075187952,True
strong_source,2.0,0.12,0.02,0.2,0.06609774436090227,-0.007804511278195463,True
strong_source,2.0,0.12,0.02,0.2,0.0686015037593985,-0.0027969924812030027,True
strong_source,2.0,0.12,0.02,0.2,0.07110526315789474,0.0022105263157894857,True
strong_source,2.0,0.12,0.02,0.2,0.07360902255639099,0.007218045112781974,True
strong_source,2.0,0.12,0.02,0.2,0.07611278195488722,0.012225563909774435,True
strong_source,2.0,0.12,0.02,0.2,0.07861654135338346,0.017233082706766923,True
strong_source,2.0,0.12,0.02,0.2,0.0811203007518797,0.02224060150375941,True
strong_source,2.0,0.12,0.02,0.2,0.08362406015037595,0.0272481203007519,True
strong_source,2.0,0.12,0.02,0.2,0.08612781954887219,0.032255639097744385,True
strong_source,2.0,0.12,0.02,0.2,0.08863157894736842,0.037263157894736845,True
strong_source,2.0,0.12,0.02,0.2,0.09113533834586467,0.042270676691729334,True
strong_source,2.0,0.12,0.02,0.2,0.09363909774436091,0.04727819548872182,True
strong_source,2.0,0.12,0.02,0.2,0.09614285714285714,0.05228571428571428,True
strong_source,2.0,0.12,0.02,0.2,0.09864661654135339,0.05729323308270677,True
strong_source,2.0,0.12,0.02,0.2,0.10115037593984963,0.06230075187969926,True
strong_source,2.0,0.12,0.02,0.2,0.10365413533834587,0.06730827067669175,True
strong_source,2.0,0.12,0.02,0.2,0.10615789473684212,0.07231578947368424,True
strong_source,2.0,0.12,0.02,0.2,0.10866165413533835,0.0773233082706767,True
strong_source,2.0,0.12,0.02,0.2,0.11116541353383459,0.08233082706766919,True
strong_source,2.0,0.12,0.02,0.2,0.11366917293233084,0.08733834586466167,True
strong_source,2.0,0.12,0.02,0.2,0.11617293233082707,0.09234586466165413,True
strong_source,2.0,0.12,0.02,0.2,0.11867669172932331,0.09735338345864662,True
strong_source,2.0,0.12,0.02,0.2,0.12118045112781956,0.10236090225563911,True
strong_source,2.0,0.12,0.02,0.2,0.1236842105263158,0.1073684210526316,True
strong_source,2.0,0.12,0.02,0.2,0.12618796992481204,0.11237593984962409,True
strong_source,2.0,0.12,0.02,0.2,0.12869172932330827,0.11738345864661655,True
strong_source,2.0,0.12,0.02,0.2,0.13119548872180453,0.12239097744360906,True
strong_source,2.0,0.12,0.02,0.2,0.13369924812030076,0.12739849624060154,True
strong_source,2.0,0.12,0.02,0.2,0.136203007518797,0.132406015037594,True
strong_source,2.0,0.12,0.02,0.2,0.13870676691729325,0.13741353383458652,True
strong_source,2.0,0.12,0.02,0.2,0.14121052631578948,0.14242105263157898,True
strong_source,2.0,0.12,0.02,0.2,0.1437142857142857,0.14742857142857144,True
strong_source,2.0,0.12,0.02,0.2,0.14621804511278197,0.15243609022556395,True
strong_source,2.0,0.12,0.02,0.2,0.1487218045112782,0.1574436090225564,True
strong_source,2.0,0.12,0.02,0.2,0.15122556390977443,0.16245112781954887,True
strong_source,2.0,0.12,0.02,0.2,0.1537293233082707,0.1674586466165414,True
strong_source,2.0,0.12,0.02,0.2,0.15623308270676692,0.17246616541353385,True
strong_source,2.0,0.12,0.02,0.2,0.15873684210526318,0.17747368421052637,True
strong_source,2.0,0.12,0.02,0.2,0.1612406015037594,0.18248120300751883,True
strong_source,2.0,0.12,0.02,0.2,0.16374436090225564,0.1874887218045113,True
strong_source,2.0,0.12,0.02,0.2,0.1662481203007519,0.1924962406015038,True
strong_source,2.0,0.12,0.02,0.2,0.16875187969924813,0.19750375939849626,True
strong_source,2.0,0.12,0.02,0.2,0.17125563909774438,0.20251127819548878,True
strong_source,2.0,0.12,0.02,0.2,0.1737593984962406,0.20751879699248124,True
strong_source,2.0,0.12,0.02,0.2,0.17626315789473684,0.2125263157894737,True
strong_source,2.0,0.12,0.02,0.2,0.1787669172932331,0.21753383458646622,True
strong_source,2.0,0.12,0.02,0.2,0.18127067669172933,0.22254135338345868,True
strong_source,2.0,0.12,0.02,0.2,0.18377443609022556,0.22754887218045114,True
strong_source,2.0,0.12,0.02,0.2,0.18627819548872182,0.23255639097744366,True
strong_source,2.0,0.12,0.02,0.2,0.18878195488721805,0.23756390977443612,True
strong_source,2.0,0.12,0.02,0.2,0.19128571428571428,0.24257142857142858,True
strong_source,2.0,0.12,0.02,0.2,0.19378947368421054,0.2475789473684211,True
strong_source,2.0,0.12,0.02,0.2,0.19629323308270677,0.2525864661654135,True
strong_source,2.0,0.12,0.02,0.2,0.19879699248120303,0.25759398496240604,True
strong_source,2.0,0.12,0.02,0.2,0.20130075187969926,0.2626015037593985,False
strong_source,2.0,0.12,0.02,0.2,0.2038045112781955,0.26760902255639096,False
strong_source,2.0,0.12,0.02,0.2,0.20630827067669175,0.2726165413533835,False
strong_source,2.0,0.12,0.02,0.2,0.20881203007518798,0.27762406015037594,False
strong_source,2.0,0.12,0.02,0.2,0.21131578947368423,0.28263157894736846,False
strong_source,2.0,0.12,0.02,0.2,0.21381954887218046,0.2876390977443609,False
strong_source,2.0,0.12,0.02,0.2,0.2163233082706767,0.2926466165413534,False
strong_source,2.0,0.12,0.02,0.2,0.21882706766917295,0.2976541353383459,False
strong_source,2.0,0.12,0.02,0.2,0.22133082706766918,0.30266165413533835,False
strong_source,2.0,0.12,0.02,0.2,0.2238345864661654,0.3076691729323308,False
strong_source,2.0,0.12,0.02,0.2,0.22633834586466167,0.31267669172932333,False
strong_source,2.0,0.12,0.02,0.2,0.2288421052631579,0.3176842105263158,False
strong_source,2.0,0.12,0.02,0.2,0.23134586466165413,0.32269172932330825,False
strong_source,2.0,0.12,0.02,0.2,0.2338496240601504,0.32769924812030077,False
strong_source,2.0,0.12,0.02,0.2,0.23635338345864662,0.33270676691729323,False
strong_source,2.0,0.12,0.02,0.2,0.23885714285714288,0.33771428571428574,False
strong_source,2.0,0.12,0.02,0.2,0.2413609022556391,0.3427218045112782,False
strong_source,2.0,0.12,0.02,0.2,0.24386466165413534,0.34772932330827067,False
strong_source,2.0,0.12,0.02,0.2,0.2463684210526316,0.3527368421052632,False
strong_source,2.0,0.12,0.02,0.2,0.24887218045112783,0.35774436090225564,False
strong_source,2.0,0.12,0.02,0.2,0.2513759398496241,0.36275187969924816,False
strong_source,2.0,0.12,0.02,0.2,0.2538796992481203,0.3677593984962406,False
strong_source,2.0,0.12,0.02,0.2,0.25638345864661655,0.3727669172932331,False
strong_source,2.0,0.12,0.02,0.2,0.2588872180451128,0.37777443609022554,False
strong_source,2.0,0.12,0.02,0.2,0.26139097744360906,0.3827819548872181,False
strong_source,2.0,0.12,0.02,0.2,0.2638947368421053,0.3877894736842106,False
strong_source,2.0,0.12,0.02,0.2,0.2663984962406015,0.39279699248120303,False
strong_source,2.0,0.12,0.02,0.2,0.26890225563909775,0.3978045112781955,False
strong_source,2.0,0.12,0.02,0.2,0.271406015037594,0.40281203007518795,False
strong_source,2.0,0.12,0.02,0.2,0.2739097744360902,0.4078195488721804,False
strong_source,2.0,0.12,0.02,0.2,0.2764135338345865,0.412827067669173,False
strong_source,2.0,0.12,0.02,0.2,0.27891729323308273,0.41783458646616545,False
strong_source,2.0,0.12,0.02,0.2,0.28142105263157896,0.4228421052631579,False
strong_source,2.0,0.12,0.02,0.2,0.2839248120300752,0.42784962406015037,False
strong_source,2.0,0.12,0.02,0.2,0.2864285714285714,0.43285714285714283,False
strong_source,2.0,0.12,0.02,0.2,0.2889323308270677,0.4378646616541354,False
strong_source,2.0,0.12,0.02,0.2,0.29143609022556394,0.44287218045112786,False
strong_source,2.0,0.12,0.02,0.2,0.29393984962406017,0.4478796992481203,False
strong_source,2.0,0.12,0.02,0.2,0.2964436090225564,0.4528872180451128,False
strong_source,2.0,0.12,0.02,0.2,0.29894736842105263,0.45789473684210524,False
strong_source,2.0,0.12,0.02,0.2,0.30145112781954886,0.4629022556390977,False
strong_source,2.0,0.12,0.02,0.2,0.30395488721804514,0.4679097744360903,False
strong_source,2.0,0.12,0.02,0.2,0.3064586466165414,0.47291729323308274,False
strong_source,2.0,0.12,0.02,0.2,0.3089624060150376,0.4779248120300752,False
strong_source,2.0,0.12,0.02,0.2,0.31146616541353384,0.48293233082706766,False
strong_source,2.0,0.12,0.02,0.2,0.31396992481203007,0.4879398496240601,False
strong_source,2.0,0.12,0.02,0.2,0.31647368421052635,0.4929473684210527,False
strong_source,2.0,0.12,0.02,0.2,0.3189774436090226,0.49795488721804515,False
strong_source,2.0,0.12,0.02,0.2,0.3214812030075188,0.5029624060150376,False
strong_source,2.0,0.12,0.02,0.2,0.32398496240601504,0.5079699248120301,False
strong_source,2.0,0.12,0.02,0.2,0.3264887218045113,0.5129774436090225,False
strong_source,2.0,0.12,0.02,0.2,0.32899248120300756,0.5179849624060151,False
strong_source,2.0,0.12,0.02,0.2,0.3314962406015038,0.5229924812030076,False
strong_source,2.0,0.12,0.02,0.2,0.334,0.528,False
strong_source,2.0,0.12,0.02,0.2,0.33650375939849625,0.5330075187969925,False
strong_source,2.0,0.12,0.02,0.2,0.3390075187969925,0.538015037593985,False
strong_source,2.0,0.12,0.02,0.2,0.34151127819548877,0.5430225563909775,False
strong_source,2.0,0.12,0.02,0.2,0.344015037593985,0.54803007518797,False
strong_source,2.0,0.12,0.02,0.2,0.3465187969924812,0.5530375939849624,False
strong_source,2.0,0.12,0.02,0.2,0.34902255639097746,0.5580451127819549,False
strong_source,2.0,0.12,0.02,0.2,0.3515263157894737,0.5630526315789474,False
strong_source,2.0,0.12,0.02,0.2,0.3540300751879699,0.5680601503759398,False
strong_source,2.0,0.12,0.02,0.2,0.3565338345864662,0.5730676691729324,False
strong_source,2.0,0.12,0.02,0.2,0.35903759398496243,0.5780751879699249,False
strong_source,2.0,0.12,0.02,0.2,0.36154135338345866,0.5830827067669173,False
strong_source,2.0,0.12,0.02,0.2,0.3640451127819549,0.5880902255639098,False
strong_source,2.0,0.12,0.02,0.2,0.3665488721804511,0.5930977443609022,False
strong_source,2.0,0.12,0.02,0.2,0.3690526315789474,0.5981052631578948,False
strong_source,2.0,0.12,0.02,0.2,0.37155639097744364,0.6031127819548873,False
strong_source,2.0,0.12,0.02,0.2,0.37406015037593987,0.6081203007518797,False
strong_source,2.0,0.12,0.02,0.2,0.3765639097744361,0.6131278195488722,False
strong_source,2.0,0.12,0.02,0.2,0.37906766917293233,0.6181353383458646,False
strong_source,2.0,0.12,0.02,0.2,0.38157142857142856,0.6231428571428571,False
strong_source,2.0,0.12,0.02,0.2,0.38407518796992485,0.6281503759398497,False
strong_source,2.0,0.12,0.02,0.2,0.3865789473684211,0.6331578947368421,False
strong_source,2.0,0.12,0.02,0.2,0.3890827067669173,0.6381654135338346,False
strong_source,2.0,0.12,0.02,0.2,0.39158646616541354,0.6431729323308271,False
strong_source,2.0,0.12,0.02,0.2,0.39409022556390977,0.6481804511278195,False
strong_source,2.0,0.12,0.02,0.2,0.39659398496240605,0.6531879699248121,False
strong_source,2.0,0.12,0.02,0.2,0.3990977443609023,0.6581954887218046,False
strong_source,2.0,0.12,0.02,0.2,0.4016015037593985,0.663203007518797,False
strong_source,2.0,0.12,0.02,0.2,0.40410526315789475,0.6682105263157895,False
strong_source,2.0,0.12,0.02,0.2,0.406609022556391,0.6732180451127819,False
strong_source,2.0,0.12,0.02,0.2,0.40911278195488726,0.6782255639097745,False
strong_source,2.0,0.12,0.02,0.2,0.4116165413533835,0.683233082706767,False
strong_source,2.0,0.12,0.02,0.2,0.4141203007518797,0.6882406015037594,False
strong_source,2.0,0.12,0.02,0.2,0.41662406015037595,0.6932481203007519,False
strong_source,2.0,0.12,0.02,0.2,0.4191278195488722,0.6982556390977444,False
strong_source,2.0,0.12,0.02,0.2,0.42163157894736847,0.7032631578947369,False
strong_source,2.0,0.12,0.02,0.2,0.4241353383458647,0.7082706766917294,False
strong_source,2.0,0.12,0.02,0.2,0.42663909774436093,0.7132781954887218,False
strong_source,2.0,0.12,0.02,0.2,0.42914285714285716,0.7182857142857143,False
strong_source,2.0,0.12,0.02,0.2,0.4316466165413534,0.7232932330827068,False
strong_source,2.0,0.12,0.02,0.2,0.4341503759398496,0.7283007518796992,False
strong_source,2.0,0.12,0.02,0.2,0.4366541353383459,0.7333082706766918,False
strong_source,2.0,0.12,0.02,0.2,0.43915789473684214,0.7383157894736843,False
strong_source,2.0,0.12,0.02,0.2,0.44166165413533837,0.7433233082706767,False
strong_source,2.0,0.12,0.02,0.2,0.4441654135338346,0.7483308270676692,False
strong_source,2.0,0.12,0.02,0.2,0.4466691729323308,0.7533383458646616,False
strong_source,2.0,0.12,0.02,0.2,0.4491729323308271,0.7583458646616542,False
strong_source,2.0,0.12,0.02,0.2,0.45167669172932334,0.7633533834586467,False
strong_source,2.0,0.12,0.02,0.2,0.4541804511278196,0.7683609022556391,False
strong_source,2.0,0.12,0.02,0.2,0.4566842105263158,0.7733684210526316,False
strong_source,2.0,0.12,0.02,0.2,0.45918796992481203,0.778375939849624,False
strong_source,2.0,0.12,0.02,0.2,0.46169172932330826,0.7833834586466165,False
strong_source,2.0,0.12,0.02,0.2,0.46419548872180455,0.7883909774436091,False
strong_source,2.0,0.12,0.02,0.2,0.4666992481203008,0.7933984962406015,False
strong_source,2.0,0.12,0.02,0.2,0.469203007518797,0.798406015037594,False
strong_source,2.0,0.12,0.02,0.2,0.47170676691729324,0.8034135338345865,False
strong_source,2.0,0.12,0.02,0.2,0.47421052631578947,0.8084210526315789,False
strong_source,2.0,0.12,0.02,0.2,0.47671428571428576,0.8134285714285715,False
strong_source,2.0,0.12,0.02,0.2,0.479218045112782,0.818436090225564,False
strong_source,2.0,0.12,0.02,0.2,0.4817218045112782,0.8234436090225564,False
strong_source,2.0,0.12,0.02,0.2,0.48422556390977445,0.8284511278195489,False
strong_source,2.0,0.12,0.02,0.2,0.4867293233082707,0.8334586466165413,False
strong_source,2.0,0.12,0.02,0.2,0.48923308270676696,0.8384661654135339,False
strong_source,2.0,0.12,0.02,0.2,0.4917368421052632,0.8434736842105264,False
strong_source,2.0,0.12,0.02,0.2,0.4942406015037594,0.8484812030075188,False
strong_source,2.0,0.12,0.02,0.2,0.49674436090225565,0.8534887218045113,False
strong_source,2.0,0.12,0.02,0.2,0.4992481203007519,0.8584962406015038,False
strong_source,2.0,0.12,0.02,0.2,0.5017518796992482,0.8635037593984963,False
strong_source,2.0,0.12,0.02,0.2,0.5042556390977444,0.8685112781954888,False
strong_source,2.0,0.12,0.02,0.2,0.5067593984962406,0.8735187969924813,False
strong_source,2.0,0.12,0.02,0.2,0.5092631578947369,0.8785263157894737,False
strong_source,2.0,0.12,0.02,0.2,0.5117669172932331,0.8835338345864662,False
strong_source,2.0,0.12,0.02,0.2,0.5142706766917293,0.8885413533834586,False
strong_source,2.0,0.12,0.02,0.2,0.5167744360902256,0.8935488721804511,False
strong_source,2.0,0.12,0.02,0.2,0.5192781954887218,0.8985563909774436,False
strong_source,2.0,0.12,0.02,0.2,0.5217819548872181,0.9035639097744362,False
strong_source,2.0,0.12,0.02,0.2,0.5242857142857144,0.9085714285714287,False
strong_source,2.0,0.12,0.02,0.2,0.5267894736842106,0.9135789473684212,False
strong_source,2.0,0.12,0.02,0.2,0.5292932330827068,0.9185864661654136,False
strong_source,2.0,0.12,0.02,0.2,0.531796992481203,0.9235939849624061,False
strong_source,2.0,0.12,0.02,0.2,0.5343007518796993,0.9286015037593985,False
strong_source,2.0,0.12,0.02,0.2,0.5368045112781955,0.933609022556391,False
strong_source,2.0,0.12,0.02,0.2,0.5393082706766917,0.9386165413533835,False
strong_source,2.0,0.12,0.02,0.2,0.541812030075188,0.9436240601503759,False
strong_source,2.0,0.12,0.02,0.2,0.5443157894736842,0.9486315789473684,False
strong_source,2.0,0.12,0.02,0.2,0.5468195488721804,0.9536390977443608,False
strong_source,2.0,0.12,0.02,0.2,0.5493233082706768,0.9586466165413535,False
strong_source,2.0,0.12,0.02,0.2,0.551827067669173,0.963654135338346,False
strong_source,2.0,0.12,0.02,0.2,0.5543308270676692,0.9686616541353384,False
strong_source,2.0,0.12,0.02,0.2,0.5568345864661655,0.9736691729323309,False
strong_source,2.0,0.12,0.02,0.2,0.5593383458646617,0.9786766917293234,False
strong_source,2.0,0.12,0.02,0.2,0.5618421052631579,0.9836842105263157,False
strong_source,2.0,0.12,0.02,0.2,0.5643458646616542,0.9886917293233082,False
strong_source,2.0,0.12,0.02,0.2,0.5668496240601504,0.9936992481203006,False
strong_source,2.0,0.12,0.02,0.2,0.5693533834586466,0.9987067669172931,False
strong_source,2.0,0.12,0.02,0.2,0.5718571428571428,1.0037142857142856,False
strong_source,2.0,0.12,0.02,0.2,0.5743609022556391,1.008721804511278,False
strong_source,2.0,0.12,0.02,0.2,0.5768646616541354,1.013729323308271,False
strong_source,2.0,0.12,0.02,0.2,0.5793684210526316,1.0187368421052634,False
strong_source,2.0,0.12,0.02,0.2,0.5818721804511279,1.0237443609022558,False
strong_source,2.0,0.12,0.02,0.2,0.5843759398496241,1.0287518796992483,False
strong_source,2.0,0.12,0.02,0.2,0.5868796992481203,1.0337593984962408,False
strong_source,2.0,0.12,0.02,0.2,0.5893834586466166,1.0387669172932332,False
strong_source,2.0,0.12,0.02,0.2,0.5918872180451128,1.0437744360902257,False
strong_source,2.0,0.12,0.02,0.2,0.594390977443609,1.0487819548872181,False
strong_source,2.0,0.12,0.02,0.2,0.5968947368421053,1.0537894736842106,False
strong_source,2.0,0.12,0.02,0.2,0.5993984962406015,1.058796992481203,False
strong_source,2.0,0.12,0.02,0.2,0.6019022556390977,1.0638045112781955,False
strong_source,2.0,0.12,0.02,0.2,0.6044060150375941,1.068812030075188,False
strong_source,2.0,0.12,0.02,0.2,0.6069097744360903,1.0738195488721805,False
strong_source,2.0,0.12,0.02,0.2,0.6094135338345865,1.078827067669173,False
strong_source,2.0,0.12,0.02,0.2,0.6119172932330827,1.0838345864661654,False
strong_source,2.0,0.12,0.02,0.2,0.614421052631579,1.0888421052631578,False
strong_source,2.0,0.12,0.02,0.2,0.6169248120300752,1.0938496240601503,False
strong_source,2.0,0.12,0.02,0.2,0.6194285714285714,1.0988571428571428,False
strong_source,2.0,0.12,0.02,0.2,0.6219323308270677,1.1038646616541352,False
strong_source,2.0,0.12,0.02,0.2,0.6244360902255639,1.1088721804511277,False
strong_source,2.0,0.12,0.02,0.2,0.6269398496240601,1.1138796992481201,False
strong_source,2.0,0.12,0.02,0.2,0.6294436090225565,1.118887218045113,False
strong_source,2.0,0.12,0.02,0.2,0.6319473684210527,1.1238947368421055,False
strong_source,2.0,0.12,0.02,0.2,0.6344511278195489,1.128902255639098,False
strong_source,2.0,0.12,0.02,0.2,0.6369548872180452,1.1339097744360904,False
strong_source,2.0,0.12,0.02,0.2,0.6394586466165414,1.1389172932330829,False
strong_source,2.0,0.12,0.02,0.2,0.6419624060150376,1.1439248120300753,False
strong_source,2.0,0.12,0.02,0.2,0.6444661654135339,1.1489323308270678,False
strong_source,2.0,0.12,0.02,0.2,0.6469699248120301,1.1539398496240603,False
strong_source,2.0,0.12,0.02,0.2,0.6494736842105263,1.1589473684210527,False
strong_source,2.0,0.12,0.02,0.2,0.6519774436090225,1.1639548872180452,False
strong_source,2.0,0.12,0.02,0.2,0.6544812030075188,1.1689624060150376,False
strong_source,2.0,0.12,0.02,0.2,0.6569849624060151,1.17396992481203,False
strong_source,2.0,0.12,0.02,0.2,0.6594887218045113,1.1789774436090226,False
strong_source,2.0,0.12,0.02,0.2,0.6619924812030076,1.183984962406015,False
strong_source,2.0,0.12,0.02,0.2,0.6644962406015038,1.1889924812030075,False
strong_source,2.0,0.12,0.02,0.2,0.667,1.194,False
strong_source,2.0,0.12,0.02,0.2,0.6695037593984963,1.1990075187969924,False
strong_source,2.0,0.12,0.02,0.2,0.6720075187969925,1.2040150375939849,False
strong_source,2.0,0.12,0.02,0.2,0.6745112781954887,1.2090225563909773,False
strong_source,2.0,0.12,0.02,0.2,0.677015037593985,1.2140300751879698,False
strong_source,2.0,0.12,0.02,0.2,0.6795187969924812,1.2190375939849623,False
strong_source,2.0,0.12,0.02,0.2,0.6820225563909775,1.2240451127819552,False
strong_source,2.0,0.12,0.02,0.2,0.6845263157894738,1.2290526315789476,False
strong_source,2.0,0.12,0.02,0.2,0.68703007518797,1.23406015037594,False
strong_source,2.0,0.12,0.02,0.2,0.6895338345864662,1.2390676691729325,False
strong_source,2.0,0.12,0.02,0.2,0.6920375939849625,1.244075187969925,False
strong_source,2.0,0.12,0.02,0.2,0.6945413533834587,1.2490827067669175,False
strong_source,2.0,0.12,0.02,0.2,0.6970451127819549,1.25409022556391,False
strong_source,2.0,0.12,0.02,0.2,0.6995488721804511,1.2590977443609024,False
strong_source,2.0,0.12,0.02,0.2,0.7020526315789474,1.2641052631578948,False
strong_source,2.0,0.12,0.02,0.2,0.7045563909774436,1.2691127819548873,False
strong_source,2.0,0.12,0.02,0.2,0.7070601503759398,1.2741203007518798,False
strong_source,2.0,0.12,0.02,0.2,0.7095639097744362,1.2791278195488722,False
strong_source,2.0,0.12,0.02,0.2,0.7120676691729324,1.2841353383458647,False
strong_source,2.0,0.12,0.02,0.2,0.7145714285714286,1.2891428571428571,False
strong_source,2.0,0.12,0.02,0.2,0.7170751879699249,1.2941503759398496,False
strong_source,2.0,0.12,0.02,0.2,0.7195789473684211,1.299157894736842,False
strong_source,2.0,0.12,0.02,0.2,0.7220827067669173,1.3041654135338345,False
strong_source,2.0,0.12,0.02,0.2,0.7245864661654136,1.309172932330827,False
strong_source,2.0,0.12,0.02,0.2,0.7270902255639098,1.3141804511278194,False
strong_source,2.0,0.12,0.02,0.2,0.729593984962406,1.319187969924812,False
strong_source,2.0,0.12,0.02,0.2,0.7320977443609022,1.3241954887218044,False
strong_source,2.0,0.12,0.02,0.2,0.7346015037593985,1.3292030075187968,False
strong_source,2.0,0.12,0.02,0.2,0.7371052631578948,1.3342105263157897,False
strong_source,2.0,0.12,0.02,0.2,0.739609022556391,1.3392180451127822,False
strong_source,2.0,0.12,0.02,0.2,0.7421127819548873,1.3442255639097747,False
strong_source,2.0,0.12,0.02,0.2,0.7446165413533835,1.3492330827067671,False
strong_source,2.0,0.12,0.02,0.2,0.7471203007518797,1.3542406015037596,False
strong_source,2.0,0.12,0.02,0.2,0.749624060150376,1.359248120300752,False
strong_source,2.0,0.12,0.02,0.2,0.7521278195488722,1.3642556390977445,False
strong_source,2.0,0.12,0.02,0.2,0.7546315789473684,1.369263157894737,False
strong_source,2.0,0.12,0.02,0.2,0.7571353383458647,1.3742706766917294,False
strong_source,2.0,0.12,0.02,0.2,0.7596390977443609,1.3792781954887219,False
strong_source,2.0,0.12,0.02,0.2,0.7621428571428571,1.3842857142857143,False
strong_source,2.0,0.12,0.02,0.2,0.7646466165413535,1.3892932330827068,False
strong_source,2.0,0.12,0.02,0.2,0.7671503759398497,1.3943007518796993,False
strong_source,2.0,0.12,0.02,0.2,0.7696541353383459,1.3993082706766917,False
strong_source,2.0,0.12,0.02,0.2,0.7721578947368422,1.4043157894736842,False
strong_source,2.0,0.12,0.02,0.2,0.7746616541353384,1.4093233082706766,False
strong_source,2.0,0.12,0.02,0.2,0.7771654135338346,1.414330827067669,False
strong_source,2.0,0.12,0.02,0.2,0.7796691729323308,1.4193383458646616,False
strong_source,2.0,0.12,0.02,0.2,0.7821729323308271,1.424345864661654,False
strong_source,2.0,0.12,0.02,0.2,0.7846766917293233,1.4293533834586465,False
strong_source,2.0,0.12,0.02,0.2,0.7871804511278195,1.434360902255639,False
strong_source,2.0,0.12,0.02,0.2,0.7896842105263159,1.4393684210526319,False
strong_source,2.0,0.12,0.02,0.2,0.7921879699248121,1.4443759398496243,False
strong_source,2.0,0.12,0.02,0.2,0.7946917293233083,1.4493834586466168,False
strong_source,2.0,0.12,0.02,0.2,0.7971954887218046,1.4543909774436092,False
strong_source,2.0,0.12,0.02,0.2,0.7996992481203008,1.4593984962406017,False
strong_source,2.0,0.12,0.02,0.2,0.802203007518797,1.4644060150375942,False
strong_source,2.0,0.12,0.02,0.2,0.8047067669172933,1.4694135338345866,False
strong_source,2.0,0.12,0.02,0.2,0.8072105263157895,1.474421052631579,False
strong_source,2.0,0.12,0.02,0.2,0.8097142857142857,1.4794285714285715,False
strong_source,2.0,0.12,0.02,0.2,0.812218045112782,1.484436090225564,False
strong_source,2.0,0.12,0.02,0.2,0.8147218045112782,1.4894436090225565,False
strong_source,2.0,0.12,0.02,0.2,0.8172255639097745,1.494451127819549,False
strong_source,2.0,0.12,0.02,0.2,0.8197293233082708,1.4994586466165414,False
strong_source,2.0,0.12,0.02,0.2,0.822233082706767,1.5044661654135338,False
strong_source,2.0,0.12,0.02,0.2,0.8247368421052632,1.5094736842105263,False
strong_source,2.0,0.12,0.02,0.2,0.8272406015037594,1.5144812030075188,False
strong_source,2.0,0.12,0.02,0.2,0.8297443609022557,1.5194887218045112,False
strong_source,2.0,0.12,0.02,0.2,0.8322481203007519,1.5244962406015037,False
strong_source,2.0,0.12,0.02,0.2,0.8347518796992481,1.5295037593984961,False
strong_source,2.0,0.12,0.02,0.2,0.8372556390977444,1.5345112781954886,False
strong_source,2.0,0.12,0.02,0.2,0.8397593984962406,1.539518796992481,False
strong_source,2.0,0.12,0.02,0.2,0.8422631578947369,1.544526315789474,False
strong_source,2.0,0.12,0.02,0.2,0.8447669172932332,1.5495338345864664,False
strong_source,2.0,0.12,0.02,0.2,0.8472706766917294,1.554541353383459,False
strong_source,2.0,0.12,0.02,0.2,0.8497744360902256,1.5595488721804514,False
strong_source,2.0,0.12,0.02,0.2,0.8522781954887219,1.5645563909774438,False
strong_source,2.0,0.12,0.02,0.2,0.8547819548872181,1.5695639097744363,False
strong_source,2.0,0.12,0.02,0.2,0.8572857142857143,1.5745714285714287,False
strong_source,2.0,0.12,0.02,0.2,0.8597894736842105,1.5795789473684212,False
strong_source,2.0,0.12,0.02,0.2,0.8622932330827068,1.5845864661654137,False
strong_source,2.0,0.12,0.02,0.2,0.864796992481203,1.5895939849624061,False
strong_source,2.0,0.12,0.02,0.2,0.8673007518796992,1.5946015037593986,False
strong_source,2.0,0.12,0.02,0.2,0.8698045112781956,1.599609022556391,False
strong_source,2.0,0.12,0.02,0.2,0.8723082706766918,1.6046165413533835,False
strong_source,2.0,0.12,0.02,0.2,0.874812030075188,1.609624060150376,False
strong_source,2.0,0.12,0.02,0.2,0.8773157894736843,1.6146315789473684,False
strong_source,2.0,0.12,0.02,0.2,0.8798195488721805,1.6196390977443609,False
strong_source,2.0,0.12,0.02,0.2,0.8823233082706767,1.6246466165413533,False
strong_source,2.0,0.12,0.02,0.2,0.884827067669173,1.6296541353383458,False
strong_source,2.0,0.12,0.02,0.2,0.8873308270676692,1.6346616541353383,False
strong_source,2.0,0.12,0.02,0.2,0.8898345864661654,1.6396691729323307,False
strong_source,2.0,0.12,0.02,0.2,0.8923383458646617,1.6446766917293232,False
strong_source,2.0,0.12,0.02,0.2,0.8948421052631579,1.6496842105263156,False
strong_source,2.0,0.12,0.02,0.2,0.8973458646616542,1.6546917293233085,False
strong_source,2.0,0.12,0.02,0.2,0.8998496240601505,1.659699248120301,False
strong_source,2.0,0.12,0.02,0.2,0.9023533834586467,1.6647067669172935,False
strong_source,2.0,0.12,0.02,0.2,0.9048571428571429,1.669714285714286,False
strong_source,2.0,0.12,0.02,0.2,0.9073609022556391,1.6747218045112784,False
strong_source,2.0,0.12,0.02,0.2,0.9098646616541354,1.6797293233082708,False
strong_source,2.0,0.12,0.02,0.2,0.9123684210526316,1.6847368421052633,False
strong_source,2.0,0.12,0.02,0.2,0.9148721804511278,1.6897443609022558,False
strong_source,2.0,0.12,0.02,0.2,0.9173759398496241,1.6947518796992482,False
strong_source,2.0,0.12,0.02,0.2,0.9198796992481203,1.6997593984962407,False
strong_source,2.0,0.12,0.02,0.2,0.9223834586466165,1.7047669172932332,False
strong_source,2.0,0.12,0.02,0.2,0.9248872180451129,1.7097744360902256,False
strong_source,2.0,0.12,0.02,0.2,0.9273909774436091,1.714781954887218,False
strong_source,2.0,0.12,0.02,0.2,0.9298947368421053,1.7197894736842105,False
strong_source,2.0,0.12,0.02,0.2,0.9323984962406016,1.724796992481203,False
strong_source,2.0,0.12,0.02,0.2,0.9349022556390978,1.7298045112781955,False
strong_source,2.0,0.12,0.02,0.2,0.937406015037594,1.734812030075188,False
strong_source,2.0,0.12,0.02,0.2,0.9399097744360903,1.7398195488721804,False
strong_source,2.0,0.12,0.02,0.2,0.9424135338345865,1.7448270676691728,False
strong_source,2.0,0.12,0.02,0.2,0.9449172932330827,1.7498345864661653,False
strong_source,2.0,0.12,0.02,0.2,0.9474210526315789,1.7548421052631578,False
strong_source,2.0,0.12,0.02,0.2,0.9499248120300753,1.7598496240601507,False
strong_source,2.0,0.12,0.02,0.2,0.9524285714285715,1.7648571428571431,False
strong_source,2.0,0.12,0.02,0.2,0.9549323308270677,1.7698646616541356,False
strong_source,2.0,0.12,0.02,0.2,0.957436090225564,1.774872180451128,False
strong_source,2.0,0.12,0.02,0.2,0.9599398496240602,1.7798796992481205,False
strong_source,2.0,0.12,0.02,0.2,0.9624436090225564,1.784887218045113,False
strong_source,2.0,0.12,0.02,0.2,0.9649473684210527,1.7898947368421054,False
strong_source,2.0,0.12,0.02,0.2,0.9674511278195489,1.7949022556390979,False
strong_source,2.0,0.12,0.02,0.2,0.9699548872180451,1.7999097744360903,False
strong_source,2.0,0.12,0.02,0.2,0.9724586466165414,1.8049172932330828,False
strong_source,2.0,0.12,0.02,0.2,0.9749624060150376,1.8099248120300753,False
strong_source,2.0,0.12,0.02,0.2,0.9774661654135339,1.8149323308270677,False
strong_source,2.0,0.12,0.02,0.2,0.9799699248120302,1.8199398496240602,False
strong_source,2.0,0.12,0.02,0.2,0.9824736842105264,1.8249473684210527,False
strong_source,2.0,0.12,0.02,0.2,0.9849774436090226,1.8299548872180451,False
strong_source,2.0,0.12,0.02,0.2,0.9874812030075188,1.8349624060150376,False
strong_source,2.0,0.12,0.02,0.2,0.9899849624060151,1.83996992481203,False
strong_source,2.0,0.12,0.02,0.2,0.9924887218045113,1.8449774436090225,False
strong_source,2.0,0.12,0.02,0.2,0.9949924812030075,1.849984962406015,False
strong_source,2.0,0.12,0.02,0.2,0.9974962406015038,1.8549924812030074,False
strong_source,2.0,0.12,0.02,0.2,1.0,1.8599999999999999,False
