scenario,M,muntz_error_proxy,total_error_proxy,visibility_lower_bound,effective_source_strength_proxy
easy_floored_visibility,100.0,0.18,0.3,0.91,4.1907048692491635
easy_floored_visibility,107.6374673044853,0.17555165382591764,0.29555165382591764,0.912649219920765,4.270074692102182
easy_floored_visibility,115.85824367724153,0.17121323978341565,0.2912132397834156,0.9151948489748469,4.349342170905743
easy_floored_visibility,124.70687915764175,0.1669820411159557,0.2869820411159557,0.9176413080769199,4.4285057684123466
easy_floored_visibility,134.23132627975076,0.1628554082062966,0.2828554082062966,0.9199928180484493,4.507564268497596
easy_floored_visibility,144.48319993674372,0.1588307569172794,0.27883075691727943,0.922253408996937,4.586516749171794
easy_floored_visibility,155.5180570923866,0.15490556697361507,0.27490556697361507,0.9244269292469153,4.665362557471141
easy_floored_visibility,167.3956978553886,0.15107738038366422,0.27107738038366425,0.9265170538443301,4.74410128610836
easy_floored_visibility,180.1804895482089,0.1473437999002195,0.2673437999002195,0.9285272926549114,4.822732751769989
easy_floored_visibility,193.9417155265149,0.14370248751932563,0.2637024875193256,0.9304609980761199,4.901256974954338
easy_floored_visibility,208.75395063961057,0.14015116301619943,0.26015116301619945,0.9323213723813188,4.979674161250628
easy_floored_visibility,224.69746536653219,0.13668760251733109,0.2566876025173311,0.9341114747139047,5.057984683965865
easy_floored_visibility,241.85866081790826,0.133309637107873,0.253309637107873,0.9358342277482776,5.136189068011774
easy_floored_visibility,260.33053696094225,0.13001515147344456,0.25001515147344455,0.9374924240337106,5.214287974969447
easy_floored_visibility,280.21319660492526,0.12680208257550216,0.24680208257550215,0.939088732036395,5.292282189254457
easy_floored_visibility,301.6143878784798,0.12366841835944428,0.24366841835944428,0.9406257018942068,5.370172605309969
easy_floored_visibility,324.6500881383222,0.12061219649464401,0.240612196494644,0.9421057708980228,5.447960215759808
easy_floored_visibility,349.4451324738696,0.11763150314561832,0.23763150314561832,0.943531268712754,5.52564610045773
easy_floored_visibility,376.1338902136767,0.11472447177356628,0.23472447177356626,0.9449044223506203,5.6032314163730605
easy_floored_visibility,404.86099309983484,0.11188928196752428,0.23188928196752429,0.9462273609085861,5.680717388256617
easy_floored_visibility,435.78211907644965,0.10912415830440726,0.22912415830440724,0.947502120081297,5.7581053000343445
easy_floored_visibility,469.06483593970665,0.1064273692372219,0.2264273692372219,0.9487306464603108,5.83539648687935
easy_floored_visibility,504.88950942143936,0.10379722601075499,0.22379722601075497,0.9499148016298911,5.912592327916214
easy_floored_visibility,543.4502806272785,0.10123208160405883,0.22123208160405883,0.951056366069135,5.989694239514242
easy_floored_visibility,584.9561181263206,0.09873032969907101,0.21873032969907102,0.9521570428697357,6.066703669129198
easy_floored_visibility,629.6319503938047,0.0962904036747224,0.2162904036747224,0.9532184612782256,6.143622089655507
easy_floored_visibility,677.7198847437253,0.09391077562590405,0.21391077562590405,0.9542421800711242,6.220450994253445
easy_floored_visibility,729.4805193570227,0.09158995540667854,0.21158995540667852,0.9552296907709998,6.29719189161801
easy_floored_visibility,785.1943555155049,0.08932648969713591,0.2093264896971359,0.9561824207110748,6.373846301658387
easy_floored_visibility,845.1633176946664,0.08711896109331112,0.20711896109331113,0.9571017359556275,6.450415751558844
easy_floored_visibility,909.7123897530997,0.0849659872195919,0.20496598721959192,0.9579889440830981,6.526901772193852
easy_floored_visibility,979.1913760853446,0.08286621986306189,0.2028662198630619,0.9588452968384719,6.603305894871936
easy_floored_visibility,1053.9767972822035,0.08081834412923676,0.20081834412923677,0.9596719926611914,6.6796296483844495
easy_floored_visibility,1134.4739305714943,0.07882107761866473,0.19882107761866474,0.9604701790945529,6.755874556337012
easy_floored_visibility,1221.1190060968013,0.07687316962387565,0.19687316962387563,0.9612409550822487,6.832042134742811
easy_floored_visibility,1314.3815709363002,0.07497340034617593,0.19497340034617594,0.9619853731574498,6.908133889858354
easy_floored_visibility,1414.767033672742,0.07312058013179894,0.19312058013179895,0.9627044415295574,6.984151316243519
easy_floored_visibility,1522.819403304134,0.07131354872693244,0.19131354872693243,0.9633991260735076,7.060095895028967
easy_floored_visibility,1639.1242373378452,0.06955117455115642,0.18955117455115642,0.964070352226277,7.1359690923751415
easy_floored_visibility,1764.311815044419,0.06783235398883657,0.18783235398883658,0.9647190067950124,7.211772358108075
easy_floored_visibility,1899.0605530676075,0.06615601069802966,0.18615601069802967,0.965345939680995,7.287507124518283
easy_floored_visibility,2044.1006819005238,0.06452109493646783,0.18452109493646784,0.965951965523447,7.363174805309934
easy_floored_visibility,2200.2182031514394,0.06292658290419981,0.1829265829041998,0.9665378652669929,7.438776794688327
easy_floored_visibility,2368.2591490444643,0.06137147610247774,0.18137147610247772,0.9671043876564084,7.514314466574571
easy_floored_visibility,2549.1341672382173,0.059854800708487504,0.1798548007084875,0.9676522506621102,7.589789173937112
easy_floored_visibility,2743.8234558085023,0.058375606965531596,0.1783756069655316,0.9681821428396782,7.665202248230472
easy_floored_visibility,2953.382075138675,0.05693296858828238,0.1769329685882824,0.9686947246265378,7.740554998932186
easy_floored_visibility,3178.9456655039207,0.055525982182733295,0.1755259821827333,0.9691906295787868,7.815848713169683
easy_floored_visibility,3421.736601334139,0.0541537666804848,0.1741537666804848,0.9696704655509992,7.891084655429265
easy_floored_visibility,3683.0706155066437,0.052815462787011,0.172815462787011,0.9701348158217112,7.966264067340049
easy_floored_visibility,3964.363929567069,0.05151023244356106,0.17151023244356106,0.9705842401671556,8.041388167526165
easy_floored_visibility,4267.140928518563,0.0502372583023588,0.1702372583023588,0.9710192758856959,8.116458151521002
easy_floored_visibility,4593.042421770482,0.048995743214771646,0.16899574321477165,0.971440438775287,8.191475191737752
easy_floored_visibility,4943.834535014343,0.047784909732128594,0.1677849097321286,0.9718482240661814,8.266440437490909
easy_floored_visibility,5321.418281213916,0.04660399961887423,0.16660399961887423,0.9722431073109942,8.341355015063801
easy_floored_visibility,5727.839862576538,0.045452273377754475,0.16545227337775448,0.9726255452341328,8.416220027817564
easy_floored_visibility,6165.3017593340965,0.04432900978673626,0.16432900978673626,0.9729959765425107,8.491036556337326
easy_floored_visibility,6636.174665426095,0.043233505447371326,0.1632335054473713,0.973354822699363,8.56580565861171
easy_floored_visibility,7143.010335766557,0.042165074344321415,0.16216507434432142,0.9737024886629007,8.640528370242011
easy_floored_visibility,7688.555414716732,0.04112304741576887,0.16112304741576886,0.9740393635914559,8.71520570467774
easy_floored_visibility,8275.766320702956,0.04010677213444363,0.16010677213444363,0.9743658215166894,8.789838653475432
easy_floored_visibility,8907.82526764226,0.03911561209900448,0.1591156120990045,0.9746822219863591,8.864428186577944
easy_floored_visibility,9588.157509999117,0.0381489466355184,0.1581489466355184,0.9749889106780759,8.93897525261153
easy_floored_visibility,10320.449904927851,0.03720617040878851,0.1572061704087885,0.975286219985403,9.013480779198408
easy_floored_visibility,11108.67089209251,0.03628669304328744,0.15628669304328743,0.9755744695775932,9.08794567328254
easy_floored_visibility,11957.091999438964,0.03538993875345849,0.1553899387534585,0.9758539669341965,9.162370821466642
easy_floored_visibility,12870.310991463355,0.034515345983153166,0.15451534598315317,0.9761250078557064,9.236757090358545
easy_floored_visibility,13853.276785421931,0.03366236705397936,0.15366236705397934,0.9763878769513681,9.311105326925253
easy_floored_visibility,14911.316270508398,0.032830467822339775,0.15283046782233978,0.9766428481052047,9.385416358853112
easy_floored_visibility,16050.163175336857,0.03201912734494623,0.15201912734494621,0.976890184921281,9.459690994912672
easy_floored_visibility,17275.989140169768,0.03122783755259985,0.15122783755259983,0.9771301411491645,9.533930025327018
easy_floored_visibility,18595.43716227668,0.030456102932033328,0.15045610293203332,0.9773629610905054,9.608134222142322
easy_floored_visibility,20015.65759567169,0.02970344021561572,0.1497034402156157,0.9775888799876096,9.682304339599611
easy_floored_visibility,21544.346900318822,0.028969378078725634,0.14896937807872562,0.9778081243948377,9.756441114506757
easy_floored_visibility,23189.78935079559,0.02825345684460315,0.14825345684460314,0.9780209125336254,9.830545266609862
easy_floored_visibility,24960.90193044159,0.027555228196495994,0.147555228196496,0.97822745463188,9.904617498963193
easy_floored_visibility,26867.28265428373,0.026874254896919046,0.14687425489691905,0.9784279532484749,9.978658498297053
easy_floored_visibility,28919.262582608328,0.02621011051385224,0.14621011051385224,0.9786226035835272,10.052668935382862
easy_floored_visibility,31127.96180705332,0.02556237915370462,0.14556237915370462,0.9788115937751132,10.126649465394967
easy_floored_visibility,33505.349712619725,0.02493065520087781,0.1449306552008778,0.9789951051830442,10.200600728268666
easy_floored_visibility,36064.30984217447,0.02431454306376565,0.14431454306376565,0.9791733126602965,10.274523349053965
easy_floored_visibility,38818.709714958786,0.02371365692703087,0.14371365692703086,0.9793463848126597,10.348417938264733
easy_floored_visibility,41783.47597746186,0.023127620510003867,0.14312762051000386,0.9795144842471444,10.422285092222905
easy_floored_visibility,44974.67529391802,0.022556066831052164,0.14255606683105215,0.9796777678096606,10.496125393397417
easy_floored_visibility,48409.60141478949,0.021998637977772958,0.14199863797777296,0.9798363868124573,10.569939410737657
easy_floored_visibility,52106.86889507574,0.0214549848828649,0.1414549848828649,0.9799904872517885,10.643727700001204
easy_floored_visibility,56086.51397032811,0.020924767105538877,0.14092476710553886,0.9801402100162496,10.717490804075654
easy_floored_visibility,60370.10313703756,0.0204076526183306,0.1404076526183306,0.9802856910862102,10.791229253294457
easy_floored_visibility,64980.85002581279,0.019903317599181986,0.13990331759918198,0.9804270617247424,10.864943565746545
easy_floored_visibility,69943.74120071094,0.01941144622866049,0.13941144622866047,0.9805644486604334,10.938634247579776
easy_floored_visibility,75285.67156644912,0.018931730492190116,0.1389317304921901,0.9806979742624454,11.012301793298011
easy_floored_visibility,81035.59011729894,0.018463869987169597,0.13846386998716959,0.9808277567081762,11.085946686051896
easy_floored_visibility,87224.65681750428,0.018007571734857494,0.1380075717348575,0.9809539101438481,11.159569397923212
easy_floored_visibility,93886.41146339076,0.01756254999690601,0.137562549996906,0.9810765448383487,11.233170390202899
easy_floored_visibility,101056.95544226166,0.017128526096428974,0.13712852609642898,0.981195767330621,11.306750113662641
easy_floored_visibility,108775.14737307279,0.01670522824349164,0.13670522824349163,0.9813116805708949,11.380309008820161
easy_floored_visibility,117082.81368909703,0.016292391364913256,0.13629239136491325,0.9814243840560333,11.453847506198159
easy_floored_visibility,126024.97530377338,0.015889756938275674,0.13588975693827568,0.9815339739592563,11.527366026577019
easy_floored_visibility,135650.09158808488,0.015497072830034129,0.13549707283003412,0.9816405432544925,11.600864981241285
easy_floored_visibility,146010.32298162905,0.015114093137628811,0.13511409313762882,0.9817441818355962,11.674344772220019
easy_floored_visibility,157161.81366052452,0.014740578035498279,0.13474057803549827,0.9818449766306598,11.7478057925211
easy_floored_visibility,169164.99579398302,0.014376293624898444,0.13437629362489845,0.9819430117116351,11.82124842635953
easy_floored_visibility,182084.91703838258,0.014021011787432877,0.13402101178743286,0.9820383683994728,11.894673049379879
easy_floored_visibility,195991.59304358842,0.013674510042202926,0.13367451004220293,0.9821311253649769,11.968080028872919
easy_floored_visibility,210960.3868818326,0.01333657140648801,0.133336571406488,0.9822213587255625,12.041469723986586
easy_floored_visibility,227072.417455348,0.013006984259868976,0.13300698425986898,0.982309142138095,12.114842485931343
easy_floored_visibility,244414.99909600482,0.012685542211709321,0.1326855422117093,0.9823945468879847,12.188198658180083
easy_floored_visibility,263082.11473921995,0.012372043971911452,0.13237204397191144,0.9824776419746983,12.26153857666263
easy_floored_visibility,283174.92523637664,0.01206629322486683,0.13206629322486682,0.9825584941938434,12.334862569955032
easy_floored_visibility,304802.3175658059,0.011768098506521316,0.13176809850652133,0.9826371682159757,12.40817095946366
easy_floored_visibility,328081.4949132081,0.01147727308447849,0.13147727308447849,0.9827137266622694,12.481464059604319
easy_floored_visibility,353138.61181927135,0.011193634841066051,0.13119363484106605,0.982788230177189,12.554742177976417
easy_floored_visibility,380109.45783648104,0.010917006159291993,0.130917006159292,0.982860737498288,12.62800561553237
easy_floored_visibility,409140.1933999982,0.01064721381161911,0.13064721381161912,0.9829313055232611,12.701254666742283
easy_floored_visibility,440388.1419004314,0.010384088851488258,0.13038408885148825,0.9829999893743672,12.774489619754107
easy_floored_visibility,474022.64225090767,0.010127466507522428,0.13012746650752244,0.9830668424603336,12.84771075654932
easy_floored_visibility,510225.9665686785,0.009877186080345289,0.1298771860803453,0.9831319165358514,12.92091835309428
easy_floored_visibility,549194.307944356,0.009633090841949713,0.1296330908419497,0.9831952617587628,12.99411267948735
easy_floored_visibility,591138.8436516998,0.00939502793755319,0.1293950279375532,0.9832569267450398,13.067294000101926
easy_floored_visibility,636286.8795597116,0.009162848289878678,0.12916284828987867,0.9833169586216458,13.140462573725458
easy_floored_visibility,684883.0819488135,0.008936406505801022,0.12893640650580102,0.9833754030773708,13.213618653694562
easy_floored_visibility,737190.8034066062,0.008715560785300327,0.12871556078530033,0.9834323044117257,13.286762488026392
easy_floored_visibility,793493.509988459,0.008500172832665477,0.12850017283266546,0.9834877055819751,13.359894319546285
easy_floored_visibility,854096.3173770412,0.008290107769891994,0.128290107769892,0.9835416482483895,13.433014386011871
easy_floored_visibility,919327.6443655248,0.008085234052220168,0.12808523405222016,0.9835941728177879,13.50612292023369
easy_floored_visibility,989540.9926250376,0.007885423385760421,0.12788542338576042,0.9836453184854448,13.57922015019246
easy_floored_visibility,1065116.8624012552,0.007690550647154492,0.12769055064715448,0.9836951232754265,13.652306299153047
easy_floored_visibility,1146464.8145217095,0.00750049380522196,0.12750049380522196,0.9837436240794245,13.725381585775272
easy_floored_visibility,1234025.6898882343,0.00731513384454314,0.12731513384454313,0.9837908566941461,13.79844622422165
easy_floored_visibility,1328273.9984823987,0.0071343546909305045,0.1271343546909305,0.9838368558573207,13.871500424262104
easy_floored_visibility,1429720.4908304699,0.006958043138741913,0.1269580431387419,0.9838816552823814,13.944544391375805
easy_floored_visibility,1538914.9258631752,0.0067860887799901185,0.12678608877999012,0.9839252876918725,14.017578326850197
easy_floored_visibility,1656449.0501698211,0.006618383935204271,0.12661838393520428,0.9839677848496372,14.09060242787727
easy_floored_visibility,1782959.8047919965,0.0064548235859999735,0.12645482358599996,0.9840091775918336,14.163616887647215
easy_floored_visibility,1919132.776935102,0.006295305309315752,0.12629530530931574,0.9840494958568268,14.236621895439505
easy_floored_visibility,2065705.9153031833,0.006139729213274777,0.12613972921327476,0.9840887687140017,14.309617636711474
easy_floored_visibility,2223473.529191285,0.005987997874631596,0.12598799787463158,0.9841270243915419,14.382604293184508
easy_floored_visibility,2393290.593007152,0.005840016277764761,0.12584001627776475,0.984164290303212,14.455582042927892
easy_floored_visibility,2576077.379549398,0.005695691755177129,0.1256956917551771,0.9842005930741875,14.528551060440392
easy_floored_visibility,2772824.4471507277,0.0055549339294666015,0.1255549339294666,0.9842359585659672,14.601511516729643
easy_floored_visibility,2984598.007712637,0.0054176546567309206,0.1254176546567309,0.984270411900405,14.674463579389405
easy_floored_visibility,3212545.7047220124,0.005283767971371095,0.12528376797137109,0.9843039774828957,14.74740741267479
easy_floored_visibility,3457902.8325618063,0.00515319003225894,0.12515319003225894,0.9843366790247493,14.820343177575445
easy_floored_visibility,3721999.0308195814,0.005025839070234951,0.12502583907023496,0.9843685395647838,14.893271031886849
easy_floored_visibility,4006265.4898716905,0.004901635336903655,0.12490163533690365,0.9843995814901672,14.966191130279713
easy_floored_visibility,4312242.706791523,0.004780501054694419,0.12478050105469442,0.9844298265565394,15.039103624367561
easy_floored_visibility,4641588.833612773,0.004662360368156384,0.12466236036815638,0.9844592959074399,15.112008662772565
easy_floored_visibility,4996088.663188593,0.004547139296457041,0.12454713929645704,0.984488010093069,15.184906391189694
easy_floored_visibility,5377663.301342724,0.004434765687054738,0.12443476568705474,0.9845159890884078,15.257796952449148
easy_floored_visibility,5788380.577728073,0.004325169170516064,0.12432516917051606,0.9845432523107226,15.330680486577284
easy_floored_visibility,6230466.251811239,0.004218281116449818,0.12421828111644981,0.9845698186364746,15.403557130855917
easy_floored_visibility,6706316.074710319,0.00411403459053002,0.12411403459053001,0.9845957064176607,15.476427019880159
easy_floored_visibility,7218508.772251754,0.004012364312580985,0.12401236431258097,0.9846209334976037,15.549290285614788
easy_floored_visibility,7769820.019603893,0.003913206615698238,0.12391320661569824,0.9846455172262153,15.62214705744922
easy_floored_visibility,8363237.483218501,0.0038164994063797095,0.1238164994063797,0.98466947447475,15.694997462251095
easy_floored_visibility,9001977.011595782,0.003722182125642171,0.12372218212564216,0.9846928216500694,15.76784162441856
easy_floored_visibility,9689500.062613683,0.0036301957110986276,0.12363019571109862,0.9847155747084354,15.840679665931246
easy_floored_visibility,10429532.461863896,0.0035404825599728725,0.12354048255997287,0.984737749168849,15.913511706400028
easy_floored_visibility,11226084.593649443,0.00345298649302809,0.12345298649302809,0.9847593601259522,15.98633786311554
easy_floored_visibility,12083473.134063268,0.003367652719386872,0.12336765271938686,0.9847804222625087,16.059158251095553
easy_floored_visibility,13006344.443923628,0.0032844278022206345,0.12328442780222063,0.984800949861479,16.13197298313122
easy_floored_visibility,13999699.748337049,0.003203259625286979,0.12320325962528697,0.9848209568177041,16.204782169832168
easy_floored_visibility,15068922.239342386,0.0031240973602939923,0.12312409736029399,0.9848404566492128,16.277585919670592
easy_floored_visibility,16219806.248510491,0.003046891435071077,0.12304689143507107,0.9848594625081658,16.35038433902427
easy_floored_visibility,17458588.64759136,0.002971593502526395,0.12297159350252639,0.9848779871914494,16.42317753221858
easy_floored_visibility,18791982.647375714,0.002898156410371444,0.12289815641037144,0.9848960431509319,16.495965601567544
easy_floored_visibility,20227214.177933604,0.0028265341715938428,0.12282653417159384,0.9849136425033943,16.568748647413933
easy_floored_visibility,21772061.04738152,0.0027566819356598287,0.12275668193565982,0.9849307970401473,16.641526768168433
easy_floored_visibility,23434895.091387887,0.0026885559604284148,0.12268855596042841,0.9849475182363449,16.71430006034793
easy_floored_visibility,25224727.54183304,0.002622113584759649,0.12262211358475965,0.9849638172600063,16.78706861861293
easy_floored_visibility,27151257.86048606,0.0025573132017997877,0.12255731320179979,0.9849797049807559,16.85983253580415
easy_floored_visibility,29224926.302337207,0.0024941142329266957,0.12249411423292669,0.9849951919782907,16.93259190297823
easy_floored_visibility,31456970.493438102,0.00243247710233912,0.12243247710233912,0.9850102885505853,17.00534680944276
easy_floored_visibility,33859486.32985606,0.0023723632122739356,0.12237236321227393,0.9850250047218433,17.078097342790393
easy_floored_visibility,36445493.52776552,0.0023137349188358655,0.12231373491883586,0.9850393502502047,17.15084358893235
easy_floored_visibility,39229006.17990688,0.002256555508424509,0.1222565555084245,0.9850533346352155,17.223585632131087
easy_floored_visibility,42225108.70077182,0.0022007891747439275,0.12220078917474392,0.9850669671250698,17.296323555032323
easy_floored_visibility,45450037.57207669,0.002146400996380405,0.1221464009963804,0.9850802567236314,17.369057438696313
easy_floored_visibility,48921269.33152029,0.0020933569149343204,0.12209335691493431,0.9850932121972424,17.44178736262851
easy_floored_visibility,52657615.281654395,0.0020416237136924482,0.12204162371369244,0.9851058420813255,17.514513404809545
easy_floored_visibility,56679323.432112455,0.0019911689968273387,0.12199116899682734,0.9851181546867875,17.587235641724565
easy_floored_visibility,61008188.22764346,0.0019419611691107374,0.12194196116911073,0.9851301581062311,17.659954148391957
easy_floored_visibility,65667668.656588644,0.001893969416128347,0.12189396941612834,0.98514186021998,17.732668998391496
easy_floored_visibility,70683015.37985341,0.001847163684983549,0.12184716368498355,0.9851532687019249,17.805380263891863
easy_floored_visibility,76081407.56931394,0.001801514665477992,0.12180151466547799,0.9851643910251954,17.878088015677598
easy_floored_visibility,81892100.19721259,0.0017569937717572565,0.12175699377175725,0.9851752344676643,17.950792323175566
easy_floored_visibility,88146582.57473113,0.0017135731244101288,0.12171357312441013,0.9851858061172889,18.023493254480755
easy_floored_visibility,94878748.99889745,0.0016712255330102387,0.12167122553301024,0.9851961128772954,18.09619087638166
easy_floored_visibility,102125082.43259259,0.0016299244790891581,0.12162992447908916,0.9852061614712111,18.16888525438509
easy_floored_visibility,109924852.21306062,0.001589644099530272,0.12158964409953027,0.9852159584477496,18.241576452740496
easy_floored_visibility,118320326.86033702,0.0015503591703730601,0.12155035917037306,0.9852255101855533,18.3142645344638
easy_floored_visibility,127357003.13885553,0.0015120450910176013,0.1215120450910176,0.9852348228977985,18.386949561360737
easy_floored_visibility,137083852.61355808,0.0014746778688194445,0.12147467786881944,0.9852439026366665,18.459631594049757
easy_floored_visibility,147553587.03664753,0.0014382341040651836,0.12143823410406518,0.9852527552976863,18.532310691984456
easy_floored_visibility,158822944.0031669,0.0014026909753193325,0.12140269097531933,0.9852613866239511,18.604986913475543
easy_floored_visibility,170952994.42342994,0.0013680262251333235,0.12136802622513332,0.9852698022102153,18.677660315712423
easy_floored_visibility,184009473.47855815,0.0013342181461076777,0.12133421814610768,0.9852780075068728,18.75033095478431
easy_floored_visibility,198063136.85263798,0.0013012455672986275,0.12130124556729863,0.9852860078238219,18.822998885700944
easy_floored_visibility,213190144.17199638,0.0012690878409606576,0.12126908784096066,0.9852938083342214,18.89566416241293
easy_floored_visibility,229472471.7295179,0.0012377248296167032,0.1212377248296167,0.9853014140781381,18.968326837831615
easy_floored_visibility,246998356.73065436,0.001207136893447857,0.12120713689344785,0.985308829966093,19.040986963848663
easy_floored_visibility,265862775.4685732,0.0011773048779947339,0.12117730487799473,0.9853160607825056,19.113644591355182
easy_floored_visibility,286167958.01978296,0.0011482101021627537,0.12114821010216274,0.9853231111890423,19.18629977026054
easy_floored_visibility,308023942.24945736,0.0011198343465238737,0.12111983434652387,0.9853299857278706,19.258952549510774
easy_floored_visibility,331549170.1287467,0.0010921598419073983,0.1210921598419074,0.985336688824822,19.33160297710668
easy_floored_visibility,356871129.5956224,0.0010651692582727581,0.12106516925827275,0.9853432247924657,19.404251100121545
easy_floored_visibility,384127045.43763584,0.0010388456938572703,0.12103884569385727,0.9853495978330986,19.476896964718545
easy_floored_visibility,413464622.9406211,0.0010131726645920928,0.12101317266459209,0.9853558120416496,19.5495406161678
easy_floored_visibility,445042848.33332485,0.000988134093779742,0.12098813409377973,0.9853618714085056,19.622182098863142
easy_floored_visibility,479032850.3657331,0.0009637143020267116,0.12096371430202671,0.9853677798222577,19.69482145633853
easy_floored_visibility,515618827.69015837,0.0009398979974248852,0.12093989799742488,0.9853735410723725,19.767458731284172
easy_floored_visibility,554999047.0707651,0.0009166702659755923,0.12091667026597559,0.9853791588517893,19.84009396556236
easy_floored_visibility,597386917.8310004,0.0008940165622503278,0.12089401656225032,0.9853846367594463,19.91272720022297
easy_floored_visibility,643012148.3616135,0.0008719227002822593,0.12087192270028226,0.985389978302737,19.98535847551871
easy_floored_visibility,692121990.9566009,0.000850374844682836,0.12085037484468283,0.9853951868998997,20.05798783092008
easy_floored_visibility,744982581.7230648,0.0008293595019779427,0.12082935950197794,0.9854002658823418,20.130615305130018
easy_floored_visibility,801880382.8262751,0.0008088635121581512,0.12080886351215815,0.9854052184969008,20.20324093609832
easy_floored_visibility,863123734.8857143,0.000788874040437798,0.1207888740404378,0.9854100479080432,20.27586476103577
easy_floored_visibility,929044527.9348639,0.000769378569217718,0.12076937856921771,0.9854147572000049,20.348486816428007
easy_floored_visibility,1000000000.0,0.0007503648902466033,0.1207503648902466,0.9854193493788723,20.421107138049145
borderline_positive_floor,100.0,0.18,0.44,0.8064,3.7136092379807972
borderline_positive_floor,107.6374673044853,0.17907504220264803,0.43907504220264804,0.8072131073147428,3.7767634984414915
borderline_positive_floor,115.85824367724153,0.17815483744377872,0.4381548374437787,0.8080203384246158,3.840009520154434
borderline_positive_floor,124.70687915764175,0.1772393612991698,0.43723936129916985,0.808821740930694,3.9033462353992565
borderline_positive_floor,134.23132627975076,0.17632858947010677,0.4363285894701068,0.809617362011027,3.9667725883964464
borderline_positive_floor,144.48319993674372,0.17542249778273758,0.43542249778273756,0.8104072484246418,4.030287535171575
borderline_positive_floor,155.5180570923866,0.17452106218743146,0.4345210621874315,0.8111914465155063,4.09389004342111
borderline_positive_floor,167.3956978553886,0.17362425875814025,0.43362425875814026,0.8119700022164534,4.157579092379765
borderline_positive_floor,180.1804895482089,0.1727320636917636,0.43273206369176365,0.8127429610530674,4.221353672689392
borderline_positive_floor,193.9417155265149,0.17184445330751696,0.431844453307517,0.8135103681475317,4.285212786269383
borderline_positive_floor,208.75395063961057,0.1709614040463032,0.43096140404630323,0.814272268222439,4.3491554461885755
borderline_positive_floor,224.69746536653219,0.17008289247008723,0.43008289247008724,0.8150287056045633,4.413180676538628
borderline_positive_floor,241.85866081790826,0.169208895261274,0.42920889526127404,0.8157797242285967,4.47728751230887
borderline_positive_floor,260.33053696094225,0.16833938922208938,0.42833938922208936,0.8165253676408475,4.541474999262588
borderline_positive_floor,280.21319660492526,0.1674743512739647,0.4274743512739647,0.817265679002903,4.605742193814746
borderline_positive_floor,301.6143878784798,0.16661375845692403,0.42661375845692406,0.8180007010952572,4.67008816291112
borderline_positive_floor,324.6500881383222,0.16575758792897485,0.4257575879289749,0.8187304763209012,4.734511983908821
borderline_positive_floor,349.4451324738696,0.16490581696550174,0.4249058169655018,0.8194550467088795,4.7990127444582065
borderline_positive_floor,376.1338902136767,0.1640584229586632,0.42405842295866325,0.8201744539178115,4.863589542386148
borderline_positive_floor,404.86099309983484,0.16321538341679162,0.42321538341679166,0.820888739239378,4.9282414855806485
borderline_positive_floor,435.78211907644965,0.1623766759637963,0.4223766759637963,0.8215979436017742,4.992967691876807
borderline_positive_floor,469.06483593970665,0.16154227833856957,0.4215422783385696,0.8223021075731279,5.057767288944065
borderline_positive_floor,504.88950942143936,0.1607121683943959,0.4207121683943959,0.8230012713648854,5.122639414174795
borderline_positive_floor,543.4502806272785,0.159886324098364,0.419886324098364,0.8236954748351636,5.187583214574145
borderline_positive_floor,584.9561181263206,0.1590647235307822,0.41906472353078217,0.8243847574920691,5.25259784665117
borderline_positive_floor,629.6319503938047,0.15824734488459644,0.4182473448845965,0.8250691584969854,5.317682476311214
borderline_positive_floor,677.7198847437253,0.1574341664648117,0.4174341664648117,0.8257487166678279,5.382836278749537
borderline_positive_floor,729.4805193570227,0.15662516668791593,0.41662516668791594,0.8264234704822663,5.448058438346164
borderline_positive_floor,785.1943555155049,0.15582032408130736,0.41582032408130737,0.8270934580809165,5.513348148561957
borderline_positive_floor,845.1633176946664,0.15501961728272448,0.4150196172827245,0.8277587172705009,5.578704611835876
borderline_positive_floor,909.7123897530997,0.15422302503967905,0.41422302503967906,0.8284192855269774,5.64412703948343
borderline_positive_floor,979.1913760853446,0.15343052620889205,0.4134305262088921,0.8290751999986385,5.709614651596296
borderline_positive_floor,1053.9767972822035,0.15264209975573242,0.4126420997557324,0.8297264975091801,5.77516667694311
borderline_positive_floor,1134.4739305714943,0.15185772475365883,0.41185772475365884,0.8303732145607394,5.840782352871376
borderline_positive_floor,1221.1190060968013,0.15107738038366425,0.41107738038366426,0.8310153873369042,5.906460925210524
borderline_positive_floor,1314.3815709363002,0.15030104593372326,0.4103010459337233,0.8316530517056927,5.972201648176096
borderline_positive_floor,1414.767033672742,0.14952870079824238,0.4095287007982424,0.8322862432225037,6.038003784275005
borderline_positive_floor,1522.819403304134,0.14876032447751322,0.4087603244775132,0.8329149971330381,6.103866604211913
borderline_positive_floor,1639.1242373378452,0.1479958965771683,0.4079958965771683,0.8335393483761926,6.169789386796685
borderline_positive_floor,1764.311815044419,0.1472353968076397,0.4072353968076397,0.8341593315869242,6.2357714188528925
borderline_positive_floor,1899.0605530676075,0.1464788049836206,0.4064788049836206,0.8347749810990878,6.301811995127391
borderline_positive_floor,2044.1006819005238,0.1457261010235295,0.4057261010235295,0.8353863309482448,6.367910418200929
borderline_positive_floor,2200.2182031514394,0.14497726494897714,0.4049772649489771,0.835993414874446,6.434065998399794
borderline_positive_floor,2368.2591490444643,0.1442322768842365,0.4042322768842365,0.836596266324986,6.500278053708464
borderline_positive_floor,2549.1341672382173,0.14349111705571482,0.40349111705571483,0.8371949184571315,6.56654590968328
borderline_positive_floor,2743.8234558085023,0.1427537657914291,0.4027537657914291,0.8377894041408227,6.6328688993671046
borderline_positive_floor,2953.382075138675,0.14202020352048386,0.40202020352048384,0.8383797559613487,6.699246363204961
borderline_positive_floor,3178.9456655039207,0.14129041077255175,0.4012904107725518,0.8389660062219967,6.765677648960653
borderline_positive_floor,3421.736601334139,0.1405643681773565,0.4005643681773565,0.8395481869466752,6.83216211163434
borderline_positive_floor,3683.0706155066437,0.13984205646415926,0.39984205646415927,0.8401263298825121,6.898699113381051
borderline_positive_floor,3964.363929567069,0.13912345646124674,0.39912345646124675,0.8407004665024272,6.965288023430154
borderline_positive_floor,4267.140928518563,0.13840854909542236,0.39840854909542234,0.8412706280076805,7.031928218005745
borderline_positive_floor,4593.042421770482,0.1376973153915002,0.3976973153915002,0.8418368453303936,7.098619080247948
borderline_positive_floor,4943.834535014343,0.1369897364718013,0.3969897364718013,0.8423991491360497,7.165360000135125
borderline_positive_floor,5321.418281213916,0.13628579355565248,0.3962857935556525,0.8429575698259668,7.232150374406991
borderline_positive_floor,5727.839862576538,0.135585467958888,0.39558546795888805,0.8435121375397475,7.2989896064885835
borderline_positive_floor,6165.3017593340965,0.13488874109335364,0.39488874109335365,0.8440628821577063,7.365877106415147
borderline_positive_floor,6636.174665426095,0.13419559446641316,0.39419559446641317,0.8446098333032711,7.43281229075785
borderline_positive_floor,7143.010335766557,0.13350600968045762,0.3935060096804576,0.8451530203453637,7.499794582550373
borderline_positive_floor,7688.555414716732,0.1328199684324171,0.3928199684324171,0.8456924724007548,7.566823411216325
borderline_positive_floor,8275.766320702956,0.13213745251327488,0.3921374525132749,0.846228218336399,7.633898212497515
borderline_positive_floor,8907.82526764226,0.13145844380758387,0.3914584438075839,0.8467602867717448,7.701018428383037
borderline_positive_floor,9588.157509999117,0.13078292429298619,0.3907829242929862,0.8472887060810221,7.768183507039154
borderline_positive_floor,10320.449904927851,0.13011087603973456,0.3901108760397346,0.8478135043955108,7.835392902740034
borderline_positive_floor,11108.67089209251,0.1294422812102165,0.3894422812102165,0.8483347096057826,7.902646075799219
borderline_positive_floor,11957.091999438964,0.12877712205848085,0.38877712205848086,0.8488523493639251,7.969942492501938
borderline_positive_floor,12870.310991463355,0.12811538092976674,0.3881153809297667,0.849366451085742,8.037281625038164
borderline_positive_floor,13853.276785421931,0.12745704026003504,0.387457040260035,0.8498770419529336,8.104662951436442
borderline_positive_floor,14911.316270508398,0.1268020825755021,0.3868020825755021,0.8503841489152545,8.172085955498511
borderline_positive_floor,16050.163175336857,0.12615049049217614,0.38615049049217615,0.8508877986926517,8.239550126734615
borderline_positive_floor,17275.989140169768,0.12550224671539548,0.38550224671539546,0.8513880177773824,8.307054960299624
borderline_positive_floor,18595.43716227668,0.12485733403936995,0.38485733403936995,0.8518848324361088,8.374599956929828
borderline_positive_floor,20015.65759567169,0.12421573534672384,0.3842157353467238,0.8523782687119763,8.442184622880504
borderline_positive_floor,21544.346900318822,0.12357743360804183,0.38357743360804186,0.8528683524266683,8.509808469864167
borderline_positive_floor,23189.78935079559,0.1229424118814168,0.3829424118814168,0.8533551091824433,8.577471014989557
borderline_positive_floor,24960.90193044159,0.12231065331200028,0.3823106533120003,0.8538385643641515,8.645171780701295
borderline_positive_floor,26867.28265428373,0.12168214113155501,0.381682141131555,0.8543187431412317,8.71291029472026
borderline_positive_floor,28919.262582608328,0.1210568586580099,0.3810568586580099,0.8547956704696895,8.780686089984622
borderline_positive_floor,31127.96180705332,0.12043478929501734,0.38043478929501734,0.8552693710940558,8.84849870459158
borderline_positive_floor,33505.349712619725,0.1198159165315125,0.3798159165315125,0.8557398695493271,8.916347681739751
borderline_positive_floor,36064.30984217447,0.11920022394127532,0.37920022394127534,0.8562071901628866,8.98423256967221
borderline_positive_floor,38818.709714958786,0.11858769518249429,0.3785876951824943,0.8566713570564068,9.052152921620214
borderline_positive_floor,41783.47597746186,0.11797831399733291,0.37797831399733295,0.8571323941477336,9.120108295747537
borderline_positive_floor,44974.67529391802,0.11737206421149805,0.37737206421149805,0.857590325152753,9.18809825509546
borderline_positive_floor,48409.60141478949,0.1167689297338107,0.3767689297338107,0.8580451735872388,9.256122367528393
borderline_positive_floor,52106.86889507574,0.11616889455577882,0.37616889455577884,0.8584969627686834,9.324180205680115
borderline_positive_floor,56086.51397032811,0.1155719427511726,0.3755719427511726,0.85894571581811,9.392271346900616
borderline_positive_floor,60370.10313703756,0.1149780584756014,0.3749780584756014,0.8593914556618685,9.460395373203584
borderline_positive_floor,64980.85002581279,0.11438722596609363,0.37438722596609364,0.8598342050334131,9.528551871214448
borderline_positive_floor,69943.74120071094,0.11379942954067807,0.3737994295406781,0.8602739864750637,9.596740432119057
borderline_positive_floor,75285.67156644912,0.11321465359796772,0.37321465359796774,0.8607108223397489,9.664960651612908
borderline_positive_floor,81035.59011729894,0.11263288261674581,0.3726328826167458,0.8611447347927346,9.733212129850989
borderline_positive_floor,87224.65681750428,0.11205410115555367,0.3720541011555537,0.8615757458133331,9.801494471398165
borderline_positive_floor,93886.41146339076,0.1114782938522809,0.3714782938522809,0.8620038771965984,9.86980728518017
borderline_positive_floor,101056.95544226166,0.11090544542375778,0.3709054454237578,0.8624291505550038,9.938150184435115
borderline_positive_floor,108775.14737307279,0.11033554066534944,0.37033554066534946,0.8628515873201033,10.006522786665572
borderline_positive_floor,117082.81368909703,0.10976856445055244,0.36976856445055245,0.8632712087441776,10.074924713591217
borderline_positive_floor,126024.97530377338,0.10920450173059315,0.36920450173059316,0.8636880359018644,10.143355591101995
borderline_positive_floor,135650.09158808488,0.10864333753402841,0.36864333753402845,0.8641020896917724,10.211815049211825
borderline_positive_floor,146010.32298162905,0.10808505696634818,0.3680850569663482,0.8645133908380802,10.280302722012836
borderline_positive_floor,157161.81366052452,0.10752964520958008,0.3675296452095801,0.8649219598921202,10.348818247630131
borderline_positive_floor,169164.99579398302,0.10697708752189625,0.3669770875218963,0.8653278172339465,10.417361268177055
borderline_positive_floor,182084.91703838258,0.10642736923722189,0.3664273692372219,0.8657309830738886,10.48593142971099
borderline_positive_floor,195991.59304358842,0.10588047576484617,0.36588047576484617,0.8661314774540898,10.554528382189625
borderline_positive_floor,210960.3868818326,0.10533639258903489,0.3653363925890349,0.8665293202500306,10.623151779427769
borderline_positive_floor,227072.417455348,0.10479510526864513,0.3647951052686451,0.8669245311720382,10.691801279054609
borderline_positive_floor,244414.99909600482,0.10425659943674205,0.36425659943674205,0.8673171297667809,10.760476542471501
borderline_positive_floor,263082.11473921995,0.10372086080021753,0.36372086080021754,0.8677071354187488,10.829177234810205
borderline_positive_floor,283174.92523637664,0.10318787513941075,0.36318787513941075,0.8680945673517197,10.897903024891614
borderline_positive_floor,304802.3175658059,0.10265762830773084,0.36265762830773085,0.8684794446302118,10.966653585184956
borderline_positive_floor,328081.4949132081,0.1021301062312814,0.3621301062312814,0.8688617861609209,11.035428591767447
borderline_positive_floor,353138.61181927135,0.1016052949084869,0.3616052949084869,0.8692416106941462,11.104227724284414
borderline_positive_floor,380109.45783648104,0.10108318040972106,0.3610831804097211,0.8696189368252008,11.173050665909882
borderline_positive_floor,409140.1933999982,0.10056374887693714,0.36056374887693715,0.869993782995809,11.241897103307585
borderline_positive_floor,440388.1419004314,0.10004698652330007,0.3600469865233001,0.8703661674954906,11.310766726592435
borderline_positive_floor,474022.64225090767,0.09953287963282065,0.35953287963282066,0.8707361084629317,11.37965922929243
borderline_positive_floor,510225.9665686785,0.09902141455999135,0.35902141455999137,0.8711036238873429,11.448574308311002
borderline_positive_floor,549194.307944356,0.09851257772942419,0.3585125777294242,0.8714687316098035,11.517511663889769
borderline_positive_floor,591138.8436516998,0.09800635563549047,0.3580063556354905,0.8718314493245947,11.586470999571743
borderline_positive_floor,636286.8795597116,0.09750273484196215,0.35750273484196216,0.8721917945805178,11.655452022164935
borderline_positive_floor,684883.0819488135,0.09700170198165539,0.3570017019816554,0.8725497847822014,11.724454441706369
borderline_positive_floor,737190.8034066062,0.09650324375607569,0.35650324375607567,0.8729054371913961,11.793477971426535
borderline_positive_floor,793493.509988459,0.09600734693506491,0.3560073469350649,0.8732587689282563,11.862522327714204
borderline_positive_floor,854096.3173770412,0.09551399835645008,0.3555139983564501,0.87360979697261,11.93158723008169
borderline_positive_floor,919327.6443655248,0.0950231849256942,0.3550231849256942,0.8739585381652164,12.000672401130448
borderline_positive_floor,989540.9926250376,0.09453489361554841,0.3545348936155484,0.8743050092090118,12.069777566517129
borderline_positive_floor,1065116.8624012552,0.09404911146570652,0.3540491114657065,0.8746492266703437,12.138902454919966
borderline_positive_floor,1146464.8145217095,0.09356582558246081,0.3535658255824608,0.874991206980193,12.208046798005576
borderline_positive_floor,1234025.6898882343,0.09308502313835983,0.3530850231383598,0.8753309664353839,12.27721033039611
borderline_positive_floor,1328273.9984823987,0.09260669137186808,0.35260669137186806,0.8756685211997842,12.346392789636813
borderline_positive_floor,1429720.4908304699,0.0921308175870271,0.35213081758702713,0.8760038873054918,12.415593916163898
borderline_positive_floor,1538914.9258631752,0.09165738915311858,0.3516573891531186,0.8763370806540121,12.484813453272855
borderline_positive_floor,1656449.0501698211,0.09118639350432911,0.3511863935043291,0.8766681170174225,12.554051147087048
borderline_positive_floor,1782959.8047919965,0.09071781813941672,0.3507178181394167,0.8769970120395271,12.62330674652671
borderline_positive_floor,1919132.776935102,0.09025165062137884,0.35025165062137886,0.8773237812369996,12.692580003278294
borderline_positive_floor,2065705.9153031833,0.08978787857712257,0.34978787857712257,0.8776484400005161,12.761870671764134
borderline_positive_floor,2223473.529191285,0.08932648969713587,0.34932648969713587,0.8779710035958769,12.831178509112485
borderline_positive_floor,2393290.593007152,0.08886747173516117,0.3488674717351612,0.8782914871651165,12.90050327512788
borderline_positive_floor,2576077.379549398,0.0884108125078701,0.3484108125078701,0.8786099057276058,12.969844732261851
borderline_positive_floor,2772824.4471507277,0.08795649989454023,0.34795649989454025,0.8789262741811408,13.039202645583936
borderline_positive_floor,2984598.007712637,0.08750452183673331,0.3475045218367333,0.8792406073030233,13.108576782753058
borderline_positive_floor,3212545.7047220124,0.0870548663379753,0.34705486633797533,0.87955291975113,13.177966913989199
borderline_positive_floor,3457902.8325618063,0.08660752146343781,0.3466075214634378,0.8798632260649725,13.247372812045413
borderline_positive_floor,3721999.0308195814,0.08616247533962151,0.3461624753396215,0.880171540666746,13.316794252180134
borderline_positive_floor,4006265.4898716905,0.08571971615404078,0.3457197161540408,0.8804778778623694,13.386231012129826
borderline_positive_floor,4312242.706791523,0.08527923215491034,0.34527923215491035,0.8807822518425155,13.455682872081914
borderline_positive_floor,4641588.833612773,0.08484101165083328,0.3448410116508333,0.8810846766836299,13.52514961464803
borderline_positive_floor,4996088.663188593,0.08440504301049068,0.3444050430104907,0.881385166348942,13.594631024837573
borderline_positive_floor,5377663.301342724,0.08397131466233299,0.343971314662333,0.8816837346894663,13.664126890031552
borderline_positive_floor,5788380.577728073,0.08353981509427287,0.3435398150942729,0.8819803954449927,13.733636999956722
borderline_positive_floor,6230466.251811239,0.08311053285337959,0.3431105328533796,0.88227516224507,13.80316114666004
borderline_positive_floor,6706316.074710319,0.08268345654557507,0.3426834565455751,0.882568048609977,13.872699124483356
borderline_positive_floor,7218508.772251754,0.08225857483533151,0.3422585748353315,0.8828590679516878,13.942250730038449
borderline_positive_floor,7769820.019603893,0.08183587644537038,0.3418358764453704,0.8831482335748255,14.01181576218231
borderline_positive_floor,8363237.483218501,0.08141535015636327,0.34141535015636326,0.8834355586776079,14.081394021992697
borderline_positive_floor,9001977.011595782,0.080996984806634,0.340996984806634,0.8837210563527842,14.150985312743991
borderline_positive_floor,9689500.062613683,0.08058076929186235,0.3405807692918624,0.8840047395885632,14.220589439883307
borderline_positive_floor,10429532.461863896,0.08016669256478941,0.34016669256478943,0.8842866212695321,14.290206211006884
borderline_positive_floor,11226084.593649443,0.07975474363492428,0.3397547436349243,0.8845667141775668,14.359835435836716
borderline_positive_floor,12083473.134063268,0.07934491156825245,0.33934491156825247,0.8848450309927349,14.42947692619748
borderline_positive_floor,13006344.443923628,0.07893718548694546,0.33893718548694546,0.885121584294188,14.49913049599371
borderline_positive_floor,13999699.748337049,0.07853155456907229,0.3385315545690723,0.8853963865610472,14.568795961187206
borderline_positive_floor,15068922.239342386,0.0781280080483121,0.3381280080483121,0.8856694501732806,14.638473139774735
borderline_positive_floor,16219806.248510491,0.0777265352136684,0.3377265352136684,0.8859407874125708,14.708161851765956
borderline_positive_floor,17458588.64759136,0.07732712540918486,0.33732712540918486,0.8862104104631761,14.777861919161593
borderline_positive_floor,18791982.647375714,0.07692976803366243,0.3369297680336624,0.8864783314127824,14.84757316593187
borderline_positive_floor,20227214.177933604,0.0765344525403779,0.3365344525403779,0.8867445622533481,14.917295417995176
borderline_positive_floor,21772061.04738152,0.07614116843680407,0.3361411684368041,0.8870091148819401,14.987028503196969
borderline_positive_floor,23434895.091387887,0.07574990528433122,0.33574990528433124,0.8872720011015626,15.05677225128891
borderline_positive_floor,25224727.54183304,0.07536065269799003,0.33536065269799004,0.8875332326219781,15.12652649390826
borderline_positive_floor,27151257.86048606,0.07497340034617592,0.33497340034617595,0.8877928210605205,15.19629106455747
borderline_positive_floor,29224926.302337207,0.07458813795037487,0.3345881379503749,0.8880507779429009,15.26606579858402
borderline_positive_floor,31456970.493438102,0.07420485528489064,0.33420485528489063,0.8883071147040054,15.335850533160489
borderline_positive_floor,33859486.32985606,0.07382354217657322,0.33382354217657323,0.8885618426886857,15.405645107264824
borderline_positive_floor,36445493.52776552,0.07344418850454897,0.333444188504549,0.8888149731525428,15.475449361660868
borderline_positive_floor,39229006.17990688,0.07306678419995191,0.33306678419995195,0.8890665172627026,15.545263138879054
borderline_positive_floor,42225108.70077182,0.07269131924565646,0.3326913192456565,0.8893164860985847,15.615086283197385
borderline_positive_floor,45450037.57207669,0.0723177836760116,0.3323177836760116,0.8895648906526635,15.684918640622534
borderline_positive_floor,48921269.33152029,0.07194616757657639,0.3319461675765764,0.8898117418312235,15.75476005887125
borderline_positive_floor,52657615.281654395,0.07157646108385668,0.3315764610838567,0.8900570504551056,15.82461038735191
borderline_positive_floor,56679323.432112455,0.0712086543850435,0.3312086543850435,0.8903008272604488,15.894469477146297
borderline_positive_floor,61008188.22764346,0.07084273771775244,0.33084273771775247,0.8905430828994224,15.96433718099158
borderline_positive_floor,65667668.656588644,0.0704787013697647,0.3304787013697647,0.8907838279409539,16.034213353262498
borderline_positive_floor,70683015.37985341,0.0701165356787691,0.3301165356787691,0.891023072871448,16.10409784995373
borderline_positive_floor,76081407.56931394,0.06975623103210586,0.3297562310321059,0.8912608280955004,16.17399052866249
borderline_positive_floor,81892100.19721259,0.06939777786651122,0.32939777786651125,0.8914971039366045,16.243891248571277
borderline_positive_floor,88146582.57473113,0.06904116666786382,0.3290411666678638,0.8917319106378511,16.313799870430852
borderline_positive_floor,94878748.99889745,0.06868638797093206,0.3286863879709321,0.8919652583626219,16.383716256543376
borderline_positive_floor,102125082.43259259,0.06833343235912287,0.3283334323591229,0.8921971571952773,16.45364027074576
borderline_positive_floor,109924852.21306062,0.06798229046423178,0.3279822904642318,0.8924276171418363,16.52357177839319
borderline_positive_floor,118320326.86033702,0.06763295296619434,0.3276329529661943,0.8926566481306515,16.59351064634283
borderline_positive_floor,127357003.13885553,0.06728541059283867,0.32728541059283867,0.892884260013077,16.6634567429377
borderline_positive_floor,137083852.61355808,0.06693965411963936,0.3269396541196394,0.8931104625641306,16.733409937990785
borderline_positive_floor,147553587.03664753,0.06659567436947265,0.3265956743694727,0.8933352654831493,16.80337010276922
borderline_positive_floor,158822944.0031669,0.0662534622123729,0.3262534622123729,0.8935586783944398,16.87333710997877
borderline_positive_floor,170952994.42342994,0.06591300856529012,0.32591300856529015,0.8937807108479211,16.94331083374837
borderline_positive_floor,184009473.47855815,0.06557430439184904,0.32557430439184903,0.8940013723197636,17.013291149614936
borderline_positive_floor,198063136.85263798,0.06523734070210921,0.3252373407021092,0.8942206722130202,17.083277934508256
borderline_positive_floor,213190144.17199638,0.06490210855232628,0.32490210855232626,0.8944386198582523,17.15327106673614
borderline_positive_floor,229472471.7295179,0.06456859904471485,0.32456859904471486,0.8946552245141511,17.22327042596962
borderline_positive_floor,246998356.73065436,0.06423680332721206,0.32423680332721205,0.8948704953681508,17.29327589322844
borderline_positive_floor,265862775.4685732,0.06390671259324278,0.3239067125932428,0.8950844415370385,17.363287350866607
borderline_positive_floor,286167958.01978296,0.06357831808148583,0.32357831808148585,0.8952970720675568,17.433304682558155
borderline_positive_floor,308023942.24945736,0.06325161107564142,0.32325161107564143,0.8955083959370023,17.503327773283054
borderline_positive_floor,331549170.1287467,0.06292658290419981,0.32292658290419984,0.8957184220538169,17.573356509313268
borderline_positive_floor,356871129.5956224,0.06260322494021116,0.32260322494021115,0.8959271592581756,17.64339077819897
borderline_positive_floor,384127045.43763584,0.06228152860105655,0.3222815286010566,0.8961346163225663,17.713430468754915
borderline_positive_floor,413464622.9406211,0.06196148534822017,0.32196148534822017,0.8963408019523678,17.783475471046955
borderline_positive_floor,445042848.33332485,0.06164308668706269,0.3216430866870627,0.8965457247864187,17.853525676378727
borderline_positive_floor,479032850.3657331,0.06132632416659579,0.3213263241665958,0.8967493933975839,17.923580977278426
borderline_positive_floor,515618827.69015837,0.06101118937925786,0.3210111893792579,0.8969518162933142,17.993641267485817
borderline_positive_floor,554999047.0707651,0.06069767396069085,0.3206976739606909,0.8971530019162024,18.063706441939306
borderline_positive_floor,597386917.8310004,0.06038576958951824,0.32038576958951825,0.8973529586445321,18.133776396763206
borderline_positive_floor,643012148.3616135,0.060075467987124216,0.3200754679871242,0.8975516947928234,18.203851029255095
borderline_positive_floor,692121990.9566009,0.05976676091743388,0.3197667609174339,0.8977492186123727,18.273930237873394
borderline_positive_floor,744982581.7230648,0.05945964018669471,0.3194596401866947,0.8979455382917876,18.344013922224978
borderline_positive_floor,801880382.8262751,0.059154097643259,0.319154097643259,0.8981406619575171,18.414101983052998
borderline_positive_floor,863123734.8857143,0.05885012517736759,0.3188501251773676,0.8983345976743771,18.484194322224827
borderline_positive_floor,929044527.9348639,0.058547714720934556,0.31854771472093457,0.89852735344607,18.554290842720103
borderline_positive_floor,1000000000.0,0.05824685824733306,0.31824685824733306,0.8987189372157018,18.62439144861894
heap_short_length_strained,100.0,0.18,0.38,0.8556,3.9401836111314115
heap_short_length_strained,107.6374673044853,0.17998528087978963,0.37998528087978967,0.8556111863147073,4.003206920265764
heap_short_length_strained,115.85824367724153,0.17997056296320427,0.3799705629632043,0.8556223712814256,4.06623186958841
heap_short_length_strained,124.70687915764175,0.1799558462501455,0.3799558462501455,0.8556335549003358,4.129258458802594
heap_short_length_strained,134.23132627975076,0.17994113074051488,0.3799411307405149,0.8556447371716189,4.192286687611612
heap_short_length_strained,144.48319993674372,0.17992641643421398,0.379926416434214,0.8556559180954562,4.255316555718813
heap_short_length_strained,155.5180570923866,0.17991170333114448,0.3799117033311445,0.8556670976720284,4.3183480628276
heap_short_length_strained,167.3956978553886,0.1798969914312079,0.3798969914312079,0.8556782759015167,4.381381208641431
heap_short_length_strained,180.1804895482089,0.17988228073430593,0.37988228073430597,0.8556894527841019,4.4444159928638145
heap_short_length_strained,193.9417155265149,0.1798675712403401,0.3798675712403401,0.8557006283199651,4.507452415198312
heap_short_length_strained,208.75395063961057,0.17985286294921216,0.37985286294921217,0.855711802509287,4.57049047534854
heap_short_length_strained,224.69746536653219,0.17983815586082366,0.3798381558608237,0.8557229753522486,4.633530173018166
heap_short_length_strained,241.85866081790826,0.17982344997507632,0.37982344997507633,0.8557341468490307,4.696571507910913
heap_short_length_strained,260.33053696094225,0.17980874529187174,0.37980874529187175,0.8557453169998142,4.7596144797305575
heap_short_length_strained,280.21319660492526,0.1797940418111116,0.37979404181111165,0.8557564858047796,4.822659088180922
heap_short_length_strained,301.6143878784798,0.17977933953269756,0.3797793395326976,0.855767653264108,4.885705332965894
heap_short_length_strained,324.6500881383222,0.17976463845653134,0.37976463845653136,0.8557788193779801,4.948753213789404
heap_short_length_strained,349.4451324738696,0.1797499385825146,0.3797499385825146,0.8557899841465764,5.0118027303554396
heap_short_length_strained,376.1338902136767,0.17973523991054904,0.379735239910549,0.8558011475700777,5.074853882368042
heap_short_length_strained,404.86099309983484,0.17972054244053637,0.3797205424405364,0.8558123096486648,5.137906669531302
heap_short_length_strained,435.78211907644965,0.1797058461723783,0.37970584617237835,0.8558234703825182,5.2009610915493685
heap_short_length_strained,469.06483593970665,0.17969115110597655,0.37969115110597657,0.8558346297718185,5.26401714812644
heap_short_length_strained,504.88950942143936,0.17967645724123282,0.37967645724123283,0.8558457878167463,5.327074838966769
heap_short_length_strained,543.4502806272785,0.17966176457804894,0.37966176457804895,0.8558569445174822,5.390134163774659
heap_short_length_strained,584.9561181263206,0.17964707311632652,0.3796470731163265,0.8558680998742066,5.4531951222544714
heap_short_length_strained,629.6319503938047,0.17963238285596744,0.37963238285596745,0.8558792538871002,5.516257714110615
heap_short_length_strained,677.7198847437253,0.17961769379687337,0.3796176937968734,0.8558904065563433,5.5793219390475555
heap_short_length_strained,729.4805193570227,0.17960300593894613,0.37960300593894614,0.8559015578821164,5.642387796769808
heap_short_length_strained,785.1943555155049,0.1795883192820875,0.37958831928208747,0.8559127078646,5.705455286981945
heap_short_length_strained,845.1633176946664,0.1795736338261992,0.37957363382619924,0.8559238565039744,5.768524409388588
heap_short_length_strained,909.7123897530997,0.17955894957118307,0.3795589495711831,0.8559350038004201,5.831595163694414
heap_short_length_strained,979.1913760853446,0.17954426651694097,0.37954426651694095,0.8559461497541173,5.894667549604151
heap_short_length_strained,1053.9767972822035,0.17952958466337463,0.3795295846633746,0.8559572943652464,5.957741566822581
heap_short_length_strained,1134.4739305714943,0.17951490401038583,0.37951490401038585,0.8559684376339876,6.02081721505454
heap_short_length_strained,1221.1190060968013,0.1795002245578765,0.3795002245578765,0.8559795795605213,6.083894494004914
heap_short_length_strained,1314.3815709363002,0.17948554630574842,0.37948554630574843,0.8559907201450276,6.146973403378643
heap_short_length_strained,1414.767033672742,0.17947086925390343,0.37947086925390344,0.8560018593876869,6.210053942880724
heap_short_length_strained,1522.819403304134,0.17945619340224342,0.37945619340224346,0.8560129972886792,6.273136112216198
heap_short_length_strained,1639.1242373378452,0.1794415187506702,0.3794415187506702,0.8560241338481848,6.336219911090168
heap_short_length_strained,1764.311815044419,0.17942684529908562,0.37942684529908566,0.8560352690663837,6.399305339207785
heap_short_length_strained,1899.0605530676075,0.17941217304739163,0.3794121730473916,0.8560464029434561,6.462392396274253
heap_short_length_strained,2044.1006819005238,0.17939750199549,0.37939750199549005,0.8560575354795821,6.525481081994829
heap_short_length_strained,2200.2182031514394,0.17938283214328274,0.3793828321432827,0.8560686666749417,6.588571396074826
heap_short_length_strained,2368.2591490444643,0.17936816349067167,0.3793681634906717,0.856079796529715,6.651663338219604
heap_short_length_strained,2549.1341672382173,0.17935349603755874,0.37935349603755875,0.8560909250440819,6.714756908134582
heap_short_length_strained,2743.8234558085023,0.1793388297838458,0.3793388297838458,0.8561020522182224,6.777852105525227
heap_short_length_strained,2953.382075138675,0.17932416472943483,0.37932416472943487,0.8561131780523166,6.84094893009706
heap_short_length_strained,3178.9456655039207,0.17930950087422778,0.37930950087422777,0.8561243025465441,6.904047381555655
heap_short_length_strained,3421.736601334139,0.17929483821812653,0.37929483821812654,0.8561354257010853,6.967147459606643
heap_short_length_strained,3683.0706155066437,0.179280176761033,0.379280176761033,0.8561465475161196,7.030249163955701
heap_short_length_strained,3964.363929567069,0.17926551650284925,0.37926551650284923,0.856157667991827,7.093352494308561
heap_short_length_strained,4267.140928518563,0.1792508574434771,0.3792508574434771,0.8561687871283874,7.156457450371008
heap_short_length_strained,4593.042421770482,0.17923619958281867,0.3792361995828187,0.8561799049259805,7.219564031848881
heap_short_length_strained,4943.834535014343,0.17922154292077586,0.37922154292077587,0.8561910213847861,7.282672238448069
heap_short_length_strained,5321.418281213916,0.17920688745725064,0.3792068874572506,0.8562021365049841,7.345782069874521
heap_short_length_strained,5727.839862576538,0.17919223319214506,0.37919223319214507,0.8562132502867539,7.408893525834226
heap_short_length_strained,6165.3017593340965,0.17917758012536106,0.37917758012536107,0.8562243627302754,7.4720066060332355
heap_short_length_strained,6636.174665426095,0.1791629282568007,0.3791629282568007,0.8562354738357282,7.535121310177651
heap_short_length_strained,7143.010335766557,0.17914827758636598,0.379148277586366,0.856246583603292,7.598237637973629
heap_short_length_strained,7688.555414716732,0.1791336281139589,0.3791336281139589,0.8562576920331463,7.661355589127373
heap_short_length_strained,8275.766320702956,0.17911897983948152,0.3791189798394815,0.8562687991254708,7.724475163345144
heap_short_length_strained,8907.82526764226,0.17910433276283586,0.37910433276283584,0.856279904880445,7.787596360333253
heap_short_length_strained,9588.157509999117,0.17908968688392404,0.3790896868839241,0.8562910092982484,7.850719179798063
heap_short_length_strained,10320.449904927851,0.17907504220264805,0.3790750422026481,0.8563021123790606,7.913843621445996
heap_short_length_strained,11108.67089209251,0.17906039871890994,0.37906039871890995,0.856313214123061,7.976969684983519
heap_short_length_strained,11957.091999438964,0.17904575643261186,0.37904575643261185,0.8563243145304291,8.040097370117156
heap_short_length_strained,12870.310991463355,0.17903111534365582,0.37903111534365586,0.8563354136013442,8.103226676553478
heap_short_length_strained,13853.276785421931,0.17901647545194393,0.37901647545194395,0.8563465113359859,8.166357603999113
heap_short_length_strained,14911.316270508398,0.1790018367573783,0.3790018367573783,0.8563576077345336,8.229490152160748
heap_short_length_strained,16050.163175336857,0.17898719925986104,0.378987199259861,0.8563687027971664,8.292624320745107
heap_short_length_strained,17275.989140169768,0.17897256295929426,0.37897256295929427,0.8563797965240637,8.355760109458982
heap_short_length_strained,18595.43716227668,0.17895792785558007,0.3789579278555801,0.8563908889154049,8.418897518009208
heap_short_length_strained,20015.65759567169,0.1789432939486206,0.3789432939486206,0.8564019799713694,8.482036546102677
heap_short_length_strained,21544.346900318822,0.17892866123831802,0.37892866123831803,0.856413069692136,8.545177193446328
heap_short_length_strained,23189.78935079559,0.1789140297245744,0.37891402972457444,0.8564241580778843,8.60831945974716
heap_short_length_strained,24960.90193044159,0.178899399407292,0.378899399407292,0.8564352451287934,8.671463344712215
heap_short_length_strained,26867.28265428373,0.1788847702863729,0.3788847702863729,0.8564463308450424,8.734608848048602
heap_short_length_strained,28919.262582608328,0.17887014236171933,0.37887014236171934,0.8564574152268105,8.797755969463468
heap_short_length_strained,31127.96180705332,0.17885551563323338,0.3788555156332334,0.8564684982742768,8.860904708664023
heap_short_length_strained,33505.349712619725,0.17884089010081733,0.37884089010081734,0.8564795799876205,8.92405506535752
heap_short_length_strained,36064.30984217447,0.1788262657643733,0.3788262657643733,0.8564906603670204,8.987207039251269
heap_short_length_strained,38818.709714958786,0.17881164262380358,0.3788116426238036,0.8565017394126557,9.050360630052634
heap_short_length_strained,41783.47597746186,0.17879702067901027,0.3787970206790103,0.8565128171247054,9.113515837469032
heap_short_length_strained,44974.67529391802,0.17878239992989567,0.3787823999298957,0.8565238935033486,9.176672661207927
heap_short_length_strained,48409.60141478949,0.17876778037636198,0.378767780376362,0.856534968548764,9.239831100976843
heap_short_length_strained,52106.86889507574,0.17875316201831143,0.37875316201831144,0.8565460422611307,9.302991156483351
heap_short_length_strained,56086.51397032811,0.17873854485564625,0.3787385448556463,0.8565571146406277,9.366152827435073
heap_short_length_strained,60370.10313703756,0.17872392888826874,0.3787239288882688,0.8565681856874335,9.429316113539688
heap_short_length_strained,64980.85002581279,0.17870931411608107,0.3787093141160811,0.8565792554017274,9.492481014504925
heap_short_length_strained,69943.74120071094,0.17869470053898562,0.37869470053898563,0.856590323783688,9.555647530038566
heap_short_length_strained,75285.67156644912,0.17868008815688458,0.3786800881568846,0.8566013908334942,9.618815659848446
heap_short_length_strained,81035.59011729894,0.17866547696968024,0.3786654769696802,0.8566124565513246,9.68198540364245
heap_short_length_strained,87224.65681750428,0.17865086697727492,0.3786508669772749,0.856623520937358,9.745156761128515
heap_short_length_strained,93886.41146339076,0.1786362581795709,0.3786362581795709,0.8566345839917733,9.808329732014636
heap_short_length_strained,101056.95544226166,0.1786216505764705,0.3786216505764705,0.8566456457147491,9.871504316008856
heap_short_length_strained,108775.14737307279,0.17860704416787598,0.378607044167876,0.856656706106464,9.93468051281927
heap_short_length_strained,117082.81368909703,0.17859243895368979,0.37859243895368977,0.8566677651670966,9.997858322154023
heap_short_length_strained,126024.97530377338,0.17857783493381407,0.3785778349338141,0.8566788228968258,10.061037743721323
heap_short_length_strained,135650.09158808488,0.17856323210815134,0.37856323210815135,0.85668987929583,10.124218777229416
heap_short_length_strained,146010.32298162905,0.17854863047660385,0.37854863047660386,0.8567009343642876,10.187401422386605
heap_short_length_strained,157161.81366052452,0.17853403003907395,0.37853403003907393,0.8567119881023775,10.250585678901254
heap_short_length_strained,169164.99579398302,0.17851943079546403,0.378519430795464,0.8567230405102779,10.313771546481767
heap_short_length_strained,182084.91703838258,0.17850483274567644,0.3785048327456765,0.8567340915881675,10.37695902483661
heap_short_length_strained,195991.59304358842,0.17849023588961357,0.3784902358896136,0.8567451413362246,10.440148113674294
heap_short_length_strained,210960.3868818326,0.17847564022717785,0.37847564022717783,0.8567561897546279,10.503338812703387
heap_short_length_strained,227072.417455348,0.1784610457582716,0.3784610457582716,0.8567672368435555,10.566531121632504
heap_short_length_strained,244414.99909600482,0.17844645248279722,0.37844645248279724,0.8567782826031859,10.62972504017032
heap_short_length_strained,263082.11473921995,0.17843186040065723,0.37843186040065724,0.8567893270336975,10.692920568025551
heap_short_length_strained,283174.92523637664,0.17841726951175388,0.3784172695117539,0.8568003701352687,10.75611770490698
heap_short_length_strained,304802.3175658059,0.17840267981598976,0.37840267981598974,0.8568114119080775,10.819316450523429
heap_short_length_strained,328081.4949132081,0.17838809131326716,0.37838809131326717,0.8568224523523026,10.88251680458378
heap_short_length_strained,353138.61181927135,0.17837350400348864,0.3783735040034887,0.8568334914681219,10.94571876679696
heap_short_length_strained,380109.45783648104,0.17835891788655658,0.3783589178865566,0.8568445292557139,11.008922336871954
heap_short_length_strained,409140.1933999982,0.17834433296237348,0.37834433296237346,0.8568555657152567,11.0721275145178
heap_short_length_strained,440388.1419004314,0.17832974923084174,0.3783297492308417,0.8568666008469285,11.135334299443588
heap_short_length_strained,474022.64225090767,0.1783151666918639,0.37831516669186394,0.8568776346509073,11.198542691358453
heap_short_length_strained,510225.9665686785,0.1783005853453424,0.3783005853453424,0.8568886671273713,11.261752689971589
heap_short_length_strained,549194.307944356,0.17828600519117976,0.3782860051911798,0.8568996982764987,11.324964294992236
heap_short_length_strained,591138.8436516998,0.17827142622927847,0.37827142622927845,0.8569107280984676,11.388177506129697
heap_short_length_strained,636286.8795597116,0.178256848459541,0.378256848459541,0.8569217565934558,11.451392323093316
heap_short_length_strained,684883.0819488135,0.17824227188186992,0.37824227188186993,0.8569327837616416,11.514608745592492
heap_short_length_strained,737190.8034066062,0.17822769649616774,0.3782276964961677,0.8569438096032028,11.577826773336682
heap_short_length_strained,793493.509988459,0.1782131223023369,0.37821312230233695,0.8569548341183175,11.641046406035388
heap_short_length_strained,854096.3173770412,0.1781985493002801,0.3781985493002801,0.8569658573071637,11.704267643398166
heap_short_length_strained,919327.6443655248,0.17818397748989975,0.37818397748989974,0.856976879169919,11.767490485134624
heap_short_length_strained,989540.9926250376,0.17816940687109842,0.37816940687109846,0.8569878997067616,11.830714930954425
heap_short_length_strained,1065116.8624012552,0.17815483744377877,0.37815483744377876,0.8569989189178693,11.89394098056728
heap_short_length_strained,1146464.8145217095,0.17814026920784326,0.37814026920784327,0.8570099368034199,11.957168633682953
heap_short_length_strained,1234025.6898882343,0.17812570216319448,0.3781257021631945,0.8570209533635911,12.020397890011258
heap_short_length_strained,1328273.9984823987,0.17811113630973505,0.37811113630973503,0.857031968598561,12.083628749262072
heap_short_length_strained,1429720.4908304699,0.17809657164736759,0.3780965716473676,0.8570429825085071,12.146861211145305
heap_short_length_strained,1538914.9258631752,0.17808200817599465,0.3780820081759947,0.8570539950936071,12.210095275370938
heap_short_length_strained,1656449.0501698211,0.17806744589551884,0.3780674458955189,0.8570650063540389,12.273330941648991
heap_short_length_strained,1782959.8047919965,0.17805288480584278,0.37805288480584276,0.8570760162899802,12.33656820968954
heap_short_length_strained,1919132.776935102,0.17803832490686913,0.37803832490686917,0.8570870249016085,12.399807079202715
heap_short_length_strained,2065705.9153031833,0.1780237661985005,0.37802376619850053,0.8570980321891014,12.463047549898695
heap_short_length_strained,2223473.529191285,0.17800920868063952,0.37800920868063953,0.8571090381526367,12.526289621487715
heap_short_length_strained,2393290.593007152,0.17799465235318884,0.37799465235318885,0.857120042792392,12.589533293680052
heap_short_length_strained,2576077.379549398,0.17798009721605113,0.37798009721605114,0.8571310461085445,12.652778566186049
heap_short_length_strained,2772824.4471507277,0.17796554326912906,0.37796554326912907,0.8571420481012721,12.716025438716093
heap_short_length_strained,2984598.007712637,0.17795099051232527,0.3779509905123253,0.8571530487707522,12.779273910980619
heap_short_length_strained,3212545.7047220124,0.17793643894554245,0.37793643894554246,0.8571640481171623,12.842523982690125
heap_short_length_strained,3457902.8325618063,0.17792188856868335,0.37792188856868336,0.8571750461406797,12.90577565355515
heap_short_length_strained,3721999.0308195814,0.17790733938165057,0.37790733938165055,0.8571860428414819,12.969028923286288
heap_short_length_strained,4006265.4898716905,0.17789279138434688,0.3778927913843469,0.8571970382197465,13.03228379159419
heap_short_length_strained,4312242.706791523,0.177878244576675,0.377878244576675,0.8572080322756506,13.095540258189553
heap_short_length_strained,4641588.833612773,0.1778636989585376,0.3778636989585376,0.8572190250093716,13.158798322783126
heap_short_length_strained,4996088.663188593,0.1778491545298374,0.3778491545298374,0.8572300164210871,13.222057985085717
heap_short_length_strained,5377663.301342724,0.1778346112904772,0.37783461129047724,0.8572410065109739,13.285319244808175
heap_short_length_strained,5788380.577728073,0.17782006924035973,0.3778200692403597,0.8572519952792098,13.348582101661409
heap_short_length_strained,6230466.251811239,0.17780552837938773,0.37780552837938775,0.8572629827259717,13.411846555356377
heap_short_length_strained,6706316.074710319,0.17779098870746393,0.37779098870746397,0.8572739688514368,13.475112605604085
heap_short_length_strained,7218508.772251754,0.17777645022449112,0.37777645022449113,0.8572849536557826,13.538380252115598
heap_short_length_strained,7769820.019603893,0.17776191293037208,0.3777619129303721,0.857295937139186,13.601649494602029
heap_short_length_strained,8363237.483218501,0.1777473768250096,0.3777473768250096,0.8573069193018242,13.664920332774544
heap_short_length_strained,9001977.011595782,0.1777328419083065,0.37773284190830647,0.8573179001438743,13.728192766344357
heap_short_length_strained,9689500.062613683,0.1777183081801655,0.3777183081801655,0.8573288796655135,13.791466795022734
heap_short_length_strained,10429532.461863896,0.17770377564048948,0.3777037756404895,0.8573398578669188,13.854742418521003
heap_short_length_strained,11226084.593649443,0.1776892442891812,0.3776892442891812,0.8573508347482672,13.91801963655053
heap_short_length_strained,12083473.134063268,0.17767471412614355,0.37767471412614356,0.8573618103097358,13.98129844882274
heap_short_length_strained,13006344.443923628,0.1776601851512793,0.3776601851512793,0.8573727845515015,14.044578855049108
heap_short_length_strained,13999699.748337049,0.1776456573644913,0.3776456573644913,0.8573837574737413,14.107860854941164
heap_short_length_strained,15068922.239342386,0.17763113076568246,0.37763113076568244,0.8573947290766321,14.171144448210482
heap_short_length_strained,16219806.248510491,0.17761660535475554,0.37761660535475555,0.8574056993603508,14.234429634568695
heap_short_length_strained,17458588.64759136,0.1776020811316135,0.37760208113161353,0.8574166683250743,14.297716413727484
heap_short_length_strained,18791982.647375714,0.17758755809615911,0.3775875580961591,0.8574276359709796,14.36100478539858
heap_short_length_strained,20227214.177933604,0.1775730362482953,0.3775730362482953,0.8574386022982434,14.424294749293773
heap_short_length_strained,21772061.04738152,0.17755851558792501,0.377558515587925,0.8574495673070426,14.4875863051249
heap_short_length_strained,23434895.091387887,0.17754399611495103,0.37754399611495104,0.8574605309975538,14.550879452603846
heap_short_length_strained,25224727.54183304,0.17752947782927636,0.37752947782927637,0.8574714933699539,14.614174191442547
heap_short_length_strained,27151257.86048606,0.17751496073080386,0.3775149607308039,0.8574824544244196,14.677470521353007
heap_short_length_strained,29224926.302337207,0.17750044481943644,0.37750044481943645,0.8574934141611277,14.740768442047262
heap_short_length_strained,31456970.493438102,0.17748593009507704,0.377485930095077,0.8575043725802546,14.804067953237404
heap_short_length_strained,33859486.32985606,0.1774714165576286,0.3774714165576286,0.8575153296819772,14.867369054635583
heap_short_length_strained,36445493.52776552,0.1774569042069941,0.37745690420699407,0.8575262854664721,14.930671745953997
heap_short_length_strained,39229006.17990688,0.17744239304307644,0.3774423930430765,0.8575372399339158,14.99397602690489
heap_short_length_strained,42225108.70077182,0.17742788306577856,0.37742788306577857,0.857548193084485,15.057281897200573
heap_short_length_strained,45450037.57207669,0.1774133742750035,0.37741337427500354,0.857559144918356,15.12058935655339
heap_short_length_strained,48921269.33152029,0.17739886667065413,0.37739886667065414,0.8575700954357058,15.18389840467575
heap_short_length_strained,52657615.281654395,0.17738436025263357,0.37738436025263355,0.8575810446367105,15.247209041280106
heap_short_length_strained,56679323.432112455,0.1773698550208447,0.37736985502084475,0.8575919925215466,15.310521266078966
heap_short_length_strained,61008188.22764346,0.17735535097519053,0.3773553509751906,0.8576029390903908,15.373835078784891
heap_short_length_strained,65667668.656588644,0.17734084811557413,0.3773408481155741,0.8576138843434192,15.437150479110489
heap_short_length_strained,70683015.37985341,0.17732634644189849,0.3773263464418985,0.8576248282808083,15.500467466768416
heap_short_length_strained,76081407.56931394,0.17731184595406657,0.3773118459540666,0.8576357709027347,15.563786041471392
heap_short_length_strained,81892100.19721259,0.17729734665198146,0.37729734665198145,0.8576467122093745,15.62710620293218
heap_short_length_strained,88146582.57473113,0.17728284853554616,0.37728284853554617,0.8576576522009041,15.690427950863597
heap_short_length_strained,94878748.99889745,0.17726835160466378,0.37726835160466377,0.8576685908774998,15.753751284978511
heap_short_length_strained,102125082.43259259,0.17725385585923736,0.3772538558592374,0.8576795282393377,15.81707620498983
heap_short_length_strained,109924852.21306062,0.1772393612991699,0.3772393612991699,0.8576904642865943,15.88040271061054
heap_short_length_strained,118320326.86033702,0.1772248679243645,0.3772248679243645,0.8577013990194458,15.943730801553654
heap_short_length_strained,127357003.13885553,0.17721037573472426,0.37721037573472427,0.8577123324380681,16.007060477532246
heap_short_length_strained,137083852.61355808,0.17719588473015224,0.37719588473015225,0.8577232645426377,16.070391738259442
heap_short_length_strained,147553587.03664753,0.17718139491055157,0.3771813949105516,0.8577341953333305,16.133724583448412
heap_short_length_strained,158822944.0031669,0.1771669062758253,0.3771669062758253,0.8577451248103228,16.197059012812392
heap_short_length_strained,170952994.42342994,0.17715241882587654,0.3771524188258766,0.8577560529737905,16.260395026064653
heap_short_length_strained,184009473.47855815,0.17713793256060847,0.37713793256060846,0.8577669798239099,16.32373262291853
heap_short_length_strained,198063136.85263798,0.17712344747992417,0.3771234474799242,0.8577779053608569,16.387071803087395
heap_short_length_strained,213190144.17199638,0.1771089635837268,0.3771089635837268,0.8577888295848074,16.450412566284694
heap_short_length_strained,229472471.7295179,0.17709448087191945,0.37709448087191944,0.8577997524959375,16.513754912223902
heap_short_length_strained,246998356.73065436,0.1770799993444053,0.3770799993444053,0.8578106740944234,16.57709884061856
heap_short_length_strained,265862775.4685732,0.17706551900108752,0.37706551900108753,0.8578215943804405,16.640444351182243
heap_short_length_strained,286167958.01978296,0.17705103984186926,0.3770510398418693,0.8578325133541651,16.703791443628603
heap_short_length_strained,308023942.24945736,0.17703656186665373,0.37703656186665374,0.857843431015773,16.76714011767132
heap_short_length_strained,331549170.1287467,0.177022085075344,0.377022085075344,0.8578543473654401,16.830490373024144
heap_short_length_strained,356871129.5956224,0.17700760946784336,0.3770076094678434,0.857865262403342,16.89384220940085
heap_short_length_strained,384127045.43763584,0.176993135044055,0.376993135044055,0.8578761761296549,16.957195626515297
heap_short_length_strained,413464622.9406211,0.17697866180388214,0.3769786618038822,0.8578870885445542,17.02055062408137
heap_short_length_strained,445042848.33332485,0.17696418974722788,0.3769641897472279,0.857897999648216,17.08390720181302
heap_short_length_strained,479032850.3657331,0.17694971887399558,0.3769497188739956,0.8579089094408157,17.147265359424235
heap_short_length_strained,515618827.69015837,0.17693524918408837,0.3769352491840884,0.8579198179225291,17.210625096629066
heap_short_length_strained,554999047.0707651,0.17692078067740954,0.37692078067740953,0.8579307250935322,17.27398641314162
heap_short_length_strained,597386917.8310004,0.1769063133538623,0.3769063133538623,0.8579416309540001,17.33734930867604
heap_short_length_strained,643012148.3616135,0.17689184721334994,0.37689184721334995,0.8579525355041089,17.40071378294652
heap_short_length_strained,692121990.9566009,0.1768773822557757,0.3768773822557757,0.8579634387440339,17.46407983566733
heap_short_length_strained,744982581.7230648,0.17686291848104282,0.3768629184810428,0.8579743406739508,17.527447466552765
heap_short_length_strained,801880382.8262751,0.1768484558890546,0.3768484558890546,0.8579852412940353,17.59081667531718
heap_short_length_strained,863123734.8857143,0.17683399447971432,0.37683399447971433,0.8579961406044626,17.65418746167498
heap_short_length_strained,929044527.9348639,0.17681953425292532,0.37681953425292536,0.8580070386054084,17.71755982534062
heap_short_length_strained,1000000000.0,0.17680507520859085,0.37680507520859086,0.8580179352970482,17.780933766028614
infeasible_long_shadow,100.0,0.18000000000000002,0.48,0.7696000000000001,3.544138975136436
infeasible_long_shadow,107.6374673044853,0.18159677080959663,0.4815967708095966,0.7680645503457688,3.5935964516761967
infeasible_long_shadow,115.85824367724153,0.18320770649151757,0.48320770649151756,0.7665103123872075,3.6427386253694287
infeasible_long_shadow,124.70687915764175,0.18483293270162202,0.484832932701622,0.7649370273679446,3.6915600990874102
infeasible_long_shadow,134.23132627975076,0.18647257621045588,0.48647257621045586,0.7633444325951622,3.740055380238111
infeasible_long_shadow,144.48319993674372,0.18812676491313998,0.48812676491314,0.7617322613754322,3.7882188789985056
infeasible_long_shadow,155.5180570923866,0.18979562783934634,0.4897956278393463,0.7601002429494605,3.8360449065130524
infeasible_long_shadow,167.3956978553886,0.19147929516336265,0.49147929516336264,0.7584481024257242,3.8835276730576744
infeasible_long_shadow,180.1804895482089,0.19317789821424594,0.49317789821424596,0.7567755607129789,3.930661286168577
infeasible_long_shadow,193.9417155265149,0.1948915694860667,0.4948915694860667,0.7550823344516175,3.97743974873521
infeasible_long_shadow,208.75395063961057,0.19662044264824352,0.4966204426482435,0.7533681359438626,4.023856957056681
infeasible_long_shadow,224.69746536653219,0.19836465255596952,0.4983646525559695,0.7516326730827678,4.069906698860907
infeasible_long_shadow,241.85866081790826,0.20012433526073145,0.5001243352607314,0.7498756492800116,4.115582651285769
infeasible_long_shadow,260.33053696094225,0.20189962802092185,0.5018996280209218,0.7480967633924603,4.160878378821549
infeasible_long_shadow,280.21319660492526,0.20369066931254529,0.5036906693125452,0.7462957096474803,4.2057873312138785
infeasible_long_shadow,301.6143878784798,0.20549759884002014,0.5054975988400201,0.744472177566974,4.250302841326439
infeasible_long_shadow,324.6500881383222,0.2073205575470754,0.5073205575470754,0.7426258518901245,4.294418122962615
infeasible_long_shadow,349.4451324738696,0.20915968762774467,0.5091596876277447,0.7407564124948175,4.338126268645322
infeasible_long_shadow,376.1338902136767,0.21101513253745757,0.5110151325374576,0.7388635343177247,4.381420247354176
infeasible_long_shadow,404.86099309983484,0.2128870370042297,0.5128870370042297,0.7369468872730219,4.4242929022191815
infeasible_long_shadow,435.78211907644965,0.2147755470399512,0.5147755470399512,0.735006136169719,4.466736948170091
infeasible_long_shadow,469.06483593970665,0.21668080995177647,0.5166808099517765,0.7330409406275762,4.5087449695405635
infeasible_long_shadow,504.88950942143936,0.2186029743536139,0.5186029743536139,0.7310509549915849,4.550309417626252
infeasible_long_shadow,543.4502806272785,0.22054219017771867,0.5205421901777186,0.7290358282449838,4.591422608195912
infeasible_long_shadow,584.9561181263206,0.22249860868638696,0.522498608686387,0.7269952039207899,4.632076718954627
infeasible_long_shadow,629.6319503938047,0.22447238248375517,0.5244723824837552,0.7249287200118136,4.6722637869582
infeasible_long_shadow,677.7198847437253,0.2264636655277033,0.5264636655277033,0.7228360088791346,4.711975705977773
infeasible_long_shadow,729.4805193570227,0.22847261314186387,0.5284726131418639,0.7207166971590099,4.751204223813701
infeasible_long_shadow,785.1943555155049,0.23049938202773712,0.530499382027737,0.7185704056681891,4.789940939557691
infeasible_long_shadow,845.1633176946664,0.23254413027691467,0.5325441302769147,0.7163967493076044,4.8281773008021815
infeasible_long_shadow,909.7123897530997,0.2346070173834103,0.5346070173834103,0.7141953369644141,4.865904600795969
infeasible_long_shadow,979.1913760853446,0.23668820425610113,0.5366882042561011,0.7119657714123615,4.9031139755449855
infeasible_long_shadow,1053.9767972822035,0.23878785323127885,0.5387878532312789,0.70970764921043,4.939796400857208
infeasible_long_shadow,1134.4739305714943,0.24090612808531192,0.5409061280853119,0.7074205605997561,4.975942689330563
infeasible_long_shadow,1221.1190060968013,0.24304319404742067,0.5430431940474206,0.7051040893987754,5.011543487282752
infeasible_long_shadow,1314.3815709363002,0.24519921781256537,0.5451992178125653,0.702757812896567,5.046589271621833
infeasible_long_shadow,1414.767033672742,0.2473743675544489,0.5473743675544489,0.7003813017443671,5.0810703466564275
infeasible_long_shadow,1522.819403304134,0.24956881293863425,0.5495688129386342,0.6979741198452205,5.1149768408443705
infeasible_long_shadow,1639.1242373378452,0.2517827251357792,0.5517827251357792,0.6955358242417331,5.148298703478576
infeasible_long_shadow,1764.311815044419,0.2540162768349876,0.5540162768349877,0.6930659650018983,5.181025701308935
infeasible_long_shadow,1899.0605530676075,0.2562696422572794,0.5562696422572794,0.6905640851029584,5.213147415098964
infeasible_long_shadow,2044.1006819005238,0.25854299716918044,0.5585429971691804,0.6880297203132689,5.244653236115943
infeasible_long_shadow,2200.2182031514394,0.2608365188964325,0.5608365188964325,0.6854623990721316,5.275532362553259
infeasible_long_shadow,2368.2591490444643,0.26315038633782484,0.5631503863378249,0.6828616423675586,5.3057737958835895
infeasible_long_shadow,2549.1341672382173,0.2654847799791488,0.5654847799791488,0.6802269636119337,5.335366337141641
infeasible_long_shadow,2743.8234558085023,0.267839881907276,0.567839881907276,0.6775578685155309,5.364298583135
infeasible_long_shadow,2953.382075138675,0.27021587582436124,0.5702158758243612,0.6748538549578567,5.392558922581736
infeasible_long_shadow,3178.9456655039207,0.2726129470621719,0.5726129470621719,0.6721144128567743,5.420135532173324
infeasible_long_shadow,3421.736601334139,0.27503128259654414,0.5750312825965441,0.6693390240353734,5.447016372561407
infeasible_long_shadow,3683.0706155066437,0.2774710710619668,0.5774710710619668,0.6665271620865449,5.473189184266929
infeasible_long_shadow,3964.363929567069,0.279932502766296,0.579932502766296,0.66367829223522,5.498641483510119
infeasible_long_shadow,4267.140928518563,0.28241576970559906,0.582415769705599,0.6607918711982346,5.523360557959788
infeasible_long_shadow,4593.042421770482,0.28492106557913055,0.5849210655791306,0.6578673470417744,5.547333462400347
infeasible_long_shadow,4943.834535014343,0.2874485858044412,0.5874485858044411,0.6549041590363621,5.570547014314957
infeasible_long_shadow,5321.418281213916,0.28999852753262095,0.5899985275326209,0.6519017375093391,5.59298778938316
infeasible_long_shadow,5727.839862576538,0.2925710896636771,0.5925710896636771,0.6488595036948024,5.614642116891336
infeasible_long_shadow,6165.3017593340965,0.2951664728620484,0.5951664728620484,0.6457768695809487,5.635496075054272
infeasible_long_shadow,6636.174665426095,0.2977848795722579,0.5977848795722579,0.6426532377547811,5.655535486246113
infeasible_long_shadow,7143.010335766557,0.30042651403470366,0.6004265140347036,0.639488001244134,5.674745912138929
infeasible_long_shadow,7688.555414716732,0.30309158230158967,0.6030915823015897,0.6362805433569649,5.6931126487470785
infeasible_long_shadow,8275.766320702956,0.3057802922529987,0.6057802922529987,0.6330302375178716,5.710620721375554
infeasible_long_shadow,8907.82526764226,0.30849285361310713,0.6084928536131071,0.6297364471017778,5.727254879470423
infeasible_long_shadow,9588.157509999117,0.3112294779665436,0.6112294779665436,0.6263985252647466,5.7429995913694425
infeasible_long_shadow,10320.449904927851,0.3139903787748935,0.6139903787748935,0.6230158147718629,5.757839038950913
infeasible_long_shadow,11108.67089209251,0.3167757713933487,0.6167757713933487,0.6195876478221396,5.771757112178785
infeasible_long_shadow,11957.091999438964,0.31958587308750624,0.6195858730875062,0.6161133458703927,5.784737403541985
infeasible_long_shadow,12870.310991463355,0.32242090305031507,0.622420903050315,0.6125922194460303,5.796763202385891
infeasible_long_shadow,13853.276785421931,0.3252810824191735,0.6252810824191735,0.6090235679687068,5.807817489133876
infeasible_long_shadow,14911.316270508398,0.3281666342931787,0.6281666342931786,0.60540667956078,5.817882929396744
infeasible_long_shadow,16050.163175336857,0.33107778375052815,0.6310777837505281,0.6017408308565216,5.82694186796789
infeasible_long_shadow,17275.989140169768,0.33401475786607704,0.6340147578660771,0.5980252868080196,5.83497632270194
infeasible_long_shadow,18595.43716227668,0.3369777857290495,0.6369777857290495,0.594259300487717,5.8419679782746154
infeasible_long_shadow,20015.65759567169,0.3399670984609087,0.6399670984609087,0.5904421128875256,5.84789817982147
infeasible_long_shadow,21544.346900318822,0.3429829292333845,0.6429829292333845,0.5865729527144564,5.852747926453171
infeasible_long_shadow,23189.78935079559,0.3460255132866612,0.6460255132866612,0.5826510361827059,5.856497864644896
infeasible_long_shadow,24960.90193044159,0.34909508794772687,0.6490950879477269,0.5786755668021327,5.859128281497385
infeasible_long_shadow,26867.28265428373,0.35219189264888523,0.6521918926488852,0.5746457351630649,5.860619097867147
infeasible_long_shadow,28919.262582608328,0.3553161689464316,0.6553161689464315,0.570560718717372,5.860949861363278
infeasible_long_shadow,31127.96180705332,0.35846816053949465,0.6584681605394946,0.5664196815557343,5.8600997392082625
infeasible_long_shadow,33505.349712619725,0.3616481132890462,0.6616481132890462,0.5622217741810456,5.858047510960122
infeasible_long_shadow,36064.30984217447,0.3648562752370775,0.6648562752370775,0.5579661332778795,5.854771561093205
infeasible_long_shadow,38818.709714958786,0.3680928966259481,0.6680928966259481,0.5536518814779503,5.850249871434843
infeasible_long_shadow,41783.47597746186,0.37135822991790474,0.6713582299179047,0.5492781271214977,5.844460013455072
infeasible_long_shadow,44974.67529391802,0.37465252981477354,0.6746525298147735,0.5448439640145262,5.837379140406562
infeasible_long_shadow,48409.60141478949,0.37797605327782774,0.6779760532778277,0.5403484711818201,5.828983979311787
infeasible_long_shadow,52106.86889507574,0.381329059547831,0.681329059547831,0.5357907126156682,5.81925082279452
infeasible_long_shadow,56086.51397032811,0.38471181016525824,0.6847118101652583,0.5311697370202153,5.808155520752547
infeasible_long_shadow,60370.10313703756,0.38812456899069697,0.688124568990697,0.5264845775513676,5.795673471868565
infeasible_long_shadow,64980.85002581279,0.3915676022254281,0.691567602225428,0.5217342515521721,5.781779614956039
infeasible_long_shadow,69943.74120071094,0.39504117843219094,0.6950411784321909,0.5169177602835913,5.766448420136856
infeasible_long_shadow,75285.67156644912,0.3985455685561308,0.6985455685561308,0.512034088650592,5.7496538798474734
infeasible_long_shadow,81035.59011729894,0.40208104594593375,0.7020810459459337,0.5070822049234638,5.731369499670176
infeasible_long_shadow,87224.65681750428,0.4056478863751478,0.7056478863751479,0.5020610604542863,5.711568288986107
infeasible_long_shadow,93886.41146339076,0.4092463680636945,0.7092463680636945,0.4969695893884585,5.690222751446531
infeasible_long_shadow,101056.95544226166,0.4128767716995697,0.7128767716995696,0.49180670837119966,5.667304875258783
infeasible_long_shadow,108775.14737307279,0.41653938046073846,0.7165393804607385,0.486571316248941,5.642786123283348
infeasible_long_shadow,117082.81368909703,0.4202344800372228,0.7202344800372228,0.48126229376551133,5.616637422938321
infeasible_long_shadow,126024.97530377338,0.4239623586533865,0.7239623586533865,0.4758785032530253,5.5888291559075
infeasible_long_shadow,135650.09158808488,0.42772330709041684,0.7277233070904168,0.4704187883173869,5.559331147648333
infeasible_long_shadow,146010.32298162905,0.43151761870900623,0.7315176187090062,0.46488197351830496,5.5281126566957255
infeasible_long_shadow,157161.81366052452,0.4353455894722351,0.7353455894722352,0.45926686404373096,5.495142363757818
infeasible_long_shadow,169164.99579398302,0.43920751796865676,0.7392075179686568,0.45357224537861796,5.460388360599617
infeasible_long_shadow,182084.91703838258,0.44310370543558864,0.7431037054355887,0.4477968829678979,5.423818138710343
infeasible_long_shadow,195991.59304358842,0.4470344557826089,0.747034455782609,0.4419395218735812,5.385398577750305
infeasible_long_shadow,210960.3868818326,0.4510000756152622,0.7510000756152622,0.4359988864258705,5.34509593377299
infeasible_long_shadow,227072.417455348,0.455000874258975,0.755000874258975,0.42997367986818347,5.302875827217957
infeasible_long_shadow,244414.99909600482,0.4590371637831844,0.7590371637831843,0.4238625839959794,5.258703230670105
infeasible_long_shadow,263082.11473921995,0.4631092590256789,0.7631092590256789,0.41766425878927926,5.21254245638074
infeasible_long_shadow,283174.92523637664,0.46721747761715743,0.7672174776171574,0.4113773420387665,5.16435714354579
infeasible_long_shadow,304802.3175658059,0.4713621400060043,0.7713621400060042,0.4050004489653576,5.114110245336426
infeasible_long_shadow,328081.4949132081,0.47554356948328536,0.7755435694832853,0.3985321718331246,5.061764015677284
infeasible_long_shadow,353138.61181927135,0.47976209220796484,0.7797620922079649,0.3919710795554573,5.007279995767363
infeasible_long_shadow,380109.45783648104,0.4840180372323463,0.7840180372323463,0.3853157172943392,4.950619000338564
infeasible_long_shadow,409140.1933999982,0.48831173652773996,0.7883117365277399,0.3785646060526192,4.891741103646735
infeasible_long_shadow,440388.1419004314,0.49264352501035624,0.7926435250103563,0.37171624225915667,4.830605625190073
infeasible_long_shadow,474022.64225090767,0.49701374056743036,0.7970137405674304,0.3647690973467128,4.767171115149522
infeasible_long_shadow,510225.9665686785,0.5014227240835776,0.8014227240835776,0.3577216173224578,4.70139533954573
infeasible_long_shadow,549194.307944356,0.5058708194673837,0.8058708194673836,0.35057222233096763,4.633235265107078
infeasible_long_shadow,591138.8436516998,0.5103583736782294,0.8103583736782294,0.3433193062095752,4.56264704384313
infeasible_long_shadow,636286.8795597116,0.514885736753355,0.8148857367533551,0.33596123603594175,4.489585997317769
infeasible_long_shadow,684883.0819488135,0.5194532618351628,0.8194532618351629,0.32849635166771196,4.414006600616156
infeasible_long_shadow,737190.8034066062,0.5240613051987636,0.8240613051987635,0.32092296527411035,4.3358624659995515
infeasible_long_shadow,793493.509988459,0.5287102262797664,0.8287102262797663,0.31323936085933846,4.255106326241892
infeasible_long_shadow,854096.3173770412,0.5334003877023151,0.8334003877023151,0.305443793777631,4.171690017641994
infeasible_long_shadow,919327.6443655248,0.5381321553073737,0.8381321553073737,0.2975344902398164,4.085564462704956
infeasible_long_shadow,989540.9926250376,0.5429058981812634,0.8429058981812634,0.2895096468112377,3.996679652486379
infeasible_long_shadow,1065116.8624012552,0.5477219886844507,0.8477219886844507,0.28136742990088004,3.9049846285928487
infeasible_long_shadow,1146464.8145217095,0.5525808024805924,0.8525808024805923,0.2731059752415492,3.8104274648319505
infeasible_long_shadow,1234025.6898882343,0.5574827185658396,0.8574827185658396,0.26472338736093715,3.712955248504927
infeasible_long_shadow,1328273.9984823987,0.5624281192983981,0.862428119298398,0.25621773904342815,3.6125140613352076
infeasible_long_shadow,1429720.4908304699,0.5674173904283536,0.8674173904283535,0.24758707078246533,3.5090489600254835
infeasible_long_shadow,1538914.9258631752,0.5724509211277619,0.8724509211277618,0.23882939022331995,3.4025039564362363
infeasible_long_shadow,1656449.0501698211,0.5775291040210037,0.8775291040210036,0.2299426715960946,3.2928219973783333
infeasible_long_shadow,1782959.8047919965,0.5826523352154105,0.8826523352154105,0.22092485513878257,3.17994494401212
infeasible_long_shadow,1919132.776935102,0.587821014332162,0.8878210143321621,0.2117738465102108,3.063813550845382
infeasible_long_shadow,2065705.9153031833,0.5930355445374569,0.8930355445374569,0.2024875161926878,2.9443674443223617
infeasible_long_shadow,2223473.529191285,0.5982963325739605,0.8982963325739606,0.1930636988841724,2.8215451009958508
infeasible_long_shadow,2393290.593007152,0.6036037887925317,0.9036037887925317,0.1835001928797818,2.69528382527427
infeasible_long_shadow,2576077.379549398,0.6089583271842308,0.9089583271842308,0.17379475944244493,2.5655197267354084
infeasible_long_shadow,2772824.4471507277,0.6143603654126119,0.9143603654126118,0.163945122162515,2.432187696998439
infeasible_long_shadow,2984598.007712637,0.6198103248463005,0.9198103248463005,0.15394896630614308,2.295221386145595
infeasible_long_shadow,3212545.7047220124,0.6253086305918626,0.9253086305918625,0.14380393815221215,2.154553178684694
infeasible_long_shadow,3457902.8325618063,0.6308557115269622,0.9308557115269622,0.13350764431763285,2.0101141690436286
infeasible_long_shadow,3721999.0308195814,0.6364520003338152,0.9364520003338153,0.12305765107079603,1.8618341365877322
infeasible_long_shadow,4006265.4898716905,0.6420979335329398,0.9420979335329398,0.11245148363296453,1.7096415201506043
infeasible_long_shadow,4312242.706791523,0.647793951517205,0.9477939515172049,0.10168662546740226,1.5534633920690986
infeasible_long_shadow,4641588.833612773,0.6535404985861822,0.9535404985861822,0.09076051755601511,1.3932254317126982
infeasible_long_shadow,4996088.663188593,0.6593380229808025,0.9593380229808024,0.07967055766328546,1.2288518984974761
infeasible_long_shadow,5377663.301342724,0.6651869769183187,0.9651869769183188,0.06841409958727673,1.0602656043746261
infeasible_long_shadow,5788380.577728073,0.6710878166275798,0.9710878166275798,0.05698845239747996,0.8873878857833593
infeasible_long_shadow,6230466.251811239,0.6770410023846177,0.9770410023846177,0.045390879659261585,0.7101385750576161
infeasible_long_shadow,6706316.074710319,0.68304699854855,0.9830469985485499,0.0336185986446873,0.5284359712761515
infeasible_long_shadow,7218508.772251754,0.6891062735977994,0.9891062735977993,0.021668779529475324,0.3421968105450799
infeasible_long_shadow,7769820.019603893,0.6952193001666378,0.9952193001666378,0.00953854457582759,0.15133623570174506
infeasible_long_shadow,8363237.483218501,0.7013865550820505,1.0013865550820504,0.0,0.0
infeasible_long_shadow,9001977.011595782,0.7076085194009314,1.0076085194009314,0.0,0.0
infeasible_long_shadow,9689500.062613683,0.7138856784476051,1.0138856784476051,0.0,0.0
infeasible_long_shadow,10429532.461863896,0.7202185218516841,1.0202185218516842,0.0,0.0
infeasible_long_shadow,11226084.593649443,0.7266075435862598,1.0266075435862598,0.0,0.0
infeasible_long_shadow,12083473.134063268,0.7330532420064333,1.0330532420064333,0.0,0.0
infeasible_long_shadow,13006344.443923628,0.7395561198881891,1.039556119888189,0.0,0.0
infeasible_long_shadow,13999699.748337049,0.7461166844676115,1.0461166844676115,0.0,0.0
infeasible_long_shadow,15068922.239342386,0.7527354474804496,1.0527354474804496,0.0,0.0
infeasible_long_shadow,16219806.248510491,0.7594129252020355,1.0594129252020354,0.0,0.0
infeasible_long_shadow,17458588.64759136,0.7661496384875522,1.0661496384875522,0.0,0.0
infeasible_long_shadow,18791982.647375714,0.7729461128126627,1.0729461128126627,0.0,0.0
infeasible_long_shadow,20227214.177933604,0.7798028783144987,1.0798028783144986,0.0,0.0
infeasible_long_shadow,21772061.04738152,0.78672046983301,1.08672046983301,0.0,0.0
infeasible_long_shadow,23434895.091387887,0.7936994269526849,1.093699426952685,0.0,0.0
infeasible_long_shadow,25224727.54183304,0.8007402940446382,1.1007402940446382,0.0,0.0
infeasible_long_shadow,27151257.86048606,0.8078436203090733,1.1078436203090734,0.0,0.0
infeasible_long_shadow,29224926.302337207,0.81500995981812,1.11500995981812,0.0,0.0
infeasible_long_shadow,31456970.493438102,0.8222398715590538,1.1222398715590538,0.0,0.0
infeasible_long_shadow,33859486.32985606,0.829533919477898,1.129533919477898,0.0,0.0
infeasible_long_shadow,36445493.52776552,0.8368926725234125,1.1368926725234125,0.0,0.0
infeasible_long_shadow,39229006.17990688,0.8443167046914719,1.144316704691472,0.0,0.0
infeasible_long_shadow,42225108.70077182,0.8518065950698395,1.1518065950698395,0.0,0.0
infeasible_long_shadow,45450037.57207669,0.8593629278833361,1.1593629278833362,0.0,0.0
infeasible_long_shadow,48921269.33152029,0.8669862925394117,1.1669862925394117,0.0,0.0
infeasible_long_shadow,52657615.281654395,0.8746772836741191,1.174677283674119,0.0,0.0
infeasible_long_shadow,56679323.432112455,0.8824365011984976,1.1824365011984976,0.0,0.0
infeasible_long_shadow,61008188.22764346,0.8902645503453661,1.1902645503453662,0.0,0.0
infeasible_long_shadow,65667668.656588644,0.8981620417165336,1.1981620417165335,0.0,0.0
infeasible_long_shadow,70683015.37985341,0.9061295913304261,1.2061295913304262,0.0,0.0
infeasible_long_shadow,76081407.56931394,0.9141678206701378,1.2141678206701378,0.0,0.0
infeasible_long_shadow,81892100.19721259,0.9222773567319081,1.222277356731908,0.0,0.0
infeasible_long_shadow,88146582.57473113,0.9304588320740276,1.2304588320740275,0.0,0.0
infeasible_long_shadow,94878748.99889745,0.9387128848661785,1.2387128848661786,0.0,0.0
infeasible_long_shadow,102125082.43259259,0.9470401589392146,1.2470401589392146,0.0,0.0
infeasible_long_shadow,109924852.21306062,0.9554413038353807,1.2554413038353807,0.0,0.0
infeasible_long_shadow,118320326.86033702,0.9639169748589768,1.2639169748589767,0.0,0.0
infeasible_long_shadow,127357003.13885553,0.972467833127474,1.272467833127474,0.0,0.0
infeasible_long_shadow,137083852.61355808,0.9810945456230832,1.2810945456230831,0.0,0.0
infeasible_long_shadow,147553587.03664753,0.98979778524478,1.28979778524478,0.0,0.0
infeasible_long_shadow,158822944.0031669,0.9985782308607927,1.2985782308607927,0.0,0.0
infeasible_long_shadow,170952994.42342994,1.0074365673615546,1.3074365673615547,0.0,0.0
infeasible_long_shadow,184009473.47855815,1.016373485713128,1.316373485713128,0.0,0.0
infeasible_long_shadow,198063136.85263798,1.025389683011098,1.325389683011098,0.0,0.0
infeasible_long_shadow,213190144.17199638,1.0344858625349518,1.3344858625349518,0.0,0.0
infeasible_long_shadow,229472471.7295179,1.0436627338029305,1.3436627338029306,0.0,0.0
infeasible_long_shadow,246998356.73065436,1.0529210126273771,1.3529210126273772,0.0,0.0
infeasible_long_shadow,265862775.4685732,1.0622614211705672,1.3622614211705673,0.0,0.0
infeasible_long_shadow,286167958.01978296,1.071684688001044,1.371684688001044,0.0,0.0
infeasible_long_shadow,308023942.24945736,1.0811915481504426,1.3811915481504426,0.0,0.0
infeasible_long_shadow,331549170.1287467,1.090782743170827,1.390782743170827,0.0,0.0
infeasible_long_shadow,356871129.5956224,1.1004590211925322,1.4004590211925323,0.0,0.0
infeasible_long_shadow,384127045.43763584,1.1102211369825186,1.4102211369825186,0.0,0.0
infeasible_long_shadow,413464622.9406211,1.1200698520032457,1.4200698520032458,0.0,0.0
infeasible_long_shadow,445042848.33332485,1.130005934472068,1.4300059344720681,0.0,0.0
infeasible_long_shadow,479032850.3657331,1.1400301594211568,1.4400301594211569,0.0,0.0
infeasible_long_shadow,515618827.69015837,1.1501433087579536,1.4501433087579536,0.0,0.0
infeasible_long_shadow,554999047.0707651,1.160346171326162,1.460346171326162,0.0,0.0
infeasible_long_shadow,597386917.8310004,1.170639542967278,1.470639542967278,0.0,0.0
infeasible_long_shadow,643012148.3616135,1.1810242265826647,1.4810242265826647,0.0,0.0
infeasible_long_shadow,692121990.9566009,1.1915010321961852,1.4915010321961852,0.0,0.0
infeasible_long_shadow,744982581.7230648,1.2020707770173802,1.5020707770173802,0.0,0.0
infeasible_long_shadow,801880382.8262751,1.2127342855052166,1.5127342855052166,0.0,0.0
infeasible_long_shadow,863123734.8857143,1.2234923894323928,1.5234923894323928,0.0,0.0
infeasible_long_shadow,929044527.9348639,1.2343459279502222,1.5343459279502223,0.0,0.0
infeasible_long_shadow,1000000000.0,1.2452957476540856,1.5452957476540856,0.0,0.0
