scenario,N,total_error,c_hyb,gamma,Lambda_eff
complete_visibility,10,0.35,0.8775000000000001,1.8180006181483745,1.5952955424251987
complete_visibility,11,0.3321253824458453,0.889692730335201,1.8438741313596527,1.6404814103238166
complete_visibility,12,0.31660542998980384,0.8997610017009714,1.8679599786374794,1.6807175415161837
complete_visibility,13,0.30296970258048483,0.9082093593182926,1.890480591342169,1.7169521666665382
complete_visibility,14,0.29086912517531494,0.915395152019747,1.9116198654339487,1.7498875573228776
complete_visibility,15,0.28003857037563795,0.9215783991019688,1.9315315167256788,1.7800577229990489
complete_visibility,16,0.270272621379509,0.9269527101326486,1.9503452971788773,1.8078778589144262
complete_visibility,17,0.26140936226332495,0.9316651453210818,1.9681716956261983,1.833676968822422
complete_visibility,18,0.2533192342500251,0.9358293655589809,1.9851055445367105,1.857720062311405
complete_visibility,19,0.2458971888544399,0.9395345725134839,2.0012288239154636,1.8802236675790773
complete_visibility,20,0.23905704493201918,0.9428517292683706,2.016612867068778,1.901366928980644
complete_visibility,21,0.23272735423002192,0.9458379785930939,2.0313201146580377,1.9212997111236503
complete_visibility,22,0.22684832135548716,0.9485398390981976,2.0454055233669797,1.9401486260250795
complete_visibility,23,0.2213694747185611,0.9509955556628283,2.058917707469026,1.958021589278543
complete_visibility,24,0.2162478814365537,0.9532368537742022,2.0718998716739914,1.9750113150096889
complete_visibility,25,0.21144676230961437,0.9552902667087815,2.084390579300354,1.9911980324251066
complete_visibility,26,0.20693440515092418,0.9571781519648331,2.0964243893656618,2.006651622747028
complete_visibility,27,0.20268330345150964,0.9589194785019832,2.1080323884721994,2.0214333186190516
complete_visibility,28,0.1986694672182068,0.9605304427952338,2.119242637607394,2.035597069091569
complete_visibility,29,0.19487186677810664,0.9620249555384158,2.130080549637549,2.049190646058307
complete_visibility,30,0.19127198028853515,0.9634150295565023,2.1405692099692777,2.06225654869029
complete_visibility,31,0.18785342287296744,0.9647110915149101,2.150729650315407,2.074832748509257
complete_visibility,32,0.18460164055147402,0.9659222343057043,2.1605810835368686,2.086953307608572
complete_visibility,33,0.18150365601286836,0.9670564228539623,2.170141105998157,2.0986488950549194
complete_visibility,34,0.1785478561720976,0.9681206630563479,2.179425872667754,2.1099472209292656
complete_visibility,35,0.17572381364042938,0.9691211413196636,2.1884502492398945,2.1208734032646688
complete_visibility,36,0.17302213589786558,0.9700633404893405,2.1972279447928766,2.1314502799423063
complete_visibility,37,0.170434337232598,0.970952136692085,2.2057716278886996,2.1416986751533114
complete_visibility,38,0.1679527294989516,0.971791880653852,2.2140930285264244,2.1516376281342766
complete_visibility,39,0.1655703285142796,0.9725864663156736,2.2222030279622182,2.1612845904017637
complete_visibility,40,0.16328077351894127,0.9733393889990563,2.23011173808333,2.1706555965456515
complete_visibility,41,0.16107825760055,0.9740537949283709,2.237828571756331,2.1797654127183903
complete_visibility,42,0.15895746736307514,0.9747325235695169,2.2453623053501017,2.1886276662217727
complete_visibility,43,0.1569135304249241,0.9753781439695864,2.252721134452232,2.1972549590030797
complete_visibility,44,0.15494196957437661,0.975992986064413,2.259912723646405,2.2056589673966154
complete_visibility,45,0.15303866260833884,0.976579167747051,2.2669442510922857,2.2138505300606663
complete_visibility,46,0.15119980704106445,0.9771386183507449,2.2738224485438736,2.221839725745068
complete_visibility,47,0.14942188900079767,0.9776730990874333,2.2805536373534916,2.2296359422665066
complete_visibility,48,0.14770165574009195,0.9781842208916354,2.2871437609336867,2.237247937856083
complete_visibility,49,0.14603609127446218,0.978673460045277,2.2935984140858787,2.244683895867787
complete_visibility,50,0.1444223947376556,0.9791421718982408,2.2999228695507052,2.251951473690312
complete_visibility,51,0.142857961103055,0.979591602949478,2.3061221020890637,2.2590578465826456
complete_visibility,52,0.1413403639718433,0.9800229015123069,2.312200810363582,2.2660097470516245
complete_visibility,53,0.13986734017139313,0.9804371271533798,2.3181634368565547,2.272813500303646
complete_visibility,54,0.13843677594336465,0.9808352590664067,2.324014186031429,2.2794750562301407
complete_visibility,55,0.1370466945313963,0.9812182035180181,2.3297570409199184,2.2860000183248963
complete_visibility,56,0.1356952450040091,0.9815868004833019,2.3353957782952532,2.2923936698790484
complete_visibility,57,0.13438069217020754,0.9819418295718559,2.3409339825733144,2.2986609977549715
complete_visibility,58,0.1331014074638866,0.9822840153311324,2.346375058567152,2.3048067140021633
complete_visibility,59,0.13185586068906863,0.982614032001945,2.351722243206199,2.3108352755455015
complete_visibility,60,0.13064261253163612,0.9829325077909088,2.3569786163191035,2.3167509021480828
complete_visibility,61,0.12946030775494322,0.9832400287159954,2.3621471105682996,2.3225575928265805
complete_visibility,62,0.12830766900679022,0.983537142074044,2.367230520614893,2.3282591408760234
complete_visibility,63,0.12718349117396485,0.983824359572802,2.372231511584138,2.3338591476426847
complete_visibility,64,0.1260866362281091,0.9841021601646804,2.3771526268943783,2.339361035167902
complete_visibility,65,0.12501602851322546,0.9843709926147804,2.38199629550589,2.3447680578118626
complete_visibility,66,0.12397065043084009,0.9846312778317544,2.3867648386402776,2.3500833129542777
complete_visibility,67,0.12294953848381407,0.9848834109866171,2.391460476016038,2.3553097508583547
complete_visibility,68,0.12195177964413954,0.9851277634416272,2.3960853316413733,2.3604501837751557
complete_visibility,69,0.12097650801386287,0.9853646845087718,2.40064143920134,2.3655072943573123
complete_visibility,70,0.12002290175161685,0.9855945030551218,2.405130747072853,2.3704836434438623
complete_visibility,71,0.11909018024017858,0.9858175289703618,2.4095551229978835,2.37538167727165
complete_visibility,72,0.1181776014730571,0.9860340545100753,2.413916358442341,2.3802037341630977
complete_visibility,73,0.11728445964039559,0.9862443555268604,2.4182161726656095,2.384952050735225
complete_visibility,74,0.11641008289649167,0.986448692600032,2.422456216523406,2.3896287676703336
complete_visibility,75,0.1155538312930261,0.9866473120735029,2.4266380760246014,2.3942359350848896
complete_visibility,76,0.11471509486367468,0.9868404470104182,2.4307632756608117,2.3987755175296237
complete_visibility,77,0.11389329184718817,0.9870283180722113,2.4348332815258975,2.4032493986507495
complete_visibility,78,0.11308786703727806,0.9872111343289589,2.4388495042410465,2.407659385539423
complete_visibility,79,0.11229829024876375,0.9873890940072044,2.442813301699749,2.412007212794063
complete_visibility,80,0.11152405489043542,0.9875623851807952,2.4467259816457787,2.416294546317928
complete_visibility,81,0.11076467663597814,0.9877311864097272,2.4505888040961836,2.420522986872318
complete_visibility,82,0.110019692185103,0.9878956673314951,2.454402983620308,2.424694073403997
complete_visibility,83,0.10928865810774623,0.9880559892090082,2.458169691484956,2.4288092861637702
complete_visibility,84,0.1085711497648418,0.9882123054387403,2.4618900576749967,2.4328700496317217
complete_visibility,85,0.10786676029975067,0.9883647620224362,2.465565172797967,2.4368777352632693
complete_visibility,86,0.10717509969495097,0.9885134980053774,2.469196089880542,2.4408336640690145
complete_visibility,87,0.10649579388906305,0.9886586458839381,2.472783826064148,2.444739109040284
complete_visibility,88,0.10582848394970659,0.9888003319849067,2.476329364206405,2.448595297431266
complete_visibility,89,0.10517282529807051,0.9889386768188215,2.4798336543945987,2.452403412907777
complete_visibility,90,0.10452848698142225,0.9890737954093747,2.4832976153768938,2.456164597571874
complete_visibility,91,0.10389515099009747,0.9892057976007449,2.486722135916581,2.4598799538707894
complete_visibility,92,0.10327251161579538,0.9893347883445655,2.4901080760742653,2.4635505463980265
complete_visibility,93,0.10266027484826311,0.9894608679680791,2.493456268422521,2.4671774035937952
complete_visibility,94,0.10205815780768822,0.9895841324249011,2.496767519197241,2.4707615193514743
complete_visibility,95,0.10146588821033078,0.9897046735296886,2.500042609389572,2.474303854536217
complete_visibility,96,0.10088320386512227,0.9898225791779082,2.5032822957820797,2.477805338421413
complete_visibility,97,0.10030985219913485,0.9899379335517877,2.5064873119325095,2.4812668700482434
complete_visibility,98,0.09974558980998732,0.9900508173134578,2.509658369108287,2.484689319513219
complete_visibility,99,0.0991901820434012,0.9901613077861969,2.512796157174673,2.4880735291882043
complete_visibility,100,0.09864340259425587,0.9902694791246276,2.5159013454393104,2.4914203148771357
complete_visibility,101,0.09810503312961544,0.9903754024746371,2.518974583455681,2.4947304669133015
complete_visibility,102,0.09757486293231334,0.9904791461237402,2.5220165017878613,2.498004751200823
complete_visibility,103,0.09705268856378416,0.9905807756425411,2.5250277127387695,2.501243910203682
complete_visibility,104,0.09653831354492826,0.9906803540179011,2.528008811043978,2.5044486638854213
complete_visibility,105,0.09603154805388125,0.9907779417783751,2.5309603745330254,2.507619710602456
complete_visibility,106,0.09553220863964211,0.9908735971124318,2.533882964760019,2.5107577279536737
complete_visibility,107,0.09504011795058677,0.9909673759799386,2.536777127605235,2.513863373588886
complete_visibility,108,0.09455510447696228,0.9910593322173508,2.539643393849284,2.5169372859784778
complete_visibility,109,0.09407700230652026,0.991149517637019,2.5424822797213333,2.519980085146468
complete_visibility,110,0.09360565089250492,0.9912379821209905,2.5452942874227764,2.5229923733690374
complete_visibility,111,0.09314089483326582,0.9913247737096585,2.548079905627646,2.5259747358404545
complete_visibility,112,0.0926825836628136,0.9914099386855856,2.5508396099610082,2.5289277413082063
complete_visibility,113,0.09223057165168323,0.9914935216528037,2.5535738634564704,2.5318519426790114
complete_visibility,114,0.09178471761751185,0.9915755656118737,2.5562831169939035,2.5347478775973133
complete_visibility,115,0.09134488474477574,0.9916561120309636,2.5589678097183786,2.537616068997718
complete_visibility,116,0.09091094041316952,0.9917352009131931,2.5616283694412814,2.5404570256327843
complete_visibility,117,0.09048275603414167,0.991812870860466,2.5642652130245014,2.5432712425774553
complete_visibility,118,0.09006020689513357,0.9918891591340058,2.5668787467485483,2.546059201711368
complete_visibility,119,0.08964317201109677,0.991964101711789,2.569469366665386,2.5488213721801887
complete_visibility,120,0.0892315339828906,0.9920377333430602,2.5720374589367405,2.5515582108370483
complete_visibility,121,0.08882517886218708,0.9921100876001004,2.5745834001585974,2.5542701626651105
complete_visibility,122,0.08842399602253286,0.9921811969274071,2.5771075576725475,2.556957661182215
complete_visibility,123,0.08802787803623997,0.9922510926884368,2.579610289864619,2.5596211288285033
complete_visibility,124,0.08763672055679686,0.9923198052100499,2.5820919464521954,2.562260977337881
complete_visibility,125,0.08725042220650962,0.9923873638247858,2.584552868759577,2.564877608094104
complete_visibility,126,0.08686888446910167,0.9924537969110939,2.586993389982728,2.5674714124722606
complete_visibility,127,0.0864920115870149,0.9925191319316317,2.5894138354437013,2.5700427721663393
complete_visibility,128,0.0861197104631721,0.9925833954697394,2.591814522835232,2.572592059503577
complete_visibility,129,0.08575189056697298,0.9926466132641899,2.5941957624559415,2.5751196377462033
complete_visibility,130,0.08538846384431066,0.9927088102423088,2.5965578574365833,2.5776258613811893
complete_visibility,131,0.08502934463140703,0.9927700105515535,2.598901103957736,2.5801110763985653
complete_visibility,132,0.0846744495722771,0.9928302375896318,2.601225791459327,2.5825756205588415
complete_visibility,133,0.08432369753964347,0.9928895140332428,2.6035322028423513,2.58501982365004
complete_visibility,134,0.0839770095591319,0.9929478618655054,2.6058206146631315,2.5874440077348138
complete_visibility,135,0.08363430873658849,0.993005302402153,2.6080912973204424,2.5898484873881094
complete_visibility,136,0.08329552018836792,0.9930618563165492,2.6103445152358202,2.5922335699258063
complete_visibility,137,0.08296057097445056,0.9931175436635932,2.6125805270273394,2.594599555624727
complete_visibility,138,0.08262939003425372,0.9931723839025671,2.6147995856771513,2.596946737934421
complete_visibility,139,0.0823019081250101,0.9932263959189824,2.61700193869304,2.599275403681078
complete_visibility,140,0.08197805776259313,0.993279598045473,2.6191878282642533,2.6015858332639126
complete_visibility,141,0.08165777316467504,0.9933320080817865,2.6213574914118536,2.6038783008443707
complete_visibility,142,0.0813409901961104,0.9933836433139163,2.623511160133811,2.6061530745284442
complete_visibility,143,0.0810276463164426,0.9934345205324174,2.6256490615450594,2.608410416542408
complete_visibility,144,0.08071768052943679,0.9934846560499477,2.627771418012728,2.6106505834022586
complete_visibility,145,0.08041103333454731,0.9935340657180703,2.6298784472867394,2.61287382607712
complete_visibility,146,0.08010764668023326,0.993582764943355,2.6319703626259647,2.6150803901468707
complete_visibility,147,0.07980746391903902,0.9936307687028113,2.634047372920119,2.6172705159542384
complete_visibility,148,0.07951042976436197,0.9936780915586865,2.6361096828075614,2.619444438751592
complete_visibility,149,0.07921649024883314,0.9937247476726565,2.6381574927891736,2.6216023888426494
complete_visibility,150,0.07892559268423975,0.9937707508194414,2.6401909993384565,2.6237445917193094
complete_visibility,151,0.07863768562292336,0.9938161143998703,2.642210395008012,2.625871268193809
complete_visibility,152,0.07835271882058949,0.9938608514534216,2.6442158685325374,2.6279826345263966
complete_visibility,153,0.07807064320046815,0.9939049746702652,2.6462076049284757,2.6300789025487
complete_visibility,154,0.07779141081876811,0.9939484964028257,2.6481857855904463,2.6321602797829597
complete_visibility,155,0.07751497483136985,0.993991428676892,2.650150588384583,2.6342269695572975
complete_visibility,156,0.07724128946170514,0.9940337832022931,2.6521021877388975,2.6362791711171742
complete_visibility,157,0.07697030996977382,0.9940755713831569,2.6540407547307785,2.638317079733184
complete_visibility,158,0.07670199262225044,0.9941168043277763,2.6559664571717345,2.64034088680533
complete_visibility,159,0.07643629466363586,0.9941574928580938,2.6578794596894877,2.6423507799639263
complete_visibility,160,0.07617317428841085,0.9941976475188273,2.659779923807511,2.6443469431672333
complete_visibility,161,0.07591259061415111,0.9942372785862483,2.6616680080221102,2.6463295567959833
complete_visibility,162,0.07565450365556459,0.9942763960766302,2.663543867877135,2.6482987977448857
complete_visibility,163,0.0753988742994139,0.9943150097543811,2.6654076560364066,2.6502548395112417
complete_visibility,164,0.07514566428028883,0.9943531291398742,2.667259522353954,2.6521978522807803
complete_visibility,165,0.07489483615719467,0.994390763516987,2.66909961394212,2.6541280030107997
complete_visibility,166,0.07464635329092449,0.9944279219403664,2.6709280752376308,2.65604545551074
complete_visibility,167,0.07440017982218437,0.9944646132424266,2.672745048065696,2.657950370520263
complete_visibility,168,0.07415628065044222,0.9945008460400928,2.6745506717022027,2.6598429057849393
complete_visibility,169,0.07391462141347226,0.9945366287413031,2.6763450829340787,2.661723216129622
complete_visibility,170,0.07367516846756812,0.9945719695512755,2.6781284161178895,2.663591453529607
complete_visibility,171,0.073437888868399,0.9946068764785527,2.679900803236721,2.6654477671796397
complete_visibility,172,0.07320275035248439,0.9946413573408318,2.681662373955422,2.667292303560858
complete_visibility,173,0.07296972131926381,0.9946754197705889,2.683413255674247,2.6691252065057443
complete_visibility,174,0.07273877081373943,0.9947090712205063,2.685153573580969,2.670946617261149
complete_visibility,175,0.0725098685096695,0.9947423189687105,2.6868834507015027,2.6727566745494635
complete_visibility,176,0.0722829846932928,0.9947751701238292,2.6886030079490975,2.6745555146280022
complete_visibility,177,0.07205809024756393,0.994807631629874,2.6903123641721405,2.676343271346654
complete_visibility,178,0.0718351566368807,0.9948397102709549,2.692011636200626,2.6781200762038697
complete_visibility,179,0.07161415589228581,0.9948714126758353,2.6937009388913222,2.6798860584010336
complete_visibility,180,0.07139506059712526,0.9949027453223328,2.695380385171693,2.6816413448952843
complete_visibility,181,0.07117784387314711,0.9949337145415699,2.6970500860826077,2.6833860604508297
complete_visibility,182,0.07096247936702473,0.9949643265220846,2.6987101508198768,2.685120327688812
complete_visibility,183,0.07074894123728913,0.9949945873138026,2.7003606867746583,2.686844267135768
complete_visibility,184,0.07053720414165619,0.9950245028318783,2.702001799572769,2.6885579972707347
complete_visibility,185,0.07032724322473424,0.9950540788604091,2.703633593112931,2.690261634571046
complete_visibility,186,0.07011903410609907,0.9950833210560277,2.705256169603996,2.691955293556853
complete_visibility,187,0.06991255286872328,0.995112234951378,2.706869629601174,2.693639086834433
complete_visibility,188,0.0697077760477475,0.9951408259584771,2.7084740720413016,2.6953131251383007
complete_visibility,189,0.06950468061958197,0.99516909937197,2.7100695942771758,2.696977517372177
complete_visibility,190,0.06930324399132654,0.9951970603722786,2.7116562921109875,2.6986323706488475
complete_visibility,191,0.06910344399049868,0.995224714028652,2.7132342598268817,2.7002777903289497
complete_visibility,192,0.06890525885505883,0.9952520653021173,2.7148035902226697,2.701913880058715
complete_visibility,193,0.0687086672237226,0.9952791190483398,2.7163643746407184,2.703540741806709
complete_visibility,194,0.06851364812655082,0.9953058800203912,2.7179167029980493,2.705158475899594
complete_visibility,195,0.06832018097580746,0.995332352871433,2.719460663815662,2.706767181056952
complete_visibility,196,0.06812824555707685,0.9953585421573147,2.720996344247113,2.708366954425189
complete_visibility,197,0.0679378220206314,0.995384452339093,2.7225238301063674,2.7099578916105567
complete_visibility,198,0.0677488908730415,0.9954100877854727,2.72404320589495,2.7115400867113126
complete_visibility,199,0.06756143296901988,0.9954354527751726,2.7255545548284132,2.7131136323490557
complete_visibility,200,0.06737542950349225,0.99546055149922,2.727057958862144,2.714678619699247
complete_visibility,201,0.06719086200388737,0.9954853880631745,2.728553498716529,2.7162351385209567
complete_visibility,202,0.06700771232263918,0.9955099664892865,2.7300412539014975,2.7177832771858492
complete_visibility,203,0.06682596262989389,0.995534290718588,2.731521302740459,2.7193231227064363
complete_visibility,204,0.06664559540641612,0.9955583646129242,2.7329937223936547,2.7208547607636153
complete_visibility,205,0.06646659343668689,0.9955821919569222,2.73445858888094,2.7223782757335186
complete_visibility,206,0.06628893980218804,0.9956057764599019,2.7359159771040136,2.7238937507136924
complete_visibility,207,0.06611261787486684,0.9956291217577319,2.7373659608681096,2.7254012675486257
complete_visibility,208,0.06593761131077507,0.9956522314146291,2.738808612903168,2.7269009068546444
complete_visibility,209,0.06576390404387729,0.9956751089249077,2.740244004884497,2.7283927480441967
complete_visibility,210,0.065591480280023,0.9956977577146754,2.741672207452949,2.7298768693495457
complete_visibility,211,0.0654203244910773,0.9957201811434822,2.74309329023461,2.7313533478458765
complete_visibility,212,0.0652504214092056,0.9957423825059211,2.744507321860031,2.7328222594738523
complete_visibility,213,0.06508175602130725,0.995764365033183,2.745914369983004,2.734283679061619
complete_visibility,214,0.0649143135635938,0.9957861318945674,2.747314501298903,2.735737680346287
complete_visibility,215,0.0647480795163072,0.99580768619895,2.7487077815625915,2.7371843359948933
complete_visibility,216,0.06458303959857412,0.995829030996209,2.750094275605922,2.7386237176248667
complete_visibility,217,0.06441917976339172,0.9958501692786118,2.751474047354829,2.7400558958240135
complete_visibility,218,0.06425648619274138,0.995871103982162,2.75284715984603,2.741480940170025
complete_visibility,219,0.06409494529282642,0.9958918379879096,2.7542136752433426,2.742898919249528
complete_visibility,220,0.06393454368942986,0.9959123741232244,2.755573654853636,2.744309900676695
complete_visibility,221,0.06377526822338923,0.9959327151630347,2.756927159142413,2.7457139511114153
complete_visibility,222,0.0636171059461843,0.995952863831032,2.7582742477490503,2.747111136277052
complete_visibility,223,0.06346004411563487,0.9959728228008417,2.7596149795016878,2.7485015209777828
complete_visibility,224,0.06330407019170531,0.9959925946971636,2.760949412431792,2.74988516911555
complete_visibility,225,0.0631491718324126,0.9960121820968805,2.7622776037883887,2.751262143706615
complete_visibility,226,0.06299533688983502,0.9960315875301362,2.7635996100519877,2.7526325068977466
complete_visibility,227,0.0628425534062185,0.9960508134813866,2.764915486948195,2.7539963199820336
complete_visibility,228,0.06269080961017778,0.9960698623904204,2.7662252894610266,2.7553536434143457
complete_visibility,229,0.06254009391298991,0.9960887366533544,2.767529071845935,2.756704536826448
complete_visibility,230,0.06239039490497707,0.996107438623601,2.768826887642547,2.7580490590417743
complete_visibility,231,0.06224170135197645,0.9961259706128114,2.7701187896871264,2.759387268089875
complete_visibility,232,0.06209400219189482,0.996144334891793,2.771404830124774,2.7607192212205454
complete_visibility,233,0.06194728653134493,0.9961625336914034,2.772685060421353,2.762044974917637
complete_visibility,234,0.06180154364236211,0.9961805692034212,2.773959531375172,2.7633645849125745
complete_visibility,235,0.06165676295919818,0.9961984435813932,2.775228293128411,2.76467810619757
complete_visibility,236,0.061512934075191116,0.9962161589414612,2.776491395178307,2.7659855930385517
complete_visibility,237,0.06137004673970785,0.9962337173631661,2.777748886388102,2.767287098987814
complete_visibility,238,0.06122809085515853,0.9962511208902325,2.7790008149977634,2.7685826768963913
complete_visibility,239,0.061087056474080276,0.9962683715313325,2.7802472286344773,2.7698723789261708
complete_visibility,240,0.060946933796288225,0.9962854712608309,2.7814881743229223,2.7711562565617407
complete_visibility,241,0.06080771316609243,0.9963024220195102,2.7827236984953325,2.7724343606219892
complete_visibility,242,0.06066938506957857,0.9963192257152792,2.7839538470013485,2.7737067412714564
complete_visibility,243,0.06053194013195081,0.9963358842238619,2.7851786651176664,2.7749734480314454
complete_visibility,244,0.060395369114935205,0.9963523993894707,2.786398197557492,2.7762345297909037
complete_visibility,245,0.06025966291424195,0.9963687730254619,2.787612488479795,2.777490034817068
complete_visibility,246,0.06012481255708493,0.9963850069149754,2.7888215814983814,2.7787400107658975
complete_visibility,247,0.059990809199757064,0.9964011028115584,2.790025519690777,2.7799845046922815
complete_visibility,248,0.05985764412525999,0.9964170624397737,2.7912243456069326,2.7812235630600393
complete_visibility,249,0.05972530874098656,0.9964328874957938,2.7924181012777547,2.782457231751715
complete_visibility,250,0.05959379457645491,0.9964485796479793,2.793606828223466,2.783685556078169
complete_visibility,251,0.05946309328109262,0.996464140537444,2.794790567461795,2.7849085807879734
complete_visibility,252,0.059333196622069775,0.9964795717786068,2.7959693595160093,2.7861263500766187
complete_visibility,253,0.059204096482179495,0.9964948749597288,2.797143244422779,2.7873389075955273
complete_visibility,254,0.059075784857765,0.9965100516434391,2.7983122617398983,2.788546296460895
complete_visibility,255,0.0589482538566916,0.9965251033672471,2.7994764505538448,2.7897485592623443
complete_visibility,256,0.05882149569636291,0.9965400316440428,2.8006358494871937,2.7909457380714087
complete_visibility,257,0.05869550270177983,0.9965548379625854,2.8017904967058893,2.7921378744498493
complete_visibility,258,0.058570267303641295,0.99656952378798,2.8029404299263745,2.793325009457803
complete_visibility,259,0.05844578203648583,0.9965840905621436,2.8040856864225785,2.7945071836617696
complete_visibility,260,0.058322039536872775,0.9965985397042595,2.805226303032776,2.795684437142443
complete_visibility,261,0.058199032541602205,0.9966128726112216,2.8063623161663083,2.7968568095023856
complete_visibility,262,0.058076753885972617,0.9966270906580682,2.80749376181018,2.798024339873555
complete_visibility,263,0.05795519650207541,0.9966411951984058,2.808620675535527,2.799187066924681
complete_visibility,264,0.05783435341712526,0.9966551875648231,2.8097430925039664,2.800345028868507
complete_visibility,265,0.05771421775182542,0.9966690690692949,2.810861047473818,2.801498263468873
complete_visibility,266,0.05759478271876728,0.996682841003578,2.8119745748062166,2.802646808047688
complete_visibility,267,0.05747604162086313,0.9966965046395968,2.813083708471105,2.803790699491745
complete_visibility,268,0.057357987849811436,0.9967100612298209,2.8141884820531153,2.804929974259417
complete_visibility,269,0.0572406148845938,0.9967235120076336,2.815288928757342,2.8060646683872266
complete_visibility,270,0.05712391629000286,0.9967368581876928,2.8163850814150044,2.807194817496281
complete_visibility,271,0.057007885715200324,0.9967501009662827,2.8174769724890103,2.8083204567985973
complete_visibility,272,0.05689251689230452,0.9967632415216588,2.8185646340794097,2.809441621103301
complete_visibility,273,0.05677780363500659,0.9967762810143846,2.819648097928754,2.8105583448227067
complete_visibility,274,0.056663739837214844,0.9967892205876604,2.820727395427353,2.8116706619782925
complete_visibility,275,0.05655031947172637,0.9968020613676457,2.821802557618439,2.812778606206555
complete_visibility,276,0.056437536588925516,0.9968148044637737,2.822873615203235,2.8138822107647585
complete_visibility,277,0.05632538531550837,0.9968274509690596,2.823940598545933,2.814981508536583
complete_visibility,278,0.05621385985323274,0.9968400019604011,2.8250035376785787,2.8160765320376546
complete_visibility,279,0.0561029544776931,0.9968524584988739,2.826062462305873,2.817167313420991
complete_visibility,280,0.05599266353711969,0.9968648216300189,2.8271174018098835,2.8182538844823317
complete_visibility,281,0.055882981451201526,0.9968770923841247,2.828168385254675,2.8193362766653856
complete_visibility,282,0.05577390270993244,0.996889271776503,2.8292154413908546,2.8204145210669664
complete_visibility,283,0.05566542187247985,0.9969013608077588,2.830258598660038,2.8214886484420525
complete_visibility,284,0.055557533566075706,0.9969133604640543,2.8312978851992368,2.8225586892087415
complete_visibility,285,0.05545023248492886,0.9969252717173673,2.8323333288451673,2.823624673453124
complete_visibility,286,0.055343513389158806,0.996937095525744,2.833364957138486,2.824686630934066
complete_visibility,287,0.055237371103749835,0.9969488328335466,2.8343927973279452,2.8257445910879064
complete_visibility,288,0.055131800517525545,0.9969604845716957,2.835416876374487,2.8267985830330726
complete_visibility,289,0.05502679658214289,0.9969720516579075,2.8364372209552533,2.8278486355746124
complete_visibility,290,0.054922354311105634,0.9969835349969254,2.837453857467536,2.8288947772086463
complete_visibility,291,0.054818468778796564,0.9969949354807481,2.8384668120326535,2.8299370361267404
complete_visibility,292,0.05471513511952812,0.9970062539888518,2.8394761104997652,2.830975440220206
complete_visibility,293,0.054612348526611044,0.997017491388408,2.8404817784496146,2.8320100170843183
complete_visibility,294,0.0545101042514406,0.9970286485344971,2.8414838411982144,2.8330407940224673
complete_visibility,295,0.05440839760260001,0.9970397262703173,2.842482323800464,2.8340677980502305
complete_visibility,296,0.05430722394498068,0.9970507254273897,2.8434772510537116,2.835091055899383
complete_visibility,297,0.05420657869891901,0.9970616468257579,2.8444686475012477,2.8361105940218305
complete_visibility,298,0.05410645733934904,0.9970724912741852,2.845456537435746,2.8371264385934762
complete_visibility,299,0.054006855394971146,0.9970832595703467,2.846440944902648,2.83813861551803
complete_visibility,300,0.05390776844743585,0.9970939525010176,2.847421893703481,2.8391471504307364
complete_visibility,301,0.053809192130542874,0.9971045708422583,2.8483994073991346,2.840152068702057
complete_visibility,302,0.053711122129454836,0.9971151153595947,2.8493735093130694,2.8411533954412747
complete_visibility,303,0.05361355417992541,0.9971255868081962,2.850344222534483,2.8421511555000483
complete_visibility,304,0.05351648406754152,0.9971359859330485,2.8513115699214167,2.8431453734759002
complete_visibility,305,0.05341990762697941,0.997146313469125,2.8522755741038135,2.84413607371565
complete_visibility,306,0.053323820741274154,0.9971565701415525,2.8532362574865275,2.845123280318785
complete_visibility,307,0.05322821934110247,0.9971667566657755,2.8541936422522824,2.846107017140785
complete_visibility,308,0.05313309940407832,0.9971768737477164,2.8551477503645795,2.8470873077963765
complete_visibility,309,0.053038456954061335,0.9971869220839322,2.856098603570562,2.8480641756627456
complete_visibility,310,0.05294428806047749,0.9971969023617692,2.857046223403833,2.8490376438826934
complete_visibility,311,0.05285058883765201,0.9972068152595135,2.857990631187224,2.8500077353677384
complete_visibility,312,0.05275735544415413,0.9972166614465392,2.8589318480355224,2.8509744728011683
complete_visibility,313,0.05266458408215344,0.9972264415834537,2.859869894858155,2.851937878641044
complete_visibility,314,0.052572270996787615,0.9972361563222403,2.860804792361825,2.852897975123151
complete_visibility,315,0.0524804124755414,0.997245806306397,2.8617365610531134,2.8538547842639077
complete_visibility,316,0.052389004847636374,0.9972553921710743,2.8626652212410306,2.854808327863219
complete_visibility,317,0.05229804448343144,0.997264914543209,2.8635907930395357,2.8557586275072926
complete_visibility,318,0.05220752779383387,0.9972743740416561,2.8645132963700113,2.8567057045714037
complete_visibility,319,0.05211745122972051,0.9972837712773177,2.865432750963699,2.857649580222617
complete_visibility,320,0.05202781128136903,0.9972931068532702,2.8663491763641007,2.858590275422466
complete_visibility,321,0.051938604477899115,0.9973023813648884,2.867262591929336,2.8595278109295887
complete_visibility,322,0.05184982738672315,0.997311595399967,2.8681730168344695,2.860462207302321
complete_visibility,323,0.0517614766130065,0.9973207495388412,2.869080470073797,2.8613934849012503
complete_visibility,324,0.0516735487991369,0.9973298443545032,2.8699849704630993,2.862321663891726
complete_visibility,325,0.05158604062420302,0.9973388804127181,2.870886536641858,2.8632467642463366
complete_visibility,326,0.051498948803481874,0.9973478582721363,2.87178518707544,2.8641688057473367
complete_visibility,327,0.05141227008793491,0.9973567784844052,2.872680940057248,2.8650878079890494
complete_visibility,328,0.05132600126371268,0.9973656415942773,2.8735738137108346,2.866003790380221
complete_visibility,329,0.05124013915166782,0.9973744481397178,2.8744638259919912,2.866916772146344
complete_visibility,330,0.0511546806068763,0.9973831986520085,2.8753509946907956,2.86782677233194
complete_visibility,331,0.05106962251816661,0.997391893655852,2.876235337433638,2.8687338098028143
complete_visibility,332,0.05098496180765691,0.9974005336694718,2.8771168716852085,2.869637903248268
complete_visibility,333,0.050900695430299854,0.9974091192047119,2.877995614750461,2.8705390711832806
complete_visibility,334,0.05081682037343497,0.9974176507671341,2.8788715837765415,2.8714373319506565
complete_visibility,335,0.0507333336563485,0.9974261288561136,2.879744795754693,2.872332703723143
complete_visibility,336,0.05065023232984054,0.9974345539649332,2.880615267522127,2.873225204505509
complete_visibility,337,0.05056751347579917,0.9974429265808749,2.881483015763871,2.8741148521366005
complete_visibility,338,0.05048517420678179,0.9974512471853109,2.882348057014587,2.8750016642913576
complete_visibility,339,0.05040321166560311,0.9974595162537924,2.8832104076603615,2.8758856584828036
complete_visibility,340,0.050321623024930054,0.9974677342561369,2.884070083940472,2.876766852064009
complete_visibility,341,0.050240405486883105,0.9974759016565136,2.884927101949123,2.8776452622300144
complete_visibility,342,0.05015955628264426,0.9974840189135282,2.885781477637164,2.8785209060197383
complete_visibility,343,0.05007907267207123,0.9974920864803054,2.886633226813774,2.8793938003178483
complete_visibility,344,0.04999895194331784,0.9975001048045697,2.8874823651481254,2.880263961856602
complete_visibility,345,0.049919191412460755,0.9975080743287261,2.888328908171024,2.88113140721767
complete_visibility,346,0.049839788423131914,0.9975159954899374,2.889172871276525,2.8819961528339237
complete_visibility,347,0.04976074034615705,0.9975238687202024,2.890014269723523,2.882858214991199
complete_visibility,348,0.04968204457919988,0.9975316944464304,2.8908531186373216,2.8837176098300352
complete_visibility,349,0.04960369854641196,0.9975394730905167,2.891689433011182,2.8845743533473893
complete_visibility,350,0.04952569969808819,0.9975472050694147,2.8925232277078434,2.8854284613983214
complete_visibility,351,0.04944804551032766,0.9975548907952085,2.8933545174610273,2.8862799496976583
complete_visibility,352,0.04937073348469987,0.9975625306751827,2.8941833168769193,2.887128833821634
complete_visibility,353,0.04929376114791626,0.9975701251118921,2.895009640435626,2.8879751292095013
complete_visibility,354,0.049217126051506827,0.9975776745032301,2.895833502492615,2.888818851165127
complete_visibility,355,0.04914082577150179,0.9975851792424949,2.8966549172801357,2.8896600148585585
complete_visibility,356,0.04906485790811837,0.9975926397184561,2.897473898908614,2.8904986353275715
complete_visibility,357,0.048989220085452194,0.9976000563154191,2.898290461368033,2.8913347274791916
complete_visibility,358,0.048913909951173715,0.9976074294132885,2.899104618529292,2.8921683060911993
complete_visibility,359,0.04883892517622918,0.9976147593876307,2.8999163841455484,2.892999385813609
complete_visibility,360,0.048764263454546306,0.9976220466097356,2.9007257718535358,2.8938279811701295
complete_visibility,361,0.04868992250274442,0.9976292914466768,2.9015327951748704,2.8946541065596016
complete_visibility,362,0.048615900059849074,0.9976364942613708,2.9023374675173343,2.8954777762574184
complete_visibility,363,0.048542193887011025,0.9976436554126358,2.9031398021761428,2.8962990044169232
complete_visibility,364,0.04846880176722947,0.997650775255249,2.9039398123351945,2.8971178050707893
complete_visibility,365,0.04839572150507958,0.9976578541400027,2.904737511068304,2.8979341921323765
complete_visibility,366,0.04832295092644404,0.9976648924137604,2.9055329113404165,2.8987481793970766
complete_visibility,367,0.04825048787824879,0.997671890419511,2.906326026008808,2.8995597805436324
complete_visibility,368,0.04817833022820262,0.9976788484964223,2.9071168678242656,2.900369009135439
complete_visibility,369,0.048106475864540775,0.9976857669798943,2.907905449432255,2.9011758786218333
complete_visibility,370,0.04803492269577239,0.9976926462016111,2.9086917833740724,2.901980402339362
complete_visibility,371,0.04796366865043169,0.9976994864895916,2.9094758820879765,2.9027825935130256
complete_visibility,372,0.04789271167683289,0.9977062881682398,2.9102577579103097,2.903582465257519
complete_visibility,373,0.04782204974282882,0.9977130515583944,2.9110374230766016,2.904380030578441
complete_visibility,374,0.047751680835573,0.9977197769773776,2.9118148897226597,2.9051753023734994
complete_visibility,375,0.047681602961285374,0.9977264647390424,2.9125901698856427,2.905968293433689
complete_visibility,376,0.04761181414502145,0.9977331151538199,2.9133632755051218,2.9067590164444614
complete_visibility,377,0.047542312430444815,0.997739728528766,2.914134218424127,2.907547483986876
complete_visibility,378,0.047473095879603,0.997746305167606,2.9149030103901796,2.9083337085387337
complete_visibility,379,0.04740416257270671,0.9977528453707804,2.91566966305631,2.909117702475698
complete_visibility,380,0.0473355106079121,0.9977593494354883,2.9164341879820643,2.909899478072401
complete_visibility,381,0.04726713810110649,0.9977658176557309,2.9171965966344935,2.910679047503531
complete_visibility,382,0.0471990431856969,0.9977722503223547,2.9179569003891355,2.911456422844911
complete_visibility,383,0.04713122401240191,0.9977786477230928,2.91871511053098,2.9122316160745587
complete_visibility,384,0.047063678749046316,0.9977850101426066,2.9194712382554195,2.913004639073732
complete_visibility,385,0.046996405580358926,0.9977913378625264,2.920225294669194,2.9137755036279653
complete_visibility,386,0.04692940270777316,0.9977976311614917,2.920977290791315,2.914544221428086
complete_visibility,387,0.046862668349230516,0.99780389031519,2.921727237553987,2.9153108040712215
complete_visibility,388,0.046796200738986896,0.9978101155963964,2.922475145803507,2.916075263061793
complete_visibility,389,0.046729998127421644,0.9978163072750111,2.9232210263011615,2.916837609812493
complete_visibility,390,0.04666405878084939,0.9978224656180974,2.9239648897241044,2.917597855645254
complete_visibility,391,0.04659838098133443,0.9978285908899184,2.9247067466662293,2.918356011792201
complete_visibility,392,0.04653296302650788,0.9978346833519737,2.925446607639028,2.919112089396595
complete_visibility,393,0.04646780322938728,0.997840743263035,2.926184483072436,2.9198660995137593
complete_visibility,394,0.04640289991819887,0.9978467708791816,2.9269203833156734,2.920618053112001
complete_visibility,395,0.046338251436202245,0.9978527664538352,2.927654318638067,2.9213679610735133
complete_visibility,396,0.046273856141517564,0.9978587302377941,2.9283862992298695,2.9221158341952704
complete_visibility,397,0.04620971240695516,0.9978646624792665,2.9291163352030614,2.922861683189909
complete_visibility,398,0.0461458186198474,0.9978705634239041,2.92984443659215,2.9236055186865997
complete_visibility,399,0.04608217318188311,0.9978764333148349,2.930570613354952,2.9243473512319076
complete_visibility,400,0.04601877450894411,0.997882272392695,2.9312948753733683,2.9250871912906384
positive_floor,10,0.6,0.64,1.8180006181483745,1.1635203956149598
positive_floor,11,0.5971474968190252,0.6434148670427722,1.8438741313596527,1.186376029072378
positive_floor,12,0.5945552085738451,0.6465041039577115,1.8679599786374794,1.2076437922178895
positive_floor,13,0.5921804733117664,0.6493222870282523,1.890480591342169,1.22753118115282
positive_floor,14,0.5899902689065893,0.6519114825955303,1.9116198654339487,1.2462069406341136
positive_floor,15,0.5879585191875346,0.6543047797148015,1.9315315167256788,1.2638103035633916
positive_floor,16,0.5860642784527325,0.6565286615216781,1.9503452971788773,1.2804575874619477
positive_floor,17,0.5842904719575629,0.6586046443796084,1.9681716956261983,1.2962470196759033
positive_floor,18,0.5826230000138563,0.6605504398548541,1.9851055445367105,1.3112623406020336
positive_floor,19,0.5810500867151205,0.662380796728351,2.0012288239154636,1.3255755428208658
positive_floor,20,0.5795617973549073,0.6641081230467494,2.016612867068778,1.33924898606097
positive_floor,21,0.5781496747356227,0.6657429536030937,2.0313201146580377,1.352337052845817
positive_floor,22,0.5768064609040302,0.6672943066593675,2.0454055233669797,1.3648874605524095
positive_floor,23,0.5755258813391889,0.6687699599087498,2.058917707469026,1.3769423126794755
positive_floor,24,0.5743024755129659,0.6701766666196792,2.0718998716739914,1.3885389495682168
positive_floor,25,0.5731314623713943,0.6715203268400269,2.084390579300354,1.3997106430740467
positive_floor,26,0.5720086324517452,0.6728061244006843,2.0964243893656618,1.4104871685081821
positive_floor,27,0.5709302605545765,0.6740386375830834,2.1080323884721994,1.4208952791068143
positive_floor,28,0.5698930344490133,0.6752219292864958,2.119242637607394,1.4309591023914665
positive_floor,29,0.5688939962080656,0.6763596210784175,2.130080549637549,1.4407004734193598
positive_floor,30,0.5679304935840955,0.6774549544573256,2.1405692099692777,1.4501392166524905
positive_floor,31,0.567000139433164,0.6785108418827726,2.150729650315407,1.459293385697748
positive_floor,32,0.5661007776426208,0.6795299095524201,2.1605810835368686,1.4681794682764782
positive_floor,33,0.5652304543515603,0.6805145334735287,2.170141105998157,1.4768125623200634
positive_floor,34,0.5643873935084538,0.6814668700487337,2.179425872667754,1.4852065279501243
positive_floor,35,0.5635699760055429,0.6823888821451118,2.1884502492398945,1.493374119209003
positive_floor,36,0.5627767217805646,0.683282361421921,2.1972279447928766,1.5013270987003111
positive_floor,37,0.5620062743940745,0.6841489475416922,2.2057716278886996,1.509076337737379
positive_floor,38,0.5612573876830667,0.6849901447711798,2.2140930285264244,1.5166319041471754
positive_floor,39,0.5605289141646914,0.6858073363853521,2.2222030279622182,1.524003139514233
positive_floor,40,0.5598197949220844,0.6866017972133953,2.23011173808333,1.5311987273547032
positive_floor,41,0.5591290507509608,0.6873747046063295,2.237828571756331,1.5382267534706124
positive_floor,42,0.5584557743832209,0.6881271480580371,2.2453623053501017,1.545094759537585
positive_floor,43,0.5577991236342932,0.6888601376728145,2.252721134452232,1.5518097908172235
positive_floor,44,0.5571583153457713,0.689574611641062,2.259912723646405,1.5583784387511646
positive_floor,45,0.5565326200152507,0.6902714428589605,2.2669442510922857,1.5648068790822975
positive_floor,46,0.5559213570220125,0.6909514448068041,2.2738224485438736,1.5711009060555345
positive_floor,47,0.5553238903710516,0.6916153767831603,2.2805536373534916,1.577265963172442
positive_floor,48,0.5547396248894453,0.6922639485775175,2.2871437609336867,1.5833071709083877
positive_floor,49,0.5541680028186506,0.692897824651988,2.2935984140858787,1.589229351745355
positive_floor,50,0.553608500754353,0.6935176278925176,2.2999228695507052,1.5950370528265572
positive_floor,51,0.5530606268922381,0.6941239429815647,2.3061221020890637,1.6007345664989951
positive_floor,52,0.5525239185437599,0.6947173194370486,2.312200810363582,1.6063259489759592
positive_floor,53,0.5519979398907975,0.6952982743563155,2.3181634368565547,1.6118150373222682
positive_floor,54,0.5514822799521931,0.6958672948987309,2.324014186031429,1.6172054649399663
positive_floor,55,0.5509765507386589,0.69642484053613,2.3297570409199184,1.6225006757105802
positive_floor,56,0.5504803855755205,0.6969713450966263,2.3353957782952532,1.627703936931425
positive_floor,57,0.5499934375753331,0.6975072186240681,2.3409339825733144,1.6328183511672751
positive_floor,58,0.5495153782446038,0.6980328490726899,2.346375058567152,1.6378468671247288
positive_floor,59,0.5490458962107534,0.6985486038541306,2.351722243206199,1.6427922896443945
positive_floor,60,0.5485846960570968,0.6990548312519427,2.3569786163191035,1.6476572888953882
positive_floor,61,0.5481314972550421,0.6995518617169458,2.3621471105682996,1.6524444088473582
positive_floor,62,0.5476860331839459,0.7000400090552337,2.367230520614893,1.6571560750870753
positive_floor,63,0.5472480502301441,0.7005195715193057,2.372231511584138,1.6617946020395151
positive_floor,64,0.5468173069576134,0.7009908328116232,2.3771526268943783,1.6663621996470281
positive_floor,65,0.5463935733435503,0.7014540630088664,2.38199629550589,1.6708609795546747
positive_floor,66,0.5459766300728686,0.701909519414274,2.3867648386402776,1.6752929608448845
positive_floor,67,0.5455662678862605,0.702357447344657,2.391460476016038,1.6796600753602628
positive_floor,68,0.5451622869770181,0.7027980808579875,2.3960853316413733,1.6839641726495316
positive_floor,69,0.544764496432312,0.7032316434268495,2.40064143920134,1.6882070245681555
positive_floor,70,0.5443727137150575,0.7036583485625041,2.405130747072853,1.6923903295621856
positive_floor,71,0.543986764182885,0.7040784003938343,2.4095551229978835,1.6965157166611184
positive_floor,72,0.5436064806410777,0.7044919942050216,2.413916358442341,1.7005847492031687
positive_floor,73,0.5432317029266409,0.7048993169354217,2.4182161726656095,1.704598928314178
positive_floor,74,0.5428622775209417,0.705300547644776,2.422456216523406,1.7085596961594502
positive_floor,75,0.5424980571886008,0.7056958579465936,2.4266380760246014,1.7124684389860523
positive_floor,76,0.5421389006405303,0.7060854124122773,2.4307632756608117,1.7163264899715824
positive_floor,77,0.5417846722192107,0.7064693689483225,2.4348332815258975,1.720135131893974
positive_floor,78,0.5414352416044719,0.7068478791487072,2.4388495042410465,1.7238955996356597
positive_floor,79,0.5410904835381947,0.7072210886244027,2.442813301699749,1.7276090825342678
positive_floor,80,0.5407502775664981,0.7075891373117553,2.4467259816457787,1.7312767265909943
positive_floor,81,0.5404145077980949,0.7079521597613428,2.4505888040961836,1.7348996365468594
positive_floor,82,0.5400830626776167,0.7083102854087655,2.454402983620308,1.738478877836226
positive_floor,83,0.539755834772812,0.7086636388287049,2.458169691484956,1.7420154784261637
positive_floor,84,0.5394327205746102,0.7090123399734745,2.4618900576749967,1.7455104305495814
positive_floor,85,0.5391136203091329,0.7093565043971801,2.465565172797967,1.748964692339395
positive_floor,86,0.5387984377608052,0.7096962434665157,2.469196089880542,1.7523791893704297
positive_floor,87,0.538487080105792,0.7100316645591382,2.472783826064148,1.7557548161152414
positive_floor,88,0.5381794577550458,0.7103628712504848,2.476329364206405,1.7590924373195493
positive_floor,89,0.5378754842063075,0.7106899634898303,2.4798336543945987,1.7623928893025498
positive_floor,90,0.5375750759044573,0.711013037766317,2.4832976153768938,1.7656569811869762
positive_floor,91,0.5372781521096558,0.7113321872656335,2.486722135916581,1.7688854960634095
positive_floor,92,0.5369846347727611,0.7116475020179643,2.4901080760742653,1.7720791920930101
positive_floor,93,0.5366944484175463,0.7119590690377857,2.493456268422521,1.7752388035525293
positive_floor,94,0.5364075200292769,0.7122669724560409,2.496767519197241,1.7783650418251986
positive_floor,95,0.5361237789492411,0.7125712936451852,2.500042609389572,1.7814585963408116
positive_floor,96,0.5358431567748566,0.7128721113375565,2.5032822957820797,1.7845201354680966
positive_floor,97,0.5355655872650038,0.7131695017374916,2.5064873119325095,1.7875503073622525
positive_floor,98,0.5352910062502608,0.7134635386275832,2.509658369108287,1.7905497407703277
positive_floor,99,0.5350193515477403,0.7137542934694355,2.512796157174673,1.7935190457969215
positive_floor,100,0.5347505628802474,0.7140418354992586,2.5159013454393104,1.7964588146325395
positive_floor,101,0.5344845817994986,0.714326231818615,2.518974583455681,1.7993696222467621
positive_floor,102,0.5342213516131622,0.7146075474806062,2.5220165017878613,1.8022520270482414
positive_floor,103,0.5339608173154888,0.7148858455717751,2.5250277127387695,1.8051065715134205
positive_floor,104,0.5337029255213299,0.7151611872899737,2.528008811043978,1.807933782785726
positive_floor,105,0.5334476244033415,0.7154336320184316,2.5309603745330254,1.8107341732468922
positive_floor,106,0.5331948636321945,0.7157032373962455,2.533882964760019,1.8135082410619425
positive_floor,107,0.5329445943196194,0.7159700593854963,2.536777127605235,1.816256470699289
positive_floor,108,0.5326967689641254,0.7162341523351812,2.539643393849284,1.8189793334272848
positive_floor,109,0.5324513413992469,0.7164955690421426,2.5424822797213333,1.8216772877885008
positive_floor,110,0.5322082667441741,0.716754360809162,2.5452942874227764,1.8243507800529235
positive_floor,111,0.5319675013566423,0.7170105775003708,2.548079905627646,1.8270002446511688
positive_floor,112,0.5317290027879518,0.7172642675941303,2.5508396099610082,1.8296261045887796
positive_floor,113,0.5314927297400083,0.7175154782335145,2.5535738634564704,1.8322287718425725
positive_floor,114,0.5312586420242735,0.7177642552745248,2.5562831169939035,1.83480864773997
positive_floor,115,0.5310267005225268,0.7180106433321587,2.5589678097183786,1.837366123322178
positive_floor,116,0.5307968671493406,0.7182546858244452,2.5616283694412814,1.8399015796920333
positive_floor,117,0.5305691048161838,0.7184964250145534,2.5642652130245014,1.8424153883472862
positive_floor,118,0.5303433773970668,0.7187359020510724,2.5668787467485483,1.8449079115000442
positive_floor,119,0.5301196496956504,0.718973157006561,2.569469366665386,1.8473795023830613
positive_floor,120,0.5298978874137442,0.7192082289144508,2.5720374589367405,1.8498305055435176
positive_floor,121,0.5296780571211261,0.719441155804389,2.5745834001585974,1.8522612571248953
positive_floor,122,0.5294601262266144,0.7196719747360976,2.5771075576725475,1.8546720851375238
positive_floor,123,0.5292440629503332,0.7199007218318237,2.579610289864619,1.8570633097183393
positive_floor,124,0.5290298362971119,0.720127432307451,2.5820919464521954,1.8594352433803678
positive_floor,125,0.5288174160309626,0.7203521405023359,2.584552868759577,1.8617881912524141
positive_floor,126,0.5286067726505849,0.7205748799079329,2.586993389982728,1.8641224513094203
positive_floor,127,0.5283978773658486,0.7207956831952655,2.5894138354437013,1.8664383145939156
positive_floor,128,0.5281907020752076,0.7210145822412993,2.591814522835232,1.8687360654289773
positive_floor,129,0.5279852193440001,0.721231608154268,2.5941957624559415,1.8710159816230862
positive_floor,130,0.5277814023835973,0.7214467912980034,2.5965578574365833,1.8732783346672415
positive_floor,131,0.5275792250313565,0.7216601613153133,2.598901103957736,1.8755233899246855
positive_floor,132,0.5273786617313452,0.7218717471504554,2.601225791459327,1.8777514068135706
positive_floor,133,0.5271796875157994,0.7220815770707442,2.6035322028423513,1.8799626389828736
positive_floor,134,0.5269822779872833,0.7222896786873337,2.6058206146631315,1.8821573344818638
positive_floor,135,0.5267864093015187,0.7224960789752128,2.6080912973204424,1.8843357359233956
positive_floor,136,0.526592058150854,0.7227008042924477,2.6103445152358202,1.8864980806413068
positive_floor,137,0.5263992017483448,0.7229038803987055,2.6125805270273394,1.8886446008421587
positive_floor,138,0.5262078178124195,0.7231053324730915,2.6147995856771513,1.8907755237515784
positive_floor,139,0.5260178845521036,0.7233051851313298,2.61700193869304,1.8928910717554182
positive_floor,140,0.5258293806527785,0.7235034624423153,2.6191878282642533,1.8949914625359556
positive_floor,141,0.5256422852624525,0.7237001879440665,2.6213574914118536,1.8970769092033453
positive_floor,142,0.5254565779785216,0.7238953846591019,2.623511160133811,1.8991476204225115
positive_floor,143,0.5252722388349998,0.7240890751092669,2.6256490615450594,1.9012038005356766
positive_floor,144,0.5250892482901978,0.724281281330035,2.627771418012728,1.9032456496807018
positive_floor,145,0.5249075872148329,0.7244720248843026,2.6298784472867394,1.9052733639054098
positive_floor,146,0.5247272368805518,0.7246613268757013,2.6319703626259647,1.9072871352780523
positive_floor,147,0.5245481789488479,0.7248492079614475,2.634047372920119,1.9092871519940797
positive_floor,148,0.5243703954603591,0.7250356883647466,2.6361096828075614,1.9112735984793543
positive_floor,149,0.5241938688245293,0.7252207878867721,2.6381574927891736,1.9132466554899559
positive_floor,150,0.524018581809618,0.7254045259182367,2.6401909993384565,1.9152065002087086
positive_floor,151,0.5238445175330465,0.7255869214505697,2.642210395008012,1.917153306338557
positive_floor,152,0.5236716594520654,0.72576799308672,2.6442158685325374,1.919087244192918
positive_floor,153,0.5234999913547301,0.7259477590515975,2.6462076049284757,1.921008480783122
positive_floor,154,0.5233294973511752,0.7261262372021664,2.6481857855904463,1.9229171799030538
positive_floor,155,0.5231601618651717,0.7263034450372075,2.650150588384583,1.9248135022111048
positive_floor,156,0.5229919696259603,0.7264793997067587,2.6521021877388975,1.9266976053095357
positive_floor,157,0.5228249056603472,0.726654118021249,2.6540407547307785,1.928569643821344
positive_floor,158,0.5226589552850534,0.7268276164603367,2.6559664571717345,1.9304297694647365
positive_floor,159,0.5224941040993075,0.726999911181462,2.6578794596894877,1.93227813112529
positive_floor,160,0.5223303379776745,0.7271710180281283,2.659779923807511,1.9341148749258852
positive_floor,161,0.5221676430631074,0.7273409525379193,2.6616680080221102,1.935940144294508
positive_floor,162,0.522006005760219,0.7275097299502622,2.663543867877135,1.9377540800299713
positive_floor,163,0.521845412728761,0.7276773652139492,2.6654076560364066,1.9395568203656606
positive_floor,164,0.5216858508773043,0.727843872994423,2.667259522353954,1.9413485010313565
positive_floor,165,0.521527307357115,0.7280092676808372,2.66909961394212,1.943129255313208
positive_floor,166,0.5213697695562155,0.7281735633928987,2.6709280752376308,1.944899214111922
positive_floor,167,0.521213225093626,0.7283367739875012,2.672745048065696,1.9466585059992376
positive_floor,168,0.521057661813781,0.7284989130651555,2.6745506717022027,1.9484072572727362
positive_floor,169,0.5209030677811108,0.7286599939762275,2.6763450829340787,1.9501455920090518
positive_floor,170,0.5207494312747869,0.728820029826986,2.6781284161178895,1.951873632115539
positive_floor,171,0.5205967407836207,0.7289790334854716,2.679900803236721,1.9535914973804438
positive_floor,172,0.520444985001114,0.7291370175871902,2.681662373955422,1.9552993055216408
positive_floor,173,0.5202941528206542,0.7292939945406378,2.683413255674247,1.9569971722339694
positive_floor,174,0.520144233330848,0.7294499765326643,2.685153573580969,1.9586852112352375
positive_floor,175,0.5199952158109922,0.7296049755336798,2.6868834507015027,1.960363534310919
positive_floor,176,0.5198470897266729,0.7297590033027085,2.6886030079490975,1.9620322513575974
positive_floor,177,0.519699844725492,0.7299120713922995,2.6903123641721405,1.9636914704252015
positive_floor,178,0.5195534706329143,0.7300641911532935,2.692011636200626,1.965341297758064
positive_floor,179,0.5194079574482328,0.7302153737394548,2.6937009388913222,1.9669818378348471
positive_floor,180,0.5192632953406467,0.7303656301119723,2.695380385171693,1.968613193407374
positive_floor,181,0.5191194746454499,0.7305149710438321,2.6970500860826077,1.9702354655384011
positive_floor,182,0.5189764858603256,0.7306634071240672,2.6987101508198768,1.9718487536383564
positive_floor,183,0.5188343196417422,0.7308109487618905,2.7003606867746583,1.9734531555010981
positive_floor,184,0.5186929668014498,0.73095760619071,2.702001799572769,1.9750487673387018
positive_floor,185,0.5185524183030719,0.731103389472036,2.703633593112931,1.9766356838153234
positive_floor,186,0.5184126652587896,0.7312483084992782,2.705256169603996,1.9782139980801587
positive_floor,187,0.5182736989261167,0.7313923730014409,2.706869629601174,1.979783801799534
positive_floor,188,0.5181355107047603,0.7315355925467173,2.7084740720413016,1.9813451851881538
positive_floor,189,0.5179980921335661,0.7316779765459855,2.7100695942771758,1.982898237039524
positive_floor,190,0.5178614348875453,0.7318195342562126,2.7116562921109875,1.9844430447555912
positive_floor,191,0.5177255307749802,0.731960274783765,2.7132342598268817,1.9859796943756096
positive_floor,192,0.5175903717346055,0.7321002070876328,2.7148035902226697,1.9875082706042655
positive_floor,193,0.5174559498328647,0.7322393399825677,2.7163643746407184,1.9890288568390802
positive_floor,194,0.5173222572612368,0.7323776821421387,2.7179167029980493,1.990541535197115
positive_floor,195,0.5171892863336337,0.7325152421017067,2.719460663815662,1.9920463865409979
positive_floor,196,0.5170570294838636,0.732652028261323,2.720996344247113,1.9935434905042926
positive_floor,197,0.5169254792631602,0.7327880488885521,2.7225238301063674,1.995032925516233
positive_floor,198,0.5167946283377757,0.7329233121212203,2.72404320589495,1.996514768825834
positive_floor,199,0.5166644694866332,0.7330578259700958,2.7255545548284132,1.997989096525409
positive_floor,200,0.5165349955990409,0.7331915983214987,2.727057958862144,1.9994559835734993
positive_floor,201,0.5164061996724614,0.733324636939846,2.728553498716529,2.0009155038172453
positive_floor,202,0.5162780748103392,0.7334569494701298,2.7300412539014975,2.0023677300142007
positive_floor,203,0.5161506142199804,0.7335885434403369,2.731521302740459,2.0038127338536245
positive_floor,204,0.516023811210487,0.7337194262638036,2.7329937223936547,2.005250585977249
positive_floor,205,0.5158976591907399,0.7338496052415151,2.73445858888094,2.0066813559995484
positive_floor,206,0.5157721516674334,0.7339790875643462,2.7359159771040136,2.0081051125275207
positive_floor,207,0.5156472822431569,0.7341078803152461,2.7373659608681096,2.009521923179995
positive_floor,208,0.5155230446145237,0.7342359904713718,2.738808612903168,2.0109318546064814
positive_floor,209,0.5153994325703439,0.7343634249061675,2.740244004884497,2.0123349725055717
positive_floor,210,0.5152764399898435,0.7344901903913932,2.741672207452949,2.0137313416429077
positive_floor,211,0.5151540608409242,0.7346162935991054,2.74309329023461,2.015121025868724
positive_floor,212,0.5150322891784656,0.7347417411035895,2.744507321860031,2.0165040881349885
positive_floor,213,0.5149111191426681,0.7348665393832451,2.745914369983004,2.017880590512134
positive_floor,214,0.5147905449574343,0.7349906948224278,2.747314501298903,2.0192505942054124
positive_floor,215,0.5146705609287884,0.7351142137132463,2.7487077815625915,2.020614159570866
positive_floor,216,0.5145511614433339,0.7352371022573161,2.750094275605922,2.0219713461309308
positive_floor,217,0.5144323409667457,0.7353593665674738,2.751474047354829,2.0233222125896906
positive_floor,218,0.5143140940422981,0.7354810126694502,2.75284715984603,2.0246668168477777
positive_floor,219,0.5141964152894265,0.7356020465035036,2.7542136752433426,2.0260052160169386
positive_floor,220,0.5140792994023226,0.7357224739260172,2.755573654853636,2.027337466434274
positive_floor,221,0.5139627411485609,0.7358423007110574,2.756927159142413,2.028663623676153
positive_floor,222,0.5138467353677578,0.7359615325518974,2.7582742477490503,2.0299837425718232
positive_floor,223,0.5137312769702601,0.7360801750625059,2.7596149795016878,2.031297877216716
positive_floor,224,0.513616360935863,0.7361982337790012,2.760949412431792,2.0326060809854565
positive_floor,225,0.5135019823125583,0.7363157141610731,2.7622776037883887,2.0339084065445854
positive_floor,226,0.5133881362153087,0.7364326215933716,2.7635996100519877,2.035204905865005
positive_floor,227,0.513274817824851,0.7365489613868661,2.764915486948195,2.036495630234154
positive_floor,228,0.5131620223865254,0.7366647387801712,2.7662252894610266,2.037780630267911
positive_floor,229,0.5130497452091304,0.7367799589408464,2.767529071845935,2.0390599559222466
positive_floor,230,0.5129379816638029,0.7368946269666642,2.768826887642547,2.0403336565046244
positive_floor,231,0.512826727182923,0.7370087478868519,2.7701187896871264,2.0416017806851507
positive_floor,232,0.5127159772590429,0.7371223266633046,2.771404830124774,2.0428643765074934
positive_floor,233,0.5126057274438391,0.7372353681917725,2.772685060421353,2.044121491399563
positive_floor,234,0.5124959733470862,0.7373478773030226,2.773959531375172,2.0453731721839703
positive_floor,235,0.5123867106356542,0.7374598587639744,2.775228293128411,2.0466194650882636
positive_floor,236,0.5122779350325266,0.7375713172788104,2.776491395178307,2.047860415754946
positive_floor,237,0.5121696423158397,0.7376822574900648,2.777748886388102,2.0490960692512883
positive_floor,238,0.5120618283179417,0.7377926839796869,2.7790008149977634,2.050326470078937
positive_floor,239,0.5119544889244726,0.737902601270082,2.7802472286344773,2.0515516621833174
positive_floor,240,0.5118476200734633,0.7380120138251316,2.7814881743229223,2.0527716889628485
positive_floor,241,0.5117412177544528,0.7381209260511897,2.7827236984953325,2.0539865932779664
positive_floor,242,0.5116352780076252,0.7382293422980601,2.7839538470013485,2.05519641745996
positive_floor,243,0.5115297969229634,0.7383372668599518,2.7851786651176664,2.056401203319627
positive_floor,244,0.5114247706394213,0.7384447039764154,2.786398197557492,2.0576009921557596
positive_floor,245,0.511320195344112,0.7385516578332592,2.787612488479795,2.0587958247634495
positive_floor,246,0.5112160672715148,0.738658132563446,2.7888215814983814,2.0599857414422305
positive_floor,247,0.5111123827026952,0.7387641322479737,2.790025519690777,2.0611707820040586
positive_floor,248,0.5110091379645443,0.7388696609167333,2.7912243456069326,2.062350985781125
positive_floor,249,0.5109063294290309,0.7389747225493546,2.7924181012777547,2.0635263916335242
positive_floor,250,0.5108039535124708,0.7390793210760296,2.793606828223466,2.0646970379567597
positive_floor,251,0.5107020066748086,0.7391834603783238,2.794790567461795,2.065862962689109
positive_floor,252,0.5106004854189164,0.7392871442899669,2.7959693595160093,2.067024203318838
positive_floor,253,0.510499386289905,0.7393903765976304,2.797143244422779,2.0681807968912764
positive_floor,254,0.5103987058744486,0.7394931610416882,2.7983122617398983,2.0693327800157535
positive_floor,255,0.5102984408001242,0.7395955013169622,2.7994764505538448,2.0704801888724007
positive_floor,256,0.5101985877347628,0.7396974010734536,2.8006358494871937,2.071623059218821
positive_floor,257,0.5100991433858139,0.739798863917059,2.8017904967058893,2.0727614263966294
positive_floor,258,0.5100001044997228,0.7398998934102718,2.8029404299263745,2.0738953253378662
positive_floor,259,0.5099014678613193,0.740000493072872,2.8040856864225785,2.0750247905712906
positive_floor,260,0.5098032302932187,0.7401006663825994,2.805226303032776,2.0761498562285534
positive_floor,261,0.5097053886552348,0.740200416775816,2.8063623161663083,2.077270556050246
positive_floor,262,0.5096079398438035,0.7402997476481543,2.80749376181018,2.0783869233918435
positive_floor,263,0.5095108807914176,0.7403986623551538,2.808620675535527,2.0794989912295327
positive_floor,264,0.5094142084660734,0.7404971642128839,2.8097430925039664,2.0806067921659257
positive_floor,265,0.5093179198707265,0.7405952564985563,2.810861047473818,2.081710358435673
positive_floor,266,0.5092220120427584,0.7406929424511248,2.8119745748062166,2.082809721910967
positive_floor,267,0.5091264820534543,0.7407902252718737,2.813083708471105,2.083904914106948
positive_floor,268,0.5090313270074889,0.7408871081249949,2.8141884820531153,2.0849959661870017
positive_floor,269,0.5089365440424231,0.7409835941381548,2.815288928757342,2.086082908967971
positive_floor,270,0.50884213032821,0.7410796864030489,2.8163850814150044,2.087165772925257
positive_floor,271,0.5087480830667102,0.7411753879759477,2.8174769724890103,2.0882445881978406
positive_floor,272,0.5086543994912146,0.7412707018782319,2.8185646340794097,2.089319384593206
positive_floor,273,0.5085610768659793,0.7413656310969154,2.819648097928754,2.090390191592168
positive_floor,274,0.5084681124857653,0.7414601785851631,2.820727395427353,2.091457038353627
positive_floor,275,0.5083755036753894,0.7415543472627941,2.821802557618439,2.0925199537192243
positive_floor,276,0.5082832477892825,0.7416481400167789,2.822873615203235,2.09357896621792
positive_floor,277,0.5081913422110551,0.7417415597017263,2.823940598545933,2.094634104070487
positive_floor,278,0.5080997843530722,0.7418346091403615,2.8250035376785787,2.095685395193927
positive_floor,279,0.508008571656035,0.7419272911239951,2.826062462305873,2.096732867205804
positive_floor,280,0.5079177015885701,0.7420196084129842,2.8271174018098835,2.097776547428503
positive_floor,281,0.5078271716468264,0.7421115637371847,2.828168385254675,2.0988164628934154
positive_floor,282,0.5077369793540798,0.7422031597963947,2.8292154413908546,2.099852640345044
positive_floor,283,0.507647122260343,0.7422943992607923,2.830258598660038,2.100885106245045
positive_floor,284,0.507557597941985,0.7423852847713623,2.8312978851992368,2.1019138867761913
positive_floor,285,0.5074684040013551,0.7424758189403176,2.8323333288451673,2.1029390078462713
positive_floor,286,0.5073795380664144,0.7425660043515119,2.833364957138486,2.103960495091918
positive_floor,287,0.5072909977903743,0.7426558435608464,2.8343927973279452,2.104978373882372
positive_floor,288,0.5072027808513403,0.7427453390966673,2.835416876374487,2.1059926693231814
positive_floor,289,0.5071148849519629,0.7428344934601574,2.8364372209552533,2.107003406259832
positive_floor,290,0.5070273078190939,0.7429233091257218,2.837453857467536,2.108010609281326
positive_floor,291,0.5069400472034493,0.7430117885413645,2.8384668120326535,2.109014302723687
positive_floor,292,0.506853100879278,0.7430999341290604,2.8394761104997652,2.110014510673416
positive_floor,293,0.5067664666440351,0.74318774828512,2.8404817784496146,2.1110112569708823
positive_floor,294,0.506680142318063,0.7432752333805475,2.8414838411982144,2.1120045652136574
positive_floor,295,0.5065941257442754,0.7433623917613932,2.842482323800464,2.112994458759796
positive_floor,296,0.5065084147878488,0.7434492257491006,2.8434772510537116,2.113980960731063
positive_floor,297,0.5064230073359182,0.7435357376408446,2.8444686475012477,2.114964094016096
positive_floor,298,0.5063379012972778,0.7436219297098681,2.845456537435746,2.115943881273529
positive_floor,299,0.5062530946020883,0.743707804205809,2.846440944902648,2.1169203449350564
positive_floor,300,0.5061685852015863,0.7437933633550244,2.847421893703481,2.117893507208445
positive_floor,301,0.5060843710678017,0.7438786093609076,2.8483994073991346,2.1188633900805014
positive_floor,302,0.5060004501932779,0.7439635444042001,2.8493735093130694,2.119830015319985
positive_floor,303,0.505916820590797,0.7440481706432993,2.850344222534483,2.1207934044804793
positive_floor,304,0.5058334802931099,0.74413249021456,2.8513115699214167,2.1217535789032103
positive_floor,305,0.505750427352671,0.7442165052325906,2.8522755741038135,2.1227105597198213
positive_floor,306,0.5056676598413764,0.744300217790546,2.8532362574865275,2.123664367855105
positive_floor,307,0.5055851758503077,0.7443836299604134,2.8541936422522824,2.1246150240296875
positive_floor,308,0.5055029734894788,0.7444667437932952,2.8551477503645795,2.125562548762671
positive_floor,309,0.5054210508875877,0.7445495613196864,2.856098603570562,2.1265069623742305
positive_floor,310,0.5053394061917719,0.7446320845497474,2.857046223403833,2.1274482849881795
positive_floor,311,0.5052580375673679,0.7447143154735723,2.857990631187224,2.1283865365344763
positive_floor,312,0.5051769431976745,0.7447962560614536,2.8589318480355224,2.12932173675171
positive_floor,313,0.5050961212837203,0.7448779082641414,2.859869894858155,2.1302539051895324
positive_floor,314,0.5050155700440345,0.7449592740130988,2.860804792361825,2.131183061211059
positive_floor,315,0.5049352877144215,0.7450403552207543,2.8617365610531134,2.1321092239952315
positive_floor,316,0.5048552725477394,0.7451211537807477,2.8626652212410306,2.1330324125391362
positive_floor,317,0.5047755228136813,0.7452016715681746,2.8635907930395357,2.1339526456602966
positive_floor,318,0.5046960367985612,0.7452819104398254,2.8645132963700113,2.134869941998924
positive_floor,319,0.5046168128051022,0.7453618722344204,2.865432750963699,2.1357843200201283
positive_floor,320,0.5045378491522287,0.7454415587728429,2.8663491763641007,2.1366957980161096
positive_floor,321,0.5044591441748616,0.7455209718583662,2.867262591929336,2.1376043941082967
positive_floor,322,0.5043806962237171,0.7456001132768785,2.8681730168344695,2.1385101262494666
positive_floor,323,0.5043025036651076,0.7456789847971041,2.869080470073797,2.1394130122258272
positive_floor,324,0.5042245648807478,0.7457575881708205,2.8699849704630993,2.1403130696590646
positive_floor,325,0.5041468782675608,0.7458359251330733,2.870886536641858,2.141210316008365
positive_floor,326,0.5040694422374903,0.7459139974023854,2.87178518707544,2.142104768572399
positive_floor,327,0.5039922552173133,0.7459918066809665,2.872680940057248,2.142996444491284
positive_floor,328,0.5039153156484578,0.7460693546549151,2.8735738137108346,2.1438853607485058
positive_floor,329,0.5038386219868207,0.7461466429944216,2.8744638259919912,2.1447715341728255
positive_floor,330,0.5037621727025913,0.7462236733539647,2.8753509946907956,2.1456549814401416
positive_floor,331,0.5036859662800756,0.7463004473725066,2.876235337433638,2.1465357190753362
positive_floor,332,0.5036100012175234,0.7463769666736861,2.8771168716852085,2.147413763454091
positive_floor,333,0.5035342760269598,0.7464532328660055,2.877995614750461,2.1482891308046685
positive_floor,334,0.5034587892340163,0.7465292475430183,2.8788715837765415,2.149161837209679
positive_floor,335,0.5033835393777673,0.7466050122835118,2.879744795754693,2.150031898607812
positive_floor,336,0.5033085250105672,0.7466805286516872,2.880615267522127,2.150899330795543
positive_floor,337,0.503233744697891,0.7467557981973378,2.881483015763871,2.1517641494288218
positive_floor,338,0.5031591970181762,0.7468308224560241,2.882348057014587,2.152626370024727
positive_floor,339,0.5030848805626686,0.7469056029492454,2.8832104076603615,2.1534860079631017
positive_floor,340,0.5030107939352688,0.7469801411846105,2.884070083940472,2.154343078488165
positive_floor,341,0.5029369357523821,0.7470544386560043,2.884927101949123,2.1551975967100954
positive_floor,342,0.50286330464277,0.7471284968437527,2.885781477637164,2.156049577606598
positive_floor,343,0.5027898992474041,0.7472023172147852,2.886633226813774,2.156899036024445
positive_floor,344,0.5027167182193224,0.7472759012227944,2.8874823651481254,2.1577459866809914
positive_floor,345,0.5026437602234871,0.7473492503083936,2.888328908171024,2.158590444165676
positive_floor,346,0.5025710239366452,0.747422365899272,2.889172871276525,2.159432422941493
positive_floor,347,0.5024985080471904,0.7474952494103477,2.890014269723523,2.1602719373464487
positive_floor,348,0.5024262112550276,0.7475679022439183,2.8908531186373216,2.161109001594992
positive_floor,349,0.5023541322714391,0.7476403257898094,2.891689433011182,2.1619436297794294
positive_floor,350,0.5022822698189526,0.7477125214255209,2.8925232277078434,2.162775835871318
positive_floor,351,0.5022106226312116,0.7477844905163707,2.8933545174610273,2.163605633722834
positive_floor,352,0.5021391894528472,0.7478562344156376,2.8941833168769193,2.1644330370681333
positive_floor,353,0.5020679690393517,0.7479277544647006,2.895009640435626,2.1652580595246778
positive_floor,354,0.501996960156954,0.7479990519931775,2.895833502492615,2.166080714594559
positive_floor,355,0.5019261615824979,0.7480701283190602,2.8966549172801357,2.1669010156657875
positive_floor,356,0.5018555721033199,0.7481409847488495,2.897473898908614,2.1677189760135787
positive_floor,357,0.5017851905171309,0.7482116225776867,2.898290461368033,2.168534608801608
positive_floor,358,0.5017150156318985,0.7482820430894839,2.899104618529292,2.1693479270832574
positive_floor,359,0.5016450462657306,0.748352247557053,2.8999163841455484,2.1701589438028432
positive_floor,360,0.5015752812467621,0.7484222372422316,2.9007257718535358,2.1709676717968223
positive_floor,361,0.5015057194130416,0.7484920133960076,2.9015327951748704,2.1717741237949846
positive_floor,362,0.5014363596124204,0.7485615772586434,2.9023374675173343,2.1725783124216322
positive_floor,363,0.5013672007024431,0.7486309300597962,2.9031398021761428,2.1733802501967383
positive_floor,364,0.5012982415502399,0.7487000730186373,2.9039398123351945,2.174179949537088
positive_floor,365,0.5012294810324195,0.7487690073439714,2.904737511068304,2.1749774227574123
positive_floor,366,0.5011609180349644,0.7488377342343517,2.9055329113404165,2.175772682071497
positive_floor,367,0.5010925514531274,0.7489062548781948,2.906326026008808,2.1765657395932836
positive_floor,368,0.5010243801913292,0.7489745704538944,2.9071168678242656,2.1773566073379502
positive_floor,369,0.5009564031630581,0.7490426821299316,2.907905449432255,2.1781452972229807
positive_floor,370,0.5008886192907701,0.749110591064986,2.9086917833740724,2.1789318210692197
positive_floor,371,0.500821027505791,0.7491782984080437,2.9094758820879765,2.1797161906019125
positive_floor,372,0.5007536267482201,0.7492458052985043,2.9102577579103097,2.1804984174517297
positive_floor,373,0.5006864159668342,0.7493131128662863,2.9110374230766016,2.181278513155781
positive_floor,374,0.5006193941189939,0.7493802222319315,2.9118148897226597,2.182056489158614
positive_floor,375,0.5005525601705509,0.749447134506707,2.9125901698856427,2.1828323568131975
positive_floor,376,0.5004859130957562,0.7495138507927073,2.9133632755051218,2.183606127381899
positive_floor,377,0.5004194518771695,0.7495803721829533,2.914134218424127,2.184377812037437
positive_floor,378,0.5003531755055707,0.7496466997614916,2.9149030103901796,2.1851474218638347
positive_floor,379,0.5002870829798715,0.7497128346034911,2.91566966305631,2.1859149678573524
positive_floor,380,0.5002211733070284,0.7497787777753399,2.9164341879820643,2.1866804609274078
positive_floor,381,0.500155445501958,0.7498445303347379,2.9171965966344935,2.1874439118974873
positive_floor,382,0.5000898985874515,0.7499100933307925,2.9179569003891355,2.1882053315060466
positive_floor,383,0.5000245315940917,0.7499754678041093,2.91871511053098,2.1889647304073945
positive_floor,384,0.49995934356017097,0.750040654786883,2.9194712382554195,2.189722119172567
positive_floor,385,0.4998943335316097,0.7501056553029877,2.920225294669194,2.1904775082901957
positive_floor,386,0.4998295005618763,0.7501704703680653,2.920977290791315,2.1912309081673578
positive_floor,387,0.4997648437119082,0.750235100989612,2.921727237553987,2.1919823291304152
positive_floor,388,0.4997003620500336,0.7502995481670653,2.922475145803507,2.1927317814258496
positive_floor,389,0.49963605465189453,0.750363812891889,2.9232210263011615,2.1934792752210805
positive_floor,390,0.4995719206003709,0.7504278961476567,2.9239648897241044,2.1942248206052746
positive_floor,391,0.49950795898550526,0.7504917989101347,2.9247067466662293,2.194968427590146
positive_floor,392,0.4994441689044287,0.7505555221473645,2.925446607639028,2.195710106110747
positive_floor,393,0.4993805494612881,0.750619066819742,2.926184483072436,2.196449866026241
positive_floor,394,0.49931709976717337,0.7506824338800986,2.9269203833156734,2.1971877171206806
positive_floor,395,0.4992538189400464,0.7507456242737793,2.927654318638067,2.1979236691037616
positive_floor,396,0.499190706104671,0.7508086389387201,2.9283862992298695,2.198657731611574
positive_floor,397,0.49912776039254286,0.7508714788055243,2.9291163352030614,2.1993899142073405
positive_floor,398,0.49906498094182145,0.7509341447975394,2.92984443659215,2.200120226382155
positive_floor,399,0.49900236689726196,0.7509966378309303,2.930570613354952,2.200848677555696
positive_floor,400,0.49893991741014876,0.7510589588147539,2.9312948753733683,2.201575277076946
collapsing_visibility,10,0.95,0.09750000000000003,1.8180006181483745,0.17725506026946658
collapsing_visibility,11,0.9518126204792569,0.09405273549641013,1.8438741313596527,0.17342140596544242
collapsing_visibility,12,0.9534704330813345,0.09089413323969242,1.8679599786374794,0.16978660318468805
collapsing_visibility,13,0.954998022582109,0.0879787768642617,1.890480591342169,0.1663221701119102
collapsing_visibility,14,0.956414531406046,0.08527124411535336,1.9116198654339487,0.16300620420117717
collapsing_visibility,15,0.9577351580318078,0.08274336706978824,1.9315315167256788,0.15982142129529767
collapsing_visibility,16,0.9589721724256725,0.0803723725131863,1.9503452971788773,0.15675387875420174
collapsing_visibility,17,0.960135624127046,0.07813958328216786,1.9681716956261983,0.15379211612398885
collapsing_visibility,18,0.9612338483219032,0.07602948884026439,1.9851055445367105,0.1509265598451008
collapsing_visibility,19,0.9622738353760604,0.07402906575064672,2.0012288239154636,0.14814910018772726
collapsing_visibility,20,0.9632615058005276,0.0721272714429001,2.016612867068778,0.14545278365831477
collapsing_visibility,21,0.9642019182948284,0.07031466075657311,2.0313201146580377,0.14283158475018312
collapsing_visibility,22,0.9650994295187315,0.06858309114261896,2.0454055233669797,0.1402802334326938
collapsing_visibility,23,0.9659578184451654,0.06692549298465689,2.058917707469026,0.13779408258720416
collapsing_visibility,24,0.9667803843223235,0.06533568848958049,2.0718998716739914,0.1353690045972937
collapsing_visibility,25,0.9675700246964329,0.06380824730894419,2.084390579300354,0.13300130957243042
collapsing_visibility,26,0.9683292981778617,0.062338370290369705,2.0964243893656618,0.13068767987003882
collapsing_visibility,27,0.9690604753980008,0.060921795021400715,2.1080323884721994,0.1284251170689771
collapsing_visibility,28,0.9697655807280989,0.05955471843509308,2.119242637607394,0.12621089857835233
collapsing_visibility,29,0.9704464267006961,0.058233732903850366,2.130080549637549,0.1240425417912798
collapsing_visibility,30,0.9711046426145532,0.056955773092460915,2.1405692099692777,0.12191777421171851
collapsing_visibility,31,0.9717416984646845,0.05571807146497021,2.150729650315407,0.11983450835810423
collapsing_visibility,32,0.972358925085849,0.054518120805892356,2.1605810835368686,0.1177908205231888
collapsing_visibility,33,0.9729575312068737,0.05335364246782548,2.170141105998157,0.11578493267415703
collapsing_visibility,34,0.9735386179677346,0.05222255932547337,2.179425872667754,0.11381519693086335
collapsing_visibility,35,0.9741031913395533,0.05112297262209775,2.1884502492398945,0.11188008217671412
collapsing_visibility,36,0.9746521728010448,0.050053142054202415,2.1972279447928766,0.10997816244618108
collapsing_visibility,37,0.9751864085572926,0.04901146856512928,2.2057716278886996,0.10810810680212105
collapsing_visibility,38,0.9757066775334664,0.04799647941660423,2.2140930285264244,0.10626867047011546
collapsing_visibility,39,0.9762136983338989,0.047006815185251405,2.2222030279622182,0.10445868703952606
collapsing_visibility,40,0.9767081353232632,0.04604121839335429,2.23011173808333,0.10267706157467751
collapsing_visibility,41,0.9771906039595566,0.04509852353315702,2.237828571756331,0.10092276450652406
collapsing_visibility,42,0.9776616754867723,0.044177648284397186,2.2453623053501017,0.09919482619680003
collapsing_visibility,43,0.978121881077405,0.04327758575759866,2.252721134452232,0.09749233208421142
collapsing_visibility,44,0.978571715500467,0.04239739762247319,2.259912723646405,0.09581441833652299
collapsing_visibility,45,0.9790116403788119,0.04153620800278779,2.2669442510922857,0.09416026794409317
collapsing_visibility,46,0.9794420870897713,0.040693198037232814,2.2738224485438736,0.09252910720010146
collapsing_visibility,47,0.979863459354999,0.03986760102085429,2.2805536373534916,0.09092020252066703
collapsing_visibility,48,0.9802761355586677,0.03905869805416462,2.2871437609336867,0.08933285756477534
collapsing_visibility,49,0.9806804708275294,0.0382658141374953,2.2935984140858787,0.08776641061946422
collapsing_visibility,50,0.9810767989016208,0.037488314656948685,2.2999228695507052,0.08622023222042918
collapsing_visibility,51,0.9814654338204167,0.0367256022157012,2.3061221020890637,0.08469372298215963
collapsing_visibility,52,0.9818466714458687,0.03597711377066837,2.312200810363582,0.08318631161508218
collapsing_visibility,53,0.9822207908409163,0.03524231803984501,2.3181634368565547,0.08169745311003887
collapsing_visibility,54,0.9825880555196351,0.03452071315014238,2.324014186031429,0.0802266270728526
collapsing_visibility,55,0.9829487145831081,0.033811824499415555,2.3297570409199184,0.07877333619386198
collapsing_visibility,56,0.9833030037533388,0.033115202809661404,2.3353957782952532,0.07733710483907436
collapsing_visibility,57,0.9836511463160048,0.03243042235120974,2.3409339825733144,0.07591747775115205
collapsing_visibility,58,0.9839933539815305,0.03175707932017835,2.346375058567152,0.07451401884980517
collapsing_visibility,59,0.9843298276728365,0.031094790353563995,2.351722243206199,0.07312631012231
collapsing_visibility,60,0.9846607582471343,0.030443191168178618,2.3569786163191035,0.0717539505959116
collapsing_visibility,61,0.9849863271582893,0.02980193531122355,2.3621471105682996,0.07039655538475008
collapsing_visibility,62,0.9853067070655308,0.029170693011680293,2.367230520614893,0.06905375480473716
collapsing_visibility,63,0.9856220623936484,0.028549150122891165,2.372231511584138,0.06772519355046859
collapsing_visibility,64,0.9859325498492394,0.027937007147777027,2.3771526268943783,0.06641052992890518
collapsing_visibility,65,0.9862383188970878,0.02733397833904616,2.38199629550589,0.06510943514504619
collapsing_visibility,66,0.9865395122003127,0.02673979086756917,2.3867648386402776,0.0638215926353085
collapsing_visibility,67,0.9868362660275471,0.026154184052808227,2.391460476016038,0.06254669744473984
collapsing_visibility,68,0.9871287106300681,0.025576908649819208,2.3960853316413733,0.06128445564456317
collapsing_visibility,69,0.9874169705915008,0.025007726187903256,2.40064143920134,0.06003458378688111
collapsing_visibility,70,0.9877011651524605,0.024446408356471827,2.405130747072853,0.058796808393649126
collapsing_visibility,71,0.987981408512255,0.023892736434140693,2.4095551229978835,0.05757086547732189
collapsing_visibility,72,0.9882578101095688,0.02334650075743938,2.413916358442341,0.05635650009076943
collapsing_visibility,73,0.9885304748838631,0.02280750022588407,2.4182161726656095,0.0551534659043074
collapsing_visibility,74,0.9887995035190592,0.022275541840461988,2.422456216523406,0.05396152480785437
collapsing_visibility,75,0.9890649926709304,0.021750440272852445,2.4266380760246014,0.05278044653640266
collapsing_visibility,76,0.9893270351794913,0.021232017462957664,2.4307632756608117,0.05161000831714653
collapsing_visibility,77,0.9895857202675565,0.020720102242541394,2.4348332815258975,0.05044999453675917
collapsing_visibility,78,0.9898411337265406,0.020214529982956808,2.4388495042410465,0.04930019642739998
collapsing_visibility,79,0.990093358090465,0.019715142265146368,2.442813301699749,0.048160411770202464
collapsing_visibility,80,0.9903424727990653,0.019221786570232657,2.4467259816457787,0.04703044461503814
collapsing_visibility,81,0.9905885543508047,0.018734315989182737,2.4505888040961836,0.04591010501549134
collapsing_visibility,82,0.9908316764465365,0.01825258895014603,2.454402983620308,0.044799208778033485
collapsing_visibility,83,0.9910719101244916,0.01777646896219165,2.458169691484956,0.04369757722448254
collapsing_visibility,84,0.991309323887216,0.01730582437427064,2.4618900576749967,0.04260503696688651
collapsing_visibility,85,0.9915439838210234,0.016840528148334144,2.465565172797967,0.0415214196940565
collapsing_visibility,86,0.9917759537084904,0.016380457645614355,2.469196089880542,0.04044656196900479
collapsing_visibility,87,0.9920052951344732,0.015925494425166664,2.472783826064148,0.03938030503662688
collapsing_visibility,88,0.99223206758609,0.015475524053833012,2.476329364206405,0.038322494640989226
collapsing_visibility,89,0.992456328547075,0.015030435926860375,2.4798336543945987,0.03727298085165003
collapsing_visibility,90,0.9926781335868832,0.014590123098462082,2.4832976153768938,0.036231617898466226
collapsing_visibility,91,0.9928975364448894,0.014154482121669476,2.486722135916581,0.03519826401439098
collapsing_visibility,92,0.9931145891100048,0.013723412896866294,2.4901080760742653,0.03417278128578849
collapsing_visibility,93,0.9933293418960066,0.01329681852844633,2.493456268422521,0.033155035509831225
collapsing_visibility,94,0.9935418435128531,0.012874605189081234,2.496767519197241,0.03214489605858628
collapsing_visibility,95,0.9937521411342427,0.012456681991108165,2.500042609389572,0.031142235749386144
collapsing_visibility,96,0.9939602804616468,0.012042960864604546,2.5032822957820797,0.030146930721161008
collapsing_visibility,97,0.9941663057850392,0.011633356441728027,2.5064873119325095,0.029158860316379626
collapsing_visibility,98,0.9943702600405225,0.011227785946943625,2.509658369108287,0.02817790696830348
collapsing_visibility,99,0.9945721848650412,0.010826169092778337,2.512796157174673,0.027203956093256623
collapsing_visibility,100,0.9947721206483546,0.010428427980775368,2.5159013454393104,0.026236895987649698
collapsing_visibility,101,0.9949701065824357,0.010034487007336557,2.518974583455681,0.025276617729497047
collapsing_visibility,102,0.9951661807084452,0.00964427277416624,2.5220165017878613,0.024323015084190654
collapsing_visibility,103,0.9953603799614219,0.009257714003053863,2.5250277127387695,0.023375984414320775
collapsing_visibility,104,0.9955527402128248,0.008874741454735768,2.528008811043978,0.022435424593309272
collapsing_visibility,105,0.9957432963110446,0.00849528785161513,2.5309603745330254,0.02150123692268969
collapsing_visibility,106,0.9959320821200065,0.008119287804108644,2.533882964760019,0.020573325052814676
collapsing_visibility,107,0.9961191305559628,0.007746677740432695,2.536777127605235,0.019651594906858263
collapsing_visibility,108,0.9963044736225856,0.0073773958396227135,2.539643393849284,0.018735954607909017
collapsing_visibility,109,0.9964881424444447,0.007011381967620078,2.5424822797213333,0.017826314409031745
collapsing_visibility,110,0.996670167298966,0.006648577616251261,2.5452942874227764,0.016922586626131275
collapsing_visibility,111,0.9968505776469465,0.0062889258449491114,2.548079905627646,0.016024685573497198
collapsing_visibility,112,0.9970294021617085,0.005932371225066069,2.5508396099610082,0.01513252750189144
collapsing_visibility,113,0.9972066687569614,0.005578859786643853,2.5535738634564704,0.014246030539062083
collapsing_visibility,114,0.9973824046134419,0.005228338967508517,2.5562831169939035,0.013365114632563358
collapsing_visibility,115,0.9975566362043957,0.004880757564570848,2.5589678097183786,0.012489701494776271
collapsing_visibility,116,0.9977293893199586,0.004536065687222535,2.5616283694412814,0.011619714550038407
collapsing_visibility,117,0.997900689090497,0.004194214712711197,2.5642652130245014,0.010755078883760876
collapsing_visibility,118,0.9980705600089583,0.00385515724340435,2.5668787467485483,0.009895721193468347
collapsing_visibility,119,0.9982390259522824,0.003518847065838382,2.569469366665386,0.009041569741652098
collapsing_visibility,120,0.9984061102019202,0.003185239111471283,2.5720374589367405,0.00819255431037452
collapsing_visibility,121,0.9985718354635033,0.0028542894190501933,2.5745834001585974,0.007348606157534954
collapsing_visibility,122,0.9987362238857105,0.002525955098511945,2.5771075576725475,0.0065096579747166376
collapsing_visibility,123,0.9988992970783628,0.0022001942963527643,2.579610289864619,0.005675643846573036
collapsing_visibility,124,0.999,0.001998999999999973,2.5820919464521954,0.005161601800957869
collapsing_visibility,125,0.999,0.001998999999999973,2.584552868759577,0.005166521184650325
collapsing_visibility,126,0.999,0.001998999999999973,2.586993389982728,0.005171399786575403
collapsing_visibility,127,0.999,0.001998999999999973,2.5894138354437013,0.005176238257051889
collapsing_visibility,128,0.999,0.001998999999999973,2.591814522835232,0.005181037231147559
collapsing_visibility,129,0.999,0.001998999999999973,2.5941957624559415,0.005185797329149357
collapsing_visibility,130,0.999,0.001998999999999973,2.5965578574365833,0.00519051915701566
collapsing_visibility,131,0.999,0.001998999999999973,2.598901103957736,0.005195203306811444
collapsing_visibility,132,0.999,0.001998999999999973,2.601225791459327,0.0051998503571271245
collapsing_visibility,133,0.999,0.001998999999999973,2.6035322028423513,0.00520446087348179
collapsing_visibility,134,0.999,0.001998999999999973,2.6058206146631315,0.00520903540871153
collapsing_visibility,135,0.999,0.001998999999999973,2.6080912973204424,0.005213574503343494
collapsing_visibility,136,0.999,0.001998999999999973,2.6103445152358202,0.005218078685956334
collapsing_visibility,137,0.999,0.001998999999999973,2.6125805270273394,0.005222548473527581
collapsing_visibility,138,0.999,0.001998999999999973,2.6147995856771513,0.005226984371768555
collapsing_visibility,139,0.999,0.001998999999999973,2.61700193869304,0.005231386875447316
collapsing_visibility,140,0.999,0.001998999999999973,2.6191878282642533,0.005235756468700172
collapsing_visibility,141,0.999,0.001998999999999973,2.6213574914118536,0.005240093625332225
collapsing_visibility,142,0.999,0.001998999999999973,2.623511160133811,0.005244398809107417
collapsing_visibility,143,0.999,0.001998999999999973,2.6256490615450594,0.005248672474028503
collapsing_visibility,144,0.999,0.001998999999999973,2.627771418012728,0.005252915064607373
collapsing_visibility,145,0.999,0.001998999999999973,2.6298784472867394,0.005257127016126121
collapsing_visibility,146,0.999,0.001998999999999973,2.6319703626259647,0.005261308754889233
collapsing_visibility,147,0.999,0.001998999999999973,2.634047372920119,0.005265460698467247
collapsing_visibility,148,0.999,0.001998999999999973,2.6361096828075614,0.005269583255932245
collapsing_visibility,149,0.999,0.001998999999999973,2.6381574927891736,0.005273676828085487
collapsing_visibility,150,0.999,0.001998999999999973,2.6401909993384565,0.005277741807677503
collapsing_visibility,151,0.999,0.001998999999999973,2.642210395008012,0.005281778579620945
collapsing_visibility,152,0.999,0.001998999999999973,2.6442158685325374,0.005285787521196471
collapsing_visibility,153,0.999,0.001998999999999973,2.6462076049284757,0.005289769002251952
collapsing_visibility,154,0.999,0.001998999999999973,2.6481857855904463,0.005293723385395231
collapsing_visibility,155,0.999,0.001998999999999973,2.650150588384583,0.00529765102618071
collapsing_visibility,156,0.999,0.001998999999999973,2.6521021877388975,0.005301552273289985
collapsing_visibility,157,0.999,0.001998999999999973,2.6540407547307785,0.0053054274687067545
collapsing_visibility,158,0.999,0.001998999999999973,2.6559664571717345,0.005309276947886226
collapsing_visibility,159,0.999,0.001998999999999973,2.6578794596894877,0.005313101039919214
collapsing_visibility,160,0.999,0.001998999999999973,2.659779923807511,0.005316900067691142
collapsing_visibility,161,0.999,0.001998999999999973,2.6616680080221102,0.005320674348036127
collapsing_visibility,162,0.999,0.001998999999999973,2.663543867877135,0.0053244241918863205
collapsing_visibility,163,0.999,0.001998999999999973,2.6654076560364066,0.005328149904416705
collapsing_visibility,164,0.999,0.001998999999999973,2.667259522353954,0.005331851785185482
collapsing_visibility,165,0.999,0.001998999999999973,2.66909961394212,0.005335530128270226
collapsing_visibility,166,0.999,0.001998999999999973,2.6709280752376308,0.0053391852223999515
collapsing_visibility,167,0.999,0.001998999999999973,2.672745048065696,0.005342817351083254
collapsing_visibility,168,0.999,0.001998999999999973,2.6745506717022027,0.005346426792732631
collapsing_visibility,169,0.999,0.001998999999999973,2.6763450829340787,0.0053500138207851515
collapsing_visibility,170,0.999,0.001998999999999973,2.6781284161178895,0.005353578703819589
collapsing_visibility,171,0.999,0.001998999999999973,2.679900803236721,0.005357121705670133
collapsing_visibility,172,0.999,0.001998999999999973,2.681662373955422,0.005360643085536816
collapsing_visibility,173,0.999,0.001998999999999973,2.683413255674247,0.0053641430980927475
collapsing_visibility,174,0.999,0.001998999999999973,2.685153573580969,0.005367621993588285
collapsing_visibility,175,0.999,0.001998999999999973,2.6868834507015027,0.005371080017952231
collapsing_visibility,176,0.999,0.001998999999999973,2.6886030079490975,0.005374517412890173
collapsing_visibility,177,0.999,0.001998999999999973,2.6903123641721405,0.005377934415980036
collapsing_visibility,178,0.999,0.001998999999999973,2.692011636200626,0.005381331260764979
collapsing_visibility,179,0.999,0.001998999999999973,2.6937009388913222,0.0053847081768436805
collapsing_visibility,180,0.999,0.001998999999999973,2.695380385171693,0.005388065389958141
collapsing_visibility,181,0.999,0.001998999999999973,2.6970500860826077,0.00539140312207906
collapsing_visibility,182,0.999,0.001998999999999973,2.6987101508198768,0.00539472159148886
collapsing_visibility,183,0.999,0.001998999999999973,2.7003606867746583,0.005398021012862469
collapsing_visibility,184,0.999,0.001998999999999973,2.702001799572769,0.005401301597345892
collapsing_visibility,185,0.999,0.001998999999999973,2.703633593112931,0.005404563552632677
collapsing_visibility,186,0.999,0.001998999999999973,2.705256169603996,0.0054078070830383155
collapsing_visibility,187,0.999,0.001998999999999973,2.706869629601174,0.005411032389572674
collapsing_visibility,188,0.999,0.001998999999999973,2.7084740720413016,0.005414239670010489
collapsing_visibility,189,0.999,0.001998999999999973,2.7100695942771758,0.005417429118960001
collapsing_visibility,190,0.999,0.001998999999999973,2.7116562921109875,0.0054206009279297905
collapsing_visibility,191,0.999,0.001998999999999973,2.7132342598268817,0.005423755285393864
collapsing_visibility,192,0.999,0.001998999999999973,2.7148035902226697,0.005426892376855044
collapsing_visibility,193,0.999,0.001998999999999973,2.7163643746407184,0.0054300123849067225
collapsing_visibility,194,0.999,0.001998999999999973,2.7179167029980493,0.005433115489293028
collapsing_visibility,195,0.999,0.001998999999999973,2.719460663815662,0.005436201866967435
collapsing_visibility,196,0.999,0.001998999999999973,2.720996344247113,0.005439271692149906
collapsing_visibility,197,0.999,0.001998999999999973,2.7225238301063674,0.005442325136382555
collapsing_visibility,198,0.999,0.001998999999999973,2.72404320589495,0.005445362368583931
collapsing_visibility,199,0.999,0.001998999999999973,2.7255545548284132,0.005448383555101925
collapsing_visibility,200,0.999,0.001998999999999973,2.727057958862144,0.005451388859765352
collapsing_visibility,201,0.999,0.001998999999999973,2.728553498716529,0.005454378443934268
collapsing_visibility,202,0.999,0.001998999999999973,2.7300412539014975,0.00545735246654902
collapsing_visibility,203,0.999,0.001998999999999973,2.731521302740459,0.0054603110841781035
collapsing_visibility,204,0.999,0.001998999999999973,2.7329937223936547,0.005463254451064842
collapsing_visibility,205,0.999,0.001998999999999973,2.73445858888094,0.005466182719172925
collapsing_visibility,206,0.999,0.001998999999999973,2.7359159771040136,0.00546909603823085
collapsing_visibility,207,0.999,0.001998999999999973,2.7373659608681096,0.005471994555775277
collapsing_visibility,208,0.999,0.001998999999999973,2.738808612903168,0.005474878417193359
collapsing_visibility,209,0.999,0.001998999999999973,2.740244004884497,0.005477747765764035
collapsing_visibility,210,0.999,0.001998999999999973,2.741672207452949,0.005480602742698371
collapsing_visibility,211,0.999,0.001998999999999973,2.74309329023461,0.005483443487178912
collapsing_visibility,212,0.999,0.001998999999999973,2.744507321860031,0.005486270136398128
collapsing_visibility,213,0.999,0.001998999999999973,2.745914369983004,0.005489082825595951
collapsing_visibility,214,0.999,0.001998999999999973,2.747314501298903,0.005491881688096433
collapsing_visibility,215,0.999,0.001998999999999973,2.7487077815625915,0.0054946668553435465
collapsing_visibility,216,0.999,0.001998999999999973,2.750094275605922,0.005497438456936164
collapsing_visibility,217,0.999,0.001998999999999973,2.751474047354829,0.005500196620662229
collapsing_visibility,218,0.999,0.001998999999999973,2.75284715984603,0.005502941472532139
collapsing_visibility,219,0.999,0.001998999999999973,2.7542136752433426,0.005505673136811368
collapsing_visibility,220,0.999,0.001998999999999973,2.755573654853636,0.005508391736052344
collapsing_visibility,221,0.999,0.001998999999999973,2.756927159142413,0.00551109739112561
collapsing_visibility,222,0.999,0.001998999999999973,2.7582742477490503,0.005513790221250277
collapsing_visibility,223,0.999,0.001998999999999973,2.7596149795016878,0.0055164703440238
collapsing_visibility,224,0.999,0.001998999999999973,2.760949412431792,0.005519137875451077
collapsing_visibility,225,0.999,0.001998999999999973,2.7622776037883887,0.005521792929972915
collapsing_visibility,226,0.999,0.001998999999999973,2.7635996100519877,0.005524435620493849
collapsing_visibility,227,0.999,0.001998999999999973,2.764915486948195,0.005527066058409367
collapsing_visibility,228,0.999,0.001998999999999973,2.7662252894610266,0.005529684353632517
collapsing_visibility,229,0.999,0.001998999999999973,2.767529071845935,0.00553229061461995
collapsing_visibility,230,0.999,0.001998999999999973,2.768826887642547,0.005534884948397377
collapsing_visibility,231,0.999,0.001998999999999973,2.7701187896871264,0.005537467460584491
collapsing_visibility,232,0.999,0.001998999999999973,2.771404830124774,0.005540038255419348
collapsing_visibility,233,0.999,0.001998999999999973,2.772685060421353,0.00554259743578221
collapsing_visibility,234,0.999,0.001998999999999973,2.773959531375172,0.005545145103218894
collapsing_visibility,235,0.999,0.001998999999999973,2.775228293128411,0.005547681357963619
collapsing_visibility,236,0.999,0.001998999999999973,2.776491395178307,0.005550206298961361
collapsing_visibility,237,0.999,0.001998999999999973,2.777748886388102,0.005552720023889741
collapsing_visibility,238,0.999,0.001998999999999973,2.7790008149977634,0.005555222629180454
collapsing_visibility,239,0.999,0.001998999999999973,2.7802472286344773,0.005557714210040245
collapsing_visibility,240,0.999,0.001998999999999973,2.7814881743229223,0.005560194860471447
collapsing_visibility,241,0.999,0.001998999999999973,2.7827236984953325,0.005562664673292095
collapsing_visibility,242,0.999,0.001998999999999973,2.7839538470013485,0.005565123740155621
collapsing_visibility,243,0.999,0.001998999999999973,2.7851786651176664,0.00556757215157014
collapsing_visibility,244,0.999,0.001998999999999973,2.786398197557492,0.005570009996917351
collapsing_visibility,245,0.999,0.001998999999999973,2.787612488479795,0.005572437364471035
collapsing_visibility,246,0.999,0.001998999999999973,2.7888215814983814,0.005574854341415189
collapsing_visibility,247,0.999,0.001998999999999973,2.790025519690777,0.0055772610138617885
collapsing_visibility,248,0.999,0.001998999999999973,2.7912243456069326,0.005579657466868183
collapsing_visibility,249,0.999,0.001998999999999973,2.7924181012777547,0.005582043784454156
collapsing_visibility,250,0.999,0.001998999999999973,2.793606828223466,0.005584420049618633
collapsing_visibility,251,0.999,0.001998999999999973,2.794790567461795,0.005586786344356053
collapsing_visibility,252,0.999,0.001998999999999973,2.7959693595160093,0.0055891427496724275
collapsing_visibility,253,0.999,0.001998999999999973,2.797143244422779,0.00559148934560106
collapsing_visibility,254,0.999,0.001998999999999973,2.7983122617398983,0.005593826211217981
collapsing_visibility,255,0.999,0.001998999999999973,2.7994764505538448,0.00559615342465706
collapsing_visibility,256,0.999,0.001998999999999973,2.8006358494871937,0.005598471063124825
collapsing_visibility,257,0.999,0.001998999999999973,2.8017904967058893,0.0056007792029149975
collapsing_visibility,258,0.999,0.001998999999999973,2.8029404299263745,0.005603077919422747
collapsing_visibility,259,0.999,0.001998999999999973,2.8040856864225785,0.005605367287158659
collapsing_visibility,260,0.999,0.001998999999999973,2.805226303032776,0.005607647379762443
collapsing_visibility,261,0.999,0.001998999999999973,2.8063623161663083,0.005609918270016375
collapsing_visibility,262,0.999,0.001998999999999973,2.80749376181018,0.005612180029858474
collapsing_visibility,263,0.999,0.001998999999999973,2.808620675535527,0.005614432730395443
collapsing_visibility,264,0.999,0.001998999999999973,2.8097430925039664,0.0056166764419153525
collapsing_visibility,265,0.999,0.001998999999999973,2.810861047473818,0.005618911233900086
collapsing_visibility,266,0.999,0.001998999999999973,2.8119745748062166,0.005621137175037551
collapsing_visibility,267,0.999,0.001998999999999973,2.813083708471105,0.005623354333233663
collapsing_visibility,268,0.999,0.001998999999999973,2.8141884820531153,0.005625562775624102
collapsing_visibility,269,0.999,0.001998999999999973,2.815288928757342,0.005627762568585851
collapsing_visibility,270,0.999,0.001998999999999973,2.8163850814150044,0.0056299537777485175
collapsing_visibility,271,0.999,0.001998999999999973,2.8174769724890103,0.005632136468005456
collapsing_visibility,272,0.999,0.001998999999999973,2.8185646340794097,0.005634310703524664
collapsing_visibility,273,0.999,0.001998999999999973,2.819648097928754,0.005636476547759503
collapsing_visibility,274,0.999,0.001998999999999973,2.820727395427353,0.005638634063459202
collapsing_visibility,275,0.999,0.001998999999999973,2.821802557618439,0.005640783312679183
collapsing_visibility,276,0.999,0.001998999999999973,2.822873615203235,0.005642924356791191
collapsing_visibility,277,0.999,0.001998999999999973,2.823940598545933,0.005645057256493244
collapsing_visibility,278,0.999,0.001998999999999973,2.8250035376785787,0.005647182071819403
collapsing_visibility,279,0.999,0.001998999999999973,2.826062462305873,0.005649298862149364
collapsing_visibility,280,0.999,0.001998999999999973,2.8271174018098835,0.005651407686217881
collapsing_visibility,281,0.999,0.001998999999999973,2.828168385254675,0.005653508602124019
collapsing_visibility,282,0.999,0.001998999999999973,2.8292154413908546,0.005655601667340242
collapsing_visibility,283,0.999,0.001998999999999973,2.830258598660038,0.00565768693872134
collapsing_visibility,284,0.999,0.001998999999999973,2.8312978851992368,0.005659764472513198
collapsing_visibility,285,0.999,0.001998999999999973,2.8323333288451673,0.005661834324361413
collapsing_visibility,286,0.999,0.001998999999999973,2.833364957138486,0.005663896549319757
collapsing_visibility,287,0.999,0.001998999999999973,2.8343927973279452,0.005665951201858486
collapsing_visibility,288,0.999,0.001998999999999973,2.835416876374487,0.005667998335872523
collapsing_visibility,289,0.999,0.001998999999999973,2.8364372209552533,0.005670038004689475
collapsing_visibility,290,0.999,0.001998999999999973,2.837453857467536,0.005672070261077528
collapsing_visibility,291,0.999,0.001998999999999973,2.8384668120326535,0.005674095157253198
collapsing_visibility,292,0.999,0.001998999999999973,2.8394761104997652,0.005676112744888954
collapsing_visibility,293,0.999,0.001998999999999973,2.8404817784496146,0.005678123075120703
collapsing_visibility,294,0.999,0.001998999999999973,2.8414838411982144,0.005680126198555154
collapsing_visibility,295,0.999,0.001998999999999973,2.842482323800464,0.005682122165277051
collapsing_visibility,296,0.999,0.001998999999999973,2.8434772510537116,0.005684111024856293
collapsing_visibility,297,0.999,0.001998999999999973,2.8444686475012477,0.005686092826354918
collapsing_visibility,298,0.999,0.001998999999999973,2.845456537435746,0.005688067618333979
collapsing_visibility,299,0.999,0.001998999999999973,2.846440944902648,0.0056900354488603165
collapsing_visibility,300,0.999,0.001998999999999973,2.847421893703481,0.005691996365513182
collapsing_visibility,301,0.999,0.001998999999999973,2.8483994073991346,0.0056939504153907935
collapsing_visibility,302,0.999,0.001998999999999973,2.8493735093130694,0.005695897645116749
collapsing_visibility,303,0.999,0.001998999999999973,2.850344222534483,0.005697838100846355
collapsing_visibility,304,0.999,0.001998999999999973,2.8513115699214167,0.005699771828272835
collapsing_visibility,305,0.999,0.001998999999999973,2.8522755741038135,0.005701698872633446
collapsing_visibility,306,0.999,0.001998999999999973,2.8532362574865275,0.005703619278715492
collapsing_visibility,307,0.999,0.001998999999999973,2.8541936422522824,0.005705533090862236
collapsing_visibility,308,0.999,0.001998999999999973,2.8551477503645795,0.005707440352978718
collapsing_visibility,309,0.999,0.001998999999999973,2.856098603570562,0.005709341108537476
collapsing_visibility,310,0.999,0.001998999999999973,2.857046223403833,0.005711235400584186
collapsing_visibility,311,0.999,0.001998999999999973,2.857990631187224,0.005713123271743183
collapsing_visibility,312,0.999,0.001998999999999973,2.8589318480355224,0.005715004764222932
collapsing_visibility,313,0.999,0.001998999999999973,2.859869894858155,0.005716879919821375
collapsing_visibility,314,0.999,0.001998999999999973,2.860804792361825,0.005718748779931211
collapsing_visibility,315,0.999,0.001998999999999973,2.8617365610531134,0.005720611385545096
collapsing_visibility,316,0.999,0.001998999999999973,2.8626652212410306,0.005722467777260743
collapsing_visibility,317,0.999,0.001998999999999973,2.8635907930395357,0.005724317995285955
collapsing_visibility,318,0.999,0.001998999999999973,2.8645132963700113,0.005726162079443575
collapsing_visibility,319,0.999,0.001998999999999973,2.865432750963699,0.005728000069176357
collapsing_visibility,320,0.999,0.001998999999999973,2.8663491763641007,0.00572983200355176
collapsing_visibility,321,0.999,0.001998999999999973,2.867262591929336,0.005731657921266666
collapsing_visibility,322,0.999,0.001998999999999973,2.8681730168344695,0.005733477860652027
collapsing_visibility,323,0.999,0.001998999999999973,2.869080470073797,0.005735291859677443
collapsing_visibility,324,0.999,0.001998999999999973,2.8699849704630993,0.005737099955955658
collapsing_visibility,325,0.999,0.001998999999999973,2.870886536641858,0.005738902186746997
collapsing_visibility,326,0.999,0.001998999999999973,2.87178518707544,0.005740698588963727
collapsing_visibility,327,0.999,0.001998999999999973,2.872680940057248,0.005742489199174361
collapsing_visibility,328,0.999,0.001998999999999973,2.8735738137108346,0.005744274053607881
collapsing_visibility,329,0.999,0.001998999999999973,2.8744638259919912,0.005746053188157913
collapsing_visibility,330,0.999,0.001998999999999973,2.8753509946907956,0.005747826638386823
collapsing_visibility,331,0.999,0.001998999999999973,2.876235337433638,0.005749594439529764
collapsing_visibility,332,0.999,0.001998999999999973,2.8771168716852085,0.005751356626498654
collapsing_visibility,333,0.999,0.001998999999999973,2.877995614750461,0.005753113233886094
collapsing_visibility,334,0.999,0.001998999999999973,2.8788715837765415,0.0057548642959692285
collapsing_visibility,335,0.999,0.001998999999999973,2.879744795754693,0.005756609846713554
collapsing_visibility,336,0.999,0.001998999999999973,2.880615267522127,0.0057583499197766536
collapsing_visibility,337,0.999,0.001998999999999973,2.881483015763871,0.0057600845485119
collapsing_visibility,338,0.999,0.001998999999999973,2.882348057014587,0.005761813765972082
collapsing_visibility,339,0.999,0.001998999999999973,2.8832104076603615,0.005763537604912985
collapsing_visibility,340,0.999,0.001998999999999973,2.884070083940472,0.005765256097796925
collapsing_visibility,341,0.999,0.001998999999999973,2.884927101949123,0.005766969276796219
collapsing_visibility,342,0.999,0.001998999999999973,2.885781477637164,0.005768677173796613
collapsing_visibility,343,0.999,0.001998999999999973,2.886633226813774,0.005770379820400657
collapsing_visibility,344,0.999,0.001998999999999973,2.8874823651481254,0.005772077247931025
collapsing_visibility,345,0.999,0.001998999999999973,2.888328908171024,0.0057737694874338
collapsing_visibility,346,0.999,0.001998999999999973,2.889172871276525,0.005775456569681696
collapsing_visibility,347,0.999,0.001998999999999973,2.890014269723523,0.005777138525177244
collapsing_visibility,348,0.999,0.001998999999999973,2.8908531186373216,0.005778815384155928
collapsing_visibility,349,0.999,0.001998999999999973,2.891689433011182,0.005780487176589274
collapsing_visibility,350,0.999,0.001998999999999973,2.8925232277078434,0.005782153932187901
collapsing_visibility,351,0.999,0.001998999999999973,2.8933545174610273,0.005783815680404516
collapsing_visibility,352,0.999,0.001998999999999973,2.8941833168769193,0.005785472450436884
collapsing_visibility,353,0.999,0.001998999999999973,2.895009640435626,0.005787124271230738
collapsing_visibility,354,0.999,0.001998999999999973,2.895833502492615,0.0057887711714826595
collapsing_visibility,355,0.999,0.001998999999999973,2.8966549172801357,0.005790413179642913
collapsing_visibility,356,0.999,0.001998999999999973,2.897473898908614,0.005792050323918241
collapsing_visibility,357,0.999,0.001998999999999973,2.898290461368033,0.0057936826322746195
collapsing_visibility,358,0.999,0.001998999999999973,2.899104618529292,0.005795310132439977
collapsing_visibility,359,0.999,0.001998999999999973,2.8999163841455484,0.0057969328519068735
collapsing_visibility,360,0.999,0.001998999999999973,2.9007257718535358,0.005798550817935139
collapsing_visibility,361,0.999,0.001998999999999973,2.9015327951748704,0.005800164057554487
collapsing_visibility,362,0.999,0.001998999999999973,2.9023374675173343,0.005801772597567073
collapsing_visibility,363,0.999,0.001998999999999973,2.9031398021761428,0.005803376464550031
collapsing_visibility,364,0.999,0.001998999999999973,2.9039398123351945,0.005804975684857975
collapsing_visibility,365,0.999,0.001998999999999973,2.904737511068304,0.005806570284625462
collapsing_visibility,366,0.999,0.001998999999999973,2.9055329113404165,0.005808160289769414
collapsing_visibility,367,0.999,0.001998999999999973,2.906326026008808,0.005809745725991529
collapsing_visibility,368,0.999,0.001998999999999973,2.9071168678242656,0.005811326618780629
collapsing_visibility,369,0.999,0.001998999999999973,2.907905449432255,0.005812902993415
collapsing_visibility,370,0.999,0.001998999999999973,2.9086917833740724,0.005814474874964692
collapsing_visibility,371,0.999,0.001998999999999973,2.9094758820879765,0.005816042288293787
collapsing_visibility,372,0.999,0.001998999999999973,2.9102577579103097,0.00581760525806263
collapsing_visibility,373,0.999,0.001998999999999973,2.9110374230766016,0.005819163808730048
collapsing_visibility,374,0.999,0.001998999999999973,2.9118148897226597,0.005820717964555518
collapsing_visibility,375,0.999,0.001998999999999973,2.9125901698856427,0.005822267749601321
collapsing_visibility,376,0.999,0.001998999999999973,2.9133632755051218,0.00582381318773466
collapsing_visibility,377,0.999,0.001998999999999973,2.914134218424127,0.005825354302629752
collapsing_visibility,378,0.999,0.001998999999999973,2.9149030103901796,0.00582689111776989
collapsing_visibility,379,0.999,0.001998999999999973,2.91566966305631,0.005828423656449485
collapsing_visibility,380,0.999,0.001998999999999973,2.9164341879820643,0.005829951941776068
collapsing_visibility,381,0.999,0.001998999999999973,2.9171965966344935,0.005831475996672273
collapsing_visibility,382,0.999,0.001998999999999973,2.9179569003891355,0.005832995843877803
collapsing_visibility,383,0.999,0.001998999999999973,2.91871511053098,0.005834511505951351
collapsing_visibility,384,0.999,0.001998999999999973,2.9194712382554195,0.005836023005272505
collapsing_visibility,385,0.999,0.001998999999999973,2.920225294669194,0.0058375303640436395
collapsing_visibility,386,0.999,0.001998999999999973,2.920977290791315,0.00583903360429176
collapsing_visibility,387,0.999,0.001998999999999973,2.921727237553987,0.005840532747870341
collapsing_visibility,388,0.999,0.001998999999999973,2.922475145803507,0.005842027816461132
collapsing_visibility,389,0.999,0.001998999999999973,2.9232210263011615,0.005843518831575943
collapsing_visibility,390,0.999,0.001998999999999973,2.9239648897241044,0.0058450058145584054
collapsing_visibility,391,0.999,0.001998999999999973,2.9247067466662293,0.005846488786585714
collapsing_visibility,392,0.999,0.001998999999999973,2.925446607639028,0.005847967768670338
collapsing_visibility,393,0.999,0.001998999999999973,2.926184483072436,0.00584944278166172
collapsing_visibility,394,0.999,0.001998999999999973,2.9269203833156734,0.005850913846247952
collapsing_visibility,395,0.999,0.001998999999999973,2.927654318638067,0.005852380982957417
collapsing_visibility,396,0.999,0.001998999999999973,2.9283862992298695,0.00585384421216043
collapsing_visibility,397,0.999,0.001998999999999973,2.9291163352030614,0.0058553035540708405
collapsing_visibility,398,0.999,0.001998999999999973,2.92984443659215,0.005856759028747629
collapsing_visibility,399,0.999,0.001998999999999973,2.930570613354952,0.00585821065609647
collapsing_visibility,400,0.999,0.001998999999999973,2.9312948753733683,0.0058596584558712845
strong_gamma_rescue,10,0.85,0.2775000000000001,3.6513521857395794,1.0132502315427336
strong_gamma_rescue,11,0.85,0.2775000000000001,3.7648795650273876,1.0447540792951004
strong_gamma_rescue,12,0.85,0.2775000000000001,3.872247091017748,1.0745485677574254
strong_gamma_rescue,13,0.85,0.2775000000000001,3.9741093843156636,1.102815354147597
strong_gamma_rescue,14,0.85,0.2775000000000001,4.071020842994725,1.1297082839310366
strong_gamma_rescue,15,0.85,0.2775000000000001,4.163455216721779,1.155358822640294
strong_gamma_rescue,16,0.85,0.2775000000000001,4.2518206104938026,1.1798802194120306
strong_gamma_rescue,17,0.85,0.2775000000000001,4.336471143671591,1.2033707423688667
strong_gamma_rescue,18,0.85,0.2775000000000001,4.417716122513188,1.22591622399741
strong_gamma_rescue,19,0.85,0.2775000000000001,4.4958273377496045,1.2475920862255157
strong_gamma_rescue,20,0.85,0.2775000000000001,4.571044929967412,1.2684649680659572
strong_gamma_rescue,21,0.85,0.2775000000000001,4.643582148041722,1.2885940460815783
strong_gamma_rescue,22,0.85,0.2775000000000001,4.713629242718696,1.3080321148544385
strong_gamma_rescue,23,0.85,0.2775000000000001,4.781356677759518,1.3268264780782666
strong_gamma_rescue,24,0.85,0.2775000000000001,4.846917797631668,1.345019688842788
strong_gamma_rescue,25,0.85,0.2775000000000001,4.910451058745435,1.3626501688018586
strong_gamma_rescue,26,0.85,0.2775000000000001,4.972081907400292,1.3797527293035814
strong_gamma_rescue,27,0.85,0.2775000000000001,5.031924369658822,1.3963590125803234
strong_gamma_rescue,28,0.85,0.2775000000000001,5.090082404717607,1.4124978673091362
strong_gamma_rescue,29,0.85,0.2775000000000001,5.146651062869291,1.4281956699462288
strong_gamma_rescue,30,0.85,0.2775000000000001,5.201717481040739,1.4434766009888056
strong_gamma_rescue,31,0.85,0.2775000000000001,5.255361742563765,1.4583628835614453
strong_gamma_rescue,32,0.85,0.2775000000000001,5.3076576228586,1.4728749903432619
strong_gamma_rescue,33,0.85,0.2775000000000001,5.358673238769408,1.4870318237585112
strong_gamma_rescue,34,0.85,0.2775000000000001,5.408471616149157,1.5008508734813915
strong_gamma_rescue,35,0.85,0.2775000000000001,5.457111187770276,1.514348354606252
strong_gamma_rescue,36,0.85,0.2775000000000001,5.504646231602804,1.5275393292697785
strong_gamma_rescue,37,0.85,0.2775000000000001,5.551127257850044,1.5404378140533876
strong_gamma_rescue,38,0.85,0.2775000000000001,5.596601351783851,1.553056875120019
strong_gamma_rescue,39,0.85,0.2775000000000001,5.641112478315947,1.565408712732676
strong_gamma_rescue,40,0.85,0.2775000000000001,5.684701753330311,1.5775047365491617
strong_gamma_rescue,41,0.85,0.2775000000000001,5.727407686046945,1.5893556328780276
strong_gamma_rescue,42,0.85,0.2775000000000001,5.769266396059634,1.600971424906549
strong_gamma_rescue,43,0.85,0.2775000000000001,5.810311808165971,1.6123615267660574
strong_gamma_rescue,44,0.85,0.2775000000000001,5.850575827668248,1.6235347921779393
strong_gamma_rescue,45,0.85,0.2775000000000001,5.890088498453688,1.6344995583208988
strong_gamma_rescue,46,0.85,0.2775000000000001,5.92887814584971,1.6452636854732952
strong_gamma_rescue,47,0.85,0.2775000000000001,5.966971505984791,1.65583459291078
strong_gamma_rescue,48,0.85,0.2775000000000001,6.004393843159815,1.6662192914768492
strong_gamma_rescue,49,0.85,0.2775000000000001,6.041169056542316,1.676424413190493
strong_gamma_rescue,50,0.85,0.2775000000000001,6.077319777331044,1.6864562382093653
strong_gamma_rescue,51,0.85,0.2775000000000001,6.1128674573968,1.6963207194276124
strong_gamma_rescue,52,0.85,0.2775000000000001,6.147832450283459,1.7060235049536603
strong_gamma_rescue,53,0.85,0.2775000000000001,6.182234085347831,1.7155699586840236
strong_gamma_rescue,54,0.85,0.2775000000000001,6.216090735725809,1.7249651791639125
strong_gamma_rescue,55,0.85,0.2775000000000001,6.249419880733036,1.7342140169034181
strong_gamma_rescue,56,0.85,0.2775000000000001,6.282238163239523,1.743321090298968
strong_gamma_rescue,57,0.85,0.2775000000000001,6.3145614424973635,1.7522908002930189
strong_gamma_rescue,58,0.85,0.2775000000000001,6.3464048428483055,1.7611273438904054
strong_gamma_rescue,59,0.85,0.2775000000000001,6.377782798691729,1.7698347266369552
strong_gamma_rescue,60,0.85,0.2775000000000001,6.408709096053177,1.7784167741547572
strong_gamma_rescue,61,0.85,0.2775000000000001,6.439196911057969,1.786877142818587
strong_gamma_rescue,62,0.85,0.2775000000000001,6.46925884558299,1.7952193296492802
strong_gamma_rescue,63,0.85,0.2775000000000001,6.498906960332016,1.803446681492135
strong_gamma_rescue,64,0.85,0.2775000000000001,6.528152805555342,1.8115624035416078
strong_gamma_rescue,65,0.85,0.2775000000000001,6.557007449612704,1.8195695672675258
strong_gamma_rescue,66,0.85,0.2775000000000001,6.585481505559086,1.8274711177926468
strong_gamma_rescue,67,0.85,0.2775000000000001,6.6135851559157945,1.8352698807666334
strong_gamma_rescue,68,0.85,0.2775000000000001,6.64132817577378,1.8429685687772246
strong_gamma_rescue,69,0.85,0.2775000000000001,6.668719954362489,1.8505697873355913
strong_gamma_rescue,70,0.85,0.2775000000000001,6.695769515205196,1.8580760404694425
strong_gamma_rescue,71,0.85,0.2775000000000001,6.722485534970854,1.8654897359544125
strong_gamma_rescue,72,0.85,0.2775000000000001,6.748876361122491,1.8728131902114917
strong_gamma_rescue,73,0.85,0.2775000000000001,6.774950028453466,1.8800486328958372
strong_gamma_rescue,74,0.85,0.2775000000000001,6.800714274594794,1.8871982112000558
strong_gamma_rescue,75,0.85,0.2775000000000001,6.826176554569599,1.8942639938930643
strong_gamma_rescue,76,0.85,0.2775000000000001,6.851344054464298,1.9012479751138434
strong_gamma_rescue,77,0.85,0.2775000000000001,6.876223704280168,1.9081520779377472
strong_gamma_rescue,78,0.85,0.2775000000000001,6.9008221900237565,1.914978157731593
strong_gamma_rescue,79,0.85,0.2775000000000001,6.925145965089676,1.9217280053123857
strong_gamma_rescue,80,0.85,0.2775000000000001,6.9492012609850455,1.9284033499233506
strong_gamma_rescue,81,0.85,0.2775000000000001,6.972994097440837,1.9350058620398327
strong_gamma_rescue,82,0.85,0.2775000000000001,6.996530291951843,1.941537156016637
strong_gamma_rescue,83,0.85,0.2775000000000001,7.0198154687836105,1.9479987925874525
strong_gamma_rescue,84,0.85,0.2775000000000001,7.042855067481822,1.9543922812262062
strong_gamma_rescue,85,0.85,0.2775000000000001,7.0656543509167955,1.9607190823794114
strong_gamma_rescue,86,0.85,0.2775000000000001,7.0882184128933075,1.9669806095778934
strong_gamma_rescue,87,0.85,0.2775000000000001,7.1105521853537255,1.9731782314356594
strong_gamma_rescue,88,0.85,0.2775000000000001,7.132660445200273,1.9793132735430763
strong_gamma_rescue,89,0.85,0.2775000000000001,7.154547820760425,1.9853870202610184
strong_gamma_rescue,90,0.85,0.2775000000000001,7.17621879791765,1.9914007164221483
strong_gamma_rescue,91,0.85,0.2775000000000001,7.197677725928099,1.997355568945048
strong_gamma_rescue,92,0.85,0.2775000000000001,7.2189288229424164,2.003252748366521
strong_gamma_rescue,93,0.85,0.2775000000000001,7.239976181250474,2.009093390297007
strong_gamma_rescue,94,0.85,0.2775000000000001,7.260823772265554,2.0148785968036917
strong_gamma_rescue,95,0.85,0.2775000000000001,7.281475451263448,2.0206094377256076
strong_gamma_rescue,96,0.85,0.2775000000000001,7.301934961890761,2.026286951924687
strong_gamma_rescue,97,0.85,0.2775000000000001,7.3222059404558655,2.0319121484765033
strong_gamma_rescue,98,0.85,0.2775000000000001,7.342291920014967,2.0374860078041537
strong_gamma_rescue,99,0.85,0.2775000000000001,7.362196334264907,2.0430094827585124
strong_gamma_rescue,100,0.85,0.2775000000000001,7.381922521253659,2.048483499647891
strong_gamma_rescue,101,0.85,0.2775000000000001,7.401473726918629,2.0539089592199202
strong_gamma_rescue,102,0.85,0.2775000000000001,7.42085310846231,2.0592867375982915
strong_gamma_rescue,103,0.85,0.2775000000000001,7.440063737574216,2.064617687176846
strong_gamma_rescue,104,0.85,0.2775000000000001,7.459108603507395,2.0699026374733025
strong_gamma_rescue,105,0.85,0.2775000000000001,7.477990616017398,2.0751423959448285
strong_gamma_rescue,106,0.85,0.2775000000000001,7.496712608170982,2.080337748767448
strong_gamma_rescue,107,0.85,0.2775000000000001,7.515277339031478,2.085489461581236
strong_gamma_rescue,108,0.85,0.2775000000000001,7.533687496227243,2.0905982802030607
strong_gamma_rescue,109,0.85,0.2775000000000001,7.551945698409279,2.0956649313085753
strong_gamma_rescue,110,0.85,0.2775000000000001,7.57005449760374,2.1006901230850383
strong_gamma_rescue,111,0.85,0.2775000000000001,7.588016381464658,2.105674545856443
strong_gamma_rescue,112,0.85,0.2775000000000001,7.605833775431945,2.110618872682365
strong_gamma_rescue,113,0.85,0.2775000000000001,7.623509044799438,2.1155237599318446
strong_gamma_rescue,114,0.85,0.2775000000000001,7.641044496697437,2.1203898478335392
strong_gamma_rescue,115,0.85,0.2775000000000001,7.658442381993966,2.1252177610033263
strong_gamma_rescue,116,0.85,0.2775000000000001,7.675704897118732,2.130008108950449
strong_gamma_rescue,117,0.85,0.2775000000000001,7.692834185813514,2.1347614865632507
strong_gamma_rescue,118,0.85,0.2775000000000001,7.709832340812556,2.139478474575485
strong_gamma_rescue,119,0.85,0.2775000000000001,7.726701405456276,2.1441596400141174
strong_gamma_rescue,120,0.85,0.2775000000000001,7.7434433752414416,2.1488055366295007
strong_gamma_rescue,121,0.85,0.2775000000000001,7.760060199310836,2.1534167053087576
strong_gamma_rescue,122,0.85,0.2775000000000001,7.776553781885198,2.157993674473143
strong_gamma_rescue,123,0.85,0.2775000000000001,7.792925983640113,2.162536960460132
strong_gamma_rescue,124,0.85,0.2775000000000001,7.809178623030386,2.1670470678909326
strong_gamma_rescue,125,0.85,0.2775000000000001,7.825313477564291,2.1715244900240913
strong_gamma_rescue,126,0.85,0.2775000000000001,7.84133228502995,2.1759697090958117
strong_gamma_rescue,127,0.85,0.2775000000000001,7.857236744675998,2.18038319664759
strong_gamma_rescue,128,0.85,0.2775000000000001,7.873028518348558,2.1847654138417254
strong_gamma_rescue,129,0.85,0.2775000000000001,7.88870923158647,2.189116811765246
strong_gamma_rescue,130,0.85,0.2775000000000001,7.904280474676595,2.193437831722756
strong_gamma_rescue,131,0.85,0.2775000000000001,7.919743803670921,2.1977289055186815
strong_gamma_rescue,132,0.85,0.2775000000000001,7.9351007413671555,2.201990455729386
strong_gamma_rescue,133,0.85,0.2775000000000001,7.950352778254327,2.2062228959655763
strong_gamma_rescue,134,0.85,0.2775000000000001,7.965501373424918,2.2104266311254155
strong_gamma_rescue,135,0.85,0.2775000000000001,7.980547955454935,2.214602057638745
strong_gamma_rescue,136,0.85,0.2775000000000001,7.995493923253252,2.218749563702778
strong_gamma_rescue,137,0.85,0.2775000000000001,8.010340646881518,2.222869529509622
strong_gamma_rescue,138,0.85,0.2775000000000001,8.02508946834586,2.2269623274659764
strong_gamma_rescue,139,0.85,0.2775000000000001,8.039741702361498,2.2310283224053165
strong_gamma_rescue,140,0.85,0.2775000000000001,8.05429863709144,2.235067871792875
strong_gamma_rescue,141,0.85,0.2775000000000001,8.068761534860242,2.239081325923718
strong_gamma_rescue,142,0.85,0.2775000000000001,8.083131632843894,2.2430690281141814
strong_gamma_rescue,143,0.85,0.2775000000000001,8.097410143736747,2.247031314886948
strong_gamma_rescue,144,0.85,0.2775000000000001,8.111598256396418,2.2509685161500066
strong_gamma_rescue,145,0.85,0.2775000000000001,8.12569713646752,2.2548809553697375
strong_gamma_rescue,146,0.85,0.2775000000000001,8.139707926985084,2.2587689497383616
strong_gamma_rescue,147,0.85,0.2775000000000001,8.153631748958402,2.262632810335957
strong_gamma_rescue,148,0.85,0.2775000000000001,8.167469701936128,2.266472842287276
strong_gamma_rescue,149,0.85,0.2775000000000001,8.181222864553282,2.2702893449135364
strong_gamma_rescue,150,0.85,0.2775000000000001,8.194892295060903,2.2740826118794013
strong_gamma_rescue,151,0.85,0.2775000000000001,8.20847903183898,2.2778529313353175
strong_gamma_rescue,152,0.85,0.2775000000000001,8.221984093893296,2.28160058605539
strong_gamma_rescue,153,0.85,0.2775000000000001,8.235408481336806,2.2853258535709644
strong_gamma_rescue,154,0.85,0.2775000000000001,8.248753175856095,2.289029006300067
strong_gamma_rescue,155,0.85,0.2775000000000001,8.262019141163492,2.2927103116728698
strong_gamma_rescue,156,0.85,0.2775000000000001,8.27520732343536,2.296370032253313
strong_gamma_rescue,157,0.85,0.2775000000000001,8.288318651737061,2.300008425857035
strong_gamma_rescue,158,0.85,0.2775000000000001,8.301354038435099,2.3036257456657405
strong_gamma_rescue,159,0.85,0.2775000000000001,8.314314379596867,2.3072222403381315
strong_gamma_rescue,160,0.85,0.2775000000000001,8.32720055537849,2.3107981541175313
strong_gamma_rescue,161,0.85,0.2775000000000001,8.340013430401154,2.314353726936321
strong_gamma_rescue,162,0.85,0.2775000000000001,8.352753854116338,2.3178891945172846
strong_gamma_rescue,163,0.85,0.2775000000000001,8.365422661160352,2.321404788471998
strong_gamma_rescue,164,0.85,0.2775000000000001,8.378020671698533,2.3249007363963434
strong_gamma_rescue,165,0.85,0.2775000000000001,8.390548691759484,2.3283772619632574
strong_gamma_rescue,166,0.85,0.2775000000000001,8.403007513559682,2.3318345850128126
strong_gamma_rescue,167,0.85,0.2775000000000001,8.415397915818799,2.3352729216397172
strong_gamma_rescue,168,0.85,0.2775000000000001,8.427720664066046,2.3386924842783285
strong_gamma_rescue,169,0.85,0.2775000000000001,8.439976510937834,2.3420934817852497
strong_gamma_rescue,170,0.85,0.2775000000000001,8.452166196467099,2.3454761195196205
strong_gamma_rescue,171,0.85,0.2775000000000001,8.464290448364478,2.3488405994211434
strong_gamma_rescue,172,0.85,0.2775000000000001,8.476349982291719,2.3521871200859525
strong_gamma_rescue,173,0.85,0.2775000000000001,8.488345502127478,2.355515876840376
strong_gamma_rescue,174,0.85,0.2775000000000001,8.500277700225837,2.3588270618126703
strong_gamma_rescue,175,0.85,0.2775000000000001,8.512147257667737,2.3621208640027977
strong_gamma_rescue,176,0.85,0.2775000000000001,8.52395484450557,2.365397469350296
strong_gamma_rescue,177,0.85,0.2775000000000001,8.535701120001155,2.3686570608003215
strong_gamma_rescue,178,0.85,0.2775000000000001,8.547386732857321,2.371899818367907
strong_gamma_rescue,179,0.85,0.2775000000000001,8.559012321443264,2.3751259192005065
strong_gamma_rescue,180,0.85,0.2775000000000001,8.570578514013935,2.3783355376388675
strong_gamma_rescue,181,0.85,0.2775000000000001,8.582085928923606,2.3815288452763013
strong_gamma_rescue,182,0.85,0.2775000000000001,8.593535174833804,2.384706011016381
strong_gamma_rescue,183,0.85,0.2775000000000001,8.604926850915817,2.38786720112914
strong_gamma_rescue,184,0.85,0.2775000000000001,8.616261547047909,2.3910125793057952
strong_gamma_rescue,185,0.85,0.2775000000000001,8.627539844007426,2.3941423067120615
strong_gamma_rescue,186,0.85,0.2775000000000001,8.638762313657951,2.397256542040082
strong_gamma_rescue,187,0.85,0.2775000000000001,8.649929519131655,2.400355441559035
strong_gamma_rescue,188,0.85,0.2775000000000001,8.661042015007,2.403439159164443
strong_gamma_rescue,189,0.85,0.2775000000000001,8.672100347481924,2.406507846426235
strong_gamma_rescue,190,0.85,0.2775000000000001,8.683105054542658,2.4095616526355883
strong_gamma_rescue,191,0.85,0.2775000000000001,8.694056666128294,2.412600724850602
strong_gamma_rescue,192,0.85,0.2775000000000001,8.70495570429125,2.4156252079408222
strong_gamma_rescue,193,0.85,0.2775000000000001,8.715802683353722,2.4186352446306585
strong_gamma_rescue,194,0.85,0.2775000000000001,8.726598110060294,2.4216309755417322
strong_gamma_rescue,195,0.85,0.2775000000000001,8.737342483726763,2.4246125392341775
strong_gamma_rescue,196,0.85,0.2775000000000001,8.748036296385331,2.42758007224693
strong_gamma_rescue,197,0.85,0.2775000000000001,8.758680032926247,2.430533709137034
strong_gamma_rescue,198,0.85,0.2775000000000001,8.769274171236026,2.4334735825179976
strong_gamma_rescue,199,0.85,0.2775000000000001,8.779819182332318,2.436399823097219
strong_gamma_rescue,200,0.85,0.2775000000000001,8.790315530495548,2.439312559712515
strong_gamma_rescue,201,0.85,0.2775000000000001,8.800763673397384,2.4422119193677747
strong_gamma_rescue,202,0.85,0.2775000000000001,8.811164062226187,2.4450980272677674
strong_gamma_rescue,203,0.85,0.2775000000000001,8.821517141809457,2.447971006852125
strong_gamma_rescue,204,0.85,0.2775000000000001,8.8318233507334,2.450830979828519
strong_gamma_rescue,205,0.85,0.2775000000000001,8.842083121459705,2.453678066205069
strong_gamma_rescue,206,0.85,0.2775000000000001,8.85229688043958,2.456512384321984
strong_gamma_rescue,207,0.85,0.2775000000000001,8.862465048225138,2.4593340508824766
strong_gamma_rescue,208,0.85,0.2775000000000001,8.87258803957822,2.462143180982957
strong_gamma_rescue,209,0.85,0.2775000000000001,8.882666263576699,2.4649398881425344
strong_gamma_rescue,210,0.85,0.2775000000000001,8.892700123718356,2.4677242843318443
strong_gamma_rescue,211,0.85,0.2775000000000001,8.902690018022383,2.470496480001212
strong_gamma_rescue,212,0.85,0.2775000000000001,8.91263633912858,2.473256584108182
strong_gamma_rescue,213,0.85,0.2775000000000001,8.922539474394322,2.476004704144425
strong_gamma_rescue,214,0.85,0.2775000000000001,8.932399805989332,2.4787409461620404
strong_gamma_rescue,215,0.85,0.2775000000000001,8.942217710988334,2.4814654147992634
strong_gamma_rescue,216,0.85,0.2775000000000001,8.951993561461641,2.484178213305606
strong_gamma_rescue,217,0.85,0.2775000000000001,8.961727724563746,2.48687944356644
strong_gamma_rescue,218,0.85,0.2775000000000001,8.971420562619928,2.4895692061270305
strong_gamma_rescue,219,0.85,0.2775000000000001,8.98107243321098,2.4922476002160474
strong_gamma_rescue,220,0.85,0.2775000000000001,8.990683689256064,2.4949147237685585
strong_gamma_rescue,221,0.85,0.2775000000000001,9.000254679093779,2.497570673448524
strong_gamma_rescue,222,0.85,0.2775000000000001,9.009785746561437,2.5002155446707994
strong_gamma_rescue,223,0.85,0.2775000000000001,9.019277231072666,2.5028494316226655
strong_gamma_rescue,224,0.85,0.2775000000000001,9.028729467693308,2.505472427284894
strong_gamma_rescue,225,0.85,0.2775000000000001,9.03814278721572,2.5080846234523633
strong_gamma_rescue,226,0.85,0.2775000000000001,9.047517516231466,2.5106861107542326
strong_gamma_rescue,227,0.85,0.2775000000000001,9.056853977202481,2.513276978673689
strong_gamma_rescue,228,0.85,0.2775000000000001,9.066152488530722,2.5158573155672763
strong_gamma_rescue,229,0.85,0.2775000000000001,9.075413364626362,2.5184272086838164
strong_gamma_rescue,230,0.85,0.2775000000000001,9.084636915974535,2.520986744182934
strong_gamma_rescue,231,0.85,0.2775000000000001,9.093823449200716,2.5235360071531994
strong_gamma_rescue,232,0.85,0.2775000000000001,9.102973267134713,2.5260750816298834
strong_gamma_rescue,233,0.85,0.2775000000000001,9.112086668873353,2.528604050612356
strong_gamma_rescue,234,0.85,0.2775000000000001,9.121163949841868,2.5311229960811192
strong_gamma_rescue,235,0.85,0.2775000000000001,9.13020540185402,2.5336319990144913
strong_gamma_rescue,236,0.85,0.2775000000000001,9.139211313171005,2.536131139404955
strong_gamma_rescue,237,0.85,0.2775000000000001,9.148181968559147,2.538620496275164
strong_gamma_rescue,238,0.85,0.2775000000000001,9.157117649346421,2.5411001476936326
strong_gamma_rescue,239,0.85,0.2775000000000001,9.166018633477856,2.543570170790106
strong_gamma_rescue,240,0.85,0.2775000000000001,9.17488519556979,2.546030641770617
strong_gamma_rescue,241,0.85,0.2775000000000001,9.18371760696306,2.54848163593225
strong_gamma_rescue,242,0.85,0.2775000000000001,9.192516135775145,2.5509232276776035
strong_gamma_rescue,243,0.85,0.2775000000000001,9.201281046951225,2.5533554905289657
strong_gamma_rescue,244,0.85,0.2775000000000001,9.21001260231428,2.5557784971422133
strong_gamma_rescue,245,0.85,0.2775000000000001,9.218711060614172,2.5581923193204337
strong_gamma_rescue,246,0.85,0.2775000000000001,9.227376677575778,2.560597028027279
strong_gamma_rescue,247,0.85,0.2775000000000001,9.236009705946168,2.5629926934000626
strong_gamma_rescue,248,0.85,0.2775000000000001,9.244610395540874,2.5653793847625934
strong_gamma_rescue,249,0.85,0.2775000000000001,9.253178993289264,2.5677571706377718
strong_gamma_rescue,250,0.85,0.2775000000000001,9.261715743279026,2.5701261187599305
strong_gamma_rescue,251,0.85,0.2775000000000001,9.270220886799814,2.5724862960869492
strong_gamma_rescue,252,0.85,0.2775000000000001,9.278694662386034,2.574837768812125
strong_gamma_rescue,253,0.85,0.2775000000000001,9.287137305858831,2.5771806023758264
strong_gamma_rescue,254,0.85,0.2775000000000001,9.295549050367278,2.57951486147692
strong_gamma_rescue,255,0.85,0.2775000000000001,9.30393012642877,2.581840610083985
strong_gamma_rescue,256,0.85,0.2775000000000001,9.312280761968662,2.5841579114463045
strong_gamma_rescue,257,0.85,0.2775000000000001,9.320601182359162,2.586466828104668
strong_gamma_rescue,258,0.85,0.2775000000000001,9.328891610457509,2.5887674219019594
strong_gamma_rescue,259,0.85,0.2775000000000001,9.337152266643402,2.591059753993545
strong_gamma_rescue,260,0.85,0.2775000000000001,9.345383368855776,2.593343884857479
strong_gamma_rescue,261,0.85,0.2775000000000001,9.353585132628867,2.595619874304511
strong_gamma_rescue,262,0.85,0.2775000000000001,9.361757771127612,2.597887781487913
strong_gamma_rescue,263,0.85,0.2775000000000001,9.369901495182427,2.6001476649131243
strong_gamma_rescue,264,0.85,0.2775000000000001,9.37801651332331,2.602399582447219
strong_gamma_rescue,265,0.85,0.2775000000000001,9.386103031813342,2.604643591328203
strong_gamma_rescue,266,0.85,0.2775000000000001,9.394161254681583,2.60687974817414
strong_gamma_rescue,267,0.85,0.2775000000000001,9.402191383755355,2.6091081089921118
strong_gamma_rescue,268,0.85,0.2775000000000001,9.410193618691952,2.6113287291870177
strong_gamma_rescue,269,0.85,0.2775000000000001,9.418168157009791,2.613541663570218
strong_gamma_rescue,270,0.85,0.2775000000000001,9.426115194118973,2.6157469663680155
strong_gamma_rescue,271,0.85,0.2775000000000001,9.434034923351332,2.6179446912299955
strong_gamma_rescue,272,0.85,0.2775000000000001,9.441927535989935,2.6201348912372078
strong_gamma_rescue,273,0.85,0.2775000000000001,9.449793221298048,2.622317618910209
strong_gamma_rescue,274,0.85,0.2775000000000001,9.457632166547612,2.624492926216963
strong_gamma_rescue,275,0.85,0.2775000000000001,9.465444557047203,2.6266608645805993
strong_gamma_rescue,276,0.85,0.2775000000000001,9.473230576169504,2.6288214848870384
strong_gamma_rescue,277,0.85,0.2775000000000001,9.480990405378304,2.63097483749248
strong_gamma_rescue,278,0.85,0.2775000000000001,9.488724224255009,2.6331209722307656
strong_gamma_rescue,279,0.85,0.2775000000000001,9.496432210524718,2.63525993842061
strong_gamma_rescue,280,0.85,0.2775000000000001,9.504114540081828,2.6373917848727078
strong_gamma_rescue,281,0.85,0.2775000000000001,9.511771387015205,2.63951655989672
strong_gamma_rescue,282,0.85,0.2775000000000001,9.519402923632928,2.641634311308138
strong_gamma_rescue,283,0.85,0.2775000000000001,9.527009320486588,2.643745086435029
strong_gamma_rescue,284,0.85,0.2775000000000001,9.534590746395208,2.645848932124671
strong_gamma_rescue,285,0.85,0.2775000000000001,9.542147368468724,2.647945894750072
strong_gamma_rescue,286,0.85,0.2775000000000001,9.549679352131083,2.650036020216376
strong_gamma_rescue,287,0.85,0.2775000000000001,9.557186861142947,2.6521193539671684
strong_gamma_rescue,288,0.85,0.2775000000000001,9.564670057624028,2.6541959409906686
strong_gamma_rescue,289,0.85,0.2775000000000001,9.572129102075015,2.6562658258258174
strong_gamma_rescue,290,0.85,0.2775000000000001,9.579564153399186,2.658329052568275
strong_gamma_rescue,291,0.85,0.2775000000000001,9.586975368923602,2.6603856648763
strong_gamma_rescue,292,0.85,0.2775000000000001,9.59436290442,2.662435705976551
strong_gamma_rescue,293,0.85,0.2775000000000001,9.601726914125306,2.6644792186697734
strong_gamma_rescue,294,0.85,0.2775000000000001,9.609067550761827,2.6665162453364077
strong_gamma_rescue,295,0.85,0.2775000000000001,9.616384965557101,2.6685468279420963
strong_gamma_rescue,296,0.85,0.2775000000000001,9.62367930826344,2.6705710080431055
strong_gamma_rescue,297,0.85,0.2775000000000001,9.63095072717713,2.672588826791654
strong_gamma_rescue,298,0.85,0.2775000000000001,9.638199369157325,2.6746003249411587
strong_gamma_rescue,299,0.85,0.2775000000000001,9.645425379644662,2.6766055428513944
strong_gamma_rescue,300,0.85,0.2775000000000001,9.652628902679524,2.6786045204935687
strong_gamma_rescue,301,0.85,0.2775000000000001,9.659810080920057,2.6805972974553165
strong_gamma_rescue,302,0.85,0.2775000000000001,9.666969055659871,2.6825839129456153
strong_gamma_rescue,303,0.85,0.2775000000000001,9.674105966845469,2.6845644057996183
strong_gamma_rescue,304,0.85,0.2775000000000001,9.681220953093385,2.686538814483415
strong_gamma_rescue,305,0.85,0.2775000000000001,9.688314151707065,2.6885071770987112
strong_gamma_rescue,306,0.85,0.2775000000000001,9.695385698693467,2.690469531387438
strong_gamma_rescue,307,0.85,0.2775000000000001,9.70243572877942,2.69242591473629
strong_gamma_rescue,308,0.85,0.2775000000000001,9.709464375427686,2.6943763641811835
strong_gamma_rescue,309,0.85,0.2775000000000001,9.716471770852818,2.6963209164116577
strong_gamma_rescue,310,0.85,0.2775000000000001,9.723458046036733,2.698259607775194
strong_gamma_rescue,311,0.85,0.2775000000000001,9.73042333074405,2.700192474281475
strong_gamma_rescue,312,0.85,0.2775000000000001,9.73736775353721,2.7021195516065766
strong_gamma_rescue,313,0.85,0.2775000000000001,9.744291441791336,2.7040408750970966
strong_gamma_rescue,314,0.85,0.2775000000000001,9.751194521708868,2.7059564797742115
strong_gamma_rescue,315,0.85,0.2775000000000001,9.758077118333993,2.707866400337684
strong_gamma_rescue,316,0.85,0.2775000000000001,9.764939355566826,2.709770671169795
strong_gamma_rescue,317,0.85,0.2775000000000001,9.771781356177385,2.711669326339225
strong_gamma_rescue,318,0.85,0.2775000000000001,9.778603241819361,2.7135623996048737
strong_gamma_rescue,319,0.85,0.2775000000000001,9.78540513304367,2.715449924419619
strong_gamma_rescue,320,0.85,0.2775000000000001,9.792187149311792,2.7173319339340227
strong_gamma_rescue,321,0.85,0.2775000000000001,9.798949409008927,2.719208460999978
strong_gamma_rescue,322,0.85,0.2775000000000001,9.805692029456935,2.7210795381743003
strong_gamma_rescue,323,0.85,0.2775000000000001,9.812415126927096,2.72294519772227
strong_gamma_rescue,324,0.85,0.2775000000000001,9.819118816652656,2.7248054716211128
strong_gamma_rescue,325,0.85,0.2775000000000001,9.825803212841224,2.7266603915634406
strong_gamma_rescue,326,0.85,0.2775000000000001,9.832468428686944,2.728509988960628
strong_gamma_rescue,327,0.85,0.2775000000000001,9.839114576382505,2.730354294946146
strong_gamma_rescue,328,0.85,0.2775000000000001,9.845741767130981,2.732193340378848
strong_gamma_rescue,329,0.85,0.2775000000000001,9.852350111157477,2.7340271558462006
strong_gamma_rescue,330,0.85,0.2775000000000001,9.858939717720613,2.7358557716674707
strong_gamma_rescue,331,0.85,0.2775000000000001,9.865510695123858,2.737679217896871
strong_gamma_rescue,332,0.85,0.2775000000000001,9.87206315072665,2.739497524326646
strong_gamma_rescue,333,0.85,0.2775000000000001,9.87859719095541,2.741310720490127
strong_gamma_rescue,334,0.85,0.2775000000000001,9.885112921314356,2.7431188356647347
strong_gamma_rescue,335,0.85,0.2775000000000001,9.891610446396179,2.7449218988749404
strong_gamma_rescue,336,0.85,0.2775000000000001,9.898089869892551,2.746719938895184
strong_gamma_rescue,337,0.85,0.2775000000000001,9.904551294604506,2.748512984252751
strong_gamma_rescue,338,0.85,0.2775000000000001,9.910994822452638,2.7503010632306077
strong_gamma_rescue,339,0.85,0.2775000000000001,9.917420554487181,2.7520842038701936
strong_gamma_rescue,340,0.85,0.2775000000000001,9.923828590897932,2.753862433974177
strong_gamma_rescue,341,0.85,0.2775000000000001,9.93021903102403,2.755635781109169
strong_gamma_rescue,342,0.85,0.2775000000000001,9.936591973363608,2.7574042726084023
strong_gamma_rescue,343,0.85,0.2775000000000001,9.9429475155833,2.7591679355743666
strong_gamma_rescue,344,0.85,0.2775000000000001,9.94928575452761,2.7609267968814124
strong_gamma_rescue,345,0.85,0.2775000000000001,9.955606786228154,2.7626808831783136
strong_gamma_rescue,346,0.85,0.2775000000000001,9.961910705912778,2.7644302208907967
strong_gamma_rescue,347,0.85,0.2775000000000001,9.968197608014538,2.7661748362240353
strong_gamma_rescue,348,0.85,0.2775000000000001,9.974467586180557,2.7679147551651053
strong_gamma_rescue,349,0.85,0.2775000000000001,9.980720733280764,2.769650003485413
strong_gamma_rescue,350,0.85,0.2775000000000001,9.986957141416502,2.77138060674308
strong_gamma_rescue,351,0.85,0.2775000000000001,9.993176901929031,2.7731065902853067
strong_gamma_rescue,352,0.85,0.2775000000000001,9.999380105407896,2.774827979250692
strong_gamma_rescue,353,0.85,0.2775000000000001,10.005566841699203,2.7765447985715297
strong_gamma_rescue,354,0.85,0.2775000000000001,10.011737199913743,2.7782570729760643
strong_gamma_rescue,355,0.85,0.2775000000000001,10.017891268435056,2.779964826990729
strong_gamma_rescue,356,0.85,0.2775000000000001,10.024029134927336,2.7816680849423365
strong_gamma_rescue,357,0.85,0.2775000000000001,10.030150886343268,2.7833668709602577
strong_gamma_rescue,358,0.85,0.2775000000000001,10.036256608931721,2.7850612089785534
strong_gamma_rescue,359,0.85,0.2775000000000001,10.042346388245376,2.7867511227380923
strong_gamma_rescue,360,0.85,0.2775000000000001,10.048420309148216,2.788436635788631
strong_gamma_rescue,361,0.85,0.2775000000000001,10.05447845582294,2.7901177714908667
strong_gamma_rescue,362,0.85,0.2775000000000001,10.06052091177826,2.7917945530184682
strong_gamma_rescue,363,0.85,0.2775000000000001,10.066547759856112,2.793467003360072
strong_gamma_rescue,364,0.85,0.2775000000000001,10.072559082238765,2.7951351453212583
strong_gamma_rescue,365,0.85,0.2775000000000001,10.078554960455843,2.796799001526497
strong_gamma_rescue,366,0.85,0.2775000000000001,10.084535475391238,2.7984585944210694
strong_gamma_rescue,367,0.85,0.2775000000000001,10.09050070728994,2.800113946272959
strong_gamma_rescue,368,0.85,0.2775000000000001,10.09645073576479,2.80176507917473
strong_gamma_rescue,369,0.85,0.2775000000000001,10.102385639803115,2.803412015045365
strong_gamma_rescue,370,0.85,0.2775000000000001,10.108305497773301,2.805054775632092
strong_gamma_rescue,371,0.85,0.2775000000000001,10.114210387431278,2.8066933825121807
strong_gamma_rescue,372,0.85,0.2775000000000001,10.120100385926893,2.8083278570947137
strong_gamma_rescue,373,0.85,0.2775000000000001,10.125975569810238,2.809958220622342
strong_gamma_rescue,374,0.85,0.2775000000000001,10.131836015037868,2.811584494173009
strong_gamma_rescue,375,0.85,0.2775000000000001,10.137681796978951,2.8132066986616597
strong_gamma_rescue,376,0.85,0.2775000000000001,10.143512990421334,2.814824854841921
strong_gamma_rescue,377,0.85,0.2775000000000001,10.149329669577531,2.8164389833077657
strong_gamma_rescue,378,0.85,0.2775000000000001,10.155131908090635,2.818049104495152
strong_gamma_rescue,379,0.85,0.2775000000000001,10.160919779040158,2.819655238683645
strong_gamma_rescue,380,0.85,0.2775000000000001,10.166693354947784,2.821257405998011
strong_gamma_rescue,381,0.85,0.2775000000000001,10.172452707783059,2.8228556264097997
strong_gamma_rescue,382,0.85,0.2775000000000001,10.178197908969011,2.8244499197389015
strong_gamma_rescue,383,0.85,0.2775000000000001,10.18392902938769,2.8260403056550847
strong_gamma_rescue,384,0.85,0.2775000000000001,10.189646139385632,2.8276268036795136
strong_gamma_rescue,385,0.85,0.2775000000000001,10.195349308779283,2.829209433186252
strong_gamma_rescue,386,0.85,0.2775000000000001,10.201038606860315,2.8307882134037383
strong_gamma_rescue,387,0.85,0.2775000000000001,10.206714102400902,2.832363163416251
strong_gamma_rescue,388,0.85,0.2775000000000001,10.212375863658929,2.833934302165354
strong_gamma_rescue,389,0.85,0.2775000000000001,10.21802395838312,2.8355016484513165
strong_gamma_rescue,390,0.85,0.2775000000000001,10.223658453818107,2.8370652209345257
strong_gamma_rescue,391,0.85,0.2775000000000001,10.229279416709462,2.8386250381368763
strong_gamma_rescue,392,0.85,0.2775000000000001,10.234886913308616,2.840181118443142
strong_gamma_rescue,393,0.85,0.2775000000000001,10.240481009377767,2.8417334801023313
strong_gamma_rescue,394,0.85,0.2775000000000001,10.246061770194695,2.843282141229029
strong_gamma_rescue,395,0.85,0.2775000000000001,10.251629260557532,2.844827119804716
strong_gamma_rescue,396,0.85,0.2775000000000001,10.257183544789472,2.8463684336790793
strong_gamma_rescue,397,0.85,0.2775000000000001,10.262724686743411,2.8479061005712976
strong_gamma_rescue,398,0.85,0.2775000000000001,10.268252749806555,2.8494401380713197
strong_gamma_rescue,399,0.85,0.2775000000000001,10.273767796904947,2.8509705636411233
strong_gamma_rescue,400,0.85,0.2775000000000001,10.279269890507944,2.852497394615955
