ell,t,abs_shift_multiplier,arg_shift_multiplier,min_abs_over_grid
0.6931471805599453,-40.0,1.414213562373095,2.5931459936794665,1.4142135623730947
0.6931471805599453,-39.9,1.414213562373095,2.523831275623471,1.4142135623730947
0.6931471805599453,-39.8,1.414213562373095,2.4545165575674757,1.4142135623730947
0.6931471805599453,-39.7,1.414213562373095,2.385201839511484,1.4142135623730947
0.6931471805599453,-39.6,1.414213562373095,2.3158871214554884,1.4142135623730947
0.6931471805599453,-39.5,1.414213562373095,2.246572403399493,1.4142135623730947
0.6931471805599453,-39.4,1.414213562373095,2.1772576853434975,1.4142135623730947
0.6931471805599453,-39.3,1.414213562373095,2.107942967287502,1.4142135623730947
0.6931471805599453,-39.2,1.414213562373095,2.03862824923151,1.4142135623730947
0.6931471805599453,-39.1,1.4142135623730947,1.9693135311755148,1.4142135623730947
0.6931471805599453,-39.0,1.4142135623730951,1.8999988131195193,1.4142135623730947
0.6931471805599453,-38.9,1.414213562373095,1.830684095063524,1.4142135623730947
0.6931471805599453,-38.8,1.414213562373095,1.7613693770075285,1.4142135623730947
0.6931471805599453,-38.7,1.4142135623730947,1.6920546589515402,1.4142135623730947
0.6931471805599453,-38.6,1.4142135623730951,1.6227399408955447,1.4142135623730947
0.6931471805599453,-38.5,1.4142135623730947,1.5534252228395493,1.4142135623730947
0.6931471805599453,-38.4,1.4142135623730951,1.4841105047835539,1.4142135623730947
0.6931471805599453,-38.3,1.414213562373095,1.414795786727555,1.4142135623730947
0.6931471805599453,-38.2,1.414213562373095,1.3454810686715666,1.4142135623730947
0.6931471805599453,-38.1,1.4142135623730951,1.2761663506155712,1.4142135623730947
0.6931471805599453,-38.0,1.414213562373095,1.2068516325595757,1.4142135623730947
0.6931471805599453,-37.9,1.4142135623730947,1.1375369145035803,1.4142135623730947
0.6931471805599453,-37.8,1.4142135623730947,1.0682221964475849,1.4142135623730947
0.6931471805599453,-37.7,1.414213562373095,0.9989074783915929,1.4142135623730947
0.6931471805599453,-37.6,1.4142135623730951,0.9295927603355975,1.4142135623730947
0.6931471805599453,-37.5,1.414213562373095,0.8602780422796021,1.4142135623730947
0.6931471805599453,-37.4,1.414213562373095,0.7909633242236067,1.4142135623730947
0.6931471805599453,-37.3,1.414213562373095,0.7216486061676113,1.4142135623730947
0.6931471805599453,-37.2,1.414213562373095,0.6523338881116194,1.4142135623730947
0.6931471805599453,-37.1,1.414213562373095,0.5830191700556239,1.4142135623730947
0.6931471805599453,-37.0,1.414213562373095,0.5137044519996284,1.4142135623730947
0.6931471805599453,-36.9,1.4142135623730947,0.44438973394363307,1.4142135623730947
0.6931471805599453,-36.8,1.414213562373095,0.3750750158876376,1.4142135623730947
0.6931471805599453,-36.7,1.414213562373095,0.30576029783164926,1.4142135623730947
0.6931471805599453,-36.6,1.4142135623730947,0.23644557977565384,1.4142135623730947
0.6931471805599453,-36.5,1.414213562373095,0.16713086171965844,1.4142135623730947
0.6931471805599453,-36.4,1.414213562373095,0.09781614366366301,1.4142135623730947
0.6931471805599453,-36.3,1.4142135623730947,0.028501425607667573,1.4142135623730947
0.6931471805599453,-36.2,1.4142135623730947,-0.0408132924483243,1.4142135623730947
0.6931471805599453,-36.1,1.414213562373095,-0.11012801050431972,1.4142135623730947
0.6931471805599453,-36.0,1.414213562373095,-0.17944272856031515,1.4142135623730947
0.6931471805599453,-35.9,1.4142135623730951,-0.2487574466163106,1.4142135623730947
0.6931471805599453,-35.8,1.4142135623730951,-0.318072164672306,1.4142135623730947
0.6931471805599453,-35.7,1.4142135623730947,-0.3873868827282979,1.4142135623730947
0.6931471805599453,-35.6,1.414213562373095,-0.45670160078429334,1.4142135623730947
0.6931471805599453,-35.5,1.414213562373095,-0.5260163188402888,1.4142135623730947
0.6931471805599453,-35.4,1.414213562373095,-0.5953310368962843,1.4142135623730947
0.6931471805599453,-35.3,1.4142135623730947,-0.6646457549522796,1.4142135623730947
0.6931471805599453,-35.2,1.4142135623730947,-0.7339604730082715,1.4142135623730947
0.6931471805599453,-35.1,1.414213562373095,-0.8032751910642669,1.4142135623730947
0.6931471805599453,-35.0,1.4142135623730951,-0.8725899091202624,1.4142135623730947
0.6931471805599453,-34.9,1.414213562373095,-0.9419046271762578,1.4142135623730947
0.6931471805599453,-34.8,1.414213562373095,-1.0112193452322533,1.4142135623730947
0.6931471805599453,-34.7,1.414213562373095,-1.0805340632882416,1.4142135623730947
0.6931471805599453,-34.6,1.4142135623730947,-1.1498487813442368,1.4142135623730947
0.6931471805599453,-34.5,1.414213562373095,-1.2191634994002323,1.4142135623730947
0.6931471805599453,-34.4,1.4142135623730947,-1.2884782174562277,1.4142135623730947
0.6931471805599453,-34.3,1.4142135623730947,-1.3577929355122231,1.4142135623730947
0.6931471805599453,-34.2,1.414213562373095,-1.427107653568215,1.4142135623730947
0.6931471805599453,-34.1,1.4142135623730951,-1.4964223716242104,1.4142135623730947
0.6931471805599453,-34.0,1.414213562373095,-1.5657370896802059,1.4142135623730947
0.6931471805599453,-33.9,1.414213562373095,-1.6350518077362013,1.4142135623730947
0.6931471805599453,-33.8,1.414213562373095,-1.7043665257921967,1.4142135623730947
0.6931471805599453,-33.7,1.414213562373095,-1.7736812438481886,1.4142135623730947
0.6931471805599453,-33.6,1.414213562373095,-1.842995961904184,1.4142135623730947
0.6931471805599453,-33.5,1.414213562373095,-1.9123106799601794,1.4142135623730947
0.6931471805599453,-33.4,1.414213562373095,-1.9816253980161749,1.4142135623730947
0.6931471805599453,-33.3,1.414213562373095,-2.0509401160721703,1.4142135623730947
0.6931471805599453,-33.2,1.414213562373095,-2.1202548341281586,1.4142135623730947
0.6931471805599453,-33.1,1.414213562373095,-2.1895695521841576,1.4142135623730947
0.6931471805599453,-33.0,1.414213562373095,-2.258884270240153,1.4142135623730947
0.6931471805599453,-32.9,1.414213562373095,-2.3281989882961485,1.4142135623730947
0.6931471805599453,-32.8,1.414213562373095,-2.397513706352144,1.4142135623730947
0.6931471805599453,-32.7,1.414213562373095,-2.466828424408132,1.4142135623730947
0.6931471805599453,-32.6,1.4142135623730947,-2.5361431424641276,1.4142135623730947
0.6931471805599453,-32.5,1.414213562373095,-2.605457860520123,1.4142135623730947
0.6931471805599453,-32.4,1.414213562373095,-2.6747725785761185,1.4142135623730947
0.6931471805599453,-32.3,1.414213562373095,-2.744087296632114,1.4142135623730947
0.6931471805599453,-32.2,1.414213562373095,-2.813402014688106,1.4142135623730947
0.6931471805599453,-32.1,1.4142135623730947,-2.8827167327441012,1.4142135623730947
0.6931471805599453,-32.0,1.414213562373095,-2.9520314508000967,1.4142135623730947
0.6931471805599453,-31.9,1.4142135623730951,-3.021346168856092,1.4142135623730947
0.6931471805599453,-31.799999999999997,1.414213562373095,-3.0906608869120875,1.4142135623730947
0.6931471805599453,-31.7,1.4142135623730947,3.123209702211507,1.4142135623730947
0.6931471805599453,-31.6,1.4142135623730947,3.0538949841555114,1.4142135623730947
0.6931471805599453,-31.5,1.4142135623730951,2.984580266099516,1.4142135623730947
0.6931471805599453,-31.4,1.414213562373095,2.9152655480435206,1.4142135623730947
0.6931471805599453,-31.299999999999997,1.414213562373095,2.845950829987525,1.4142135623730947
0.6931471805599453,-31.2,1.4142135623730951,2.7766361119315333,1.4142135623730947
0.6931471805599453,-31.1,1.414213562373095,2.7073213938755414,1.4142135623730947
0.6931471805599453,-31.0,1.414213562373095,2.638006675819546,1.4142135623730947
0.6931471805599453,-30.9,1.4142135623730947,2.5686919577635505,1.4142135623730947
0.6931471805599453,-30.799999999999997,1.414213562373095,2.4993772397075515,1.4142135623730947
0.6931471805599453,-30.7,1.4142135623730951,2.4300625216515597,1.4142135623730947
0.6931471805599453,-30.6,1.414213562373095,2.360747803595568,1.4142135623730947
0.6931471805599453,-30.5,1.414213562373095,2.2914330855395724,1.4142135623730947
0.6931471805599453,-30.4,1.414213562373095,2.222118367483577,1.4142135623730947
0.6931471805599453,-30.299999999999997,1.414213562373095,2.1528036494275815,1.4142135623730947
0.6931471805599453,-30.2,1.4142135623730951,2.083488931371586,1.4142135623730947
0.6931471805599453,-30.1,1.4142135623730951,2.014174213315594,1.4142135623730947
0.6931471805599453,-30.0,1.414213562373095,1.944859495259599,1.4142135623730947
0.6931471805599453,-29.9,1.4142135623730951,1.8755447772036036,1.4142135623730947
0.6931471805599453,-29.799999999999997,1.414213562373095,1.8062300591476081,1.4142135623730947
0.6931471805599453,-29.7,1.414213562373095,1.7369153410916163,1.4142135623730947
0.6931471805599453,-29.6,1.4142135623730947,1.6676006230356208,1.4142135623730947
0.6931471805599453,-29.5,1.414213562373095,1.5982859049796254,1.4142135623730947
0.6931471805599453,-29.4,1.414213562373095,1.52897118692363,1.4142135623730947
0.6931471805599453,-29.299999999999997,1.414213562373095,1.4596564688676346,1.4142135623730947
0.6931471805599453,-29.2,1.414213562373095,1.3903417508116427,1.4142135623730947
0.6931471805599453,-29.1,1.4142135623730947,1.3210270327556506,1.4142135623730947
0.6931471805599453,-29.0,1.414213562373095,1.2517123146996554,1.4142135623730947
0.6931471805599453,-28.9,1.414213562373095,1.18239759664366,1.4142135623730947
0.6931471805599453,-28.799999999999997,1.4142135623730951,1.1130828785876645,1.4142135623730947
0.6931471805599453,-28.7,1.4142135623730951,1.043768160531669,1.4142135623730947
0.6931471805599453,-28.6,1.414213562373095,0.9744534424756772,1.4142135623730947
0.6931471805599453,-28.5,1.414213562373095,0.9051387244196817,1.4142135623730947
0.6931471805599453,-28.4,1.414213562373095,0.8358240063636863,1.4142135623730947
0.6931471805599453,-28.299999999999997,1.414213562373095,0.7665092883076908,1.4142135623730947
0.6931471805599453,-28.2,1.4142135623730947,0.6971945702516954,1.4142135623730947
0.6931471805599453,-28.1,1.414213562373095,0.6278798521957035,1.4142135623730947
0.6931471805599453,-28.0,1.414213562373095,0.5585651341397082,1.4142135623730947
0.6931471805599453,-27.9,1.414213562373095,0.4892504160837127,1.4142135623730947
0.6931471805599453,-27.799999999999997,1.414213562373095,0.41993569802771724,1.4142135623730947
0.6931471805599453,-27.7,1.4142135623730951,0.35062097997172537,1.4142135623730947
0.6931471805599453,-27.6,1.4142135623730947,0.28130626191572994,1.4142135623730947
0.6931471805599453,-27.5,1.414213562373095,0.21199154385973457,1.4142135623730947
0.6931471805599453,-27.4,1.414213562373095,0.1426768258037391,1.4142135623730947
0.6931471805599453,-27.299999999999997,1.4142135623730947,0.0733621077477437,1.4142135623730947
0.6931471805599453,-27.2,1.414213562373095,0.004047389691751822,1.4142135623730947
0.6931471805599453,-27.1,1.414213562373095,-0.06526732836424005,1.4142135623730947
0.6931471805599453,-27.0,1.4142135623730947,-0.1345820464202355,1.4142135623730947
0.6931471805599453,-26.9,1.4142135623730947,-0.20389676447623092,1.4142135623730947
0.6931471805599453,-26.799999999999997,1.414213562373095,-0.2732114825322264,1.4142135623730947
0.6931471805599453,-26.7,1.414213562373095,-0.34252620058822175,1.4142135623730947
0.6931471805599453,-26.6,1.414213562373095,-0.41184091864421357,1.4142135623730947
0.6931471805599453,-26.5,1.414213562373095,-0.48115563670020906,1.4142135623730947
0.6931471805599453,-26.4,1.414213562373095,-0.5504703547562045,1.4142135623730947
0.6931471805599453,-26.299999999999997,1.414213562373095,-0.6197850728122,1.4142135623730947
0.6931471805599453,-26.2,1.414213562373095,-0.6890997908681917,1.4142135623730947
0.6931471805599453,-26.1,1.414213562373095,-0.7584145089241873,1.4142135623730947
0.6931471805599453,-26.0,1.414213562373095,-0.8277292269801826,1.4142135623730947
0.6931471805599453,-25.9,1.414213562373095,-0.8970439450361781,1.4142135623730947
0.6931471805599453,-25.799999999999997,1.414213562373095,-0.9663586630921736,1.4142135623730947
0.6931471805599453,-25.7,1.414213562373095,-1.0356733811481653,1.4142135623730947
0.6931471805599453,-25.6,1.414213562373095,-1.1049880992041607,1.4142135623730947
0.6931471805599453,-25.5,1.414213562373095,-1.1743028172601564,1.4142135623730947
0.6931471805599453,-25.4,1.414213562373095,-1.2436175353161516,1.4142135623730947
0.6931471805599453,-25.299999999999997,1.414213562373095,-1.3129322533721473,1.4142135623730947
0.6931471805599453,-25.2,1.414213562373095,-1.382246971428139,1.4142135623730947
0.6931471805599453,-25.1,1.4142135623730951,-1.4515616894841308,1.4142135623730947
0.6931471805599453,-25.0,1.4142135623730947,-1.5208764075401262,1.4142135623730947
0.6931471805599453,-24.9,1.4142135623730951,-1.5901911255961216,1.4142135623730947
0.6931471805599453,-24.799999999999997,1.4142135623730951,-1.659505843652117,1.4142135623730947
0.6931471805599453,-24.7,1.414213562373095,-1.7288205617081125,1.4142135623730947
0.6931471805599453,-24.6,1.4142135623730951,-1.7981352797641044,1.4142135623730947
0.6931471805599453,-24.5,1.4142135623730951,-1.8674499978200998,1.4142135623730947
0.6931471805599453,-24.4,1.414213562373095,-1.9367647158760952,1.4142135623730947
0.6931471805599453,-24.299999999999997,1.414213562373095,-2.006079433932091,1.4142135623730947
0.6931471805599453,-24.2,1.4142135623730947,-2.0753941519880827,1.4142135623730947
0.6931471805599453,-24.1,1.4142135623730947,-2.144708870044078,1.4142135623730947
0.6931471805599453,-24.0,1.414213562373095,-2.2140235881000736,1.4142135623730947
0.6931471805599453,-23.9,1.414213562373095,-2.283338306156069,1.4142135623730947
0.6931471805599453,-23.8,1.414213562373095,-2.352653024212061,1.4142135623730947
0.6931471805599453,-23.7,1.414213562373095,-2.4219677422680563,1.4142135623730947
0.6931471805599453,-23.599999999999998,1.414213562373095,-2.4912824603240518,1.4142135623730947
0.6931471805599453,-23.5,1.414213562373095,-2.5605971783800436,1.4142135623730947
0.6931471805599453,-23.4,1.4142135623730947,-2.6299118964360426,1.4142135623730947
0.6931471805599453,-23.3,1.414213562373095,-2.6992266144920345,1.4142135623730947
0.6931471805599453,-23.2,1.4142135623730951,-2.76854133254803,1.4142135623730947
0.6931471805599453,-23.099999999999998,1.414213562373095,-2.8378560506040253,1.4142135623730947
0.6931471805599453,-23.0,1.4142135623730947,-2.9071707686600172,1.4142135623730947
0.6931471805599453,-22.9,1.414213562373095,-2.9764854867160127,1.4142135623730947
0.6931471805599453,-22.8,1.414213562373095,-3.0458002047720063,1.4142135623730947
0.6931471805599453,-22.7,1.414213562373095,-3.1151149228280017,1.4142135623730947
0.6931471805599453,-22.599999999999998,1.414213562373095,3.0987556662955895,1.4142135623730947
0.6931471805599453,-22.5,1.4142135623730947,3.029440948239596,1.4142135623730947
0.6931471805599453,-22.4,1.4142135623730947,2.9601262301836004,1.4142135623730947
0.6931471805599453,-22.3,1.4142135623730947,2.890811512127607,1.4142135623730947
0.6931471805599453,-22.2,1.414213562373095,2.8214967940716114,1.4142135623730947
0.6931471805599453,-22.099999999999998,1.4142135623730951,2.752182076015616,1.4142135623730947
0.6931471805599453,-22.0,1.414213562373095,2.682867357959624,1.4142135623730947
0.6931471805599453,-21.9,1.4142135623730947,2.6135526399036286,1.4142135623730947
0.6931471805599453,-21.8,1.4142135623730951,2.544237921847635,1.4142135623730947
0.6931471805599453,-21.7,1.4142135623730951,2.4749232037916395,1.4142135623730947
0.6931471805599453,-21.599999999999998,1.414213562373095,2.405608485735644,1.4142135623730947
0.6931471805599453,-21.5,1.414213562373095,2.3362937676796505,1.4142135623730947
0.6931471805599453,-21.4,1.4142135623730947,2.266979049623655,1.4142135623730947
0.6931471805599453,-21.3,1.414213562373095,2.1976643315676614,1.4142135623730947
0.6931471805599453,-21.2,1.4142135623730951,2.128349613511666,1.4142135623730947
0.6931471805599453,-21.099999999999998,1.414213562373095,2.0590348954556705,1.4142135623730947
0.6931471805599453,-21.0,1.4142135623730947,1.9897201773996787,1.4142135623730947
0.6931471805599453,-20.9,1.414213562373095,1.9204054593436832,1.4142135623730947
0.6931471805599453,-20.799999999999997,1.4142135623730951,1.8510907412876878,1.4142135623730947
0.6931471805599453,-20.7,1.4142135623730951,1.7817760232316942,1.4142135623730947
0.6931471805599453,-20.599999999999998,1.414213562373095,1.7124613051756987,1.4142135623730947
0.6931471805599453,-20.5,1.4142135623730951,1.643146587119705,1.4142135623730947
0.6931471805599453,-20.4,1.414213562373095,1.5738318690637096,1.4142135623730947
0.6931471805599453,-20.299999999999997,1.414213562373095,1.5045171510077142,1.4142135623730947
0.6931471805599453,-20.2,1.414213562373095,1.4352024329517206,1.4142135623730947
0.6931471805599453,-20.099999999999998,1.414213562373095,1.3658877148957251,1.4142135623730947
0.6931471805599453,-20.0,1.414213562373095,1.2965729968397333,1.4142135623730947
0.6931471805599453,-19.9,1.414213562373095,1.2272582787837378,1.4142135623730947
0.6931471805599453,-19.799999999999997,1.414213562373095,1.1579435607277424,1.4142135623730947
0.6931471805599453,-19.7,1.4142135623730947,1.0886288426717488,1.4142135623730947
0.6931471805599453,-19.599999999999998,1.4142135623730951,1.0193141246157533,1.4142135623730947
0.6931471805599453,-19.5,1.414213562373095,0.9499994065597597,1.4142135623730947
0.6931471805599453,-19.4,1.414213562373095,0.8806846885037642,1.4142135623730947
0.6931471805599453,-19.299999999999997,1.4142135623730947,0.8113699704477687,1.4142135623730947
0.6931471805599453,-19.2,1.414213562373095,0.7420552523917769,1.4142135623730947
0.6931471805599453,-19.099999999999998,1.414213562373095,0.6727405343357796,1.4142135623730947
0.6931471805599453,-19.0,1.414213562373095,0.6034258162797879,1.4142135623730947
0.6931471805599453,-18.9,1.4142135623730947,0.5341110982237923,1.4142135623730947
0.6931471805599453,-18.799999999999997,1.414213562373095,0.46479638016779695,1.4142135623730947
0.6931471805599453,-18.7,1.414213562373095,0.3954816621118033,1.4142135623730947
0.6931471805599453,-18.599999999999998,1.414213562373095,0.3261669440558079,1.4142135623730947
0.6931471805599453,-18.5,1.4142135623730947,0.2568522259998142,1.4142135623730947
0.6931471805599453,-18.4,1.414213562373095,0.18753750794381882,1.4142135623730947
0.6931471805599453,-18.299999999999997,1.414213562373095,0.11822278988782338,1.4142135623730947
0.6931471805599453,-18.2,1.414213562373095,0.04890807183183149,1.4142135623730947
0.6931471805599453,-18.099999999999998,1.414213562373095,-0.020406646224163928,1.4142135623730947
0.6931471805599453,-18.0,1.414213562373095,-0.08972136428015758,1.4142135623730947
0.6931471805599453,-17.9,1.414213562373095,-0.159036082336153,1.4142135623730947
0.6931471805599453,-17.799999999999997,1.414213562373095,-0.22835080039214845,1.4142135623730947
0.6931471805599453,-17.7,1.4142135623730947,-0.29766551844814215,1.4142135623730947
0.6931471805599453,-17.599999999999998,1.414213562373095,-0.3669802365041375,1.4142135623730947
0.6931471805599453,-17.5,1.414213562373095,-0.4362949545601312,1.4142135623730947
0.6931471805599453,-17.4,1.4142135623730947,-0.5056096726161265,1.4142135623730947
0.6931471805599453,-17.299999999999997,1.414213562373095,-0.574924390672122,1.4142135623730947
0.6931471805599453,-17.2,1.414213562373095,-0.6442391087281137,1.4142135623730947
0.6931471805599453,-17.099999999999998,1.414213562373095,-0.7135538267841094,1.4142135623730947
0.6931471805599453,-17.0,1.4142135623730951,-0.7828685448401029,1.4142135623730947
0.6931471805599453,-16.9,1.414213562373095,-0.8521832628960985,1.4142135623730947
0.6931471805599453,-16.799999999999997,1.414213562373095,-0.9214979809520939,1.4142135623730947
0.6931471805599453,-16.7,1.4142135623730947,-0.9908126990080874,1.4142135623730947
0.6931471805599453,-16.599999999999998,1.414213562373095,-1.0601274170640829,1.4142135623730947
0.6931471805599453,-16.5,1.4142135623730947,-1.1294421351200765,1.4142135623730947
0.6931471805599453,-16.4,1.4142135623730947,-1.198756853176072,1.4142135623730947
0.6931471805599453,-16.299999999999997,1.414213562373095,-1.2680715712320674,1.4142135623730947
0.6931471805599453,-16.2,1.4142135623730947,-1.3373862892880592,1.4142135623730947
0.6931471805599453,-16.099999999999998,1.414213562373095,-1.4067010073440547,1.4142135623730947
0.6931471805599453,-16.0,1.4142135623730951,-1.4760157254000483,1.4142135623730947
0.6931471805599453,-15.899999999999999,1.4142135623730951,-1.5453304434560438,1.4142135623730947
0.6931471805599453,-15.799999999999997,1.414213562373095,-1.6146451615120392,1.4142135623730947
0.6931471805599453,-15.7,1.414213562373095,-1.6839598795680328,1.4142135623730947
0.6931471805599453,-15.599999999999998,1.4142135623730947,-1.7532745976240283,1.4142135623730947
0.6931471805599453,-15.5,1.4142135623730947,-1.8225893156800201,1.4142135623730947
0.6931471805599453,-15.399999999999999,1.4142135623730951,-1.8919040337360173,1.4142135623730947
0.6931471805599453,-15.299999999999997,1.4142135623730951,-1.9612187517920128,1.4142135623730947
0.6931471805599453,-15.2,1.414213562373095,-2.0305334698480046,1.4142135623730947
0.6931471805599453,-15.099999999999998,1.414213562373095,-2.099848187904,1.4142135623730947
0.6931471805599453,-15.0,1.414213562373095,-2.1691629059599937,1.4142135623730947
0.6931471805599453,-14.899999999999999,1.4142135623730951,-2.238477624015989,1.4142135623730947
0.6931471805599453,-14.799999999999997,1.4142135623730947,-2.3077923420719846,1.4142135623730947
0.6931471805599453,-14.7,1.4142135623730947,-2.3771070601279782,1.4142135623730947
0.6931471805599453,-14.599999999999998,1.414213562373095,-2.4464217781839737,1.4142135623730947
0.6931471805599453,-14.5,1.414213562373095,-2.5157364962399655,1.4142135623730947
0.6931471805599453,-14.399999999999999,1.4142135623730951,-2.585051214295961,1.4142135623730947
0.6931471805599453,-14.299999999999997,1.4142135623730951,-2.654365932351958,1.4142135623730947
0.6931471805599453,-14.2,1.4142135623730947,-2.72368065040795,1.4142135623730947
0.6931471805599453,-14.099999999999998,1.414213562373095,-2.7929953684639455,1.4142135623730947
0.6931471805599453,-14.0,1.414213562373095,-2.862310086519939,1.4142135623730947
0.6931471805599453,-13.899999999999999,1.414213562373095,-2.9316248045759346,1.4142135623730947
0.6931471805599453,-13.799999999999997,1.414213562373095,-3.00093952263193,1.4142135623730947
0.6931471805599453,-13.7,1.4142135623730947,-3.0702542406879236,1.4142135623730947
0.6931471805599453,-13.599999999999998,1.414213562373095,-3.139568958743919,1.4142135623730947
0.6931471805599453,-13.5,1.414213562373095,3.0743016303796753,1.4142135623730947
0.6931471805599453,-13.399999999999999,1.414213562373095,3.0049869123236803,1.4142135623730947
0.6931471805599453,-13.299999999999997,1.414213562373095,2.9356721942676844,1.4142135623730947
0.6931471805599453,-13.2,1.414213562373095,2.866357476211691,1.4142135623730947
0.6931471805599453,-13.099999999999998,1.4142135623730947,2.797042758155696,1.4142135623730947
0.6931471805599453,-13.0,1.4142135623730951,2.7277280400997017,1.4142135623730947
0.6931471805599453,-12.899999999999999,1.4142135623730951,2.6584133220437063,1.4142135623730947
0.6931471805599453,-12.799999999999997,1.4142135623730951,2.5890986039877113,1.4142135623730947
0.6931471805599453,-12.7,1.414213562373095,2.5197838859317176,1.4142135623730947
0.6931471805599453,-12.599999999999998,1.4142135623730951,2.450469167875722,1.4142135623730947
0.6931471805599453,-12.5,1.414213562373095,2.3811544498197303,1.4142135623730947
0.6931471805599453,-12.399999999999999,1.4142135623730947,2.3118397317637345,1.4142135623730947
0.6931471805599453,-12.299999999999997,1.414213562373095,2.242525013707739,1.4142135623730947
0.6931471805599453,-12.2,1.414213562373095,2.1732102956517454,1.4142135623730947
0.6931471805599453,-12.099999999999998,1.414213562373095,2.1038955775957504,1.4142135623730947
0.6931471805599453,-12.0,1.414213562373095,2.0345808595397568,1.4142135623730947
0.6931471805599453,-11.899999999999999,1.414213562373095,1.965266141483761,1.4142135623730947
0.6931471805599453,-11.799999999999997,1.414213562373095,1.8959514234277657,1.4142135623730947
0.6931471805599453,-11.7,1.414213562373095,1.826636705371772,1.4142135623730947
0.6931471805599453,-11.599999999999998,1.414213562373095,1.7573219873157766,1.4142135623730947
0.6931471805599453,-11.5,1.4142135623730951,1.6880072692597847,1.4142135623730947
0.6931471805599453,-11.399999999999999,1.414213562373095,1.6186925512037884,1.4142135623730947
0.6931471805599453,-11.299999999999997,1.414213562373095,1.549377833147793,1.4142135623730947
0.6931471805599453,-11.2,1.4142135623730951,1.4800631150918002,1.4142135623730947
0.6931471805599453,-11.099999999999998,1.4142135623730947,1.4107483970358048,1.4142135623730947
0.6931471805599453,-11.0,1.414213562373095,1.341433678979812,1.4142135623730947
0.6931471805599453,-10.899999999999999,1.414213562373095,1.2721189609238166,1.4142135623730947
0.6931471805599453,-10.799999999999997,1.414213562373095,1.2028042428678203,1.4142135623730947
0.6931471805599453,-10.7,1.414213562373095,1.1334895248118275,1.4142135623730947
0.6931471805599453,-10.599999999999998,1.414213562373095,1.064174806755832,1.4142135623730947
0.6931471805599453,-10.5,1.4142135623730951,0.9948600886998393,1.4142135623730947
0.6931471805599453,-10.399999999999999,1.414213562373095,0.9255453706438439,1.4142135623730947
0.6931471805599453,-10.299999999999997,1.414213562373095,0.8562306525878475,1.4142135623730947
0.6931471805599453,-10.2,1.4142135623730951,0.7869159345318548,1.4142135623730947
0.6931471805599453,-10.099999999999998,1.4142135623730947,0.7176012164758594,1.4142135623730947
0.6931471805599453,-10.0,1.4142135623730947,0.6482864984198667,1.4142135623730947
0.6931471805599453,-9.899999999999999,1.414213562373095,0.5789717803638712,1.4142135623730947
0.6931471805599453,-9.799999999999997,1.414213562373095,0.5096570623078758,1.4142135623730947
0.6931471805599453,-9.7,1.414213562373095,0.4403423442518821,1.4142135623730947
0.6931471805599453,-9.599999999999998,1.414213562373095,0.37102762619588664,1.4142135623730947
0.6931471805599453,-9.5,1.414213562373095,0.30171290813989393,1.4142135623730947
0.6931471805599453,-9.399999999999999,1.414213562373095,0.2323981900838985,1.4142135623730947
0.6931471805599453,-9.299999999999997,1.4142135623730947,0.16308347202790308,1.4142135623730947
0.6931471805599453,-9.2,1.414213562373095,0.0937687539719094,1.4142135623730947
0.6931471805599453,-9.099999999999998,1.414213562373095,0.024454035915913976,1.4142135623730947
0.6931471805599453,-9.0,1.414213562373095,-0.04486068214007879,1.4142135623730947
0.6931471805599453,-8.899999999999999,1.4142135623730947,-0.11417540019607421,1.4142135623730947
0.6931471805599453,-8.799999999999997,1.414213562373095,-0.18349011825206965,1.4142135623730947
0.6931471805599453,-8.7,1.4142135623730951,-0.2528048363080633,1.4142135623730947
0.6931471805599453,-8.599999999999998,1.414213562373095,-0.32211955436405876,1.4142135623730947
0.6931471805599453,-8.5,1.4142135623730947,-0.3914342724200515,1.4142135623730947
0.6931471805599453,-8.399999999999999,1.414213562373095,-0.4607489904760469,1.4142135623730947
0.6931471805599453,-8.299999999999997,1.4142135623730947,-0.5300637085320424,1.4142135623730947
0.6931471805599453,-8.2,1.414213562373095,-0.599378426588036,1.4142135623730947
0.6931471805599453,-8.099999999999998,1.414213562373095,-0.6686931446440314,1.4142135623730947
0.6931471805599453,-8.0,1.414213562373095,-0.7380078627000242,1.4142135623730947
0.6931471805599453,-7.899999999999999,1.414213562373095,-0.8073225807560196,1.4142135623730947
0.6931471805599453,-7.799999999999997,1.4142135623730947,-0.876637298812015,1.4142135623730947
0.6931471805599453,-7.699999999999996,1.4142135623730951,-0.9459520168680104,1.4142135623730947
0.6931471805599453,-7.600000000000001,1.4142135623730947,-1.0152667349240014,1.4142135623730947
0.6931471805599453,-7.5,1.414213562373095,-1.0845814529799969,1.4142135623730947
0.6931471805599453,-7.399999999999999,1.414213562373095,-1.1538961710359923,1.4142135623730947
0.6931471805599453,-7.299999999999997,1.414213562373095,-1.2232108890919877,1.4142135623730947
0.6931471805599453,-7.199999999999996,1.4142135623730947,-1.2925256071479831,1.4142135623730947
0.6931471805599453,-7.100000000000001,1.414213562373095,-1.3618403252039741,1.4142135623730947
0.6931471805599453,-7.0,1.4142135623730951,-1.4311550432599696,1.4142135623730947
0.6931471805599453,-6.899999999999999,1.4142135623730947,-1.500469761315965,1.4142135623730947
0.6931471805599453,-6.799999999999997,1.4142135623730947,-1.5697844793719604,1.4142135623730947
0.6931471805599453,-6.699999999999996,1.414213562373095,-1.6390991974279558,1.4142135623730947
0.6931471805599453,-6.600000000000001,1.414213562373095,-1.7084139154839468,1.4142135623730947
0.6931471805599453,-6.5,1.4142135623730951,-1.7777286335399423,1.4142135623730947
0.6931471805599453,-6.399999999999999,1.414213562373095,-1.8470433515959377,1.4142135623730947
0.6931471805599453,-6.299999999999997,1.414213562373095,-1.9163580696519331,1.4142135623730947
0.6931471805599453,-6.199999999999996,1.414213562373095,-1.9856727877079285,1.4142135623730947
0.6931471805599453,-6.100000000000001,1.414213562373095,-2.0549875057639193,1.4142135623730947
0.6931471805599453,-6.0,1.4142135623730947,-2.1243022238199147,1.4142135623730947
0.6931471805599453,-5.899999999999999,1.414213562373095,-2.19361694187591,1.4142135623730947
0.6931471805599453,-5.799999999999997,1.414213562373095,-2.2629316599319056,1.4142135623730947
0.6931471805599453,-5.699999999999996,1.414213562373095,-2.332246377987901,1.4142135623730947
0.6931471805599453,-5.600000000000001,1.414213562373095,-2.401561096043892,1.4142135623730947
0.6931471805599453,-5.5,1.414213562373095,-2.4708758140998874,1.4142135623730947
0.6931471805599453,-5.399999999999999,1.4142135623730951,-2.540190532155883,1.4142135623730947
0.6931471805599453,-5.299999999999997,1.414213562373095,-2.6095052502118783,1.4142135623730947
0.6931471805599453,-5.199999999999996,1.414213562373095,-2.678819968267874,1.4142135623730947
0.6931471805599453,-5.100000000000001,1.4142135623730951,-2.7481346863238647,1.4142135623730947
0.6931471805599453,-5.0,1.4142135623730947,-2.8174494043798597,1.4142135623730947
0.6931471805599453,-4.899999999999999,1.4142135623730947,-2.8867641224358556,1.4142135623730947
0.6931471805599453,-4.799999999999997,1.4142135623730951,-2.9560788404918514,1.4142135623730947
0.6931471805599453,-4.699999999999996,1.4142135623730951,-3.025393558547847,1.4142135623730947
0.6931471805599453,-4.600000000000001,1.4142135623730947,-3.0947082766038374,1.4142135623730947
0.6931471805599453,-4.5,1.414213562373095,3.119162312519754,1.4142135623730947
0.6931471805599453,-4.399999999999999,1.414213562373095,3.0498475944637584,1.4142135623730947
0.6931471805599453,-4.299999999999997,1.414213562373095,2.9805328764077625,1.4142135623730947
0.6931471805599453,-4.199999999999996,1.4142135623730951,2.911218158351767,1.4142135623730947
0.6931471805599453,-4.100000000000001,1.414213562373095,2.8419034402957766,1.4142135623730947
0.6931471805599453,-4.0,1.414213562373095,2.772588722239781,1.4142135623730947
0.6931471805599453,-3.8999999999999986,1.414213562373095,2.7032740041837857,1.4142135623730947
0.6931471805599453,-3.799999999999997,1.4142135623730951,2.6339592861277903,1.4142135623730947
0.6931471805599453,-3.6999999999999957,1.4142135623730947,2.5646445680717944,1.4142135623730947
0.6931471805599453,-3.6000000000000014,1.414213562373095,2.495329850015804,1.4142135623730947
0.6931471805599453,-3.5,1.4142135623730951,2.4260151319598084,1.4142135623730947
0.6931471805599453,-3.3999999999999986,1.414213562373095,2.356700413903813,1.4142135623730947
0.6931471805599453,-3.299999999999997,1.4142135623730951,2.2873856958478176,1.4142135623730947
0.6931471805599453,-3.1999999999999957,1.414213562373095,2.218070977791822,1.4142135623730947
0.6931471805599453,-3.1000000000000014,1.414213562373095,2.148756259735831,1.4142135623730947
0.6931471805599453,-3.0,1.414213562373095,2.0794415416798357,1.4142135623730947
0.6931471805599453,-2.8999999999999986,1.414213562373095,2.0101268236238403,1.4142135623730947
0.6931471805599453,-2.799999999999997,1.414213562373095,1.940812105567845,1.4142135623730947
0.6931471805599453,-2.6999999999999957,1.414213562373095,1.8714973875118492,1.4142135623730947
0.6931471805599453,-2.6000000000000014,1.414213562373095,1.8021826694558587,1.4142135623730947
0.6931471805599453,-2.5,1.414213562373095,1.7328679513998633,1.4142135623730947
0.6931471805599453,-2.3999999999999986,1.414213562373095,1.6635532333438676,1.4142135623730947
0.6931471805599453,-2.299999999999997,1.414213562373095,1.5942385152878722,1.4142135623730947
0.6931471805599453,-2.1999999999999957,1.414213562373095,1.5249237972318768,1.4142135623730947
0.6931471805599453,-2.1000000000000014,1.414213562373095,1.455609079175886,1.4142135623730947
0.6931471805599453,-2.0,1.414213562373095,1.3862943611198906,1.4142135623730947
0.6931471805599453,-1.8999999999999986,1.414213562373095,1.3169796430638951,1.4142135623730947
0.6931471805599453,-1.7999999999999972,1.414213562373095,1.2476649250078995,1.4142135623730947
0.6931471805599453,-1.6999999999999957,1.414213562373095,1.178350206951904,1.4142135623730947
0.6931471805599453,-1.5999999999999943,1.4142135623730951,1.1090354888959084,1.4142135623730947
0.6931471805599453,-1.5,1.4142135623730947,1.0397207708399179,1.4142135623730947
0.6931471805599453,-1.3999999999999986,1.414213562373095,0.9704060527839224,1.4142135623730947
0.6931471805599453,-1.2999999999999972,1.414213562373095,0.9010913347279269,1.4142135623730947
0.6931471805599453,-1.1999999999999957,1.4142135623730951,0.8317766166719314,1.4142135623730947
0.6931471805599453,-1.0999999999999943,1.4142135623730951,0.7624618986159358,1.4142135623730947
0.6931471805599453,-1.0,1.414213562373095,0.6931471805599453,1.4142135623730947
0.6931471805599453,-0.8999999999999986,1.414213562373095,0.6238324625039497,1.4142135623730947
0.6931471805599453,-0.7999999999999972,1.4142135623730951,0.5545177444479542,1.4142135623730947
0.6931471805599453,-0.6999999999999957,1.4142135623730947,0.48520302639195884,1.4142135623730947
0.6931471805599453,-0.5999999999999943,1.414213562373095,0.41588830833596324,1.4142135623730947
0.6931471805599453,-0.5,1.414213562373095,0.34657359027997264,1.4142135623730947
0.6931471805599453,-0.3999999999999986,1.4142135623730951,0.27725887222397705,1.4142135623730947
0.6931471805599453,-0.29999999999999716,1.4142135623730947,0.20794415416798162,1.4142135623730947
0.6931471805599453,-0.19999999999999574,1.414213562373095,0.1386294361119861,1.4142135623730947
0.6931471805599453,-0.09999999999999432,1.4142135623730951,0.0693147180559906,1.4142135623730947
0.6931471805599453,0.0,1.414213562373095,0.0,1.4142135623730947
0.6931471805599453,0.10000000000000142,1.414213562373095,-0.06931471805599551,1.4142135623730947
0.6931471805599453,0.20000000000000284,1.414213562373095,-0.13862943611199102,1.4142135623730947
0.6931471805599453,0.30000000000000426,1.414213562373095,-0.2079441541679865,1.4142135623730947
0.6931471805599453,0.4000000000000057,1.414213562373095,-0.277258872223982,1.4142135623730947
0.6931471805599453,0.5,1.414213562373095,-0.34657359027997264,1.4142135623730947
0.6931471805599453,0.6000000000000014,1.414213562373095,-0.41588830833596824,1.4142135623730947
0.6931471805599453,0.7000000000000028,1.414213562373095,-0.48520302639196367,1.4142135623730947
0.6931471805599453,0.8000000000000043,1.414213562373095,-0.5545177444479592,1.4142135623730947
0.6931471805599453,0.9000000000000057,1.414213562373095,-0.6238324625039547,1.4142135623730947
0.6931471805599453,1.0,1.414213562373095,-0.6931471805599453,1.4142135623730947
0.6931471805599453,1.1000000000000014,1.414213562373095,-0.7624618986159408,1.4142135623730947
0.6931471805599453,1.2000000000000028,1.414213562373095,-0.8317766166719364,1.4142135623730947
0.6931471805599453,1.3000000000000043,1.414213562373095,-0.9010913347279317,1.4142135623730947
0.6931471805599453,1.4000000000000057,1.4142135623730951,-0.9704060527839274,1.4142135623730947
0.6931471805599453,1.5,1.4142135623730947,-1.0397207708399179,1.4142135623730947
0.6931471805599453,1.6000000000000014,1.414213562373095,-1.1090354888959135,1.4142135623730947
0.6931471805599453,1.7000000000000028,1.414213562373095,-1.178350206951909,1.4142135623730947
0.6931471805599453,1.8000000000000043,1.414213562373095,-1.2476649250079044,1.4142135623730947
0.6931471805599453,1.9000000000000057,1.414213562373095,-1.3169796430639,1.4142135623730947
0.6931471805599453,2.0,1.414213562373095,-1.3862943611198906,1.4142135623730947
0.6931471805599453,2.1000000000000014,1.414213562373095,-1.455609079175886,1.4142135623730947
0.6931471805599453,2.200000000000003,1.4142135623730951,-1.5249237972318817,1.4142135623730947
0.6931471805599453,2.3000000000000043,1.414213562373095,-1.594238515287877,1.4142135623730947
0.6931471805599453,2.4000000000000057,1.4142135623730947,-1.6635532333438727,1.4142135623730947
0.6931471805599453,2.5,1.414213562373095,-1.7328679513998633,1.4142135623730947
0.6931471805599453,2.6000000000000014,1.414213562373095,-1.8021826694558587,1.4142135623730947
0.6931471805599453,2.700000000000003,1.414213562373095,-1.8714973875118543,1.4142135623730947
0.6931471805599453,2.8000000000000043,1.414213562373095,-1.9408121055678498,1.4142135623730947
0.6931471805599453,2.9000000000000057,1.4142135623730951,-2.010126823623845,1.4142135623730947
0.6931471805599453,3.0,1.414213562373095,-2.0794415416798357,1.4142135623730947
0.6931471805599453,3.1000000000000014,1.414213562373095,-2.148756259735831,1.4142135623730947
0.6931471805599453,3.200000000000003,1.414213562373095,-2.218070977791827,1.4142135623730947
0.6931471805599453,3.3000000000000043,1.414213562373095,-2.2873856958478225,1.4142135623730947
0.6931471805599453,3.4000000000000057,1.414213562373095,-2.356700413903818,1.4142135623730947
0.6931471805599453,3.5,1.4142135623730951,-2.4260151319598084,1.4142135623730947
0.6931471805599453,3.6000000000000014,1.414213562373095,-2.495329850015804,1.4142135623730947
0.6931471805599453,3.700000000000003,1.4142135623730947,-2.5646445680717997,1.4142135623730947
0.6931471805599453,3.8000000000000043,1.414213562373095,-2.633959286127795,1.4142135623730947
0.6931471805599453,3.9000000000000057,1.4142135623730947,-2.7032740041837906,1.4142135623730947
0.6931471805599453,4.0,1.414213562373095,-2.772588722239781,1.4142135623730947
0.6931471805599453,4.100000000000001,1.414213562373095,-2.8419034402957766,1.4142135623730947
0.6931471805599453,4.200000000000003,1.4142135623730951,-2.911218158351772,1.4142135623730947
0.6931471805599453,4.300000000000004,1.414213562373095,-2.980532876407768,1.4142135623730947
0.6931471805599453,4.400000000000006,1.414213562373095,-3.0498475944637633,1.4142135623730947
0.6931471805599453,4.5,1.414213562373095,-3.119162312519754,1.4142135623730947
0.6931471805599453,4.600000000000001,1.4142135623730947,3.0947082766038374,1.4142135623730947
0.6931471805599453,4.700000000000003,1.4142135623730947,3.025393558547842,1.4142135623730947
0.6931471805599453,4.800000000000004,1.414213562373095,2.9560788404918465,1.4142135623730947
0.6931471805599453,4.900000000000006,1.4142135623730947,2.8867641224358502,1.4142135623730947
0.6931471805599453,5.0,1.4142135623730947,2.8174494043798597,1.4142135623730947
0.6931471805599453,5.100000000000001,1.4142135623730951,2.7481346863238647,1.4142135623730947
0.6931471805599453,5.200000000000003,1.4142135623730947,2.6788199682678693,1.4142135623730947
0.6931471805599453,5.300000000000004,1.414213562373095,2.609505250211874,1.4142135623730947
0.6931471805599453,5.400000000000006,1.414213562373095,2.5401905321558775,1.4142135623730947
0.6931471805599453,5.5,1.414213562373095,2.4708758140998874,1.4142135623730947
0.6931471805599453,5.600000000000001,1.414213562373095,2.401561096043892,1.4142135623730947
0.6931471805599453,5.700000000000003,1.4142135623730947,2.3322463779878966,1.4142135623730947
0.6931471805599453,5.800000000000004,1.4142135623730951,2.2629316599319003,1.4142135623730947
0.6931471805599453,5.900000000000006,1.4142135623730947,2.193616941875905,1.4142135623730947
0.6931471805599453,6.0,1.4142135623730947,2.1243022238199147,1.4142135623730947
0.6931471805599453,6.100000000000001,1.414213562373095,2.0549875057639193,1.4142135623730947
0.6931471805599453,6.200000000000003,1.4142135623730947,1.985672787707924,1.4142135623730947
0.6931471805599453,6.300000000000004,1.4142135623730947,1.9163580696519278,1.4142135623730947
0.6931471805599453,6.400000000000006,1.414213562373095,1.8470433515959324,1.4142135623730947
0.6931471805599453,6.5,1.4142135623730951,1.7777286335399423,1.4142135623730947
0.6931471805599453,6.600000000000001,1.414213562373095,1.7084139154839468,1.4142135623730947
0.6931471805599453,6.700000000000003,1.414213562373095,1.6390991974279514,1.4142135623730947
0.6931471805599453,6.800000000000004,1.4142135623730947,1.569784479371956,1.4142135623730947
0.6931471805599453,6.900000000000006,1.414213562373095,1.5004697613159597,1.4142135623730947
0.6931471805599453,7.0,1.4142135623730951,1.4311550432599696,1.4142135623730947
0.6931471805599453,7.100000000000001,1.414213562373095,1.3618403252039741,1.4142135623730947
0.6931471805599453,7.200000000000003,1.4142135623730951,1.2925256071479787,1.4142135623730947
0.6931471805599453,7.300000000000004,1.414213562373095,1.2232108890919833,1.4142135623730947
0.6931471805599453,7.400000000000006,1.414213562373095,1.153896171035987,1.4142135623730947
0.6931471805599453,7.5,1.414213562373095,1.0845814529799969,1.4142135623730947
0.6931471805599453,7.600000000000001,1.4142135623730947,1.0152667349240014,1.4142135623730947
0.6931471805599453,7.700000000000003,1.414213562373095,0.945952016868006,1.4142135623730947
0.6931471805599453,7.800000000000004,1.414213562373095,0.8766372988120106,1.4142135623730947
0.6931471805599453,7.900000000000006,1.414213562373095,0.8073225807560153,1.4142135623730947
0.6931471805599453,8.0,1.414213562373095,0.7380078627000242,1.4142135623730947
0.6931471805599453,8.100000000000001,1.414213562373095,0.6686931446440288,1.4142135623730947
0.6931471805599453,8.200000000000003,1.4142135623730951,0.5993784265880333,1.4142135623730947
0.6931471805599453,8.300000000000004,1.4142135623730951,0.5300637085320379,1.4142135623730947
0.6931471805599453,8.400000000000006,1.414213562373095,0.46074899047604245,1.4142135623730947
0.6931471805599453,8.5,1.4142135623730947,0.3914342724200515,1.4142135623730947
0.6931471805599453,8.600000000000001,1.414213562373095,0.32211955436405604,1.4142135623730947
0.6931471805599453,8.700000000000003,1.4142135623730947,0.2528048363080606,1.4142135623730947
0.6931471805599453,8.800000000000004,1.4142135623730947,0.1834901182520652,1.4142135623730947
0.6931471805599453,8.900000000000006,1.414213562373095,0.11417540019606977,1.4142135623730947
0.6931471805599453,9.0,1.414213562373095,0.04486068214007879,1.4142135623730947
0.6931471805599453,9.100000000000001,1.414213562373095,-0.02445403591591664,1.4142135623730947
0.6931471805599453,9.200000000000003,1.4142135623730947,-0.09376875397191206,1.4142135623730947
0.6931471805599453,9.300000000000004,1.4142135623730947,-0.1630834720279075,1.4142135623730947
0.6931471805599453,9.400000000000006,1.414213562373095,-0.23239819008390292,1.4142135623730947
0.6931471805599453,9.5,1.414213562373095,-0.30171290813989393,1.4142135623730947
0.6931471805599453,9.600000000000001,1.414213562373095,-0.3710276261958893,1.4142135623730947
0.6931471805599453,9.700000000000003,1.414213562373095,-0.4403423442518847,1.4142135623730947
0.6931471805599453,9.800000000000004,1.414213562373095,-0.5096570623078802,1.4142135623730947
0.6931471805599453,9.900000000000006,1.414213562373095,-0.5789717803638756,1.4142135623730947
0.6931471805599453,10.0,1.4142135623730947,-0.6482864984198667,1.4142135623730947
0.6931471805599453,10.100000000000001,1.4142135623730951,-0.7176012164758621,1.4142135623730947
0.6931471805599453,10.200000000000003,1.414213562373095,-0.7869159345318575,1.4142135623730947
0.6931471805599453,10.300000000000004,1.414213562373095,-0.8562306525878528,1.4142135623730947
0.6931471805599453,10.400000000000006,1.414213562373095,-0.9255453706438483,1.4142135623730947
0.6931471805599453,10.5,1.4142135623730951,-0.9948600886998393,1.4142135623730947
0.6931471805599453,10.600000000000001,1.4142135623730947,-1.0641748067558348,1.4142135623730947
0.6931471805599453,10.700000000000003,1.4142135623730947,-1.1334895248118302,1.4142135623730947
0.6931471805599453,10.800000000000004,1.4142135623730947,-1.2028042428678256,1.4142135623730947
0.6931471805599453,10.900000000000006,1.414213562373095,-1.272118960923821,1.4142135623730947
0.6931471805599453,11.0,1.414213562373095,-1.341433678979812,1.4142135623730947
0.6931471805599453,11.100000000000001,1.414213562373095,-1.4107483970358075,1.4142135623730947
0.6931471805599453,11.200000000000003,1.414213562373095,-1.4800631150918029,1.4142135623730947
0.6931471805599453,11.300000000000004,1.414213562373095,-1.5493778331477983,1.4142135623730947
0.6931471805599453,11.400000000000006,1.414213562373095,-1.6186925512037937,1.4142135623730947
0.6931471805599453,11.5,1.4142135623730951,-1.6880072692597847,1.4142135623730947
0.6931471805599453,11.600000000000001,1.414213562373095,-1.7573219873157802,1.4142135623730947
0.6931471805599453,11.700000000000003,1.414213562373095,-1.8266367053717756,1.4142135623730947
0.6931471805599453,11.800000000000004,1.4142135623730951,-1.895951423427771,1.4142135623730947
0.6931471805599453,11.900000000000006,1.414213562373095,-1.9652661414837664,1.4142135623730947
0.6931471805599453,12.0,1.414213562373095,-2.0345808595397568,1.4142135623730947
0.6931471805599453,12.100000000000001,1.4142135623730947,-2.103895577595752,1.4142135623730947
0.6931471805599453,12.200000000000003,1.414213562373095,-2.1732102956517476,1.4142135623730947
0.6931471805599453,12.300000000000004,1.414213562373095,-2.242525013707743,1.4142135623730947
0.6931471805599453,12.400000000000006,1.414213562373095,-2.311839731763738,1.4142135623730947
0.6931471805599453,12.5,1.414213562373095,-2.3811544498197303,1.4142135623730947
0.6931471805599453,12.600000000000001,1.414213562373095,-2.4504691678757258,1.4142135623730947
0.6931471805599453,12.700000000000003,1.414213562373095,-2.519783885931721,1.4142135623730947
0.6931471805599453,12.800000000000004,1.414213562373095,-2.5890986039877166,1.4142135623730947
0.6931471805599453,12.900000000000006,1.414213562373095,-2.6584133220437116,1.4142135623730947
0.6931471805599453,13.0,1.4142135623730951,-2.7277280400997017,1.4142135623730947
0.6931471805599453,13.100000000000001,1.414213562373095,-2.797042758155697,1.4142135623730947
0.6931471805599453,13.200000000000003,1.4142135623730947,-2.8663574762116926,1.4142135623730947
0.6931471805599453,13.300000000000004,1.414213562373095,-2.935672194267688,1.4142135623730947
0.6931471805599453,13.400000000000006,1.4142135623730951,-3.0049869123236834,1.4142135623730947
0.6931471805599453,13.5,1.414213562373095,-3.0743016303796753,1.4142135623730947
0.6931471805599453,13.600000000000001,1.414213562373095,3.1395689587439155,1.4142135623730947
0.6931471805599453,13.700000000000003,1.414213562373095,3.07025424068792,1.4142135623730947
0.6931471805599453,13.800000000000004,1.414213562373095,3.0009395226319246,1.4142135623730947
0.6931471805599453,13.900000000000006,1.414213562373095,2.931624804575929,1.4142135623730947
0.6931471805599453,14.0,1.414213562373095,2.862310086519939,1.4142135623730947
0.6931471805599453,14.100000000000001,1.414213562373095,2.7929953684639437,1.4142135623730947
0.6931471805599453,14.200000000000003,1.414213562373095,2.7236806504079483,1.4142135623730947
0.6931471805599453,14.300000000000004,1.414213562373095,2.654365932351953,1.4142135623730947
0.6931471805599453,14.400000000000006,1.4142135623730951,2.5850512142959574,1.4142135623730947
0.6931471805599453,14.5,1.414213562373095,2.5157364962399655,1.4142135623730947
0.6931471805599453,14.600000000000001,1.414213562373095,2.44642177818397,1.4142135623730947
0.6931471805599453,14.700000000000003,1.414213562373095,2.3771070601279747,1.4142135623730947
0.6931471805599453,14.800000000000004,1.414213562373095,2.3077923420719793,1.4142135623730947
0.6931471805599453,14.900000000000006,1.414213562373095,2.238477624015984,1.4142135623730947
0.6931471805599453,15.0,1.414213562373095,2.1691629059599937,1.4142135623730947
0.6931471805599453,15.100000000000001,1.414213562373095,2.0998481879039983,1.4142135623730947
0.6931471805599453,15.200000000000003,1.414213562373095,2.030533469848003,1.4142135623730947
0.6931471805599453,15.300000000000004,1.4142135623730951,1.9612187517920074,1.4142135623730947
0.6931471805599453,15.400000000000006,1.4142135623730947,1.891904033736012,1.4142135623730947
0.6931471805599453,15.5,1.4142135623730947,1.8225893156800201,1.4142135623730947
0.6931471805599453,15.600000000000001,1.414213562373095,1.7532745976240247,1.4142135623730947
0.6931471805599453,15.700000000000003,1.414213562373095,1.6839598795680293,1.4142135623730947
0.6931471805599453,15.800000000000004,1.414213562373095,1.6146451615120339,1.4142135623730947
0.6931471805599453,15.900000000000006,1.4142135623730951,1.5453304434560384,1.4142135623730947
0.6931471805599453,16.0,1.4142135623730951,1.4760157254000483,1.4142135623730947
0.6931471805599453,16.1,1.414213562373095,1.406701007344053,1.4142135623730947
0.6931471805599453,16.200000000000003,1.414213562373095,1.3373862892880575,1.4142135623730947
0.6931471805599453,16.300000000000004,1.4142135623730951,1.268071571232062,1.4142135623730947
0.6931471805599453,16.400000000000006,1.4142135623730951,1.1987568531760666,1.4142135623730947
0.6931471805599453,16.5,1.4142135623730947,1.1294421351200765,1.4142135623730947
0.6931471805599453,16.6,1.4142135623730947,1.0601274170640793,1.4142135623730947
0.6931471805599453,16.700000000000003,1.414213562373095,0.990812699008084,1.4142135623730947
0.6931471805599453,16.800000000000004,1.414213562373095,0.9214979809520885,1.4142135623730947
0.6931471805599453,16.900000000000006,1.4142135623730947,0.852183262896093,1.4142135623730947
0.6931471805599453,17.0,1.4142135623730951,0.7828685448401029,1.4142135623730947
0.6931471805599453,17.1,1.4142135623730951,0.7135538267841076,1.4142135623730947
0.6931471805599453,17.200000000000003,1.414213562373095,0.6442391087281121,1.4142135623730947
0.6931471805599453,17.300000000000004,1.4142135623730951,0.5749243906721166,1.4142135623730947
0.6931471805599453,17.400000000000006,1.414213562373095,0.5056096726161213,1.4142135623730947
0.6931471805599453,17.5,1.414213562373095,0.4362949545601312,1.4142135623730947
0.6931471805599453,17.6,1.414213562373095,0.36698023650413575,1.4142135623730947
0.6931471805599453,17.700000000000003,1.414213562373095,0.2976655184481386,1.4142135623730947
0.6931471805599453,17.800000000000004,1.414213562373095,0.2283508003921431,1.4142135623730947
0.6931471805599453,17.900000000000006,1.4142135623730947,0.1590360823361477,1.4142135623730947
0.6931471805599453,18.0,1.414213562373095,0.08972136428015758,1.4142135623730947
0.6931471805599453,18.1,1.4142135623730951,0.02040664622416215,1.4142135623730947
0.6931471805599453,18.200000000000003,1.414213562373095,-0.04890807183183327,1.4142135623730947
0.6931471805599453,18.300000000000004,1.414213562373095,-0.1182227898878287,1.4142135623730947
0.6931471805599453,18.400000000000006,1.414213562373095,-0.18753750794382418,1.4142135623730947
0.6931471805599453,18.5,1.4142135623730947,-0.2568522259998142,1.4142135623730947
0.6931471805599453,18.6,1.414213562373095,-0.32616694405580965,1.4142135623730947
0.6931471805599453,18.700000000000003,1.414213562373095,-0.3954816621118051,1.4142135623730947
0.6931471805599453,18.800000000000004,1.414213562373095,-0.4647963801678005,1.4142135623730947
0.6931471805599453,18.900000000000006,1.414213562373095,-0.5341110982237978,1.4142135623730947
0.6931471805599453,19.0,1.414213562373095,-0.6034258162797879,1.4142135623730947
0.6931471805599453,19.1,1.414213562373095,-0.6727405343357833,1.4142135623730947
0.6931471805599453,19.200000000000003,1.4142135623730951,-0.7420552523917787,1.4142135623730947
0.6931471805599453,19.300000000000004,1.4142135623730947,-0.811369970447774,1.4142135623730947
0.6931471805599453,19.400000000000006,1.414213562373095,-0.8806846885037695,1.4142135623730947
0.6931471805599453,19.5,1.414213562373095,-0.9499994065597597,1.4142135623730947
0.6931471805599453,19.6,1.4142135623730947,-1.0193141246157549,1.4142135623730947
0.6931471805599453,19.700000000000003,1.4142135623730947,-1.0886288426717505,1.4142135623730947
0.6931471805599453,19.800000000000004,1.4142135623730951,-1.157943560727746,1.4142135623730947
0.6931471805599453,19.900000000000006,1.414213562373095,-1.2272582787837414,1.4142135623730947
0.6931471805599453,20.0,1.414213562373095,-1.2965729968397333,1.4142135623730947
0.6931471805599453,20.1,1.414213562373095,-1.3658877148957287,1.4142135623730947
0.6931471805599453,20.200000000000003,1.414213562373095,-1.4352024329517241,1.4142135623730947
0.6931471805599453,20.300000000000004,1.414213562373095,-1.5045171510077195,1.4142135623730947
0.6931471805599453,20.400000000000006,1.414213562373095,-1.573831869063715,1.4142135623730947
0.6931471805599453,20.5,1.4142135623730951,-1.643146587119705,1.4142135623730947
0.6931471805599453,20.6,1.414213562373095,-1.7124613051757005,1.4142135623730947
0.6931471805599453,20.700000000000003,1.4142135623730951,-1.781776023231696,1.4142135623730947
0.6931471805599453,20.800000000000004,1.4142135623730947,-1.8510907412876914,1.4142135623730947
0.6931471805599453,20.900000000000006,1.4142135623730947,-1.9204054593436868,1.4142135623730947
0.6931471805599453,21.0,1.4142135623730947,-1.9897201773996787,1.4142135623730947
0.6931471805599453,21.1,1.4142135623730951,-2.059034895455674,1.4142135623730947
0.6931471805599453,21.200000000000003,1.4142135623730951,-2.1283496135116695,1.4142135623730947
0.6931471805599453,21.300000000000004,1.414213562373095,-2.197664331567665,1.4142135623730947
0.6931471805599453,21.400000000000006,1.414213562373095,-2.2669790496236604,1.4142135623730947
0.6931471805599453,21.5,1.414213562373095,-2.3362937676796505,1.4142135623730947
0.6931471805599453,21.6,1.414213562373095,-2.405608485735646,1.4142135623730947
0.6931471805599453,21.700000000000003,1.4142135623730951,-2.4749232037916413,1.4142135623730947
0.6931471805599453,21.800000000000004,1.414213562373095,-2.5442379218476368,1.4142135623730947
0.6931471805599453,21.900000000000006,1.4142135623730951,-2.613552639903632,1.4142135623730947
0.6931471805599453,22.0,1.414213562373095,-2.682867357959624,1.4142135623730947
0.6931471805599453,22.1,1.414213562373095,-2.7521820760156195,1.4142135623730947
0.6931471805599453,22.200000000000003,1.414213562373095,-2.821496794071615,1.4142135623730947
0.6931471805599453,22.300000000000004,1.414213562373095,-2.8908115121276103,1.4142135623730947
0.6931471805599453,22.400000000000006,1.4142135623730951,-2.9601262301836058,1.4142135623730947
0.6931471805599453,22.5,1.4142135623730947,-3.029440948239596,1.4142135623730947
0.6931471805599453,22.6,1.414213562373095,-3.0987556662955913,1.4142135623730947
0.6931471805599453,22.700000000000003,1.414213562373095,3.115114922828,1.4142135623730947
0.6931471805599453,22.800000000000004,1.414213562373095,3.0458002047720045,1.4142135623730947
0.6931471805599453,22.900000000000006,1.4142135623730947,2.976485486716009,1.4142135623730947
0.6931471805599453,23.0,1.4142135623730947,2.9071707686600172,1.4142135623730947
0.6931471805599453,23.1,1.4142135623730951,2.837856050604022,1.4142135623730947
0.6931471805599453,23.200000000000003,1.414213562373095,2.7685413325480264,1.4142135623730947
0.6931471805599453,23.300000000000004,1.4142135623730951,2.699226614492031,1.4142135623730947
0.6931471805599453,23.400000000000006,1.414213562373095,2.6299118964360355,1.4142135623730947
0.6931471805599453,23.5,1.414213562373095,2.5605971783800436,1.4142135623730947
0.6931471805599453,23.6,1.414213562373095,2.491282460324048,1.4142135623730947
0.6931471805599453,23.700000000000003,1.414213562373095,2.421967742268053,1.4142135623730947
0.6931471805599453,23.800000000000004,1.414213562373095,2.3526530242120574,1.4142135623730947
0.6931471805599453,23.900000000000006,1.414213562373095,2.283338306156062,1.4142135623730947
0.6931471805599453,24.0,1.414213562373095,2.2140235881000736,1.4142135623730947
0.6931471805599453,24.10000000000001,1.414213562373095,2.144708870044071,1.4142135623730947
0.6931471805599453,24.200000000000003,1.4142135623730947,2.0753941519880827,1.4142135623730947
0.6931471805599453,24.299999999999997,1.414213562373095,2.006079433932091,1.4142135623730947
0.6931471805599453,24.400000000000006,1.414213562373095,1.936764715876092,1.4142135623730947
0.6931471805599453,24.5,1.4142135623730951,1.8674499978200998,1.4142135623730947
0.6931471805599453,24.60000000000001,1.414213562373095,1.7981352797641008,1.4142135623730947
0.6931471805599453,24.700000000000003,1.414213562373095,1.728820561708109,1.4142135623730947
0.6931471805599453,24.799999999999997,1.4142135623730951,1.659505843652117,1.4142135623730947
0.6931471805599453,24.900000000000006,1.4142135623730947,1.590191125596118,1.4142135623730947
0.6931471805599453,25.0,1.4142135623730947,1.5208764075401262,1.4142135623730947
0.6931471805599453,25.10000000000001,1.414213562373095,1.4515616894841272,1.4142135623730947
0.6931471805599453,25.200000000000003,1.4142135623730951,1.3822469714281354,1.4142135623730947
0.6931471805599453,25.299999999999997,1.414213562373095,1.3129322533721473,1.4142135623730947
0.6931471805599453,25.400000000000006,1.414213562373095,1.2436175353161445,1.4142135623730947
0.6931471805599453,25.5,1.414213562373095,1.1743028172601564,1.4142135623730947
0.6931471805599453,25.60000000000001,1.4142135623730947,1.1049880992041539,1.4142135623730947
0.6931471805599453,25.700000000000003,1.414213562373095,1.035673381148162,1.4142135623730947
0.6931471805599453,25.799999999999997,1.414213562373095,0.9663586630921736,1.4142135623730947
0.6931471805599453,25.900000000000006,1.4142135623730951,0.897043945036171,1.4142135623730947
0.6931471805599453,26.0,1.414213562373095,0.8277292269801826,1.4142135623730947
0.6931471805599453,26.10000000000001,1.4142135623730951,0.7584145089241802,1.4142135623730947
0.6931471805599453,26.200000000000003,1.414213562373095,0.6890997908681917,1.4142135623730947
0.6931471805599453,26.299999999999997,1.414213562373095,0.6197850728122,1.4142135623730947
0.6931471805599453,26.400000000000006,1.414213562373095,0.550470354756201,1.4142135623730947
0.6931471805599453,26.5,1.414213562373095,0.48115563670020906,1.4142135623730947
0.6931471805599453,26.60000000000001,1.414213562373095,0.4118409186442101,1.4142135623730947
0.6931471805599453,26.700000000000003,1.414213562373095,0.3425262005882182,1.4142135623730947
0.6931471805599453,26.799999999999997,1.414213562373095,0.2732114825322264,1.4142135623730947
0.6931471805599453,26.900000000000006,1.4142135623730947,0.20389676447622737,1.4142135623730947
0.6931471805599453,27.0,1.4142135623730947,0.1345820464202355,1.4142135623730947
0.6931471805599453,27.10000000000001,1.4142135623730951,0.0652673283642365,1.4142135623730947
0.6931471805599453,27.200000000000003,1.4142135623730947,-0.004047389691755375,1.4142135623730947
0.6931471805599453,27.299999999999997,1.4142135623730947,-0.0733621077477437,1.4142135623730947
0.6931471805599453,27.400000000000006,1.414213562373095,-0.14267682580374624,1.4142135623730947
0.6931471805599453,27.5,1.414213562373095,-0.21199154385973457,1.4142135623730947
0.6931471805599453,27.60000000000001,1.414213562373095,-0.28130626191573704,1.4142135623730947
0.6931471805599453,27.700000000000003,1.4142135623730951,-0.35062097997172537,1.4142135623730947
0.6931471805599453,27.799999999999997,1.414213562373095,-0.41993569802771724,1.4142135623730947
0.6931471805599453,27.900000000000006,1.4142135623730947,-0.48925041608371633,1.4142135623730947
0.6931471805599453,28.0,1.414213562373095,-0.5585651341397082,1.4142135623730947
0.6931471805599453,28.10000000000001,1.414213562373095,-0.6278798521957107,1.4142135623730947
0.6931471805599453,28.200000000000003,1.4142135623730947,-0.697194570251699,1.4142135623730947
0.6931471805599453,28.299999999999997,1.414213562373095,-0.7665092883076908,1.4142135623730947
0.6931471805599453,28.400000000000006,1.4142135623730951,-0.8358240063636899,1.4142135623730947
0.6931471805599453,28.5,1.414213562373095,-0.9051387244196817,1.4142135623730947
0.6931471805599453,28.60000000000001,1.4142135623730951,-0.9744534424756808,1.4142135623730947
0.6931471805599453,28.700000000000003,1.414213562373095,-1.0437681605316724,1.4142135623730947
0.6931471805599453,28.799999999999997,1.4142135623730951,-1.1130828785876645,1.4142135623730947
0.6931471805599453,28.900000000000006,1.414213562373095,-1.1823975966436635,1.4142135623730947
0.6931471805599453,29.0,1.414213562373095,-1.2517123146996554,1.4142135623730947
0.6931471805599453,29.10000000000001,1.414213562373095,-1.3210270327556544,1.4142135623730947
0.6931471805599453,29.200000000000003,1.4142135623730951,-1.3903417508116462,1.4142135623730947
0.6931471805599453,29.299999999999997,1.414213562373095,-1.4596564688676346,1.4142135623730947
0.6931471805599453,29.400000000000006,1.414213562373095,-1.528971186923637,1.4142135623730947
0.6931471805599453,29.5,1.414213562373095,-1.5982859049796254,1.4142135623730947
0.6931471805599453,29.60000000000001,1.4142135623730951,-1.667600623035628,1.4142135623730947
0.6931471805599453,29.700000000000003,1.414213562373095,-1.7369153410916163,1.4142135623730947
0.6931471805599453,29.799999999999997,1.414213562373095,-1.8062300591476081,1.4142135623730947
0.6931471805599453,29.900000000000006,1.414213562373095,-1.8755447772036071,1.4142135623730947
0.6931471805599453,30.0,1.414213562373095,-1.944859495259599,1.4142135623730947
0.6931471805599453,30.10000000000001,1.4142135623730951,-2.0141742133155978,1.4142135623730947
0.6931471805599453,30.200000000000003,1.4142135623730947,-2.0834889313715896,1.4142135623730947
0.6931471805599453,30.299999999999997,1.414213562373095,-2.1528036494275815,1.4142135623730947
0.6931471805599453,30.400000000000006,1.414213562373095,-2.2221183674835805,1.4142135623730947
0.6931471805599453,30.5,1.414213562373095,-2.2914330855395724,1.4142135623730947
0.6931471805599453,30.60000000000001,1.414213562373095,-2.3607478035955713,1.4142135623730947
0.6931471805599453,30.700000000000003,1.414213562373095,-2.4300625216515632,1.4142135623730947
0.6931471805599453,30.799999999999997,1.414213562373095,-2.4993772397075515,1.4142135623730947
0.6931471805599453,30.900000000000006,1.414213562373095,-2.568691957763554,1.4142135623730947
0.6931471805599453,31.0,1.414213562373095,-2.638006675819546,1.4142135623730947
0.6931471805599453,31.10000000000001,1.414213562373095,-2.707321393875545,1.4142135623730947
0.6931471805599453,31.200000000000003,1.414213562373095,-2.776636111931537,1.4142135623730947
0.6931471805599453,31.299999999999997,1.414213562373095,-2.845950829987525,1.4142135623730947
0.6931471805599453,31.400000000000006,1.414213562373095,-2.9152655480435277,1.4142135623730947
0.6931471805599453,31.5,1.4142135623730951,-2.984580266099516,1.4142135623730947
0.6931471805599453,31.60000000000001,1.414213562373095,-3.0538949841555185,1.4142135623730947
0.6931471805599453,31.700000000000003,1.4142135623730947,-3.123209702211507,1.4142135623730947
0.6931471805599453,31.799999999999997,1.414213562373095,3.0906608869120875,1.4142135623730947
0.6931471805599453,31.900000000000006,1.4142135623730947,3.0213461688560885,1.4142135623730947
0.6931471805599453,32.0,1.414213562373095,2.9520314508000967,1.4142135623730947
0.6931471805599453,32.10000000000001,1.414213562373095,2.8827167327440977,1.4142135623730947
0.6931471805599453,32.2,1.414213562373095,2.813402014688106,1.4142135623730947
0.6931471805599453,32.3,1.414213562373095,2.744087296632114,1.4142135623730947
0.6931471805599453,32.400000000000006,1.4142135623730951,2.674772578576115,1.4142135623730947
0.6931471805599453,32.5,1.414213562373095,2.605457860520123,1.4142135623730947
0.6931471805599453,32.60000000000001,1.414213562373095,2.536143142464124,1.4142135623730947
0.6931471805599453,32.7,1.414213562373095,2.466828424408132,1.4142135623730947
0.6931471805599453,32.8,1.414213562373095,2.397513706352144,1.4142135623730947
0.6931471805599453,32.900000000000006,1.414213562373095,2.3281989882961414,1.4142135623730947
0.6931471805599453,33.0,1.414213562373095,2.258884270240153,1.4142135623730947
0.6931471805599453,33.10000000000001,1.414213562373095,2.1895695521841505,1.4142135623730947
0.6931471805599453,33.2,1.414213562373095,2.1202548341281586,1.4142135623730947
0.6931471805599453,33.3,1.414213562373095,2.0509401160721703,1.4142135623730947
0.6931471805599453,33.400000000000006,1.414213562373095,1.981625398016168,1.4142135623730947
0.6931471805599453,33.5,1.414213562373095,1.9123106799601794,1.4142135623730947
0.6931471805599453,33.60000000000001,1.414213562373095,1.842995961904177,1.4142135623730947
0.6931471805599453,33.7,1.414213562373095,1.7736812438481886,1.4142135623730947
0.6931471805599453,33.8,1.414213562373095,1.7043665257921967,1.4142135623730947
0.6931471805599453,33.900000000000006,1.414213562373095,1.6350518077361977,1.4142135623730947
0.6931471805599453,34.0,1.414213562373095,1.5657370896802059,1.4142135623730947
0.6931471805599453,34.10000000000001,1.414213562373095,1.4964223716242069,1.4142135623730947
0.6931471805599453,34.2,1.414213562373095,1.427107653568215,1.4142135623730947
0.6931471805599453,34.3,1.4142135623730947,1.3577929355122231,1.4142135623730947
0.6931471805599453,34.400000000000006,1.4142135623730947,1.2884782174562242,1.4142135623730947
0.6931471805599453,34.5,1.414213562373095,1.2191634994002323,1.4142135623730947
0.6931471805599453,34.60000000000001,1.414213562373095,1.1498487813442333,1.4142135623730947
0.6931471805599453,34.7,1.414213562373095,1.0805340632882416,1.4142135623730947
0.6931471805599453,34.8,1.414213562373095,1.0112193452322533,1.4142135623730947
0.6931471805599453,34.900000000000006,1.414213562373095,0.9419046271762507,1.4142135623730947
0.6931471805599453,35.0,1.4142135623730951,0.8725899091202624,1.4142135623730947
0.6931471805599453,35.10000000000001,1.414213562373095,0.8032751910642599,1.4142135623730947
0.6931471805599453,35.2,1.4142135623730947,0.7339604730082715,1.4142135623730947
0.6931471805599453,35.3,1.4142135623730947,0.6646457549522796,1.4142135623730947
0.6931471805599453,35.400000000000006,1.414213562373095,0.5953310368962771,1.4142135623730947
0.6931471805599453,35.5,1.414213562373095,0.5260163188402888,1.4142135623730947
0.6931471805599453,35.60000000000001,1.414213562373095,0.45670160078428623,1.4142135623730947
0.6931471805599453,35.7,1.4142135623730947,0.3873868827282979,1.4142135623730947
0.6931471805599453,35.8,1.4142135623730951,0.318072164672306,1.4142135623730947
0.6931471805599453,35.900000000000006,1.4142135623730947,0.24875744661630705,1.4142135623730947
0.6931471805599453,36.0,1.414213562373095,0.17944272856031515,1.4142135623730947
0.6931471805599453,36.10000000000001,1.4142135623730947,0.11012801050431618,1.4142135623730947
0.6931471805599453,36.2,1.4142135623730947,0.0408132924483243,1.4142135623730947
0.6931471805599453,36.3,1.4142135623730947,-0.028501425607667573,1.4142135623730947
0.6931471805599453,36.400000000000006,1.414213562373095,-0.09781614366366655,1.4142135623730947
0.6931471805599453,36.5,1.414213562373095,-0.16713086171965844,1.4142135623730947
0.6931471805599453,36.60000000000001,1.4142135623730947,-0.23644557977565742,1.4142135623730947
0.6931471805599453,36.7,1.414213562373095,-0.30576029783164926,1.4142135623730947
0.6931471805599453,36.80000000000001,1.414213562373095,-0.37507501588764824,1.4142135623730947
0.6931471805599453,36.900000000000006,1.414213562373095,-0.4443897339436401,1.4142135623730947
0.6931471805599453,37.0,1.414213562373095,-0.5137044519996284,1.4142135623730947
0.6931471805599453,37.10000000000001,1.4142135623730951,-0.5830191700556311,1.4142135623730947
0.6931471805599453,37.2,1.414213562373095,-0.6523338881116194,1.4142135623730947
0.6931471805599453,37.30000000000001,1.4142135623730951,-0.7216486061676218,1.4142135623730947
0.6931471805599453,37.400000000000006,1.414213562373095,-0.7909633242236102,1.4142135623730947
0.6931471805599453,37.5,1.414213562373095,-0.8602780422796021,1.4142135623730947
0.6931471805599453,37.60000000000001,1.414213562373095,-0.9295927603356011,1.4142135623730947
0.6931471805599453,37.7,1.414213562373095,-0.9989074783915929,1.4142135623730947
0.6931471805599453,37.80000000000001,1.414213562373095,-1.0682221964475953,1.4142135623730947
0.6931471805599453,37.900000000000006,1.414213562373095,-1.1375369145035839,1.4142135623730947
0.6931471805599453,38.0,1.414213562373095,-1.2068516325595757,1.4142135623730947
0.6931471805599453,38.10000000000001,1.4142135623730947,-1.2761663506155747,1.4142135623730947
0.6931471805599453,38.2,1.414213562373095,-1.3454810686715666,1.4142135623730947
0.6931471805599453,38.30000000000001,1.4142135623730951,-1.4147957867275656,1.4142135623730947
0.6931471805599453,38.400000000000006,1.414213562373095,-1.4841105047835574,1.4142135623730947
0.6931471805599453,38.5,1.4142135623730947,-1.5534252228395493,1.4142135623730947
0.6931471805599453,38.60000000000001,1.4142135623730947,-1.6227399408955483,1.4142135623730947
0.6931471805599453,38.7,1.4142135623730947,-1.6920546589515402,1.4142135623730947
0.6931471805599453,38.80000000000001,1.414213562373095,-1.7613693770075391,1.4142135623730947
0.6931471805599453,38.900000000000006,1.4142135623730951,-1.830684095063531,1.4142135623730947
0.6931471805599453,39.0,1.4142135623730951,-1.8999988131195193,1.4142135623730947
0.6931471805599453,39.10000000000001,1.4142135623730951,-1.9693135311755219,1.4142135623730947
0.6931471805599453,39.2,1.414213562373095,-2.03862824923151,1.4142135623730947
0.6931471805599453,39.30000000000001,1.4142135623730947,-2.1079429672875127,1.4142135623730947
0.6931471805599453,39.400000000000006,1.414213562373095,-2.177257685343501,1.4142135623730947
0.6931471805599453,39.5,1.414213562373095,-2.246572403399493,1.4142135623730947
0.6931471805599453,39.60000000000001,1.414213562373095,-2.315887121455492,1.4142135623730947
0.6931471805599453,39.7,1.414213562373095,-2.385201839511484,1.4142135623730947
0.6931471805599453,39.80000000000001,1.414213562373095,-2.4545165575674828,1.4142135623730947
0.6931471805599453,39.900000000000006,1.4142135623730951,-2.5238312756234746,1.4142135623730947
0.6931471805599453,40.0,1.414213562373095,-2.5931459936794665,1.4142135623730947
1.0986122886681098,-40.0,1.7320508075688776,-0.03780560353271228,1.732050807568877
1.0986122886681098,-39.9,1.7320508075688776,-0.1476668323995244,1.732050807568877
1.0986122886681098,-39.8,1.7320508075688774,-0.2575280612663366,1.732050807568877
1.0986122886681098,-39.7,1.7320508075688772,-0.3673892901331416,1.732050807568877
1.0986122886681098,-39.6,1.7320508075688772,-0.4772505189999538,1.732050807568877
1.0986122886681098,-39.5,1.7320508075688774,-0.587111747866766,1.732050807568877
1.0986122886681098,-39.4,1.7320508075688774,-0.6969729767335782,1.732050807568877
1.0986122886681098,-39.3,1.7320508075688772,-0.8068342056003974,1.732050807568877
1.0986122886681098,-39.2,1.7320508075688772,-0.9166954344671953,1.732050807568877
1.0986122886681098,-39.1,1.7320508075688776,-1.0265566633340146,1.732050807568877
1.0986122886681098,-39.0,1.7320508075688774,-1.1364178922008268,1.732050807568877
1.0986122886681098,-38.9,1.7320508075688772,-1.246279121067639,1.732050807568877
1.0986122886681098,-38.8,1.7320508075688772,-1.356140349934451,1.732050807568877
1.0986122886681098,-38.7,1.7320508075688774,-1.4660015788012561,1.732050807568877
1.0986122886681098,-38.6,1.7320508075688776,-1.5758628076680683,1.732050807568877
1.0986122886681098,-38.5,1.7320508075688772,-1.6857240365348805,1.732050807568877
1.0986122886681098,-38.4,1.7320508075688774,-1.7955852654016926,1.732050807568877
1.0986122886681098,-38.3,1.7320508075688774,-1.9054464942685048,1.732050807568877
1.0986122886681098,-38.2,1.7320508075688772,-2.01530772313531,1.732050807568877
1.0986122886681098,-38.1,1.7320508075688774,-2.125168952002122,1.732050807568877
1.0986122886681098,-38.0,1.7320508075688776,-2.235030180868934,1.732050807568877
1.0986122886681098,-37.9,1.7320508075688772,-2.3448914097357463,1.732050807568877
1.0986122886681098,-37.8,1.7320508075688774,-2.4547526386025584,1.732050807568877
1.0986122886681098,-37.7,1.7320508075688776,-2.5646138674693635,1.732050807568877
1.0986122886681098,-37.6,1.7320508075688772,-2.6744750963361756,1.732050807568877
1.0986122886681098,-37.5,1.7320508075688776,-2.784336325202988,1.732050807568877
1.0986122886681098,-37.4,1.7320508075688774,-2.8941975540698,1.732050807568877
1.0986122886681098,-37.3,1.7320508075688774,-3.004058782936612,1.732050807568877
1.0986122886681098,-37.2,1.7320508075688774,-3.113920011803417,1.732050807568877
1.0986122886681098,-37.1,1.7320508075688776,3.0594040665093574,1.732050807568877
1.0986122886681098,-37.0,1.7320508075688774,2.949542837642545,1.732050807568877
1.0986122886681098,-36.9,1.7320508075688774,2.839681608775733,1.732050807568877
1.0986122886681098,-36.8,1.7320508075688774,2.729820379908921,1.732050807568877
1.0986122886681098,-36.7,1.7320508075688776,2.6199591510421154,1.732050807568877
1.0986122886681098,-36.6,1.7320508075688774,2.5100979221753033,1.732050807568877
1.0986122886681098,-36.5,1.7320508075688774,2.4002366933084915,1.732050807568877
1.0986122886681098,-36.4,1.7320508075688774,2.2903754644416723,1.732050807568877
1.0986122886681098,-36.3,1.7320508075688776,2.18051423557486,1.732050807568877
1.0986122886681098,-36.2,1.7320508075688776,2.0706530067080546,1.732050807568877
1.0986122886681098,-36.1,1.7320508075688774,1.960791777841243,1.732050807568877
1.0986122886681098,-36.0,1.7320508075688772,1.8509305489744308,1.732050807568877
1.0986122886681098,-35.9,1.7320508075688772,1.7410693201076186,1.732050807568877
1.0986122886681098,-35.8,1.7320508075688772,1.6312080912408062,1.732050807568877
1.0986122886681098,-35.7,1.7320508075688774,1.5213468623740012,1.732050807568877
1.0986122886681098,-35.6,1.7320508075688774,1.411485633507189,1.732050807568877
1.0986122886681098,-35.5,1.7320508075688774,1.301624404640377,1.732050807568877
1.0986122886681098,-35.4,1.7320508075688774,1.191763175773565,1.732050807568877
1.0986122886681098,-35.3,1.7320508075688776,1.0819019469067528,1.732050807568877
1.0986122886681098,-35.2,1.732050807568877,0.9720407180399476,1.732050807568877
1.0986122886681098,-35.1,1.7320508075688774,0.8621794891731354,1.732050807568877
1.0986122886681098,-35.0,1.7320508075688776,0.7523182603063232,1.732050807568877
1.0986122886681098,-34.9,1.7320508075688772,0.642457031439511,1.732050807568877
1.0986122886681098,-34.8,1.7320508075688774,0.5325958025726989,1.732050807568877
1.0986122886681098,-34.7,1.7320508075688776,0.42273457370589396,1.732050807568877
1.0986122886681098,-34.6,1.7320508075688774,0.31287334483908175,1.732050807568877
1.0986122886681098,-34.5,1.7320508075688772,0.20301211597226965,1.732050807568877
1.0986122886681098,-34.4,1.7320508075688774,0.09315088710545745,1.732050807568877
1.0986122886681098,-34.3,1.7320508075688774,-0.016710341761354688,1.732050807568877
1.0986122886681098,-34.2,1.7320508075688774,-0.12657157062815974,1.732050807568877
1.0986122886681098,-34.1,1.7320508075688774,-0.23643279949497187,1.732050807568877
1.0986122886681098,-34.0,1.7320508075688772,-0.346294028361784,1.732050807568877
1.0986122886681098,-33.9,1.7320508075688772,-0.45615525722859623,1.732050807568877
1.0986122886681098,-33.8,1.7320508075688772,-0.5660164860954083,1.732050807568877
1.0986122886681098,-33.7,1.7320508075688772,-0.6758777149622134,1.732050807568877
1.0986122886681098,-33.6,1.7320508075688774,-0.7857389438290255,1.732050807568877
1.0986122886681098,-33.5,1.7320508075688772,-0.8956001726958378,1.732050807568877
1.0986122886681098,-33.4,1.7320508075688774,-1.005461401562657,1.732050807568877
1.0986122886681098,-33.3,1.7320508075688772,-1.115322630429469,1.732050807568877
1.0986122886681098,-33.2,1.7320508075688774,-1.225183859296274,1.732050807568877
1.0986122886681098,-33.1,1.7320508075688772,-1.3350450881630862,1.732050807568877
1.0986122886681098,-33.0,1.7320508075688774,-1.4449063170298986,1.732050807568877
1.0986122886681098,-32.9,1.7320508075688776,-1.5547675458967107,1.732050807568877
1.0986122886681098,-32.8,1.7320508075688774,-1.664628774763523,1.732050807568877
1.0986122886681098,-32.7,1.7320508075688774,-1.774490003630328,1.732050807568877
1.0986122886681098,-32.6,1.7320508075688772,-1.88435123249714,1.732050807568877
1.0986122886681098,-32.5,1.7320508075688776,-1.994212461363952,1.732050807568877
1.0986122886681098,-32.4,1.7320508075688772,-2.1040736902307646,1.732050807568877
1.0986122886681098,-32.3,1.7320508075688774,-2.213934919097577,1.732050807568877
1.0986122886681098,-32.2,1.7320508075688774,-2.3237961479643814,1.732050807568877
1.0986122886681098,-32.1,1.7320508075688774,-2.4336573768311935,1.732050807568877
1.0986122886681098,-32.0,1.7320508075688774,-2.5435186056980057,1.732050807568877
1.0986122886681098,-31.9,1.7320508075688774,-2.653379834564818,1.732050807568877
1.0986122886681098,-31.799999999999997,1.7320508075688774,-2.76324106343163,1.732050807568877
1.0986122886681098,-31.7,1.7320508075688772,-2.873102292298442,1.732050807568877
1.0986122886681098,-31.6,1.7320508075688772,-2.982963521165247,1.732050807568877
1.0986122886681098,-31.5,1.7320508075688774,-3.0928247500320594,1.732050807568877
1.0986122886681098,-31.4,1.7320508075688779,3.0804993282807147,1.732050807568877
1.0986122886681098,-31.299999999999997,1.7320508075688774,2.9706380994139026,1.732050807568877
1.0986122886681098,-31.2,1.7320508075688774,2.8607768705470904,1.732050807568877
1.0986122886681098,-31.1,1.7320508075688774,2.7509156416802854,1.732050807568877
1.0986122886681098,-31.0,1.7320508075688772,2.641054412813473,1.732050807568877
1.0986122886681098,-30.9,1.7320508075688774,2.531193183946661,1.732050807568877
1.0986122886681098,-30.799999999999997,1.7320508075688774,2.421331955079849,1.732050807568877
1.0986122886681098,-30.7,1.7320508075688774,2.3114707262130367,1.732050807568877
1.0986122886681098,-30.6,1.7320508075688774,2.2016094973462317,1.732050807568877
1.0986122886681098,-30.5,1.7320508075688774,2.091748268479413,1.732050807568877
1.0986122886681098,-30.4,1.7320508075688776,1.9818870396126003,1.732050807568877
1.0986122886681098,-30.299999999999997,1.7320508075688774,1.872025810745788,1.732050807568877
1.0986122886681098,-30.2,1.7320508075688776,1.762164581878983,1.732050807568877
1.0986122886681098,-30.1,1.7320508075688772,1.652303353012171,1.732050807568877
1.0986122886681098,-30.0,1.7320508075688772,1.5424421241453588,1.732050807568877
1.0986122886681098,-29.9,1.7320508075688772,1.4325808952785466,1.732050807568877
1.0986122886681098,-29.799999999999997,1.7320508075688776,1.3227196664117344,1.732050807568877
1.0986122886681098,-29.7,1.7320508075688776,1.2128584375449294,1.732050807568877
1.0986122886681098,-29.6,1.7320508075688774,1.1029972086781175,1.732050807568877
1.0986122886681098,-29.5,1.7320508075688774,0.9931359798113052,1.732050807568877
1.0986122886681098,-29.4,1.7320508075688776,0.883274750944493,1.732050807568877
1.0986122886681098,-29.299999999999997,1.7320508075688774,0.7734135220776809,1.732050807568877
1.0986122886681098,-29.2,1.7320508075688776,0.6635522932108757,1.732050807568877
1.0986122886681098,-29.1,1.7320508075688776,0.5536910643440637,1.732050807568877
1.0986122886681098,-29.0,1.7320508075688776,0.44382983547725147,1.732050807568877
1.0986122886681098,-28.9,1.7320508075688774,0.33396860661043937,1.732050807568877
1.0986122886681098,-28.799999999999997,1.7320508075688776,0.2241073777436272,1.732050807568877
1.0986122886681098,-28.7,1.7320508075688772,0.11424614887681861,1.732050807568877
1.0986122886681098,-28.6,1.7320508075688774,0.004384920010010004,1.732050807568877
1.0986122886681098,-28.5,1.7320508075688779,-0.10547630885680215,1.732050807568877
1.0986122886681098,-28.4,1.7320508075688772,-0.21533753772361786,1.732050807568877
1.0986122886681098,-28.299999999999997,1.7320508075688774,-0.32519876659043,1.732050807568877
1.0986122886681098,-28.2,1.7320508075688776,-0.43505999545723867,1.732050807568877
1.0986122886681098,-28.1,1.7320508075688774,-0.5449212243240473,1.732050807568877
1.0986122886681098,-28.0,1.7320508075688776,-0.6547824531908594,1.732050807568877
1.0986122886681098,-27.9,1.7320508075688774,-0.7646436820576715,1.732050807568877
1.0986122886681098,-27.799999999999997,1.7320508075688774,-0.8745049109244837,1.732050807568877
1.0986122886681098,-27.7,1.7320508075688772,-0.9843661397912923,1.732050807568877
1.0986122886681098,-27.6,1.7320508075688772,-1.0942273686581008,1.732050807568877
1.0986122886681098,-27.5,1.7320508075688772,-1.2040885975249132,1.732050807568877
1.0986122886681098,-27.4,1.7320508075688772,-1.3139498263917253,1.732050807568877
1.0986122886681098,-27.299999999999997,1.7320508075688776,-1.4238110552585375,1.732050807568877
1.0986122886681098,-27.2,1.7320508075688774,-1.533672284125346,1.732050807568877
1.0986122886681098,-27.1,1.7320508075688776,-1.6435335129921544,1.732050807568877
1.0986122886681098,-27.0,1.7320508075688774,-1.7533947418589668,1.732050807568877
1.0986122886681098,-26.9,1.7320508075688776,-1.8632559707257825,1.732050807568877
1.0986122886681098,-26.799999999999997,1.7320508075688772,-1.9731171995925947,1.732050807568877
1.0986122886681098,-26.7,1.7320508075688774,-2.0829784284594033,1.732050807568877
1.0986122886681098,-26.6,1.7320508075688772,-2.192839657326212,1.732050807568877
1.0986122886681098,-26.5,1.7320508075688772,-2.302700886193024,1.732050807568877
1.0986122886681098,-26.4,1.7320508075688772,-2.412562115059836,1.732050807568877
1.0986122886681098,-26.299999999999997,1.7320508075688774,-2.5224233439266484,1.732050807568877
1.0986122886681098,-26.2,1.7320508075688774,-2.632284572793457,1.732050807568877
1.0986122886681098,-26.1,1.7320508075688774,-2.7421458016602656,1.732050807568877
1.0986122886681098,-26.0,1.7320508075688776,-2.8520070305270777,1.732050807568877
1.0986122886681098,-25.9,1.7320508075688774,-2.96186825939389,1.732050807568877
1.0986122886681098,-25.799999999999997,1.7320508075688772,-3.071729488260702,1.732050807568877
1.0986122886681098,-25.7,1.7320508075688776,3.101594590052076,1.732050807568877
1.0986122886681098,-25.6,1.7320508075688772,2.9917333611852674,1.732050807568877
1.0986122886681098,-25.5,1.7320508075688774,2.8818721323184553,1.732050807568877
1.0986122886681098,-25.4,1.7320508075688772,2.7720109034516396,1.732050807568877
1.0986122886681098,-25.299999999999997,1.7320508075688776,2.6621496745848274,1.732050807568877
1.0986122886681098,-25.2,1.7320508075688776,2.552288445718019,1.732050807568877
1.0986122886681098,-25.1,1.7320508075688774,2.4424272168512102,1.732050807568877
1.0986122886681098,-25.0,1.7320508075688772,2.332565987984398,1.732050807568877
1.0986122886681098,-24.9,1.7320508075688776,2.222704759117586,1.732050807568877
1.0986122886681098,-24.799999999999997,1.7320508075688774,2.1128435302507738,1.732050807568877
1.0986122886681098,-24.7,1.7320508075688772,2.002982301383965,1.732050807568877
1.0986122886681098,-24.6,1.7320508075688772,1.8931210725171566,1.732050807568877
1.0986122886681098,-24.5,1.7320508075688774,1.7832598436503444,1.732050807568877
1.0986122886681098,-24.4,1.7320508075688772,1.6733986147835322,1.732050807568877
1.0986122886681098,-24.299999999999997,1.7320508075688779,1.56353738591672,1.732050807568877
1.0986122886681098,-24.2,1.7320508075688774,1.4536761570499115,1.732050807568877
1.0986122886681098,-24.1,1.7320508075688772,1.3438149281831029,1.732050807568877
1.0986122886681098,-24.0,1.7320508075688774,1.2339536993162872,1.732050807568877
1.0986122886681098,-23.9,1.7320508075688774,1.124092470449475,1.732050807568877
1.0986122886681098,-23.8,1.7320508075688774,1.0142312415826664,1.732050807568877
1.0986122886681098,-23.7,1.7320508075688772,0.9043700127158543,1.732050807568877
1.0986122886681098,-23.599999999999998,1.7320508075688774,0.794508783849042,1.732050807568877
1.0986122886681098,-23.5,1.7320508075688776,0.6846475549822334,1.732050807568877
1.0986122886681098,-23.4,1.7320508075688776,0.5747863261154212,1.732050807568877
1.0986122886681098,-23.3,1.7320508075688772,0.46492509724861264,1.732050807568877
1.0986122886681098,-23.2,1.7320508075688772,0.3550638683818005,1.732050807568877
1.0986122886681098,-23.099999999999998,1.7320508075688774,0.24520263951498836,1.732050807568877
1.0986122886681098,-23.0,1.7320508075688774,0.13534141064817973,1.732050807568877
1.0986122886681098,-22.9,1.7320508075688774,0.025480181781367593,1.732050807568877
1.0986122886681098,-22.8,1.7320508075688776,-0.084381047085441,1.732050807568877
1.0986122886681098,-22.7,1.7320508075688776,-0.19424227595225316,1.732050807568877
1.0986122886681098,-22.599999999999998,1.7320508075688772,-0.3041035048190689,1.732050807568877
1.0986122886681098,-22.5,1.7320508075688776,-0.4139647336858775,1.732050807568877
1.0986122886681098,-22.4,1.7320508075688774,-0.5238259625526898,1.732050807568877
1.0986122886681098,-22.3,1.7320508075688772,-0.6336871914194983,1.732050807568877
1.0986122886681098,-22.2,1.7320508075688774,-0.7435484202863104,1.732050807568877
1.0986122886681098,-22.099999999999998,1.7320508075688774,-0.8534096491531226,1.732050807568877
1.0986122886681098,-22.0,1.7320508075688772,-0.9632708780199312,1.732050807568877
1.0986122886681098,-21.9,1.7320508075688776,-1.0731321068867432,1.732050807568877
1.0986122886681098,-21.8,1.7320508075688776,-1.1829933357535518,1.732050807568877
1.0986122886681098,-21.7,1.7320508075688774,-1.292854564620364,1.732050807568877
1.0986122886681098,-21.599999999999998,1.7320508075688776,-1.4027157934871761,1.732050807568877
1.0986122886681098,-21.5,1.7320508075688776,-1.5125770223539847,1.732050807568877
1.0986122886681098,-21.4,1.7320508075688774,-1.6224382512207969,1.732050807568877
1.0986122886681098,-21.3,1.7320508075688776,-1.7322994800876055,1.732050807568877
1.0986122886681098,-21.2,1.7320508075688774,-1.8421607089544176,1.732050807568877
1.0986122886681098,-21.099999999999998,1.7320508075688772,-1.9520219378212333,1.732050807568877
1.0986122886681098,-21.0,1.7320508075688774,-2.061883166688042,1.732050807568877
1.0986122886681098,-20.9,1.7320508075688774,-2.171744395554854,1.732050807568877
1.0986122886681098,-20.799999999999997,1.7320508075688772,-2.2816056244216663,1.732050807568877
1.0986122886681098,-20.7,1.7320508075688776,-2.391466853288475,1.732050807568877
1.0986122886681098,-20.599999999999998,1.7320508075688774,-2.501328082155287,1.732050807568877
1.0986122886681098,-20.5,1.7320508075688774,-2.6111893110220956,1.732050807568877
1.0986122886681098,-20.4,1.7320508075688774,-2.7210505398889078,1.732050807568877
1.0986122886681098,-20.299999999999997,1.7320508075688774,-2.83091176875572,1.732050807568877
1.0986122886681098,-20.2,1.7320508075688772,-2.9407729976225285,1.732050807568877
1.0986122886681098,-20.099999999999998,1.7320508075688774,-3.0506342264893407,1.732050807568877
1.0986122886681098,-20.0,1.7320508075688776,3.122689851823437,1.732050807568877
1.0986122886681098,-19.9,1.7320508075688776,3.012828622956625,1.732050807568877
1.0986122886681098,-19.799999999999997,1.7320508075688774,2.9029673940898126,1.732050807568877
1.0986122886681098,-19.7,1.7320508075688774,2.793106165223004,1.732050807568877
1.0986122886681098,-19.599999999999998,1.7320508075688774,2.6832449363561883,1.732050807568877
1.0986122886681098,-19.5,1.7320508075688772,2.5733837074893797,1.732050807568877
1.0986122886681098,-19.4,1.7320508075688774,2.4635224786225676,1.732050807568877
1.0986122886681098,-19.299999999999997,1.7320508075688772,2.3536612497557554,1.732050807568877
1.0986122886681098,-19.2,1.7320508075688774,2.243800020888947,1.732050807568877
1.0986122886681098,-19.099999999999998,1.7320508075688776,2.1339387920221347,1.732050807568877
1.0986122886681098,-19.0,1.7320508075688774,2.024077563155326,1.732050807568877
1.0986122886681098,-18.9,1.7320508075688776,1.9142163342885141,1.732050807568877
1.0986122886681098,-18.799999999999997,1.7320508075688774,1.804355105421702,1.732050807568877
1.0986122886681098,-18.7,1.7320508075688772,1.6944938765548934,1.732050807568877
1.0986122886681098,-18.599999999999998,1.7320508075688774,1.5846326476880812,1.732050807568877
1.0986122886681098,-18.5,1.7320508075688772,1.4747714188212726,1.732050807568877
1.0986122886681098,-18.4,1.7320508075688774,1.3649101899544605,1.732050807568877
1.0986122886681098,-18.299999999999997,1.7320508075688774,1.2550489610876483,1.732050807568877
1.0986122886681098,-18.2,1.7320508075688776,1.1451877322208361,1.732050807568877
1.0986122886681098,-18.099999999999998,1.7320508075688772,1.035326503354024,1.732050807568877
1.0986122886681098,-18.0,1.7320508075688774,0.9254652744872154,1.732050807568877
1.0986122886681098,-17.9,1.7320508075688774,0.8156040456204031,1.732050807568877
1.0986122886681098,-17.799999999999997,1.7320508075688774,0.705742816753591,1.732050807568877
1.0986122886681098,-17.7,1.7320508075688774,0.5958815878867824,1.732050807568877
1.0986122886681098,-17.599999999999998,1.7320508075688774,0.4860203590199702,1.732050807568877
1.0986122886681098,-17.5,1.7320508075688774,0.37615913015316166,1.732050807568877
1.0986122886681098,-17.4,1.7320508075688776,0.26629790128634945,1.732050807568877
1.0986122886681098,-17.299999999999997,1.7320508075688772,0.15643667241953732,1.732050807568877
1.0986122886681098,-17.2,1.7320508075688774,0.04657544355272873,1.732050807568877
1.0986122886681098,-17.099999999999998,1.7320508075688772,-0.06328578531408342,1.732050807568877
1.0986122886681098,-17.0,1.7320508075688774,-0.173147014180892,1.732050807568877
1.0986122886681098,-16.9,1.7320508075688774,-0.28300824304770417,1.732050807568877
1.0986122886681098,-16.799999999999997,1.7320508075688776,-0.3928694719145198,1.732050807568877
1.0986122886681098,-16.7,1.7320508075688772,-0.5027307007813284,1.732050807568877
1.0986122886681098,-16.599999999999998,1.7320508075688774,-0.6125919296481407,1.732050807568877
1.0986122886681098,-16.5,1.7320508075688772,-0.7224531585149493,1.732050807568877
1.0986122886681098,-16.4,1.7320508075688774,-0.8323143873817613,1.732050807568877
1.0986122886681098,-16.299999999999997,1.7320508075688774,-0.9421756162485736,1.732050807568877
1.0986122886681098,-16.2,1.7320508075688772,-1.052036845115382,1.732050807568877
1.0986122886681098,-16.099999999999998,1.7320508075688774,-1.1618980739821942,1.732050807568877
1.0986122886681098,-16.0,1.7320508075688774,-1.271759302849003,1.732050807568877
1.0986122886681098,-15.899999999999999,1.7320508075688774,-1.381620531715815,1.732050807568877
1.0986122886681098,-15.799999999999997,1.7320508075688774,-1.4914817605826272,1.732050807568877
1.0986122886681098,-15.7,1.7320508075688774,-1.6013429894494358,1.732050807568877
1.0986122886681098,-15.599999999999998,1.732050807568877,-1.711204218316248,1.732050807568877
1.0986122886681098,-15.5,1.7320508075688776,-1.8210654471830565,1.732050807568877
1.0986122886681098,-15.399999999999999,1.7320508075688774,-1.930926676049869,1.732050807568877
1.0986122886681098,-15.299999999999997,1.7320508075688772,-2.0407879049166846,1.732050807568877
1.0986122886681098,-15.2,1.7320508075688774,-2.150649133783493,1.732050807568877
1.0986122886681098,-15.099999999999998,1.7320508075688776,-2.2605103626503054,1.732050807568877
1.0986122886681098,-15.0,1.7320508075688774,-2.370371591517114,1.732050807568877
1.0986122886681098,-14.899999999999999,1.7320508075688774,-2.480232820383926,1.732050807568877
1.0986122886681098,-14.799999999999997,1.7320508075688772,-2.5900940492507383,1.732050807568877
1.0986122886681098,-14.7,1.7320508075688774,-2.699955278117547,1.732050807568877
1.0986122886681098,-14.599999999999998,1.7320508075688772,-2.809816506984359,1.732050807568877
1.0986122886681098,-14.5,1.7320508075688774,-2.9196777358511676,1.732050807568877
1.0986122886681098,-14.399999999999999,1.7320508075688774,-3.02953896471798,1.732050807568877
1.0986122886681098,-14.299999999999997,1.7320508075688774,-3.139400193584792,1.732050807568877
1.0986122886681098,-14.2,1.7320508075688774,3.0339238847279844,1.732050807568877
1.0986122886681098,-14.099999999999998,1.7320508075688772,2.924062655861172,1.732050807568877
1.0986122886681098,-14.0,1.7320508075688776,2.8142014269943636,1.732050807568877
1.0986122886681098,-13.899999999999999,1.7320508075688774,2.7043401981275514,1.732050807568877
1.0986122886681098,-13.799999999999997,1.7320508075688774,2.5944789692607393,1.732050807568877
1.0986122886681098,-13.7,1.7320508075688774,2.4846177403939307,1.732050807568877
1.0986122886681098,-13.599999999999998,1.7320508075688776,2.3747565115271185,1.732050807568877
1.0986122886681098,-13.5,1.7320508075688776,2.26489528266031,1.732050807568877
1.0986122886681098,-13.399999999999999,1.7320508075688774,2.155034053793496,1.732050807568877
1.0986122886681098,-13.299999999999997,1.7320508075688774,2.045172824926684,1.732050807568877
1.0986122886681098,-13.2,1.7320508075688776,1.9353115960598752,1.732050807568877
1.0986122886681098,-13.099999999999998,1.7320508075688776,1.825450367193063,1.732050807568877
1.0986122886681098,-13.0,1.7320508075688776,1.7155891383262545,1.732050807568877
1.0986122886681098,-12.899999999999999,1.7320508075688774,1.6057279094594423,1.732050807568877
1.0986122886681098,-12.799999999999997,1.7320508075688772,1.4958666805926284,1.732050807568877
1.0986122886681098,-12.7,1.7320508075688772,1.3860054517258198,1.732050807568877
1.0986122886681098,-12.599999999999998,1.7320508075688772,1.2761442228590076,1.732050807568877
1.0986122886681098,-12.5,1.7320508075688776,1.166282993992199,1.732050807568877
1.0986122886681098,-12.399999999999999,1.7320508075688776,1.0564217651253869,1.732050807568877
1.0986122886681098,-12.299999999999997,1.7320508075688774,0.9465605362585747,1.732050807568877
1.0986122886681098,-12.2,1.7320508075688774,0.836699307391766,1.732050807568877
1.0986122886681098,-12.099999999999998,1.7320508075688774,0.726838078524954,1.732050807568877
1.0986122886681098,-12.0,1.7320508075688774,0.6169768496581434,1.732050807568877
1.0986122886681098,-11.899999999999999,1.7320508075688772,0.5071156207913314,1.732050807568877
1.0986122886681098,-11.799999999999997,1.7320508075688772,0.3972543919245192,1.732050807568877
1.0986122886681098,-11.7,1.7320508075688774,0.28739316305771057,1.732050807568877
1.0986122886681098,-11.599999999999998,1.7320508075688776,0.17753193419089844,1.732050807568877
1.0986122886681098,-11.5,1.7320508075688776,0.06767070532408986,1.732050807568877
1.0986122886681098,-11.399999999999999,1.7320508075688772,-0.042190523542722284,1.732050807568877
1.0986122886681098,-11.299999999999997,1.7320508075688774,-0.15205175240953622,1.732050807568877
1.0986122886681098,-11.2,1.7320508075688774,-0.2619129812763448,1.732050807568877
1.0986122886681098,-11.099999999999998,1.7320508075688776,-0.371774210143157,1.732050807568877
1.0986122886681098,-11.0,1.7320508075688774,-0.4816354390099655,1.732050807568877
1.0986122886681098,-10.899999999999999,1.7320508075688774,-0.5914966678767777,1.732050807568877
1.0986122886681098,-10.799999999999997,1.7320508075688774,-0.7013578967435898,1.732050807568877
1.0986122886681098,-10.7,1.7320508075688774,-0.8112191256103984,1.732050807568877
1.0986122886681098,-10.599999999999998,1.7320508075688774,-0.9210803544772124,1.732050807568877
1.0986122886681098,-10.5,1.7320508075688776,-1.030941583344021,1.732050807568877
1.0986122886681098,-10.399999999999999,1.7320508075688774,-1.1408028122108331,1.732050807568877
1.0986122886681098,-10.299999999999997,1.7320508075688774,-1.2506640410776453,1.732050807568877
1.0986122886681098,-10.2,1.7320508075688774,-1.3605252699444539,1.732050807568877
1.0986122886681098,-10.099999999999998,1.7320508075688776,-1.470386498811266,1.732050807568877
1.0986122886681098,-10.0,1.7320508075688774,-1.5802477276780746,1.732050807568877
1.0986122886681098,-9.899999999999999,1.7320508075688774,-1.6901089565448868,1.732050807568877
1.0986122886681098,-9.799999999999997,1.7320508075688774,-1.7999701854117007,1.732050807568877
1.0986122886681098,-9.7,1.7320508075688774,-1.9098314142785093,1.732050807568877
1.0986122886681098,-9.599999999999998,1.7320508075688772,-2.0196926431453215,1.732050807568877
1.0986122886681098,-9.5,1.7320508075688774,-2.12955387201213,1.732050807568877
1.0986122886681098,-9.399999999999999,1.7320508075688774,-2.2394151008789422,1.732050807568877
1.0986122886681098,-9.299999999999997,1.7320508075688774,-2.3492763297457544,1.732050807568877
1.0986122886681098,-9.2,1.7320508075688774,-2.459137558612563,1.732050807568877
1.0986122886681098,-9.099999999999998,1.7320508075688774,-2.568998787479377,1.732050807568877
1.0986122886681098,-9.0,1.7320508075688774,-2.6788600163461855,1.732050807568877
1.0986122886681098,-8.899999999999999,1.7320508075688776,-2.7887212452129977,1.732050807568877
1.0986122886681098,-8.799999999999997,1.7320508075688774,-2.89858247407981,1.732050807568877
1.0986122886681098,-8.7,1.7320508075688774,-3.0084437029466184,1.732050807568877
1.0986122886681098,-8.599999999999998,1.7320508075688774,-3.1183049318134306,1.732050807568877
1.0986122886681098,-8.5,1.7320508075688774,3.055019146499347,1.732050807568877
1.0986122886681098,-8.399999999999999,1.7320508075688774,2.945157917632533,1.732050807568877
1.0986122886681098,-8.299999999999997,1.7320508075688772,2.835296688765721,1.732050807568877
1.0986122886681098,-8.2,1.7320508075688774,2.7254354598989123,1.732050807568877
1.0986122886681098,-8.099999999999998,1.7320508075688776,2.6155742310321006,1.732050807568877
1.0986122886681098,-8.0,1.7320508075688774,2.505713002165292,1.732050807568877
1.0986122886681098,-7.899999999999999,1.7320508075688776,2.39585177329848,1.732050807568877
1.0986122886681098,-7.799999999999997,1.7320508075688772,2.2859905444316677,1.732050807568877
1.0986122886681098,-7.699999999999996,1.7320508075688776,2.176129315564854,1.732050807568877
1.0986122886681098,-7.600000000000001,1.7320508075688774,2.0662680866980505,1.732050807568877
1.0986122886681098,-7.5,1.7320508075688776,1.9564068578312361,1.732050807568877
1.0986122886681098,-7.399999999999999,1.7320508075688776,1.8465456289644242,1.732050807568877
1.0986122886681098,-7.299999999999997,1.7320508075688776,1.736684400097612,1.732050807568877
1.0986122886681098,-7.199999999999996,1.7320508075688774,1.626823171230799,1.732050807568877
1.0986122886681098,-7.100000000000001,1.7320508075688774,1.5169619423639948,1.732050807568877
1.0986122886681098,-7.0,1.7320508075688772,1.4071007134971818,1.732050807568877
1.0986122886681098,-6.899999999999999,1.7320508075688776,1.2972394846303696,1.732050807568877
1.0986122886681098,-6.799999999999997,1.7320508075688774,1.1873782557635566,1.732050807568877
1.0986122886681098,-6.699999999999996,1.7320508075688772,1.0775170268967444,1.732050807568877
1.0986122886681098,-6.600000000000001,1.7320508075688772,0.9676557980299394,1.732050807568877
1.0986122886681098,-6.5,1.7320508075688774,0.8577945691631272,1.732050807568877
1.0986122886681098,-6.399999999999999,1.7320508075688774,0.7479333402963142,1.732050807568877
1.0986122886681098,-6.299999999999997,1.7320508075688776,0.638072111429502,1.732050807568877
1.0986122886681098,-6.199999999999996,1.7320508075688772,0.5282108825626899,1.732050807568877
1.0986122886681098,-6.100000000000001,1.7320508075688774,0.4183496536958848,1.732050807568877
1.0986122886681098,-6.0,1.7320508075688774,0.30848842482907174,1.732050807568877
1.0986122886681098,-5.899999999999999,1.7320508075688774,0.1986271959622596,1.732050807568877
1.0986122886681098,-5.799999999999997,1.7320508075688774,0.08876596709544747,1.732050807568877
1.0986122886681098,-5.699999999999996,1.7320508075688774,-0.02109526177136558,1.732050807568877
1.0986122886681098,-5.600000000000001,1.7320508075688774,-0.13095649063816975,1.732050807568877
1.0986122886681098,-5.5,1.7320508075688772,-0.24081771950498282,1.732050807568877
1.0986122886681098,-5.399999999999999,1.7320508075688774,-0.3506789483717949,1.732050807568877
1.0986122886681098,-5.299999999999997,1.7320508075688774,-0.46054017723860796,1.732050807568877
1.0986122886681098,-5.199999999999996,1.7320508075688772,-0.5704014061054201,1.732050807568877
1.0986122886681098,-5.100000000000001,1.7320508075688774,-0.6802626349722252,1.732050807568877
1.0986122886681098,-5.0,1.7320508075688774,-0.7901238638390373,1.732050807568877
1.0986122886681098,-4.899999999999999,1.7320508075688774,-0.8999850927058504,1.732050807568877
1.0986122886681098,-4.799999999999997,1.7320508075688774,-1.0098463215726625,1.732050807568877
1.0986122886681098,-4.699999999999996,1.7320508075688772,-1.1197075504394756,1.732050807568877
1.0986122886681098,-4.600000000000001,1.7320508075688776,-1.2295687793062797,1.732050807568877
1.0986122886681098,-4.5,1.7320508075688774,-1.3394300081730928,1.732050807568877
1.0986122886681098,-4.399999999999999,1.7320508075688776,-1.449291237039905,1.732050807568877
1.0986122886681098,-4.299999999999997,1.7320508075688772,-1.559152465906717,1.732050807568877
1.0986122886681098,-4.199999999999996,1.7320508075688772,-1.6690136947735301,1.732050807568877
1.0986122886681098,-4.100000000000001,1.7320508075688774,-1.7788749236403352,1.732050807568877
1.0986122886681098,-4.0,1.7320508075688774,-1.8887361525071473,1.732050807568877
1.0986122886681098,-3.8999999999999986,1.7320508075688776,-1.9985973813739595,1.732050807568877
1.0986122886681098,-3.799999999999997,1.7320508075688774,-2.1084586102407723,1.732050807568877
1.0986122886681098,-3.6999999999999957,1.7320508075688776,-2.2183198391075845,1.732050807568877
1.0986122886681098,-3.6000000000000014,1.7320508075688776,-2.32818106797439,1.732050807568877
1.0986122886681098,-3.5,1.7320508075688776,-2.4380422968412025,1.732050807568877
1.0986122886681098,-3.3999999999999986,1.7320508075688774,-2.547903525708015,1.732050807568877
1.0986122886681098,-3.299999999999997,1.7320508075688776,-2.657764754574827,1.732050807568877
1.0986122886681098,-3.1999999999999957,1.7320508075688774,-2.76762598344164,1.732050807568877
1.0986122886681098,-3.1000000000000014,1.7320508075688776,-2.877487212308445,1.732050807568877
1.0986122886681098,-3.0,1.7320508075688774,-2.9873484411752576,1.732050807568877
1.0986122886681098,-2.8999999999999986,1.7320508075688774,-3.0972096700420697,1.732050807568877
1.0986122886681098,-2.799999999999997,1.7320508075688774,3.0761144082707044,1.732050807568877
1.0986122886681098,-2.6999999999999957,1.7320508075688774,2.9662531794038918,1.732050807568877
1.0986122886681098,-2.6000000000000014,1.7320508075688774,2.856391950537087,1.732050807568877
1.0986122886681098,-2.5,1.7320508075688772,2.7465307216702746,1.732050807568877
1.0986122886681098,-2.3999999999999986,1.7320508075688776,2.636669492803462,1.732050807568877
1.0986122886681098,-2.299999999999997,1.7320508075688774,2.5268082639366494,1.732050807568877
1.0986122886681098,-2.1999999999999957,1.7320508075688774,2.4169470350698368,1.732050807568877
1.0986122886681098,-2.1000000000000014,1.7320508075688774,2.307085806203032,1.732050807568877
1.0986122886681098,-2.0,1.7320508075688772,2.1972245773362196,1.732050807568877
1.0986122886681098,-1.8999999999999986,1.7320508075688772,2.087363348469407,1.732050807568877
1.0986122886681098,-1.7999999999999972,1.7320508075688776,1.9775021196025946,1.732050807568877
1.0986122886681098,-1.6999999999999957,1.7320508075688772,1.867640890735782,1.732050807568877
1.0986122886681098,-1.5999999999999943,1.7320508075688774,1.7577796618689694,1.732050807568877
1.0986122886681098,-1.5,1.7320508075688774,1.6479184330021646,1.732050807568877
1.0986122886681098,-1.3999999999999986,1.7320508075688774,1.5380572041353522,1.732050807568877
1.0986122886681098,-1.2999999999999972,1.7320508075688776,1.4281959752685396,1.732050807568877
1.0986122886681098,-1.1999999999999957,1.7320508075688772,1.318334746401727,1.732050807568877
1.0986122886681098,-1.0999999999999943,1.7320508075688774,1.2084735175349146,1.732050807568877
1.0986122886681098,-1.0,1.7320508075688774,1.0986122886681098,1.732050807568877
1.0986122886681098,-0.8999999999999986,1.7320508075688776,0.9887510598012973,1.732050807568877
1.0986122886681098,-0.7999999999999972,1.7320508075688774,0.8788898309344848,1.732050807568877
1.0986122886681098,-0.6999999999999957,1.7320508075688774,0.7690286020676722,1.732050807568877
1.0986122886681098,-0.5999999999999943,1.7320508075688774,0.6591673732008596,1.732050807568877
1.0986122886681098,-0.5,1.7320508075688774,0.5493061443340549,1.732050807568877
1.0986122886681098,-0.3999999999999986,1.7320508075688772,0.43944491546724235,1.732050807568877
1.0986122886681098,-0.29999999999999716,1.7320508075688776,0.3295836866004298,1.732050807568877
1.0986122886681098,-0.19999999999999574,1.7320508075688774,0.21972245773361726,1.732050807568877
1.0986122886681098,-0.09999999999999432,1.7320508075688772,0.10986122886680473,1.732050807568877
1.0986122886681098,0.0,1.7320508075688774,0.0,1.732050807568877
1.0986122886681098,0.10000000000000142,1.7320508075688774,-0.10986122886681253,1.732050807568877
1.0986122886681098,0.20000000000000284,1.7320508075688772,-0.2197224577336251,1.732050807568877
1.0986122886681098,0.30000000000000426,1.7320508075688776,-0.32958368660043763,1.732050807568877
1.0986122886681098,0.4000000000000057,1.7320508075688774,-0.4394449154672502,1.732050807568877
1.0986122886681098,0.5,1.7320508075688774,-0.5493061443340549,1.732050807568877
1.0986122886681098,0.6000000000000014,1.7320508075688772,-0.6591673732008674,1.732050807568877
1.0986122886681098,0.7000000000000028,1.7320508075688774,-0.7690286020676799,1.732050807568877
1.0986122886681098,0.8000000000000043,1.7320508075688774,-0.8788898309344925,1.732050807568877
1.0986122886681098,0.9000000000000057,1.7320508075688774,-0.9887510598013051,1.732050807568877
1.0986122886681098,1.0,1.7320508075688774,-1.0986122886681098,1.732050807568877
1.0986122886681098,1.1000000000000014,1.7320508075688776,-1.2084735175349224,1.732050807568877
1.0986122886681098,1.2000000000000028,1.7320508075688774,-1.3183347464017348,1.732050807568877
1.0986122886681098,1.3000000000000043,1.7320508075688776,-1.4281959752685474,1.732050807568877
1.0986122886681098,1.4000000000000057,1.7320508075688774,-1.53805720413536,1.732050807568877
1.0986122886681098,1.5,1.7320508075688774,-1.6479184330021646,1.732050807568877
1.0986122886681098,1.6000000000000014,1.7320508075688774,-1.7577796618689772,1.732050807568877
1.0986122886681098,1.7000000000000028,1.7320508075688774,-1.8676408907357898,1.732050807568877
1.0986122886681098,1.8000000000000043,1.7320508075688774,-1.9775021196026024,1.732050807568877
1.0986122886681098,1.9000000000000057,1.7320508075688776,-2.087363348469415,1.732050807568877
1.0986122886681098,2.0,1.7320508075688772,-2.1972245773362196,1.732050807568877
1.0986122886681098,2.1000000000000014,1.7320508075688774,-2.307085806203032,1.732050807568877
1.0986122886681098,2.200000000000003,1.7320508075688776,-2.4169470350698448,1.732050807568877
1.0986122886681098,2.3000000000000043,1.7320508075688774,-2.5268082639366574,1.732050807568877
1.0986122886681098,2.4000000000000057,1.7320508075688776,-2.6366694928034695,1.732050807568877
1.0986122886681098,2.5,1.7320508075688772,-2.7465307216702746,1.732050807568877
1.0986122886681098,2.6000000000000014,1.7320508075688774,-2.856391950537087,1.732050807568877
1.0986122886681098,2.700000000000003,1.7320508075688772,-2.9662531794038993,1.732050807568877
1.0986122886681098,2.8000000000000043,1.7320508075688774,-3.076114408270712,1.732050807568877
1.0986122886681098,2.9000000000000057,1.7320508075688774,3.097209670042062,1.732050807568877
1.0986122886681098,3.0,1.7320508075688774,2.9873484411752576,1.732050807568877
1.0986122886681098,3.1000000000000014,1.7320508075688776,2.877487212308445,1.732050807568877
1.0986122886681098,3.200000000000003,1.7320508075688774,2.7676259834416324,1.732050807568877
1.0986122886681098,3.3000000000000043,1.7320508075688776,2.6577647545748198,1.732050807568877
1.0986122886681098,3.4000000000000057,1.7320508075688776,2.5479035257080067,1.732050807568877
1.0986122886681098,3.5,1.7320508075688776,2.4380422968412025,1.732050807568877
1.0986122886681098,3.6000000000000014,1.7320508075688776,2.32818106797439,1.732050807568877
1.0986122886681098,3.700000000000003,1.7320508075688772,2.218319839107578,1.732050807568877
1.0986122886681098,3.8000000000000043,1.7320508075688774,2.1084586102407643,1.732050807568877
1.0986122886681098,3.9000000000000057,1.7320508075688776,1.9985973813739524,1.732050807568877
1.0986122886681098,4.0,1.7320508075688774,1.8887361525071473,1.732050807568877
1.0986122886681098,4.100000000000001,1.7320508075688774,1.7788749236403352,1.732050807568877
1.0986122886681098,4.200000000000003,1.7320508075688774,1.6690136947735221,1.732050807568877
1.0986122886681098,4.300000000000004,1.7320508075688774,1.55915246590671,1.732050807568877
1.0986122886681098,4.400000000000006,1.7320508075688774,1.449291237039897,1.732050807568877
1.0986122886681098,4.5,1.7320508075688774,1.3394300081730928,1.732050807568877
1.0986122886681098,4.600000000000001,1.7320508075688776,1.2295687793062797,1.732050807568877
1.0986122886681098,4.700000000000003,1.7320508075688774,1.1197075504394676,1.732050807568877
1.0986122886681098,4.800000000000004,1.7320508075688774,1.0098463215726545,1.732050807568877
1.0986122886681098,4.900000000000006,1.7320508075688772,0.8999850927058425,1.732050807568877
1.0986122886681098,5.0,1.7320508075688774,0.7901238638390373,1.732050807568877
1.0986122886681098,5.100000000000001,1.7320508075688774,0.6802626349722252,1.732050807568877
1.0986122886681098,5.200000000000003,1.7320508075688776,0.5704014061054121,1.732050807568877
1.0986122886681098,5.300000000000004,1.7320508075688774,0.4605401772386,1.732050807568877
1.0986122886681098,5.400000000000006,1.7320508075688776,0.3506789483717878,1.732050807568877
1.0986122886681098,5.5,1.7320508075688772,0.24081771950498282,1.732050807568877
1.0986122886681098,5.600000000000001,1.7320508075688774,0.13095649063816975,1.732050807568877
1.0986122886681098,5.700000000000003,1.7320508075688776,0.021095261771357586,1.732050807568877
1.0986122886681098,5.800000000000004,1.7320508075688776,-0.08876596709545456,1.732050807568877
1.0986122886681098,5.900000000000006,1.7320508075688774,-0.1986271959622676,1.732050807568877
1.0986122886681098,6.0,1.7320508075688774,-0.30848842482907174,1.732050807568877
1.0986122886681098,6.100000000000001,1.7320508075688774,-0.4183496536958848,1.732050807568877
1.0986122886681098,6.200000000000003,1.7320508075688776,-0.528210882562697,1.732050807568877
1.0986122886681098,6.300000000000004,1.7320508075688772,-0.63807211142951,1.732050807568877
1.0986122886681098,6.400000000000006,1.7320508075688774,-0.7479333402963222,1.732050807568877
1.0986122886681098,6.5,1.7320508075688774,-0.8577945691631272,1.732050807568877
1.0986122886681098,6.600000000000001,1.7320508075688772,-0.9676557980299394,1.732050807568877
1.0986122886681098,6.700000000000003,1.7320508075688774,-1.0775170268967524,1.732050807568877
1.0986122886681098,6.800000000000004,1.7320508075688774,-1.1873782557635646,1.732050807568877
1.0986122886681098,6.900000000000006,1.7320508075688774,-1.2972394846303776,1.732050807568877
1.0986122886681098,7.0,1.7320508075688772,-1.4071007134971818,1.732050807568877
1.0986122886681098,7.100000000000001,1.7320508075688774,-1.5169619423639948,1.732050807568877
1.0986122886681098,7.200000000000003,1.7320508075688772,-1.626823171230807,1.732050807568877
1.0986122886681098,7.300000000000004,1.7320508075688772,-1.7366844000976192,1.732050807568877
1.0986122886681098,7.400000000000006,1.7320508075688774,-1.8465456289644313,1.732050807568877
1.0986122886681098,7.5,1.7320508075688776,-1.9564068578312361,1.732050807568877
1.0986122886681098,7.600000000000001,1.7320508075688774,-2.0662680866980505,1.732050807568877
1.0986122886681098,7.700000000000003,1.7320508075688774,-2.176129315564862,1.732050807568877
1.0986122886681098,7.800000000000004,1.7320508075688774,-2.285990544431675,1.732050807568877
1.0986122886681098,7.900000000000006,1.7320508075688774,-2.395851773298487,1.732050807568877
1.0986122886681098,8.0,1.7320508075688774,-2.505713002165292,1.732050807568877
1.0986122886681098,8.100000000000001,1.7320508075688774,-2.615574231032104,1.732050807568877
1.0986122886681098,8.200000000000003,1.7320508075688774,-2.7254354598989163,1.732050807568877
1.0986122886681098,8.300000000000004,1.7320508075688776,-2.8352966887657303,1.732050807568877
1.0986122886681098,8.400000000000006,1.7320508075688774,-2.945157917632542,1.732050807568877
1.0986122886681098,8.5,1.7320508075688774,-3.055019146499347,1.732050807568877
1.0986122886681098,8.600000000000001,1.7320508075688774,3.118304931813427,1.732050807568877
1.0986122886681098,8.700000000000003,1.7320508075688776,3.008443702946615,1.732050807568877
1.0986122886681098,8.800000000000004,1.7320508075688774,2.8985824740798027,1.732050807568877
1.0986122886681098,8.900000000000006,1.7320508075688774,2.788721245212989,1.732050807568877
1.0986122886681098,9.0,1.7320508075688774,2.6788600163461855,1.732050807568877
1.0986122886681098,9.100000000000001,1.7320508075688774,2.5689987874793716,1.732050807568877
1.0986122886681098,9.200000000000003,1.7320508075688774,2.4591375586125594,1.732050807568877
1.0986122886681098,9.300000000000004,1.7320508075688776,2.3492763297457473,1.732050807568877
1.0986122886681098,9.400000000000006,1.7320508075688772,2.239415100878935,1.732050807568877
1.0986122886681098,9.5,1.7320508075688774,2.12955387201213,1.732050807568877
1.0986122886681098,9.600000000000001,1.7320508075688774,2.019692643145318,1.732050807568877
1.0986122886681098,9.700000000000003,1.7320508075688776,1.9098314142785058,1.732050807568877
1.0986122886681098,9.800000000000004,1.7320508075688774,1.7999701854116918,1.732050807568877
1.0986122886681098,9.900000000000006,1.7320508075688772,1.6901089565448797,1.732050807568877
1.0986122886681098,10.0,1.7320508075688774,1.5802477276780746,1.732050807568877
1.0986122886681098,10.100000000000001,1.7320508075688774,1.4703864988112625,1.732050807568877
1.0986122886681098,10.200000000000003,1.7320508075688774,1.3605252699444503,1.732050807568877
1.0986122886681098,10.300000000000004,1.7320508075688774,1.2506640410776382,1.732050807568877
1.0986122886681098,10.400000000000006,1.7320508075688774,1.1408028122108242,1.732050807568877
1.0986122886681098,10.5,1.7320508075688776,1.030941583344021,1.732050807568877
1.0986122886681098,10.600000000000001,1.7320508075688776,0.9210803544772072,1.732050807568877
1.0986122886681098,10.700000000000003,1.7320508075688774,0.8112191256103949,1.732050807568877
1.0986122886681098,10.800000000000004,1.7320508075688774,0.7013578967435827,1.732050807568877
1.0986122886681098,10.900000000000006,1.7320508075688774,0.5914966678767706,1.732050807568877
1.0986122886681098,11.0,1.7320508075688774,0.4816354390099655,1.732050807568877
1.0986122886681098,11.100000000000001,1.7320508075688774,0.37177421014315337,1.732050807568877
1.0986122886681098,11.200000000000003,1.7320508075688772,0.2619129812763395,1.732050807568877
1.0986122886681098,11.300000000000004,1.7320508075688776,0.15205175240952734,1.732050807568877
1.0986122886681098,11.400000000000006,1.7320508075688774,0.04219052354271518,1.732050807568877
1.0986122886681098,11.5,1.7320508075688776,-0.06767070532408986,1.732050807568877
1.0986122886681098,11.600000000000001,1.7320508075688774,-0.17753193419090205,1.732050807568877
1.0986122886681098,11.700000000000003,1.7320508075688774,-0.2873931630577142,1.732050807568877
1.0986122886681098,11.800000000000004,1.7320508075688774,-0.3972543919245263,1.732050807568877
1.0986122886681098,11.900000000000006,1.7320508075688774,-0.5071156207913403,1.732050807568877
1.0986122886681098,12.0,1.7320508075688774,-0.6169768496581434,1.732050807568877
1.0986122886681098,12.100000000000001,1.7320508075688774,-0.7268380785249575,1.732050807568877
1.0986122886681098,12.200000000000003,1.7320508075688774,-0.8366993073917697,1.732050807568877
1.0986122886681098,12.300000000000004,1.7320508075688774,-0.9465605362585817,1.732050807568877
1.0986122886681098,12.400000000000006,1.7320508075688772,-1.056421765125394,1.732050807568877
1.0986122886681098,12.5,1.7320508075688776,-1.166282993992199,1.732050807568877
1.0986122886681098,12.600000000000001,1.7320508075688772,-1.2761442228590112,1.732050807568877
1.0986122886681098,12.700000000000003,1.7320508075688776,-1.3860054517258251,1.732050807568877
1.0986122886681098,12.800000000000004,1.7320508075688774,-1.4958666805926373,1.732050807568877
1.0986122886681098,12.900000000000006,1.7320508075688774,-1.6057279094594494,1.732050807568877
1.0986122886681098,13.0,1.7320508075688776,-1.7155891383262545,1.732050807568877
1.0986122886681098,13.100000000000001,1.7320508075688774,-1.8254503671930666,1.732050807568877
1.0986122886681098,13.200000000000003,1.7320508075688774,-1.9353115960598788,1.732050807568877
1.0986122886681098,13.300000000000004,1.7320508075688772,-2.0451728249266927,1.732050807568877
1.0986122886681098,13.400000000000006,1.7320508075688772,-2.155034053793505,1.732050807568877
1.0986122886681098,13.5,1.7320508075688776,-2.26489528266031,1.732050807568877
1.0986122886681098,13.600000000000001,1.7320508075688776,-2.374756511527122,1.732050807568877
1.0986122886681098,13.700000000000003,1.7320508075688776,-2.4846177403939342,1.732050807568877
1.0986122886681098,13.800000000000004,1.7320508075688774,-2.5944789692607464,1.732050807568877
1.0986122886681098,13.900000000000006,1.7320508075688774,-2.7043401981275585,1.732050807568877
1.0986122886681098,14.0,1.7320508075688776,-2.8142014269943636,1.732050807568877
1.0986122886681098,14.100000000000001,1.7320508075688772,-2.9240626558611758,1.732050807568877
1.0986122886681098,14.200000000000003,1.7320508075688774,-3.0339238847279897,1.732050807568877
1.0986122886681098,14.300000000000004,1.7320508075688774,3.139400193584785,1.732050807568877
1.0986122886681098,14.400000000000006,1.7320508075688776,3.0295389647179727,1.732050807568877
1.0986122886681098,14.5,1.7320508075688774,2.9196777358511676,1.732050807568877
1.0986122886681098,14.600000000000001,1.7320508075688776,2.8098165069843555,1.732050807568877
1.0986122886681098,14.700000000000003,1.7320508075688776,2.6999552781175433,1.732050807568877
1.0986122886681098,14.800000000000004,1.7320508075688776,2.590094049250731,1.732050807568877
1.0986122886681098,14.900000000000006,1.7320508075688776,2.480232820383919,1.732050807568877
1.0986122886681098,15.0,1.7320508075688774,2.370371591517114,1.732050807568877
1.0986122886681098,15.100000000000001,1.7320508075688774,2.260510362650302,1.732050807568877
1.0986122886681098,15.200000000000003,1.7320508075688776,2.150649133783486,1.732050807568877
1.0986122886681098,15.300000000000004,1.7320508075688774,2.040787904916674,1.732050807568877
1.0986122886681098,15.400000000000006,1.7320508075688774,1.9309266760498618,1.732050807568877
1.0986122886681098,15.5,1.7320508075688776,1.8210654471830565,1.732050807568877
1.0986122886681098,15.600000000000001,1.7320508075688774,1.7112042183162444,1.732050807568877
1.0986122886681098,15.700000000000003,1.7320508075688776,1.6013429894494322,1.732050807568877
1.0986122886681098,15.800000000000004,1.7320508075688774,1.49148176058262,1.732050807568877
1.0986122886681098,15.900000000000006,1.7320508075688774,1.381620531715808,1.732050807568877
1.0986122886681098,16.0,1.7320508075688774,1.271759302849003,1.732050807568877
1.0986122886681098,16.1,1.7320508075688774,1.161898073982191,1.732050807568877
1.0986122886681098,16.200000000000003,1.7320508075688774,1.0520368451153785,1.732050807568877
1.0986122886681098,16.300000000000004,1.7320508075688774,0.9421756162485665,1.732050807568877
1.0986122886681098,16.400000000000006,1.7320508075688774,0.8323143873817543,1.732050807568877
1.0986122886681098,16.5,1.7320508075688772,0.7224531585149493,1.732050807568877
1.0986122886681098,16.6,1.7320508075688776,0.612591929648137,1.732050807568877
1.0986122886681098,16.700000000000003,1.7320508075688774,0.5027307007813213,1.732050807568877
1.0986122886681098,16.800000000000004,1.7320508075688776,0.3928694719145092,1.732050807568877
1.0986122886681098,16.900000000000006,1.7320508075688774,0.28300824304769706,1.732050807568877
1.0986122886681098,17.0,1.7320508075688774,0.173147014180892,1.732050807568877
1.0986122886681098,17.1,1.7320508075688772,0.06328578531407988,1.732050807568877
1.0986122886681098,17.200000000000003,1.7320508075688772,-0.04657544355273229,1.732050807568877
1.0986122886681098,17.300000000000004,1.7320508075688772,-0.15643667241954445,1.732050807568877
1.0986122886681098,17.400000000000006,1.7320508075688774,-0.2662979012863566,1.732050807568877
1.0986122886681098,17.5,1.7320508075688774,-0.37615913015316166,1.732050807568877
1.0986122886681098,17.6,1.7320508075688776,-0.4860203590199738,1.732050807568877
1.0986122886681098,17.700000000000003,1.7320508075688772,-0.5958815878867859,1.732050807568877
1.0986122886681098,17.800000000000004,1.7320508075688774,-0.7057428167535981,1.732050807568877
1.0986122886681098,17.900000000000006,1.7320508075688772,-0.8156040456204103,1.732050807568877
1.0986122886681098,18.0,1.7320508075688774,-0.9254652744872154,1.732050807568877
1.0986122886681098,18.1,1.7320508075688774,-1.0353265033540275,1.732050807568877
1.0986122886681098,18.200000000000003,1.7320508075688774,-1.1451877322208432,1.732050807568877
1.0986122886681098,18.300000000000004,1.7320508075688774,-1.2550489610876554,1.732050807568877
1.0986122886681098,18.400000000000006,1.7320508075688772,-1.3649101899544676,1.732050807568877
1.0986122886681098,18.5,1.7320508075688772,-1.4747714188212726,1.732050807568877
1.0986122886681098,18.6,1.7320508075688774,-1.5846326476880848,1.732050807568877
1.0986122886681098,18.700000000000003,1.7320508075688776,-1.694493876554897,1.732050807568877
1.0986122886681098,18.800000000000004,1.7320508075688774,-1.804355105421709,1.732050807568877
1.0986122886681098,18.900000000000006,1.7320508075688774,-1.9142163342885212,1.732050807568877
1.0986122886681098,19.0,1.7320508075688774,-2.024077563155326,1.732050807568877
1.0986122886681098,19.1,1.7320508075688776,-2.133938792022138,1.732050807568877
1.0986122886681098,19.200000000000003,1.7320508075688774,-2.2438000208889504,1.732050807568877
1.0986122886681098,19.300000000000004,1.7320508075688774,-2.3536612497557625,1.732050807568877
1.0986122886681098,19.400000000000006,1.7320508075688774,-2.4635224786225747,1.732050807568877
1.0986122886681098,19.5,1.7320508075688772,-2.5733837074893797,1.732050807568877
1.0986122886681098,19.6,1.7320508075688774,-2.6832449363561954,1.732050807568877
1.0986122886681098,19.700000000000003,1.7320508075688774,-2.7931061652230076,1.732050807568877
1.0986122886681098,19.800000000000004,1.7320508075688774,-2.9029673940898197,1.732050807568877
1.0986122886681098,19.900000000000006,1.7320508075688772,-3.012828622956632,1.732050807568877
1.0986122886681098,20.0,1.7320508075688776,-3.122689851823437,1.732050807568877
1.0986122886681098,20.1,1.7320508075688774,3.050634226489337,1.732050807568877
1.0986122886681098,20.200000000000003,1.7320508075688776,2.940772997622525,1.732050807568877
1.0986122886681098,20.300000000000004,1.7320508075688774,2.830911768755713,1.732050807568877
1.0986122886681098,20.400000000000006,1.7320508075688772,2.7210505398889007,1.732050807568877
1.0986122886681098,20.5,1.7320508075688774,2.6111893110220956,1.732050807568877
1.0986122886681098,20.6,1.7320508075688774,2.5013280821552835,1.732050807568877
1.0986122886681098,20.700000000000003,1.7320508075688774,2.3914668532884713,1.732050807568877
1.0986122886681098,20.800000000000004,1.7320508075688772,2.281605624421659,1.732050807568877
1.0986122886681098,20.900000000000006,1.7320508075688776,2.1717443955548434,1.732050807568877
1.0986122886681098,21.0,1.7320508075688774,2.061883166688042,1.732050807568877
1.0986122886681098,21.1,1.7320508075688774,1.9520219378212262,1.732050807568877
1.0986122886681098,21.200000000000003,1.7320508075688774,1.842160708954414,1.732050807568877
1.0986122886681098,21.300000000000004,1.7320508075688774,1.732299480087602,1.732050807568877
1.0986122886681098,21.400000000000006,1.7320508075688774,1.6224382512207898,1.732050807568877
1.0986122886681098,21.5,1.7320508075688776,1.5125770223539847,1.732050807568877
1.0986122886681098,21.6,1.7320508075688772,1.4027157934871726,1.732050807568877
1.0986122886681098,21.700000000000003,1.7320508075688774,1.2928545646203604,1.732050807568877
1.0986122886681098,21.800000000000004,1.7320508075688776,1.1829933357535483,1.732050807568877
1.0986122886681098,21.900000000000006,1.7320508075688774,1.073132106886736,1.732050807568877
1.0986122886681098,22.0,1.7320508075688772,0.9632708780199312,1.732050807568877
1.0986122886681098,22.1,1.7320508075688772,0.853409649153119,1.732050807568877
1.0986122886681098,22.200000000000003,1.7320508075688772,0.7435484202863069,1.732050807568877
1.0986122886681098,22.300000000000004,1.7320508075688772,0.6336871914194947,1.732050807568877
1.0986122886681098,22.400000000000006,1.7320508075688776,0.523825962552679,1.732050807568877
1.0986122886681098,22.5,1.7320508075688776,0.4139647336858775,1.732050807568877
1.0986122886681098,22.6,1.7320508075688772,0.30410350481906173,1.732050807568877
1.0986122886681098,22.700000000000003,1.7320508075688776,0.1942422759522496,1.732050807568877
1.0986122886681098,22.800000000000004,1.7320508075688774,0.08438104708543746,1.732050807568877
1.0986122886681098,22.900000000000006,1.7320508075688772,-0.0254801817813747,1.732050807568877
1.0986122886681098,23.0,1.7320508075688774,-0.13534141064817973,1.732050807568877
1.0986122886681098,23.1,1.7320508075688772,-0.2452026395149919,1.732050807568877
1.0986122886681098,23.200000000000003,1.7320508075688772,-0.35506386838180404,1.732050807568877
1.0986122886681098,23.300000000000004,1.7320508075688772,-0.4649250972486162,1.732050807568877
1.0986122886681098,23.400000000000006,1.7320508075688774,-0.5747863261154283,1.732050807568877
1.0986122886681098,23.5,1.7320508075688776,-0.6846475549822334,1.732050807568877
1.0986122886681098,23.6,1.7320508075688772,-0.7945087838490457,1.732050807568877
1.0986122886681098,23.700000000000003,1.7320508075688774,-0.9043700127158578,1.732050807568877
1.0986122886681098,23.800000000000004,1.7320508075688774,-1.01423124158267,1.732050807568877
1.0986122886681098,23.900000000000006,1.7320508075688772,-1.1240924704494857,1.732050807568877
1.0986122886681098,24.0,1.7320508075688774,-1.2339536993162872,1.732050807568877
1.0986122886681098,24.10000000000001,1.7320508075688774,-1.34381492818311,1.732050807568877
1.0986122886681098,24.200000000000003,1.7320508075688774,-1.453676157049915,1.732050807568877
1.0986122886681098,24.299999999999997,1.7320508075688779,-1.56353738591672,1.732050807568877
1.0986122886681098,24.400000000000006,1.7320508075688776,-1.6733986147835394,1.732050807568877
1.0986122886681098,24.5,1.7320508075688774,-1.7832598436503444,1.732050807568877
1.0986122886681098,24.60000000000001,1.7320508075688774,-1.8931210725171637,1.732050807568877
1.0986122886681098,24.700000000000003,1.7320508075688774,-2.0029823013839687,1.732050807568877
1.0986122886681098,24.799999999999997,1.7320508075688774,-2.1128435302507738,1.732050807568877
1.0986122886681098,24.900000000000006,1.7320508075688774,-2.222704759117593,1.732050807568877
1.0986122886681098,25.0,1.7320508075688772,-2.332565987984398,1.732050807568877
1.0986122886681098,25.10000000000001,1.7320508075688774,-2.4424272168512173,1.732050807568877
1.0986122886681098,25.200000000000003,1.7320508075688774,-2.5522884457180224,1.732050807568877
1.0986122886681098,25.299999999999997,1.7320508075688776,-2.6621496745848274,1.732050807568877
1.0986122886681098,25.400000000000006,1.7320508075688772,-2.7720109034516502,1.732050807568877
1.0986122886681098,25.5,1.7320508075688774,-2.8818721323184553,1.732050807568877
1.0986122886681098,25.60000000000001,1.7320508075688772,-2.9917333611852746,1.732050807568877
1.0986122886681098,25.700000000000003,1.7320508075688776,-3.1015945900520796,1.732050807568877
1.0986122886681098,25.799999999999997,1.7320508075688772,3.071729488260702,1.732050807568877
1.0986122886681098,25.900000000000006,1.7320508075688774,2.9618682593938828,1.732050807568877
1.0986122886681098,26.0,1.7320508075688776,2.8520070305270777,1.732050807568877
1.0986122886681098,26.10000000000001,1.7320508075688776,2.7421458016602585,1.732050807568877
1.0986122886681098,26.200000000000003,1.7320508075688774,2.6322845727934534,1.732050807568877
1.0986122886681098,26.299999999999997,1.7320508075688774,2.5224233439266484,1.732050807568877
1.0986122886681098,26.400000000000006,1.7320508075688774,2.412562115059829,1.732050807568877
1.0986122886681098,26.5,1.7320508075688772,2.302700886193024,1.732050807568877
1.0986122886681098,26.60000000000001,1.7320508075688776,2.1928396573262012,1.732050807568877
1.0986122886681098,26.700000000000003,1.7320508075688776,2.0829784284593997,1.732050807568877
1.0986122886681098,26.799999999999997,1.7320508075688772,1.9731171995925947,1.732050807568877
1.0986122886681098,26.900000000000006,1.7320508075688772,1.8632559707257719,1.732050807568877
1.0986122886681098,27.0,1.7320508075688774,1.7533947418589668,1.732050807568877
1.0986122886681098,27.10000000000001,1.7320508075688776,1.6435335129921476,1.732050807568877
1.0986122886681098,27.200000000000003,1.7320508075688772,1.5336722841253425,1.732050807568877
1.0986122886681098,27.299999999999997,1.7320508075688776,1.4238110552585375,1.732050807568877
1.0986122886681098,27.400000000000006,1.7320508075688774,1.3139498263917182,1.732050807568877
1.0986122886681098,27.5,1.7320508075688772,1.2040885975249132,1.732050807568877
1.0986122886681098,27.60000000000001,1.7320508075688774,1.0942273686580937,1.732050807568877
1.0986122886681098,27.700000000000003,1.7320508075688774,0.9843661397912888,1.732050807568877
1.0986122886681098,27.799999999999997,1.7320508075688774,0.8745049109244837,1.732050807568877
1.0986122886681098,27.900000000000006,1.7320508075688774,0.7646436820576644,1.732050807568877
1.0986122886681098,28.0,1.7320508075688776,0.6547824531908594,1.732050807568877
1.0986122886681098,28.10000000000001,1.7320508075688774,0.5449212243240366,1.732050807568877
1.0986122886681098,28.200000000000003,1.7320508075688774,0.43505999545723506,1.732050807568877
1.0986122886681098,28.299999999999997,1.7320508075688774,0.32519876659043,1.732050807568877
1.0986122886681098,28.400000000000006,1.7320508075688774,0.2153375377236072,1.732050807568877
1.0986122886681098,28.5,1.7320508075688779,0.10547630885680215,1.732050807568877
1.0986122886681098,28.60000000000001,1.7320508075688772,-0.004384920010017109,1.732050807568877
1.0986122886681098,28.700000000000003,1.7320508075688774,-0.11424614887682215,1.732050807568877
1.0986122886681098,28.799999999999997,1.7320508075688776,-0.2241073777436272,1.732050807568877
1.0986122886681098,28.900000000000006,1.7320508075688776,-0.3339686066104465,1.732050807568877
1.0986122886681098,29.0,1.7320508075688776,-0.44382983547725147,1.732050807568877
1.0986122886681098,29.10000000000001,1.7320508075688772,-0.5536910643440708,1.732050807568877
1.0986122886681098,29.200000000000003,1.7320508075688776,-0.6635522932108757,1.732050807568877
1.0986122886681098,29.299999999999997,1.7320508075688774,-0.7734135220776809,1.732050807568877
1.0986122886681098,29.400000000000006,1.7320508075688774,-0.8832747509445001,1.732050807568877
1.0986122886681098,29.5,1.7320508075688774,-0.9931359798113052,1.732050807568877
1.0986122886681098,29.60000000000001,1.7320508075688774,-1.1029972086781246,1.732050807568877
1.0986122886681098,29.700000000000003,1.7320508075688776,-1.2128584375449294,1.732050807568877
1.0986122886681098,29.799999999999997,1.7320508075688776,-1.3227196664117344,1.732050807568877
1.0986122886681098,29.900000000000006,1.7320508075688774,-1.4325808952785537,1.732050807568877
1.0986122886681098,30.0,1.7320508075688772,-1.5424421241453588,1.732050807568877
1.0986122886681098,30.10000000000001,1.7320508075688774,-1.652303353012178,1.732050807568877
1.0986122886681098,30.200000000000003,1.7320508075688776,-1.762164581878983,1.732050807568877
1.0986122886681098,30.299999999999997,1.7320508075688774,-1.872025810745788,1.732050807568877
1.0986122886681098,30.400000000000006,1.7320508075688774,-1.9818870396126145,1.732050807568877
1.0986122886681098,30.5,1.7320508075688774,-2.091748268479413,1.732050807568877
1.0986122886681098,30.60000000000001,1.7320508075688774,-2.201609497346239,1.732050807568877
1.0986122886681098,30.700000000000003,1.7320508075688772,-2.311470726213044,1.732050807568877
1.0986122886681098,30.799999999999997,1.7320508075688774,-2.421331955079849,1.732050807568877
1.0986122886681098,30.900000000000006,1.7320508075688774,-2.531193183946668,1.732050807568877
1.0986122886681098,31.0,1.7320508075688772,-2.641054412813473,1.732050807568877
1.0986122886681098,31.10000000000001,1.7320508075688772,-2.7509156416802925,1.732050807568877
1.0986122886681098,31.200000000000003,1.7320508075688776,-2.8607768705470975,1.732050807568877
1.0986122886681098,31.299999999999997,1.7320508075688774,-2.9706380994139026,1.732050807568877
1.0986122886681098,31.400000000000006,1.7320508075688776,-3.080499328280722,1.732050807568877
1.0986122886681098,31.5,1.7320508075688774,3.0928247500320594,1.732050807568877
1.0986122886681098,31.60000000000001,1.7320508075688772,2.98296352116524,1.732050807568877
1.0986122886681098,31.700000000000003,1.7320508075688776,2.873102292298435,1.732050807568877
1.0986122886681098,31.799999999999997,1.7320508075688774,2.76324106343163,1.732050807568877
1.0986122886681098,31.900000000000006,1.7320508075688774,2.6533798345648107,1.732050807568877
1.0986122886681098,32.0,1.7320508075688774,2.5435186056980057,1.732050807568877
1.0986122886681098,32.10000000000001,1.7320508075688774,2.4336573768311864,1.732050807568877
1.0986122886681098,32.2,1.7320508075688774,2.3237961479643814,1.732050807568877
1.0986122886681098,32.3,1.7320508075688774,2.213934919097577,1.732050807568877
1.0986122886681098,32.400000000000006,1.7320508075688776,2.1040736902307575,1.732050807568877
1.0986122886681098,32.5,1.7320508075688776,1.994212461363952,1.732050807568877
1.0986122886681098,32.60000000000001,1.7320508075688772,1.8843512324971328,1.732050807568877
1.0986122886681098,32.7,1.7320508075688774,1.774490003630328,1.732050807568877
1.0986122886681098,32.8,1.7320508075688774,1.664628774763523,1.732050807568877
1.0986122886681098,32.900000000000006,1.7320508075688779,1.5547675458967036,1.732050807568877
1.0986122886681098,33.0,1.7320508075688774,1.4449063170298986,1.732050807568877
1.0986122886681098,33.10000000000001,1.7320508075688776,1.3350450881630793,1.732050807568877
1.0986122886681098,33.2,1.7320508075688774,1.225183859296274,1.732050807568877
1.0986122886681098,33.3,1.7320508075688772,1.115322630429469,1.732050807568877
1.0986122886681098,33.400000000000006,1.7320508075688774,1.0054614015626429,1.732050807568877
1.0986122886681098,33.5,1.7320508075688772,0.8956001726958378,1.732050807568877
1.0986122886681098,33.60000000000001,1.7320508075688774,0.7857389438290184,1.732050807568877
1.0986122886681098,33.7,1.7320508075688772,0.6758777149622134,1.732050807568877
1.0986122886681098,33.8,1.7320508075688772,0.5660164860954083,1.732050807568877
1.0986122886681098,33.900000000000006,1.7320508075688776,0.4561552572285891,1.732050807568877
1.0986122886681098,34.0,1.7320508075688772,0.346294028361784,1.732050807568877
1.0986122886681098,34.10000000000001,1.7320508075688774,0.2364327994949648,1.732050807568877
1.0986122886681098,34.2,1.7320508075688774,0.12657157062815974,1.732050807568877
1.0986122886681098,34.3,1.7320508075688774,0.016710341761354688,1.732050807568877
1.0986122886681098,34.400000000000006,1.7320508075688772,-0.09315088710546457,1.732050807568877
1.0986122886681098,34.5,1.7320508075688772,-0.20301211597226965,1.732050807568877
1.0986122886681098,34.60000000000001,1.7320508075688772,-0.31287334483908885,1.732050807568877
1.0986122886681098,34.7,1.7320508075688776,-0.42273457370589396,1.732050807568877
1.0986122886681098,34.8,1.7320508075688774,-0.5325958025726989,1.732050807568877
1.0986122886681098,34.900000000000006,1.7320508075688772,-0.6424570314395183,1.732050807568877
1.0986122886681098,35.0,1.7320508075688776,-0.7523182603063232,1.732050807568877
1.0986122886681098,35.10000000000001,1.7320508075688774,-0.8621794891731425,1.732050807568877
1.0986122886681098,35.2,1.732050807568877,-0.9720407180399476,1.732050807568877
1.0986122886681098,35.3,1.7320508075688776,-1.0819019469067528,1.732050807568877
1.0986122886681098,35.400000000000006,1.7320508075688774,-1.191763175773572,1.732050807568877
1.0986122886681098,35.5,1.7320508075688774,-1.301624404640377,1.732050807568877
1.0986122886681098,35.60000000000001,1.7320508075688774,-1.4114856335071961,1.732050807568877
1.0986122886681098,35.7,1.7320508075688774,-1.5213468623740012,1.732050807568877
1.0986122886681098,35.8,1.7320508075688772,-1.6312080912408062,1.732050807568877
1.0986122886681098,35.900000000000006,1.7320508075688776,-1.7410693201076255,1.732050807568877
1.0986122886681098,36.0,1.7320508075688772,-1.8509305489744308,1.732050807568877
1.0986122886681098,36.10000000000001,1.7320508075688772,-1.960791777841257,1.732050807568877
1.0986122886681098,36.2,1.7320508075688776,-2.0706530067080546,1.732050807568877
1.0986122886681098,36.3,1.7320508075688776,-2.18051423557486,1.732050807568877
1.0986122886681098,36.400000000000006,1.7320508075688774,-2.290375464441686,1.732050807568877
1.0986122886681098,36.5,1.7320508075688774,-2.4002366933084915,1.732050807568877
1.0986122886681098,36.60000000000001,1.7320508075688774,-2.5100979221753104,1.732050807568877
1.0986122886681098,36.7,1.7320508075688776,-2.6199591510421154,1.732050807568877
1.0986122886681098,36.80000000000001,1.7320508075688776,-2.729820379908935,1.732050807568877
1.0986122886681098,36.900000000000006,1.7320508075688776,-2.83968160877574,1.732050807568877
1.0986122886681098,37.0,1.7320508075688774,-2.949542837642545,1.732050807568877
1.0986122886681098,37.10000000000001,1.7320508075688774,-3.0594040665093645,1.732050807568877
1.0986122886681098,37.2,1.7320508075688774,3.113920011803417,1.732050807568877
1.0986122886681098,37.30000000000001,1.7320508075688774,3.004058782936598,1.732050807568877
1.0986122886681098,37.400000000000006,1.7320508075688774,2.894197554069793,1.732050807568877
1.0986122886681098,37.5,1.7320508075688776,2.784336325202988,1.732050807568877
1.0986122886681098,37.60000000000001,1.7320508075688776,2.6744750963361685,1.732050807568877
1.0986122886681098,37.7,1.7320508075688776,2.5646138674693635,1.732050807568877
1.0986122886681098,37.80000000000001,1.7320508075688774,2.4547526386025442,1.732050807568877
1.0986122886681098,37.900000000000006,1.7320508075688772,2.344891409735739,1.732050807568877
1.0986122886681098,38.0,1.7320508075688776,2.235030180868934,1.732050807568877
1.0986122886681098,38.10000000000001,1.7320508075688772,2.125168952002115,1.732050807568877
1.0986122886681098,38.2,1.7320508075688772,2.01530772313531,1.732050807568877
1.0986122886681098,38.30000000000001,1.7320508075688774,1.9054464942684906,1.732050807568877
1.0986122886681098,38.400000000000006,1.7320508075688772,1.7955852654016855,1.732050807568877
1.0986122886681098,38.5,1.7320508075688772,1.6857240365348805,1.732050807568877
1.0986122886681098,38.60000000000001,1.7320508075688779,1.5758628076680612,1.732050807568877
1.0986122886681098,38.7,1.7320508075688774,1.4660015788012561,1.732050807568877
1.0986122886681098,38.80000000000001,1.7320508075688772,1.3561403499344369,1.732050807568877
1.0986122886681098,38.900000000000006,1.7320508075688774,1.2462791210676318,1.732050807568877
1.0986122886681098,39.0,1.7320508075688774,1.1364178922008268,1.732050807568877
1.0986122886681098,39.10000000000001,1.7320508075688772,1.0265566633340004,1.732050807568877
1.0986122886681098,39.2,1.7320508075688772,0.9166954344671953,1.732050807568877
1.0986122886681098,39.30000000000001,1.7320508075688774,0.8068342056003761,1.732050807568877
1.0986122886681098,39.400000000000006,1.7320508075688774,0.6969729767335711,1.732050807568877
1.0986122886681098,39.5,1.7320508075688774,0.587111747866766,1.732050807568877
1.0986122886681098,39.60000000000001,1.7320508075688774,0.4772505189999467,1.732050807568877
1.0986122886681098,39.7,1.7320508075688772,0.3673892901331416,1.732050807568877
1.0986122886681098,39.80000000000001,1.7320508075688776,0.2575280612663224,1.732050807568877
1.0986122886681098,39.900000000000006,1.7320508075688774,0.14766683239951733,1.732050807568877
1.0986122886681098,40.0,1.7320508075688776,0.03780560353271228,1.732050807568877
1.6094379124341003,-40.0,2.23606797749979,1.5456634255681483,2.2360679774997894
1.6094379124341003,-39.9,2.2360679774997902,1.3847196343247365,2.2360679774997894
1.6094379124341003,-39.8,2.2360679774997894,1.2237758430813248,2.2360679774997894
1.6094379124341003,-39.7,2.23606797749979,1.0628320518379202,2.2360679774997894
1.6094379124341003,-39.6,2.23606797749979,0.9018882605945084,2.2360679774997894
1.6094379124341003,-39.5,2.23606797749979,0.7409444693510967,2.2360679774997894
1.6094379124341003,-39.4,2.23606797749979,0.580000678107685,2.2360679774997894
1.6094379124341003,-39.3,2.23606797749979,0.41905688686427317,2.2360679774997894
1.6094379124341003,-39.2,2.23606797749979,0.2581130956208686,2.2360679774997894
1.6094379124341003,-39.1,2.2360679774997894,0.09716930437745686,2.2360679774997894
1.6094379124341003,-39.0,2.23606797749979,-0.0637744868659549,2.2360679774997894
1.6094379124341003,-38.9,2.2360679774997902,-0.2247182781093666,2.2360679774997894
1.6094379124341003,-38.8,2.23606797749979,-0.38566206935277836,2.2360679774997894
1.6094379124341003,-38.7,2.23606797749979,-0.546605860596176,2.2360679774997894
1.6094379124341003,-38.6,2.23606797749979,-0.7075496518395947,2.2360679774997894
1.6094379124341003,-38.5,2.23606797749979,-0.8684934430830066,2.2360679774997894
1.6094379124341003,-38.4,2.23606797749979,-1.0294372343264182,2.2360679774997894
1.6094379124341003,-38.3,2.2360679774997894,-1.19038102556983,2.2360679774997894
1.6094379124341003,-38.2,2.23606797749979,-1.3513248168132275,2.2360679774997894
1.6094379124341003,-38.1,2.23606797749979,-1.5122686080566392,2.2360679774997894
1.6094379124341003,-38.0,2.23606797749979,-1.673212399300051,2.2360679774997894
1.6094379124341003,-37.9,2.23606797749979,-1.8341561905434698,2.2360679774997894
1.6094379124341003,-37.8,2.2360679774997902,-1.9950999817868815,2.2360679774997894
1.6094379124341003,-37.7,2.23606797749979,-2.1560437730302793,2.2360679774997894
1.6094379124341003,-37.6,2.2360679774997894,-2.316987564273691,2.2360679774997894
1.6094379124341003,-37.5,2.2360679774997894,-2.4779313555171028,2.2360679774997894
1.6094379124341003,-37.4,2.23606797749979,-2.638875146760514,2.2360679774997894
1.6094379124341003,-37.3,2.23606797749979,-2.7998189380039262,2.2360679774997894
1.6094379124341003,-37.2,2.23606797749979,-2.960762729247331,2.2360679774997894
1.6094379124341003,-37.1,2.2360679774997894,-3.1217065204907426,2.2360679774997894
1.6094379124341003,-37.0,2.2360679774997902,3.0005349954454323,2.2360679774997894
1.6094379124341003,-36.9,2.2360679774997902,2.8395912042020206,2.2360679774997894
1.6094379124341003,-36.8,2.23606797749979,2.678647412958609,2.2360679774997894
1.6094379124341003,-36.7,2.23606797749979,2.5177036217152042,2.2360679774997894
1.6094379124341003,-36.6,2.23606797749979,2.3567598304717925,2.2360679774997894
1.6094379124341003,-36.5,2.23606797749979,2.1958160392283808,2.2360679774997894
1.6094379124341003,-36.4,2.23606797749979,2.034872247984969,2.2360679774997894
1.6094379124341003,-36.3,2.23606797749979,1.8739284567415573,2.2360679774997894
1.6094379124341003,-36.2,2.23606797749979,1.7129846654981598,2.2360679774997894
1.6094379124341003,-36.1,2.2360679774997902,1.552040874254741,2.2360679774997894
1.6094379124341003,-36.0,2.2360679774997894,1.3910970830113292,2.2360679774997894
1.6094379124341003,-35.9,2.23606797749979,1.2301532917679174,2.2360679774997894
1.6094379124341003,-35.8,2.23606797749979,1.0692095005245057,2.2360679774997894
1.6094379124341003,-35.7,2.23606797749979,0.9082657092811082,2.2360679774997894
1.6094379124341003,-35.6,2.23606797749979,0.7473219180376964,2.2360679774997894
1.6094379124341003,-35.5,2.23606797749979,0.5863781267942848,2.2360679774997894
1.6094379124341003,-35.4,2.23606797749979,0.42543433555086585,2.2360679774997894
1.6094379124341003,-35.3,2.2360679774997902,0.2644905443074541,2.2360679774997894
1.6094379124341003,-35.2,2.2360679774997894,0.10354675306405661,2.2360679774997894
1.6094379124341003,-35.1,2.23606797749979,-0.05739703817935513,2.2360679774997894
1.6094379124341003,-35.0,2.23606797749979,-0.2183408294227669,2.2360679774997894
1.6094379124341003,-34.9,2.23606797749979,-0.37928462066617863,2.2360679774997894
1.6094379124341003,-34.8,2.2360679774997902,-0.5402284119095903,2.2360679774997894
1.6094379124341003,-34.7,2.23606797749979,-0.701172203152995,2.2360679774997894
1.6094379124341003,-34.6,2.23606797749979,-0.8621159943964067,2.2360679774997894
1.6094379124341003,-34.5,2.23606797749979,-1.0230597856398185,2.2360679774997894
1.6094379124341003,-34.4,2.2360679774997902,-1.1840035768832302,2.2360679774997894
1.6094379124341003,-34.3,2.2360679774997902,-1.344947368126642,2.2360679774997894
1.6094379124341003,-34.2,2.23606797749979,-1.5058911593700466,2.2360679774997894
1.6094379124341003,-34.1,2.23606797749979,-1.6668349506134583,2.2360679774997894
1.6094379124341003,-34.0,2.23606797749979,-1.82777874185687,2.2360679774997894
1.6094379124341003,-33.9,2.23606797749979,-1.9887225331002818,2.2360679774997894
1.6094379124341003,-33.8,2.23606797749979,-2.1496663243436935,2.2360679774997894
1.6094379124341003,-33.7,2.23606797749979,-2.310610115587091,2.2360679774997894
1.6094379124341003,-33.6,2.23606797749979,-2.47155390683051,2.2360679774997894
1.6094379124341003,-33.5,2.2360679774997902,-2.6324976980739216,2.2360679774997894
1.6094379124341003,-33.4,2.2360679774997894,-2.7934414893173334,2.2360679774997894
1.6094379124341003,-33.3,2.23606797749979,-2.954385280560745,2.2360679774997894
1.6094379124341003,-33.2,2.23606797749979,-3.1153290718041426,2.2360679774997894
1.6094379124341003,-33.1,2.2360679774997902,3.0069124441320323,2.2360679774997894
1.6094379124341003,-33.0,2.23606797749979,2.8459686528886206,2.2360679774997894
1.6094379124341003,-32.9,2.23606797749979,2.685024861645209,2.2360679774997894
1.6094379124341003,-32.8,2.2360679774997894,2.52408107040179,2.2360679774997894
1.6094379124341003,-32.7,2.23606797749979,2.3631372791583924,2.2360679774997894
1.6094379124341003,-32.6,2.23606797749979,2.2021934879149807,2.2360679774997894
1.6094379124341003,-32.5,2.23606797749979,2.041249696671569,2.2360679774997894
1.6094379124341003,-32.4,2.2360679774997894,1.8803059054281572,2.2360679774997894
1.6094379124341003,-32.3,2.23606797749979,1.7193621141847453,2.2360679774997894
1.6094379124341003,-32.2,2.2360679774997902,1.5584183229413406,2.2360679774997894
1.6094379124341003,-32.1,2.23606797749979,1.397474531697929,2.2360679774997894
1.6094379124341003,-32.0,2.23606797749979,1.2365307404545172,2.2360679774997894
1.6094379124341003,-31.9,2.23606797749979,1.0755869492111054,2.2360679774997894
1.6094379124341003,-31.799999999999997,2.23606797749979,0.9146431579676937,2.2360679774997894
1.6094379124341003,-31.7,2.23606797749979,0.753699366724289,2.2360679774997894
1.6094379124341003,-31.6,2.23606797749979,0.5927555754808773,2.2360679774997894
1.6094379124341003,-31.5,2.23606797749979,0.43181178423746563,2.2360679774997894
1.6094379124341003,-31.4,2.2360679774997902,0.2708679929940539,2.2360679774997894
1.6094379124341003,-31.299999999999997,2.2360679774997894,0.10992420175064214,2.2360679774997894
1.6094379124341003,-31.2,2.23606797749979,-0.05101958949276249,2.2360679774997894
1.6094379124341003,-31.1,2.23606797749979,-0.2119633807361742,2.2360679774997894
1.6094379124341003,-31.0,2.23606797749979,-0.372907171979586,2.2360679774997894
1.6094379124341003,-30.9,2.2360679774997902,-0.5338509632229976,2.2360679774997894
1.6094379124341003,-30.799999999999997,2.23606797749979,-0.6947947544664095,2.2360679774997894
1.6094379124341003,-30.7,2.23606797749979,-0.855738545709814,2.2360679774997894
1.6094379124341003,-30.6,2.23606797749979,-1.0166823369532187,2.2360679774997894
1.6094379124341003,-30.5,2.23606797749979,-1.1776261281966305,2.2360679774997894
1.6094379124341003,-30.4,2.23606797749979,-1.3385699194400422,2.2360679774997894
1.6094379124341003,-30.299999999999997,2.23606797749979,-1.499513710683461,2.2360679774997894
1.6094379124341003,-30.2,2.23606797749979,-1.6604575019268657,2.2360679774997894
1.6094379124341003,-30.1,2.23606797749979,-1.8214012931702703,2.2360679774997894
1.6094379124341003,-30.0,2.23606797749979,-1.982345084413682,2.2360679774997894
1.6094379124341003,-29.9,2.23606797749979,-2.1432888756570936,2.2360679774997894
1.6094379124341003,-29.799999999999997,2.23606797749979,-2.3042326669005053,2.2360679774997894
1.6094379124341003,-29.7,2.23606797749979,-2.465176458143917,2.2360679774997894
1.6094379124341003,-29.6,2.23606797749979,-2.6261202493873217,2.2360679774997894
1.6094379124341003,-29.5,2.2360679774997902,-2.7870640406307334,2.2360679774997894
1.6094379124341003,-29.4,2.23606797749979,-2.948007831874145,2.2360679774997894
1.6094379124341003,-29.299999999999997,2.23606797749979,-3.108951623117557,2.2360679774997894
1.6094379124341003,-29.2,2.23606797749979,3.0132898928186247,2.2360679774997894
1.6094379124341003,-29.1,2.23606797749979,2.852346101575213,2.2360679774997894
1.6094379124341003,-29.0,2.23606797749979,2.691402310331801,2.2360679774997894
1.6094379124341003,-28.9,2.2360679774997902,2.5304585190883895,2.2360679774997894
1.6094379124341003,-28.799999999999997,2.23606797749979,2.3695147278449777,2.2360679774997894
1.6094379124341003,-28.7,2.23606797749979,2.208570936601573,2.2360679774997894
1.6094379124341003,-28.6,2.23606797749979,2.0476271453581685,2.2360679774997894
1.6094379124341003,-28.5,2.2360679774997902,1.8866833541147496,2.2360679774997894
1.6094379124341003,-28.4,2.23606797749979,1.725739562871338,2.2360679774997894
1.6094379124341003,-28.299999999999997,2.23606797749979,1.5647957716279262,2.2360679774997894
1.6094379124341003,-28.2,2.23606797749979,1.4038519803845215,2.2360679774997894
1.6094379124341003,-28.1,2.23606797749979,1.242908189141117,2.2360679774997894
1.6094379124341003,-28.0,2.23606797749979,1.0819643978977052,2.2360679774997894
1.6094379124341003,-27.9,2.2360679774997894,0.9210206066542934,2.2360679774997894
1.6094379124341003,-27.799999999999997,2.23606797749979,0.7600768154108746,2.2360679774997894
1.6094379124341003,-27.7,2.23606797749979,0.59913302416747,2.2360679774997894
1.6094379124341003,-27.6,2.23606797749979,0.4381892329240654,2.2360679774997894
1.6094379124341003,-27.5,2.23606797749979,0.2772454416806536,2.2360679774997894
1.6094379124341003,-27.4,2.23606797749979,0.1163016504372419,2.2360679774997894
1.6094379124341003,-27.299999999999997,2.2360679774997894,-0.04464214080616984,2.2360679774997894
1.6094379124341003,-27.2,2.23606797749979,-0.20558593204958156,2.2360679774997894
1.6094379124341003,-27.1,2.23606797749979,-0.3665297232929862,2.2360679774997894
1.6094379124341003,-27.0,2.2360679774997894,-0.5274735145363979,2.2360679774997894
1.6094379124341003,-26.9,2.23606797749979,-0.6884173057798098,2.2360679774997894
1.6094379124341003,-26.799999999999997,2.23606797749979,-0.8493610970232214,2.2360679774997894
1.6094379124341003,-26.7,2.23606797749979,-1.010304888266626,2.2360679774997894
1.6094379124341003,-26.6,2.23606797749979,-1.1712486795100379,2.2360679774997894
1.6094379124341003,-26.5,2.23606797749979,-1.3321924707534496,2.2360679774997894
1.6094379124341003,-26.4,2.2360679774997902,-1.4931362619968613,2.2360679774997894
1.6094379124341003,-26.299999999999997,2.23606797749979,-1.654080053240273,2.2360679774997894
1.6094379124341003,-26.2,2.23606797749979,-1.8150238444836777,2.2360679774997894
1.6094379124341003,-26.1,2.23606797749979,-1.9759676357270823,2.2360679774997894
1.6094379124341003,-26.0,2.23606797749979,-2.136911426970501,2.2360679774997894
1.6094379124341003,-25.9,2.23606797749979,-2.297855218213913,2.2360679774997894
1.6094379124341003,-25.799999999999997,2.23606797749979,-2.4587990094573247,2.2360679774997894
1.6094379124341003,-25.7,2.23606797749979,-2.6197428007007293,2.2360679774997894
1.6094379124341003,-25.6,2.23606797749979,-2.780686591944134,2.2360679774997894
1.6094379124341003,-25.5,2.23606797749979,-2.9416303831875457,2.2360679774997894
1.6094379124341003,-25.4,2.23606797749979,-3.1025741744309574,2.2360679774997894
1.6094379124341003,-25.299999999999997,2.2360679774997902,3.0196673415052104,2.2360679774997894
1.6094379124341003,-25.2,2.23606797749979,2.858723550261806,2.2360679774997894
1.6094379124341003,-25.1,2.23606797749979,2.697779759018401,2.2360679774997894
1.6094379124341003,-25.0,2.23606797749979,2.5368359677749894,2.2360679774997894
1.6094379124341003,-24.9,2.23606797749979,2.3758921765315772,2.2360679774997894
1.6094379124341003,-24.799999999999997,2.23606797749979,2.214948385288166,2.2360679774997894
1.6094379124341003,-24.7,2.23606797749979,2.054004594044754,2.2360679774997894
1.6094379124341003,-24.6,2.2360679774997894,1.8930608028013496,2.2360679774997894
1.6094379124341003,-24.5,2.2360679774997902,1.7321170115579376,2.2360679774997894
1.6094379124341003,-24.4,2.23606797749979,1.5711732203145259,2.2360679774997894
1.6094379124341003,-24.299999999999997,2.23606797749979,1.4102294290711144,2.2360679774997894
1.6094379124341003,-24.2,2.23606797749979,1.2492856378277097,2.2360679774997894
1.6094379124341003,-24.1,2.23606797749979,1.088341846584298,2.2360679774997894
1.6094379124341003,-24.0,2.23606797749979,0.9273980553408862,2.2360679774997894
1.6094379124341003,-23.9,2.23606797749979,0.7664542640974743,2.2360679774997894
1.6094379124341003,-23.8,2.23606797749979,0.6055104728540697,2.2360679774997894
1.6094379124341003,-23.7,2.23606797749979,0.444566681610658,2.2360679774997894
1.6094379124341003,-23.599999999999998,2.2360679774997902,0.28362289036724625,2.2360679774997894
1.6094379124341003,-23.5,2.23606797749979,0.12267909912383454,2.2360679774997894
1.6094379124341003,-23.4,2.2360679774997894,-0.0382646921195772,2.2360679774997894
1.6094379124341003,-23.3,2.23606797749979,-0.1992084833629818,2.2360679774997894
1.6094379124341003,-23.2,2.2360679774997902,-0.36015227460639354,2.2360679774997894
1.6094379124341003,-23.099999999999998,2.23606797749979,-0.5210960658498053,2.2360679774997894
1.6094379124341003,-23.0,2.23606797749979,-0.6820398570932099,2.2360679774997894
1.6094379124341003,-22.9,2.2360679774997894,-0.8429836483366216,2.2360679774997894
1.6094379124341003,-22.8,2.2360679774997902,-1.0039274395800335,2.2360679774997894
1.6094379124341003,-22.7,2.23606797749979,-1.1648712308234452,2.2360679774997894
1.6094379124341003,-22.599999999999998,2.23606797749979,-1.325815022066857,2.2360679774997894
1.6094379124341003,-22.5,2.23606797749979,-1.4867588133102616,2.2360679774997894
1.6094379124341003,-22.4,2.2360679774997902,-1.6477026045536733,2.2360679774997894
1.6094379124341003,-22.3,2.23606797749979,-1.808646395797078,2.2360679774997894
1.6094379124341003,-22.2,2.23606797749979,-1.9695901870404968,2.2360679774997894
1.6094379124341003,-22.099999999999998,2.23606797749979,-2.1305339782839083,2.2360679774997894
1.6094379124341003,-22.0,2.23606797749979,-2.291477769527313,2.2360679774997894
1.6094379124341003,-21.9,2.23606797749979,-2.4524215607707247,2.2360679774997894
1.6094379124341003,-21.8,2.23606797749979,-2.6133653520141293,2.2360679774997894
1.6094379124341003,-21.7,2.2360679774997894,-2.774309143257541,2.2360679774997894
1.6094379124341003,-21.599999999999998,2.23606797749979,-2.935252934500953,2.2360679774997894
1.6094379124341003,-21.5,2.2360679774997902,-3.0961967257443646,2.2360679774997894
1.6094379124341003,-21.4,2.23606797749979,3.02604479019181,2.2360679774997894
1.6094379124341003,-21.3,2.2360679774997894,2.8651009989484053,2.2360679774997894
1.6094379124341003,-21.2,2.2360679774997894,2.7041572077049936,2.2360679774997894
1.6094379124341003,-21.099999999999998,2.23606797749979,2.543213416461582,2.2360679774997894
1.6094379124341003,-21.0,2.23606797749979,2.38226962521817,2.2360679774997894
1.6094379124341003,-20.9,2.23606797749979,2.2213258339747584,2.2360679774997894
1.6094379124341003,-20.799999999999997,2.23606797749979,2.0603820427313466,2.2360679774997894
1.6094379124341003,-20.7,2.23606797749979,1.8994382514879422,2.2360679774997894
1.6094379124341003,-20.599999999999998,2.23606797749979,1.7384944602445302,2.2360679774997894
1.6094379124341003,-20.5,2.23606797749979,1.5775506690011256,2.2360679774997894
1.6094379124341003,-20.4,2.23606797749979,1.4166068777577139,2.2360679774997894
1.6094379124341003,-20.299999999999997,2.23606797749979,1.2556630865143021,2.2360679774997894
1.6094379124341003,-20.2,2.23606797749979,1.0947192952708906,2.2360679774997894
1.6094379124341003,-20.099999999999998,2.23606797749979,0.9337755040274789,2.2360679774997894
1.6094379124341003,-20.0,2.23606797749979,0.7728317127840741,2.2360679774997894
1.6094379124341003,-19.9,2.2360679774997894,0.6118879215406623,2.2360679774997894
1.6094379124341003,-19.799999999999997,2.23606797749979,0.45094413029724706,2.2360679774997894
1.6094379124341003,-19.7,2.2360679774997894,0.2900003390538425,2.2360679774997894
1.6094379124341003,-19.599999999999998,2.23606797749979,0.12905654781043074,2.2360679774997894
1.6094379124341003,-19.5,2.2360679774997894,-0.03188724343297745,2.2360679774997894
1.6094379124341003,-19.4,2.23606797749979,-0.19283103467638918,2.2360679774997894
1.6094379124341003,-19.299999999999997,2.23606797749979,-0.3537748259198009,2.2360679774997894
1.6094379124341003,-19.2,2.2360679774997902,-0.5147186171632091,2.2360679774997894
1.6094379124341003,-19.099999999999998,2.23606797749979,-0.675662408406621,2.2360679774997894
1.6094379124341003,-19.0,2.23606797749979,-0.8366061996500256,2.2360679774997894
1.6094379124341003,-18.9,2.23606797749979,-0.9975499908934407,2.2360679774997894
1.6094379124341003,-18.799999999999997,2.2360679774997902,-1.1584937821368526,2.2360679774997894
1.6094379124341003,-18.7,2.23606797749979,-1.3194375733802572,2.2360679774997894
1.6094379124341003,-18.599999999999998,2.23606797749979,-1.480381364623669,2.2360679774997894
1.6094379124341003,-18.5,2.23606797749979,-1.6413251558670772,2.2360679774997894
1.6094379124341003,-18.4,2.23606797749979,-1.8022689471104887,2.2360679774997894
1.6094379124341003,-18.299999999999997,2.23606797749979,-1.9632127383539006,2.2360679774997894
1.6094379124341003,-18.2,2.23606797749979,-2.1241565295973084,2.2360679774997894
1.6094379124341003,-18.099999999999998,2.2360679774997894,-2.2851003208407206,2.2360679774997894
1.6094379124341003,-18.0,2.23606797749979,-2.4460441120841288,2.2360679774997894
1.6094379124341003,-17.9,2.23606797749979,-2.6069879033275405,2.2360679774997894
1.6094379124341003,-17.799999999999997,2.23606797749979,-2.7679316945709522,2.2360679774997894
1.6094379124341003,-17.7,2.23606797749979,-2.9288754858143604,2.2360679774997894
1.6094379124341003,-17.599999999999998,2.2360679774997902,-3.089819277057772,2.2360679774997894
1.6094379124341003,-17.5,2.23606797749979,3.03242223887841,2.2360679774997894
1.6094379124341003,-17.4,2.2360679774997902,2.871478447634998,2.2360679774997894
1.6094379124341003,-17.299999999999997,2.23606797749979,2.710534656391583,2.2360679774997894
1.6094379124341003,-17.2,2.2360679774997902,2.5495908651481782,2.2360679774997894
1.6094379124341003,-17.099999999999998,2.23606797749979,2.3886470739047665,2.2360679774997894
1.6094379124341003,-17.0,2.23606797749979,2.2277032826613583,2.2360679774997894
1.6094379124341003,-16.9,2.23606797749979,2.0667594914179466,2.2360679774997894
1.6094379124341003,-16.799999999999997,2.23606797749979,1.9058157001745348,2.2360679774997894
1.6094379124341003,-16.7,2.23606797749979,1.7448719089311264,2.2360679774997894
1.6094379124341003,-16.599999999999998,2.23606797749979,1.583928117687715,2.2360679774997894
1.6094379124341003,-16.5,2.23606797749979,1.4229843264443103,2.2360679774997894
1.6094379124341003,-16.4,2.2360679774997902,1.262040535200895,2.2360679774997894
1.6094379124341003,-16.299999999999997,2.2360679774997902,1.101096743957483,2.2360679774997894
1.6094379124341003,-16.2,2.23606797749979,0.9401529527140785,2.2360679774997894
1.6094379124341003,-16.099999999999998,2.23606797749979,0.7792091614706668,2.2360679774997894
1.6094379124341003,-16.0,2.23606797749979,0.6182653702272586,2.2360679774997894
1.6094379124341003,-15.899999999999999,2.2360679774997894,0.4573215789838469,2.2360679774997894
1.6094379124341003,-15.799999999999997,2.23606797749979,0.29637778774043516,2.2360679774997894
1.6094379124341003,-15.7,2.23606797749979,0.13543399649702692,2.2360679774997894
1.6094379124341003,-15.599999999999998,2.2360679774997902,-0.025509794746384793,2.2360679774997894
1.6094379124341003,-15.5,2.23606797749979,-0.18645358598979297,2.2360679774997894
1.6094379124341003,-15.399999999999999,2.23606797749979,-0.34739737723320474,2.2360679774997894
1.6094379124341003,-15.299999999999997,2.23606797749979,-0.5083411684766165,2.2360679774997894
1.6094379124341003,-15.2,2.23606797749979,-0.669284959720021,2.2360679774997894
1.6094379124341003,-15.099999999999998,2.2360679774997894,-0.8302287509634364,2.2360679774997894
1.6094379124341003,-15.0,2.23606797749979,-0.991172542206841,2.2360679774997894
1.6094379124341003,-14.899999999999999,2.2360679774997894,-1.1521163334502527,2.2360679774997894
1.6094379124341003,-14.799999999999997,2.23606797749979,-1.313060124693668,2.2360679774997894
1.6094379124341003,-14.7,2.23606797749979,-1.4740039159370726,2.2360679774997894
1.6094379124341003,-14.599999999999998,2.23606797749979,-1.6349477071804843,2.2360679774997894
1.6094379124341003,-14.5,2.23606797749979,-1.7958914984238925,2.2360679774997894
1.6094379124341003,-14.399999999999999,2.23606797749979,-1.9568352896673042,2.2360679774997894
1.6094379124341003,-14.299999999999997,2.23606797749979,-2.117779080910716,2.2360679774997894
1.6094379124341003,-14.2,2.2360679774997894,-2.278722872154124,2.2360679774997894
1.6094379124341003,-14.099999999999998,2.23606797749979,-2.439666663397536,2.2360679774997894
1.6094379124341003,-14.0,2.23606797749979,-2.6006104546409405,2.2360679774997894
1.6094379124341003,-13.899999999999999,2.2360679774997902,-2.761554245884356,2.2360679774997894
1.6094379124341003,-13.799999999999997,2.23606797749979,-2.9224980371277676,2.2360679774997894
1.6094379124341003,-13.7,2.2360679774997894,-3.083441828371172,2.2360679774997894
1.6094379124341003,-13.599999999999998,2.2360679774997902,3.0387996875650023,2.2360679774997894
1.6094379124341003,-13.5,2.2360679774997902,2.877855896321594,2.2360679774997894
1.6094379124341003,-13.399999999999999,2.23606797749979,2.7169121050781824,2.2360679774997894
1.6094379124341003,-13.299999999999997,2.23606797749979,2.5559683138347706,2.2360679774997894
1.6094379124341003,-13.2,2.23606797749979,2.3950245225913624,2.2360679774997894
1.6094379124341003,-13.099999999999998,2.23606797749979,2.2340807313479507,2.2360679774997894
1.6094379124341003,-13.0,2.23606797749979,2.0731369401045425,2.2360679774997894
1.6094379124341003,-12.899999999999999,2.2360679774997902,1.912193148861131,2.2360679774997894
1.6094379124341003,-12.799999999999997,2.2360679774997902,1.7512493576177193,2.2360679774997894
1.6094379124341003,-12.7,2.23606797749979,1.5903055663743146,2.2360679774997894
1.6094379124341003,-12.599999999999998,2.2360679774997894,1.4293617751308991,2.2360679774997894
1.6094379124341003,-12.5,2.23606797749979,1.2684179838874947,2.2360679774997894
1.6094379124341003,-12.399999999999999,2.23606797749979,1.107474192644083,2.2360679774997894
1.6094379124341003,-12.299999999999997,2.23606797749979,0.9465304014006711,2.2360679774997894
1.6094379124341003,-12.2,2.23606797749979,0.7855866101572629,2.2360679774997894
1.6094379124341003,-12.099999999999998,2.23606797749979,0.6246428189138513,2.2360679774997894
1.6094379124341003,-12.0,2.23606797749979,0.463699027670443,2.2360679774997894
1.6094379124341003,-11.899999999999999,2.23606797749979,0.30275523642703134,2.2360679774997894
1.6094379124341003,-11.799999999999997,2.23606797749979,0.1418114451836196,2.2360679774997894
1.6094379124341003,-11.7,2.23606797749979,-0.0191323460597886,2.2360679774997894
1.6094379124341003,-11.599999999999998,2.23606797749979,-0.18007613730320032,2.2360679774997894
1.6094379124341003,-11.5,2.23606797749979,-0.341019928546605,2.2360679774997894
1.6094379124341003,-11.399999999999999,2.23606797749979,-0.5019637197900203,2.2360679774997894
1.6094379124341003,-11.299999999999997,2.23606797749979,-0.6629075110334319,2.2360679774997894
1.6094379124341003,-11.2,2.23606797749979,-0.8238513022768367,2.2360679774997894
1.6094379124341003,-11.099999999999998,2.23606797749979,-0.9847950935202483,2.2360679774997894
1.6094379124341003,-11.0,2.23606797749979,-1.1457388847636567,2.2360679774997894
1.6094379124341003,-10.899999999999999,2.2360679774997902,-1.3066826760070682,2.2360679774997894
1.6094379124341003,-10.799999999999997,2.23606797749979,-1.46762646725048,2.2360679774997894
1.6094379124341003,-10.7,2.23606797749979,-1.6285702584938881,2.2360679774997894
1.6094379124341003,-10.599999999999998,2.23606797749979,-1.7895140497372999,2.2360679774997894
1.6094379124341003,-10.5,2.23606797749979,-1.950457840980708,2.2360679774997894
1.6094379124341003,-10.399999999999999,2.2360679774997894,-2.11140163222412,2.2360679774997894
1.6094379124341003,-10.299999999999997,2.23606797749979,-2.2723454234675318,2.2360679774997894
1.6094379124341003,-10.2,2.23606797749979,-2.4332892147109364,2.2360679774997894
1.6094379124341003,-10.099999999999998,2.23606797749979,-2.5942330059543517,2.2360679774997894
1.6094379124341003,-10.0,2.2360679774997902,-2.7551767971977563,2.2360679774997894
1.6094379124341003,-9.899999999999999,2.23606797749979,-2.91612058844117,2.2360679774997894
1.6094379124341003,-9.799999999999997,2.2360679774997894,-3.0770643796845816,2.2360679774997894
1.6094379124341003,-9.7,2.23606797749979,3.0451771362515987,2.2360679774997894
1.6094379124341003,-9.599999999999998,2.23606797749979,2.884233345008187,2.2360679774997894
1.6094379124341003,-9.5,2.23606797749979,2.7232895537647805,2.2360679774997894
1.6094379124341003,-9.399999999999999,2.23606797749979,2.562345762521367,2.2360679774997894
1.6094379124341003,-9.299999999999997,2.23606797749979,2.4014019712779553,2.2360679774997894
1.6094379124341003,-9.2,2.23606797749979,2.240458180034549,2.2360679774997894
1.6094379124341003,-9.099999999999998,2.23606797749979,2.0795143887911354,2.2360679774997894
1.6094379124341003,-9.0,2.2360679774997902,1.918570597547729,2.2360679774997894
1.6094379124341003,-8.899999999999999,2.2360679774997902,1.7576268063043172,2.2360679774997894
1.6094379124341003,-8.799999999999997,2.23606797749979,1.5966830150609055,2.2360679774997894
1.6094379124341003,-8.7,2.23606797749979,1.435739223817499,2.2360679774997894
1.6094379124341003,-8.599999999999998,2.23606797749979,1.2747954325740856,2.2360679774997894
1.6094379124341003,-8.5,2.23606797749979,1.1138516413306792,2.2360679774997894
1.6094379124341003,-8.399999999999999,2.23606797749979,0.9529078500872673,2.2360679774997894
1.6094379124341003,-8.299999999999997,2.23606797749979,0.7919640588438557,2.2360679774997894
1.6094379124341003,-8.2,2.23606797749979,0.6310202676004474,2.2360679774997894
1.6094379124341003,-8.099999999999998,2.23606797749979,0.4700764763570357,2.2360679774997894
1.6094379124341003,-8.0,2.23606797749979,0.3091326851136293,2.2360679774997894
1.6094379124341003,-7.899999999999999,2.23606797749979,0.1481888938702176,2.2360679774997894
1.6094379124341003,-7.799999999999997,2.2360679774997902,-0.012754897373195951,2.2360679774997894
1.6094379124341003,-7.699999999999996,2.23606797749979,-0.1736986886166077,2.2360679774997894
1.6094379124341003,-7.600000000000001,2.2360679774997894,-0.33464247986000883,2.2360679774997894
1.6094379124341003,-7.5,2.23606797749979,-0.49558627110342046,2.2360679774997894
1.6094379124341003,-7.399999999999999,2.2360679774997894,-0.656530062346834,2.2360679774997894
1.6094379124341003,-7.299999999999997,2.2360679774997902,-0.8174738535902458,2.2360679774997894
1.6094379124341003,-7.199999999999996,2.23606797749979,-0.9784176448336576,2.2360679774997894
1.6094379124341003,-7.100000000000001,2.2360679774997894,-1.1393614360770585,2.2360679774997894
1.6094379124341003,-7.0,2.2360679774997902,-1.3003052273204703,2.2360679774997894
1.6094379124341003,-6.899999999999999,2.23606797749979,-1.4612490185638838,2.2360679774997894
1.6094379124341003,-6.799999999999997,2.23606797749979,-1.6221928098072955,2.2360679774997894
1.6094379124341003,-6.699999999999996,2.23606797749979,-1.7831366010507073,2.2360679774997894
1.6094379124341003,-6.600000000000001,2.2360679774997902,-1.9440803922941083,2.2360679774997894
1.6094379124341003,-6.5,2.23606797749979,-2.1050241835375223,2.2360679774997894
1.6094379124341003,-6.399999999999999,2.23606797749979,-2.2659679747809336,2.2360679774997894
1.6094379124341003,-6.299999999999997,2.23606797749979,-2.4269117660243453,2.2360679774997894
1.6094379124341003,-6.199999999999996,2.23606797749979,-2.587855557267759,2.2360679774997894
1.6094379124341003,-6.100000000000001,2.2360679774997902,-2.748799348511158,2.2360679774997894
1.6094379124341003,-6.0,2.23606797749979,-2.9097431397545717,2.2360679774997894
1.6094379124341003,-5.899999999999999,2.23606797749979,-3.0706869309979834,2.2360679774997894
1.6094379124341003,-5.799999999999997,2.2360679774997894,3.051554584938191,2.2360679774997894
1.6094379124341003,-5.699999999999996,2.23606797749979,2.890610793694778,2.2360679774997894
1.6094379124341003,-5.600000000000001,2.2360679774997902,2.729667002451377,2.2360679774997894
1.6094379124341003,-5.5,2.2360679774997902,2.568723211207965,2.2360679774997894
1.6094379124341003,-5.399999999999999,2.23606797749979,2.4077794199645535,2.2360679774997894
1.6094379124341003,-5.299999999999997,2.23606797749979,2.2468356287211395,2.2360679774997894
1.6094379124341003,-5.199999999999996,2.23606797749979,2.085891837477728,2.2360679774997894
1.6094379124341003,-5.100000000000001,2.23606797749979,1.924948046234327,2.2360679774997894
1.6094379124341003,-5.0,2.23606797749979,1.7640042549909152,2.2360679774997894
1.6094379124341003,-4.899999999999999,2.2360679774997894,1.6030604637475026,2.2360679774997894
1.6094379124341003,-4.799999999999997,2.23606797749979,1.44211667250409,2.2360679774997894
1.6094379124341003,-4.699999999999996,2.23606797749979,1.2811728812606782,2.2360679774997894
1.6094379124341003,-4.600000000000001,2.2360679774997894,1.120229090017277,2.2360679774997894
1.6094379124341003,-4.5,2.23606797749979,0.9592852987738644,2.2360679774997894
1.6094379124341003,-4.399999999999999,2.2360679774997894,0.7983415075304527,2.2360679774997894
1.6094379124341003,-4.299999999999997,2.2360679774997902,0.6373977162870401,2.2360679774997894
1.6094379124341003,-4.199999999999996,2.23606797749979,0.4764539250436275,2.2360679774997894
1.6094379124341003,-4.100000000000001,2.23606797749979,0.3155101338002273,2.2360679774997894
1.6094379124341003,-4.0,2.23606797749979,0.15456634255681467,2.2360679774997894
1.6094379124341003,-3.8999999999999986,2.23606797749979,-0.006377448686597975,2.2360679774997894
1.6094379124341003,-3.799999999999997,2.2360679774997902,-0.1673212399300097,2.2360679774997894
1.6094379124341003,-3.6999999999999957,2.23606797749979,-0.3282650311734223,2.2360679774997894
1.6094379124341003,-3.6000000000000014,2.23606797749979,-0.48920882241682345,2.2360679774997894
1.6094379124341003,-3.5,2.23606797749979,-0.6501526136602352,2.2360679774997894
1.6094379124341003,-3.3999999999999986,2.23606797749979,-0.8110964049036478,2.2360679774997894
1.6094379124341003,-3.299999999999997,2.23606797749979,-0.9720401961470604,2.2360679774997894
1.6094379124341003,-3.1999999999999957,2.23606797749979,-1.1329839873904721,2.2360679774997894
1.6094379124341003,-3.1000000000000014,2.23606797749979,-1.2939277786338732,2.2360679774997894
1.6094379124341003,-3.0,2.2360679774997902,-1.4548715698772858,2.2360679774997894
1.6094379124341003,-2.8999999999999986,2.23606797749979,-1.6158153611206976,2.2360679774997894
1.6094379124341003,-2.799999999999997,2.2360679774997894,-1.7767591523641102,2.2360679774997894
1.6094379124341003,-2.6999999999999957,2.23606797749979,-1.9377029436075228,2.2360679774997894
1.6094379124341003,-2.6000000000000014,2.23606797749979,-2.098646734850923,2.2360679774997894
1.6094379124341003,-2.5,2.23606797749979,-2.2595905260943354,2.2360679774997894
1.6094379124341003,-2.3999999999999986,2.23606797749979,-2.420534317337748,2.2360679774997894
1.6094379124341003,-2.299999999999997,2.2360679774997902,-2.5814781085811607,2.2360679774997894
1.6094379124341003,-2.1999999999999957,2.2360679774997894,-2.7424218998245724,2.2360679774997894
1.6094379124341003,-2.1000000000000014,2.2360679774997894,-2.9033656910679735,2.2360679774997894
1.6094379124341003,-2.0,2.23606797749979,-3.064309482311386,2.2360679774997894
1.6094379124341003,-1.8999999999999986,2.23606797749979,3.0579320336247884,2.2360679774997894
1.6094379124341003,-1.7999999999999972,2.23606797749979,2.8969882423813758,2.2360679774997894
1.6094379124341003,-1.6999999999999957,2.23606797749979,2.7360444511379636,2.2360679774997894
1.6094379124341003,-1.5999999999999943,2.23606797749979,2.5751006598945514,2.2360679774997894
1.6094379124341003,-1.5,2.2360679774997894,2.4141568686511503,2.2360679774997894
1.6094379124341003,-1.3999999999999986,2.23606797749979,2.253213077407738,2.2360679774997894
1.6094379124341003,-1.2999999999999972,2.2360679774997902,2.092269286164326,2.2360679774997894
1.6094379124341003,-1.1999999999999957,2.23606797749979,1.9313254949209135,2.2360679774997894
1.6094379124341003,-1.0999999999999943,2.23606797749979,1.7703817036775011,2.2360679774997894
1.6094379124341003,-1.0,2.23606797749979,1.6094379124341003,2.2360679774997894
1.6094379124341003,-0.8999999999999986,2.2360679774997902,1.4484941211906879,2.2360679774997894
1.6094379124341003,-0.7999999999999972,2.23606797749979,1.2875503299472757,2.2360679774997894
1.6094379124341003,-0.6999999999999957,2.2360679774997902,1.1266065387038633,2.2360679774997894
1.6094379124341003,-0.5999999999999943,2.23606797749979,0.965662747460451,2.2360679774997894
1.6094379124341003,-0.5,2.23606797749979,0.8047189562170501,2.2360679774997894
1.6094379124341003,-0.3999999999999986,2.2360679774997894,0.6437751649736378,2.2360679774997894
1.6094379124341003,-0.29999999999999716,2.23606797749979,0.4828313737302255,2.2360679774997894
1.6094379124341003,-0.19999999999999574,2.23606797749979,0.3218875824868132,2.2360679774997894
1.6094379124341003,-0.09999999999999432,2.23606797749979,0.16094379124340086,2.2360679774997894
1.6094379124341003,0.0,2.23606797749979,0.0,2.2360679774997894
1.6094379124341003,0.10000000000000142,2.23606797749979,-0.16094379124341232,2.2360679774997894
1.6094379124341003,0.20000000000000284,2.23606797749979,-0.3218875824868246,2.2360679774997894
1.6094379124341003,0.30000000000000426,2.2360679774997894,-0.4828313737302369,2.2360679774997894
1.6094379124341003,0.4000000000000057,2.23606797749979,-0.6437751649736493,2.2360679774997894
1.6094379124341003,0.5,2.23606797749979,-0.8047189562170501,2.2360679774997894
1.6094379124341003,0.6000000000000014,2.23606797749979,-0.9656627474604624,2.2360679774997894
1.6094379124341003,0.7000000000000028,2.23606797749979,-1.1266065387038748,2.2360679774997894
1.6094379124341003,0.8000000000000043,2.23606797749979,-1.287550329947287,2.2360679774997894
1.6094379124341003,0.9000000000000057,2.23606797749979,-1.4484941211906994,2.2360679774997894
1.6094379124341003,1.0,2.23606797749979,-1.6094379124341003,2.2360679774997894
1.6094379124341003,1.1000000000000014,2.23606797749979,-1.7703817036775127,2.2360679774997894
1.6094379124341003,1.2000000000000028,2.2360679774997894,-1.9313254949209249,2.2360679774997894
1.6094379124341003,1.3000000000000043,2.23606797749979,-2.092269286164337,2.2360679774997894
1.6094379124341003,1.4000000000000057,2.2360679774997894,-2.2532130774077497,2.2360679774997894
1.6094379124341003,1.5,2.2360679774997894,-2.4141568686511503,2.2360679774997894
1.6094379124341003,1.6000000000000014,2.2360679774997894,-2.575100659894563,2.2360679774997894
1.6094379124341003,1.7000000000000028,2.23606797749979,-2.736044451137975,2.2360679774997894
1.6094379124341003,1.8000000000000043,2.23606797749979,-2.8969882423813873,2.2360679774997894
1.6094379124341003,1.9000000000000057,2.23606797749979,-3.0579320336247995,2.2360679774997894
1.6094379124341003,2.0,2.23606797749979,3.064309482311386,2.2360679774997894
1.6094379124341003,2.1000000000000014,2.2360679774997894,2.9033656910679735,2.2360679774997894
1.6094379124341003,2.200000000000003,2.23606797749979,2.742421899824561,2.2360679774997894
1.6094379124341003,2.3000000000000043,2.23606797749979,2.581478108581149,2.2360679774997894
1.6094379124341003,2.4000000000000057,2.23606797749979,2.4205343173377365,2.2360679774997894
1.6094379124341003,2.5,2.23606797749979,2.2595905260943354,2.2360679774997894
1.6094379124341003,2.6000000000000014,2.23606797749979,2.098646734850923,2.2360679774997894
1.6094379124341003,2.700000000000003,2.23606797749979,1.9377029436075113,2.2360679774997894
1.6094379124341003,2.8000000000000043,2.2360679774997902,1.7767591523640986,2.2360679774997894
1.6094379124341003,2.9000000000000057,2.23606797749979,1.615815361120687,2.2360679774997894
1.6094379124341003,3.0,2.2360679774997902,1.4548715698772858,2.2360679774997894
1.6094379124341003,3.1000000000000014,2.23606797749979,1.2939277786338732,2.2360679774997894
1.6094379124341003,3.200000000000003,2.2360679774997902,1.1329839873904606,2.2360679774997894
1.6094379124341003,3.3000000000000043,2.2360679774997902,0.9720401961470488,2.2360679774997894
1.6094379124341003,3.4000000000000057,2.23606797749979,0.8110964049036362,2.2360679774997894
1.6094379124341003,3.5,2.23606797749979,0.6501526136602352,2.2360679774997894
1.6094379124341003,3.6000000000000014,2.23606797749979,0.48920882241682345,2.2360679774997894
1.6094379124341003,3.700000000000003,2.2360679774997902,0.32826503117341077,2.2360679774997894
1.6094379124341003,3.8000000000000043,2.23606797749979,0.16732123992999817,2.2360679774997894
1.6094379124341003,3.9000000000000057,2.23606797749979,0.00637744868658643,2.2360679774997894
1.6094379124341003,4.0,2.23606797749979,-0.15456634255681467,2.2360679774997894
1.6094379124341003,4.100000000000001,2.23606797749979,-0.3155101338002273,2.2360679774997894
1.6094379124341003,4.200000000000003,2.23606797749979,-0.47645392504363904,2.2360679774997894
1.6094379124341003,4.300000000000004,2.23606797749979,-0.6373977162870517,2.2360679774997894
1.6094379124341003,4.400000000000006,2.23606797749979,-0.7983415075304643,2.2360679774997894
1.6094379124341003,4.5,2.23606797749979,-0.9592852987738644,2.2360679774997894
1.6094379124341003,4.600000000000001,2.2360679774997894,-1.120229090017277,2.2360679774997894
1.6094379124341003,4.700000000000003,2.23606797749979,-1.2811728812606897,2.2360679774997894
1.6094379124341003,4.800000000000004,2.2360679774997894,-1.4421166725041015,2.2360679774997894
1.6094379124341003,4.900000000000006,2.2360679774997902,-1.603060463747514,2.2360679774997894
1.6094379124341003,5.0,2.23606797749979,-1.7640042549909152,2.2360679774997894
1.6094379124341003,5.100000000000001,2.23606797749979,-1.924948046234327,2.2360679774997894
1.6094379124341003,5.200000000000003,2.23606797749979,-2.0858918374777407,2.2360679774997894
1.6094379124341003,5.300000000000004,2.2360679774997894,-2.2468356287211524,2.2360679774997894
1.6094379124341003,5.400000000000006,2.23606797749979,-2.407779419964564,2.2360679774997894
1.6094379124341003,5.5,2.2360679774997902,-2.568723211207965,2.2360679774997894
1.6094379124341003,5.600000000000001,2.2360679774997902,-2.729667002451377,2.2360679774997894
1.6094379124341003,5.700000000000003,2.23606797749979,-2.8906107936947905,2.2360679774997894
1.6094379124341003,5.800000000000004,2.2360679774997902,-3.0515545849382018,2.2360679774997894
1.6094379124341003,5.900000000000006,2.2360679774997894,3.0706869309979727,2.2360679774997894
1.6094379124341003,6.0,2.23606797749979,2.9097431397545717,2.2360679774997894
1.6094379124341003,6.100000000000001,2.2360679774997902,2.748799348511158,2.2360679774997894
1.6094379124341003,6.200000000000003,2.23606797749979,2.5878555572677464,2.2360679774997894
1.6094379124341003,6.300000000000004,2.23606797749979,2.4269117660243347,2.2360679774997894
1.6094379124341003,6.400000000000006,2.23606797749979,2.265967974780921,2.2360679774997894
1.6094379124341003,6.5,2.23606797749979,2.1050241835375223,2.2360679774997894
1.6094379124341003,6.600000000000001,2.2360679774997902,1.9440803922941083,2.2360679774997894
1.6094379124341003,6.700000000000003,2.23606797749979,1.7831366010506966,2.2360679774997894
1.6094379124341003,6.800000000000004,2.23606797749979,1.6221928098072849,2.2360679774997894
1.6094379124341003,6.900000000000006,2.23606797749979,1.4612490185638713,2.2360679774997894
1.6094379124341003,7.0,2.2360679774997902,1.3003052273204703,2.2360679774997894
1.6094379124341003,7.100000000000001,2.2360679774997894,1.1393614360770585,2.2360679774997894
1.6094379124341003,7.200000000000003,2.23606797749979,0.9784176448336468,2.2360679774997894
1.6094379124341003,7.300000000000004,2.23606797749979,0.8174738535902334,2.2360679774997894
1.6094379124341003,7.400000000000006,2.23606797749979,0.6565300623468218,2.2360679774997894
1.6094379124341003,7.5,2.23606797749979,0.49558627110342046,2.2360679774997894
1.6094379124341003,7.600000000000001,2.2360679774997894,0.33464247986000883,2.2360679774997894
1.6094379124341003,7.700000000000003,2.23606797749979,0.17369868861659704,2.2360679774997894
1.6094379124341003,7.800000000000004,2.2360679774997902,0.012754897373183515,2.2360679774997894
1.6094379124341003,7.900000000000006,2.23606797749979,-0.14818889387022818,2.2360679774997894
1.6094379124341003,8.0,2.23606797749979,-0.3091326851136293,2.2360679774997894
1.6094379124341003,8.100000000000001,2.23606797749979,-0.47007647635704103,2.2360679774997894
1.6094379124341003,8.200000000000003,2.2360679774997894,-0.6310202676004545,2.2360679774997894
1.6094379124341003,8.300000000000004,2.23606797749979,-0.7919640588438663,2.2360679774997894
1.6094379124341003,8.400000000000006,2.2360679774997902,-0.9529078500872781,2.2360679774997894
1.6094379124341003,8.5,2.23606797749979,-1.1138516413306792,2.2360679774997894
1.6094379124341003,8.600000000000001,2.2360679774997894,-1.2747954325740927,2.2360679774997894
1.6094379124341003,8.700000000000003,2.23606797749979,-1.4357392238175044,2.2360679774997894
1.6094379124341003,8.800000000000004,2.23606797749979,-1.5966830150609161,2.2360679774997894
1.6094379124341003,8.900000000000006,2.23606797749979,-1.7576268063043279,2.2360679774997894
1.6094379124341003,9.0,2.2360679774997902,-1.918570597547729,2.2360679774997894
1.6094379124341003,9.100000000000001,2.23606797749979,-2.0795143887911425,2.2360679774997894
1.6094379124341003,9.200000000000003,2.2360679774997902,-2.240458180034554,2.2360679774997894
1.6094379124341003,9.300000000000004,2.23606797749979,-2.401401971277966,2.2360679774997894
1.6094379124341003,9.400000000000006,2.23606797749979,-2.5623457625213795,2.2360679774997894
1.6094379124341003,9.5,2.23606797749979,-2.7232895537647805,2.2360679774997894
1.6094379124341003,9.600000000000001,2.2360679774997902,-2.8842333450081923,2.2360679774997894
1.6094379124341003,9.700000000000003,2.23606797749979,-3.045177136251604,2.2360679774997894
1.6094379124341003,9.800000000000004,2.23606797749979,3.077064379684569,2.2360679774997894
1.6094379124341003,9.900000000000006,2.23606797749979,2.9161205884411574,2.2360679774997894
1.6094379124341003,10.0,2.2360679774997902,2.7551767971977563,2.2360679774997894
1.6094379124341003,10.100000000000001,2.23606797749979,2.5942330059543446,2.2360679774997894
1.6094379124341003,10.200000000000003,2.23606797749979,2.433289214710933,2.2360679774997894
1.6094379124341003,10.300000000000004,2.23606797749979,2.272345423467521,2.2360679774997894
1.6094379124341003,10.400000000000006,2.23606797749979,2.111401632224106,2.2360679774997894
1.6094379124341003,10.5,2.23606797749979,1.950457840980708,2.2360679774997894
1.6094379124341003,10.600000000000001,2.23606797749979,1.7895140497372928,2.2360679774997894
1.6094379124341003,10.700000000000003,2.23606797749979,1.628570258493881,2.2360679774997894
1.6094379124341003,10.800000000000004,2.23606797749979,1.4676264672504693,2.2360679774997894
1.6094379124341003,10.900000000000006,2.23606797749979,1.3066826760070576,2.2360679774997894
1.6094379124341003,11.0,2.23606797749979,1.1457388847636567,2.2360679774997894
1.6094379124341003,11.100000000000001,2.2360679774997902,0.9847950935202449,2.2360679774997894
1.6094379124341003,11.200000000000003,2.23606797749979,0.8238513022768331,2.2360679774997894
1.6094379124341003,11.300000000000004,2.23606797749979,0.6629075110334177,2.2360679774997894
1.6094379124341003,11.400000000000006,2.23606797749979,0.5019637197900061,2.2360679774997894
1.6094379124341003,11.5,2.23606797749979,0.341019928546605,2.2360679774997894
1.6094379124341003,11.600000000000001,2.23606797749979,0.18007613730319325,2.2360679774997894
1.6094379124341003,11.700000000000003,2.2360679774997894,0.019132346059781497,2.2360679774997894
1.6094379124341003,11.800000000000004,2.23606797749979,-0.14181144518363026,2.2360679774997894
1.6094379124341003,11.900000000000006,2.23606797749979,-0.30275523642704194,2.2360679774997894
1.6094379124341003,12.0,2.23606797749979,-0.463699027670443,2.2360679774997894
1.6094379124341003,12.100000000000001,2.23606797749979,-0.6246428189138549,2.2360679774997894
1.6094379124341003,12.200000000000003,2.23606797749979,-0.78558661015727,2.2360679774997894
1.6094379124341003,12.300000000000004,2.23606797749979,-0.9465304014006818,2.2360679774997894
1.6094379124341003,12.400000000000006,2.23606797749979,-1.1074741926440936,2.2360679774997894
1.6094379124341003,12.5,2.23606797749979,-1.2684179838874947,2.2360679774997894
1.6094379124341003,12.600000000000001,2.2360679774997894,-1.4293617751309065,2.2360679774997894
1.6094379124341003,12.700000000000003,2.23606797749979,-1.5903055663743182,2.2360679774997894
1.6094379124341003,12.800000000000004,2.23606797749979,-1.75124935761773,2.2360679774997894
1.6094379124341003,12.900000000000006,2.2360679774997902,-1.9121931488611414,2.2360679774997894
1.6094379124341003,13.0,2.23606797749979,-2.0731369401045425,2.2360679774997894
1.6094379124341003,13.100000000000001,2.23606797749979,-2.234080731347958,2.2360679774997894
1.6094379124341003,13.200000000000003,2.23606797749979,-2.3950245225913696,2.2360679774997894
1.6094379124341003,13.300000000000004,2.2360679774997902,-2.5559683138347813,2.2360679774997894
1.6094379124341003,13.400000000000006,2.23606797749979,-2.716912105078193,2.2360679774997894
1.6094379124341003,13.5,2.2360679774997902,-2.877855896321594,2.2360679774997894
1.6094379124341003,13.600000000000001,2.23606797749979,-3.038799687565006,2.2360679774997894
1.6094379124341003,13.700000000000003,2.2360679774997894,3.0834418283711686,2.2360679774997894
1.6094379124341003,13.800000000000004,2.23606797749979,2.9224980371277534,2.2360679774997894
1.6094379124341003,13.900000000000006,2.23606797749979,2.7615542458843416,2.2360679774997894
1.6094379124341003,14.0,2.23606797749979,2.6006104546409405,2.2360679774997894
1.6094379124341003,14.100000000000001,2.23606797749979,2.439666663397529,2.2360679774997894
1.6094379124341003,14.200000000000003,2.23606797749979,2.278722872154117,2.2360679774997894
1.6094379124341003,14.300000000000004,2.23606797749979,2.1177790809107053,2.2360679774997894
1.6094379124341003,14.400000000000006,2.23606797749979,1.9568352896672936,2.2360679774997894
1.6094379124341003,14.5,2.23606797749979,1.7958914984238925,2.2360679774997894
1.6094379124341003,14.600000000000001,2.23606797749979,1.6349477071804808,2.2360679774997894
1.6094379124341003,14.700000000000003,2.23606797749979,1.4740039159370655,2.2360679774997894
1.6094379124341003,14.800000000000004,2.23606797749979,1.3130601246936537,2.2360679774997894
1.6094379124341003,14.900000000000006,2.2360679774997902,1.152116333450242,2.2360679774997894
1.6094379124341003,15.0,2.23606797749979,0.991172542206841,2.2360679774997894
1.6094379124341003,15.100000000000001,2.23606797749979,0.8302287509634293,2.2360679774997894
1.6094379124341003,15.200000000000003,2.23606797749979,0.6692849597200174,2.2360679774997894
1.6094379124341003,15.300000000000004,2.23606797749979,0.5083411684766058,2.2360679774997894
1.6094379124341003,15.400000000000006,2.23606797749979,0.3473973772331941,2.2360679774997894
1.6094379124341003,15.5,2.23606797749979,0.18645358598979297,2.2360679774997894
1.6094379124341003,15.600000000000001,2.2360679774997902,0.02550979474637769,2.2360679774997894
1.6094379124341003,15.700000000000003,2.23606797749979,-0.13543399649703405,2.2360679774997894
1.6094379124341003,15.800000000000004,2.2360679774997902,-0.29637778774044576,2.2360679774997894
1.6094379124341003,15.900000000000006,2.23606797749979,-0.4573215789838575,2.2360679774997894
1.6094379124341003,16.0,2.23606797749979,-0.6182653702272586,2.2360679774997894
1.6094379124341003,16.1,2.23606797749979,-0.7792091614706704,2.2360679774997894
1.6094379124341003,16.200000000000003,2.23606797749979,-0.9401529527140822,2.2360679774997894
1.6094379124341003,16.300000000000004,2.23606797749979,-1.101096743957494,2.2360679774997894
1.6094379124341003,16.400000000000006,2.2360679774997894,-1.2620405352009092,2.2360679774997894
1.6094379124341003,16.5,2.23606797749979,-1.4229843264443103,2.2360679774997894
1.6094379124341003,16.6,2.23606797749979,-1.583928117687722,2.2360679774997894
1.6094379124341003,16.700000000000003,2.23606797749979,-1.7448719089311338,2.2360679774997894
1.6094379124341003,16.800000000000004,2.23606797749979,-1.9058157001745455,2.2360679774997894
1.6094379124341003,16.900000000000006,2.2360679774997894,-2.0667594914179572,2.2360679774997894
1.6094379124341003,17.0,2.23606797749979,-2.2277032826613583,2.2360679774997894
1.6094379124341003,17.1,2.23606797749979,-2.38864707390477,2.2360679774997894
1.6094379124341003,17.200000000000003,2.23606797749979,-2.5495908651481853,2.2360679774997894
1.6094379124341003,17.300000000000004,2.23606797749979,-2.710534656391597,2.2360679774997894
1.6094379124341003,17.400000000000006,2.23606797749979,-2.871478447635009,2.2360679774997894
1.6094379124341003,17.5,2.23606797749979,-3.03242223887841,2.2360679774997894
1.6094379124341003,17.6,2.2360679774997894,3.089819277057765,2.2360679774997894
1.6094379124341003,17.700000000000003,2.2360679774997902,2.9288754858143533,2.2360679774997894
1.6094379124341003,17.800000000000004,2.23606797749979,2.7679316945709416,2.2360679774997894
1.6094379124341003,17.900000000000006,2.2360679774997894,2.60698790332753,2.2360679774997894
1.6094379124341003,18.0,2.23606797749979,2.4460441120841288,2.2360679774997894
1.6094379124341003,18.1,2.2360679774997894,2.2851003208407135,2.2360679774997894
1.6094379124341003,18.200000000000003,2.23606797749979,2.1241565295973017,2.2360679774997894
1.6094379124341003,18.300000000000004,2.23606797749979,1.96321273835389,2.2360679774997894
1.6094379124341003,18.400000000000006,2.2360679774997894,1.8022689471104782,2.2360679774997894
1.6094379124341003,18.5,2.23606797749979,1.6413251558670772,2.2360679774997894
1.6094379124341003,18.6,2.23606797749979,1.4803813646236654,2.2360679774997894
1.6094379124341003,18.700000000000003,2.23606797749979,1.3194375733802537,2.2360679774997894
1.6094379124341003,18.800000000000004,2.2360679774997902,1.158493782136842,2.2360679774997894
1.6094379124341003,18.900000000000006,2.23606797749979,0.9975499908934266,2.2360679774997894
1.6094379124341003,19.0,2.23606797749979,0.8366061996500256,2.2360679774997894
1.6094379124341003,19.1,2.23606797749979,0.6756624084066137,2.2360679774997894
1.6094379124341003,19.200000000000003,2.23606797749979,0.514718617163202,2.2360679774997894
1.6094379124341003,19.300000000000004,2.23606797749979,0.35377482591979026,2.2360679774997894
1.6094379124341003,19.400000000000006,2.23606797749979,0.19283103467637852,2.2360679774997894
1.6094379124341003,19.5,2.2360679774997894,0.03188724343297745,2.2360679774997894
1.6094379124341003,19.6,2.23606797749979,-0.1290565478104343,2.2360679774997894
1.6094379124341003,19.700000000000003,2.23606797749979,-0.29000033905384603,2.2360679774997894
1.6094379124341003,19.800000000000004,2.23606797749979,-0.4509441302972613,2.2360679774997894
1.6094379124341003,19.900000000000006,2.2360679774997902,-0.6118879215406695,2.2360679774997894
1.6094379124341003,20.0,2.23606797749979,-0.7728317127840741,2.2360679774997894
1.6094379124341003,20.1,2.23606797749979,-0.9337755040274859,2.2360679774997894
1.6094379124341003,20.200000000000003,2.23606797749979,-1.0947192952708975,2.2360679774997894
1.6094379124341003,20.300000000000004,2.2360679774997894,-1.2556630865143092,2.2360679774997894
1.6094379124341003,20.400000000000006,2.23606797749979,-1.416606877757721,2.2360679774997894
1.6094379124341003,20.5,2.23606797749979,-1.5775506690011256,2.2360679774997894
1.6094379124341003,20.6,2.2360679774997902,-1.7384944602445374,2.2360679774997894
1.6094379124341003,20.700000000000003,2.2360679774997902,-1.899438251487949,2.2360679774997894
1.6094379124341003,20.800000000000004,2.23606797749979,-2.0603820427313613,2.2360679774997894
1.6094379124341003,20.900000000000006,2.23606797749979,-2.221325833974773,2.2360679774997894
1.6094379124341003,21.0,2.23606797749979,-2.38226962521817,2.2360679774997894
1.6094379124341003,21.1,2.23606797749979,-2.543213416461589,2.2360679774997894
1.6094379124341003,21.200000000000003,2.2360679774997894,-2.7041572077050007,2.2360679774997894
1.6094379124341003,21.300000000000004,2.2360679774997894,-2.8651009989484124,2.2360679774997894
1.6094379124341003,21.400000000000006,2.23606797749979,-3.026044790191824,2.2360679774997894
1.6094379124341003,21.5,2.2360679774997902,3.0961967257443646,2.2360679774997894
1.6094379124341003,21.6,2.23606797749979,2.935252934500953,2.2360679774997894
1.6094379124341003,21.700000000000003,2.2360679774997894,2.774309143257541,2.2360679774997894
1.6094379124341003,21.800000000000004,2.23606797749979,2.6133653520141222,2.2360679774997894
1.6094379124341003,21.900000000000006,2.23606797749979,2.4524215607707105,2.2360679774997894
1.6094379124341003,22.0,2.23606797749979,2.291477769527313,2.2360679774997894
1.6094379124341003,22.1,2.23606797749979,2.1305339782839017,2.2360679774997894
1.6094379124341003,22.200000000000003,2.23606797749979,1.9695901870404895,2.2360679774997894
1.6094379124341003,22.300000000000004,2.23606797749979,1.808646395797078,2.2360679774997894
1.6094379124341003,22.400000000000006,2.23606797749979,1.6477026045536662,2.2360679774997894
1.6094379124341003,22.5,2.23606797749979,1.4867588133102616,2.2360679774997894
1.6094379124341003,22.6,2.23606797749979,1.3258150220668499,2.2360679774997894
1.6094379124341003,22.700000000000003,2.23606797749979,1.1648712308234381,2.2360679774997894
1.6094379124341003,22.800000000000004,2.23606797749979,1.0039274395800264,2.2360679774997894
1.6094379124341003,22.900000000000006,2.23606797749979,0.8429836483366145,2.2360679774997894
1.6094379124341003,23.0,2.23606797749979,0.6820398570932099,2.2360679774997894
1.6094379124341003,23.1,2.23606797749979,0.5210960658497982,2.2360679774997894
1.6094379124341003,23.200000000000003,2.23606797749979,0.3601522746063865,2.2360679774997894
1.6094379124341003,23.300000000000004,2.2360679774997894,0.19920848336297475,2.2360679774997894
1.6094379124341003,23.400000000000006,2.23606797749979,0.03826469211956299,2.2360679774997894
1.6094379124341003,23.5,2.23606797749979,-0.12267909912383454,2.2360679774997894
1.6094379124341003,23.6,2.23606797749979,-0.28362289036725336,2.2360679774997894
1.6094379124341003,23.700000000000003,2.23606797749979,-0.44456668161066515,2.2360679774997894
1.6094379124341003,23.800000000000004,2.23606797749979,-0.6055104728540768,2.2360679774997894
1.6094379124341003,23.900000000000006,2.23606797749979,-0.7664542640974886,2.2360679774997894
1.6094379124341003,24.0,2.23606797749979,-0.9273980553408862,2.2360679774997894
1.6094379124341003,24.10000000000001,2.2360679774997894,-1.0883418465843122,2.2360679774997894
1.6094379124341003,24.200000000000003,2.23606797749979,-1.2492856378277097,2.2360679774997894
1.6094379124341003,24.299999999999997,2.23606797749979,-1.4102294290711144,2.2360679774997894
1.6094379124341003,24.400000000000006,2.23606797749979,-1.57117322031454,2.2360679774997894
1.6094379124341003,24.5,2.2360679774997902,-1.7321170115579376,2.2360679774997894
1.6094379124341003,24.60000000000001,2.2360679774997902,-1.8930608028013636,2.2360679774997894
1.6094379124341003,24.700000000000003,2.23606797749979,-2.054004594044761,2.2360679774997894
1.6094379124341003,24.799999999999997,2.23606797749979,-2.214948385288166,2.2360679774997894
1.6094379124341003,24.900000000000006,2.23606797749979,-2.375892176531585,2.2360679774997894
1.6094379124341003,25.0,2.23606797749979,-2.5368359677749894,2.2360679774997894
1.6094379124341003,25.10000000000001,2.23606797749979,-2.697779759018415,2.2360679774997894
1.6094379124341003,25.200000000000003,2.23606797749979,-2.858723550261813,2.2360679774997894
1.6094379124341003,25.299999999999997,2.2360679774997902,-3.0196673415052104,2.2360679774997894
1.6094379124341003,25.400000000000006,2.23606797749979,3.1025741744309503,2.2360679774997894
1.6094379124341003,25.5,2.23606797749979,2.9416303831875457,2.2360679774997894
1.6094379124341003,25.60000000000001,2.2360679774997894,2.780686591944127,2.2360679774997894
1.6094379124341003,25.700000000000003,2.23606797749979,2.619742800700722,2.2360679774997894
1.6094379124341003,25.799999999999997,2.23606797749979,2.4587990094573247,2.2360679774997894
1.6094379124341003,25.900000000000006,2.23606797749979,2.2978552182138987,2.2360679774997894
1.6094379124341003,26.0,2.23606797749979,2.136911426970501,2.2360679774997894
1.6094379124341003,26.10000000000001,2.23606797749979,1.9759676357270752,2.2360679774997894
1.6094379124341003,26.200000000000003,2.23606797749979,1.8150238444836706,2.2360679774997894
1.6094379124341003,26.299999999999997,2.23606797749979,1.654080053240273,2.2360679774997894
1.6094379124341003,26.400000000000006,2.23606797749979,1.4931362619968471,2.2360679774997894
1.6094379124341003,26.5,2.23606797749979,1.3321924707534496,2.2360679774997894
1.6094379124341003,26.60000000000001,2.23606797749979,1.1712486795100236,2.2360679774997894
1.6094379124341003,26.700000000000003,2.23606797749979,1.010304888266626,2.2360679774997894
1.6094379124341003,26.799999999999997,2.23606797749979,0.8493610970232214,2.2360679774997894
1.6094379124341003,26.900000000000006,2.23606797749979,0.6884173057797954,2.2360679774997894
1.6094379124341003,27.0,2.2360679774997894,0.5274735145363979,2.2360679774997894
1.6094379124341003,27.10000000000001,2.23606797749979,0.366529723292972,2.2360679774997894
1.6094379124341003,27.200000000000003,2.23606797749979,0.20558593204957448,2.2360679774997894
1.6094379124341003,27.299999999999997,2.2360679774997894,0.04464214080616984,2.2360679774997894
1.6094379124341003,27.400000000000006,2.23606797749979,-0.11630165043724901,2.2360679774997894
1.6094379124341003,27.5,2.23606797749979,-0.2772454416806536,2.2360679774997894
1.6094379124341003,27.60000000000001,2.23606797749979,-0.4381892329240796,2.2360679774997894
1.6094379124341003,27.700000000000003,2.23606797749979,-0.599133024167477,2.2360679774997894
1.6094379124341003,27.799999999999997,2.23606797749979,-0.7600768154108746,2.2360679774997894
1.6094379124341003,27.900000000000006,2.23606797749979,-0.9210206066543006,2.2360679774997894
1.6094379124341003,28.0,2.23606797749979,-1.0819643978977052,2.2360679774997894
1.6094379124341003,28.10000000000001,2.23606797749979,-1.242908189141124,2.2360679774997894
1.6094379124341003,28.200000000000003,2.2360679774997894,-1.4038519803845286,2.2360679774997894
1.6094379124341003,28.299999999999997,2.23606797749979,-1.5647957716279262,2.2360679774997894
1.6094379124341003,28.400000000000006,2.2360679774997894,-1.725739562871352,2.2360679774997894
1.6094379124341003,28.5,2.2360679774997902,-1.8866833541147496,2.2360679774997894
1.6094379124341003,28.60000000000001,2.23606797749979,-2.0476271453581756,2.2360679774997894
1.6094379124341003,28.700000000000003,2.2360679774997894,-2.20857093660158,2.2360679774997894
1.6094379124341003,28.799999999999997,2.23606797749979,-2.3695147278449777,2.2360679774997894
1.6094379124341003,28.900000000000006,2.23606797749979,-2.5304585190884037,2.2360679774997894
1.6094379124341003,29.0,2.23606797749979,-2.691402310331801,2.2360679774997894
1.6094379124341003,29.10000000000001,2.23606797749979,-2.852346101575227,2.2360679774997894
1.6094379124341003,29.200000000000003,2.23606797749979,-3.0132898928186247,2.2360679774997894
1.6094379124341003,29.299999999999997,2.23606797749979,3.108951623117557,2.2360679774997894
1.6094379124341003,29.400000000000006,2.23606797749979,2.948007831874131,2.2360679774997894
1.6094379124341003,29.5,2.2360679774997902,2.7870640406307334,2.2360679774997894
1.6094379124341003,29.60000000000001,2.23606797749979,2.6261202493873075,2.2360679774997894
1.6094379124341003,29.700000000000003,2.23606797749979,2.46517645814391,2.2360679774997894
1.6094379124341003,29.799999999999997,2.23606797749979,2.3042326669005053,2.2360679774997894
1.6094379124341003,29.900000000000006,2.23606797749979,2.1432888756570865,2.2360679774997894
1.6094379124341003,30.0,2.23606797749979,1.982345084413682,2.2360679774997894
1.6094379124341003,30.10000000000001,2.23606797749979,1.8214012931702561,2.2360679774997894
1.6094379124341003,30.200000000000003,2.23606797749979,1.6604575019268586,2.2360679774997894
1.6094379124341003,30.299999999999997,2.23606797749979,1.499513710683461,2.2360679774997894
1.6094379124341003,30.400000000000006,2.23606797749979,1.3385699194400351,2.2360679774997894
1.6094379124341003,30.5,2.23606797749979,1.1776261281966305,2.2360679774997894
1.6094379124341003,30.60000000000001,2.23606797749979,1.0166823369532116,2.2360679774997894
1.6094379124341003,30.700000000000003,2.23606797749979,0.855738545709807,2.2360679774997894
1.6094379124341003,30.799999999999997,2.23606797749979,0.6947947544664095,2.2360679774997894
1.6094379124341003,30.900000000000006,2.23606797749979,0.5338509632229835,2.2360679774997894
1.6094379124341003,31.0,2.23606797749979,0.372907171979586,2.2360679774997894
1.6094379124341003,31.10000000000001,2.23606797749979,0.21196338073616,2.2360679774997894
1.6094379124341003,31.200000000000003,2.23606797749979,0.05101958949275538,2.2360679774997894
1.6094379124341003,31.299999999999997,2.2360679774997894,-0.10992420175064214,2.2360679774997894
1.6094379124341003,31.400000000000006,2.2360679774997902,-0.27086799299406805,2.2360679774997894
1.6094379124341003,31.5,2.23606797749979,-0.43181178423746563,2.2360679774997894
1.6094379124341003,31.60000000000001,2.23606797749979,-0.5927555754808915,2.2360679774997894
1.6094379124341003,31.700000000000003,2.23606797749979,-0.753699366724289,2.2360679774997894
1.6094379124341003,31.799999999999997,2.23606797749979,-0.9146431579676937,2.2360679774997894
1.6094379124341003,31.900000000000006,2.23606797749979,-1.0755869492111196,2.2360679774997894
1.6094379124341003,32.0,2.23606797749979,-1.2365307404545172,2.2360679774997894
1.6094379124341003,32.10000000000001,2.2360679774997894,-1.3974745316979431,2.2360679774997894
1.6094379124341003,32.2,2.2360679774997902,-1.5584183229413406,2.2360679774997894
1.6094379124341003,32.3,2.23606797749979,-1.7193621141847453,2.2360679774997894
1.6094379124341003,32.400000000000006,2.23606797749979,-1.8803059054281641,2.2360679774997894
1.6094379124341003,32.5,2.23606797749979,-2.041249696671569,2.2360679774997894
1.6094379124341003,32.60000000000001,2.23606797749979,-2.202193487914988,2.2360679774997894
1.6094379124341003,32.7,2.23606797749979,-2.3631372791583924,2.2360679774997894
1.6094379124341003,32.8,2.2360679774997894,-2.52408107040179,2.2360679774997894
1.6094379124341003,32.900000000000006,2.2360679774997902,-2.685024861645216,2.2360679774997894
1.6094379124341003,33.0,2.23606797749979,-2.8459686528886206,2.2360679774997894
1.6094379124341003,33.10000000000001,2.23606797749979,-3.0069124441320394,2.2360679774997894
1.6094379124341003,33.2,2.23606797749979,3.1153290718041426,2.2360679774997894
1.6094379124341003,33.3,2.23606797749979,2.954385280560745,2.2360679774997894
1.6094379124341003,33.400000000000006,2.23606797749979,2.793441489317319,2.2360679774997894
1.6094379124341003,33.5,2.2360679774997902,2.6324976980739216,2.2360679774997894
1.6094379124341003,33.60000000000001,2.23606797749979,2.4715539068304957,2.2360679774997894
1.6094379124341003,33.7,2.23606797749979,2.310610115587091,2.2360679774997894
1.6094379124341003,33.8,2.23606797749979,2.1496663243436935,2.2360679774997894
1.6094379124341003,33.900000000000006,2.23606797749979,1.9887225331002676,2.2360679774997894
1.6094379124341003,34.0,2.23606797749979,1.82777874185687,2.2360679774997894
1.6094379124341003,34.10000000000001,2.23606797749979,1.666834950613444,2.2360679774997894
1.6094379124341003,34.2,2.23606797749979,1.5058911593700466,2.2360679774997894
1.6094379124341003,34.3,2.2360679774997902,1.344947368126642,2.2360679774997894
1.6094379124341003,34.400000000000006,2.2360679774997894,1.184003576883216,2.2360679774997894
1.6094379124341003,34.5,2.23606797749979,1.0230597856398185,2.2360679774997894
1.6094379124341003,34.60000000000001,2.2360679774997894,0.8621159943963924,2.2360679774997894
1.6094379124341003,34.7,2.23606797749979,0.701172203152995,2.2360679774997894
1.6094379124341003,34.8,2.2360679774997902,0.5402284119095903,2.2360679774997894
1.6094379124341003,34.900000000000006,2.23606797749979,0.3792846206661715,2.2360679774997894
1.6094379124341003,35.0,2.23606797749979,0.2183408294227669,2.2360679774997894
1.6094379124341003,35.10000000000001,2.23606797749979,0.057397038179348034,2.2360679774997894
1.6094379124341003,35.2,2.2360679774997894,-0.10354675306405661,2.2360679774997894
1.6094379124341003,35.3,2.2360679774997902,-0.2644905443074541,2.2360679774997894
1.6094379124341003,35.400000000000006,2.23606797749979,-0.42543433555088006,2.2360679774997894
1.6094379124341003,35.5,2.23606797749979,-0.5863781267942848,2.2360679774997894
1.6094379124341003,35.60000000000001,2.23606797749979,-0.7473219180377035,2.2360679774997894
1.6094379124341003,35.7,2.23606797749979,-0.9082657092811082,2.2360679774997894
1.6094379124341003,35.8,2.23606797749979,-1.0692095005245057,2.2360679774997894
1.6094379124341003,35.900000000000006,2.23606797749979,-1.2301532917679316,2.2360679774997894
1.6094379124341003,36.0,2.2360679774997894,-1.3910970830113292,2.2360679774997894
1.6094379124341003,36.10000000000001,2.2360679774997902,-1.5520408742547551,2.2360679774997894
1.6094379124341003,36.2,2.23606797749979,-1.7129846654981598,2.2360679774997894
1.6094379124341003,36.3,2.23606797749979,-1.8739284567415573,2.2360679774997894
1.6094379124341003,36.400000000000006,2.23606797749979,-2.0348722479849832,2.2360679774997894
1.6094379124341003,36.5,2.23606797749979,-2.1958160392283808,2.2360679774997894
1.6094379124341003,36.60000000000001,2.23606797749979,-2.3567598304718067,2.2360679774997894
1.6094379124341003,36.7,2.23606797749979,-2.5177036217152042,2.2360679774997894
1.6094379124341003,36.80000000000001,2.23606797749979,-2.67864741295863,2.2360679774997894
1.6094379124341003,36.900000000000006,2.2360679774997894,-2.8395912042020277,2.2360679774997894
1.6094379124341003,37.0,2.2360679774997902,-3.0005349954454323,2.2360679774997894
1.6094379124341003,37.10000000000001,2.23606797749979,3.1217065204907284,2.2360679774997894
1.6094379124341003,37.2,2.23606797749979,2.960762729247331,2.2360679774997894
1.6094379124341003,37.30000000000001,2.23606797749979,2.799818938003905,2.2360679774997894
1.6094379124341003,37.400000000000006,2.23606797749979,2.6388751467605074,2.2360679774997894
1.6094379124341003,37.5,2.2360679774997894,2.4779313555171028,2.2360679774997894
1.6094379124341003,37.60000000000001,2.23606797749979,2.316987564273684,2.2360679774997894
1.6094379124341003,37.7,2.23606797749979,2.1560437730302793,2.2360679774997894
1.6094379124341003,37.80000000000001,2.2360679774997894,1.995099981786853,2.2360679774997894
1.6094379124341003,37.900000000000006,2.2360679774997894,1.8341561905434556,2.2360679774997894
1.6094379124341003,38.0,2.23606797749979,1.673212399300051,2.2360679774997894
1.6094379124341003,38.10000000000001,2.2360679774997894,1.512268608056632,2.2360679774997894
1.6094379124341003,38.2,2.23606797749979,1.3513248168132275,2.2360679774997894
1.6094379124341003,38.30000000000001,2.2360679774997902,1.1903810255698086,2.2360679774997894
1.6094379124341003,38.400000000000006,2.23606797749979,1.029437234326404,2.2360679774997894
1.6094379124341003,38.5,2.23606797749979,0.8684934430830066,2.2360679774997894
1.6094379124341003,38.60000000000001,2.23606797749979,0.7075496518395805,2.2360679774997894
1.6094379124341003,38.7,2.23606797749979,0.546605860596176,2.2360679774997894
1.6094379124341003,38.80000000000001,2.23606797749979,0.3856620693527571,2.2360679774997894
1.6094379124341003,38.900000000000006,2.23606797749979,0.22471827810935244,2.2360679774997894
1.6094379124341003,39.0,2.23606797749979,0.0637744868659549,2.2360679774997894
1.6094379124341003,39.10000000000001,2.23606797749979,-0.09716930437747107,2.2360679774997894
1.6094379124341003,39.2,2.23606797749979,-0.2581130956208686,2.2360679774997894
1.6094379124341003,39.30000000000001,2.23606797749979,-0.4190568868642945,2.2360679774997894
1.6094379124341003,39.400000000000006,2.23606797749979,-0.5800006781076921,2.2360679774997894
1.6094379124341003,39.5,2.23606797749979,-0.7409444693510967,2.2360679774997894
1.6094379124341003,39.60000000000001,2.23606797749979,-0.9018882605945227,2.2360679774997894
1.6094379124341003,39.7,2.23606797749979,-1.0628320518379202,2.2360679774997894
1.6094379124341003,39.80000000000001,2.2360679774997902,-1.223775843081339,2.2360679774997894
1.6094379124341003,39.900000000000006,2.23606797749979,-1.3847196343247508,2.2360679774997894
1.6094379124341003,40.0,2.23606797749979,-1.5456634255681483,2.2360679774997894
