N,c,K,R,y,epsilon_density,sigma_tail,L_leakage,T_tail_amp,delta_blind,shortness_exponent,theta_src,source_lawful,visibility_floor,gamma_logq,effective_strength
1,0.5,1,3,20.36116157592094,0.5283233624391833,0.5840885957939383,0.3144493508051394,1.411116288196033,1.1386662820795148,0.2276566274746046,0.504950495049505,True,0.0,4.61512051684126,0.0
2,0.5,1,3,22.841607982273604,0.5212843209584871,0.5820287073217666,0.3077694279887728,1.4209885208806954,1.134825539916033,0.22875055681536832,0.504950495049505,True,0.0,4.68213122712422,0.0
3,0.5,1,3,25.146265232785886,0.5156734855151446,0.5803812228600778,0.3018954105458793,1.4299836175450966,1.1318310511665803,0.22967546089433188,0.504950495049505,True,0.0,4.844187086458591,0.0
4,0.5,1,3,27.296308501055247,0.5110519314466373,0.5790203025957279,0.29669806000106197,1.4382029852511966,1.129446787715289,0.23047664925007902,0.504950495049505,True,0.0,5.099866427824199,0.0
5,0.5,1,3,29.311183373001313,0.5071509099085466,0.5778686661266288,0.2920635744469438,1.4457503180529603,1.1275173822923572,0.2311833474640173,0.504950495049505,True,0.0,5.41610040220442,0.0
6,0.5,1,4,31.207592441913597,0.5037950169843453,0.5768757445712582,0.23794300097014237,1.4527173986253303,1.0759804319537511,0.2318155105579643,0.504950495049505,True,0.0,5.755742213586912,0.0
7,0.5,1,4,32.99960695723509,0.5008640309746528,0.5760067989741726,0.23417301083250625,1.459181888659755,1.0746716996404992,0.2323873716367902,0.504950495049505,True,0.0,6.093569770045136,0.0
8,0.5,1,4,34.69904423264249,0.49827229697415554,0.5752370281391795,0.23073788834444758,1.4652085893863238,1.0735801229070359,0.232909439898728,0.504950495049505,True,0.0,6.416732282512326,0.0
9,0.5,1,4,36.3158608253694,0.4959568373692105,0.5745481632839644,0.22758932147217137,1.4708514736561402,1.072664334124819,0.23338969614476923,0.504950495049505,True,0.0,6.720220155135295,0.0
10,0.5,1,4,37.85849435598408,0.4938701247093935,0.5739263941434867,0.22468807137188507,1.476155649702205,1.0718927606000075,0.23383434397769154,0.504950495049505,True,0.0,7.003065458786462,0.0
11,0.5,1,4,39.33414356675888,0.49197549459636697,0.5733610503777316,0.22200197947287093,1.4811590327377575,1.0712408782598564,0.23424830120661327,0.504950495049505,True,0.0,7.266128779556451,0.0
12,0.5,1,4,40.74899289076489,0.49024412687967256,0.572843732421715,0.21950444858974494,1.485893703217507,1.0706893435227858,0.2346355323334387,0.504950495049505,True,0.0,7.510977752014095,0.0
13,0.5,1,4,42.10839141175283,0.4886529968534319,0.5723677207450489,0.21717328638584826,1.4903869910136271,1.0702226914603898,0.2349992800643373,0.504950495049505,True,0.0,7.739359202689098,0.0
14,0.5,1,4,43.416995595375056,0.487183447415334,0.5719275635945239,0.21498982067493133,1.494662336295482,1.0698284090689052,0.235342230547377,0.504950495049505,True,0.0,7.952966790923131,0.0
15,0.5,1,4,44.67888360813883,0.48582017074884615,0.57151878260238,0.21293821777615213,1.4987399736947222,1.0694962629796827,0.23566663387499864,0.504950495049505,True,0.0,8.153349757998892,0.0
16,0.5,1,4,45.897647419251854,0.4845504671927614,0.57113765827172,0.21100495291950438,1.5026374781891843,1.0692178034437978,0.23597439364132394,0.504950495049505,True,0.0,8.341886969516187,0.0
17,0.5,1,4,47.0764674952055,0.48336369606946605,0.5707810708434474,0.20917839517771192,1.506370203072089,1.06898599277386,0.23626713462634052,0.504950495049505,True,0.0,8.519789817263504,0.0
18,0.5,1,4,48.21817379385359,0.4822508621783988,0.5704463803468401,0.2074484793101683,1.5099516335560732,1.0687949231710285,0.2365462547201499,0.504950495049505,True,0.0,8.688116703257823,0.0
19,0.5,1,4,49.325295912500614,0.48120429992789804,0.5701313348801125,0.20580644410795607,1.513393674147793,1.0686395997489553,0.23681296529557488,0.504950495049505,True,0.0,8.84779106484485,0.0
20,0.5,1,4,50.400104594356996,0.4802174288956303,0.5698339995634727,0.2042446220548208,1.516706883746874,1.068515771785753,0.2370683229820877,0.504950495049505,True,0.0,8.99961934066053,0.0
21,0.5,1,4,51.444646303683754,0.4792845624218632,0.5695527008551798,0.20275626892088477,1.5199006692314196,1.0684198001132352,0.2373132549492092,0.504950495049505,True,0.0,9.144307401371744,0.0
22,0.5,1,4,52.46077220427027,0.4784007561102681,0.5692859824387726,0.20133542468694304,1.522983445866427,1.0683485519049993,0.2375485792281289,0.504950495049505,True,0.0,9.282474969735382,0.0
23,0.5,1,4,53.450162589252955,0.4775616867301633,0.5690325699327835,0.19997679924544065,1.5259627710269459,1.0682993164646555,0.23777502119602598,0.504950495049505,True,0.0,9.414668009032752,0.0
24,0.5,1,4,54.41434759052788,0.4767635545404959,0.5687913424030495,0.19867567784418771,1.52884545632124,1.0682697372719485,0.23799322706105122,0.504950495049505,True,0.0,9.54136924893133,0.0
25,0.5,1,4,55.35472482657719,0.47600300384604183,0.5685613091745759,0.19742784237565725,1.5316376621218826,1.0682577567327616,0.23820377497991885,0.504950495049505,True,0.0,9.663007081568642,0.0
26,0.5,1,4,56.27257451610201,0.4752770578824189,0.568341590811528,0.1962295054716463,1.5343449776832379,1.0682615709418162,0.23840718428997293,0.504950495049505,True,0.0,9.77996306625063,0.0
27,0.5,1,4,57.16907248227084,0.47458306506231374,0.5681314034045291,0.19507725501411222,1.5369724893814876,1.0682795924005695,0.23860392322691087,0.504950495049505,True,0.0,9.892578262028092,0.0
28,0.5,1,4,58.04530139182014,0.4739186543042887,0.5679300455038153,0.1939680071713662,1.5395248391130583,1.0683104191030992,0.23879441541679836,0.504950495049505,True,0.0,10.001158579709575,0.0
29,0.5,1,4,58.90226050956909,0.4732816976783468,0.5677368871852994,0.19289896645313337,1.5420062744952823,1.0683528087552852,0.23897904536879888,0.504950495049505,True,0.0,10.105979316119466,0.0
30,0.5,1,4,59.74087419828468,0.4726702789880142,0.5675513608483341,0.19186759157648264,1.5444206922040946,1.0684056571592426,0.23915816314769697,0.504950495049505,True,0.0,10.207289006867793,0.0
31,0.5,1,4,60.561999353346124,0.472082667201396,0.5673729534288408,0.19087156616804285,1.5467716755385674,1.0684679799984365,0.2393320883689365,0.504950495049505,True,0.0,10.305312710723697,0.0
32,0.5,1,4,61.36643192909442,0.4715172938678095,0.5672011997765058,0.1899087735116461,1.5490625271067064,1.0685388974153962,0.23950111363073667,0.504950495049505,True,0.0,10.400254819051078,0.0
33,0.5,1,4,62.15491268741969,0.4709727338296987,0.5670356769950098,0.18897727469605619,1.551296297370293,1.0686176208952722,0.23966550747586535,0.504950495049505,True,0.0,10.492301467414055,0.0
34,0.5,1,4,62.92813227773182,0.47044768867424946,0.5668759995833897,0.18807528963339065,1.553475809660272,1.0687034420631731,0.23982551695835833,0.504950495049505,True,0.0,10.58162261297557,0.0
35,0.5,1,4,63.686735739968654,0.4699409724747474,0.5667218152473396,0.18720118051176932,1.555603682171875,1.06879572307766,0.23998136987677787,0.504950495049505,True,0.0,10.66837383025105,0.0
36,0.5,1,4,64.43132650793572,0.4694514994551024,0.5665728012735032,0.18635343732059695,1.5576823473653465,1.0688938883616674,0.24013327672468363,0.504950495049505,True,0.0,10.752697868727662,0.0
37,0.5,1,4,65.16246997842602,0.46897827327722524,0.5664286613791023,0.18553066514754202,1.5597140691299722,1.0689974174589847,0.24028143240022584,0.504950495049505,True,0.0,10.834726008457404,0.0
38,0.5,1,4,65.88069670175416,0.4685203777039218,0.5662891229646639,0.18473157299565163,1.5617009580130659,1.069105838841946,0.2404260177097002,0.504950495049505,True,0.0,10.914579243674742,0.0
39,0.5,1,4,66.58650524117307,0.46807696843258045,0.5661539347100258,0.18395496390943494,1.563644984769313,1.06921872452618,0.24056720069416138,0.504950495049505,True,0.0,10.992369319524597,0.0
40,0.5,1,4,67.28036474181769,0.46764726592938993,0.5660228644638468,0.18319972623194353,1.565547992447502,1.0693356853727034,0.24070513780350958,0.504950495049505,True,0.0,11.06819964290876,0.0
41,0.5,1,4,67.96271724409748,0.4672305491218446,0.5658956973850138,0.1824648258422749,1.5674117071997358,1.0694563669775043,0.24083997493862191,0.504950495049505,True,0.0,11.142166085101078,0.0
42,0.5,1,4,68.63397977163987,0.466826149830188,0.5657722343010233,0.1817492992456407,1.569237747971528,1.0695804460649982,0.24097184837893457,0.504950495049505,True,0.0,11.214357691009177,0.0
43,0.5,1,4,69.29454621981486,0.4664334478372448,0.565652290253898,0.18105224740704057,1.571027635208785,1.0697076273150552,0.24110088561026036,0.504950495049505,True,0.0,11.284857307664499,0.0
44,0.5,1,4,69.9447890674171,0.46605186651159575,0.5655356932087275,0.18037283023538125,1.572782798698816,1.0698376405642789,0.24122720606544734,0.504950495049505,True,0.0,11.353742142614896,0.0
45,0.5,1,4,70.58506093114354,0.4656808689118955,0.5654222829036805,0.17971026163812148,1.574504584646582,1.069970238331303,0.24135092178866377,0.504950495049505,True,0.0,11.421084261304648,0.0
46,0.5,1,4,71.21569597999626,0.4653199543108171,0.5653119098234475,0.17906380507767516,1.5761942620738787,1.070105193623419,0.24147213803256887,0.504950495049505,True,0.0,11.486951031197993,0.0
47,0.5,1,4,71.83701122459217,0.46496865508603247,0.5652044342806973,0.17843276957021958,1.5778530286176577,1.0702422979881479,0.24159095379634596,0.504950495049505,True,0.0,11.551405519288075,0.0
48,0.5,1,4,72.44930769451675,0.46462653393311876,0.5650997255923061,0.17781650607553462,1.5794820157938785,1.070381359778638,0.24170746231148857,0.504950495049505,True,0.0,11.614506848695974,0.0
49,0.5,1,4,73.05287151526949,0.4642931813615756,0.5649976613389681,0.17721440423328,1.5810822937849003,1.0705222026062,0.24182175148131274,0.504950495049505,True,0.0,11.6763105192736,0.0
50,0.5,1,4,73.64797489497718,0.46396821344045647,0.564898126698352,0.17662588940690488,1.5826548758012058,1.070664663957019,0.24193390427938566,0.504950495049505,True,0.0,11.736868696455003,0.0
51,0.5,2,6,74.23487702986169,0.313463250041855,0.3171835896614597,0.1536038549116927,1.5842007220620622,0.656086326679614,0.2700439991113948,0.504950495049505,True,0.513587127465637,11.796230472032498,6.058392123053785
52,0.5,2,6,74.8138249364173,0.31315399189366067,0.31708879721573835,0.15304091993511754,1.5857207434343576,0.6558552031907645,0.2701521101444109,0.504950495049505,True,0.5139709837583595,11.854442100050415,6.092839268069425
53,0.5,2,6,75.38505421735425,0.3128521005782328,0.3169962297611425,0.15249003677905887,1.5872158047642329,0.6556314627066184,0.2702583076070073,0.504950495049505,True,0.5143433905832095,11.911547210596385,6.126625579390117
54,0.5,2,6,75.94878976758108,0.31255727591314764,0.3169057973900117,0.15195074919369211,1.5886867279321,0.6554147835119428,0.2703626580632785,0.504950495049505,True,0.514704842276013,11.967587003916694,6.1597749812754055
55,0.5,2,6,76.50524642581276,0.31226923485585345,0.31681741529848073,0.1514226254384723,1.5901342946581556,0.6552048626495419,0.2704652246634343,0.504950495049505,True,0.5150558043308281,12.022600426978823,6.192310133065734
56,0.5,2,6,77.05462957679073,0.31198771025415684,0.3167310034160561,0.1509052565902556,1.5915592490824375,0.6550014145482408,0.2705660673733326,0.504950495049505,True,0.515396715517529,12.076624334343258,6.22425251645958
57,0.5,2,6,77.59713570857285,0.31171244970689477,0.3166464860677401,0.1503982549932314,1.5929623001408264,0.6548041697712088,0.27066524318503987,0.504950495049505,True,0.5157279898127137,12.129693634981377,6.255622515413014
58,0.5,2,6,78.13295292888611,0.31144321452344775,0.3165637916653626,0.14990125283675232,1.5943441237560512,0.654612873872358,0.27076280631027055,0.504950495049505,True,0.5160500181630697,12.18184142648143,6.286439489395377
59,0.5,2,6,78.66226144412576,0.3111797787720772,0.3164828524251687,0.14941390084870537,1.5957053648607216,0.6544272863499712,0.2708588083583492,0.504950495049505,True,0.5163631700981014,12.233099117915673,6.316721840651224
60,0.5,2,6,79.18523400422099,0.3109219284082298,0.3164036041090525,0.14893586709343176,1.5970466392676046,0.6542471796879517,0.27095329850015804,0.504950495049505,True,0.5166677952071875,12.283496542494976,6.346487076045991
61,0.5,2,6,79.702036316267,0.3106694604749554,0.31632598578712096,0.1484668358643958,1.5983685354007853,0.654072338476166,0.2710463236193738,0.504950495049505,True,0.5169642244942417,12.333062061009333,6.375751864009044
62,0.5,2,6,80.21282742953805,0.3104221823684658,0.3162499396195323,0.1480065066628518,1.599671615899945,0.6539025586022891,0.27113792845215856,0.504950495049505,True,0.5172527716217826,12.38182265694109,6.404532087032163
63,0.5,2,6,80.71776009424345,0.3101799111626298,0.3161754106557785,0.1475545932546804,1.6009564191087644,0.6537376465083986,0.2712281557163458,0.504950495049505,True,0.5175337340549143,12.42980402404012,6.432842890132283
64,0.5,2,6,81.21698109616214,0.309942472986874,0.31610234664977904,0.1471108227983819,1.6022234604573427,0.6535774185062773,0.2713170462310566,0.504950495049505,True,0.5178073941145946,12.4770306470645,6.460698725644404
65,0.5,2,6,81.71063156909129,0.309709702452551,0.3160306978893296,0.14667493503792994,1.6034732337475792,0.6534217001460375,0.27140463902758355,0.504950495049505,True,0.5180740199485602,12.523525876315125,6.488113394672391
66,0.5,2,6,82.19884728686418,0.30948144212335665,0.31596041703859956,0.14624668155482923,1.604706212349564,0.653270325633229,0.27149097145229617,0.504950495049505,True,0.51833386642741,12.569311996526467,6.515100085491992
67,0.5,2,6,82.68175893653186,0.30925754202583966,0.31589145899251114,0.14582582507428032,1.6059228503162897,0.6531231372901052,0.2715760792622479,0.504950495049505,True,0.5185871759725568,12.614410290617377,6.541671409170425
68,0.5,2,6,83.1594923741594,0.3090378591964498,0.31582378074194895,0.14541213882086124,1.607123583423273,0.6529799850571484,0.27165999671409635,0.504950495049505,True,0.5188341793220878,12.658841098754205,6.567839432640854
69,0.5,2,6,83.63216886455746,0.3088222572619329,0.3157573412488574,0.14500540591957656,1.6083088301390878,0.6528407260313551,0.27174275664689035,0.504950495049505,True,0.519075096239956,12.702623873132938,6.593615709446442
70,0.5,2,6,84.09990530615448,0.308610606050198,0.3156921013303762,0.1446054188385254,1.6094789925322455,0.6527052240381268,0.271824390559225,0.504950495049505,True,0.5193101361733828,12.74577722884654,6.619011308347899
71,0.5,2,6,84.5628144421093,0.3084027812290653,0.31562802355124725,0.14421197886979226,1.6106344571193718,0.6525733492339156,0.27190492868121785,0.504950495049505,True,0.5195394988628873,12.78831899116778,6.6440368399700525
72,0.5,2,6,85.02100505867041,0.30819866397055484,0.31556507212380097,0.1438248956454825,1.611775595659181,0.6524449777370542,0.271984400041718,0.504950495049505,True,0.5197633749089127,12.83026623954579,6.6687024816462035
73,0.5,2,6,85.47458217170185,0.30799814063860126,0.3155032128148966,0.14344398668610892,1.6129027658963557,0.6523199912844422,0.2720628325311221,0.504950495049505,True,0.5199819462986525,12.871635348586217,6.693018000604395
74,0.5,2,6,85.92364720222,0.30780110249827886,0.3154424128592495,0.1430690769787865,1.6140163122590823,0.6521982769119794,0.27214025296013755,0.504950495049505,True,0.520195386896334,12.91244202625924,6.716992775626409
75,0.5,2,6,86.36829814171466,0.3076074454448006,0.3153826408786306,0.14269999858292665,1.6151165665136606,0.6520797266568314,0.2722166871148021,0.504950495049505,True,0.5204038628999176,12.95270134955713,6.7406358172985055
76,0.5,2,6,86.80862970796521,0.30741706975071587,0.3153238668064733,0.14233659026132184,1.616203848379326,0.6519642372797939,0.2722921598080433,0.504950495049505,True,0.5206075332668859,12.992427797802574,6.763955786962117
77,0.5,2,6,87.24473349200525,0.30722987982987304,0.3152660618174613,0.14197869713470057,1.61727846610615,0.651851710006171,0.2723666949280346,0.504950495049505,True,0.520806550111571,13.031635283790814,6.786961014463317
78,0.5,2,6,87.67669809683692,0.30704578401684496,0.3152091982617129,0.14162617035799596,1.6183407170186528,0.6517420502837311,0.2724403154835855,0.504950495049505,True,0.521001059076234,13.070337182932164,6.809659514791138
79,0.5,2,6,88.10460926844884,0.30686469436062824,0.3151532496032085,0.14127886681672464,1.6193908880275383,0.6516351675564289,0.2725130436467796,0.504950495049505,True,0.5211911996779193,13.10854636054683,6.832059003687025
80,0.5,2,6,88.52855001964842,0.30668652643153377,0.3150981903621418,0.1409366488420063,1.6204292561117735,0.6515309750526977,0.27258490079305986,0.504950495049505,True,0.5213771056329287,13.146275197450642,6.854166912300774
1,0.8,1,3,20.36116157592094,0.5283233624391833,0.5840885957939383,0.3144493508051394,1.411116288196033,1.1386662820795148,0.2276566274746046,0.504950495049505,True,0.0,4.61512051684126,0.0
2,0.8,1,3,22.841607982273604,0.5212843209584871,0.5820287073217666,0.3077694279887728,1.4209885208806954,1.134825539916033,0.22875055681536832,0.504950495049505,True,0.0,4.68213122712422,0.0
3,0.8,1,3,25.146265232785886,0.5156734855151446,0.5803812228600778,0.3018954105458793,1.4299836175450966,1.1318310511665803,0.22967546089433188,0.504950495049505,True,0.0,4.844187086458591,0.0
4,0.8,1,3,27.296308501055247,0.5110519314466373,0.5790203025957279,0.29669806000106197,1.4382029852511966,1.129446787715289,0.23047664925007902,0.504950495049505,True,0.0,5.099866427824199,0.0
5,0.8,1,3,29.311183373001313,0.5071509099085466,0.5778686661266288,0.2920635744469438,1.4457503180529603,1.1275173822923572,0.2311833474640173,0.504950495049505,True,0.0,5.41610040220442,0.0
6,0.8,1,4,31.207592441913597,0.5037950169843453,0.5768757445712582,0.23794300097014237,1.4527173986253303,1.0759804319537511,0.2318155105579643,0.504950495049505,True,0.0,5.755742213586912,0.0
7,0.8,1,4,32.99960695723509,0.5008640309746528,0.5760067989741726,0.23417301083250625,1.459181888659755,1.0746716996404992,0.2323873716367902,0.504950495049505,True,0.0,6.093569770045136,0.0
8,0.8,1,4,34.69904423264249,0.49827229697415554,0.5752370281391795,0.23073788834444758,1.4652085893863238,1.0735801229070359,0.232909439898728,0.504950495049505,True,0.0,6.416732282512326,0.0
9,0.8,2,5,36.3158608253694,0.3457688176464472,0.3269307391021401,0.22758932147217137,1.4708514736561402,0.7084558808640453,0.2613896961447692,0.504950495049505,True,0.43854054767786277,6.720220155135295,2.947089027348844
10,0.8,2,5,37.85849435598408,0.34368210498663027,0.32630896996166237,0.22468807137188507,1.476155649702205,0.7063709009293001,0.26183434397769156,0.504950495049505,True,0.44185859583600395,7.003065458786462,3.094364670167007
11,0.8,2,5,39.33414356675888,0.3417874748736037,0.32574362619590724,0.22200197947287093,1.4811590327377575,0.7044800937696906,0.26224830120661324,0.504950495049505,True,0.44486531849191524,7.266128779556451,3.232448693720652
12,0.8,2,5,40.74899289076489,0.34005610715690937,0.32522630823989074,0.21950444858974494,1.485893703217507,0.7027561721240746,0.26263553233343867,0.504950495049505,True,0.44760538754442913,7.510977752014095,3.361954107527854
13,0.8,2,5,42.10839141175283,0.33846497713066864,0.3247502965632246,0.21717328638584826,1.4903869910136271,0.7011769037114957,0.2629992800643373,0.504950495049505,True,0.4501150067178901,7.739359202689098,3.483601719510568
14,0.8,2,5,43.416995595375056,0.33699542769257074,0.32431013941269965,0.21498982067493133,1.494662336295482,0.6997239713338305,0.263342230547377,0.504950495049505,True,0.4524238678393756,7.952966790923131,3.59811199634755
15,0.8,2,5,44.67888360813883,0.3356321510260829,0.3239013584205556,0.21293821777615213,1.4987399736947222,0.6983821311750604,0.2636666338749986,0.504950495049505,True,0.4545565822114279,8.153349757998892,3.7061587995703493
16,0.8,2,5,45.897647419251854,0.3343624474699981,0.3235202340898957,0.21100495291950438,1.5026374781891843,0.6971385816155198,0.26397439364132397,0.504950495049505,True,0.4565337456132994,8.341886969516187,3.808352903676
17,0.8,2,5,47.0764674952055,0.33317567634670275,0.3231636466616231,0.20917839517771192,1.506370203072089,0.695982483224898,0.26426713462634055,0.504950495049505,True,0.4583727427326852,8.519789817263504,3.905239426045075
18,0.8,2,5,48.21817379385359,0.33206284245563555,0.32282895616501583,0.2074484793101683,1.5099516335560732,0.6949045890307359,0.2645462547201499,0.504950495049505,True,0.4600883631096289,8.688116703257823,3.997301392507317
19,0.8,2,5,49.325295912500614,0.33101628020513485,0.3225139106982882,0.20580644410795607,1.513393674147793,0.6938969563834116,0.2648129652955749,0.504950495049505,True,0.4616932786249551,8.84779106484485,4.084965665316801
20,0.8,2,5,50.400104594356996,0.33002940917286705,0.3222165753816484,0.2042446220548208,1.516706883746874,0.6929527199935104,0.26506832298208766,0.504950495049505,True,0.46319841785382626,8.99961934066053,4.168609439880653
21,0.8,2,5,51.444646303683754,0.32909654269909994,0.3219352766733556,0.20275626892088477,1.5199006692314196,0.6920659113859202,0.2653132549492092,0.504950495049505,True,0.4646132626071261,9.144307401371744,4.248566496033817
22,0.8,2,5,52.46077220427027,0.32821273638750487,0.32166855825694823,0.20133542468694304,1.522983445866427,0.6912313139679955,0.2655485792281289,0.504950495049505,True,0.4659460850739956,9.282474969735382,4.3251328719455575
23,0.8,2,5,53.450162589252955,0.32737366700740006,0.32141514575095914,0.19997679924544065,1.5259627710269459,0.690444345705604,0.265775021196026,0.504950495049505,True,0.46720413912981196,9.414668009032752,4.398571862353128
24,0.8,2,5,54.41434759052788,0.32657553481773266,0.32117391822122526,0.19867567784418771,1.52884545632124,0.6897009634055975,0.2659932270610512,0.504950495049505,True,0.46839381592228735,9.54136924893133,4.469118351630515
25,0.8,2,5,55.35472482657719,0.3258149841232786,0.32094388499275167,0.19742784237565725,1.5316376621218826,0.6889975840582698,0.2662037749799188,0.504950495049505,True,0.469520771359055,9.663007081568642,4.53698253858612
26,0.8,2,5,56.27257451610201,0.3250890381596557,0.32072416662970366,0.1962295054716463,1.5343449776832379,0.688331019761574,0.26640718428997295,0.504950495049505,True,0.4705900313029773,9.77996306625063,4.602353125488846
27,0.8,2,5,57.16907248227084,0.32439504533955044,0.32051397922270475,0.19507725501411222,1.5369724893814876,0.687698423541599,0.2666039232269109,0.504950495049505,True,0.47160607893987555,9.892578262028092,4.665400044760918
28,0.8,2,5,58.04530139182014,0.3237306345815255,0.320312621321991,0.1939680071713662,1.5395248391130583,0.6870972439779863,0.2667944154167984,0.504950495049505,True,0.47257292778257504,10.001158579709575,4.726276791231173
29,0.8,2,5,58.90226050956909,0.3230936779555836,0.320119463003475,0.19289896645313337,1.5420062744952823,0.6865251869925522,0.2669790453687989,0.504950495049505,True,0.4734941830211605,10.105979316119466,4.785122419914733
30,0.8,2,5,59.74087419828468,0.322482259265251,0.31993393666650977,0.19186759157648264,1.5444206922040946,0.6859801835025546,0.26715816314769697,0.504950495049505,True,0.47437309335608524,10.207289006867793,4.842063260967438
31,0.8,2,5,60.561999353346124,0.3218946474786328,0.3197555292470165,0.19087156616804285,1.5467716755385674,0.6854603619041719,0.26733208836893646,0.504950495049505,True,0.4752125950111754,10.305312710723697,4.897214395664658
32,0.8,2,5,61.36643192909442,0.32132927414504625,0.31958377559468154,0.1899087735116461,1.5490625271067064,0.6849640245566461,0.26750111363073664,0.504950495049505,True,0.47601534928371264,10.400254819051078,4.950680930330215
33,0.8,2,5,62.15491268741969,0.32078471410693543,0.3194182528131854,0.18897727469605619,1.551296297370293,0.6844896275976389,0.26766550747586537,0.504950495049505,True,0.47678377472407274,10.492301467414055,5.002559099176601
34,0.8,2,5,62.92813227773182,0.3202596689514862,0.31925857540156544,0.18807528963339065,1.553475809660272,0.6840357635463226,0.2678255169583583,0.504950495049505,True,0.47752007482969316,10.58162261297557,5.052937221967667
35,0.8,2,5,63.686735739968654,0.3197529527519842,0.31910439106551525,0.18720118051176932,1.555603682171875,0.6836011462504988,0.2679813698767779,0.504950495049505,True,0.4782262619741097,10.66837383025105,5.101896538183374
36,0.8,2,5,64.43132650793572,0.31926347973233915,0.3189553770916788,0.18635343732059695,1.5576823473653465,0.6831845978135624,0.2681332767246836,0.504950495049505,True,0.4789041781613827,10.752697868727662,5.149511935840672
37,0.8,2,5,65.16246997842602,0.318790253554462,0.318811237197278,0.18553066514754202,1.5597140691299722,0.6827850372008692,0.26828143240022584,0.504950495049505,True,0.47955551309194855,10.834726008457404,5.19585259019647
38,0.8,2,5,65.88069670175416,0.31833235798115855,0.31867169878283963,0.18473157299565163,1.5617009580130659,0.6824014702764634,0.2684260177097002,0.504950495049505,True,0.4801818199420388,10.914579243674742,5.240982525129339
39,0.8,3,6,66.58650524117307,0.22212483929825727,0.18264118683758604,0.18395496390943494,1.563644984769313,0.46954093972034144,0.29656720069416137,0.504950495049505,True,0.7410696645296829,10.992369319524597,8.146111444006472
40,0.8,3,6,67.28036474181769,0.22169513679506672,0.18251011659140698,0.18319972623194353,1.565547992447502,0.46892807286298027,0.2967051378035096,0.504950495049505,True,0.7417652177155905,11.06819964290876,8.210005517841838
41,0.8,3,6,67.96271724409748,0.2212784199875214,0.18238294951257394,0.1824648258422749,1.5674117071997358,0.4683339961019017,0.29683997493862196,0.504950495049505,True,0.7424387632052185,11.142166085101078,8.272376007649576
42,0.8,3,6,68.63397977163987,0.22087402069586481,0.18225948642858353,0.1817492992456407,1.569237747971528,0.4677577652752784,0.2969718483789346,0.504950495049505,True,0.7430914404663377,11.214357691009177,8.333293210516763
43,0.8,3,6,69.29454621981486,0.2204813187029216,0.18213954238145807,0.18105224740704057,1.571027635208785,0.46719850195259294,0.2971008856102604,0.504950495049505,True,0.7437243075613829,11.284857307664499,8.39282268707179
44,0.8,3,6,69.9447890674171,0.22009973737727256,0.18202294533628774,0.18037283023538125,1.572782798698816,0.4666553876287895,0.2972272060654474,0.504950495049505,True,0.7443383485037517,11.353742142614896,8.451025675771419
45,0.8,3,6,70.58506093114354,0.21972873977757226,0.1819095350312406,0.17971026163812148,1.574504584646582,0.46612765853573784,0.2973509217886638,0.504950495049505,True,0.7449344798156055,11.421084261304648,8.507959463125177
46,0.8,3,6,71.21569597999626,0.21936782517649386,0.18179916195100765,0.17906380507767516,1.5761942620738787,0.4656146009946932,0.2974721380325689,0.504950495049505,True,0.7455135563877888,11.486951031197993,8.563677715320793
47,0.8,3,6,71.83701122459217,0.21901652595170928,0.18169168640825753,0.17843276957021958,1.5778530286176577,0.46511554724413845,0.297590953796346,0.504950495049505,True,0.7460763767281225,11.551405519288075,8.618230775947683
48,0.8,3,6,72.44930769451675,0.21867440479879557,0.1815869777198663,0.17781650607553462,1.5794820157938785,0.4646298716864271,0.2977074623114886,0.504950495049505,True,0.7466236876722366,11.614506848695974,8.671665933867837
49,0.8,3,6,73.05287151526949,0.21834105222725242,0.18148491346652829,0.17721440423328,1.5810822937849003,0.4641569875042927,0.29782175148131274,0.504950495049505,True,0.7471561886209108,11.6763105192736,8.724027664734711
50,0.8,3,6,73.64797489497718,0.21801608430613326,0.1813853788259122,0.17662588940690488,1.5826548758012058,0.4636963436047836,0.29793390427938565,0.504950495049505,True,0.7476745353592524,11.736868696455003,8.775357849194549
51,0.8,3,7,74.23487702986169,0.21769914063029505,0.1812882659708442,0.1536038549116927,1.5842007220620622,0.44080085676408326,0.29804399911139484,0.504950495049505,True,0.7675103880910111,11.796230472032498,9.053729427600674
52,0.8,3,7,74.8138249364173,0.21738988248210073,0.18119347352512283,0.15304091993511754,1.5857207434343576,0.4403631694788289,0.2981521101444109,0.504950495049505,True,0.7679862461436786,11.854442100050415,9.104048488545304
53,0.8,3,7,75.38505421735425,0.2170879911666729,0.181100906070527,0.15249003677905887,1.5872158047642329,0.4399362571513221,0.29825830760700733,0.504950495049505,True,0.7684500755152179,11.911547210596385,9.153429353485876
54,0.8,3,7,75.94878976758108,0.21679316650158773,0.18101047369939613,0.15195074919369211,1.5886867279321,0.4395196863766252,0.29836265806327855,0.504950495049505,True,0.7689023736578003,11.967587003916694,9.20190605426779
55,0.8,3,7,76.50524642581276,0.21650512544429354,0.18092209160786518,0.1514226254384723,1.5901342946581556,0.4391130479654232,0.29846522466343434,0.504950495049505,True,0.7693436095459485,12.022600426978823,9.249510808620549
56,0.8,3,7,77.05462957679073,0.21622360084259687,0.18083567972544054,0.1509052565902556,1.5915592490824375,0.43871595522138995,0.29856606737333263,0.504950495049505,True,0.7697742257463569,12.076624334343258,9.296274146598694
57,0.8,3,7,77.59713570857285,0.21594834029533483,0.18075116237712457,0.1503982549932314,1.5929623001408264,0.43832804236662376,0.2986652431850399,0.504950495049505,True,0.7701946403063157,12.129693634981377,9.342225026220289
58,0.8,3,7,78.13295292888611,0.2156791051118878,0.1806684679747471,0.14990125283675232,1.5943441237560512,0.4379489631002987,0.2987628063102706,0.504950495049505,True,0.7706052484792658,12.18184142648143,9.387390939388736
59,0.8,3,7,78.66226144412576,0.21541566936051726,0.18058752873455322,0.14941390084870537,1.5957053648607216,0.43757838927737164,0.2988588083583492,0.504950495049505,True,0.7710064243038572,12.233099117915673,9.431798009058832
60,0.8,3,7,79.18523400422099,0.21515781899666986,0.180508280418437,0.14893586709343176,1.5970466392676046,0.4372160096956709,0.29895329850015806,0.504950495049505,True,0.7713985220510091,12.283496542494976,9.475471078499305
61,0.8,3,7,79.702036316267,0.21490535106339548,0.1804306620965054,0.1484668358643958,1.5983685354007853,0.43686152898098113,0.29904632361937383,0.504950495049505,True,0.7717818775518429,12.333062061009333,9.518433793409184
62,0.8,3,7,80.21282742953805,0.21465807295690587,0.18035461592891677,0.1480065066628518,1.599671615899945,0.43651466656087606,0.2991379284521586,0.504950495049505,True,0.7721568094179222,12.38182265694109,9.560708677562172
63,0.8,3,7,80.71776009424345,0.21441580175106986,0.18028008696516293,0.1475545932546804,1.6009564191087644,0.43617515571904425,0.2992281557163458,0.504950495049505,True,0.7725236201639935,12.42980402404012,9.602317202580448
64,0.8,3,7,81.21698109616214,0.21417836357531406,0.18020702295916352,0.1471108227983819,1.6022234604573427,0.43584274272272866,0.29931704623105665,0.504950495049505,True,0.7728825972423151,12.4770306470645,9.643279852375175
65,0.8,3,7,81.71063156909129,0.21394559304099103,0.18013537419871403,0.14667493503792994,1.6034732337475792,0.43551718601667216,0.2994046390275836,0.504950495049505,True,0.7732340139967033,12.523525876315125,9.683616182734726
66,0.8,3,7,82.19884728686418,0.21371733271179671,0.18006509334798404,0.14624668155482923,1.604706212349564,0.43519825547764335,0.2994909714522962,0.504950495049505,True,0.7735781305435666,12.569311996526467,9.723344876491769
67,0.8,3,7,82.68175893653186,0.21349343261427975,0.17999613530189562,0.14582582507428032,1.6059228503162897,0.4348857317242171,0.29957607926224794,0.504950495049505,True,0.7739151945864552,12.614410290617377,9.76248379465653
68,0.8,3,7,83.1594923741594,0.2132737497848899,0.17992845705133342,0.14541213882086124,1.607123583423273,0.4345794054770207,0.2996599967140964,0.504950495049505,True,0.7742454421699831,12.658841098754205,9.801050023864505
69,0.8,3,7,83.63216886455746,0.21305814785037297,0.17986201755824185,0.14500540591957656,1.6083088301390878,0.4342790769651286,0.2997427566468904,0.504950495049505,True,0.7745690983783963,12.702623873132938,9.83905992045247
70,0.8,3,7,84.09990530615448,0.21284649663863808,0.17979677763976068,0.1446054188385254,1.6094789925322455,0.4339845553747116,0.29982439055922505,0.504950495049505,True,0.7748863779835309,12.74577722884654,9.876529151445862
71,0.8,3,7,84.5628144421093,0.21263867181750534,0.1797326998606317,0.14421197886979226,1.6106344571193718,0.43369565833641976,0.2999049286812179,0.504950495049505,True,0.7751974860464498,12.78831899116778,9.913472732713334
72,0.8,3,7,85.02100505867041,0.21243455455899488,0.17966974843318542,0.1438248956454825,1.611775595659181,0.43341221144831515,0.299984400041718,0.504950495049505,True,0.7755026184766257,12.83026623954579,9.94990506452001
73,0.8,3,7,85.47458217170185,0.21223403122704132,0.1796078891242811,0.14344398668610892,1.6129027658963557,0.4331340478314679,0.30006283253112215,0.504950495049505,True,0.7758019625521726,12.871635348586217,9.985839964689106
74,0.8,3,7,85.92364720222,0.21203699308671892,0.17954708916863396,0.1430690769787865,1.6140163122590823,0.4328610077155977,0.3001402529601376,0.504950495049505,True,0.7760956974042968,12.91244202625924,10.021290699562217
75,0.8,3,7,86.36829814171466,0.21184333603324068,0.17948731718801508,0.14269999858292665,1.6151165665136606,0.4325929380523819,0.30021668711480215,0.504950495049505,True,0.7763839944688475,12.95270134955713,10.056270012931197
76,0.8,3,7,86.80862970796521,0.21165296033915593,0.1794285431158578,0.14233659026132184,1.616203848379326,0.43232969215426703,0.3002921598080433,0.504950495049505,True,0.7766670179075766,12.992427797802574,10.090790153098828
77,0.8,3,7,87.24473349200525,0.2114657704183131,0.1793707381268458,0.14197869713470057,1.61727846610615,0.4320711293568137,0.30036669492803464,0.504950495049505,True,0.7769449250014865,13.031635283790814,10.12486289821158
78,0.8,3,7,87.67669809683692,0.21128167460528502,0.17931387457109738,0.14162617035799596,1.6183407170186528,0.43181711470277845,0.3004403154835855,0.504950495049505,True,0.777217866518429,13.070337182932164,10.158499579995029
79,0.8,3,7,88.10460926844884,0.2111005849490683,0.179257925912593,0.14127886681672464,1.6193908880275383,0.4315675186462933,0.3005130436467796,0.504950495049505,True,0.7774859870569255,13.10854636054683,10.19171110601122
80,0.8,3,7,88.52855001964842,0.21092241701997386,0.1792028666715263,0.1409366488420063,1.6204292561117735,0.431322216775645,0.3005849007930599,0.504950495049505,True,0.7777494253680123,13.146275197450642,10.224507980546989
1,1.1,1,3,20.36116157592094,0.5283233624391833,0.5840885957939383,0.3144493508051394,1.411116288196033,1.1386662820795148,0.2276566274746046,0.504950495049505,True,0.0,4.61512051684126,0.0
2,1.1,1,3,22.841607982273604,0.5212843209584871,0.5820287073217666,0.3077694279887728,1.4209885208806954,1.134825539916033,0.22875055681536832,0.504950495049505,True,0.0,4.68213122712422,0.0
3,1.1,2,4,25.146265232785886,0.3654854657923814,0.3327637986782534,0.3018954105458793,1.4299836175450966,0.7777421911678564,0.25767546089433185,0.504950495049505,True,0.34233749187652124,4.844187086458591,1.658346857358867
4,1.1,2,4,27.296308501055247,0.360863911723874,0.33140287841390365,0.29669806000106197,1.4382029852511966,0.7733226690567776,0.258476649250079,0.504950495049505,True,0.34962613867181885,5.099866427824199,1.7830466069022168
5,1.1,2,4,29.311183373001313,0.3569628901857834,0.33025124194480443,0.2920635744469438,1.4457503180529603,0.7695244125260299,0.25918334746401733,0.504950495049505,True,0.3558651807313403,5.41610040220442,1.927401548489561
6,1.1,2,5,31.207592441913597,0.35360699726158207,0.329258320389434,0.23794300097014237,1.4527173986253303,0.7162622916420265,0.25981551055796426,0.504950495049505,True,0.4260788281303117,5.755742213586912,2.452399897385278
7,1.1,2,5,32.99960695723509,0.3506760112518896,0.32838937479234825,0.23417301083250625,1.459181888659755,0.7133528389578011,0.2603873716367902,0.504950495049505,True,0.4307319506250431,6.093569770045136,2.6246951933213367
8,1.1,2,5,34.69904423264249,0.3480842772513923,0.32761960395735523,0.23073788834444758,1.4652085893863238,0.7107689461141101,0.260909439898728,0.504950495049505,True,0.43485530970333397,6.416732282512326,2.7903501039952787
9,1.1,2,5,36.3158608253694,0.3457688176464472,0.3269307391021401,0.22758932147217137,1.4708514736561402,0.7084558808640453,0.2613896961447692,0.504950495049505,True,0.43854054767786277,6.720220155135295,2.947089027348844
10,1.1,2,5,37.85849435598408,0.34368210498663027,0.32630896996166237,0.22468807137188507,1.476155649702205,0.7063709009293001,0.26183434397769156,0.504950495049505,True,0.44185859583600395,7.003065458786462,3.094364670167007
11,1.1,2,5,39.33414356675888,0.3417874748736037,0.32574362619590724,0.22200197947287093,1.4811590327377575,0.7044800937696906,0.26224830120661324,0.504950495049505,True,0.44486531849191524,7.266128779556451,3.232448693720652
12,1.1,3,6,40.74899289076489,0.2442919977453494,0.18933098454927522,0.21950444858974494,1.485893703217507,0.5008301663554842,0.2906355323334387,0.504950495049505,True,0.7044597936249773,7.510977752014095,5.291181837105646
13,1.1,3,6,42.10839141175283,0.2427008677191087,0.1888549728726091,0.21717328638584826,1.4903869910136271,0.49864028114341635,0.29099928006433734,0.504950495049505,True,0.7071001030439431,7.739359202689098,5.472501689715551
14,1.1,3,6,43.416995595375056,0.2412313182810108,0.1884148157220841,0.21498982067493133,1.494662336295482,0.49660634933478426,0.291342230547377,0.504950495049505,True,0.7095409071240514,7.952966790923131,5.642955271159055
15,1.1,3,6,44.67888360813883,0.23986804161452296,0.18800603472994012,0.21293821777615213,1.4987399736947222,0.4947103773217516,0.29166663387499864,0.504950495049505,True,0.7118063970980895,8.153349757998892,5.803606515521771
16,1.1,3,6,45.897647419251854,0.2385983380584382,0.18762491039928023,0.21100495291950438,1.5026374781891843,0.49293717512735047,0.291974393641324,0.504950495049505,True,0.7139168252739734,8.341886969516187,5.955413462071323
17,1.1,3,6,47.0764674952055,0.23741156693514284,0.1872683229710076,0.20917839517771192,1.506370203072089,0.49127381688051813,0.2922671346263406,0.504950495049505,True,0.715889294904016,8.519789817263504,6.099226325011185
18,1.1,3,6,48.21817379385359,0.23629873304407562,0.18693363247440034,0.2074484793101683,1.5099516335560732,0.4897092230314597,0.29254625472014995,0.504950495049505,True,0.7177383645497647,8.688116703257823,6.235794673613763
19,1.1,3,6,49.325295912500614,0.23525217079357488,0.18661858700767267,0.20580644410795607,1.513393674147793,0.4882338331637674,0.29281296529557493,0.504950495049505,True,0.7194765163300318,8.84779106484485,6.365777892550556
20,1.1,3,6,50.400104594356996,0.2342652997613071,0.18632125169103286,0.2042446220548208,1.516706883746874,0.48683934708294424,0.2930683229820877,0.504950495049505,True,0.7211145228685807,8.99961934066053,6.489756206839269
21,1.1,3,6,51.444646303683754,0.23333243328754,0.18603995298274004,0.20275626892088477,1.5199006692314196,0.4855185179631332,0.29331325494920923,0.504950495049505,True,0.7226617378724843,9.144307401371744,6.608241078315526
22,1.1,3,6,52.46077220427027,0.23244862697594493,0.1857732345663327,0.20133542468694304,1.522983445866427,0.4842649856165285,0.29354857922812894,0.504950495049505,True,0.7241263284506425,9.282474969735382,6.721684518769472
23,1.1,3,6,53.450162589252955,0.23160955759584012,0.18551982206034362,0.19997679924544065,1.5259627710269459,0.48307314099706855,0.293775021196026,0.504950495049505,True,0.72551546250081,9.414668009032752,6.830487214864977
24,1.1,3,6,54.41434759052788,0.23081142540617272,0.18527859453060974,0.19867567784418771,1.52884545632124,0.48193801524589575,0.29399322706105124,0.504950495049505,True,0.7268354610940835,9.54136924893133,6.935005517515912
25,1.1,3,6,55.35472482657719,0.23005087471171864,0.18504856130213612,0.19742784237565725,1.5316376621218826,0.4808551881874789,0.29420377497991884,0.504950495049505,True,0.7280919233366274,9.663007081568642,7.035557411234763
26,1.1,3,6,56.27257451610201,0.22932492874809576,0.18482884293908813,0.1962295054716463,1.5343449776832379,0.4798207123662402,0.294407184289973,0.504950495049505,True,0.7292898294021589,9.77996306625063,7.132427596145337
27,1.1,3,6,57.16907248227084,0.22863093592799053,0.18461865553208925,0.19507725501411222,1.5369724893814876,0.4788310495935308,0.2946039232269109,0.504950495049505,True,0.7304336261110164,9.892578262028092,7.225871811520196
28,1.1,3,6,58.04530139182014,0.22796652516996554,0.1844172976313755,0.1939680071713662,1.5395248391130583,0.47788301763697455,0.2947944154167984,0.504950495049505,True,0.7315272984492853,10.001158579709575,7.316120517177836
29,1.1,3,6,58.90226050956909,0.22732956854402364,0.1842241393128595,0.19289896645313337,1.5420062744952823,0.4769737451870557,0.29497904536879893,0.504950495049505,True,0.7325744296818227,10.105979316119466,7.403382033882515
30,1.1,3,6,59.74087419828468,0.22671814985369104,0.18403861297589424,0.19186759157648264,1.5444206922040946,0.4761006336209947,0.295158163147697,0.504950495049505,True,0.7335782521509835,10.207289006867793,7.487845228858023
31,1.1,3,6,60.561999353346124,0.2261305380670728,0.18386020555640098,0.19087156616804285,1.5467716755385674,0.47526132438138263,0.2953320883689365,0.504950495049505,True,0.7345416904220566,10.305312710723697,7.569681818862891
32,1.1,3,6,61.36643192909442,0.22556516473348634,0.18368845190406602,0.1899087735116461,1.5490625271067064,0.4744536710184773,0.29550111363073667,0.504950495049505,True,0.7354673981035145,10.400254819051078,7.649048351381034
33,1.1,3,6,62.15491268741969,0.2250206046953755,0.1835229291225699,0.18897727469605619,1.551296297370293,0.4736757151264496,0.2956655074758654,0.504950495049505,True,0.7363577894109613,10.492301467414055,7.726087914378399
34,1.1,4,7,62.92813227773182,0.16343366746412805,0.10878231677877588,0.18807528963339065,1.553475809660272,0.35706598726801975,0.3238255169583583,0.504950495049505,True,0.8491988102856336,10.58162261297557,8.985901333830412
35,1.1,4,7,63.686735739968654,0.162926951264626,0.10862813244272568,0.18720118051176932,1.555603682171875,0.3561835033271275,0.3239813698767779,0.504950495049505,True,0.8499558210317361,10.66837383025105,9.067646437964518
36,1.1,4,7,64.43132650793572,0.162437478244981,0.10847911846888926,0.18635343732059695,1.5576823473653465,0.3553294452173399,0.3241332767246836,0.504950495049505,True,0.8506865130928541,10.752697868727662,9.1471750562889
37,1.1,4,7,65.16246997842602,0.16196425206710383,0.10833497857448846,0.18553066514754202,1.5597140691299722,0.35450225540906577,0.32428143240022583,0.504950495049505,True,0.8513924085574877,10.834726008457404,9.224603472401004
38,1.1,4,7,65.88069670175416,0.1615063564938004,0.10819544016005005,0.18473157299565163,1.5617009580130659,0.35370049554624716,0.3244260177097002,0.504950495049505,True,0.8520749079861656,10.914579243674742,9.300039104761868
39,1.1,4,7,66.58650524117307,0.161062947222459,0.10806025190541199,0.18395496390943494,1.563644984769313,0.35292283485424103,0.32456720069416134,0.504950495049505,True,0.8527353026641458,10.992369319524597,9.373581378680877
40,1.1,4,7,67.28036474181769,0.1606332447192685,0.10792918165923292,0.18319972623194353,1.565547992447502,0.3521680399050574,0.32470513780350957,0.504950495049505,True,0.8533747853735019,11.06819964290876,9.445322494738333
41,1.1,4,7,67.96271724409748,0.16021652791172317,0.1078020145803999,0.1824648258422749,1.5674117071997358,0.3514349655553103,0.32483997493862193,0.504950495049505,True,0.8539944598918279,11.142166085101078,9.515348107870937
42,1.1,4,7,68.63397977163987,0.15981212862006658,0.10767855149640948,0.1817492992456407,1.569237747971528,0.35072254690070254,0.32497184837893456,0.504950495049505,True,0.8545953493919938,11.214357691009177,9.583737929154779
43,1.1,4,7,69.29454621981486,0.15941942662712336,0.10755860744928403,0.18105224740704057,1.571027635208785,0.3500297921144393,0.32510088561026035,0.504950495049505,True,0.8551784038903609,11.284857307664499,9.650566260499001
44,1.1,4,7,69.9447890674171,0.15903784530147433,0.10744201040411369,0.18037283023538125,1.572782798698816,0.3493557760565905,0.32522720606544736,0.504950495049505,True,0.8557445068684805,11.353742142614896,9.715902470943869
45,1.1,4,7,70.58506093114354,0.15866684770177403,0.10732860009906657,0.17971026163812148,1.574504584646582,0.3486996345578014,0.32535092178866376,0.504950495049505,True,0.8562944811747119,11.421084261304648,9.77981142198653
46,1.1,4,7,71.21569597999626,0.15830593310069563,0.1072182270188336,0.17906380507767516,1.5761942620738787,0.3480605592944952,0.32547213803256886,0.504950495049505,True,0.85682909429666,11.486951031197993,9.842353848291461
47,1.1,4,7,71.83701122459217,0.15795463387591108,0.10711075147608348,0.17843276957021958,1.5778530286176577,0.34743779318427115,0.32559095379634595,0.504950495049505,True,0.8573490630823375,11.551405519288075,9.903586699245773
48,1.1,4,7,72.44930769451675,0.15761251272299734,0.10700604278769224,0.17781650607553462,1.5794820157938785,0.34683062623996475,0.32570746231148856,0.504950495049505,True,0.8578550579770183,11.614506848695974,9.963563446062562
49,1.1,4,7,73.05287151526949,0.1572791601514542,0.10690397853435425,0.17721440423328,1.5810822937849003,0.34623839182910854,0.3258217514813127,0.504950495049505,True,0.8583477068335256,11.6763105192736,10.022334358494666
50,1.1,4,7,73.64797489497718,0.15695419223033502,0.10680444389373817,0.17662588940690488,1.5826548758012058,0.34566046329256594,0.3259339042793856,0.504950495049505,True,0.8588275983458867,11.736868696455003,10.079946754677469
51,1.1,4,8,74.23487702986169,0.1566372485544968,0.10670733103867013,0.1536038549116927,1.5842007220620622,0.32264968579246944,0.3260439991113948,0.504950495049505,True,0.8739161390030836,11.796230472032498,10.308916188909164
52,1.1,4,8,74.8138249364173,0.1563279904063025,0.10661253859294878,0.15304091993511754,1.5857207434343576,0.32209863389215243,0.32615211014441087,0.504950495049505,True,0.8743494573069319,11.854442100050415,10.364925016855526
53,1.1,4,8,75.38505421735425,0.15602609909087467,0.10651997113835296,0.15249003677905887,1.5872158047642329,0.32156021849288263,0.3262583076070073,0.504950495049505,True,0.874772090447326,11.911547210596385,10.419889053875414
54,1.1,4,8,75.94878976758108,0.1557312744257895,0.10642953876722208,0.15195074919369211,1.5886867279321,0.32103394489311277,0.3263626580632785,0.504950495049505,True,0.8751844789540465,11.967587003916694,10.47384639636005
55,1.1,4,8,76.50524642581276,0.1554432333684953,0.10634115667569113,0.1514226254384723,1.5901342946581556,0.3205193456021048,0.3264652246634343,0.504950495049505,True,0.8755870381222343,12.022600426978823,10.526833098385497
56,1.1,4,8,77.05462957679073,0.15516170876679863,0.1062547447932665,0.1509052565902556,1.5915592490824375,0.3200159784248729,0.3265660673733326,0.504950495049505,True,0.8759801598494745,12.076624334343258,10.578883314840061
57,1.1,4,8,77.59713570857285,0.1548864482195366,0.10617022744495054,0.1503982549932314,1.5929623001408264,0.3195234247104145,0.32666524318503987,0.504950495049505,True,0.876364214311578,12.129693634981377,10.630029432260603
58,1.1,4,8,78.13295292888611,0.15461721303608955,0.10608753304257304,0.14990125283675232,1.5943441237560512,0.31904128774695456,0.32676280631027055,0.504950495049505,True,0.8767395514935598,12.18184142648143,10.680302188618995
59,1.1,4,8,78.66226144412576,0.154353777284719,0.10600659380237917,0.14941390084870537,1.5957053648607216,0.3185691912897731,0.3268588083583492,0.504950495049505,True,0.8771065025904075,12.233099117915673,10.729730783156814
60,1.1,4,8,79.18523400422099,0.15409592692087162,0.10592734548626295,0.14893586709343176,1.5970466392676046,0.3181067782088065,0.32695329850015803,0.504950495049505,True,0.8774653812905425,12.283496542494976,10.778342977241415
61,1.1,4,8,79.702036316267,0.15384345898759724,0.10584972716433136,0.1484668358643958,1.5983685354007853,0.31765370924462083,0.3270463236193738,0.504950495049505,True,0.8778164849534384,12.333062061009333,10.826165187107822
62,1.1,4,8,80.21282742953805,0.15359618088110766,0.10577368099674271,0.1480065066628518,1.599671615899945,0.3172096618625966,0.32713792845215856,0.504950495049505,True,0.8781600956915732,12.38182265694109,10.873222569255477
63,1.1,4,8,80.71776009424345,0.15335390967527163,0.1056991520329889,0.1475545932546804,1.6009564191087644,0.31677432919624715,0.3272281557163458,0.504950495049505,True,0.8784964813657857,12.42980402404012,10.91953909918553
64,1.1,4,8,81.21698109616214,0.15311647149951582,0.10562608802698946,0.1471108227983819,1.6022234604573427,0.31634741907155683,0.3273170462310566,0.504950495049505,True,0.8788258965021242,12.4770306470645,10.96513764409094
65,1.1,4,8,81.71063156909129,0.15288370096519277,0.10555443926654,0.14667493503792994,1.6034732337475792,0.3159286531050613,0.32740463902758354,0.504950495049505,True,0.8791485831374152,12.523525876315125,11.010040030047197
66,1.1,4,8,82.19884728686418,0.15265544063599848,0.10548415841580999,0.14624668155482923,1.604706212349564,0.31551776586914504,0.32749097145229616,0.504950495049505,True,0.8794647716000217,12.569311996526467,11.054267104194562
67,1.1,4,8,82.68175893653186,0.1524315405384815,0.10541520036972159,0.14582582507428032,1.6059228503162897,0.3151145041186864,0.32757607926224785,0.504950495049505,True,0.8797746812315933,12.614410290617377,11.097838792352432
68,1.1,4,8,83.1594923741594,0.15221185770909162,0.10534752211915936,0.14541213882086124,1.607123583423273,0.31471862607376716,0.32765999671409635,0.504950495049505,True,0.8800785210550167,12.658841098754205,11.140774152462065
69,1.1,4,8,83.63216886455746,0.1519962557745747,0.1052810826260678,0.14500540591957656,1.6083088301390878,0.3143299007536843,0.32774275664689034,0.504950495049505,True,0.8803764903932506,12.702623873132938,11.183091424214295
70,1.1,4,8,84.09990530615448,0.15178460456283982,0.10521584270758663,0.1446054188385254,1.6094789925322455,0.31394810735796314,0.327824390559225,0.504950495049505,True,0.8806687794432657,12.74577722884654,11.224808075184052
71,1.1,4,8,84.5628144421093,0.1515767797417071,0.10515176492845765,0.14421197886979226,1.6106344571193718,0.3135730346904825,0.32790492868121784,0.504950495049505,True,0.8809555698088977,12.78831899116778,11.265940843762158
72,1.1,4,8,85.02100505867041,0.15137266248319664,0.10508881350101137,0.1438248956454825,1.611775595659181,0.31320448062319173,0.32798440004171797,0.504950495049505,True,0.8812370349960482,12.83026623954579,11.306505779147228
73,1.1,4,8,85.47458217170185,0.15117213915124308,0.10502695419210706,0.14344398668610892,1.6129027658963557,0.31284225159622825,0.3280628325311221,0.504950495049505,True,0.8815133408733465,12.871635348586217,11.346518278635699
74,1.1,4,8,85.92364720222,0.15097510101092065,0.10496615423645991,0.1430690769787865,1.6140163122590823,0.3124861621515356,0.32814025296013755,0.504950495049505,True,0.8817846461010885,12.91244202625924,11.385993122425827
75,1.1,4,8,86.36829814171466,0.15078144395744245,0.10490638225584104,0.14269999858292665,1.6151165665136606,0.3121360344973502,0.3282166871148021,0.504950495049505,True,0.8820511025310065,12.95270134955713,11.424944506131721
76,1.1,4,8,86.80862970796521,0.1505910682633577,0.10484760818368374,0.14233659026132184,1.616203848379326,0.31179169810115925,0.32829215980804327,0.504950495049505,True,0.8823128555791921,12.992427797802574,11.463386071185663
77,1.1,4,8,87.24473349200525,0.15040387834251487,0.10478980319467177,0.14197869713470057,1.61727846610615,0.31145298930894466,0.3283666949280346,0.504950495049505,True,0.8825700445742799,13.031635283790814,11.501330933291017
78,1.1,4,8,87.67669809683692,0.1502197825294868,0.10473293963892331,0.14162617035799596,1.6183407170186528,0.3111197509887224,0.3284403154835855,0.504950495049505,True,0.8828228030828116,13.070337182932164,11.538791709073672
79,1.1,4,8,88.10460926844884,0.15003869287327004,0.10467699098041897,0.14127886681672464,1.6193908880275383,0.31079183219655593,0.3285130436467796,0.504950495049505,True,0.8830712592135328,13.10854636054683,11.575780541067061
80,1.1,4,8,88.52855001964842,0.14986052494417562,0.10462193173935225,0.1409366488420063,1.6204292561117735,0.31046908786338157,0.32858490079305985,0.504950495049505,True,0.8833155359022176,13.146275197450642,11.612309121154144
1,1.4,2,4,20.36116157592094,0.37813534271642,0.336471171612114,0.3144493508051394,1.411116288196033,0.7892493015753961,0.2556566274746046,0.504950495049505,True,0.323167459712727,4.61512051684126,1.4914567736956774
2,1.4,2,4,22.841607982273604,0.3710963012357239,0.3344112831399423,0.3077694279887728,1.4209885208806954,0.7829640225836149,0.25675055681536835,0.504950495049505,True,0.3336771132456652,4.68213122712422,1.5623200317041936
3,1.4,2,4,25.146265232785886,0.3654854657923814,0.3327637986782534,0.3018954105458793,1.4299836175450966,0.7777421911678564,0.25767546089433185,0.504950495049505,True,0.34233749187652124,4.844187086458591,1.658346857358867
4,1.4,2,4,27.296308501055247,0.360863911723874,0.33140287841390365,0.29669806000106197,1.4382029852511966,0.7733226690567776,0.258476649250079,0.504950495049505,True,0.34962613867181885,5.099866427824199,1.7830466069022168
5,1.4,3,5,29.311183373001313,0.2611987807742234,0.1943559182541889,0.2920635744469438,1.4457503180529603,0.5730537050784126,0.28718334746401736,0.504950495049505,True,0.6257890285496017,5.41610040220442,3.3893362092226114
6,1.4,3,6,31.207592441913597,0.25784288785002213,0.19336299669881846,0.23794300097014237,1.4527173986253303,0.5188447905248483,0.2878155105579643,0.504950495049505,True,0.6822143344255049,5.755742213586912,3.926649843366978
7,1.4,3,6,32.99960695723509,0.25491190184032964,0.19249405110173273,0.23417301083250625,1.459181888659755,0.5150568438748999,0.28838737163679024,0.504950495049505,True,0.6869745157266722,6.093569770045136,4.186127141823446
8,1.4,3,6,34.69904423264249,0.25232016783983235,0.19172428026673968,0.23073788834444758,1.4652085893863238,0.5116539505851854,0.288909439898728,0.504950495049505,True,0.6912117354317544,6.416732282512326,4.435320656796307
9,1.4,3,6,36.3158608253694,0.2500047082348873,0.19103541541152458,0.22758932147217137,1.4708514736561402,0.5085740437507252,0.2893896961447692,0.504950495049505,True,0.6950161691494461,6.720220155135295,4.670661668063029
10,1.4,3,6,37.85849435598408,0.24791799557507033,0.19041364627104684,0.22468807137188507,1.476155649702205,0.5057682510952881,0.2898343439776916,0.504950495049505,True,0.6984575577740256,7.003065458786462,4.891343997275628
11,1.4,3,6,39.33414356675888,0.24602336546204379,0.18984830250529172,0.22200197947287093,1.4811590327377575,0.503197507578514,0.29024830120661327,0.504950495049505,True,0.7015908020665511,7.266128779556451,5.0978491183678605
12,1.4,3,6,40.74899289076489,0.2442919977453494,0.18933098454927522,0.21950444858974494,1.485893703217507,0.5008301663554842,0.2906355323334387,0.504950495049505,True,0.7044597936249773,7.510977752014095,5.291181837105646
13,1.4,3,6,42.10839141175283,0.2427008677191087,0.1888549728726091,0.21717328638584826,1.4903869910136271,0.49864028114341635,0.29099928006433734,0.504950495049505,True,0.7071001030439431,7.739359202689098,5.472501689715551
14,1.4,4,7,43.416995595375056,0.18016942620521256,0.11383388078991005,0.21498982067493133,1.494662336295482,0.3851330348859597,0.319342230547377,0.504950495049505,True,0.8240263840867408,7.952966790923131,6.553454467486318
15,1.4,4,7,44.67888360813883,0.1788061495387247,0.11342509979776606,0.21293821777615213,1.4987399736947222,0.38293294886337725,0.3196666338749986,0.504950495049505,True,0.8260789633746877,8.153349757998892,6.735310716118986
16,1.4,4,7,45.897647419251854,0.17753644598263996,0.11304397546710618,0.21100495291950438,1.5026374781891843,0.3808690671398768,0.31997439364132396,0.504950495049505,True,0.8279917769772858,8.341886969516187,6.907013815233373
17,1.4,4,7,47.0764674952055,0.1763496748593446,0.11268738803883355,0.20917839517771192,1.506370203072089,0.37892731878143293,0.32026713462634054,0.504950495049505,True,0.8297802874044369,8.519789817263504,7.069553643194305
18,1.4,4,7,48.21817379385359,0.1752368409682774,0.11235269754222629,0.2074484793101683,1.5099516335560732,0.3770956184984843,0.32054625472014986,0.504950495049505,True,0.8314576485755669,8.688116703257823,7.223801084640856
19,1.4,4,7,49.325295912500614,0.17419027871777665,0.11203765207549864,0.20580644410795607,1.513393674147793,0.37536351802538703,0.3208129652955749,0.504950495049505,True,0.8330351319686115,8.84779106484485,7.3705207973337314
20,1.4,4,7,50.400104594356996,0.17320340768550888,0.11174031675885883,0.2042446220548208,1.516706883746874,0.37372192967503814,0.32106832298208765,0.504950495049505,True,0.8345224603208057,8.99961934066053,7.510384474118733
21,1.4,4,7,51.444646303683754,0.17227054121174176,0.11145901805056599,0.20275626892088477,1.5199006692314196,0.3721629050478169,0.3213132549492092,0.504950495049505,True,0.8359280716885711,9.144307401371744,7.64398325295621
22,1.4,4,7,52.46077220427027,0.17138673490014666,0.11119229963415866,0.20133542468694304,1.522983445866427,0.37067945633758626,0.3215485792281289,0.504950495049505,True,0.8372593304202164,9.282474969735382,7.771838777803064
23,1.4,4,7,53.450162589252955,0.17054766552004186,0.11093888712816959,0.19997679924544065,1.5259627710269459,0.3692654108621879,0.32177502119602597,0.504950495049505,True,0.8385226972155553,9.414668009032752,7.894412812323145
24,1.4,4,7,54.41434759052788,0.16974953333037449,0.1106976595984357,0.19867567784418771,1.52884545632124,0.3679152917466514,0.3219932270610512,0.504950495049505,True,0.8397238673349725,9.54136924893133,8.012115485383598
25,1.4,4,7,55.35472482657719,0.1689889826359204,0.11046762636996207,0.19742784237565725,1.5316376621218826,0.3666242193690996,0.3222037749799188,0.504950495049505,True,0.8408678837803035,9.663007081568642,8.12531231563271
26,1.4,4,7,56.27257451610201,0.16826303667229753,0.11024790800691409,0.1962295054716463,1.5343449776832379,0.36538782942213854,0.32240718428997295,0.504950495049505,True,0.8419592306371929,9.77996306625063,8.234330178920542
27,1.4,4,7,57.16907248227084,0.1675690438521923,0.11003772059991519,0.19507725501411222,1.5369724893814876,0.3642022043704285,0.3226039232269109,0.504950495049505,True,0.843001910564998,9.892578262028092,8.339462375303448
28,1.4,4,7,58.04530139182014,0.1669046330941673,0.10983636269920144,0.1939680071713662,1.5395248391130583,0.36306381578461777,0.3227944154167984,0.504950495049505,True,0.8439995095235697,10.001158579709575,8.440972935942323
29,1.4,4,7,58.90226050956909,0.1662676764682254,0.10964320438068545,0.19289896645313337,1.5420062744952823,0.36196947556391895,0.32297904536879884,0.504950495049505,True,0.844955251151507,10.105979316119466,8.53910029118366
30,1.4,4,7,59.74087419828468,0.1656562577778928,0.10945767804372021,0.19186759157648264,1.5444206922040946,0.3609162944678179,0.32315816314769696,0.504950495049505,True,0.8458720426980476,10.207289006867793,8.634060402648586
31,1.4,4,7,60.561999353346124,0.16506864599127458,0.10927927062422693,0.19087156616804285,1.5467716755385674,0.35990164669311087,0.32333208836893645,0.504950495049505,True,0.8467525140182104,10.305312710723697,8.72604944554911
32,1.4,5,8,61.36643192909442,0.12556849127886865,0.06817663205034338,0.1899087735116461,1.5490625271067064,0.2955186394451751,0.35150111363073666,0.504950495049505,True,0.8982782787634592,10.400254819051078,9.342322997558574
33,1.4,5,8,62.15491268741969,0.12502393124075784,0.06801110926884729,0.18897727469605619,1.551296297370293,0.2944826566848654,0.35166550747586534,0.504950495049505,True,0.8990045009563573,10.492301467414055,9.432626244596229
34,1.4,5,8,62.92813227773182,0.12449888608530861,0.0678514318572273,0.18807528963339065,1.553475809660272,0.29348084767440563,0.35182551695835834,0.504950495049505,True,0.8997040476782335,10.58162261297557,9.520328695897646
35,1.4,5,8,63.686735739968654,0.12399216988580657,0.06769724752117712,0.18720118051176932,1.555603682171875,0.29251126802861327,0.3519813698767779,0.504950495049505,True,0.9003785479941948,10.66837383025105,9.605574938740705
36,1.4,5,8,64.43132650793572,0.12350269686616155,0.06754823354734069,0.18635343732059695,1.5576823473653465,0.2915721283130012,0.35213327672468364,0.504950495049505,True,0.9010294939374901,10.752697868727662,9.688497919122414
37,1.4,5,8,65.16246997842602,0.12302947068828439,0.06740409365293988,0.18553066514754202,1.5597140691299722,0.29066177833498663,0.35228143240022586,0.504950495049505,True,0.9016582550353573,10.834726008457404,9.769220146571906
38,1.4,5,8,65.88069670175416,0.12257157511498096,0.06726455523850147,0.18473157299565163,1.5617009580130659,0.2897786933519422,0.3524260177097002,0.504950495049505,True,0.9022660909925857,10.914579243674742,9.847854749019222
39,1.4,5,8,66.58650524117307,0.12212816584363959,0.06712936698386343,0.18395496390943494,1.563644984769313,0.2889214619244917,0.35256720069416136,0.504950495049505,True,0.902854162803007,10.992369319524597,9.92450639920084
40,1.4,5,8,67.28036474181769,0.12169846334044906,0.06699829673768436,0.18319972623194353,1.565547992447502,0.2880887751870273,0.3527051378035096,0.504950495049505,True,0.9034235425143753,11.06819964290876,9.999272130652976
41,1.4,5,8,67.96271724409748,0.12128174653290373,0.06687112965885134,0.1824648258422749,1.5674117071997358,0.28727941734323,0.35283997493862196,0.504950495049505,True,0.9039752218355744,11.142166085101078,10.07224205850806
42,1.4,5,8,68.63397977163987,0.12087734724124713,0.0667476665748609,0.1817492992456407,1.569237747971528,0.2864922572239299,0.3529718483789346,0.504950495049505,True,0.9045101197451201,11.214357691009177,10.143500017959319
43,1.4,5,8,69.29454621981486,0.12048464524830393,0.06662772252773547,0.18105224740704057,1.571027635208785,0.2857262407691359,0.3531008856102604,0.504950495049505,True,0.9050290892352517,11.284857307664499,10.213124131305376
44,1.4,5,8,69.9447890674171,0.12010306392265488,0.06651112548256512,0.18037283023538125,1.572782798698816,0.28498038431645817,0.3532272060654474,0.504950495049505,True,0.9055329233054653,11.353742142614896,10.281187312858524
45,1.4,5,8,70.58506093114354,0.1197320663229546,0.066397715177518,0.17971026163812148,1.574504584646582,0.2842537685951815,0.3533509217886638,0.504950495049505,True,0.9060223603023816,11.421084261304648,10.347757719639619
46,1.4,5,8,71.21569597999626,0.11937115172187619,0.06628734209728504,0.17906380507767516,1.5761942620738787,0.28354553333954413,0.3534721380325689,0.504950495049505,True,0.9064980886886683,11.486951031197993,10.412899154641309
47,1.4,5,8,71.83701122459217,0.11901985249709163,0.06617986655453492,0.17843276957021958,1.5778530286176577,0.28285487244680496,0.353590953796346,0.504950495049505,True,0.9069607513118855,11.551405519288075,10.476671428481772
48,1.4,5,8,72.44930769451675,0.11867773134417792,0.06607515786614368,0.17781650607553462,1.5794820157938785,0.28218102961585,0.3537074623114886,0.504950495049505,True,0.9074109492341498,11.614506848695974,10.539130684461748
49,1.4,5,8,73.05287151526949,0.11834437877263476,0.06597309361280568,0.17721440423328,1.5810822937849003,0.2815232944107008,0.35382175148131273,0.504950495049505,True,0.9078492451751128,11.6763105192736,10.600329691352766
50,1.4,5,8,73.64797489497718,0.1180194108515156,0.06587355897218959,0.17662588940690488,1.5826548758012058,0.280880998700619,0.35393390427938565,0.504950495049505,True,0.908276166613626,11.736868696455003,10.660318107663615
51,1.4,5,9,74.23487702986169,0.11770246717567737,0.06577644611712156,0.1536038549116927,1.5842007220620622,0.25780694834511303,0.35404399911139484,0.504950495049505,True,0.9206024961280642,11.796230472032498,10.859639217455051
52,1.4,5,9,74.8138249364173,0.11739320902748304,0.0656816536714002,0.15304091993511754,1.5857207434343576,0.2571936806249283,0.3541521101444109,0.504950495049505,True,0.9209818497800074,11.854442100050415,10.917726013414427
53,1.4,5,9,75.38505421735425,0.11709131771205522,0.06558908621680438,0.15249003677905887,1.5872158047642329,0.2565940710424147,0.35425830760700733,0.504950495049505,True,0.9213518043154766,11.911547210596385,10.974725514671961
54,1.4,5,9,75.94878976758108,0.11679649304697005,0.06549865384567352,0.15195074919369211,1.5886867279321,0.25600759125573247,0.35436265806327855,0.504950495049505,True,0.921712749605343,11.967587003916694,11.030677523521225
55,1.4,5,9,76.50524642581276,0.11650845198967585,0.06541027175414257,0.1514226254384723,1.5901342946581556,0.25543374177764405,0.35446522466343433,0.504950495049505,True,0.9220650530757806,12.022600426978823,11.08561970081113
56,1.4,5,9,77.05462957679073,0.1162269273879792,0.06532385987171793,0.1509052565902556,1.5915592490824375,0.25487204995485335,0.3545660673733326,0.504950495049505,True,0.9224090613489464,12.076624334343258,11.139587716505408
57,1.4,5,9,77.59713570857285,0.11595166684071717,0.06523934252340197,0.1503982549932314,1.5929623001408264,0.254322068118985,0.3546652431850399,0.504950495049505,True,0.9227451017391103,12.129693634981377,11.19261538727513
58,1.4,5,9,78.13295292888611,0.11568243165727013,0.06515664812102447,0.14990125283675232,1.5943441237560512,0.25378337189214845,0.3547628063102706,0.504950495049505,True,0.9230734836190635,12.18184142648143,11.244734802437236
59,1.4,5,9,78.66226144412576,0.11541899590589957,0.0650757088808306,0.14941390084870537,1.5957053648607216,0.25325555863196125,0.3548588083583492,0.504950495049505,True,0.9233944996699142,12.233099117915673,11.295976439400212
60,1.4,5,9,79.18523400422099,0.1151611455420522,0.06499646056471438,0.14893586709343176,1.5970466392676046,0.25273824600259825,0.35495329850015805,0.504950495049505,True,0.9237084270258629,12.283496542494976,11.34636926964566
61,1.4,5,9,79.702036316267,0.11490867760877782,0.0649188422427828,0.1484668358643958,1.5983685354007853,0.2522310706599072,0.3550463236193738,0.504950495049505,True,0.9240155283242504,12.333062061009333,11.395940856159307
62,1.4,5,9,80.21282742953805,0.11466139950228821,0.06484279607519415,0.1480065066628518,1.599671615899945,0.25173368703992827,0.3551379284521586,0.504950495049505,True,0.9243160526700099,12.38182265694109,11.444717443123883
63,1.4,5,9,80.71776009424345,0.11441912829645218,0.06476826711144032,0.1475545932546804,1.6009564191087644,0.25124576624129186,0.3552281557163458,0.504950495049505,True,0.9246102365226666,12.42980402404012,11.492724038598128
64,1.4,5,9,81.21698109616214,0.1141816901206964,0.0646952031054409,0.1471108227983819,1.6022234604573427,0.25076699499297206,0.35531704623105664,0.504950495049505,True,0.9248983045131365,12.4770306470645,11.539984490828399
65,1.4,5,9,81.71063156909129,0.11394891958637335,0.06462355434499142,0.14667493503792994,1.6034732337475792,0.25029707469975576,0.35540463902758357,0.504950495049505,True,0.9251804701968087,12.523525876315125,11.586521558771128
66,1.4,5,9,82.19884728686418,0.11372065925717903,0.06455327349426143,0.14624668155482923,1.604706212349564,0.249835720558571,0.3554909714522962,0.504950495049505,True,0.9254569367487095,12.569311996526467,11.632356977344191
67,1.4,5,9,82.68175893653186,0.11349675915966206,0.06448431544817301,0.14582582507428032,1.6059228503162897,0.24938266073950507,0.3555760792622479,0.504950495049505,True,0.9257278976059494,12.614410290617377,11.677511517872077
68,1.4,5,9,83.1594923741594,0.1132770763302722,0.0644166371976108,0.14541213882086124,1.607123583423273,0.2489376356259624,0.35565999671409637,0.504950495049505,True,0.9259935370621198,12.658841098754205,11.722005044142739
69,1.4,6,10,83.63216886455746,0.0882355617113808,0.04188685178394787,0.14500540591957656,1.6083088301390878,0.21237239951042713,0.38374275664689034,0.504950495049505,True,0.9474635921247512,12.702623873132938,12.035273644248152
70,1.4,6,10,84.09990530615448,0.08802391049964592,0.041821611865466686,0.1446054188385254,1.6094789925322455,0.21191642456983134,0.383824390559225,0.504950495049505,True,0.9476911811638085,12.74577722884654,12.07906067685635
71,1.4,6,10,84.5628144421093,0.0878160856785132,0.041757534086337714,0.14421197886979226,1.6106344571193718,0.21146810211358447,0.38390492868121784,0.504950495049505,True,0.9479144329628283,12.78831899116778,12.122232145060574
72,1.4,6,10,85.02100505867041,0.08761196842000274,0.041694582658891435,0.1438248956454825,1.611775595659181,0.2110272064462782,0.38398440004171797,0.504950495049505,True,0.948133486092133,12.83026623954579,12.164805057190751
73,1.4,6,10,85.47458217170185,0.08741144508804918,0.04163272334998712,0.14344398668610892,1.6129027658963557,0.21059352132910092,0.3840628325311221,0.504950495049505,True,0.9483484729625941,12.871635348586217,12.206795727363087
74,1.4,6,10,85.92364720222,0.08721440694772675,0.041571923394339974,0.1430690769787865,1.6140163122590823,0.2101668394692362,0.38414025296013754,0.504950495049505,True,0.9485595201743006,12.91244202625924,12.248219812706939
75,1.4,6,10,86.36829814171466,0.08702074989424854,0.041512151413721096,0.14269999858292665,1.6151165665136606,0.20974696204285107,0.3842166871148021,0.504950495049505,True,0.9487667488413661,12.95270134955713,12.289092348132494
76,1.4,6,10,86.80862970796521,0.08683037420016379,0.041453377341563805,0.14233659026132184,1.616203848379326,0.2093336982490776,0.38429215980804327,0.504950495049505,True,0.9489702748947775,12.992427797802574,12.329427778831256
77,1.4,6,10,87.24473349200525,0.08664318427932097,0.04139557235255182,0.14197869713470057,1.61727846610615,0.20892686489262174,0.3843666949280346,0.504950495049505,True,0.9491702093650228,13.031635283790814,12.369239990684346
78,1.4,6,10,87.67669809683692,0.08645908846629288,0.041338708796803375,0.14162617035799596,1.6183407170186528,0.20852628599284,0.3844403154835855,0.504950495049505,True,0.9493666586460766,13.070337182932164,12.408542338737883
79,1.4,6,10,88.10460926844884,0.08627799881007614,0.04128276013829902,0.14127886681672464,1.6193908880275383,0.20813179241731256,0.3845130436467796,0.504950495049505,True,0.9495597247421794,13.10854636054683,12.447347673890945
80,1.4,6,10,88.52855001964842,0.0860998308809817,0.04122770089723231,0.1409366488420063,1.6204292561117735,0.20774322153810715,0.38458490079305985,0.504950495049505,True,0.9497495054987226,13.146275197450642,12.485668367928868
1,1.7,2,4,20.36116157592094,0.37813534271642,0.336471171612114,0.3144493508051394,1.411116288196033,0.7892493015753961,0.2556566274746046,0.504950495049505,True,0.323167459712727,4.61512051684126,1.4914567736956774
2,1.7,3,5,22.841607982273604,0.27533219182416396,0.19851595944932676,0.3077694279887728,1.4209885208806954,0.5898583275778837,0.28475055681536837,0.504950495049505,True,0.6026353666981614,4.68213122712422,2.821617868986917
3,1.7,3,5,25.146265232785886,0.26972135638082145,0.19686847498763788,0.3018954105458793,1.4299836175450966,0.5834141045892881,0.2856754608943319,0.504950495049505,True,0.6116403040315076,4.844187086458591,2.962900062347036
4,1.7,3,5,27.296308501055247,0.26509980231231406,0.19550755472328812,0.29669806000106197,1.4382029852511966,0.5778776088432567,0.28647664925007904,0.504950495049505,True,0.6192483455288853,5.099866427824199,3.158083847848441
5,1.7,3,5,29.311183373001313,0.2611987807742234,0.1943559182541889,0.2920635744469438,1.4457503180529603,0.5730537050784126,0.28718334746401736,0.504950495049505,True,0.6257890285496017,5.41610040220442,3.3893362092226114
6,1.7,3,6,31.207592441913597,0.25784288785002213,0.19336299669881846,0.23794300097014237,1.4527173986253303,0.5188447905248483,0.2878155105579643,0.504950495049505,True,0.6822143344255049,5.755742213586912,3.926649843366978
7,1.7,4,7,32.99960695723509,0.1938500097645314,0.11791311616955868,0.23417301083250625,1.459181888659755,0.40622969438255996,0.3163873716367902,0.504950495049505,True,0.8036007983818344,6.093569770045136,4.896797532203682
8,1.7,4,7,34.69904423264249,0.1912582757640341,0.11714334533456564,0.23073788834444758,1.4652085893863238,0.40237732411810145,0.316909439898728,0.504950495049505,True,0.8074352937073704,6.416732282512326,5.181096115171906
9,1.7,4,7,36.3158608253694,0.18894281615908903,0.11645448047935054,0.22758932147217137,1.4708514736561402,0.39887656569908436,0.3173896961447692,0.504950495049505,True,0.8108779599254383,6.720220155135295,5.44927840964592
10,1.7,4,7,37.85849435598408,0.18685610349927212,0.1158327113388728,0.22468807137188507,1.476155649702205,0.39567518263508683,0.31783434397769156,0.504950495049505,True,0.8139922305312705,7.003065458786462,5.700440873354086
11,1.7,4,7,39.33414356675888,0.18496147338624552,0.11526736757311767,0.22200197947287093,1.4811590327377575,0.39273128213369746,0.31824830120661324,0.504950495049505,True,0.8168279857455867,7.266128779556451,5.935177335173134
12,1.7,4,7,40.74899289076489,0.18323010566955117,0.11475004961710117,0.21950444858974494,1.485893703217507,0.39001082475969207,0.31863553233343866,0.504950495049505,True,0.8194250630341108,7.510977752014095,6.154683417891953
13,1.7,4,7,42.10839141175283,0.18163897564331044,0.11427403794043507,0.21717328638584826,1.4903869910136271,0.38748582594287034,0.3189992800643373,0.504950495049505,True,0.8218157175387533,7.739359202689098,6.360327036448094
14,1.7,4,7,43.416995595375056,0.18016942620521256,0.11383388078991005,0.21498982067493133,1.494662336295482,0.3851330348859597,0.319342230547377,0.504950495049505,True,0.8240263840867408,7.952966790923131,6.553454467486318
15,1.7,5,8,44.67888360813883,0.13987136815990528,0.0724942148762175,0.21293821777615213,1.4987399736947222,0.32158819547275386,0.34766663387499863,0.504950495049505,True,0.8790403215430171,8.153349757998892,7.167123192924027
16,1.7,5,8,45.897647419251854,0.1386016646038205,0.0721130905455576,0.21100495291950438,1.5026374781891843,0.31936478544130936,0.347974393641324,0.504950495049505,True,0.8807550575417658,8.341886969516187,7.347159137843136
17,1.7,5,8,47.0764674952055,0.13741489348052516,0.07175650311728497,0.20917839517771192,1.506370203072089,0.31727025335023945,0.34826713462634057,0.504950495049505,True,0.8823574891778828,8.519789817263504,7.5175003514839185
18,1.7,5,8,48.21817379385359,0.13630205958945796,0.07142181262067772,0.2074484793101683,1.5099516335560732,0.3152919619482964,0.3485462547201499,0.504950495049505,True,0.8838595730758373,8.688116703257823,7.67907512017451
19,1.7,5,8,49.325295912500614,0.1352554973389572,0.07110676715395006,0.20580644410795607,1.513393674147793,0.31341897570784416,0.34881296529557493,0.504950495049505,True,0.8852715471998098,8.84779106484485,7.832697685275853
20,1.7,5,8,50.400104594356996,0.13426862630668945,0.07080943183731025,0.2042446220548208,1.516706883746874,0.3116417747566743,0.3490683229820877,0.504950495049505,True,0.8866022365335463,8.99961934066053,7.979082635380185
21,1.7,5,8,51.444646303683754,0.13333575983292234,0.07052813312901743,0.20275626892088477,1.5199006692314196,0.30995202566332103,0.34931325494920923,0.504950495049505,True,0.8878592948029589,9.144307401371744,8.118858320843394
22,1.7,5,8,52.46077220427027,0.13245195352132724,0.0702614147126101,0.20133542468694304,1.522983445866427,0.30834239617740405,0.34954857922812893,0.504950495049505,True,0.8890493974750195,9.282474969735382,8.252578778920192
23,1.7,5,8,53.450162589252955,0.13161288414122244,0.07000800220662101,0.19997679924544065,1.5259627710269459,0.30680640428671657,0.349775021196026,0.504950495049505,True,0.8901783972296472,9.414668009032752,8.38073407873001
24,1.7,5,8,54.41434759052788,0.13081475195155506,0.06976677467688712,0.19867567784418771,1.52884545632124,0.30533829431113435,0.34999322706105124,0.504950495049505,True,0.8912514502347425,9.54136924893133,8.503759180335225
25,1.7,5,8,55.35472482657719,0.130054201257101,0.06953674144841351,0.19742784237565725,1.5316376621218826,0.30393293447927916,0.35020377497991884,0.504950495049505,True,0.8922731194918582,9.663007081568642,8.622041472343168
26,1.7,5,8,56.27257451610201,0.12932825529347808,0.06931702308536553,0.1962295054716463,1.5343449776832379,0.30258573171062997,0.350407184289973,0.504950495049505,True,0.8932474600174359,9.77996306625063,8.73592716799271
27,1.7,5,8,57.16907248227084,0.12863426247337284,0.06910683567836663,0.19507725501411222,1.5369724893814876,0.30129256027996876,0.3506039232269109,0.504950495049505,True,0.894178089517452,9.892578262028092,8.845726730742156
28,1.7,5,8,58.04530139182014,0.12796985171534786,0.06890547777765288,0.1939680071713662,1.5395248391130583,0.30004970176101564,0.3507944154167984,0.504950495049505,True,0.8950682473889164,10.001158579709575,8.951719481799273
29,1.7,5,8,58.90226050956909,0.12733289508940598,0.06871231945913688,0.19289896645313337,1.5420062744952823,0.29885379419424674,0.35097904536879887,0.504950495049505,True,0.8959208442616563,10.105979316119466,9.054157520988587
30,1.7,5,8,59.74087419828468,0.12672147639907339,0.06852679312217164,0.19186759157648264,1.5444206922040946,0.29770178884475373,0.351158163147697,0.504950495049505,True,0.89673850382319,10.207289006867793,9.15326907210952
31,1.7,6,9,60.561999353346124,0.10130795192808068,0.04588503978210699,0.19087156616804285,1.5467716755385674,0.2618452460339663,0.37933208836893645,0.504950495049505,True,0.9218774480315354,10.305312710723697,9.500235382928906
32,1.7,6,9,61.36643192909442,0.10074257859449419,0.04571328612977202,0.1899087735116461,1.5490625271067064,0.26072151204618266,0.37950111363073663,0.504950495049505,True,0.9225651160272565,10.400254819051078,9.594912293850891
33,1.7,6,9,62.15491268741969,0.10019801855638336,0.04554776334827592,0.18897727469605619,1.551296297370293,0.259635351331735,0.37966550747586536,0.504950495049505,True,0.9232266189226892,10.492301467414055,9.686772008478249
34,1.7,6,9,62.92813227773182,0.09967297340093415,0.045388085936655935,0.18807528963339065,1.553475809660272,0.2585845831827672,0.3798255169583583,0.504950495049505,True,0.9238636053400435,10.58162261297557,9.775976017571342
35,1.7,6,9,63.686735739968654,0.0991662572014321,0.04523390160060574,0.18720118051176932,1.555603682171875,0.2575672044006719,0.3799813698767779,0.504950495049505,True,0.9244775811693869,10.66837383025105,9.862672433601277
36,1.7,6,9,64.43132650793572,0.09867678418178709,0.04508488762676932,0.18635343732059695,1.5576823473653465,0.25658137090976585,0.3801332767246836,0.504950495049505,True,0.9250699251153345,10.752697868727662,9.946997412211715
37,1.7,6,9,65.16246997842602,0.09820355800390992,0.04494074773236851,0.18553066514754202,1.5597140691299722,0.2556253816629381,0.3802814324002258,0.504950495049505,True,0.9256419022202551,10.834726008457404,10.029076392503782
38,1.7,6,9,65.88069670175416,0.09774566243060648,0.0448012093179301,0.18473157299565163,1.5617009580130659,0.25469766450760695,0.3804260177097002,0.504950495049505,True,0.9261946756682573,10.914579243674742,10.109025182650822
39,1.7,6,9,66.58650524117307,0.0973022531592651,0.04466602106329205,0.18395496390943494,1.563644984769313,0.25379676373465204,0.38056720069416133,0.504950495049505,True,0.9267293171226,10.992369319524597,10.186950913042448
40,1.7,6,9,67.28036474181769,0.09687255065607459,0.04453495081711298,0.18319972623194353,1.565547992447502,0.252921329077423,0.38070513780350956,0.504950495049505,True,0.9272468158072723,11.06819964290876,10.262952875606336
41,1.7,6,9,67.96271724409748,0.09645583384852927,0.04440778373827996,0.1824648258422749,1.5674117071997358,0.25207010596444895,0.38083997493862193,0.504950495049505,True,0.9277480865092866,11.142166085101078,10.337123265021194
42,1.7,6,9,68.63397977163987,0.09605143455687266,0.04428432065428953,0.1817492992456407,1.569237747971528,0.25124192685962704,0.38097184837893455,0.504950495049505,True,0.9282339766501828,11.214357691009177,10.40954783510301
43,1.7,6,9,69.29454621981486,0.09565873256392946,0.04416437660716409,0.18105224740704057,1.571027635208785,0.25043570354866374,0.38110088561026034,0.504950495049505,True,0.928705272552155,11.284857307664499,10.480306481626736
44,1.7,6,9,69.9447890674171,0.09527715123828041,0.044047779561993745,0.18037283023538125,1.572782798698816,0.2496504202513623,0.38122720606544735,0.504950495049505,True,0.9291627050050895,11.353742142614896,10.549473761162337
45,1.7,6,9,70.58506093114354,0.09490615363858013,0.043934369256946625,0.17971026163812148,1.574504584646582,0.2488851274567398,0.38135092178866375,0.504950495049505,True,0.9296069542249445,11.421084261304648,10.617119354097865
46,1.7,6,9,71.21569597999626,0.09454523903750173,0.04382399617671366,0.17906380507767516,1.5761942620738787,0.24813893639255885,0.38147213803256885,0.504950495049505,True,0.9300386542806529,11.486951031197993,10.68330847884314
47,1.7,6,9,71.83701122459217,0.09419393981271715,0.04371652063396354,0.17843276957021958,1.5778530286176577,0.2474110140531453,0.38159095379634594,0.504950495049505,True,0.9304583970556495,11.551405519288075,10.748102263216564
48,1.7,6,9,72.44930769451675,0.09385181865980344,0.0436118119455723,0.17781650607553462,1.5794820157938785,0.2467005787197507,0.38170746231148855,0.504950495049505,True,0.9308667358008118,11.614506848695974,10.811558078181795
49,1.7,6,9,73.05287151526949,0.09351846608826028,0.04350974769223431,0.17721440423328,1.5810822937849003,0.24600689591652009,0.3818217514813127,0.504950495049505,True,0.9312641883277526,11.6763105192736,10.873729838394128
50,1.7,6,9,73.64797489497718,0.09319349816714112,0.04341021305161822,0.17662588940690488,1.5826548758012058,0.2453292747526176,0.3819339042793856,0.504950495049505,True,0.9316512398847477,11.736868696455003,10.934668273416786
51,1.7,6,10,74.23487702986169,0.09287655449130289,0.043313100196550186,0.1536038549116927,1.5842007220620622,0.22222049951781397,0.3820439991113948,0.504950495049505,True,0.9424179666091819,11.796230472032498,11.116979535106136
52,1.7,6,10,74.8138249364173,0.09256729634310858,0.043218307750828834,0.15304091993511754,1.5857207434343576,0.2215730870317367,0.38215211014441086,0.504950495049505,True,0.9427573401455295,11.854442100050415,11.175862303152714
53,1.7,6,10,75.38505421735425,0.09226540502768076,0.043125740296233006,0.15249003677905887,1.5872158047642329,0.22093989336939765,0.3822583076070073,0.504950495049505,True,0.9430882112116854,11.911547210596385,11.233639751604885
54,1.7,6,10,75.94878976758108,0.09197058036259559,0.04303530792510214,0.15195074919369211,1.5886867279321,0.220320371726773,0.3823626580632785,0.504950495049505,True,0.9434109350131111,11.967587003916694,11.290352445215806
55,1.7,6,10,76.50524642581276,0.09168253930530139,0.042946925833571195,0.1514226254384723,1.5901342946581556,0.21971400505657412,0.3824652246634343,0.504950495049505,True,0.943725846202833,12.022600426978823,11.34603876150913
56,1.7,6,10,77.05462957679073,0.09140101470360473,0.04286051395114656,0.1509052565902556,1.5915592490824375,0.21912030398962978,0.3825660673733326,0.504950495049505,True,0.9440332603895645,12.076624334343258,11.40073504485002
57,1.7,6,10,77.59713570857285,0.09112575415634269,0.0427759966028306,0.1503982549932314,1.5929623001408264,0.21853880493249261,0.38266524318503986,0.504950495049505,True,0.9443334755125485,12.129693634981377,11.454475747224402
58,1.7,7,11,78.13295292888611,0.07502681815563442,0.03036515657363823,0.14990125283675232,1.5943441237560512,0.19831376178686486,0.41076280631027057,0.504950495049505,True,0.9552640086368751,12.18184142648143,11.636874673639399
59,1.7,7,11,78.66226144412576,0.07476338240426388,0.03028421733344436,0.14941390084870537,1.5957053648607216,0.1977385889182906,0.4108588083583492,0.504950495049505,True,0.9555284421027345,12.233099117915673,11.689074142230298
60,1.7,7,11,79.18523400422099,0.07450553204041649,0.030204969017328137,0.14893586709343176,1.5970466392676046,0.19717461135173778,0.41095329850015805,0.504950495049505,True,0.9557869120421528,12.283496542494976,11.740405229431735
61,1.7,7,11,79.702036316267,0.07425306410714211,0.030127350695396553,0.1484668358643958,1.5983685354007853,0.1966214452709026,0.4110463236193738,0.504950495049505,True,0.9560396422779389,12.333062061009333,11.790896240998983
62,1.7,7,11,80.21282742953805,0.07400578600065251,0.03005130452780791,0.1480065066628518,1.599671615899945,0.19607872553675162,0.4111379284521586,0.504950495049505,True,0.9562868449962741,12.38182265694109,11.84057412390958
63,1.7,7,11,80.71776009424345,0.07376351479481649,0.02997677556405408,0.1475545932546804,1.6009564191087644,0.19554610451813553,0.4112281557163458,0.504950495049505,True,0.9565287215146306,12.42980402404012,11.889464551792507
64,1.7,7,11,81.21698109616214,0.07352607661906069,0.029903711558054658,0.1471108227983819,1.6022234604573427,0.19502325101144646,0.41131704623105664,0.504950495049505,True,0.9567654629885879,12.4770306470645,11.937592003761468
65,1.7,7,11,81.71063156909129,0.07329330608473765,0.029832062797605183,0.14667493503792994,1.6034732337475792,0.19450984924136677,0.41140463902758356,0.504950495049505,True,0.9569972510632144,12.523525876315125,11.984979837252608
66,1.7,7,11,82.19884728686418,0.07306504575554335,0.029761781946875183,0.14624668155482923,1.604706212349564,0.19400559793557293,0.4114909714522962,0.504950495049505,True,0.9572242584740833,12.569311996526467,12.031650355404448
67,1.7,7,11,82.68175893653186,0.07284114565802638,0.02969282390078678,0.14582582507428032,1.6059228503162897,0.19351020946697148,0.41157607926224793,0.504950495049505,True,0.9574466496024625,12.614410290617377,12.077624869462433
68,1.7,7,11,83.1594923741594,0.0726214628286365,0.029625145650224553,0.14541213882086124,1.607123583423273,0.1930234090576865,0.41165999671409637,0.504950495049505,True,0.957664580988756,12.658841098754205,12.12292375664169
69,1.7,7,11,83.63216886455746,0.07240586089411959,0.029558706157133,0.14500540591957656,1.6083088301390878,0.19254493403958017,0.41174275664689036,0.504950495049505,True,0.9578782018078573,12.702623873132938,12.167566513838137
70,1.7,7,11,84.09990530615448,0.0721942096823847,0.029493466238651816,0.1446054188385254,1.6094789925322455,0.1920745331665945,0.41182439055922504,0.504950495049505,True,0.9580876543097119,12.74577722884654,12.211571807539721
71,1.7,7,11,84.5628144421093,0.07198638486125197,0.02942938845952285,0.14421197886979226,1.6106344571193718,0.19161196597465097,0.41190492868121786,0.504950495049505,True,0.9582930742280599,12.78831899116778,12.254957520255253
72,1.7,7,11,85.02100505867041,0.0717822676027415,0.02936643703207657,0.1438248956454825,1.611775595659181,0.19115700218524556,0.411984400041718,0.504950495049505,True,0.9584945911600435,12.83026623954579,12.29774079374795
73,1.7,7,11,85.47458217170185,0.07158174427078795,0.029304577723172257,0.14344398668610892,1.6129027658963557,0.19070942114923817,0.41206283253112214,0.504950495049505,True,0.9586923289191003,12.871635348586217,12.339938069333536
74,1.7,7,11,85.92364720222,0.07138470613046553,0.029243777767525108,0.1430690769787865,1.6140163122590823,0.19026901132765153,0.41214025296013757,0.504950495049505,True,0.9588864058633396,12.91244202625924,12.381565125478462
75,1.7,7,11,86.36829814171466,0.07119104907698731,0.029184005786906234,0.14269999858292665,1.6151165665136606,0.18983556980658944,0.41221668711480214,0.504950495049505,True,0.9590769352013916,12.95270134955713,12.42263711291218
76,1.7,7,11,86.80862970796521,0.07100067338290256,0.029125231714748935,0.14233659026132184,1.616203848379326,0.18940890184363868,0.4122921598080433,0.504950495049505,True,0.9592640252775324,12.992427797802574,12.463168587447802
77,1.7,7,11,87.24473349200525,0.07081348346205973,0.029067426725736957,0.14197869713470057,1.61727846610615,0.18898882044335336,0.4123666949280346,0.504950495049505,True,0.9594477798377264,13.031635283790814,12.503173540688078
78,1.7,7,11,87.67669809683692,0.07062938764903166,0.02901056316998851,0.14162617035799596,1.6183407170186528,0.1885751459596301,0.4124403154835855,0.504950495049505,True,0.9596282982780788,13.070337182932164,12.542665428777891
79,1.7,7,11,88.10460926844884,0.07044829799281492,0.028954614511484157,0.14127886681672464,1.6193908880275383,0.188167705722972,0.4125130436467796,0.504950495049505,True,0.9598056758770558,13.10854636054683,12.58165719935037
80,1.7,7,11,88.52855001964842,0.07027013006372049,0.028899555270417442,0.1409366488420063,1.6204292561117735,0.18776633369080992,0.41258490079305987,0.504950495049505,True,0.959980004012713,13.146275197450642,12.620161316800896
1,2.0,3,5,20.36116157592094,0.2823712333048601,0.20057584792149846,0.3144493508051394,1.411116288196033,0.5974851968258963,0.28365662747460463,0.504950495049505,True,0.5917418783415163,4.61512051684126,2.7309600834081165
2,2.0,3,5,22.841607982273604,0.27533219182416396,0.19851595944932676,0.3077694279887728,1.4209885208806954,0.5898583275778837,0.28475055681536837,0.504950495049505,True,0.6026353666981614,4.68213122712422,2.821617868986917
3,2.0,3,5,25.146265232785886,0.26972135638082145,0.19686847498763788,0.3018954105458793,1.4299836175450966,0.5834141045892881,0.2856754608943319,0.504950495049505,True,0.6116403040315076,4.844187086458591,2.962900062347036
4,2.0,4,6,27.296308501055247,0.20403791023651582,0.12092661979111408,0.29669806000106197,1.4382029852511966,0.47061508558097864,0.314476649250079,0.504950495049505,True,0.7461104501225228,5.099866427824199,3.805063636028655
5,2.0,4,6,29.311183373001313,0.20013688869842522,0.11977498332201486,0.2920635744469438,1.4457503180529603,0.4652282946795348,0.3151833474640173,0.504950495049505,True,0.7521772094459565,5.41610040220442,4.073867286609243
6,2.0,4,7,31.207592441913597,0.1967809957742239,0.11878206176664441,0.23794300097014237,1.4527173986253303,0.4104997687431353,0.31581551055796425,0.504950495049505,True,0.7992923542304514,5.755742213586912,4.600520744241473
7,2.0,4,7,32.99960695723509,0.1938500097645314,0.11791311616955868,0.23417301083250625,1.459181888659755,0.40622969438255996,0.3163873716367902,0.504950495049505,True,0.8036007983818344,6.093569770045136,4.896797532203682
8,2.0,4,7,34.69904423264249,0.1912582757640341,0.11714334533456564,0.23073788834444758,1.4652085893863238,0.40237732411810145,0.316909439898728,0.504950495049505,True,0.8074352937073704,6.416732282512326,5.181096115171906
9,2.0,5,8,36.3158608253694,0.15000803478026958,0.07552359555780197,0.22758932147217137,1.4708514736561402,0.3386733132941747,0.3453896961447692,0.504950495049505,True,0.8653789941425658,6.720220155135295,5.815537358267579
10,2.0,5,8,37.85849435598408,0.14792132212045267,0.07490182641732424,0.22468807137188507,1.476155649702205,0.3352548256108321,0.3458343439776916,0.504950495049505,True,0.8681827850773549,7.003065458786462,6.079940874088255
11,2.0,5,8,39.33414356675888,0.1460266920074261,0.07433648265156911,0.22200197947287093,1.4811590327377575,0.33210613221419616,0.34624830120661326,0.504950495049505,True,0.8707336190889597,7.266128779556451,6.326862608989634
12,2.0,5,8,40.74899289076489,0.14429532429073172,0.07381916469555261,0.21950444858974494,1.485893703217507,0.32919188058764265,0.3466355323334387,0.504950495049505,True,0.8730678958142354,7.510977752014095,6.557593541458481
13,2.0,5,8,42.10839141175283,0.14270419426449102,0.0733431530188865,0.21717328638584826,1.4903869910136271,0.3264829675251185,0.34699928006433733,0.504950495049505,True,0.8752150585039645,7.739359202689098,6.773603717364735
14,2.0,5,8,43.416995595375056,0.14123464482639314,0.07290299586836149,0.21498982067493133,1.494662336295482,0.32395518280247637,0.347342230547377,0.504950495049505,True,0.8771992152590552,7.952966790923131,6.976336227979098
15,2.0,5,8,44.67888360813883,0.13987136815990528,0.0724942148762175,0.21293821777615213,1.4987399736947222,0.32158819547275386,0.34766663387499863,0.504950495049505,True,0.8790403215430171,8.153349757998892,7.167123192924027
16,2.0,5,8,45.897647419251854,0.1386016646038205,0.0721130905455576,0.21100495291950438,1.5026374781891843,0.31936478544130936,0.347974393641324,0.504950495049505,True,0.8807550575417658,8.341886969516187,7.347159137843136
17,2.0,6,9,47.0764674952055,0.1125889807961507,0.0492931571967136,0.20917839517771192,1.506370203072089,0.2834321383941898,0.37626713462634054,0.504950495049505,True,0.9080082776675064,8.519789817263504,7.7360396780625935
18,2.0,6,9,48.21817379385359,0.11147614690508348,0.04895846670010635,0.2074484793101683,1.5099516335560732,0.28137339608039447,0.3765462547201499,0.504950495049505,True,0.9093859330807623,8.688116703257823,7.900851114906672
19,2.0,6,9,49.325295912500614,0.11042958465458275,0.04864342123337869,0.20580644410795607,1.513393674147793,0.2794230900914578,0.3768129652955749,0.504950495049505,True,0.9106801718257291,8.84779106484485,8.05750788721106
20,2.0,6,9,50.400104594356996,0.10944271362231497,0.04834608591673889,0.2042446220548208,1.516706883746874,0.2775714633669565,0.37706832298208764,0.504950495049505,True,0.9118992086255168,8.99961934066053,8.206745754679233
21,2.0,6,9,51.444646303683754,0.10850984714854786,0.04806478720844605,0.20275626892088477,1.5199006692314196,0.2758099711654677,0.3773132549492092,0.504950495049505,True,0.9130501639162197,9.144307401371744,8.349211371722772
22,2.0,6,9,52.46077220427027,0.10762604083695276,0.047798068792038725,0.20133542468694304,1.522983445866427,0.2741310922016027,0.3775485792281289,0.504950495049505,True,0.9141392446387127,9.282474969735382,8.48547465721166
23,2.0,6,9,53.450162589252955,0.10678697145684796,0.04754465628604964,0.19997679924544065,1.5259627710269459,0.27252817469922463,0.37777502119602596,0.504950495049505,True,0.9151718898078516,9.414668009032752,8.616039513740027
24,2.0,6,9,54.41434759052788,0.10598883926718058,0.04730342875631575,0.19867567784418771,1.52884545632124,0.2709953099666965,0.3779932270610512,0.504950495049505,True,0.9161528886894288,9.54136924893133,8.741352999460924
25,2.0,6,9,55.35472482657719,0.10522828857272651,0.047073395527842135,0.19742784237565725,1.5316376621218826,0.26952722785006006,0.3782037749799188,0.504950495049505,True,0.9170864774740835,9.663007081568642,8.86181312624291
26,2.0,6,9,56.27257451610201,0.10450234260910361,0.04685367716479415,0.1962295054716463,1.5343449776832379,0.26811920971544,0.37840718428997294,0.504950495049505,True,0.9179764189238051,9.77996306625063,8.97777547276383
27,2.0,6,9,57.16907248227084,0.10380834978899839,0.04664348975779525,0.19507725501411222,1.5369724893814876,0.2667670155805907,0.3786039232269109,0.504950495049505,True,0.9188260684254974,9.892578262028092,9.089558791090813
28,2.0,6,9,58.04530139182014,0.10314393903097341,0.0464421318570815,0.1939680071713662,1.5395248391130583,0.265466822746707,0.37879441541679837,0.504950495049505,True,0.9196384291110172,10.001158579709575,9.197449765534286
29,2.0,6,9,58.90226050956909,0.1025069824050315,0.0462489735385655,0.19289896645313337,1.5420062744952823,0.26421517383856763,0.3789790453687989,0.504950495049505,True,0.9204161981204034,10.105979316119466,9.301707060426114
30,2.0,7,10,59.74087419828468,0.08606586289743767,0.033735301574785395,0.19186759157648264,1.5444206922040946,0.24396908938632658,0.407158163147697,0.504950495049505,True,0.9335126419027632,10.207289006867793,9.528633327466185
31,2.0,7,10,60.561999353346124,0.08547825111081944,0.03355689415529212,0.19087156616804285,1.5467716755385674,0.2427764195664944,0.4073320883689365,0.504950495049505,True,0.9341837284997878,10.305312710723697,9.62705545146012
32,2.0,7,10,61.36643192909442,0.08491287777723297,0.03338514050295715,0.1899087735116461,1.5490625271067064,0.24162444362696936,0.40750111363073666,0.504950495049505,True,0.934828379820297,10.400254819051078,9.722453362211755
33,2.0,7,10,62.15491268741969,0.08436831773912214,0.03321961772146105,0.18897727469605619,1.551296297370293,0.2405107446674153,0.4076655074758654,0.504950495049505,True,0.9354483131030548,10.492301467414055,9.815005708261184
34,2.0,7,10,62.92813227773182,0.08384327258367291,0.033059940309841065,0.18807528963339065,1.553475809660272,0.23943310717354127,0.40782551695835834,0.504950495049505,True,0.9360450926458072,10.58162261297557,9.904875919105686
35,2.0,7,10,63.686735739968654,0.08333655638417087,0.032905755973790876,0.18720118051176932,1.555603682171875,0.23838949566924758,0.4079813698767779,0.504950495049505,True,0.9366201469168068,10.66837383025105,9.992213864253156
36,2.0,7,10,64.43132650793572,0.08284708336452587,0.03275674199995445,0.18635343732059695,1.5576823473653465,0.23737803609112704,0.40813327672468364,0.504950495049505,True,0.9371747833812476,10.752697868727662,10.07715729588885
37,2.0,7,10,65.16246997842602,0.08237385718664869,0.03261260210555364,0.18553066514754202,1.5597140691299722,0.23639699948251178,0.40828143240022585,0.504950495049505,True,0.9377102013948133,10.834726008457404,10.159833107448213
38,2.0,7,10,65.88069670175416,0.08191596161334526,0.03247306369111523,0.18473157299565163,1.5617009580130659,0.23544478767168558,0.4084260177097002,0.504950495049505,True,0.9382275034553479,10.914579243674742,10.240358435058512
39,2.0,7,10,66.58650524117307,0.08147255234200389,0.03233787543647718,0.18395496390943494,1.563644984769313,0.23451992065377725,0.40856720069416136,0.504950495049505,True,0.9387277050542497,10.992369319524597,10.318841624426069
40,2.0,7,10,67.28036474181769,0.08104284983881335,0.032206805190298116,0.18319972623194353,1.565547992447502,0.23362102544076252,0.4087051378035096,0.504950495049505,True,0.9392117433290663,11.06819964290876,10.395383082130486
41,2.0,7,10,67.96271724409748,0.08062613303126803,0.032079638111465095,0.1824648258422749,1.5674117071997358,0.23274682618091613,0.40883997493862195,0.504950495049505,True,0.9396804846860439,11.142166085101078,10.47007602730018
42,2.0,7,10,68.63397977163987,0.08022173373961144,0.031956175027474665,0.1817492992456407,1.569237747971528,0.23189613537953901,0.4089718483789346,0.504950495049505,True,0.9401347315345467,11.214357691009177,10.543007157169292
43,2.0,7,10,69.29454621981486,0.07982903174666822,0.031836230980349225,0.18105224740704057,1.571027635208785,0.23106784607805927,0.40910088561026037,0.504950495049505,True,0.9405752282531679,11.284857307664499,10.614257237960965
44,2.0,7,10,69.9447890674171,0.0794474504210192,0.031719633935178876,0.18037283023538125,1.572782798698816,0.23026092486965383,0.4092272060654474,0.504950495049505,True,0.9410026664890743,11.353742142614896,10.683901630829993
45,2.0,7,10,70.58506093114354,0.0790764528213189,0.031606223630131755,0.17971026163812148,1.574504584646582,0.22947440564712906,0.4093509217886638,0.504950495049505,True,0.9414176898769493,11.421084261304648,10.752010761167405
46,2.0,7,10,71.21569597999626,0.0787155382202405,0.0314958505498988,0.17906380507767516,1.5761942620738787,0.22870738399356205,0.4094721380325689,0.504950495049505,True,0.9418208982512347,11.486951031197993,10.818650538370841
47,2.0,7,10,71.83701122459217,0.07836423899545593,0.03138837500714868,0.17843276957021958,1.5778530286176577,0.22795901213863592,0.40959095379634597,0.504950495049505,True,0.9422128514147838,11.551405519288075,10.883882732176888
48,2.0,7,10,72.44930769451675,0.0780221178425422,0.03128366631875744,0.17781650607553462,1.5794820157938785,0.2272284944141087,0.4097074623114886,0.504950495049505,True,0.9425940725181302,11.614506848695974,10.947765310802053
49,2.0,7,10,73.05287151526949,0.07768876527099906,0.031181602065419443,0.17721440423328,1.5810822937849003,0.22651508315076135,0.4098217514813127,0.504950495049505,True,0.9429650510960755,11.6763105192736,11.010352745420473
50,2.0,7,10,73.64797489497718,0.07736379734987989,0.031082067424803354,0.17662588940690488,1.5826548758012058,0.22581807496675174,0.40993390427938564,0.504950495049505,True,0.9433262458019489,11.736868696455003,11.071696284897312
51,2.0,8,12,74.23487702986169,0.06695339080120571,0.024219124798277647,0.1536038549116927,1.5842007220620622,0.19197180990483537,0.43804399911139486,0.504950495049505,True,0.9588292714769034,11.796230472032498,11.31057106967257
52,2.0,8,12,74.8138249364173,0.06664413265301139,0.024124332352556295,0.15304091993511754,1.5857207434343576,0.19129537416807063,0.4381521101444109,0.504950495049505,True,0.9591271691209238,11.854442100050415,11.369917492929252
53,2.0,8,12,75.38505421735425,0.06634224133758357,0.02403176489796047,0.15249003677905887,1.5872158047642329,0.19063363384148005,0.43825830760700735,0.504950495049505,True,0.9594174728536744,11.911547210596385,11.42814652256762
54,2.0,8,12,75.94878976758108,0.0660474166724984,0.023941332526829603,0.15195074919369211,1.5886867279321,0.18998602642807538,0.43836265806327857,0.504950495049505,True,0.9597005029814836,11.967587003916694,11.485299267133518
55,2.0,8,12,76.50524642581276,0.0657593756152042,0.023852950435298656,0.1514226254384723,1.5901342946581556,0.18935201995442186,0.43846522466343435,0.504950495049505,True,0.9599765611587012,12.022600426978823,11.541414614076263
56,2.0,8,12,77.05462957679073,0.06547785101350755,0.02376653855287402,0.1509052565902556,1.5915592490824375,0.1887311108427566,0.43856606737333265,0.504950495049505,True,0.9602459317627857,12.076624334343258,11.596529386480574
57,2.0,8,12,77.59713570857285,0.06520259046624552,0.02368202120455806,0.1503982549932314,1.5929623001408264,0.18812282196322802,0.4386652431850399,0.504950495049505,True,0.9605088831474285,12.129693634981377,11.650678486256435
58,2.0,8,12,78.13295292888611,0.06493335528279848,0.023599326802180555,0.14990125283675232,1.5943441237560512,0.18752670084840756,0.4387628063102706,0.504950495049505,True,0.9607656687863008,12.18184142648143,11.703895025162096
59,2.0,8,12,78.66226144412576,0.06466991953142792,0.023518387561986688,0.14941390084870537,1.5957053648607216,0.1869423180542412,0.43885880835834923,0.504950495049505,True,0.9610165283185268,12.233099117915673,11.756210444875752
60,2.0,8,12,79.18523400422099,0.06441206916758055,0.023439139245870468,0.14893586709343176,1.5970466392676046,0.1863692656533746,0.4389532985001581,0.504950495049505,True,0.9612616885057172,12.283496542494976,11.80765462719286
61,2.0,8,12,79.702036316267,0.06415960123430617,0.02336152092393888,0.1484668358643958,1.5983685354007853,0.1858071558483268,0.43904632361937385,0.504950495049505,True,0.9615013641092673,12.333062061009333,11.858255995304726
62,2.0,8,12,80.21282742953805,0.06391232312781656,0.023285474756350233,0.1480065066628518,1.599671615899945,0.18525561969333998,0.4391379284521586,0.504950495049505,True,0.9617357586956572,12.38182265694109,11.908041607008316
63,2.0,8,12,80.71776009424345,0.06367005192198052,0.02321094579259641,0.1475545932546804,1.6009564191087644,0.1847143059149232,0.4392281557163458,0.504950495049505,True,0.9619650653766374,12.42980402404012,11.957037240604544
64,2.0,8,12,81.21698109616214,0.06343261374622475,0.02313788178659698,0.1471108227983819,1.6022234604573427,0.18418287982215623,0.43931704623105666,0.504950495049505,True,0.9621894674904314,12.4770306470645,12.005267474160785
65,2.0,8,12,81.71063156909129,0.0631998432119017,0.023066233026147513,0.14667493503792994,1.6034732337475792,0.1836610222987419,0.4394046390275836,0.504950495049505,True,0.9624091392294336,12.523525876315125,12.052755758741977
66,2.0,8,12,82.19884728686418,0.06297158288270738,0.02299595217541751,0.14624668155482923,1.604706212349564,0.1831484288696152,0.4394909714522962,0.504950495049505,True,0.9626242462192994,12.569311996526467,12.099524486151488
67,2.0,8,12,82.68175893653186,0.06274768278519041,0.022926994129329102,0.14582582507428032,1.6059228503162897,0.18264480883563736,0.43957607926224795,0.504950495049505,True,0.9628349460538157,12.614410290617377,12.14559505166728
68,2.0,8,12,83.1594923741594,0.06252799995580055,0.022859315878766884,0.14541213882086124,1.607123583423273,0.18214988447054958,0.4396599967140964,0.504950495049505,True,0.9630413887894899,12.658841098754205,12.190987912209723
69,2.0,8,12,83.63216886455746,0.06231239802128363,0.02279287638567533,0.14500540591957656,1.6083088301390878,0.1816633902749269,0.4397427566468904,0.504950495049505,True,0.963243717403394,12.702623873132938,12.23572264033367
70,2.0,8,12,84.09990530615448,0.062100746809548746,0.022727636467194147,0.1446054188385254,1.6094789925322455,0.18118507228238417,0.43982439055922506,0.504950495049505,True,0.9634420682174488,12.74577722884654,12.279817974398775
71,2.0,8,12,84.5628144421093,0.06189292198841602,0.022663558688065178,0.14421197886979226,1.6106344571193718,0.18071468741373714,0.4399049286812179,0.504950495049505,True,0.963636571292017,12.78831899116778,12.323291865237504
72,2.0,8,12,85.02100505867041,0.06168880472990556,0.022600607260618896,0.1438248956454825,1.611775595659181,0.18025200287522575,0.439984400041718,0.504950495049505,True,0.9638273507913973,12.83026623954579,12.36616151960972
73,2.0,8,12,85.47458217170185,0.061488281397952,0.022538747951714583,0.14344398668610892,1.6129027658963557,0.1797967955972702,0.44006283253112216,0.504950495049505,True,0.9640145253235592,12.871635348586217,12.408443440705287
74,2.0,8,12,85.92364720222,0.06129124325762958,0.022477947996067435,0.1430690769787865,1.6140163122590823,0.1793488517105507,0.4401402529601376,0.504950495049505,True,0.9641982082562394,12.91244202625924,12.450153465931725
75,2.0,8,12,86.36829814171466,0.06109758620415136,0.022418176015448557,0.14269999858292665,1.6151165665136606,0.1789079660564968,0.44021668711480216,0.504950495049505,True,0.9643785080113169,12.95270134955713,12.491306802202075
76,2.0,8,12,86.80862970796521,0.0609072105100666,0.022359401943291262,0.14233659026132184,1.616203848379326,0.17847394172952935,0.4402921598080433,0.504950495049505,True,0.9645555283392138,12.992427797802574,12.53191805891855
77,2.0,8,12,87.24473349200525,0.06072002058922379,0.02230159695427928,0.14197869713470057,1.61727846610615,0.17804658964863496,0.44036669492803465,0.504950495049505,True,0.9647293685749009,13.031635283790814,12.572001278829912
78,2.0,8,12,87.67669809683692,0.06053592477619571,0.022244733398530836,0.14162617035799596,1.6183407170186528,0.17762572815606315,0.44044031548358553,0.504950495049505,True,0.9649001238769507,13.070337182932164,12.61156996692476
79,2.0,8,12,88.10460926844884,0.06035483511997897,0.02218878474002648,0.14127886681672464,1.6193908880275383,0.177211182641128,0.4405130436467796,0.504950495049505,True,0.9650678854509482,13.10854636054683,12.650637117508653
80,2.0,8,12,88.52855001964842,0.06017666719088453,0.02213372549895977,0.1409366488420063,1.6204292561117735,0.17680278518726786,0.4405849007930599,0.504950495049505,True,0.9652327407584563,13.146275197450642,12.6892152396002
