xi,balance_symbol,pole_diag,case
0.0,1.99883277338345,6.995914706842083,overpaid
0.02,1.9998321564567085,6.995914706842083,overpaid
0.04,2.0028299059365704,6.995914706842083,overpaid
0.06,2.0078248227632223,6.995914706842083,overpaid
0.08,2.0148149090365237,6.995914706842083,overpaid
0.1,2.0237973688151722,6.995914706842083,overpaid
0.12,2.034768609235016,6.995914706842083,overpaid
0.14,2.047724241946172,6.995914706842083,overpaid
0.16,2.0626590848682937,6.995914706842083,overpaid
0.18,2.079567164263336,6.995914706842083,overpaid
0.2,2.0984417171249863,6.995914706842083,overpaid
0.22,2.1192751938837535,6.995914706842083,overpaid
0.24,2.1420592614267093,6.995914706842083,overpaid
0.26,2.1667848064306234,6.995914706842083,overpaid
0.28,2.193441939007162,6.995914706842083,overpaid
0.3,2.2220199966587195,6.995914706842083,overpaid
0.32,2.2525075485432673,6.995914706842083,overpaid
0.34,2.28489240004655,6.995914706842083,overpaid
0.36,2.3191615976597557,6.995914706842083,overpaid
0.38,2.355301434160756,6.995914706842083,overpaid
0.4,2.3932974540968157,6.995914706842083,overpaid
0.42,2.43313445956656,6.995914706842083,overpaid
0.44,2.474796516298955,6.995914706842083,overpaid
0.46,2.5182669600267964,6.995914706842083,overpaid
0.48,2.563528403152185,6.995914706842083,overpaid
0.5,2.610562741701358,6.995914706842083,overpaid
0.52,2.659351162566006,6.995914706842083,overpaid
0.54,2.7098741510282895,6.995914706842083,overpaid
0.56,2.762111498566451,6.995914706842083,overpaid
0.58,2.816042310937968,6.995914706842083,overpaid
0.6,2.871645016536956,6.995914706842083,overpaid
0.62,2.92889737502254,6.995914706842083,overpaid
0.64,2.987776486214674,6.995914706842083,overpaid
0.66,3.0482587992539294,6.995914706842083,overpaid
0.68,3.110320122021509,6.995914706842083,overpaid
0.7000000000000001,3.1739356308157802,6.995914706842083,overpaid
0.72,3.2390798802814196,6.995914706842083,overpaid
0.74,3.305726813587224,6.995914706842083,overpaid
0.76,3.3738497728484784,6.995914706842083,overpaid
0.78,3.4434215097897756,6.995914706842083,overpaid
0.8,3.5144141966439477,6.995914706842083,overpaid
0.8200000000000001,3.586799437282812,6.995914706842083,overpaid
0.84,3.6605482785752343,6.995914706842083,overpaid
0.86,3.7356312219680063,6.995914706842083,overpaid
0.88,3.81201823528486,6.995914706842083,overpaid
0.9,3.8896787647389512,6.995914706842083,overpaid
0.92,3.968581747153955,6.995914706842083,overpaid
0.9400000000000001,4.048695622388934,6.995914706842083,overpaid
0.96,4.129988345961962,6.995914706842083,overpaid
0.98,4.212427401867499,6.995914706842083,overpaid
1.0,4.295979815582362,6.995914706842083,overpaid
1.02,4.380612167255073,6.995914706842083,overpaid
1.04,4.466290605073382,6.995914706842083,overpaid
1.06,4.5529808588045295,6.995914706842083,overpaid
1.08,4.640648253502874,6.995914706842083,overpaid
1.1,4.729257723379423,6.995914706842083,overpaid
1.12,4.818773825827664,6.995914706842083,overpaid
1.1400000000000001,4.909160755600151,6.995914706842083,overpaid
1.16,5.000382359130123,6.995914706842083,overpaid
1.18,5.0924021489924325,6.995914706842083,overpaid
1.2,5.185183318498055,6.995914706842083,overpaid
1.22,5.278688756416255,6.995914706842083,overpaid
1.24,5.372881061818582,6.995914706842083,overpaid
1.26,5.467722559038757,6.995914706842083,overpaid
1.28,5.563175312742432,6.995914706842083,overpaid
1.3,5.659201143100811,6.995914706842083,overpaid
1.32,5.755761641062074,6.995914706842083,overpaid
1.34,5.8528181837144935,6.995914706842083,overpaid
1.36,5.950331949735084,6.995914706842083,overpaid
1.3800000000000001,6.048263934917598,6.995914706842083,overpaid
1.4000000000000001,6.146574967773706,6.995914706842083,overpaid
1.42,6.2452257252010615,6.995914706842083,overpaid
1.44,6.344176748212025,6.995914706842083,overpaid
1.46,6.443388457716715,6.995914706842083,overpaid
1.48,6.542821170354134,6.995914706842083,overpaid
1.5,6.642435114364982,6.995914706842083,overpaid
1.52,6.742190445499826,6.995914706842083,overpaid
1.54,6.84204726295626,6.995914706842083,overpaid
1.56,6.9419656253387085,6.995914706842083,overpaid
1.58,7.041905566634449,6.995914706842083,overpaid
1.6,7.141827112199474,6.995914706842083,overpaid
1.62,7.241690294747832,6.995914706842083,overpaid
1.6400000000000001,7.341455170337989,6.995914706842083,overpaid
1.6600000000000001,7.441081834349891,6.995914706842083,overpaid
1.68,7.540530437446273,6.995914706842083,overpaid
1.7,7.639761201511861,6.995914706842083,overpaid
1.72,7.738734435564087,6.995914706842083,overpaid
1.74,7.837410551628954,6.995914706842083,overpaid
1.76,7.935750080575703,6.995914706842083,overpaid
1.78,8.03371368790393,6.995914706842083,overpaid
1.8,8.131262189476866,6.995914706842083,overpaid
1.82,8.228356567194513,6.995914706842083,overpaid
1.84,8.324957984600355,6.995914706842083,overpaid
1.86,8.42102780241544,6.995914706842083,overpaid
1.8800000000000001,8.516527593993546,6.995914706842083,overpaid
1.9000000000000001,8.61141916069136,6.995914706842083,overpaid
1.92,8.70566454714741,6.995914706842083,overpaid
1.94,8.799226056463695,6.995914706842083,overpaid
1.96,8.892066265283965,6.995914706842083,overpaid
1.98,8.984148038762537,6.995914706842083,overpaid
2.0,9.07543454541777,6.995914706842083,overpaid
2.02,9.165889271864131,6.995914706842083,overpaid
2.04,9.255476037417093,6.995914706842083,overpaid
2.06,9.344159008564908,6.995914706842083,overpaid
2.08,9.431902713301541,6.995914706842083,overpaid
2.1,9.518672055314996,6.995914706842083,overpaid
2.12,9.604432328025378,6.995914706842083,overpaid
2.14,9.68914922846706,6.995914706842083,overpaid
2.16,9.772788871009404,6.995914706842083,overpaid
2.18,9.85531780091058,6.995914706842083,overpaid
2.2,9.93670300769899,6.995914706842083,overpaid
2.22,10.016911938377046,6.995914706842083,overpaid
2.24,10.095912510441917,6.995914706842083,overpaid
2.2600000000000002,10.173673124718102,6.995914706842083,overpaid
2.2800000000000002,10.250162677996679,6.995914706842083,overpaid
2.3000000000000003,10.325350575476193,6.995914706842083,overpaid
2.32,10.399206743000132,6.995914706842083,overpaid
2.34,10.47170163908624,6.995914706842083,overpaid
2.36,10.542806266742652,6.995914706842083,overpaid
2.38,10.612492185066362,6.995914706842083,overpaid
2.4,10.680731520619172,6.995914706842083,overpaid
2.42,10.74749697857671,6.995914706842083,overpaid
2.44,10.81276185364598,6.995914706842083,overpaid
2.46,10.87650004074715,6.995914706842083,overpaid
2.48,10.938686045455203,6.995914706842083,overpaid
2.5,10.999294994197392,6.995914706842083,overpaid
2.52,11.058302644202335,6.995914706842083,overpaid
2.54,11.115685393196783,6.995914706842083,overpaid
2.56,11.171420288846232,6.995914706842083,overpaid
2.58,11.225485037935542,6.995914706842083,overpaid
2.6,11.277858015285938,6.995914706842083,overpaid
2.62,11.32851827240477,6.995914706842083,overpaid
2.64,11.377445545864656,6.995914706842083,overpaid
2.66,11.424620265408565,6.995914706842083,overpaid
2.68,11.47002356177767,6.995914706842083,overpaid
2.7,11.513637274258787,6.995914706842083,overpaid
2.72,11.555443957948434,6.995914706842083,overpaid
2.74,11.595426890730554,6.995914706842083,overpaid
2.7600000000000002,11.633570079965125,6.995914706842083,overpaid
2.7800000000000002,11.669858268885035,6.995914706842083,overpaid
2.8000000000000003,11.70427694269854,6.995914706842083,overpaid
2.82,11.736812334395028,6.995914706842083,overpaid
2.84,11.767451430251622,6.995914706842083,overpaid
2.86,11.796181975038493,6.995914706842083,overpaid
2.88,11.822992476920795,6.995914706842083,overpaid
2.9,11.847872212055243,6.995914706842083,overpaid
2.92,11.87081122887951,6.995914706842083,overpaid
2.94,11.891800352092721,6.995914706842083,overpaid
2.96,11.910831186325431,6.995914706842083,overpaid
2.98,11.927896119497696,6.995914706842083,overpaid
3.0,11.942988325863775,6.995914706842083,overpaid
3.02,11.956101768742345,6.995914706842083,overpaid
3.04,11.967231202931101,6.995914706842083,overpaid
3.06,11.97637217680476,6.995914706842083,overpaid
3.08,11.983521034095645,6.995914706842083,overpaid
3.1,11.988674915356164,6.995914706842083,overpaid
3.12,11.99183175910252,6.995914706842083,overpaid
3.14,11.992990302639317,6.995914706842083,overpaid
3.16,11.992150082564578,6.995914706842083,overpaid
3.18,11.98931143495513,6.995914706842083,overpaid
3.2,11.984475495232179,6.995914706842083,overpaid
3.22,11.977644197707123,6.995914706842083,overpaid
3.24,11.968820274807902,6.995914706842083,overpaid
3.2600000000000002,11.958007255986013,6.995914706842083,overpaid
3.2800000000000002,11.945209466304819,6.995914706842083,overpaid
3.3000000000000003,11.930432024709557,6.995914706842083,overpaid
3.3200000000000003,11.913680841979835,6.995914706842083,overpaid
3.34,11.8949626183654,6.995914706842083,overpaid
3.36,11.874284840906125,6.995914706842083,overpaid
3.38,11.851655780437287,6.995914706842083,overpaid
3.4,11.827084488281365,6.995914706842083,overpaid
3.42,11.800580792627606,6.995914706842083,overpaid
3.44,11.772155294600893,6.995914706842083,overpaid
3.46,11.741819364021437,6.995914706842083,overpaid
3.48,11.70958513485699,6.995914706842083,overpaid
3.5,11.675465500369441,6.995914706842083,overpaid
3.52,11.63947410795766,6.995914706842083,overpaid
3.54,11.601625353698731,6.995914706842083,overpaid
3.56,11.561934376589717,6.995914706842083,overpaid
3.58,11.520417052492252,6.995914706842083,overpaid
3.6,11.477089987782422,6.995914706842083,overpaid
3.62,11.431970512708421,6.995914706842083,overpaid
3.64,11.3850766744587,6.995914706842083,overpaid
3.66,11.33642722994331,6.995914706842083,overpaid
3.68,11.286041638291406,6.995914706842083,overpaid
3.7,11.233940053067855,6.995914706842083,overpaid
3.72,11.180143314212064,6.995914706842083,overpaid
3.74,11.124672939702295,6.995914706842083,overpaid
3.7600000000000002,11.06755111694876,6.995914706842083,overpaid
3.7800000000000002,11.00880069391894,6.995914706842083,overpaid
3.8000000000000003,10.948445169998726,6.995914706842083,overpaid
3.8200000000000003,10.886508686592949,6.995914706842083,overpaid
3.84,10.82301601746917,6.995914706842083,overpaid
3.86,10.757992558848478,6.995914706842083,overpaid
3.88,10.69146431924735,6.995914706842083,overpaid
3.9,10.623457909074599,6.995914706842083,overpaid
3.92,10.554000529987553,6.995914706842083,overpaid
3.94,10.483119964011756,6.995914706842083,overpaid
3.96,10.410844562428547,6.995914706842083,overpaid
3.98,10.337203234434893,6.995914706842083,overpaid
4.0,10.26222543558012,6.995914706842083,overpaid
4.0200000000000005,10.18594115598408,6.995914706842083,overpaid
4.04,10.108380908341507,6.995914706842083,overpaid
4.0600000000000005,10.029575715717323,6.995914706842083,overpaid
4.08,9.949557099137872,6.995914706842083,overpaid
4.1,9.86835706498287,6.995914706842083,overpaid
4.12,9.786008092183334,6.995914706842083,overpaid
4.14,9.702543119230414,6.995914706842083,overpaid
4.16,9.617995531000432,6.995914706842083,overpaid
4.18,9.5323991454014,6.995914706842083,overpaid
4.2,9.445788199846282,6.995914706842083,overpaid
4.22,9.35819733755851,6.995914706842083,overpaid
4.24,9.26966159371513,6.995914706842083,overpaid
4.26,9.180216381433228,6.995914706842083,overpaid
4.28,9.089897477605119,6.995914706842083,overpaid
4.3,8.998741008588103,6.995914706842083,overpaid
4.32,8.906783435754384,6.995914706842083,overpaid
4.34,8.814061540907012,6.995914706842083,overpaid
4.36,8.720612411567645,6.995914706842083,overpaid
4.38,8.626473426142056,6.995914706842083,overpaid
4.4,8.53168223896923,6.995914706842083,overpaid
4.42,8.436276765260192,6.995914706842083,overpaid
4.44,8.34029516593235,6.995914706842083,overpaid
4.46,8.24377583234571,6.995914706842083,overpaid
4.48,8.146757370946794,6.995914706842083,overpaid
4.5,8.049278587826599,6.995914706842083,overpaid
4.5200000000000005,7.951378473198675,6.995914706842083,overpaid
4.54,7.853096185803558,6.995914706842083,overpaid
4.5600000000000005,7.7544710372457875,6.995914706842083,overpaid
4.58,7.655542476269808,6.995914706842083,overpaid
4.6000000000000005,7.5563500729809725,6.995914706842083,overpaid
4.62,7.456933503018059,6.995914706842083,overpaid
4.64,7.357332531683509,6.995914706842083,overpaid
4.66,7.25758699803786,6.995914706842083,overpaid
4.68,7.1577367989646525,6.995914706842083,overpaid
4.7,7.057821873212191,6.995914706842083,overpaid
4.72,6.957882185418605,6.995914706842083,overpaid
4.74,6.85795771012649,6.995914706842083,overpaid
4.76,6.758088415793663,6.995914706842083,overpaid
4.78,6.658314248806278,6.995914706842083,overpaid
4.8,6.5586751175008295,6.995914706842083,overpaid
4.82,6.459210876201329,6.995914706842083,overpaid
4.84,6.359961309278136,6.995914706842083,overpaid
4.86,6.260966115234696,6.995914706842083,overpaid
4.88,6.162264890828723,6.995914706842083,overpaid
4.9,6.063897115233967,6.995914706842083,overpaid
4.92,5.96590213424912,6.995914706842083,overpaid
4.94,5.868319144559994,6.995914706842083,overpaid
4.96,5.771187178061375,6.995914706842083,overpaid
4.98,5.674545086244779,6.995914706842083,overpaid
5.0,5.578431524658402,6.995914706842083,overpaid
5.0200000000000005,5.48288493744537,6.995914706842083,overpaid
5.04,5.38794354196664,6.995914706842083,overpaid
5.0600000000000005,5.293645313514528,6.995914706842083,overpaid
5.08,5.200027970123124,6.995914706842083,overpaid
5.1000000000000005,5.107128957481571,6.995914706842083,overpaid
5.12,5.014985433956287,6.995914706842083,overpaid
5.14,4.923634255728123,6.995914706842083,overpaid
5.16,4.8331119620503635,6.995914706842083,overpaid
5.18,4.743454760633535,6.995914706842083,overpaid
5.2,4.654698513162792,6.995914706842083,overpaid
5.22,4.5668787209537225,6.995914706842083,overpaid
5.24,4.4800305107522895,6.995914706842083,overpaid
5.26,4.394188620684622,6.995914706842083,overpaid
5.28,4.309387386362195,6.995914706842083,overpaid
5.3,4.225660727148076,6.995914706842083,overpaid
5.32,4.143042132589606,6.995914706842083,overpaid
5.34,4.061564649023044,6.995914706842083,overpaid
5.36,3.981260866355461,6.995914706842083,overpaid
5.38,3.9021629050292272,6.995914706842083,overpaid
5.4,3.82430240317424,6.995914706842083,overpaid
5.42,3.747710503953126,6.995914706842083,overpaid
5.44,3.672417843104352,6.995914706842083,overpaid
5.46,3.598454536688376,6.995914706842083,overpaid
5.48,3.5258501690415915,6.995914706842083,overpaid
5.5,3.45463378094302,6.995914706842083,overpaid
5.5200000000000005,3.3848338579983555,6.995914706842083,overpaid
5.54,3.316478319246132,6.995914706842083,overpaid
5.5600000000000005,3.2495945059904425,6.995914706842083,overpaid
5.58,3.1842091708648272,6.995914706842083,overpaid
5.6000000000000005,3.1203484671315387,6.995914706842083,overpaid
5.62,3.0580379382206075,6.995914706842083,overpaid
5.64,2.997302507512803,6.995914706842083,overpaid
5.66,2.9381664683706106,6.995914706842083,overpaid
5.68,2.8806534744212176,6.995914706842083,overpaid
5.7,2.824786530095375,6.995914706842083,overpaid
5.72,2.7705879814259298,6.995914706842083,overpaid
5.74,2.7180795071097137,6.995914706842083,overpaid
5.76,2.6672821098363464,6.995914706842083,overpaid
5.78,2.618216107887452,6.995914706842083,overpaid
5.8,2.570901127009604,6.995914706842083,overpaid
5.82,2.525356092564289,6.995914706842083,overpaid
5.84,2.481599221958035,6.995914706842083,overpaid
5.86,2.4396480173556636,6.995914706842083,overpaid
5.88,2.3995192586796765,6.995914706842083,overpaid
5.9,2.361228996898495,6.995914706842083,overpaid
5.92,2.324792547606311,6.995914706842083,overpaid
5.94,2.290224484897019,6.995914706842083,overpaid
5.96,2.2575386355348073,6.995914706842083,overpaid
5.98,2.226748073423611,6.995914706842083,overpaid
6.0,2.1978651143777412,6.995914706842083,overpaid
6.0200000000000005,2.170901311195717,6.995914706842083,overpaid
6.04,2.1458674490392973,6.995914706842083,overpaid
6.0600000000000005,2.122773541119562,6.995914706842083,overpaid
6.08,2.1016288246917707,6.995914706842083,overpaid
6.1000000000000005,2.0824417573605594,6.995914706842083,overpaid
6.12,2.0652200136970453,6.995914706842083,overpaid
6.140000000000001,2.049970482169069,6.995914706842083,overpaid
6.16,2.036699262385916,6.995914706842083,overpaid
6.18,2.025411662658559,6.995914706842083,overpaid
6.2,2.0161121978763816,6.995914706842083,overpaid
6.22,2.008804587701311,6.995914706842083,overpaid
6.24,2.0034917550799793,6.995914706842083,overpaid
6.26,2.0001758250746047,6.995914706842083,overpaid
6.28,1.9988581240129708,6.995914706842083,overpaid
6.3,1.9995391789579369,6.995914706842083,overpaid
6.32,2.0022187174966,6.995914706842083,overpaid
6.34,2.0068956678492818,6.995914706842083,overpaid
6.36,2.0135681592981918,6.995914706842083,overpaid
6.38,2.0222335229357142,6.995914706842083,overpaid
6.4,2.03288829273194,6.995914706842083,overpaid
6.42,2.0455282069210003,6.995914706842083,overpaid
6.44,2.060148209705762,6.995914706842083,overpaid
6.46,2.0767424532800316,6.995914706842083,overpaid
6.48,2.0953043001676406,6.995914706842083,overpaid
6.5,2.1158263258773147,6.995914706842083,overpaid
6.5200000000000005,2.1383003218724,6.995914706842083,overpaid
6.54,2.162717298854144,6.995914706842083,overpaid
6.5600000000000005,2.18906749035731,6.995914706842083,overpaid
6.58,2.217340356656628,6.995914706842083,overpaid
6.6000000000000005,2.2475245889825466,6.995914706842083,overpaid
6.62,2.279608114044585,6.995914706842083,overpaid
6.640000000000001,2.313578098860493,6.995914706842083,overpaid
6.66,2.3494209558892685,6.995914706842083,overpaid
6.68,2.3871223484660007,6.995914706842083,overpaid
6.7,2.4266671965363393,6.995914706842083,overpaid
6.72,2.468039682688312,6.995914706842083,overpaid
6.74,2.51122325847909,6.995914706842083,overpaid
6.76,2.5562006510541195,6.995914706842083,overpaid
6.78,2.6029538700560657,6.995914706842083,overpaid
6.8,2.6514642148206953,6.995914706842083,overpaid
6.82,2.701712281856903,6.995914706842083,overpaid
6.84,2.753677972607832,6.995914706842083,overpaid
6.86,2.807340501490053,6.995914706842083,overpaid
6.88,2.8626784042075037,6.995914706842083,overpaid
6.9,2.9196695463369267,6.995914706842083,overpaid
6.92,2.97829113218134,6.995914706842083,overpaid
6.94,3.03851971388802,6.995914706842083,overpaid
6.96,3.1003312008273145,6.995914706842083,overpaid
6.98,3.163700869228597,6.995914706842083,overpaid
7.0,3.2286033720694203,6.995914706842083,overpaid
7.0200000000000005,3.2950127492140044,6.995914706842083,overpaid
7.04,3.3629024377969365,6.995914706842083,overpaid
7.0600000000000005,3.432245282847976,6.995914706842083,overpaid
7.08,3.5030135481536497,6.995914706842083,overpaid
7.1000000000000005,3.575178927351404,6.995914706842083,overpaid
7.12,3.64871255525175,6.995914706842083,overpaid
7.140000000000001,3.7235850193839717,6.995914706842083,overpaid
7.16,3.799766371760688,6.995914706842083,overpaid
7.18,3.8772261408566973,6.995914706842083,overpaid
7.2,3.955933343797142,6.995914706842083,overpaid
7.22,4.035856498750258,6.995914706842083,overpaid
7.24,4.116963637519699,6.995914706842083,overpaid
7.26,4.19922231833136,6.995914706842083,overpaid
7.28,4.282599638809696,6.995914706842083,overpaid
7.3,4.36706224913819,6.995914706842083,overpaid
7.32,4.452576365398871,6.995914706842083,overpaid
7.34,4.539107783085399,6.995914706842083,overpaid
7.36,4.626621890784445,6.995914706842083,overpaid
7.38,4.71508368401976,6.995914706842083,overpaid
7.4,4.804457779253532,6.995914706842083,overpaid
7.42,4.894708428039298,6.995914706842083,overpaid
7.44,4.985799531320884,6.995914706842083,overpaid
7.46,5.077694653871493,6.995914706842083,overpaid
7.48,5.170357038867369,6.995914706842083,overpaid
7.5,5.263749622589984,6.995914706842083,overpaid
7.5200000000000005,5.357835049251078,6.995914706842083,overpaid
7.54,5.452575685934434,6.995914706842083,overpaid
7.5600000000000005,5.547933637648578,6.995914706842083,overpaid
7.58,5.643870762484239,6.995914706842083,overpaid
7.6000000000000005,5.740348686870638,6.995914706842083,overpaid
7.62,5.837328820924361,6.995914706842083,overpaid
7.640000000000001,5.934772373884847,6.995914706842083,overpaid
7.66,6.0326403696301405,6.995914706842083,overpaid
7.68,6.13089366226683,6.995914706842083,overpaid
7.7,6.229492951787892,6.995914706842083,overpaid
7.72,6.328398799792154,6.995914706842083,overpaid
7.74,6.427571645259148,6.995914706842083,overpaid
7.76,6.52697182037296,6.995914706842083,overpaid
7.78,6.626559566388877,6.995914706842083,overpaid
7.8,6.7262950495363025,6.995914706842083,overpaid
7.82,6.826138376951775,6.995914706842083,overpaid
7.84,6.926049612635541,6.995914706842083,overpaid
7.86,7.0259887934254746,6.995914706842083,overpaid
7.88,7.125915944981752,6.995914706842083,overpaid
7.9,7.225791097776105,6.995914706842083,overpaid
7.92,7.32557430307906,6.995914706842083,overpaid
7.94,7.425225648938923,6.995914706842083,overpaid
7.96,7.524705276146017,6.995914706842083,overpaid
7.98,7.623973394175836,6.995914706842083,overpaid
8.0,7.722990297104726,6.995914706842083,overpaid
8.02,7.82171637949172,6.995914706842083,overpaid
8.040000000000001,7.920112152220202,6.995914706842083,overpaid
8.06,8.018138258293,6.995914706842083,overpaid
8.08,8.11575548857468,6.995914706842083,overpaid
8.1,8.212924797474676,6.995914706842083,overpaid
8.120000000000001,8.309607318565014,6.995914706842083,overpaid
8.14,8.405764380126321,6.995914706842083,overpaid
8.16,8.501357520616061,6.995914706842083,overpaid
8.18,8.596348504052594,6.995914706842083,overpaid
8.2,8.690699335309073,6.995914706842083,overpaid
8.22,8.784372275311007,6.995914706842083,overpaid
8.24,8.877329856131322,6.995914706842083,overpaid
8.26,8.969534895977127,6.995914706842083,overpaid
8.28,9.06095051406186,6.995914706842083,overpaid
8.3,9.151540145357155,6.995914706842083,overpaid
8.32,9.241267555218329,6.995914706842083,overpaid
8.34,9.330096853877789,6.995914706842083,overpaid
8.36,9.417992510800449,6.995914706842083,overpaid
8.38,9.504919368895475,6.995914706842083,overpaid
8.4,9.590842658578621,6.995914706842083,overpaid
8.42,9.67572801167965,6.995914706842083,overpaid
8.44,9.759541475189112,6.995914706842083,overpaid
8.46,9.842249524839106,6.995914706842083,overpaid
8.48,9.92381907851252,6.995914706842083,overpaid
8.5,10.004217509475472,6.995914706842083,overpaid
8.52,10.083412659427538,6.995914706842083,overpaid
8.540000000000001,10.161372851364668,6.995914706842083,overpaid
8.56,10.238066902249527,6.995914706842083,overpaid
8.58,10.313464135484343,6.995914706842083,overpaid
8.6,10.387534393181106,6.995914706842083,overpaid
8.620000000000001,10.46024804822433,6.995914706842083,overpaid
8.64,10.531576016121493,6.995914706842083,overpaid
8.66,10.601489766636464,6.995914706842083,overpaid
8.68,10.669961335201211,6.995914706842083,overpaid
8.700000000000001,10.736963334101256,6.995914706842083,overpaid
8.72,10.802468963430375,6.995914706842083,overpaid
8.74,10.86645202181024,6.995914706842083,overpaid
8.76,10.928886916870589,6.995914706842083,overpaid
8.78,10.989748675485863,6.995914706842083,overpaid
8.8,11.049012953764091,6.995914706842083,overpaid
8.82,11.106656046784137,6.995914706842083,overpaid
8.84,11.162654898077356,6.995914706842083,overpaid
8.86,11.21698710884988,6.995914706842083,overpaid
8.88,11.269630946941817,6.995914706842083,overpaid
8.9,11.320565355519836,6.995914706842083,overpaid
8.92,11.369769961499623,6.995914706842083,overpaid
8.94,11.417225083694836,6.995914706842083,overpaid
8.96,11.462911740689334,6.995914706842083,overpaid
8.98,11.506811658429456,6.995914706842083,overpaid
9.0,11.548907277533432,6.995914706842083,overpaid
9.02,11.589181760314894,6.995914706842083,overpaid
9.040000000000001,11.62761899751771,6.995914706842083,overpaid
9.06,11.664203614759487,6.995914706842083,overpaid
9.08,11.698920978681121,6.995914706842083,overpaid
9.1,11.73175720279993,6.995914706842083,overpaid
9.120000000000001,11.762699153064087,6.995914706842083,overpaid
9.14,11.79173445310603,6.995914706842083,overpaid
9.16,11.818851489192875,6.995914706842083,overpaid
9.18,11.844039414871753,6.995914706842083,overpaid
9.200000000000001,11.867288155308218,6.995914706842083,overpaid
9.22,11.888588411316075,6.995914706842083,overpaid
9.24,11.907931663076921,6.995914706842083,overpaid
9.26,11.92531017354796,6.995914706842083,overpaid
9.28,11.940716991556712,6.995914706842083,overpaid
9.3,11.954145954581396,6.995914706842083,overpaid
9.32,11.965591691215858,6.995914706842083,overpaid
9.34,11.975049623318043,6.995914706842083,overpaid
9.36,11.982515967841216,6.995914706842083,overpaid
9.38,11.987987738347123,6.995914706842083,overpaid
9.4,11.991462746200515,6.995914706842083,overpaid
9.42,11.99293960144458,6.995914706842083,overpaid
9.44,11.992417713356913,6.995914706842083,overpaid
9.46,11.989897290685796,6.995914706842083,overpaid
9.48,11.985379341566684,6.995914706842083,overpaid
9.5,11.978865673118996,6.995914706842083,overpaid
9.52,11.970358890723254,6.995914706842083,overpaid
9.540000000000001,11.959862396978997,6.995914706842083,overpaid
9.56,11.94738039034377,6.995914706842083,overpaid
9.58,11.93291786345381,6.995914706842083,overpaid
9.6,11.91648060112703,6.995914706842083,overpaid
9.620000000000001,11.898075178049211,6.995914706842083,overpaid
9.64,11.877708956144179,6.995914706842083,overpaid
9.66,11.855390081629146,6.995914706842083,overpaid
9.68,11.831127481756337,6.995914706842083,overpaid
9.700000000000001,11.804930861242205,6.995914706842083,overpaid
9.72,11.776810698385678,6.995914706842083,overpaid
9.74,11.746778240876964,6.995914706842083,overpaid
9.76,11.714845501298639,6.995914706842083,overpaid
9.78,11.681025252320767,6.995914706842083,overpaid
9.8,11.64533102159201,6.995914706842083,overpaid
9.82,11.607777086328747,6.995914706842083,overpaid
9.84,11.568378467604367,6.995914706842083,overpaid
9.86,11.527150924341054,6.995914706842083,overpaid
9.88,11.484110947006412,6.995914706842083,overpaid
9.9,11.43927575101753,6.995914706842083,overpaid
9.92,11.392663269855001,6.995914706842083,overpaid
9.94,11.344292147889798,6.995914706842083,overpaid
9.96,11.294181732925766,6.995914706842083,overpaid
9.98,11.242352068460768,6.995914706842083,overpaid
10.0,11.188823885669533,6.995914706842083,overpaid
10.02,11.133618595111475,6.995914706842083,overpaid
10.040000000000001,11.076758278166757,6.995914706842083,overpaid
10.06,11.018265678204035,6.995914706842083,overpaid
10.08,10.958164191483396,6.995914706842083,overpaid
10.1,10.896477857798192,6.995914706842083,overpaid
10.120000000000001,10.833231350859416,6.995914706842083,overpaid
10.14,10.768449968426578,6.995914706842083,overpaid
10.16,10.702159622188907,6.995914706842083,overpaid
10.18,10.634386827401034,6.995914706842083,overpaid
10.200000000000001,10.56515869227725,6.995914706842083,overpaid
10.22,10.49450290714858,6.995914706842083,overpaid
10.24,10.42244773338701,6.995914706842083,overpaid
10.26,10.349021992101319,6.995914706842083,overpaid
10.28,10.274255052609025,6.995914706842083,overpaid
10.3,10.198176820689039,6.995914706842083,overpaid
10.32,10.120817726619782,6.995914706842083,overpaid
10.34,10.042208713007431,6.995914706842083,overpaid
10.36,9.962381222409325,6.995914706842083,overpaid
10.38,9.881367184757346,6.995914706842083,overpaid
10.4,9.799199004586393,6.995914706842083,overpaid
10.42,9.71590954807297,6.995914706842083,overpaid
10.44,9.631532129889166,6.995914706842083,overpaid
10.46,9.546100499877236,6.995914706842083,overpaid
10.48,9.459648829550119,6.995914706842083,overpaid
10.5,9.372211698423275,6.995914706842083,overpaid
10.52,9.283824080183331,6.995914706842083,overpaid
10.540000000000001,9.194521328699098,6.995914706842083,overpaid
10.56,9.104339163880491,6.995914706842083,overpaid
10.58,9.013313657391022,6.995914706842083,overpaid
10.6,8.921481218219625,6.995914706842083,overpaid
10.620000000000001,8.82887857811755,6.995914706842083,overpaid
10.64,8.735542776906163,6.995914706842083,overpaid
10.66,8.641511147661486,6.995914706842083,overpaid
10.68,8.54682130178147,6.995914706842083,overpaid
10.700000000000001,8.451511113941951,6.995914706842083,overpaid
10.72,8.355618706947293,6.995914706842083,overpaid
10.74,8.259182436481737,6.995914706842083,overpaid
10.76,8.16224087576767,6.995914706842083,overpaid
10.78,8.064832800136847,6.995914706842083,overpaid
10.8,7.966997171520742,6.995914706842083,overpaid
10.82,7.86877312286637,6.995914706842083,overpaid
10.84,7.7701999424835435,6.995914706842083,overpaid
10.86,7.67131705833013,6.995914706842083,overpaid
10.88,7.572164022241351,6.995914706842083,overpaid
10.9,7.472780494109648,6.995914706842083,overpaid
10.92,7.373206226021162,6.995914706842083,overpaid
10.94,7.27348104635549,6.995914706842083,overpaid
10.96,7.1736448438548415,6.995914706842083,overpaid
10.98,7.073737551669099,6.995914706842083,overpaid
11.0,6.97379913138305,6.995914706842083,overpaid
11.02,6.873869557032313,6.995914706842083,overpaid
11.040000000000001,6.773988799114246,6.995914706842083,overpaid
11.06,6.674196808600305,6.995914706842083,overpaid
11.08,6.574533500956145,6.995914706842083,overpaid
11.1,6.475038740175998,6.995914706842083,overpaid
11.120000000000001,6.375752322837592,6.995914706842083,overpaid
11.14,6.276713962184072,6.995914706842083,overpaid
11.16,6.1779632722392,6.995914706842083,overpaid
11.18,6.079539751962294,6.995914706842083,overpaid
11.200000000000001,5.981482769449167,6.995914706842083,overpaid
11.22,5.883831546185423,6.995914706842083,overpaid
11.24,5.786625141358362,6.995914706842083,overpaid
11.26,5.689902436233851,6.995914706842083,overpaid
11.28,5.59370211860432,6.995914706842083,overpaid
11.3,5.498062667314153,6.995914706842083,overpaid
11.32,5.403022336868716,6.995914706842083,overpaid
11.34,5.308619142132985,6.995914706842083,overpaid
11.36,5.214890843126161,6.995914706842083,overpaid
11.38,5.121874929918151,6.995914706842083,overpaid
11.4,5.029608607634051,6.995914706842083,overpaid
11.42,4.938128781572569,6.995914706842083,overpaid
11.44,4.847472042444419,6.995914706842083,overpaid
11.46,4.757674651736497,6.995914706842083,overpaid
11.48,4.668772527207823,6.995914706842083,overpaid
11.5,4.580801228522853,6.995914706842083,overpaid
11.52,4.493795943028127,6.995914706842083,overpaid
11.540000000000001,4.407791471677781,6.995914706842083,overpaid
11.56,4.322822215113661,6.995914706842083,overpaid
11.58,4.2389221599054725,6.995914706842083,overpaid
11.6,4.156124864956647,6.995914706842083,overpaid
11.620000000000001,4.074463448081209,6.995914706842083,overpaid
11.64,3.9939705727571173,6.995914706842083,overpaid
11.66,3.914678435061276,6.995914706842083,overpaid
11.68,3.836618750791537,6.995914706842083,overpaid
11.700000000000001,3.759822742780834,6.995914706842083,overpaid
11.72,3.6843211284084436,6.995914706842083,overpaid
11.74,3.610144107313431,6.995914706842083,overpaid
11.76,3.5373213493152242,6.995914706842083,overpaid
11.78,3.465881982546067,6.995914706842083,overpaid
11.8,3.3958545818001475,6.995914706842083,overpaid
11.82,3.3272671571040853,6.995914706842083,overpaid
11.84,3.260147142513274,6.995914706842083,overpaid
11.86,3.1945213851386214,6.995914706842083,overpaid
11.88,3.130416134408076,6.995914706842083,overpaid
11.9,3.0678570315672182,6.995914706842083,overpaid
11.92,3.0068690994230654,6.995914706842083,overpaid
11.94,2.947476732335314,6.995914706842083,overpaid
11.96,2.8897036864589065,6.995914706842083,overpaid
11.98,2.833573070241906,6.995914706842083,overpaid
12.0,2.779107335182399,6.995914706842083,overpaid
12.02,2.72632826684821,6.995914706842083,overpaid
12.040000000000001,2.675256976162947,6.995914706842083,overpaid
12.06,2.6259138909619644,6.995914706842083,overpaid
12.08,2.578318747821431,6.995914706842083,overpaid
12.1,2.5324905841640106,6.995914706842083,overpaid
12.120000000000001,2.488447730644131,6.995914706842083,overpaid
12.14,2.446207803815973,6.995914706842083,overpaid
12.16,2.405787699087078,6.995914706842083,overpaid
12.18,2.367203583960407,6.995914706842083,overpaid
12.200000000000001,2.330470891567561,6.995914706842083,overpaid
12.22,2.2956043144957405,6.995914706842083,overpaid
12.24,2.262617798910888,6.995914706842083,overpaid
12.26,2.2315245389794214,6.995914706842083,overpaid
12.280000000000001,2.202336971590748,6.995914706842083,overpaid
12.3,2.175066771382653,6.995914706842083,overpaid
12.32,2.1497248460716296,6.995914706842083,overpaid
12.34,2.126321332089912,6.995914706842083,overpaid
12.36,2.1048655905310483,6.995914706842083,overpaid
12.38,2.0853662034055898,6.995914706842083,overpaid
12.4,2.067830970208398,6.995914706842083,overpaid
12.42,2.0522669047989552,6.995914706842083,overpaid
12.44,2.038680232595903,6.995914706842083,overpaid
12.46,2.027076388086968,6.995914706842083,overpaid
12.48,2.0174600126552438,6.995914706842083,overpaid
12.5,2.0098349527226844,6.995914706842083,overpaid
12.52,2.004204258211594,6.995914706842083,overpaid
12.540000000000001,2.0005701813247025,6.995914706842083,overpaid
12.56,1.9989341756443153,6.995914706842083,overpaid
12.58,1.9992968955508879,6.995914706842083,overpaid
12.6,2.0016581959612942,6.995914706842083,overpaid
12.620000000000001,2.0060171323868516,6.995914706842083,overpaid
12.64,2.012371961311114,6.995914706842083,overpaid
12.66,2.0207201408872386,6.995914706842083,overpaid
12.68,2.0310583319547,6.995914706842083,overpaid
12.700000000000001,2.043382399374913,6.995914706842083,overpaid
12.72,2.0576874136852297,6.995914706842083,overpaid
12.74,2.0739676530706586,6.995914706842083,overpaid
12.76,2.092216605652508,6.995914706842083,overpaid
12.780000000000001,2.1124269720930684,6.995914706842083,overpaid
12.8,2.134590668515221,6.995914706842083,overpaid
12.82,2.158698829735915,6.995914706842083,overpaid
12.84,2.184741812812103,6.995914706842083,overpaid
12.86,2.212709200897784,6.995914706842083,overpaid
12.88,2.2425898074106208,6.995914706842083,overpaid
12.9,2.274371680506407,6.995914706842083,overpaid
12.92,2.308042107859663,6.995914706842083,overpaid
12.94,2.3435876217483766,6.995914706842083,overpaid
12.96,2.3809940044409306,6.995914706842083,overpaid
12.98,2.4202462938829843,6.995914706842083,overpaid
13.0,2.4613287896821223,6.995914706842083,overpaid
13.02,2.504225059387787,6.995914706842083,overpaid
13.040000000000001,2.548917945064039,6.995914706842083,overpaid
13.06,2.5953895701524985,6.995914706842083,overpaid
13.08,2.643621346622748,6.995914706842083,overpaid
13.1,2.6935939824072825,6.995914706842083,overpaid
13.120000000000001,2.745287489118084,6.995914706842083,overpaid
13.14,2.798681190041693,6.995914706842083,overpaid
13.16,2.8537537284096572,6.995914706842083,overpaid
13.18,2.9104830759409204,6.995914706842083,overpaid
13.200000000000001,2.96884654165285,6.995914706842083,overpaid
13.22,3.0288207809373233,6.995914706842083,overpaid
13.24,3.0903818048982785,6.995914706842083,overpaid
13.26,3.1535049899469385,6.995914706842083,overpaid
13.280000000000001,3.218165087650908,6.995914706842083,overpaid
13.3,3.28433623483323,6.995914706842083,overpaid
13.32,3.3519919639173033,6.995914706842083,overpaid
13.34,3.4211052135135542,6.995914706842083,overpaid
13.36,3.491648339243646,6.995914706842083,overpaid
13.38,3.5635931247978547,6.995914706842083,overpaid
13.4,3.6369107932211993,6.995914706842083,overpaid
13.42,3.711572018423869,6.995914706842083,overpaid
13.44,3.787546936911255,6.995914706842083,overpaid
13.46,3.8648051597289523,6.995914706842083,overpaid
13.48,3.9433157846179157,6.995914706842083,overpaid
13.5,4.023047408374994,6.995914706842083,overpaid
13.52,4.103968139413759,6.995914706842083,overpaid
13.540000000000001,4.1860456105207255,6.995914706842083,overpaid
13.56,4.269246991801795,6.995914706842083,overpaid
13.58,4.353539003813795,6.995914706842083,overpaid
13.6,4.438887930875799,6.995914706842083,overpaid
13.620000000000001,4.525259634554962,6.995914706842083,overpaid
13.64,4.612619567321401,6.995914706842083,overpaid
13.66,4.700932786366808,6.995914706842083,overpaid
13.68,4.7901639675810515,6.995914706842083,overpaid
13.700000000000001,4.880277419681391,6.995914706842083,overpaid
13.72,4.971237098488464,6.995914706842083,overpaid
13.74,5.063006621343538,6.995914706842083,overpaid
13.76,5.155549281661047,6.995914706842083,overpaid
13.780000000000001,5.248828063610761,6.995914706842083,overpaid
13.8,5.342805656923577,6.995914706842083,overpaid
13.82,5.437444471815203,6.995914706842083,overpaid
13.84,5.53270665402151,6.995914706842083,overpaid
13.86,5.62855409993977,6.995914706842083,overpaid
13.88,5.724948471869562,6.995914706842083,overpaid
13.9,5.821851213347349,6.995914706842083,overpaid
13.92,5.91922356456856,6.995914706842083,overpaid
13.94,6.0170265778909915,6.995914706842083,overpaid
13.96,6.115221133413341,6.995914706842083,overpaid
13.98,6.213767954622632,6.995914706842083,overpaid
14.0,6.312627624104325,6.995914706842083,overpaid
14.02,6.4117605993087405,6.995914706842083,overpaid
14.040000000000001,6.511127228367561,6.995914706842083,overpaid
14.06,6.610687765954015,6.995914706842083,overpaid
14.08,6.710402389180537,6.995914706842083,overpaid
14.1,6.81023121352734,6.995914706842083,overpaid
14.120000000000001,6.910134308795731,6.995914706842083,overpaid
14.14,7.010071715079608,6.995914706842083,overpaid
14.16,7.110003458748947,6.995914706842083,overpaid
14.18,7.20988956843869,6.995914706842083,overpaid
14.200000000000001,7.309690091036762,6.995914706842083,overpaid
14.22,7.409365107664762,6.995914706842083,overpaid
14.24,7.508874749645029,6.995914706842083,overpaid
14.26,7.608179214447555,6.995914706842083,overpaid
14.280000000000001,7.707238781610462,6.995914706842083,overpaid
14.3,7.806013828627652,6.995914706842083,overpaid
14.32,7.904464846797303,6.995914706842083,overpaid
14.34,8.002552457024809,6.995914706842083,overpaid
14.36,8.100237425573905,6.995914706842083,overpaid
14.38,8.197480679759622,6.995914706842083,overpaid
14.4,8.294243323576826,6.995914706842083,overpaid
14.42,8.390486653258156,6.995914706842083,overpaid
14.44,8.486172172754966,6.995914706842083,overpaid
14.46,8.58126160913525,6.995914706842083,overpaid
14.48,8.675716927892289,6.995914706842083,overpaid
14.5,8.769500348157973,6.995914706842083,overpaid
14.52,8.86257435781462,6.995914706842083,overpaid
14.540000000000001,8.954901728499351,6.995914706842083,overpaid
14.56,9.04644553049489,6.995914706842083,overpaid
14.58,9.137169147501012,6.995914706842083,overpaid
14.6,9.227036291280553,6.995914706842083,overpaid
14.620000000000001,9.316011016174215,6.995914706842083,overpaid
14.64,9.404057733478343,6.995914706842083,overpaid
14.66,9.49114122567996,6.995914706842083,overpaid
14.68,9.577226660543287,6.995914706842083,overpaid
14.700000000000001,9.662279605042178,6.995914706842083,overpaid
14.72,9.746266039132832,6.995914706842083,overpaid
14.74,9.829152369361436,6.995914706842083,overpaid
14.76,9.910905442301031,6.995914706842083,overpaid
14.780000000000001,9.991492557812473,6.995914706842083,overpaid
14.8,10.07088148212403,6.995914706842083,overpaid
14.82,10.149040460724477,6.995914706842083,overpaid
14.84,10.225938231064493,6.995914706842083,overpaid
14.86,10.301544035061223,6.995914706842083,overpaid
14.88,10.375827631401144,6.995914706842083,overpaid
14.9,10.448759307636138,6.995914706842083,overpaid
14.92,10.520309892068132,6.995914706842083,overpaid
14.94,10.59045076541734,6.995914706842083,overpaid
14.96,10.659153872269634,6.995914706842083,overpaid
14.98,10.72639173229829,6.995914706842083,overpaid
15.0,10.792137451255794,6.995914706842083,overpaid
15.02,10.856364731731158,6.995914706842083,overpaid
15.040000000000001,10.919047883668554,6.995914706842083,overpaid
15.06,10.980161834642962,6.995914706842083,overpaid
15.08,11.039682139888832,6.995914706842083,overpaid
15.1,11.097584992077666,6.995914706842083,overpaid
15.120000000000001,11.15384723084062,6.995914706842083,overpaid
15.14,11.208446352032329,6.995914706842083,overpaid
15.16,11.2613605167323,6.995914706842083,overpaid
15.18,11.31256855998017,6.995914706842083,overpaid
15.200000000000001,11.362049999241407,6.995914706842083,overpaid
15.22,11.40978504260004,6.995914706842083,overpaid
15.24,11.455754596675186,6.995914706842083,overpaid
15.26,11.499940274258144,6.995914706842083,overpaid
15.280000000000001,11.54232440166701,6.995914706842083,overpaid
15.3,11.582890025815928,6.995914706842083,overpaid
15.32,11.621620920996117,6.995914706842083,overpaid
15.34,11.6585015953659,6.995914706842083,overpaid
15.36,11.693517297147274,6.995914706842083,overpaid
15.38,11.72665402052639,6.995914706842083,overpaid
15.4,11.757898511255716,6.995914706842083,overpaid
15.42,11.787238271955545,6.995914706842083,overpaid
15.44,11.814661567112797,6.995914706842083,overpaid
15.46,11.840157427775038,6.995914706842083,overpaid
15.48,11.863715655937947,6.995914706842083,overpaid
15.5,11.885326828624365,6.995914706842083,overpaid
15.52,11.904982301653364,6.995914706842083,overpaid
15.540000000000001,11.9226742130978,6.995914706842083,overpaid
15.56,11.938395486428984,6.995914706842083,overpaid
15.58,11.9521398333472,6.995914706842083,overpaid
15.6,11.96390175629693,6.995914706842083,overpaid
15.620000000000001,11.973676550665829,6.995914706842083,overpaid
15.64,11.981460306666467,6.995914706842083,overpaid
15.66,11.987249910900232,6.995914706842083,overpaid
15.68,11.991043047602622,6.995914706842083,overpaid
15.700000000000001,11.992838199569531,6.995914706842083,overpaid
15.72,11.992634648764104,6.995914706842083,overpaid
15.74,11.990432476603958,6.995914706842083,overpaid
15.76,11.986232563928588,6.995914706842083,overpaid
15.780000000000001,11.980036590647066,6.995914706842083,overpaid
15.8,11.971847035066094,6.995914706842083,overpaid
15.82,11.96166717289871,6.995914706842083,overpaid
15.84,11.949501075954062,6.995914706842083,overpaid
15.860000000000001,11.935353610508697,6.995914706842083,overpaid
15.88,11.919230435360177,6.995914706842083,overpaid
15.9,11.901137999563588,6.995914706842083,overpaid
15.92,11.88108353985201,6.995914706842083,overpaid
15.94,11.859075077741949,6.995914706842083,overpaid
15.96,11.835121416324796,6.995914706842083,overpaid
15.98,11.809232136745747,6.995914706842083,overpaid
16.0,11.78141759437145,6.995914706842083,overpaid
16.02,11.751688914647994,6.995914706842083,overpaid
16.04,11.720057988650893,6.995914706842083,overpaid
16.06,11.686537468328806,6.995914706842083,overpaid
16.080000000000002,11.651140761442921,6.995914706842083,overpaid
16.1,11.613882026204058,6.995914706842083,overpaid
16.12,11.574776165609522,6.995914706842083,overpaid
16.14,11.533838821482153,6.995914706842083,overpaid
16.16,11.491086368213777,6.995914706842083,overpaid
16.18,11.446535906215672,6.995914706842083,overpaid
16.2,11.400205255078646,6.995914706842083,overpaid
16.22,11.352112946445416,6.995914706842083,overpaid
16.240000000000002,11.302278216598207,6.995914706842083,overpaid
16.26,11.250720998764516,6.995914706842083,overpaid
16.28,11.19746191514405,6.995914706842083,overpaid
16.3,11.142522268660144,6.995914706842083,overpaid
16.32,11.085924034438875,6.995914706842083,overpaid
16.34,11.027689851019304,6.995914706842083,overpaid
16.36,10.967843011298342,6.995914706842083,overpaid
16.38,10.906407453213935,6.995914706842083,overpaid
16.4,10.843407750170188,6.995914706842083,overpaid
16.42,10.778869101208322,6.995914706842083,overpaid
16.44,10.712817320927442,6.995914706842083,overpaid
16.46,10.645278829158965,6.995914706842083,overpaid
16.48,10.576280640399103,6.995914706842083,overpaid
16.5,10.505850353003396,6.995914706842083,overpaid
16.52,10.434016138147742,6.995914706842083,overpaid
16.54,10.360806728560306,6.995914706842083,overpaid
16.56,10.286251407028809,6.995914706842083,overpaid
16.580000000000002,10.210379994687797,6.995914706842083,overpaid
16.6,10.133222839090628,6.995914706842083,overpaid
16.62,10.054810802070776,6.995914706842083,overpaid
16.64,9.975175247397567,6.995914706842083,overpaid
16.66,9.894348028231082,6.995914706842083,overpaid
16.68,9.812361474381301,6.995914706842083,overpaid
16.7,9.729248379376632,6.995914706842083,overpaid
16.72,9.645041987346909,6.995914706842083,overpaid
16.740000000000002,9.559775979726199,6.995914706842083,overpaid
16.76,9.473484461780707,6.995914706842083,overpaid
16.78,9.386201948967065,6.995914706842083,overpaid
16.8,9.297963353126644,6.995914706842083,overpaid
16.82,9.208803968521282,6.995914706842083,overpaid
16.84,9.118759457716047,6.995914706842083,overpaid
16.86,9.02786583731468,6.995914706842083,overpaid
16.88,8.936159463553443,6.995914706842083,overpaid
16.9,8.84367701775911,6.995914706842083,overpaid
16.92,8.750455491676894,6.995914706842083,overpaid
16.94,8.656532172674327,6.995914706842083,overpaid
16.96,8.561944628826692,6.995914706842083,overpaid
16.98,8.46673069389039,6.995914706842083,overpaid
17.0,8.370928452169888,6.995914706842083,overpaid
17.02,8.274576223284525,6.995914706842083,overpaid
17.04,8.177712546841176,6.995914706842083,overpaid
17.06,8.080376167018926,6.995914706842083,overpaid
17.080000000000002,7.982606017071877,6.995914706842083,overpaid
17.1,7.884441203756465,6.995914706842083,overpaid
17.12,7.785920991689146,6.995914706842083,overpaid
17.14,7.687084787641169,6.995914706842083,overpaid
17.16,7.587972124776348,6.995914706842083,overpaid
17.18,7.488622646838349,6.995914706842083,overpaid
17.2,7.389076092293699,6.995914706842083,overpaid
17.22,7.289372278436954,6.995914706842083,overpaid
17.240000000000002,7.18955108546427,6.995914706842083,overpaid
17.26,7.0896524405219346,6.995914706842083,overpaid
17.28,6.989716301735948,6.995914706842083,overpaid
17.3,6.889782642229363,6.995914706842083,overpaid
17.32,6.789891434133546,6.995914706842083,overpaid
17.34,6.6900826325998715,6.995914706842083,overpaid
17.36,6.590396159818184,6.995914706842083,overpaid
17.38,6.490871889048467,6.995914706842083,overpaid
17.400000000000002,6.391549628672037,6.995914706842083,overpaid
17.42,6.292469106268799,6.995914706842083,overpaid
17.44,6.193669952726639,6.995914706842083,overpaid
17.46,6.095191686389672,6.995914706842083,overpaid
17.48,5.997073697251404,6.995914706842083,overpaid
17.5,5.899355231199271,6.995914706842083,overpaid
17.52,5.802075374316798,6.995914706842083,overpaid
17.54,5.705273037249688,6.995914706842083,overpaid
17.56,5.60898693964209,6.995914706842083,overpaid
17.580000000000002,5.51325559464923,6.995914706842083,overpaid
17.6,5.41811729353274,6.995914706842083,overpaid
17.62,5.323610090344557,6.995914706842083,overpaid
17.64,5.229771786705875,6.995914706842083,overpaid
17.66,5.136639916686988,6.995914706842083,overpaid
17.68,5.044251731794162,6.995914706842083,overpaid
17.7,4.952644186069531,6.995914706842083,overpaid
17.72,4.861853921309965,6.995914706842083,overpaid
17.740000000000002,4.771917252410832,6.995914706842083,overpaid
17.76,4.682870152840582,6.995914706842083,overpaid
17.78,4.59474824025175,6.995914706842083,overpaid
17.8,4.50758676223443,6.995914706842083,overpaid
17.82,4.421420582217687,6.995914706842083,overpaid
17.84,4.336284165524665,6.995914706842083,overpaid
17.86,4.252211565586897,6.995914706842083,overpaid
17.88,4.169236410323418,6.995914706842083,overpaid
17.900000000000002,4.087391888689984,6.995914706842083,overpaid
17.92,4.006710737404044,6.995914706842083,overpaid
17.94,3.9272252278503537,6.995914706842083,overpaid
17.96,3.8489671531729464,6.995914706842083,overpaid
17.98,3.771967815558268,6.995914706842083,overpaid
18.0,3.696258013714713,6.995914706842083,overpaid
18.02,3.6218680305535784,6.995914706842083,overpaid
18.04,3.5488276210762653,6.995914706842083,overpaid
18.06,3.477166000472712,6.995914706842083,overpaid
18.080000000000002,3.4069118324356698,6.995914706842083,overpaid
18.1,3.33809321769567,6.995914706842083,overpaid
18.12,3.270737682781027,6.995914706842083,overpaid
18.14,3.20487216900764,6.995914706842083,overpaid
18.16,3.1405230217028297,6.995914706842083,overpaid
18.18,3.0777159796675377,6.995914706842083,overpaid
18.2,3.016476164881162,6.995914706842083,overpaid
18.22,2.9568280724530958,6.995914706842083,overpaid
18.240000000000002,2.898795560825004,6.995914706842083,overpaid
18.26,2.8424018422278046,6.995914706842083,overpaid
18.28,2.7876694733970186,6.995914706842083,overpaid
18.3,2.7346203465504217,6.995914706842083,overpaid
18.32,2.683275680631441,6.995914706842083,overpaid
18.34,2.633656012821856,6.995914706842083,overpaid
18.36,2.585781190327207,6.995914706842083,overpaid
18.38,2.539670362438166,6.995914706842083,overpaid
18.400000000000002,2.4953419728710777,6.995914706842083,overpaid
18.42,2.452813752390753,6.995914706842083,overpaid
18.44,2.4121027117183367,6.995914706842083,overpaid
18.46,2.3732251347272904,6.995914706842083,overpaid
18.48,2.336196571930053,6.995914706842083,overpaid
18.5,2.3010318342580316,6.995914706842083,overpaid
18.52,2.267744987137439,6.995914706842083,overpaid
18.54,2.2363493448633065,6.995914706842083,overpaid
18.56,2.206857465273943,6.995914706842083,overpaid
18.580000000000002,2.1792811447279536,6.995914706842083,overpaid
18.6,2.1536314133858916,6.995914706842083,overpaid
18.62,2.1299185307982924,6.995914706842083,overpaid
18.64,2.108151981802031,6.995914706842083,overpaid
18.66,2.0883404727264843,6.995914706842083,overpaid
18.68,2.0704919279111316,6.995914706842083,overpaid
18.7,2.0546134865359225,6.995914706842083,overpaid
18.72,2.0407114997657008,6.995914706842083,overpaid
18.740000000000002,2.02879152820981,6.995914706842083,overpaid
18.76,2.0188583396979496,6.995914706842083,overpaid
18.78,2.0109159073730805,6.995914706842083,overpaid
18.8,2.00496740810223,6.995914706842083,overpaid
18.82,2.001015221205801,6.995914706842083,overpaid
18.84,1.9990609275058553,6.995914706842083,overpaid
18.86,1.9991053086938173,6.995914706842083,overpaid
18.88,2.0011483470178,6.995914706842083,overpaid
18.900000000000002,2.005189225289717,6.995914706842083,overpaid
18.92,2.011226327212132,6.995914706842083,overpaid
18.94,2.019257238024778,6.995914706842083,overpaid
18.96,2.0292787454703998,6.995914706842083,overpaid
18.98,2.041286841079641,6.995914706842083,overpaid
19.0,2.055276721774362,6.995914706842083,overpaid
19.02,2.0712427917888174,6.995914706842083,overpaid
19.04,2.089178664907873,6.995914706842083,overpaid
19.06,2.1090771670214323,6.995914706842083,overpaid
19.080000000000002,2.1309303389939576,6.995914706842083,overpaid
19.1,2.154729439848021,6.995914706842083,overpaid
19.12,2.1804649502606086,6.995914706842083,overpaid
19.14,2.20812657637069,6.995914706842083,overpaid
19.16,2.2377032538966333,6.995914706842083,overpaid
19.18,2.2691831525617836,6.995914706842083,overpaid
19.2,2.3025536808263958,6.995914706842083,overpaid
19.22,2.337801490924104,6.995914706842083,overpaid
19.240000000000002,2.374912484200836,6.995914706842083,overpaid
19.26,2.413871816754078,6.995914706842083,overpaid
19.28,2.454663905370264,6.995914706842083,overpaid
19.3,2.497272433757834,6.995914706842083,overpaid
19.32,2.5416803590735437,6.995914706842083,overpaid
19.34,2.587869918739358,6.995914706842083,overpaid
19.36,2.6358226375472675,6.995914706842083,overpaid
19.38,2.6855193350491096,6.995914706842083,overpaid
19.400000000000002,2.736940133228506,6.995914706842083,overpaid
19.42,2.7900644644517687,6.995914706842083,overpaid
19.44,2.8448710796947303,6.995914706842083,overpaid
19.46,2.901338057042043,6.995914706842083,overpaid
19.48,2.959442810455645,6.995914706842083,overpaid
19.5,3.019162098808895,6.995914706842083,overpaid
19.52,3.080472035182698,6.995914706842083,overpaid
19.54,3.1433480964199596,6.995914706842083,overpaid
19.56,3.207765132934517,6.995914706842083,overpaid
19.580000000000002,3.273697378770665,6.995914706842083,overpaid
19.6,3.341118461909126,6.995914706842083,overpaid
19.62,3.4100014148155893,6.995914706842083,overpaid
19.64,3.480318685227326,6.995914706842083,overpaid
19.66,3.5520421471737222,6.995914706842083,overpaid
19.68,3.6251431122262954,6.995914706842083,overpaid
19.7,3.699592340973693,6.995914706842083,overpaid
19.72,3.7753600547170603,6.995914706842083,overpaid
19.740000000000002,3.8524159473811324,6.995914706842083,overpaid
19.76,3.930729197636218,6.995914706842083,overpaid
19.78,4.010268481226392,6.995914706842083,overpaid
19.8,4.091001983498725,6.995914706842083,overpaid
19.82,4.172897412128746,6.995914706842083,overpaid
19.84,4.255922010036919,6.995914706842083,overpaid
19.86,4.34004256849107,6.995914706842083,overpaid
19.88,4.425225440389399,6.995914706842083,overpaid
19.900000000000002,4.511436553718928,6.995914706842083,overpaid
19.92,4.5986414251837555,6.995914706842083,overpaid
19.94,4.68680517399803,6.995914706842083,overpaid
19.96,4.775892535837725,6.995914706842083,overpaid
19.98,4.865867876945924,6.995914706842083,overpaid
20.0,4.956695208385835,6.995914706842083,overpaid
20.02,5.048338200435893,6.995914706842083,overpaid
20.04,5.140760197121175,6.995914706842083,overpaid
20.06,5.233924230875285,6.995914706842083,overpaid
20.080000000000002,5.327793037326899,6.995914706842083,overpaid
20.1,5.422329070204983,6.995914706842083,overpaid
20.12,5.517494516356857,6.995914706842083,overpaid
20.14,5.613251310872915,6.995914706842083,overpaid
20.16,5.7095611523121015,6.995914706842083,overpaid
20.18,5.806385518021944,6.995914706842083,overpaid
20.2,5.903685679547136,6.995914706842083,overpaid
20.22,6.001422718120388,6.995914706842083,overpaid
20.240000000000002,6.099557540229432,6.995914706842083,overpaid
20.26,6.1980508932538285,6.995914706842083,overpaid
20.28,6.296863381165622,6.995914706842083,overpaid
20.3,6.395955480287125,6.995914706842083,overpaid
20.32,6.495287555099901,6.995914706842083,overpaid
20.34,6.594819874098434,6.995914706842083,overpaid
20.36,6.694512625682206,6.995914706842083,overpaid
20.38,6.794325934079799,6.995914706842083,overpaid
20.400000000000002,6.894219875298699,6.995914706842083,overpaid
20.42,6.994154493094287,6.995914706842083,overpaid
20.44,7.094089814951907,6.995914706842083,overpaid
20.46,7.193985868075263,6.995914706842083,overpaid
20.48,7.293802695375042,6.995914706842083,overpaid
20.5,7.393500371451195,6.995914706842083,overpaid
20.52,7.493039018562577,6.995914706842083,overpaid
20.54,7.592378822577501,6.995914706842083,overpaid
20.56,7.691480048898887,6.995914706842083,overpaid
20.580000000000002,7.7903030583575426,6.995914706842083,overpaid
20.6,7.888808323067282,6.995914706842083,overpaid
20.62,7.98695644223562,6.995914706842083,overpaid
20.64,8.084708157923512,6.995914706842083,overpaid
20.66,8.182024370748024,6.995914706842083,overpaid
20.68,8.278866155521559,6.995914706842083,overpaid
20.7,8.375194776821415,6.995914706842083,overpaid
20.72,8.470971704483436,6.995914706842083,overpaid
20.740000000000002,8.56615862901358,6.995914706842083,overpaid
20.76,8.660717476911142,6.995914706842083,overpaid
20.78,8.754610425897754,6.995914706842083,overpaid
20.8,8.847799920045707,6.995914706842083,overpaid
20.82,8.940248684799855,6.995914706842083,overpaid
20.84,9.031919741886924,6.995914706842083,overpaid
20.86,9.122776424106345,6.995914706842083,overpaid
20.88,9.21278238999664,6.995914706842083,overpaid
20.900000000000002,9.301901638371532,6.995914706842083,overpaid
20.92,9.390098522719878,6.995914706842083,overpaid
20.94,9.4773377654639,6.995914706842083,overpaid
20.96,9.563584472069673,6.995914706842083,overpaid
20.98,9.64880414500449,6.995914706842083,overpaid
21.0,9.732962697535434,6.995914706842083,overpaid
21.02,9.816026467363589,6.995914706842083,overpaid
21.04,9.89796223008852,6.995914706842083,overpaid
21.06,9.978737212497606,6.995914706842083,overpaid
21.080000000000002,10.05831910567488,6.995914706842083,overpaid
21.1,10.136676077924122,6.995914706842083,overpaid
21.12,10.213776787501189,6.995914706842083,overpaid
21.14,10.28959039515025,6.995914706842083,overpaid
21.16,10.364086576439076,6.995914706842083,overpaid
21.18,10.437235533888424,6.995914706842083,overpaid
21.2,10.50900800889062,6.995914706842083,overpaid
21.22,10.579375293412614,6.995914706842083,overpaid
21.240000000000002,10.648309241478833,6.995914706842083,overpaid
21.26,10.715782280429126,6.995914706842083,overpaid
21.28,10.781767421947556,6.995914706842083,overpaid
21.3,10.846238272857313,6.995914706842083,overpaid
21.32,10.909169045677624,6.995914706842083,overpaid
21.34,10.970534568938428,6.995914706842083,overpaid
21.36,11.030310297248619,6.995914706842083,overpaid
21.38,11.088472321113873,6.995914706842083,overpaid
21.400000000000002,11.144997376500136,6.995914706842083,overpaid
21.42,11.199862854138887,6.995914706842083,overpaid
21.44,11.253046808570616,6.995914706842083,overpaid
21.46,11.304527966922658,6.995914706842083,overpaid
21.48,11.354285737418081,6.995914706842083,overpaid
21.5,11.402300217612108,6.995914706842083,overpaid
21.52,11.448552202352856,6.995914706842083,overpaid
21.54,11.493023191463104,6.995914706842083,overpaid
21.56,11.535695397140149,6.995914706842083,overpaid
21.580000000000002,11.576551751070689,6.995914706842083,overpaid
21.6,11.615575911257874,6.995914706842083,overpaid
21.62,11.652752268557954,6.995914706842083,overpaid
21.64,11.688065952923688,6.995914706842083,overpaid
21.66,11.721502839352173,6.995914706842083,overpaid
21.68,11.753049553534655,6.995914706842083,overpaid
21.7,11.782693477206076,6.995914706842083,overpaid
21.72,11.810422753192222,6.995914706842083,overpaid
21.740000000000002,11.836226290152412,6.995914706842083,overpaid
21.76,11.860093767015906,6.995914706842083,overpaid
21.78,11.882015637110182,6.995914706842083,overpaid
21.8,11.901983131979499,6.995914706842083,overpaid
21.82,11.919988264892133,6.995914706842083,overpaid
21.84,11.936023834034984,6.995914706842083,overpaid
21.86,11.950083425394203,6.995914706842083,overpaid
21.88,11.962161415320704,6.995914706842083,overpaid
21.900000000000002,11.972252972779552,6.995914706842083,overpaid
21.92,11.98035406128232,6.995914706842083,overpaid
21.94,11.986461440501614,6.995914706842083,overpaid
21.96,11.99057266756718,6.995914706842083,overpaid
21.98,11.99268609804301,6.995914706842083,overpaid
22.0,11.992800886585085,6.995914706842083,overpaid
22.02,11.990916987279528,6.995914706842083,overpaid
22.04,11.987035153660939,6.995914706842083,overpaid
22.06,11.981156938411006,6.995914706842083,overpaid
22.080000000000002,11.973284692737455,6.995914706842083,overpaid
22.1,11.963421565433594,6.995914706842083,overpaid
22.12,11.951571501618838,6.995914706842083,overpaid
22.14,11.937739241160719,6.995914706842083,overpaid
22.16,11.921930316778981,6.995914706842083,overpaid
22.18,11.904151051832606,6.995914706842083,overpaid
22.2,11.884408557790513,6.995914706842083,overpaid
22.22,11.862710731387086,6.995914706842083,overpaid
22.240000000000002,11.839066251463588,6.995914706842083,overpaid
22.26,11.813484575496737,6.995914706842083,overpaid
22.28,11.785975935815834,6.995914706842083,overpaid
22.3,11.756551335509972,6.995914706842083,overpaid
22.32,11.725222544026956,6.995914706842083,overpaid
22.34,11.692002092465655,6.995914706842083,overpaid
22.36,11.656903268563775,6.995914706842083,overpaid
22.38,11.619940111382888,6.995914706842083,overpaid
22.400000000000002,11.581127405693028,6.995914706842083,overpaid
22.42,11.540480676058994,6.995914706842083,overpaid
22.44,11.498016180630673,6.995914706842083,overpaid
22.46,11.453750904640058,6.995914706842083,overpaid
22.48,11.407702553607347,6.995914706842083,overpaid
22.5,11.359889546258984,6.995914706842083,overpaid
22.52,11.310331007160405,6.995914706842083,overpaid
22.54,11.259046759066488,6.995914706842083,overpaid
22.56,11.206057314992682,6.995914706842083,overpaid
22.580000000000002,11.151383870010095,6.995914706842083,overpaid
22.6,11.095048292767762,6.995914706842083,overpaid
22.62,11.037073116745448,6.995914706842083,overpaid
22.64,10.977481531240567,6.995914706842083,overpaid
22.66,10.916297372092775,6.995914706842083,overpaid
22.68,10.853545112149954,6.995914706842083,overpaid
22.7,10.789249851479399,6.995914706842083,overpaid
22.72,10.723437307328116,6.995914706842083,overpaid
22.740000000000002,10.656133803836262,6.995914706842083,overpaid
22.76,10.587366261507896,6.995914706842083,overpaid
22.78,10.517162186443047,6.995914706842083,overpaid
22.8,10.445549659335693,6.995914706842083,overpaid
22.82,10.372557324241866,6.995914706842083,overpaid
22.84,10.298214377122378,6.995914706842083,overpaid
22.86,10.222550554164853,6.995914706842083,overpaid
22.88,10.145596119889635,6.995914706842083,overpaid
22.900000000000002,10.067381855044381,6.995914706842083,overpaid
22.92,9.987939044292208,6.995914706842083,overpaid
22.94,9.90729946369818,6.995914706842083,overpaid
22.96,9.825495368019354,6.995914706842083,overpaid
22.98,9.7425594778033,6.995914706842083,overpaid
23.0,9.658524966300298,6.995914706842083,overpaid
23.02,9.573425446194513,6.995914706842083,overpaid
23.04,9.487294956159339,6.995914706842083,overpaid
23.06,9.400167947242398,6.995914706842083,overpaid
23.080000000000002,9.312079269085562,6.995914706842083,overpaid
23.1,9.22306415598563,6.995914706842083,overpaid
23.12,9.133158212800966,6.995914706842083,overpaid
23.14,9.042397400710124,6.995914706842083,overpaid
23.16,8.950818022827804,6.995914706842083,overpaid
23.18,8.858456709684118,6.995914706842083,overpaid
23.2,8.76535040457286,6.995914706842083,overpaid
23.22,8.67153634877467,6.995914706842083,overpaid
23.240000000000002,8.577052066661015,6.995914706842083,overpaid
23.26,8.481935350685001,6.995914706842083,overpaid
23.28,8.386224246264792,6.995914706842083,overpaid
23.3,8.289957036566026,6.995914706842083,overpaid
23.32,8.19317222718904,6.995914706842083,overpaid
23.34,8.095908530767137,6.995914706842083,overpaid
23.36,7.998204851482052,6.995914706842083,overpaid
23.38,7.900100269502802,6.995914706842083,overpaid
23.400000000000002,7.801634025354117,6.995914706842083,overpaid
23.42,7.702845504220823,6.995914706842083,overpaid
23.44,7.6037742201941985,6.995914706842083,overpaid
23.46,7.5044598004669165,6.995914706842083,overpaid
23.48,7.404941969482698,6.995914706842083,overpaid
23.5,7.305260533047045,6.995914706842083,overpaid
23.52,7.205455362405466,6.995914706842083,overpaid
23.54,7.105566378295505,6.995914706842083,overpaid
23.56,7.00563353497896,6.995914706842083,overpaid
23.580000000000002,6.9056968042607245,6.995914706842083,overpaid
23.6,6.8057961595006535,6.995914706842083,overpaid
23.62,6.705971559624636,6.995914706842083,overpaid
23.64,6.606262933141652,6.995914706842083,overpaid
23.66,6.5067101621728565,6.995914706842083,overpaid
23.68,6.40735306649929,6.995914706842083,overpaid
23.7,6.308231387634477,6.995914706842083,overpaid
23.72,6.209384772928358,6.995914706842083,overpaid
23.740000000000002,6.110852759708862,6.995914706842083,overpaid
23.76,6.0126747594675685,6.995914706842083,overpaid
23.78,5.91489004209553,6.995914706842083,overpaid
23.8,5.817537720175922,6.995914706842083,overpaid
23.82,5.720656733339499,6.995914706842083,overpaid
23.84,5.624285832689262,6.995914706842083,overpaid
23.86,5.528463565300548,6.995914706842083,overpaid
23.88,5.433228258802691,6.995914706842083,overpaid
23.900000000000002,5.338618006048495,6.995914706842083,overpaid
23.92,5.244670649877637,6.995914706842083,overpaid
23.94,5.151423767979956,6.995914706842083,overpaid
23.96,5.058914657864937,6.995914706842083,overpaid
23.98,4.967180321943184,6.995914706842083,overpaid
24.0,4.876257452725959,6.995914706842083,overpaid
24.02,4.786182418148659,6.995914706842083,overpaid
24.04,4.696991247024135,6.995914706842083,overpaid
24.060000000000002,4.608719614631616,6.995914706842083,overpaid
24.080000000000002,4.521402828447156,6.995914706842083,overpaid
24.1,4.435075814021003,6.995914706842083,overpaid
24.12,4.34977310100791,6.995914706842083,overpaid
24.14,4.265528809355736,6.995914706842083,overpaid
24.16,4.1823766356578975,6.995914706842083,overpaid
24.18,4.100349839675189,6.995914706842083,overpaid
24.2,4.019481231032334,6.995914706842083,overpaid
24.22,3.93980315609455,6.995914706842083,overpaid
24.240000000000002,3.861347485029441,6.995914706842083,overpaid
24.26,3.784145599059398,6.995914706842083,overpaid
24.28,3.708228377909453,6.995914706842083,overpaid
24.3,3.6336261874558478,6.995914706842083,overpaid
24.32,3.560368867580081,6.995914706842083,overpaid
24.34,3.4884857202333492,6.995914706842083,overpaid
24.36,3.418005497716166,6.995914706842083,overpaid
24.38,3.348956391177813,6.995914706842083,overpaid
24.400000000000002,3.2813660193402487,6.995914706842083,overpaid
24.42,3.2152614174510443,6.995914706842083,overpaid
24.44,3.150669026469558,6.995914706842083,overpaid
24.46,3.087614682490962,6.995914706842083,overpaid
24.48,3.026123606412135,6.995914706842083,overpaid
24.5,2.9662203938436367,6.995914706842083,overpaid
24.52,2.9079290052717965,6.995914706842083,overpaid
24.54,2.8512727564748346,6.995914706842083,overpaid
24.560000000000002,2.7962743091968534,6.995914706842083,overpaid
24.580000000000002,2.7429556620834816,6.995914706842083,overpaid
24.6,2.6913381418826496,6.995914706842083,overpaid
24.62,2.6414423949142147,6.995914706842083,overpaid
24.64,2.593288378811689,6.995914706842083,overpaid
24.66,2.546895354539478,6.995914706842083,overpaid
24.68,2.502281878688718,6.995914706842083,overpaid
24.7,2.459465796054916,6.995914706842083,overpaid
24.72,2.4184642325002503,6.995914706842083,overpaid
24.740000000000002,2.379293588103451,6.995914706842083,overpaid
24.76,2.3419695306000285,6.995914706842083,overpaid
24.78,2.3065069891153307,6.995914706842083,overpaid
24.8,2.272920148193119,6.995914706842083,overpaid
24.82,2.241222442121945,6.995914706842083,overpaid
24.84,2.2114265495616063,6.995914706842083,overpaid
24.86,2.1835443884718586,6.995914706842083,overpaid
24.88,2.157587111345375,6.995914706842083,overpaid
24.900000000000002,2.1335651007469103,6.995914706842083,overpaid
24.92,2.1114879651604266,6.995914706842083,overpaid
24.94,2.091364535145793,6.995914706842083,overpaid
24.96,2.0732028598067043,6.995914706842083,overpaid
24.98,2.057010203571153,6.995914706842083,overpaid
25.0,2.0427930432857213,6.995914706842083,overpaid
25.02,2.0305570656249756,6.995914706842083,overpaid
25.04,2.0203071648168276,6.995914706842083,overpaid
25.060000000000002,2.01204744068494,6.995914706842083,overpaid
25.080000000000002,2.00578119700884,6.995914706842083,overpaid
25.1,2.001510940202447,6.995914706842083,overpaid
25.12,1.9992383783115457,6.995914706842083,overpaid
25.14,1.9989644203305978,6.995914706842083,overpaid
25.16,2.0006891758391347,6.995914706842083,overpaid
25.18,2.0044119549579555,6.995914706842083,overpaid
25.2,2.010131268625047,6.995914706842083,overpaid
25.22,2.0178448291911977,6.995914706842083,overpaid
25.240000000000002,2.0275495513350315,6.995914706842083,overpaid
25.26,2.0392415532970833,6.995914706842083,overpaid
25.28,2.0529161584324562,6.995914706842083,overpaid
25.3,2.0685678970814223,6.995914706842083,overpaid
25.32,2.0861905087572126,6.995914706842083,overpaid
25.34,2.105776944650124,6.995914706842083,overpaid
25.36,2.1273193704469406,6.995914706842083,overpaid
25.38,2.1508091694645763,6.995914706842083,overpaid
25.400000000000002,2.1762369460966244,6.995914706842083,overpaid
25.42,2.2035925295714502,6.995914706842083,overpaid
25.44,2.232864978020409,6.995914706842083,overpaid
25.46,2.2640425828544117,6.995914706842083,overpaid
25.48,2.297112873447226,6.995914706842083,overpaid
25.5,2.332062622123537,6.995914706842083,overpaid
25.52,2.3688778494498735,6.995914706842083,overpaid
25.54,2.4075438298261673,6.995914706842083,overpaid
25.560000000000002,2.4480450973758074,6.995914706842083,overpaid
25.580000000000002,2.4903654521317726,6.995914706842083,overpaid
25.6,2.534487966516437,6.995914706842083,overpaid
25.62,2.580394992112332,6.995914706842083,overpaid
25.64,2.6280681667213095,6.995914706842083,overpaid
25.66,2.677488421709157,6.995914706842083,overpaid
25.68,2.72863598963281,6.995914706842083,overpaid
25.7,2.7814904121470505,6.995914706842083,overpaid
25.72,2.8360305481875994,6.995914706842083,overpaid
25.740000000000002,2.8922345824272355,6.995914706842083,overpaid
25.76,2.9500800340016244,6.995914706842083,overpaid
25.78,3.0095437655014052,6.995914706842083,overpaid
25.8,3.070601992226818,6.995914706842083,overpaid
25.82,3.1332302917012704,6.995914706842083,overpaid
25.84,3.1974036134400077,6.995914706842083,overpaid
25.86,3.263096288969969,6.995914706842083,overpaid
25.88,3.330282042096826,6.995914706842083,overpaid
25.900000000000002,3.398933999415144,6.995914706842083,overpaid
25.92,3.4690247010573216,6.995914706842083,overpaid
25.94,3.540526111677236,6.995914706842083,overpaid
25.96,3.6134096316639823,6.995914706842083,overpaid
25.98,3.687646108581337,6.995914706842083,overpaid
26.0,3.7632058488283313,6.995914706842083,overpaid
26.02,3.8400586295163244,6.995914706842083,overpaid
26.04,3.918173710557726,6.995914706842083,overpaid
26.060000000000002,3.997519846961655,6.995914706842083,overpaid
26.080000000000002,4.078065301331462,6.995914706842083,overpaid
26.1,4.159777856559328,6.995914706842083,overpaid
26.12,4.242624828712657,6.995914706842083,overpaid
26.14,4.3265730801071935,6.995914706842083,overpaid
26.16,4.411589032561675,6.995914706842083,overpaid
26.18,4.497638680828656,6.995914706842083,overpaid
26.2,4.584687606196136,6.995914706842083,overpaid
26.22,4.672700990254613,6.995914706842083,overpaid
26.240000000000002,4.761643628823968,6.995914706842083,overpaid
26.26,4.85147994603463,6.995914706842083,overpaid
26.28,4.942174008557531,6.995914706842083,overpaid
26.3,5.033689539976907,6.995914706842083,overpaid
26.32,5.125989935300373,6.995914706842083,overpaid
26.34,5.219038275600456,6.995914706842083,overpaid
26.36,5.312797342781666,6.995914706842083,overpaid
26.38,5.407229634467237,6.995914706842083,overpaid
26.400000000000002,5.5022973789995895,6.995914706842083,overpaid
26.42,5.597962550548427,6.995914706842083,overpaid
26.44,5.694186884320672,6.995914706842083,overpaid
26.46,5.790931891865782,6.995914706842083,overpaid
26.48,5.888158876470664,6.995914706842083,overpaid
26.5,5.985828948637808,6.995914706842083,overpaid
26.52,6.083903041640607,6.995914706842083,overpaid
26.54,6.182341927149492,6.995914706842083,overpaid
26.560000000000002,6.281106230922779,6.995914706842083,overpaid
26.580000000000002,6.380156448555768,6.995914706842083,overpaid
26.6,6.479452961282066,6.995914706842083,overpaid
26.62,6.578956051820523,6.995914706842083,overpaid
26.64,6.678625920261615,6.995914706842083,overpaid
26.66,6.77842269998688,6.995914706842083,overpaid
26.68,6.87830647361503,6.995914706842083,overpaid
26.7,6.978237288968382,6.995914706842083,overpaid
26.72,7.078175175053191,6.995914706842083,overpaid
26.740000000000002,7.178080158047521,6.995914706842083,overpaid
26.76,7.277912277290193,6.995914706842083,overpaid
26.78,7.3776316012646035,6.995914706842083,overpaid
26.8,7.477198243570735,6.995914706842083,overpaid
26.82,7.576572378879202,6.995914706842083,overpaid
26.84,7.675714258860859,6.995914706842083,overpaid
26.86,7.774584228085578,6.995914706842083,overpaid
26.88,7.873142739883919,6.995914706842083,overpaid
26.900000000000002,7.971350372165281,6.995914706842083,overpaid
26.92,8.06916784318613,6.995914706842083,overpaid
26.94,8.166556027262297,6.995914706842083,overpaid
26.96,8.263475970418632,6.995914706842083,overpaid
26.98,8.359888905970134,6.995914706842083,overpaid
27.0,8.455756270028063,6.995914706842083,overpaid
27.02,8.551039716925011,6.995914706842083,overpaid
27.04,8.645701134552649,6.995914706842083,overpaid
27.060000000000002,8.739702659606081,6.995914706842083,overpaid
27.080000000000002,8.833006692728585,6.995914706842083,overpaid
27.1,8.925575913550967,6.995914706842083,overpaid
27.12,9.01737329561914,6.995914706842083,overpaid
27.14,9.108362121204225,6.995914706842083,overpaid
27.16,9.198505995989155,6.995914706842083,overpaid
27.18,9.287768863625917,6.995914706842083,overpaid
27.2,9.376115020157613,6.995914706842083,overpaid
27.22,9.463509128299563,6.995914706842083,overpaid
27.240000000000002,9.549916231573768,6.995914706842083,overpaid
27.26,9.635301768290965,6.995914706842083,overpaid
27.28,9.719631585374938,6.995914706842083,overpaid
27.3,9.802871952023239,6.995914706842083,overpaid
27.32,9.88498957319907,6.995914706842083,overpaid
27.34,9.965951602948836,6.995914706842083,overpaid
27.36,10.045725657540128,6.995914706842083,overpaid
27.38,10.124279828414746,6.995914706842083,overpaid
27.400000000000002,10.201582694951723,6.995914706842083,overpaid
27.42,10.277603337035115,6.995914706842083,overpaid
27.44,10.352311347421692,6.995914706842083,overpaid
27.46,10.425676843903396,6.995914706842083,overpaid
27.48,10.49767048125983,6.995914706842083,overpaid
27.5,10.56826346299595,6.995914706842083,overpaid
27.52,10.637427552860293,6.995914706842083,overpaid
27.54,10.705135086139084,6.995914706842083,overpaid
27.560000000000002,10.771358980721779,6.995914706842083,overpaid
27.580000000000002,10.836072747933496,6.995914706842083,overpaid
27.6,10.899250503130204,6.995914706842083,overpaid
27.62,10.960866976052179,6.995914706842083,overpaid
27.64,11.020897520931793,6.995914706842083,overpaid
27.66,11.079318126351495,6.995914706842083,overpaid
27.68,11.136105424848047,6.995914706842083,overpaid
27.7,11.191236702259204,6.995914706842083,overpaid
27.72,11.244689906809072,6.995914706842083,overpaid
27.740000000000002,11.296443657928545,6.995914706842083,overpaid
27.76,11.346477254807196,6.995914706842083,overpaid
27.78,11.394770684673388,6.995914706842083,overpaid
27.8,11.441304630799078,6.995914706842083,overpaid
27.82,11.48606048022626,6.995914706842083,overpaid
27.84,11.5290203312119,6.995914706842083,overpaid
27.86,11.570167000388397,6.995914706842083,overpaid
27.88,11.609484029636691,6.995914706842083,overpaid
27.900000000000002,11.646955692669312,6.995914706842083,overpaid
27.92,11.682567001320649,6.995914706842083,overpaid
27.94,11.716303711542059,6.995914706842083,overpaid
27.96,11.74815232909927,6.995914706842083,overpaid
27.98,11.778100114969899,6.995914706842083,overpaid
28.0,11.806135090438902,6.995914706842083,overpaid
28.02,11.832246041889881,6.995914706842083,overpaid
28.04,11.856422525290398,6.995914706842083,overpaid
28.060000000000002,11.878654870369449,6.995914706842083,overpaid
28.080000000000002,11.89893418448542,6.995914706842083,overpaid
28.1,11.917252356183049,6.995914706842083,overpaid
28.12,11.933602058437907,6.995914706842083,overpaid
28.14,11.947976751587081,6.995914706842083,overpaid
28.16,11.96037068594497,6.995914706842083,overpaid
28.18,11.970778904103081,6.995914706842083,overpaid
28.2,11.979197242912926,6.995914706842083,overpaid
28.22,11.985622335151223,6.995914706842083,overpaid
28.240000000000002,11.990051610866749,6.995914706842083,overpaid
28.26,11.992483298408262,6.995914706842083,overpaid
28.28,11.992916425133178,6.995914706842083,overpaid
28.3,11.991350817796583,6.995914706842083,overpaid
28.32,11.987787102620528,6.995914706842083,overpaid
28.34,11.982226705043573,6.995914706842083,overpaid
28.36,11.97467184915061,6.995914706842083,overpaid
28.38,11.96512555678327,6.995914706842083,overpaid
28.400000000000002,11.953591646331212,6.995914706842083,overpaid
28.42,11.940074731204842,6.995914706842083,overpaid
28.44,11.924580217989973,6.995914706842083,overpaid
28.46,11.907114304285317,6.995914706842083,overpaid
28.48,11.887683976223467,6.995914706842083,overpaid
28.5,11.86629700567659,6.995914706842083,overpaid
28.52,11.842961947147739,6.995914706842083,overpaid
28.54,11.817688134349202,6.995914706842083,overpaid
28.560000000000002,11.790485676469114,6.995914706842083,overpaid
28.580000000000002,11.761365454127937,6.995914706842083,overpaid
28.6,11.730339115026347,6.995914706842083,overpaid
28.62,11.697419069286296,6.995914706842083,overpaid
28.64,11.662618484487158,6.995914706842083,overpaid
28.66,11.62595128039885,6.995914706842083,overpaid
28.68,11.587432123414118,6.995914706842083,overpaid
28.7,11.54707642068217,6.995914706842083,overpaid
28.72,11.504900313946036,6.995914706842083,overpaid
28.740000000000002,11.46092067308606,6.995914706842083,overpaid
28.76,11.415155089372211,6.995914706842083,overpaid
28.78,11.36762186842777,6.995914706842083,overpaid
28.8,11.318340022907345,6.995914706842083,overpaid
28.82,11.267329264892064,6.995914706842083,overpaid
28.84,11.214609998004999,6.995914706842083,overpaid
28.86,11.16020330924999,6.995914706842083,overpaid
28.88,11.104130960577123,6.995914706842083,overpaid
28.900000000000002,11.04641538017824,6.995914706842083,overpaid
28.92,10.987079653515988,6.995914706842083,overpaid
28.94,10.926147514089887,6.995914706842083,overpaid
28.96,10.863643333943298,6.995914706842083,overpaid
28.98,10.79959211391489,6.995914706842083,overpaid
29.0,10.734019473638678,6.995914706842083,overpaid
29.02,10.666951641296484,6.995914706842083,overpaid
29.04,10.598415443127006,6.995914706842083,overpaid
29.060000000000002,10.528438292695713,6.995914706842083,overpaid
29.080000000000002,10.457048179929773,6.995914706842083,overpaid
29.1,10.384273659922428,6.995914706842083,overpaid
29.12,10.31014384151137,6.995914706842083,overpaid
29.14,10.234688375635576,6.995914706842083,overpaid
29.16,10.157937443475337,6.995914706842083,overpaid
29.18,10.079921744380187,6.995914706842083,overpaid
29.2,10.000672483589568,6.995914706842083,overpaid
29.22,9.920221359751151,6.995914706842083,overpaid
29.240000000000002,9.838600552241791,6.995914706842083,overpaid
29.26,9.75584270829626,6.995914706842083,overpaid
29.28,9.671980929948695,6.995914706842083,overpaid
29.3,9.5870487607923,6.995914706842083,overpaid
29.32,9.501080172562315,6.995914706842083,overpaid
29.34,9.4141095515478,6.995914706842083,overpaid
29.36,9.326171684837572,6.995914706842083,overpaid
29.38,9.237301746405828,6.995914706842083,overpaid
29.400000000000002,9.147535283043002,6.995914706842083,overpaid
29.42,9.056908200137604,6.995914706842083,overpaid
29.44,8.965456747314432,6.995914706842083,overpaid
29.46,8.873217503935285,6.995914706842083,overpaid
29.48,8.78022736446767,6.995914706842083,overpaid
29.5,8.686523523727521,6.995914706842083,overpaid
29.52,8.592143462001772,6.995914706842083,overpaid
29.54,8.497124930056723,6.995914706842083,overpaid
29.560000000000002,8.401505934038239,6.995914706842083,overpaid
29.580000000000002,8.305324720269862,6.995914706842083,overpaid
29.6,8.208619759954683,6.995914706842083,overpaid
29.62,8.111429733787439,6.995914706842083,overpaid
29.64,8.013793516482757,6.995914706842083,overpaid
29.66,7.9157501612257555,6.995914706842083,overpaid
29.68,7.8173388840513045,6.995914706842083,overpaid
29.7,7.718599048158151,6.995914706842083,overpaid
29.72,7.619570148164133,6.995914706842083,overpaid
29.740000000000002,7.5202917943088625,6.995914706842083,overpaid
29.76,7.420803696610227,6.995914706842083,overpaid
29.78,7.321145648980792,6.995914706842083,overpaid
29.8,7.221357513310856,6.995914706842083,overpaid
29.82,7.121479203524197,6.995914706842083,overpaid
29.84,7.021550669613038,6.995914706842083,overpaid
29.86,6.921611881658578,6.995914706842083,overpaid
29.88,6.821702813843498,6.995914706842083,overpaid
29.900000000000002,6.721863428462807,6.995914706842083,overpaid
29.92,6.62213365993952,6.995914706842083,overpaid
29.94,6.522553398851311,6.995914706842083,overpaid
29.96,6.423162475974898,6.995914706842083,overpaid
29.98,6.3240006463542375,6.995914706842083,overpaid
30.0,6.225107573399036,6.995914706842083,overpaid
30.02,6.126522813019921,6.995914706842083,overpaid
30.04,6.028285797806598,6.995914706842083,overpaid
30.060000000000002,5.930435821255328,6.995914706842083,overpaid
30.080000000000002,5.833012022052108,6.995914706842083,overpaid
30.1,5.7360533684176485,6.995914706842083,overpaid
30.12,5.639598642520626,6.995914706842083,overpaid
30.14,5.543686424965362,6.995914706842083,overpaid
30.16,5.448355079360059,6.995914706842083,overpaid
30.18,5.353642736971901,6.995914706842083,overpaid
30.2,5.259587281475021,6.995914706842083,overpaid
30.22,5.166226333797566,6.995914706842083,overpaid
30.240000000000002,5.073597237073791,6.995914706842083,overpaid
30.26,4.981737041707381,6.995914706842083,overpaid
30.28,4.890682490551681,6.995914706842083,overpaid
30.3,4.800470004213109,6.995914706842083,overpaid
30.32,4.7111356664833846,6.995914706842083,overpaid
30.34,4.622715209906488,6.995914706842083,overpaid
30.36,4.535244001486127,6.995914706842083,overpaid
30.38,4.448757028539401,6.995914706842083,overpaid
30.400000000000002,4.363288884702335,6.995914706842083,overpaid
30.42,4.278873756092928,6.995914706842083,overpaid
30.44,4.195545407637093,6.995914706842083,overpaid
30.46,4.113337169563181,6.995914706842083,overpaid
30.48,4.032281924070324,6.995914706842083,overpaid
30.5,3.9524120921759973,6.995914706842083,overpaid
30.52,3.873759620748043,6.995914706842083,overpaid
30.54,3.7963559697263527,6.995914706842083,overpaid
30.560000000000002,3.7202320995392775,6.995914706842083,overpaid
30.580000000000002,3.6454184587199467,6.995914706842083,overpaid
30.6,3.5719449717271843,6.995914706842083,overpaid
30.62,3.499841026976142,6.995914706842083,overpaid
30.64,3.429135465083352,6.995914706842083,overpaid
30.66,3.3598565673308443,6.995914706842083,overpaid
30.68,3.2920320443540128,6.995914706842083,overpaid
30.7,3.225689025057733,6.995914706842083,overpaid
30.72,3.1608540457651593,6.995914706842083,overpaid
30.740000000000002,3.097553039603545,6.995914706842083,overpaid
30.76,3.035811326131377,6.995914706842083,overpaid
30.78,2.9756536012108192,6.995914706842083,overpaid
30.8,2.9171039271297445,6.995914706842083,overpaid
30.82,2.860185722977139,6.995914706842083,overpaid
30.84,2.8049217552757586,6.995914706842083,overpaid
30.86,2.7513341288758433,6.995914706842083,overpaid
30.88,2.6994442781134627,6.995914706842083,overpaid
30.900000000000002,2.6492729582370593,6.995914706842083,overpaid
30.92,2.6008402371056505,6.995914706842083,overpaid
30.94,2.5541654871619297,6.995914706842083,overpaid
30.96,2.509267377683546,6.995914706842083,overpaid
30.98,2.4661638673156556,6.995914706842083,overpaid
31.0,2.4248721968877085,6.995914706842083,overpaid
31.02,2.385408882517318,6.995914706842083,overpaid
31.04,2.3477897090040685,6.995914706842083,overpaid
31.060000000000002,2.3120297235157725,6.995914706842083,overpaid
31.080000000000002,2.278143229569846,6.995914706842083,overpaid
31.1,2.2461437813120497,6.995914706842083,overpaid
31.12,2.2160441780950304,6.995914706842083,overpaid
31.14,2.18785645935875,6.995914706842083,overpaid
31.16,2.161591899814878,6.995914706842083,overpaid
31.18,2.1372610049370326,6.995914706842083,overpaid
31.2,2.1148735067587694,6.995914706842083,overpaid
31.220000000000002,2.0944383599808543,6.995914706842083,overpaid
31.240000000000002,2.0759637383895377,6.995914706842083,overpaid
31.26,2.059457031587133,6.995914706842083,overpaid
31.28,2.04492484203627,6.995914706842083,overpaid
31.3,2.0323729824190107,6.995914706842083,overpaid
31.32,2.0218064733118517,6.995914706842083,overpaid
31.34,2.013229541177541,6.995914706842083,overpaid
31.36,2.0066456166745787,6.995914706842083,overpaid
31.38,2.0020573332849843,6.995914706842083,overpaid
31.400000000000002,1.9994665262609388,6.995914706842083,overpaid
31.42,1.9988742318907011,6.995914706842083,overpaid
31.44,2.0002806870841265,6.995914706842083,overpaid
31.46,2.003685329277891,6.995914706842083,overpaid
31.48,2.009086796660508,6.995914706842083,overpaid
31.5,2.0164829287170463,6.995914706842083,overpaid
31.52,2.025870767093295,6.995914706842083,overpaid
31.54,2.0372465567790776,6.995914706842083,overpaid
31.560000000000002,2.0506057476101898,6.995914706842083,overpaid
31.580000000000002,2.065942996088422,6.995914706842083,overpaid
31.6,2.083252167518875,6.995914706842083,overpaid
31.62,2.102526338463763,6.995914706842083,overpaid
31.64,2.1237577995116936,6.995914706842083,overpaid
31.66,2.1469380583613322,6.995914706842083,overpaid
31.68,2.1720578432182,6.995914706842083,overpaid
31.7,2.199107106503286,6.995914706842083,overpaid
31.720000000000002,2.2280750288719293,6.995914706842083,overpaid
31.740000000000002,2.2589500235414093,6.995914706842083,overpaid
31.76,2.2917197409255188,6.995914706842083,overpaid
31.78,2.3263710735742364,6.995914706842083,overpaid
31.8,2.362890161416505,6.995914706842083,overpaid
31.82,2.4012623973041123,6.995914706842083,overpaid
31.84,2.441472432854315,6.995914706842083,overpaid
31.86,2.4835041845890267,6.995914706842083,overpaid
31.88,2.5273408403679696,6.995914706842083,overpaid
31.900000000000002,2.5729648661133204,6.995914706842083,overpaid
31.92,2.6203580128230755,6.995914706842083,overpaid
31.94,2.6695013238704597,6.995914706842083,overpaid
31.96,2.720375142586292,6.995914706842083,overpaid
31.98,2.7729591201213886,6.995914706842083,overpaid
32.0,2.8272322235858542,6.995914706842083,overpaid
32.02,2.8831727444619375,6.995914706842083,overpaid
32.04,2.9407583072871226,6.995914706842083,overpaid
32.06,2.9999658786041223,6.995914706842083,overpaid
32.08,3.0607717761737874,6.995914706842083,overpaid
32.1,3.1231516784478686,6.995914706842083,overpaid
32.12,3.187080634297132,6.995914706842083,overpaid
32.14,3.2525330729916604,6.995914706842083,overpaid
32.160000000000004,3.319482814428639,6.995914706842083,overpaid
32.18,3.387903079604122,6.995914706842083,overpaid
32.2,3.4577665013243433,6.995914706842083,overpaid
32.22,3.5290451351520673,6.995914706842083,overpaid
32.24,3.601710470584182,6.995914706842083,overpaid
32.26,3.675733442455318,6.995914706842083,overpaid
32.28,3.7510844425637444,6.995914706842083,overpaid
32.3,3.827733331514027,6.995914706842083,overpaid
32.32,3.9056494507726143,6.995914706842083,overpaid
32.34,3.9848016349306405,6.995914706842083,overpaid
32.36,4.065158224169766,6.995914706842083,overpaid
32.38,4.146687076925755,6.995914706842083,overpaid
32.4,4.2293555827444855,6.995914706842083,overpaid
32.42,4.313130675325926,6.995914706842083,overpaid
32.44,4.397978845749961,6.995914706842083,overpaid
32.46,4.483866155879783,6.995914706842083,overpaid
32.480000000000004,4.570758251936455,6.995914706842083,overpaid
32.5,4.658620378240071,6.995914706842083,overpaid
32.52,4.74741739111165,6.995914706842083,overpaid
32.54,4.837113772929927,6.995914706842083,overpaid
32.56,4.927673646338167,6.995914706842083,overpaid
32.58,5.019060788594402,6.995914706842083,overpaid
32.6,5.1112386460602615,6.995914706842083,overpaid
32.62,5.204170348821727,6.995914706842083,overpaid
32.64,5.297818725436825,6.995914706842083,overpaid
32.660000000000004,5.392146317803508,6.995914706842083,overpaid
32.68,5.487115396142482,6.995914706842083,overpaid
32.7,5.58268797408871,6.995914706842083,overpaid
32.72,5.678825823885234,6.995914706842083,overpaid
32.74,5.7754904916740255,6.995914706842083,overpaid
32.76,5.872643312876743,6.995914706842083,overpaid
32.78,5.970245427660327,6.995914706842083,overpaid
32.8,6.068257796480147,6.995914706842083,overpaid
32.82,6.166641215695545,6.995914706842083,overpaid
32.84,6.265356333250576,6.995914706842083,overpaid
32.86,6.364363664414357,6.995914706842083,overpaid
32.88,6.463623607574576,6.995914706842083,overpaid
32.9,6.563096460077345,6.995914706842083,overpaid
32.92,6.662742434108026,6.995914706842083,overpaid
32.94,6.762521672605526,6.995914706842083,overpaid
32.96,6.8623942652048875,6.995914706842083,overpaid
32.980000000000004,6.962320264200658,6.995914706842083,overpaid
33.0,7.062259700525528,6.995914706842083,overpaid
33.02,7.16217259973755,6.995914706842083,overpaid
33.04,7.262018998009122,6.995914706842083,overpaid
33.06,7.36175895811227,6.995914706842083,overpaid
33.08,7.461352585392731,6.995914706842083,overpaid
33.1,7.5607600437275675,6.995914706842083,overpaid
33.12,7.659941571458782,6.995914706842083,overpaid
33.14,7.758857497297761,6.995914706842083,overpaid
33.160000000000004,7.857468256192989,6.995914706842083,overpaid
33.18,7.955734405155674,6.995914706842083,overpaid
33.2,8.05361663903649,6.995914706842083,overpaid
33.22,8.151075806246896,6.995914706842083,overpaid
33.24,8.248072924419523,6.995914706842083,overpaid
33.26,8.3445691960003,6.995914706842083,overpaid
33.28,8.44052602376727,6.995914706842083,overpaid
33.3,8.535905026268665,6.995914706842083,overpaid
33.32,8.63066805317525,6.995914706842083,overpaid
33.34,8.724777200539728,6.995914706842083,overpaid
33.36,8.818194825957882,6.995914706842083,overpaid
33.38,8.910883563625166,6.995914706842083,overpaid
33.4,9.002806339282284,6.995914706842083,overpaid
33.42,9.093926385044657,6.995914706842083,overpaid
33.44,9.184207254108829,6.995914706842083,overpaid
33.46,9.273612835330976,6.995914706842083,overpaid
33.480000000000004,9.362107367670628,6.995914706842083,overpaid
33.5,9.449655454494733,6.995914706842083,overpaid
33.52,9.536222077735916,6.995914706842083,overpaid
33.54,9.621772611899024,6.995914706842083,overpaid
33.56,9.70627283791111,6.995914706842083,overpaid
33.58,9.789688956808364,6.995914706842083,overpaid
33.6,9.87198760325549,6.995914706842083,overpaid
33.62,9.953135858891148,6.995914706842083,overpaid
33.64,10.033101265495105,6.995914706842083,overpaid
33.660000000000004,10.111851837970883,6.995914706842083,overpaid
33.68,10.189356077139454,6.995914706842083,overpaid
33.7,10.265582982338582,6.995914706842083,overpaid
33.72,10.340502063822484,6.995914706842083,overpaid
33.74,10.414083354957524,6.995914706842083,overpaid
33.76,10.486297424208264,6.995914706842083,overpaid
33.78,10.5571153869099,6.995914706842083,overpaid
33.8,10.626508916821528,6.995914706842083,overpaid
33.82,10.694450257456463,6.995914706842083,overpaid
33.84,10.760912233184303,6.995914706842083,overpaid
33.86,10.825868260100881,6.995914706842083,overpaid
33.88,10.889292356661542,6.995914706842083,overpaid
33.9,10.951159154073267,6.995914706842083,overpaid
33.92,11.011443906442011,6.995914706842083,overpaid
33.94,11.070122500670566,6.995914706842083,overpaid
33.96,11.127171466103658,6.995914706842083,overpaid
33.980000000000004,11.182567983915732,6.995914706842083,overpaid
34.0,11.236289896238262,6.995914706842083,overpaid
34.02,11.288315715022627,6.995914706842083,overpaid
34.04,11.338624630634955,6.995914706842083,overpaid
34.06,11.387196520179815,6.995914706842083,overpaid
34.08,11.434011955548964,6.995914706842083,overpaid
34.1,11.479052211192483,6.995914706842083,overpaid
34.12,11.52229927160862,6.995914706842083,overpaid
34.14,11.563735838549855,6.995914706842083,overpaid
34.160000000000004,11.603345337941875,6.995914706842083,overpaid
34.18,11.64111192651303,6.995914706842083,overpaid
34.2,11.67702049813147,6.995914706842083,overpaid
34.22,11.71105668984729,6.995914706842083,overpaid
34.24,11.743206887637644,6.995914706842083,overpaid
34.26,11.773458231852054,6.995914706842083,overpaid
34.28,11.801798622356202,6.995914706842083,overpaid
34.300000000000004,11.828216723371737,6.995914706842083,overpaid
34.32,11.85270196801049,6.995914706842083,overpaid
34.34,11.875244562501083,6.995914706842083,overpaid
34.36,11.895835490106268,6.995914706842083,overpaid
34.38,11.914466514729561,6.995914706842083,overpaid
34.4,11.931130184209511,6.995914706842083,overpaid
34.42,11.945819833300513,6.995914706842083,overpaid
34.44,11.95852958633878,6.995914706842083,overpaid
34.46,11.96925435959257,6.995914706842083,overpaid
34.480000000000004,11.977989863295575,6.995914706842083,overpaid
34.5,11.984732603362774,6.995914706842083,overpaid
34.52,11.989479882788054,6.995914706842083,overpaid
34.54,11.992229802722935,6.995914706842083,overpaid
34.56,11.99298126323611,6.995914706842083,overpaid
34.58,11.991733963753394,6.995914706842083,overpaid
34.6,11.988488403177948,6.995914706842083,overpaid
34.62,11.983245879690735,6.995914706842083,overpaid
34.64,11.976008490231237,6.995914706842083,overpaid
34.660000000000004,11.96677912965875,6.995914706842083,overpaid
34.68,11.955561489594446,6.995914706842083,overpaid
34.7,11.942360056944782,6.995914706842083,overpaid
34.72,11.927180112106806,6.995914706842083,overpaid
34.74,11.910027726856049,6.995914706842083,overpaid
34.76,11.890909761917927,6.995914706842083,overpaid
34.78,11.869833864223494,6.995914706842083,overpaid
34.800000000000004,11.84680846385083,6.995914706842083,overpaid
34.82,11.821842770653095,6.995914706842083,overpaid
34.84,11.794946770574676,6.995914706842083,overpaid
34.86,11.766131221657014,6.995914706842083,overpaid
34.88,11.735407649735457,6.995914706842083,overpaid
34.9,11.702788343829148,6.995914706842083,overpaid
34.92,11.668286351225513,6.995914706842083,overpaid
34.94,11.631915472261591,6.995914706842083,overpaid
34.96,11.593690254804011,6.995914706842083,overpaid
34.980000000000004,11.5536259884301,6.995914706842083,overpaid
35.0,11.511738698312243,6.995914706842083,overpaid
35.02,11.468045138807966,6.995914706842083,overpaid
35.04,11.422562786758531,6.995914706842083,overpaid
35.06,11.3753098344983,6.995914706842083,overpaid
35.08,11.32630518257818,6.995914706842083,overpaid
35.1,11.275568432205516,6.995914706842083,overpaid
35.12,11.223119877404017,6.995914706842083,overpaid
35.14,11.168980496896255,6.995914706842083,overpaid
35.160000000000004,11.113171945712606,6.995914706842083,overpaid
35.18,11.055716546529462,6.995914706842083,overpaid
35.2,10.99663728074039,6.995914706842083,overpaid
35.22,10.935957779264042,6.995914706842083,overpaid
35.24,10.873702313091906,6.995914706842083,overpaid
35.26,10.809895783580439,6.995914706842083,overpaid
35.28,10.744563712490656,6.995914706842083,overpaid
35.300000000000004,10.677732231779935,6.995914706842083,overpaid
35.32,10.609428073149507,6.995914706842083,overpaid
35.34,10.539678557352069,6.995914706842083,overpaid
35.36,10.468511583264004,6.995914706842083,overpaid
35.38,10.395955616726024,6.995914706842083,overpaid
35.4,10.322039679157385,6.995914706842083,overpaid
35.42,10.246793335947538,6.995914706842083,overpaid
35.44,10.170246684630547,6.995914706842083,overpaid
35.46,10.092430342846272,6.995914706842083,overpaid
35.480000000000004,10.013375436093924,6.995914706842083,overpaid
35.5,9.933113585282175,6.995914706842083,overpaid
35.52,9.85167689408115,6.995914706842083,overpaid
35.54,9.76909793608158,6.995914706842083,overpaid
35.56,9.685409741765568,6.995914706842083,overpaid
35.58,9.600645785295077,6.995914706842083,overpaid
35.6,9.514839971122452,6.995914706842083,overpaid
35.62,9.428026620429375,6.995914706842083,overpaid
35.64,9.340240457398552,6.995914706842083,overpaid
35.660000000000004,9.251516595324771,6.995914706842083,overpaid
35.68,9.161890522569918,6.995914706842083,overpaid
35.7,9.071398088368035,6.995914706842083,overpaid
35.72,8.980075488486312,6.995914706842083,overpaid
35.74,8.887959250747029,6.995914706842083,overpaid
35.76,8.795086220417138,6.995914706842083,overpaid
35.78,8.701493545470418,6.995914706842083,overpaid
35.800000000000004,8.607218661728993,6.995914706842083,overpaid
35.82,8.512299277889417,6.995914706842083,overpaid
35.84,8.416773360439576,6.995914706842083,overpaid
35.86,8.320679118472862,6.995914706842083,overpaid
35.88,8.22405498840475,6.995914706842083,overpaid
35.9,8.126939618599035,6.995914706842083,overpaid
35.92,8.02937185390871,6.995914706842083,overpaid
35.94,7.931390720138841,6.995914706842083,overpaid
35.96,7.833035408436466,6.995914706842083,overpaid
35.980000000000004,7.734345259614912,6.995914706842083,overpaid
36.0,7.635359748417894,6.995914706842083,overpaid
36.02,7.536118467730029,6.995914706842083,overpaid
36.04,7.4366611127404685,6.995914706842083,overpaid
36.06,7.33702746506505,6.995914706842083,overpaid
36.08,7.2372573768344886,6.995914706842083,overpaid
36.1,7.1373907547537545,6.995914706842083,overpaid
36.12,7.0374675441402115,6.995914706842083,overpaid
36.14,6.93752771294575,6.995914706842083,overpaid
36.160000000000004,6.837611235770359,6.995914706842083,overpaid
36.18,6.737758077872748,6.995914706842083,overpaid
36.2,6.638008179184645,6.995914706842083,overpaid
36.22,6.538401438335619,6.995914706842083,overpaid
36.24,6.438977696693868,6.995914706842083,overpaid
36.26,6.33977672243048,6.995914706842083,overpaid
36.28,6.240838194612429,6.995914706842083,overpaid
36.300000000000004,6.142201687331724,6.995914706842083,overpaid
36.32,6.043906653876167,6.995914706842083,overpaid
36.34,5.94599241094849,6.995914706842083,overpaid
36.36,5.848498122940427,6.995914706842083,overpaid
36.38,5.751462786267204,6.995914706842083,overpaid
36.4,5.654925213769776,6.995914706842083,overpaid
36.42,5.558924019189924,6.995914706842083,overpaid
36.44,5.463497601725544,6.995914706842083,overpaid
36.46,5.36868413067122,6.995914706842083,overpaid
36.480000000000004,5.274521530151249,6.995914706842083,overpaid
36.5,5.181047463950382,6.995914706842083,overpaid
36.52,5.0882993204487335,6.995914706842083,overpaid
36.54,4.9963141976671395,6.995914706842083,overpaid
36.56,4.905128888428202,6.995914706842083,overpaid
36.58,4.814779865639885,6.995914706842083,overpaid
36.6,4.725303267706613,6.995914706842083,overpaid
36.62,4.636734884074608,6.995914706842083,overpaid
36.64,4.5491101409163655,6.995914706842083,overpaid
36.660000000000004,4.462464086960871,6.995914706842083,overpaid
36.68,4.3768313794744635,6.995914706842083,overpaid
36.7,4.2922462703983335,6.995914706842083,overpaid
36.72,4.208742592648374,6.995914706842083,overpaid
36.74,4.126353746582266,6.995914706842083,overpaid
36.76,4.045112686639987,6.995914706842083,overpaid
36.78,3.9650519081622573,6.995914706842083,overpaid
36.800000000000004,3.886203434393037,6.995914706842083,overpaid
36.82,3.8085988036705594,6.995914706842083,overpaid
36.84,3.732269056812342,6.995914706842083,overpaid
36.86,3.657244724699469,6.995914706842083,overpaid
36.88,3.583555816064422,6.995914706842083,overpaid
36.9,3.5112318054881975,6.995914706842083,overpaid
36.92,3.440301621610672,6.995914706842083,overpaid
36.94,3.3707936355597177,6.995914706842083,overpaid
36.96,3.3027356496029547,6.995914706842083,overpaid
36.980000000000004,3.236154886027352,6.995914706842083,overpaid
37.0,3.17107797625064,6.995914706842083,overpaid
37.02,3.1075309501689965,6.995914706842083,overpaid
37.04,3.0455392257456175,6.995914706842083,overpaid
37.06,2.9851275988436896,6.995914706842083,overpaid
37.08,2.9263202333085285,6.995914706842083,overpaid
37.1,2.8691406513022244,6.995914706842083,overpaid
37.12,2.8136117238952387,6.995914706842083,overpaid
37.14,2.759755661918115,6.995914706842083,overpaid
37.160000000000004,2.7075940070775903,6.995914706842083,overpaid
37.18,2.6571476233401476,6.995914706842083,overpaid
37.2,2.608436688586629,6.995914706842083,overpaid
37.22,2.5614806865415023,6.995914706842083,overpaid
37.24,2.516298398979483,6.995914706842083,overpaid
37.26,2.472907898213201,6.995914706842083,overpaid
37.28,2.4313265398644006,6.995914706842083,overpaid
37.300000000000004,2.391570955922031,6.995914706842083,overpaid
37.32,2.3536570480896124,6.995914706842083,overpaid
37.34,2.317599981424735,6.995914706842083,overpaid
37.36,2.2834141782733415,6.995914706842083,overpaid
37.38,2.2511133125008573,6.995914706842083,overpaid
37.4,2.2207103040229494,6.995914706842083,overpaid
37.42,2.192217313637613,6.995914706842083,overpaid
37.44,2.1656457381611265,6.995914706842083,overpaid
37.46,2.141006205869372,6.995914706842083,overpaid
37.480000000000004,2.118308572246761,6.995914706842083,overpaid
37.5,2.0975619160441106,6.995914706842083,overpaid
37.52,2.0787745356472733,6.995914706842083,overpaid
37.54,2.061953945757928,6.995914706842083,overpaid
37.56,2.047106874387742,6.995914706842083,overpaid
37.58,2.0342392601673183,6.995914706842083,overpaid
37.6,2.023356249970771,6.995914706842083,overpaid
37.62,2.01446219685708,6.995914706842083,overpaid
37.64,2.0075606583288987,6.995914706842083,overpaid
37.660000000000004,2.002654394909621,6.995914706842083,overpaid
37.68,1.9997453690392017,6.995914706842083,overpaid
37.7,1.9988347442891978,6.995914706842083,overpaid
37.72,1.999922884897373,6.995914706842083,overpaid
37.74,2.003009355621993,6.995914706842083,overpaid
37.76,2.008092921915912,6.995914706842083,overpaid
37.78,2.015171550420403,6.995914706842083,overpaid
37.800000000000004,2.024242409778438,6.995914706842083,overpaid
37.82,2.0353018717672136,6.995914706842083,overpaid
37.84,2.0483455127493997,6.995914706842083,overpaid
37.86,2.063368115442513,6.995914706842083,overpaid
37.88,2.0803636710057756,6.995914706842083,overpaid
37.9,2.099325381443565,6.995914706842083,overpaid
37.92,2.120245662324532,6.995914706842083,overpaid
37.94,2.14311614581524,6.995914706842083,overpaid
37.96,2.167927684027255,6.995914706842083,overpaid
37.980000000000004,2.1946703526760896,6.995914706842083,overpaid
38.0,2.2233334550508452,6.995914706842083,overpaid
38.02,2.2539055262927565,6.995914706842083,overpaid
38.04,2.2863743379809343,6.995914706842083,overpaid
38.06,2.3207269030236333,6.995914706842083,overpaid
38.08,2.3569494808528386,6.995914706842083,overpaid
38.1,2.3950275829204095,6.995914706842083,overpaid
38.12,2.4349459784931913,6.995914706842083,overpaid
38.14,2.476688700745221,6.995914706842083,overpaid
38.160000000000004,2.5202390531441488,6.995914706842083,overpaid
38.18,2.5655796161296607,6.995914706842083,overpaid
38.2,2.6126922540811215,6.995914706842083,overpaid
38.22,2.661558122571485,6.995914706842083,overpaid
38.24,2.712157675904926,6.995914706842083,overpaid
38.26,2.7644706749347225,6.995914706842083,overpaid
38.28,2.8184761951588015,6.995914706842083,overpaid
38.300000000000004,2.8741526350891142,6.995914706842083,overpaid
38.32,2.931477724892014,6.995914706842083,overpaid
38.34,2.990428535295946,6.995914706842083,overpaid
38.36,3.0509814867627014,6.995914706842083,overpaid
38.38,3.113112358919105,6.995914706842083,overpaid
38.4,3.1767963002446464,6.995914706842083,overpaid
38.42,3.242007838011949,6.995914706842083,overpaid
38.44,3.308720888475337,6.995914706842083,overpaid
38.46,3.376908767304169,6.995914706842083,overpaid
38.480000000000004,3.4465442002560422,6.995914706842083,overpaid
38.5,3.5175993340862206,6.995914706842083,overpaid
38.52,3.590045747688606,6.995914706842083,overpaid
38.54,3.6638544634636414,6.995914706842083,overpaid
38.56,3.7389959589091823,6.995914706842083,overpaid
38.58,3.815440178428865,6.995914706842083,overpaid
38.6,3.8931565453541737,6.995914706842083,overpaid
38.62,3.972113974174496,6.995914706842083,overpaid
38.64,4.052280882971111,6.995914706842083,overpaid
38.660000000000004,4.133625206049343,6.995914706842083,overpaid
38.68,4.216114406764511,6.995914706842083,overpaid
38.7,4.299715490536229,6.995914706842083,overpaid
38.72,4.3843950180456,6.995914706842083,overpaid
38.74,4.470119118610722,6.995914706842083,overpaid
38.76,4.556853503734276,6.995914706842083,overpaid
38.78,4.644563480818725,6.995914706842083,overpaid
38.800000000000004,4.73321396704265,6.995914706842083,overpaid
38.82,4.822769503393522,6.995914706842083,overpaid
38.84,4.913194268850923,6.995914706842083,overpaid
38.86,5.004452094714255,6.995914706842083,overpaid
38.88,5.096506479069987,6.995914706842083,overpaid
38.9,5.189320601391689,6.995914706842083,overpaid
38.92,5.282857337268004,6.995914706842083,overpaid
38.94,5.37707927325166,6.995914706842083,overpaid
38.96,5.471948721824596,6.995914706842083,overpaid
38.980000000000004,5.567427736472263,6.995914706842083,overpaid
39.0,5.663478126861808,6.995914706842083,overpaid
39.02,5.760061474117794,6.995914706842083,overpaid
39.04,5.857139146189009,6.995914706842083,overpaid
39.06,5.954672313301051,6.995914706842083,overpaid
39.08,6.0526219634874305,6.995914706842083,overpaid
39.1,6.150948918194112,6.995914706842083,overpaid
39.12,6.2496138479501635,6.995914706842083,overpaid
39.14,6.348577288099257,6.995914706842083,overpaid
39.160000000000004,6.447799654584799,6.995914706842083,overpaid
39.18,6.547241259783105,6.995914706842083,overpaid
39.2,6.646862328378036,6.995914706842083,overpaid
39.22,6.746623013270348,6.995914706842083,overpaid
39.24,6.846483411516282,6.995914706842083,overpaid
39.26,6.946403580287917,6.995914706842083,overpaid
39.28,7.04634355285007,6.995914706842083,overpaid
39.300000000000004,7.146263354546194,6.995914706842083,overpaid
39.32,7.246123018787827,6.995914706842083,overpaid
39.34,7.34588260304078,6.995914706842083,overpaid
39.36,7.445502204801395,6.995914706842083,overpaid
39.38,7.544941977557281,6.995914706842083,overpaid
39.4,7.644162146725115,6.995914706842083,overpaid
39.42,7.743123025560212,6.995914706842083,overpaid
39.44,7.841785031030433,6.995914706842083,overpaid
39.46,7.940108699649134,6.995914706842083,overpaid
39.480000000000004,8.038054703259796,6.995914706842083,overpaid
39.5,8.135583864766872,6.995914706842083,overpaid
39.52,8.232657173806198,6.995914706842083,overpaid
39.54,8.329235802348386,6.995914706842083,overpaid
39.56,8.425281120229782,6.995914706842083,overpaid
39.58,8.520754710603754,6.995914706842083,overpaid
39.6,8.615618385307183,6.995914706842083,overpaid
39.62,8.709834200134953,6.995914706842083,overpaid
39.64,8.803364470017396,6.995914706842083,overpaid
39.660000000000004,8.896171784093578,6.995914706842083,overpaid
39.68,8.988219020675247,6.995914706842083,overpaid
39.7,9.07946936209512,6.995914706842083,overpaid
39.72,9.169886309433219,6.995914706842083,overpaid
39.74,9.259433697116215,6.995914706842083,overpaid
39.76,9.348075707382918,6.995914706842083,overpaid
39.78,9.435776884611169,6.995914706842083,overpaid
39.800000000000004,9.522502149499372,6.995914706842083,overpaid
39.82,9.608216813097865,6.995914706842083,overpaid
39.84,9.692886590684115,6.995914706842083,overpaid
39.86,9.776477615475942,6.995914706842083,overpaid
39.88,9.858956452178028,6.995914706842083,overpaid
39.9,9.94029011035533,6.995914706842083,overpaid
39.92,10.020446057629067,6.995914706842083,overpaid
39.94,10.099392232689011,6.995914706842083,overpaid
39.96,10.177097058117793,6.995914706842083,overpaid
39.980000000000004,10.253529453021262,6.995914706842083,overpaid
40.0,10.32865884546052,6.995914706842083,overpaid
