xi,balance_symbol,pole_diag,case
0.0,-1.9988327733834534,2.9982491600751784,underpaid
0.02,-1.9978333903101966,2.9982491600751784,underpaid
0.04,-1.994835640830333,2.9982491600751784,underpaid
0.06,-1.989840724003681,2.9982491600751784,underpaid
0.08,-1.9828506377303796,2.9982491600751784,underpaid
0.1,-1.973868177951731,2.9982491600751784,underpaid
0.12,-1.9628969375318874,2.9982491600751784,underpaid
0.14,-1.9499413048207312,2.9982491600751784,underpaid
0.16,-1.9350064618986114,2.9982491600751784,underpaid
0.18,-1.918098382503569,2.9982491600751784,underpaid
0.2,-1.899223829641917,2.9982491600751784,underpaid
0.22,-1.8783903528831516,2.9982491600751784,underpaid
0.24,-1.8556062853401958,2.9982491600751784,underpaid
0.26,-1.8308807403362781,2.9982491600751784,underpaid
0.28,-1.8042236077597416,2.9982491600751784,underpaid
0.3,-1.7756455501081856,2.9982491600751784,underpaid
0.32,-1.7451579982236378,2.9982491600751784,underpaid
0.34,-1.7127731467203553,2.9982491600751784,underpaid
0.36,-1.6785039491071494,2.9982491600751784,underpaid
0.38,-1.6423641126061455,2.9982491600751784,underpaid
0.4,-1.6043680926700876,2.9982491600751784,underpaid
0.42,-1.5645310872003435,2.9982491600751784,underpaid
0.44,-1.5228690304679482,2.9982491600751784,underpaid
0.46,-1.4793985867401087,2.9982491600751784,underpaid
0.48,-1.4341371436147163,2.9982491600751784,underpaid
0.5,-1.3871028050655454,2.9982491600751784,underpaid
0.52,-1.3383143842008955,2.9982491600751784,underpaid
0.54,-1.2877913957386138,2.9982491600751784,underpaid
0.56,-1.2355540482004503,2.9982491600751784,underpaid
0.58,-1.1816232358289351,2.9982491600751784,underpaid
0.6,-1.1260205302299457,2.9982491600751784,underpaid
0.62,-1.0687681717443631,2.9982491600751784,underpaid
0.64,-1.0098890605522293,2.9982491600751784,underpaid
0.66,-0.9494067475129739,2.9982491600751784,underpaid
0.68,-0.8873454247453925,2.9982491600751784,underpaid
0.7000000000000001,-0.8237299159511231,2.9982491600751784,underpaid
0.72,-0.758585666485482,2.9982491600751784,underpaid
0.74,-0.6919387331796791,2.9982491600751784,underpaid
0.76,-0.6238157739184249,2.9982491600751784,underpaid
0.78,-0.5542440369771278,2.9982491600751784,underpaid
0.8,-0.4832513501229556,2.9982491600751784,underpaid
0.8200000000000001,-0.4108661094840915,2.9982491600751784,underpaid
0.84,-0.3371172681916672,2.9982491600751784,underpaid
0.86,-0.2620343247988952,2.9982491600751784,underpaid
0.88,-0.18564731148204316,2.9982491600751784,underpaid
0.9,-0.10798678202795209,2.9982491600751784,underpaid
0.92,-0.02908379961294827,2.9982491600751784,underpaid
0.9400000000000001,0.051030075622030324,2.9982491600751784,underpaid
0.96,0.13232279919506063,2.9982491600751784,underpaid
0.98,0.21476185510059764,2.9982491600751784,underpaid
1.0,0.2983142688154583,2.9982491600751784,underpaid
1.02,0.38294662048816797,2.9982491600751784,underpaid
1.04,0.4686250583064808,2.9982491600751784,underpaid
1.06,0.5553153120376262,2.9982491600751784,underpaid
1.08,0.642982706735971,2.9982491600751784,underpaid
1.1,0.7315921766125193,2.9982491600751784,underpaid
1.12,0.8211082790607591,2.9982491600751784,underpaid
1.1400000000000001,0.911495208833248,2.9982491600751784,underpaid
1.16,1.002716812363218,2.9982491600751784,underpaid
1.18,1.0947366022255292,2.9982491600751784,underpaid
1.2,1.1875177717311534,2.9982491600751784,underpaid
1.22,1.2810232096493515,2.9982491600751784,underpaid
1.24,1.3752155150516785,2.9982491600751784,underpaid
1.26,1.4700570122718535,2.9982491600751784,underpaid
1.28,1.5655097659755288,2.9982491600751784,underpaid
1.3,1.6615355963339056,2.9982491600751784,underpaid
1.32,1.7580960942951709,2.9982491600751784,underpaid
1.34,1.855152636947592,2.9982491600751784,underpaid
1.36,1.9526664029681804,2.9982491600751784,underpaid
1.3800000000000001,2.0505983881506946,2.9982491600751784,underpaid
1.4000000000000001,2.1489094210068043,2.9982491600751784,underpaid
1.42,2.24756017843416,2.9982491600751784,underpaid
1.44,2.3465112014451215,2.9982491600751784,underpaid
1.46,2.4457229109498098,2.9982491600751784,underpaid
1.48,2.545155623587231,2.9982491600751784,underpaid
1.5,2.6447695675980807,2.9982491600751784,underpaid
1.52,2.744524898732921,2.9982491600751784,underpaid
1.54,2.844381716189357,2.9982491600751784,underpaid
1.56,2.944300078571805,2.9982491600751784,underpaid
1.58,3.044240019867546,2.9982491600751784,underpaid
1.6,3.1441615654325705,2.9982491600751784,underpaid
1.62,3.2440247479809265,2.9982491600751784,underpaid
1.6400000000000001,3.343789623571084,2.9982491600751784,underpaid
1.6600000000000001,3.4434162875829877,2.9982491600751784,underpaid
1.68,3.542864890679372,2.9982491600751784,underpaid
1.7,3.642095654744958,2.9982491600751784,underpaid
1.72,3.7410688887971855,2.9982491600751784,underpaid
1.74,3.8397450048620527,2.9982491600751784,underpaid
1.76,3.9380845338087997,2.9982491600751784,underpaid
1.78,4.036048141137027,2.9982491600751784,underpaid
1.8,4.133596642709962,2.9982491600751784,underpaid
1.82,4.230691020427608,2.9982491600751784,underpaid
1.84,4.327292437833453,2.9982491600751784,underpaid
1.86,4.423362255648536,2.9982491600751784,underpaid
1.8800000000000001,4.518862047226644,2.9982491600751784,underpaid
1.9000000000000001,4.613753613924459,2.9982491600751784,underpaid
1.92,4.707999000380507,2.9982491600751784,underpaid
1.94,4.801560509696792,2.9982491600751784,underpaid
1.96,4.89440071851706,2.9982491600751784,underpaid
1.98,4.986482491995636,2.9982491600751784,underpaid
2.0,5.077768998650866,2.9982491600751784,underpaid
2.02,5.168223725097228,2.9982491600751784,underpaid
2.04,5.25781049065019,2.9982491600751784,underpaid
2.06,5.346493461798007,2.9982491600751784,underpaid
2.08,5.434237166534638,2.9982491600751784,underpaid
2.1,5.521006508548094,2.9982491600751784,underpaid
2.12,5.606766781258475,2.9982491600751784,underpaid
2.14,5.691483681700156,2.9982491600751784,underpaid
2.16,5.7751233242425,2.9982491600751784,underpaid
2.18,5.857652254143675,2.9982491600751784,underpaid
2.2,5.939037460932088,2.9982491600751784,underpaid
2.22,6.019246391610144,2.9982491600751784,underpaid
2.24,6.098246963675013,2.9982491600751784,underpaid
2.2600000000000002,6.176007577951198,2.9982491600751784,underpaid
2.2800000000000002,6.2524971312297755,2.9982491600751784,underpaid
2.3000000000000003,6.327685028709288,2.9982491600751784,underpaid
2.32,6.4015411962332305,2.9982491600751784,underpaid
2.34,6.474036092319334,2.9982491600751784,underpaid
2.36,6.545140719975748,2.9982491600751784,underpaid
2.38,6.6148266382994585,2.9982491600751784,underpaid
2.4,6.683065973852271,2.9982491600751784,underpaid
2.42,6.749831431809806,2.9982491600751784,underpaid
2.44,6.815096306879077,2.9982491600751784,underpaid
2.46,6.878834493980245,2.9982491600751784,underpaid
2.48,6.941020498688298,2.9982491600751784,underpaid
2.5,7.0016294474304885,2.9982491600751784,underpaid
2.52,7.06063709743543,2.9982491600751784,underpaid
2.54,7.118019846429878,2.9982491600751784,underpaid
2.56,7.173754742079328,2.9982491600751784,underpaid
2.58,7.227819491168638,2.9982491600751784,underpaid
2.6,7.280192468519035,2.9982491600751784,underpaid
2.62,7.330852725637866,2.9982491600751784,underpaid
2.64,7.379779999097753,2.9982491600751784,underpaid
2.66,7.426954718641662,2.9982491600751784,underpaid
2.68,7.472358015010766,2.9982491600751784,underpaid
2.7,7.515971727491882,2.9982491600751784,underpaid
2.72,7.5577784111815305,2.9982491600751784,underpaid
2.74,7.59776134396365,2.9982491600751784,underpaid
2.7600000000000002,7.635904533198224,2.9982491600751784,underpaid
2.7800000000000002,7.67219272211813,2.9982491600751784,underpaid
2.8000000000000003,7.706611395931635,2.9982491600751784,underpaid
2.82,7.739146787628124,2.9982491600751784,underpaid
2.84,7.769785883484718,2.9982491600751784,underpaid
2.86,7.798516428271587,2.9982491600751784,underpaid
2.88,7.825326930153891,2.9982491600751784,underpaid
2.9,7.85020666528834,2.9982491600751784,underpaid
2.92,7.873145682112608,2.9982491600751784,underpaid
2.94,7.894134805325816,2.9982491600751784,underpaid
2.96,7.913165639558529,2.9982491600751784,underpaid
2.98,7.9302305727307925,2.9982491600751784,underpaid
3.0,7.94532277909687,2.9982491600751784,underpaid
3.02,7.958436221975441,2.9982491600751784,underpaid
3.04,7.969565656164198,2.9982491600751784,underpaid
3.06,7.9787066300378555,2.9982491600751784,underpaid
3.08,7.985855487328743,2.9982491600751784,underpaid
3.1,7.991009368589259,2.9982491600751784,underpaid
3.12,7.9941662123356165,2.9982491600751784,underpaid
3.14,7.995324755872412,2.9982491600751784,underpaid
3.16,7.994484535797673,2.9982491600751784,underpaid
3.18,7.991645888188229,2.9982491600751784,underpaid
3.2,7.986809948465276,2.9982491600751784,underpaid
3.22,7.979978650940222,2.9982491600751784,underpaid
3.24,7.9711547280409984,2.9982491600751784,underpaid
3.2600000000000002,7.96034170921911,2.9982491600751784,underpaid
3.2800000000000002,7.947543919537916,2.9982491600751784,underpaid
3.3000000000000003,7.932766477942654,2.9982491600751784,underpaid
3.3200000000000003,7.916015295212933,2.9982491600751784,underpaid
3.34,7.897297071598498,2.9982491600751784,underpaid
3.36,7.876619294139221,2.9982491600751784,underpaid
3.38,7.853990233670385,2.9982491600751784,underpaid
3.4,7.829418941514463,2.9982491600751784,underpaid
3.42,7.802915245860703,2.9982491600751784,underpaid
3.44,7.774489747833989,2.9982491600751784,underpaid
3.46,7.7441538172545314,2.9982491600751784,underpaid
3.48,7.711919588090087,2.9982491600751784,underpaid
3.5,7.677799953602538,2.9982491600751784,underpaid
3.52,7.641808561190755,2.9982491600751784,underpaid
3.54,7.603959806931826,2.9982491600751784,underpaid
3.56,7.564268829822812,2.9982491600751784,underpaid
3.58,7.522751505725349,2.9982491600751784,underpaid
3.6,7.479424441015519,2.9982491600751784,underpaid
3.62,7.434304965941518,2.9982491600751784,underpaid
3.64,7.387411127691797,2.9982491600751784,underpaid
3.66,7.338761683176406,2.9982491600751784,underpaid
3.68,7.288376091524505,2.9982491600751784,underpaid
3.7,7.236274506300951,2.9982491600751784,underpaid
3.72,7.18247776744516,2.9982491600751784,underpaid
3.74,7.127007392935392,2.9982491600751784,underpaid
3.7600000000000002,7.069885570181857,2.9982491600751784,underpaid
3.7800000000000002,7.011135147152036,2.9982491600751784,underpaid
3.8000000000000003,6.950779623231821,2.9982491600751784,underpaid
3.8200000000000003,6.888843139826047,2.9982491600751784,underpaid
3.84,6.825350470702267,2.9982491600751784,underpaid
3.86,6.760327012081575,2.9982491600751784,underpaid
3.88,6.693798772480447,2.9982491600751784,underpaid
3.9,6.6257923623076955,2.9982491600751784,underpaid
3.92,6.556334983220648,2.9982491600751784,underpaid
3.94,6.485454417244853,2.9982491600751784,underpaid
3.96,6.413179015661642,2.9982491600751784,underpaid
3.98,6.33953768766799,2.9982491600751784,underpaid
4.0,6.264559888813217,2.9982491600751784,underpaid
4.0200000000000005,6.188275609217179,2.9982491600751784,underpaid
4.04,6.110715361574604,2.9982491600751784,underpaid
4.0600000000000005,6.0319101689504215,2.9982491600751784,underpaid
4.08,5.951891552370967,2.9982491600751784,underpaid
4.1,5.870691518215967,2.9982491600751784,underpaid
4.12,5.78834254541643,2.9982491600751784,underpaid
4.14,5.704877572463509,2.9982491600751784,underpaid
4.16,5.620329984233527,2.9982491600751784,underpaid
4.18,5.534733598634496,2.9982491600751784,underpaid
4.2,5.448122653079379,2.9982491600751784,underpaid
4.22,5.360531790791608,2.9982491600751784,underpaid
4.24,5.271996046948228,2.9982491600751784,underpaid
4.26,5.1825508346663245,2.9982491600751784,underpaid
4.28,5.092231930838214,2.9982491600751784,underpaid
4.3,5.001075461821202,2.9982491600751784,underpaid
4.32,4.909117888987481,2.9982491600751784,underpaid
4.34,4.816395994140109,2.9982491600751784,underpaid
4.36,4.7229468648007416,2.9982491600751784,underpaid
4.38,4.628807879375151,2.9982491600751784,underpaid
4.4,4.534016692202327,2.9982491600751784,underpaid
4.42,4.438611218493289,2.9982491600751784,underpaid
4.44,4.3426296191654465,2.9982491600751784,underpaid
4.46,4.246110285578807,2.9982491600751784,underpaid
4.48,4.149091824179889,2.9982491600751784,underpaid
4.5,4.0516130410596976,2.9982491600751784,underpaid
4.5200000000000005,3.9537129264317716,2.9982491600751784,underpaid
4.54,3.855430639036655,2.9982491600751784,underpaid
4.5600000000000005,3.756805490478884,2.9982491600751784,underpaid
4.58,3.657876929502903,2.9982491600751784,underpaid
4.6000000000000005,3.558684526214069,2.9982491600751784,underpaid
4.62,3.4592679562511552,2.9982491600751784,underpaid
4.64,3.359666984916606,2.9982491600751784,underpaid
4.66,3.259921451270955,2.9982491600751784,underpaid
4.68,3.160071252197749,2.9982491600751784,underpaid
4.7,3.060156326445288,2.9982491600751784,underpaid
4.72,2.9602166386517013,2.9982491600751784,underpaid
4.74,2.8602921633595866,2.9982491600751784,underpaid
4.76,2.7604228690267583,2.9982491600751784,underpaid
4.78,2.6606487020393725,2.9982491600751784,underpaid
4.8,2.5610095707339244,2.9982491600751784,underpaid
4.82,2.4615453294344256,2.9982491600751784,underpaid
4.84,2.3622957625112324,2.9982491600751784,underpaid
4.86,2.263300568467793,2.9982491600751784,underpaid
4.88,2.164599344061818,2.9982491600751784,underpaid
4.9,2.066231568467064,2.9982491600751784,underpaid
4.92,1.9682365874822185,2.9982491600751784,underpaid
4.94,1.8706535977930905,2.9982491600751784,underpaid
4.96,1.7735216312944715,2.9982491600751784,underpaid
4.98,1.676879539477877,2.9982491600751784,underpaid
5.0,1.5807659778914989,2.9982491600751784,underpaid
5.0200000000000005,1.4852193906784663,2.9982491600751784,underpaid
5.04,1.390277995199737,2.9982491600751784,underpaid
5.0600000000000005,1.2959797667476227,2.9982491600751784,underpaid
5.08,1.2023624233562202,2.9982491600751784,underpaid
5.1000000000000005,1.1094634107146657,2.9982491600751784,underpaid
5.12,1.0173198871893838,2.9982491600751784,underpaid
5.14,0.9259687089612196,2.9982491600751784,underpaid
5.16,0.8354464152834584,2.9982491600751784,underpaid
5.18,0.7457892138666331,2.9982491600751784,underpaid
5.2,0.6570329663958869,2.9982491600751784,underpaid
5.22,0.5692131741868174,2.9982491600751784,underpaid
5.24,0.4823649639853862,2.9982491600751784,underpaid
5.26,0.39652307391771835,2.9982491600751784,underpaid
5.28,0.31172183959528965,2.9982491600751784,underpaid
5.3,0.22799518038117128,2.9982491600751784,underpaid
5.32,0.1453765858227012,2.9982491600751784,underpaid
5.34,0.0638991022561406,2.9982491600751784,underpaid
5.36,-0.01640468041144416,2.9982491600751784,underpaid
5.38,-0.09550264173767609,2.9982491600751784,underpaid
5.4,-0.17336314359266325,2.9982491600751784,underpaid
5.42,-0.24995504281377734,2.9982491600751784,underpaid
5.44,-0.3252477036625514,2.9982491600751784,underpaid
5.46,-0.3992110100785293,2.9982491600751784,underpaid
5.48,-0.4718153777253118,2.9982491600751784,underpaid
5.5,-0.5430317658238817,2.9982491600751784,underpaid
5.5200000000000005,-0.6128316887685479,2.9982491600751784,underpaid
5.54,-0.6811872275207733,2.9982491600751784,underpaid
5.5600000000000005,-0.7480710407764608,2.9982491600751784,underpaid
5.58,-0.8134563759020743,2.9982491600751784,underpaid
5.6000000000000005,-0.8773170796353646,2.9982491600751784,underpaid
5.62,-0.9396276085462958,2.9982491600751784,underpaid
5.64,-1.0003630392541005,2.9982491600751784,underpaid
5.66,-1.0594990783962928,2.9982491600751784,underpaid
5.68,-1.1170120723456858,2.9982491600751784,underpaid
5.7,-1.1728790166715282,2.9982491600751784,underpaid
5.72,-1.2270775653409718,2.9982491600751784,underpaid
5.74,-1.2795860396571914,2.9982491600751784,underpaid
5.76,-1.330383436930557,2.9982491600751784,underpaid
5.78,-1.379449438879453,2.9982491600751784,underpaid
5.8,-1.4267644197573013,2.9982491600751784,underpaid
5.82,-1.4723094542026143,2.9982491600751784,underpaid
5.84,-1.5160663248088664,2.9982491600751784,underpaid
5.86,-1.558017529411238,2.9982491600751784,underpaid
5.88,-1.5981462880872268,2.9982491600751784,underpaid
5.9,-1.6364365498684066,2.9982491600751784,underpaid
5.92,-1.6728729991605924,2.9982491600751784,underpaid
5.94,-1.7074410618698845,2.9982491600751784,underpaid
5.96,-1.7401269112320978,2.9982491600751784,underpaid
5.98,-1.7709174733432924,2.9982491600751784,underpaid
6.0,-1.7998004323891603,2.9982491600751784,underpaid
6.0200000000000005,-1.8267642355711864,2.9982491600751784,underpaid
6.04,-1.851798097727606,2.9982491600751784,underpaid
6.0600000000000005,-1.8748920056473413,2.9982491600751784,underpaid
6.08,-1.8960367220751344,2.9982491600751784,underpaid
6.1000000000000005,-1.9152237894063422,2.9982491600751784,underpaid
6.12,-1.932445533069858,2.9982491600751784,underpaid
6.140000000000001,-1.9476950645978324,2.9982491600751784,underpaid
6.16,-1.9609662843809854,2.9982491600751784,underpaid
6.18,-1.9722538841083441,2.9982491600751784,underpaid
6.2,-1.98155334889052,2.9982491600751784,underpaid
6.22,-1.9888609590655921,2.9982491600751784,underpaid
6.24,-1.994173791686924,2.9982491600751784,underpaid
6.26,-1.9974897216922987,2.9982491600751784,underpaid
6.28,-1.9988074227539325,2.9982491600751784,underpaid
6.3,-1.9981263678089682,2.9982491600751784,underpaid
6.32,-1.9954468292703034,2.9982491600751784,underpaid
6.34,-1.9907698789176234,2.9982491600751784,underpaid
6.36,-1.9840973874687133,2.9982491600751784,underpaid
6.38,-1.9754320238311873,2.9982491600751784,underpaid
6.4,-1.9647772540349635,2.9982491600751784,underpaid
6.42,-1.9521373398459012,2.9982491600751784,underpaid
6.44,-1.9375173370611414,2.9982491600751784,underpaid
6.46,-1.92092309348687,2.9982491600751784,underpaid
6.48,-1.9023612465992645,2.9982491600751784,underpaid
6.5,-1.8818392208895887,2.9982491600751784,underpaid
6.5200000000000005,-1.8593652248945034,2.9982491600751784,underpaid
6.54,-1.8349482479127595,2.9982491600751784,underpaid
6.5600000000000005,-1.8085980564095934,2.9982491600751784,underpaid
6.58,-1.7803251901102755,2.9982491600751784,underpaid
6.6000000000000005,-1.7501409577843567,2.9982491600751784,underpaid
6.62,-1.7180574327223201,2.9982491600751784,underpaid
6.640000000000001,-1.6840874479064105,2.9982491600751784,underpaid
6.66,-1.6482445908776366,2.9982491600751784,underpaid
6.68,-1.6105431983009026,2.9982491600751784,underpaid
6.7,-1.5709983502305622,2.9982491600751784,underpaid
6.72,-1.5296258640785894,2.9982491600751784,underpaid
6.74,-1.4864422882878134,2.9982491600751784,underpaid
6.76,-1.4414648957127856,2.9982491600751784,underpaid
6.78,-1.3947116767108394,2.9982491600751784,underpaid
6.8,-1.3462013319462098,2.9982491600751784,underpaid
6.82,-1.2959532649100023,2.9982491600751784,underpaid
6.84,-1.243987574159073,2.9982491600751784,underpaid
6.86,-1.1903250452768503,2.9982491600751784,underpaid
6.88,-1.1349871425593996,2.9982491600751784,underpaid
6.9,-1.0779960004299767,2.9982491600751784,underpaid
6.92,-1.0193744145855632,2.9982491600751784,underpaid
6.94,-0.9591458328788836,2.9982491600751784,underpaid
6.96,-0.8973343459395888,2.9982491600751784,underpaid
6.98,-0.8339646775383063,2.9982491600751784,underpaid
7.0,-0.7690621746974831,2.9982491600751784,underpaid
7.0200000000000005,-0.7026527975528971,2.9982491600751784,underpaid
7.04,-0.634763108969965,2.9982491600751784,underpaid
7.0600000000000005,-0.5654202639189272,2.9982491600751784,underpaid
7.08,-0.4946519986132554,2.9982491600751784,underpaid
7.1000000000000005,-0.4224866194154995,2.9982491600751784,underpaid
7.12,-0.34895299151515147,2.9982491600751784,underpaid
7.140000000000001,-0.2740805273829334,2.9982491600751784,underpaid
7.16,-0.19789917500621357,2.9982491600751784,underpaid
7.18,-0.12043940591020608,2.9982491600751784,underpaid
7.2,-0.04173220296975977,2.9982491600751784,underpaid
7.22,0.038190951983356314,2.9982491600751784,underpaid
7.24,0.11929809075279607,2.9982491600751784,underpaid
7.26,0.20155677156445861,2.9982491600751784,underpaid
7.28,0.28493409204279274,2.9982491600751784,underpaid
7.3,0.3693967023712865,2.9982491600751784,underpaid
7.32,0.4549108186319675,2.9982491600751784,underpaid
7.34,0.5414422363184954,2.9982491600751784,underpaid
7.36,0.6289563440175421,2.9982491600751784,underpaid
7.38,0.7174181372528547,2.9982491600751784,underpaid
7.4,0.806792232486627,2.9982491600751784,underpaid
7.42,0.8970428812723963,2.9982491600751784,underpaid
7.44,0.9881339845539809,2.9982491600751784,underpaid
7.46,1.0800291071045898,2.9982491600751784,underpaid
7.48,1.1726914921004656,2.9982491600751784,underpaid
7.5,1.2660840758230787,2.9982491600751784,underpaid
7.5200000000000005,1.360169502484176,2.9982491600751784,underpaid
7.54,1.4549101391675308,2.9982491600751784,underpaid
7.5600000000000005,1.5502680908816764,2.9982491600751784,underpaid
7.58,1.6462052157173357,2.9982491600751784,underpaid
7.6000000000000005,1.7426831401037326,2.9982491600751784,underpaid
7.62,1.8396632741574575,2.9982491600751784,underpaid
7.640000000000001,1.9371068271179457,2.9982491600751784,underpaid
7.66,2.0349748228632354,2.9982491600751784,underpaid
7.68,2.133228115499927,2.9982491600751784,underpaid
7.7,2.23182740502099,2.9982491600751784,underpaid
7.72,2.330733253025251,2.9982491600751784,underpaid
7.74,2.4299060984922427,2.9982491600751784,underpaid
7.76,2.529306273606057,2.9982491600751784,underpaid
7.78,2.628894019621974,2.9982491600751784,underpaid
7.8,2.728629502769399,2.9982491600751784,underpaid
7.82,2.82847283018487,2.9982491600751784,underpaid
7.84,2.928384065868638,2.9982491600751784,underpaid
7.86,3.028323246658571,2.9982491600751784,underpaid
7.88,3.128250398214849,2.9982491600751784,underpaid
7.9,3.228125551009203,2.9982491600751784,underpaid
7.92,3.327908756312155,2.9982491600751784,underpaid
7.94,3.42756010217202,2.9982491600751784,underpaid
7.96,3.527039729379112,2.9982491600751784,underpaid
7.98,3.626307847408933,2.9982491600751784,underpaid
8.0,3.725324750337821,2.9982491600751784,underpaid
8.02,3.824050832724817,2.9982491600751784,underpaid
8.040000000000001,3.9224466054533007,2.9982491600751784,underpaid
8.06,4.0204727115260965,2.9982491600751784,underpaid
8.08,4.118089941807776,2.9982491600751784,underpaid
8.1,4.215259250707772,2.9982491600751784,underpaid
8.120000000000001,4.311941771798111,2.9982491600751784,underpaid
8.14,4.4080988333594195,2.9982491600751784,underpaid
8.16,4.503691973849158,2.9982491600751784,underpaid
8.18,4.598682957285691,2.9982491600751784,underpaid
8.2,4.693033788542172,2.9982491600751784,underpaid
8.22,4.786706728544102,2.9982491600751784,underpaid
8.24,4.8796643093644185,2.9982491600751784,underpaid
8.26,4.971869349210223,2.9982491600751784,underpaid
8.28,5.063284967294955,2.9982491600751784,underpaid
8.3,5.153874598590253,2.9982491600751784,underpaid
8.32,5.243602008451425,2.9982491600751784,underpaid
8.34,5.332431307110886,2.9982491600751784,underpaid
8.36,5.420326964033547,2.9982491600751784,underpaid
8.38,5.50725382212857,2.9982491600751784,underpaid
8.4,5.593177111811716,2.9982491600751784,underpaid
8.42,5.678062464912745,2.9982491600751784,underpaid
8.44,5.7618759284222065,2.9982491600751784,underpaid
8.46,5.844583978072201,2.9982491600751784,underpaid
8.48,5.926153531745616,2.9982491600751784,underpaid
8.5,6.006551962708567,2.9982491600751784,underpaid
8.52,6.085747112660634,2.9982491600751784,underpaid
8.540000000000001,6.163707304597763,2.9982491600751784,underpaid
8.56,6.240401355482621,2.9982491600751784,underpaid
8.58,6.315798588717438,2.9982491600751784,underpaid
8.6,6.389868846414201,2.9982491600751784,underpaid
8.620000000000001,6.462582501457428,2.9982491600751784,underpaid
8.64,6.5339104693545895,2.9982491600751784,underpaid
8.66,6.60382421986956,2.9982491600751784,underpaid
8.68,6.672295788434308,2.9982491600751784,underpaid
8.700000000000001,6.739297787334353,2.9982491600751784,underpaid
8.72,6.804803416663471,2.9982491600751784,underpaid
8.74,6.8687864750433345,2.9982491600751784,underpaid
8.76,6.931221370103687,2.9982491600751784,underpaid
8.78,6.992083128718958,2.9982491600751784,underpaid
8.8,7.051347406997188,2.9982491600751784,underpaid
8.82,7.108990500017233,2.9982491600751784,underpaid
8.84,7.164989351310453,2.9982491600751784,underpaid
8.86,7.219321562082975,2.9982491600751784,underpaid
8.88,7.271965400174913,2.9982491600751784,underpaid
8.9,7.322899808752933,2.9982491600751784,underpaid
8.92,7.372104414732718,2.9982491600751784,underpaid
8.94,7.419559536927935,2.9982491600751784,underpaid
8.96,7.465246193922431,2.9982491600751784,underpaid
8.98,7.509146111662554,2.9982491600751784,underpaid
9.0,7.551241730766529,2.9982491600751784,underpaid
9.02,7.591516213547989,2.9982491600751784,underpaid
9.040000000000001,7.629953450750806,2.9982491600751784,underpaid
9.06,7.666538067992583,2.9982491600751784,underpaid
9.08,7.701255431914218,2.9982491600751784,underpaid
9.1,7.734091656033027,2.9982491600751784,underpaid
9.120000000000001,7.765033606297183,2.9982491600751784,underpaid
9.14,7.794068906339127,2.9982491600751784,underpaid
9.16,7.8211859424259735,2.9982491600751784,underpaid
9.18,7.846373868104848,2.9982491600751784,underpaid
9.200000000000001,7.869622608541313,2.9982491600751784,underpaid
9.22,7.89092286454917,2.9982491600751784,underpaid
9.24,7.910266116310016,2.9982491600751784,underpaid
9.26,7.927644626781056,2.9982491600751784,underpaid
9.28,7.943051444789808,2.9982491600751784,underpaid
9.3,7.956480407814495,2.9982491600751784,underpaid
9.32,7.967926144448953,2.9982491600751784,underpaid
9.34,7.9773840765511395,2.9982491600751784,underpaid
9.36,7.984850421074313,2.9982491600751784,underpaid
9.38,7.990322191580219,2.9982491600751784,underpaid
9.4,7.99379719943361,2.9982491600751784,underpaid
9.42,7.995274054677674,2.9982491600751784,underpaid
9.44,7.994752166590011,2.9982491600751784,underpaid
9.46,7.992231743918893,2.9982491600751784,underpaid
9.48,7.987713794799783,2.9982491600751784,underpaid
9.5,7.98120012635209,2.9982491600751784,underpaid
9.52,7.972693343956349,2.9982491600751784,underpaid
9.540000000000001,7.962196850212093,2.9982491600751784,underpaid
9.56,7.949714843576867,2.9982491600751784,underpaid
9.58,7.935252316686906,2.9982491600751784,underpaid
9.6,7.91881505436013,2.9982491600751784,underpaid
9.620000000000001,7.900409631282308,2.9982491600751784,underpaid
9.64,7.880043409377274,2.9982491600751784,underpaid
9.66,7.857724534862241,2.9982491600751784,underpaid
9.68,7.833461934989433,2.9982491600751784,underpaid
9.700000000000001,7.807265314475304,2.9982491600751784,underpaid
9.72,7.779145151618777,2.9982491600751784,underpaid
9.74,7.74911269411006,2.9982491600751784,underpaid
9.76,7.717179954531735,2.9982491600751784,underpaid
9.78,7.683359705553864,2.9982491600751784,underpaid
9.8,7.647665474825105,2.9982491600751784,underpaid
9.82,7.610111539561844,2.9982491600751784,underpaid
9.84,7.5707129208374635,2.9982491600751784,underpaid
9.86,7.529485377574151,2.9982491600751784,underpaid
9.88,7.486445400239509,2.9982491600751784,underpaid
9.9,7.441610204250626,2.9982491600751784,underpaid
9.92,7.394997723088098,2.9982491600751784,underpaid
9.94,7.346626601122896,2.9982491600751784,underpaid
9.96,7.296516186158863,2.9982491600751784,underpaid
9.98,7.244686521693865,2.9982491600751784,underpaid
10.0,7.191158338902628,2.9982491600751784,underpaid
10.02,7.135953048344572,2.9982491600751784,underpaid
10.040000000000001,7.079092731399852,2.9982491600751784,underpaid
10.06,7.02060013143713,2.9982491600751784,underpaid
10.08,6.960498644716493,2.9982491600751784,underpaid
10.1,6.898812311031289,2.9982491600751784,underpaid
10.120000000000001,6.8355658040925125,2.9982491600751784,underpaid
10.14,6.770784421659675,2.9982491600751784,underpaid
10.16,6.704494075422003,2.9982491600751784,underpaid
10.18,6.636721280634131,2.9982491600751784,underpaid
10.200000000000001,6.567493145510344,2.9982491600751784,underpaid
10.22,6.496837360381676,2.9982491600751784,underpaid
10.24,6.4247821866201065,2.9982491600751784,underpaid
10.26,6.351356445334416,2.9982491600751784,underpaid
10.28,6.2765895058421215,2.9982491600751784,underpaid
10.3,6.200511273922137,2.9982491600751784,underpaid
10.32,6.1231521798528785,2.9982491600751784,underpaid
10.34,6.044543166240526,2.9982491600751784,underpaid
10.36,5.964715675642422,2.9982491600751784,underpaid
10.38,5.883701637990443,2.9982491600751784,underpaid
10.4,5.80153345781949,2.9982491600751784,underpaid
10.42,5.718244001306065,2.9982491600751784,underpaid
10.44,5.6338665831222645,2.9982491600751784,underpaid
10.46,5.548434953110332,2.9982491600751784,underpaid
10.48,5.461983282783217,2.9982491600751784,underpaid
10.5,5.37454615165637,2.9982491600751784,underpaid
10.52,5.28615853341643,2.9982491600751784,underpaid
10.540000000000001,5.196855781932195,2.9982491600751784,underpaid
10.56,5.106673617113588,2.9982491600751784,underpaid
10.58,5.01564811062412,2.9982491600751784,underpaid
10.6,4.923815671452724,2.9982491600751784,underpaid
10.620000000000001,4.831213031350648,2.9982491600751784,underpaid
10.64,4.7378772301392615,2.9982491600751784,underpaid
10.66,4.643845600894583,2.9982491600751784,underpaid
10.68,4.549155755014567,2.9982491600751784,underpaid
10.700000000000001,4.453845567175048,2.9982491600751784,underpaid
10.72,4.35795316018039,2.9982491600751784,underpaid
10.74,4.261516889714834,2.9982491600751784,underpaid
10.76,4.164575329000769,2.9982491600751784,underpaid
10.78,4.0671672533699414,2.9982491600751784,underpaid
10.8,3.9693316247538384,2.9982491600751784,underpaid
10.82,3.871107576099467,2.9982491600751784,underpaid
10.84,3.772534395716642,2.9982491600751784,underpaid
10.86,3.673651511563225,2.9982491600751784,underpaid
10.88,3.5744984754744475,2.9982491600751784,underpaid
10.9,3.4751149473427443,2.9982491600751784,underpaid
10.92,3.375540679254259,2.9982491600751784,underpaid
10.94,3.275815499588587,2.9982491600751784,underpaid
10.96,3.175979297087938,2.9982491600751784,underpaid
10.98,3.076072004902196,2.9982491600751784,underpaid
11.0,2.9761335846161465,2.9982491600751784,underpaid
11.02,2.8762040102654094,2.9982491600751784,underpaid
11.040000000000001,2.7763232523473427,2.9982491600751784,underpaid
11.06,2.676531261833402,2.9982491600751784,underpaid
11.08,2.5768679541892414,2.9982491600751784,underpaid
11.1,2.477373193409095,2.9982491600751784,underpaid
11.120000000000001,2.3780867760706883,2.9982491600751784,underpaid
11.14,2.2790484154171686,2.9982491600751784,underpaid
11.16,2.180297725472297,2.9982491600751784,underpaid
11.18,2.0818742051953922,2.9982491600751784,underpaid
11.200000000000001,1.983817222682264,2.9982491600751784,underpaid
11.22,1.8861659994185196,2.9982491600751784,underpaid
11.24,1.7889595945914607,2.9982491600751784,underpaid
11.26,1.6922368894669475,2.9982491600751784,underpaid
11.28,1.5960365718374163,2.9982491600751784,underpaid
11.3,1.50039712054725,2.9982491600751784,underpaid
11.32,1.4053567901018127,2.9982491600751784,underpaid
11.34,1.3109535953660814,2.9982491600751784,underpaid
11.36,1.217225296359258,2.9982491600751784,underpaid
11.38,1.1242093831512463,2.9982491600751784,underpaid
11.4,1.0319430608671478,2.9982491600751784,underpaid
11.42,0.9404632348056676,2.9982491600751784,underpaid
11.44,0.8498064956775142,2.9982491600751784,underpaid
11.46,0.7600091049695941,2.9982491600751784,underpaid
11.48,0.6711069804409195,2.9982491600751784,underpaid
11.5,0.5831356817559499,2.9982491600751784,underpaid
11.52,0.49613039626122557,2.9982491600751784,underpaid
11.540000000000001,0.4101259249108793,2.9982491600751784,underpaid
11.56,0.32515666834675727,2.9982491600751784,underpaid
11.58,0.24125661313856916,2.9982491600751784,underpaid
11.6,0.15845931818974357,2.9982491600751784,underpaid
11.620000000000001,0.07679790131430586,2.9982491600751784,underpaid
11.64,-0.0036949740097842465,2.9982491600751784,underpaid
11.66,-0.08298711170562889,2.9982491600751784,underpaid
11.68,-0.16104679597536453,2.9982491600751784,underpaid
11.700000000000001,-0.23784280398606938,2.9982491600751784,underpaid
11.72,-0.3133444183584615,2.9982491600751784,underpaid
11.74,-0.3875214394534723,2.9982491600751784,underpaid
11.76,-0.4603441974516773,2.9982491600751784,underpaid
11.78,-0.5317835642208362,2.9982491600751784,underpaid
11.8,-0.6018109649667576,2.9982491600751784,underpaid
11.82,-0.6703983896628163,2.9982491600751784,underpaid
11.84,-0.7375184042536311,2.9982491600751784,underpaid
11.86,-0.8031441616282837,2.9982491600751784,underpaid
11.88,-0.8672494123588272,2.9982491600751784,underpaid
11.9,-0.9298085151996869,2.9982491600751784,underpaid
11.92,-0.990796447343838,2.9982491600751784,underpaid
11.94,-1.0501888144315892,2.9982491600751784,underpaid
11.96,-1.1079618603079968,2.9982491600751784,underpaid
11.98,-1.1640924765249956,2.9982491600751784,underpaid
12.0,-1.2185582115845044,2.9982491600751784,underpaid
12.02,-1.2713372799186953,2.9982491600751784,underpaid
12.040000000000001,-1.3224085706039563,2.9982491600751784,underpaid
12.06,-1.3717516558049407,2.9982491600751784,underpaid
12.08,-1.4193467989454742,2.9982491600751784,underpaid
12.1,-1.4651749626028927,2.9982491600751784,underpaid
12.120000000000001,-1.5092178161227725,2.9982491600751784,underpaid
12.14,-1.5514577429509284,2.9982491600751784,underpaid
12.16,-1.5918778476798252,2.9982491600751784,underpaid
12.18,-1.6304619628064962,2.9982491600751784,underpaid
12.200000000000001,-1.6671946551993404,2.9982491600751784,underpaid
12.22,-1.7020612322711628,2.9982491600751784,underpaid
12.24,-1.7350477478560151,2.9982491600751784,underpaid
12.26,-1.766141007787482,2.9982491600751784,underpaid
12.280000000000001,-1.795328575176157,2.9982491600751784,underpaid
12.3,-1.8225987753842503,2.9982491600751784,underpaid
12.32,-1.847940700695272,2.9982491600751784,underpaid
12.34,-1.8713442146769896,2.9982491600751784,underpaid
12.36,-1.892799956235855,2.9982491600751784,underpaid
12.38,-1.9122993433613136,2.9982491600751784,underpaid
12.4,-1.9298345765585037,2.9982491600751784,underpaid
12.42,-1.9453986419679499,2.9982491600751784,underpaid
12.44,-1.9589853141710005,2.9982491600751784,underpaid
12.46,-1.9705891586799353,2.9982491600751784,underpaid
12.48,-1.9802055341116596,2.9982491600751784,underpaid
12.5,-1.987830594044219,2.9982491600751784,underpaid
12.52,-1.9934612885553076,2.9982491600751784,underpaid
12.540000000000001,-1.997095365442199,2.9982491600751784,underpaid
12.56,-1.9987313711225863,2.9982491600751784,underpaid
12.58,-1.9983686512160155,2.9982491600751784,underpaid
12.6,-1.996007350805609,2.9982491600751784,underpaid
12.620000000000001,-1.99164841438005,2.9982491600751784,underpaid
12.64,-1.9852935854557874,2.9982491600751784,underpaid
12.66,-1.9769454058796647,2.9982491600751784,underpaid
12.68,-1.9666072148122051,2.9982491600751784,underpaid
12.700000000000001,-1.9542831473919904,2.9982491600751784,underpaid
12.72,-1.9399781330816719,2.9982491600751784,underpaid
12.74,-1.9236978936962448,2.9982491600751784,underpaid
12.76,-1.9054489411143951,2.9982491600751784,underpaid
12.780000000000001,-1.8852385746738367,2.9982491600751784,underpaid
12.8,-1.863074878251684,2.9982491600751784,underpaid
12.82,-1.8389667170309867,2.9982491600751784,underpaid
12.84,-1.8129237339548023,2.9982491600751784,underpaid
12.86,-1.784956345869121,2.9982491600751784,underpaid
12.88,-1.7550757393562826,2.9982491600751784,underpaid
12.9,-1.7232938662604944,2.9982491600751784,underpaid
12.92,-1.6896234389072404,2.9982491600751784,underpaid
12.94,-1.6540779250185267,2.9982491600751784,underpaid
12.96,-1.6166715423259728,2.9982491600751784,underpaid
12.98,-1.5774192528839208,2.9982491600751784,underpaid
13.0,-1.536336757084781,2.9982491600751784,underpaid
13.02,-1.4934404873791163,2.9982491600751784,underpaid
13.040000000000001,-1.4487476017028644,2.9982491600751784,underpaid
13.06,-1.402275976614403,2.9982491600751784,underpaid
13.08,-1.3540442001441555,2.9982491600751784,underpaid
13.1,-1.3040715643596226,2.9982491600751784,underpaid
13.120000000000001,-1.252378057648821,2.9982491600751784,underpaid
13.14,-1.1989843567252088,2.9982491600751784,underpaid
13.16,-1.143911818357246,2.9982491600751784,underpaid
13.18,-1.0871824708259847,2.9982491600751784,underpaid
13.200000000000001,-1.0288190051140536,2.9982491600751784,underpaid
13.22,-0.9688447658295782,2.9982491600751784,underpaid
13.24,-0.9072837418686248,2.9982491600751784,underpaid
13.26,-0.8441605568199666,2.9982491600751784,underpaid
13.280000000000001,-0.7795004591159937,2.9982491600751784,underpaid
13.3,-0.7133293119336734,2.9982491600751784,underpaid
13.32,-0.6456735828496019,2.9982491600751784,underpaid
13.34,-0.5765603332533509,2.9982491600751784,underpaid
13.36,-0.5060172075232572,2.9982491600751784,underpaid
13.38,-0.4340724219690486,2.9982491600751784,underpaid
13.4,-0.36075475354570585,2.9982491600751784,underpaid
13.42,-0.28609352834303614,2.9982491600751784,underpaid
13.44,-0.21011860985565,2.9982491600751784,underpaid
13.46,-0.13286038703795278,2.9982491600751784,underpaid
13.48,-0.05434976214898768,2.9982491600751784,underpaid
13.5,0.02538186160809275,2.9982491600751784,underpaid
13.52,0.10630259264685549,2.9982491600751784,underpaid
13.540000000000001,0.1883800637538222,2.9982491600751784,underpaid
13.56,0.2715814450348919,2.9982491600751784,underpaid
13.58,0.35587345704689,2.9982491600751784,underpaid
13.6,0.4412223841088956,2.9982491600751784,underpaid
13.620000000000001,0.5275940877880583,2.9982491600751784,underpaid
13.64,0.6149540205544994,2.9982491600751784,underpaid
13.66,0.7032672395999047,2.9982491600751784,underpaid
13.68,0.7924984208141499,2.9982491600751784,underpaid
13.700000000000001,0.8826118729144881,2.9982491600751784,underpaid
13.72,0.9735715517215624,2.9982491600751784,underpaid
13.74,1.0653410745766365,2.9982491600751784,underpaid
13.76,1.1578837348941455,2.9982491600751784,underpaid
13.780000000000001,1.2511625168438556,2.9982491600751784,underpaid
13.8,1.3451401101566738,2.9982491600751784,underpaid
13.82,1.439778925048298,2.9982491600751784,underpaid
13.84,1.5350411072546066,2.9982491600751784,underpaid
13.86,1.6308885531728645,2.9982491600751784,underpaid
13.88,1.72728292510266,2.9982491600751784,underpaid
13.9,1.8241856665804441,2.9982491600751784,underpaid
13.92,1.9215580178016562,2.9982491600751784,underpaid
13.94,2.019361031124088,2.9982491600751784,underpaid
13.96,2.1175555866464375,2.9982491600751784,underpaid
13.98,2.216102407855729,2.9982491600751784,underpaid
14.0,2.314962077337423,2.9982491600751784,underpaid
14.02,2.414095052541839,2.9982491600751784,underpaid
14.040000000000001,2.513461681600658,2.9982491600751784,underpaid
14.06,2.6130222191871137,2.9982491600751784,underpaid
14.08,2.7127368424136318,2.9982491600751784,underpaid
14.1,2.8125656667604364,2.9982491600751784,underpaid
14.120000000000001,2.9124687620288263,2.9982491600751784,underpaid
14.14,3.0124061683127046,2.9982491600751784,underpaid
14.16,3.112337911982044,2.9982491600751784,underpaid
14.18,3.212224021671787,2.9982491600751784,underpaid
14.200000000000001,3.312024544269857,2.9982491600751784,underpaid
14.22,3.4116995608978584,2.9982491600751784,underpaid
14.24,3.5112092028781277,2.9982491600751784,underpaid
14.26,3.6105136676806513,2.9982491600751784,underpaid
14.280000000000001,3.7095732348435604,2.9982491600751784,underpaid
14.3,3.8083482818607486,2.9982491600751784,underpaid
14.32,3.906799300030398,2.9982491600751784,underpaid
14.34,4.004886910257905,2.9982491600751784,underpaid
14.36,4.102571878807002,2.9982491600751784,underpaid
14.38,4.199815132992718,2.9982491600751784,underpaid
14.4,4.296577776809924,2.9982491600751784,underpaid
14.42,4.392821106491255,2.9982491600751784,underpaid
14.44,4.488506625988062,2.9982491600751784,underpaid
14.46,4.583596062368349,2.9982491600751784,underpaid
14.48,4.678051381125385,2.9982491600751784,underpaid
14.5,4.771834801391067,2.9982491600751784,underpaid
14.52,4.864908811047716,2.9982491600751784,underpaid
14.540000000000001,4.957236181732448,2.9982491600751784,underpaid
14.56,5.048779983727988,2.9982491600751784,underpaid
14.58,5.139503600734111,2.9982491600751784,underpaid
14.6,5.22937074451365,2.9982491600751784,underpaid
14.620000000000001,5.318345469407314,2.9982491600751784,underpaid
14.64,5.406392186711441,2.9982491600751784,underpaid
14.66,5.493475678913059,2.9982491600751784,underpaid
14.68,5.579561113776384,2.9982491600751784,underpaid
14.700000000000001,5.664614058275273,2.9982491600751784,underpaid
14.72,5.748600492365929,2.9982491600751784,underpaid
14.74,5.831486822594533,2.9982491600751784,underpaid
14.76,5.913239895534128,2.9982491600751784,underpaid
14.780000000000001,5.993827011045571,2.9982491600751784,underpaid
14.8,6.0732159353571245,2.9982491600751784,underpaid
14.82,6.151374913957575,2.9982491600751784,underpaid
14.84,6.22827268429759,2.9982491600751784,underpaid
14.86,6.30387848829432,2.9982491600751784,underpaid
14.88,6.378162084634241,2.9982491600751784,underpaid
14.9,6.4510937608692345,2.9982491600751784,underpaid
14.92,6.522644345301227,2.9982491600751784,underpaid
14.94,6.592785218650437,2.9982491600751784,underpaid
14.96,6.661488325502731,2.9982491600751784,underpaid
14.98,6.728726185531386,2.9982491600751784,underpaid
15.0,6.794471904488891,2.9982491600751784,underpaid
15.02,6.858699184964255,2.9982491600751784,underpaid
15.040000000000001,6.921382336901653,2.9982491600751784,underpaid
15.06,6.982496287876058,2.9982491600751784,underpaid
15.08,7.0420165931219305,2.9982491600751784,underpaid
15.1,7.099919445310764,2.9982491600751784,underpaid
15.120000000000001,7.156181684073717,2.9982491600751784,underpaid
15.14,7.210780805265426,2.9982491600751784,underpaid
15.16,7.263694969965398,2.9982491600751784,underpaid
15.18,7.314903013213268,2.9982491600751784,underpaid
15.200000000000001,7.3643844524745035,2.9982491600751784,underpaid
15.22,7.412119495833135,2.9982491600751784,underpaid
15.24,7.458089049908285,2.9982491600751784,underpaid
15.26,7.5022747274912405,2.9982491600751784,underpaid
15.280000000000001,7.544658854900106,2.9982491600751784,underpaid
15.3,7.585224479049026,2.9982491600751784,underpaid
15.32,7.623955374229213,2.9982491600751784,underpaid
15.34,7.660836048598997,2.9982491600751784,underpaid
15.36,7.695851750380369,2.9982491600751784,underpaid
15.38,7.728988473759486,2.9982491600751784,underpaid
15.4,7.760232964488813,2.9982491600751784,underpaid
15.42,7.789572725188642,2.9982491600751784,underpaid
15.44,7.816996020345892,2.9982491600751784,underpaid
15.46,7.842491881008135,2.9982491600751784,underpaid
15.48,7.866050109171043,2.9982491600751784,underpaid
15.5,7.887661281857461,2.9982491600751784,underpaid
15.52,7.907316754886461,2.9982491600751784,underpaid
15.540000000000001,7.925008666330896,2.9982491600751784,underpaid
15.56,7.940729939662081,2.9982491600751784,underpaid
15.58,7.954474286580297,2.9982491600751784,underpaid
15.6,7.966236209530028,2.9982491600751784,underpaid
15.620000000000001,7.976011003898925,2.9982491600751784,underpaid
15.64,7.983794759899564,2.9982491600751784,underpaid
15.66,7.989584364133328,2.9982491600751784,underpaid
15.68,7.993377500835717,2.9982491600751784,underpaid
15.700000000000001,7.995172652802626,2.9982491600751784,underpaid
15.72,7.994969101997203,2.9982491600751784,underpaid
15.74,7.992766929837053,2.9982491600751784,underpaid
15.76,7.9885670171616825,2.9982491600751784,underpaid
15.780000000000001,7.982371043880162,2.9982491600751784,underpaid
15.8,7.974181488299191,2.9982491600751784,underpaid
15.82,7.96400162613181,2.9982491600751784,underpaid
15.84,7.951835529187157,2.9982491600751784,underpaid
15.860000000000001,7.9376880637417955,2.9982491600751784,underpaid
15.88,7.9215648885932755,2.9982491600751784,underpaid
15.9,7.903472452796684,2.9982491600751784,underpaid
15.92,7.883417993085106,2.9982491600751784,underpaid
15.94,7.861409530975044,2.9982491600751784,underpaid
15.96,7.837455869557893,2.9982491600751784,underpaid
15.98,7.811566589978844,2.9982491600751784,underpaid
16.0,7.783752047604546,2.9982491600751784,underpaid
16.02,7.754023367881091,2.9982491600751784,underpaid
16.04,7.72239244188399,2.9982491600751784,underpaid
16.06,7.688871921561903,2.9982491600751784,underpaid
16.080000000000002,7.653475214676018,2.9982491600751784,underpaid
16.1,7.616216479437153,2.9982491600751784,underpaid
16.12,7.577110618842619,2.9982491600751784,underpaid
16.14,7.5361732747152494,2.9982491600751784,underpaid
16.16,7.493420821446874,2.9982491600751784,underpaid
16.18,7.448870359448771,2.9982491600751784,underpaid
16.2,7.402539708311744,2.9982491600751784,underpaid
16.22,7.354447399678513,2.9982491600751784,underpaid
16.240000000000002,7.304612669831302,2.9982491600751784,underpaid
16.26,7.253055451997611,2.9982491600751784,underpaid
16.28,7.199796368377145,2.9982491600751784,underpaid
16.3,7.144856721893241,2.9982491600751784,underpaid
16.32,7.088258487671972,2.9982491600751784,underpaid
16.34,7.030024304252398,2.9982491600751784,underpaid
16.36,6.970177464531437,2.9982491600751784,underpaid
16.38,6.90874190644703,2.9982491600751784,underpaid
16.4,6.845742203403285,2.9982491600751784,underpaid
16.42,6.781203554441419,2.9982491600751784,underpaid
16.44,6.715151774160537,2.9982491600751784,underpaid
16.46,6.6476132823920615,2.9982491600751784,underpaid
16.48,6.5786150936322,2.9982491600751784,underpaid
16.5,6.508184806236493,2.9982491600751784,underpaid
16.52,6.4363505913808385,2.9982491600751784,underpaid
16.54,6.3631411817934005,2.9982491600751784,underpaid
16.56,6.288585860261906,2.9982491600751784,underpaid
16.580000000000002,6.212714447920893,2.9982491600751784,underpaid
16.6,6.135557292323723,2.9982491600751784,underpaid
16.62,6.057145255303871,2.9982491600751784,underpaid
16.64,5.977509700630662,2.9982491600751784,underpaid
16.66,5.896682481464179,2.9982491600751784,underpaid
16.68,5.814695927614398,2.9982491600751784,underpaid
16.7,5.73158283260973,2.9982491600751784,underpaid
16.72,5.6473764405800075,2.9982491600751784,underpaid
16.740000000000002,5.562110432959296,2.9982491600751784,underpaid
16.76,5.4758189150138055,2.9982491600751784,underpaid
16.78,5.388536402200163,2.9982491600751784,underpaid
16.8,5.300297806359742,2.9982491600751784,underpaid
16.82,5.211138421754379,2.9982491600751784,underpaid
16.84,5.121093910949144,2.9982491600751784,underpaid
16.86,5.030200290547775,2.9982491600751784,underpaid
16.88,4.938493916786541,2.9982491600751784,underpaid
16.9,4.846011470992206,2.9982491600751784,underpaid
16.92,4.75278994490999,2.9982491600751784,underpaid
16.94,4.658866625907422,2.9982491600751784,underpaid
16.96,4.564279082059791,2.9982491600751784,underpaid
16.98,4.469065147123487,2.9982491600751784,underpaid
17.0,4.373262905402983,2.9982491600751784,underpaid
17.02,4.27691067651762,2.9982491600751784,underpaid
17.04,4.180047000074273,2.9982491600751784,underpaid
17.06,4.082710620252021,2.9982491600751784,underpaid
17.080000000000002,3.9849404703049736,2.9982491600751784,underpaid
17.1,3.8867756569895615,2.9982491600751784,underpaid
17.12,3.7882554449222425,2.9982491600751784,underpaid
17.14,3.6894192408742654,2.9982491600751784,underpaid
17.16,3.5903065780094447,2.9982491600751784,underpaid
17.18,3.490957100071446,2.9982491600751784,underpaid
17.2,3.3914105455267975,2.9982491600751784,underpaid
17.22,3.291706731670052,2.9982491600751784,underpaid
17.240000000000002,3.191885538697365,2.9982491600751784,underpaid
17.26,3.091986893755031,2.9982491600751784,underpaid
17.28,2.9920507549690463,2.9982491600751784,underpaid
17.3,2.892117095462458,2.9982491600751784,underpaid
17.32,2.7922258873666426,2.9982491600751784,underpaid
17.34,2.6924170858329664,2.9982491600751784,underpaid
17.36,2.592730613051282,2.9982491600751784,underpaid
17.38,2.4932063422815656,2.9982491600751784,underpaid
17.400000000000002,2.3938840819051332,2.9982491600751784,underpaid
17.42,2.2948035595018954,2.9982491600751784,underpaid
17.44,2.1960044059597355,2.9982491600751784,underpaid
17.46,2.0975261396227687,2.9982491600751784,underpaid
17.48,1.999408150484502,2.9982491600751784,underpaid
17.5,1.9016896844323679,2.9982491600751784,underpaid
17.52,1.804409827549895,2.9982491600751784,underpaid
17.54,1.7076074904827845,2.9982491600751784,underpaid
17.56,1.6113213928751868,2.9982491600751784,underpaid
17.580000000000002,1.515590047882327,2.9982491600751784,underpaid
17.6,1.4204517467658384,2.9982491600751784,underpaid
17.62,1.3259445435776538,2.9982491600751784,underpaid
17.64,1.2321062399389717,2.9982491600751784,underpaid
17.66,1.138974369920085,2.9982491600751784,underpaid
17.68,1.0465861850272589,2.9982491600751784,underpaid
17.7,0.9549786393026274,2.9982491600751784,underpaid
17.72,0.8641883745430619,2.9982491600751784,underpaid
17.740000000000002,0.7742517056439269,2.9982491600751784,underpaid
17.76,0.6852046060736772,2.9982491600751784,underpaid
17.78,0.5970826934848468,2.9982491600751784,underpaid
17.8,0.509921215467525,2.9982491600751784,underpaid
17.82,0.4237550354507835,2.9982491600751784,underpaid
17.84,0.33861861875776,2.9982491600751784,underpaid
17.86,0.2545460188199957,2.9982491600751784,underpaid
17.88,0.17157086355651252,2.9982491600751784,underpaid
17.900000000000002,0.08972634192308071,2.9982491600751784,underpaid
17.92,0.009045190637140266,2.9982491600751784,underpaid
17.94,-0.07044031891654967,2.9982491600751784,underpaid
17.96,-0.1486983935939552,2.9982491600751784,underpaid
17.98,-0.22569773120863523,2.9982491600751784,underpaid
18.0,-0.30140753305218837,2.9982491600751784,underpaid
18.02,-0.3757975162133267,2.9982491600751784,underpaid
18.04,-0.4488379256906381,2.9982491600751784,underpaid
18.06,-0.5204995462941913,2.9982491600751784,underpaid
18.080000000000002,-0.5907537143312318,2.9982491600751784,underpaid
18.1,-0.6595723290712332,2.9982491600751784,underpaid
18.12,-0.7269278639858765,2.9982491600751784,underpaid
18.14,-0.7927933777592635,2.9982491600751784,underpaid
18.16,-0.8571425250640736,2.9982491600751784,underpaid
18.18,-0.9199495670993674,2.9982491600751784,underpaid
18.2,-0.9811893818857431,2.9982491600751784,underpaid
18.22,-1.0408374743138076,2.9982491600751784,underpaid
18.240000000000002,-1.0988699859418993,2.9982491600751784,underpaid
18.26,-1.155263704539097,2.9982491600751784,underpaid
18.28,-1.2099960733698847,2.9982491600751784,underpaid
18.3,-1.2630452002164816,2.9982491600751784,underpaid
18.32,-1.314389866135464,2.9982491600751784,underpaid
18.34,-1.3640095339450475,2.9982491600751784,underpaid
18.36,-1.411884356439698,2.9982491600751784,underpaid
18.38,-1.4579951843287375,2.9982491600751784,underpaid
18.400000000000002,-1.5023235738958238,2.9982491600751784,underpaid
18.42,-1.5448517943761484,2.9982491600751784,underpaid
18.44,-1.5855628350485649,2.9982491600751784,underpaid
18.46,-1.624440412039613,2.9982491600751784,underpaid
18.48,-1.6614689748368505,2.9982491600751784,underpaid
18.5,-1.6966337125088717,2.9982491600751784,underpaid
18.52,-1.7299205596294627,2.9982491600751784,underpaid
18.54,-1.7613162019035968,2.9982491600751784,underpaid
18.56,-1.7908080814929601,2.9982491600751784,underpaid
18.580000000000002,-1.8183844020389497,2.9982491600751784,underpaid
18.6,-1.8440341333810117,2.9982491600751784,underpaid
18.62,-1.8677470159686091,2.9982491600751784,underpaid
18.64,-1.8895135649648704,2.9982491600751784,underpaid
18.66,-1.909325074040419,2.9982491600751784,underpaid
18.68,-1.9271736188557718,2.9982491600751784,underpaid
18.7,-1.9430520602309809,2.9982491600751784,underpaid
18.72,-1.9569540470012043,2.9982491600751784,underpaid
18.740000000000002,-1.9688740185570932,2.9982491600751784,underpaid
18.76,-1.9788072070689537,2.9982491600751784,underpaid
18.78,-1.9867496393938247,2.9982491600751784,underpaid
18.8,-1.9926981386646734,2.9982491600751784,underpaid
18.82,-1.9966503255611006,2.9982491600751784,underpaid
18.84,-1.9986046192610463,2.9982491600751784,underpaid
18.86,-1.998560238073086,2.9982491600751784,underpaid
18.88,-1.9965171997491034,2.9982491600751784,underpaid
18.900000000000002,-1.992476321477188,2.9982491600751784,underpaid
18.92,-1.9864392195547715,2.9982491600751784,underpaid
18.94,-1.978408308742127,2.9982491600751784,underpaid
18.96,-1.9683868012965036,2.9982491600751784,underpaid
18.98,-1.9563787056872624,2.9982491600751784,underpaid
19.0,-1.9423888249925412,2.9982491600751784,underpaid
19.02,-1.926422754978086,2.9982491600751784,underpaid
19.04,-1.9084868818590301,2.9982491600751784,underpaid
19.06,-1.888588379745471,2.9982491600751784,underpaid
19.080000000000002,-1.8667352077729475,2.9982491600751784,underpaid
19.1,-1.8429361069188808,2.9982491600751784,underpaid
19.12,-1.8172005965062947,2.9982491600751784,underpaid
19.14,-1.7895389703962135,2.9982491600751784,underpaid
19.16,-1.75996229287027,2.9982491600751784,underpaid
19.18,-1.7284823942051197,2.9982491600751784,underpaid
19.2,-1.6951118659405058,2.9982491600751784,underpaid
19.22,-1.6598640558427995,2.9982491600751784,underpaid
19.240000000000002,-1.6227530625660673,2.9982491600751784,underpaid
19.26,-1.583793730012827,2.9982491600751784,underpaid
19.28,-1.543001641396641,2.9982491600751784,underpaid
19.3,-1.5003931130090677,2.9982491600751784,underpaid
19.32,-1.4559851876933596,2.9982491600751784,underpaid
19.34,-1.4097956280275437,2.9982491600751784,underpaid
19.36,-1.3618429092196358,2.9982491600751784,underpaid
19.38,-1.3121462117177938,2.9982491600751784,underpaid
19.400000000000002,-1.2607254135383972,2.9982491600751784,underpaid
19.42,-1.2076010823151364,2.9982491600751784,underpaid
19.44,-1.152794467072173,2.9982491600751784,underpaid
19.46,-1.0963274897248603,2.9982491600751784,underpaid
19.48,-1.0382227363112584,2.9982491600751784,underpaid
19.5,-0.9785034479580084,2.9982491600751784,underpaid
19.52,-0.9171935115842054,2.9982491600751784,underpaid
19.54,-0.8543174503469455,2.9982491600751784,underpaid
19.56,-0.7899004138323864,2.9982491600751784,underpaid
19.580000000000002,-0.7239681679962402,2.9982491600751784,underpaid
19.6,-0.6565470848577792,2.9982491600751784,underpaid
19.62,-0.5876641319513141,2.9982491600751784,underpaid
19.64,-0.5173468615395755,2.9982491600751784,underpaid
19.66,-0.44562339959318287,2.9982491600751784,underpaid
19.68,-0.37252243454060796,2.9982491600751784,underpaid
19.7,-0.2980732057932105,2.9982491600751784,underpaid
19.72,-0.22230549204984484,2.9982491600751784,underpaid
19.740000000000002,-0.14524959938577098,2.9982491600751784,underpaid
19.76,-0.06693634913068358,2.9982491600751784,underpaid
19.78,0.01260293445948868,2.9982491600751784,underpaid
19.8,0.09333643673182301,2.9982491600751784,underpaid
19.82,0.17523186536184276,2.9982491600751784,underpaid
19.84,0.2582564632700173,2.9982491600751784,underpaid
19.86,0.3423770217241646,2.9982491600751784,underpaid
19.88,0.4275598936224956,2.9982491600751784,underpaid
19.900000000000002,0.5137710069520249,2.9982491600751784,underpaid
19.92,0.600975878416854,2.9982491600751784,underpaid
19.94,0.6891396272311283,2.9982491600751784,underpaid
19.96,0.7782269890708235,2.9982491600751784,underpaid
19.98,0.8682023301790185,2.9982491600751784,underpaid
20.0,0.9590296616189296,2.9982491600751784,underpaid
20.02,1.0506726536689897,2.9982491600751784,underpaid
20.04,1.1430946503542732,2.9982491600751784,underpaid
20.06,1.23625868410838,2.9982491600751784,underpaid
20.080000000000002,1.3301274905599971,2.9982491600751784,underpaid
20.1,1.4246635234380793,2.9982491600751784,underpaid
20.12,1.5198289695899536,2.9982491600751784,underpaid
20.14,1.6155857641060134,2.9982491600751784,underpaid
20.16,1.7118956055451964,2.9982491600751784,underpaid
20.18,1.8087199712550408,2.9982491600751784,underpaid
20.2,1.9060201327802346,2.9982491600751784,underpaid
20.22,2.0037571713534863,2.9982491600751784,underpaid
20.240000000000002,2.1018919934625266,2.9982491600751784,underpaid
20.26,2.200385346486927,2.9982491600751784,underpaid
20.28,2.2991978343987203,2.9982491600751784,underpaid
20.3,2.398289933520223,2.9982491600751784,underpaid
20.32,2.497622008332998,2.9982491600751784,underpaid
20.34,2.5971543273315305,2.9982491600751784,underpaid
20.36,2.6968470789153027,2.9982491600751784,underpaid
20.38,2.796660387312894,2.9982491600751784,underpaid
20.400000000000002,2.8965543285317974,2.9982491600751784,underpaid
20.42,2.996488946327384,2.9982491600751784,underpaid
20.44,3.096424268185002,2.9982491600751784,underpaid
20.46,3.1963203213083595,2.9982491600751784,underpaid
20.48,3.296137148608139,2.9982491600751784,underpaid
20.5,3.3958348246842913,2.9982491600751784,underpaid
20.52,3.4953734717956717,2.9982491600751784,underpaid
20.54,3.594713275810598,2.9982491600751784,underpaid
20.56,3.693814502131982,2.9982491600751784,underpaid
20.580000000000002,3.792637511590641,2.9982491600751784,underpaid
20.6,3.891142776300379,2.9982491600751784,underpaid
20.62,3.9892908954687147,2.9982491600751784,underpaid
20.64,4.087042611156608,2.9982491600751784,underpaid
20.66,4.184358823981121,2.9982491600751784,underpaid
20.68,4.2812006087546575,2.9982491600751784,underpaid
20.7,4.377529230054513,2.9982491600751784,underpaid
20.72,4.4733061577165305,2.9982491600751784,underpaid
20.740000000000002,4.568493082246675,2.9982491600751784,underpaid
20.76,4.66305193014424,2.9982491600751784,underpaid
20.78,4.756944879130851,2.9982491600751784,underpaid
20.8,4.850134373278804,2.9982491600751784,underpaid
20.82,4.942583138032951,2.9982491600751784,underpaid
20.84,5.03425419512002,2.9982491600751784,underpaid
20.86,5.125110877339441,2.9982491600751784,underpaid
20.88,5.215116843229739,2.9982491600751784,underpaid
20.900000000000002,5.304236091604631,2.9982491600751784,underpaid
20.92,5.392432975952975,2.9982491600751784,underpaid
20.94,5.479672218696997,2.9982491600751784,underpaid
20.96,5.565918925302768,2.9982491600751784,underpaid
20.98,5.651138598237587,2.9982491600751784,underpaid
21.0,5.735297150768531,2.9982491600751784,underpaid
21.02,5.818360920596685,2.9982491600751784,underpaid
21.04,5.900296683321617,2.9982491600751784,underpaid
21.06,5.981071665730704,2.9982491600751784,underpaid
21.080000000000002,6.060653558907976,2.9982491600751784,underpaid
21.1,6.1390105311572185,2.9982491600751784,underpaid
21.12,6.216111240734286,2.9982491600751784,underpaid
21.14,6.291924848383347,2.9982491600751784,underpaid
21.16,6.366421029672173,2.9982491600751784,underpaid
21.18,6.439569987121521,2.9982491600751784,underpaid
21.2,6.511342462123716,2.9982491600751784,underpaid
21.22,6.581709746645712,2.9982491600751784,underpaid
21.240000000000002,6.650643694711929,2.9982491600751784,underpaid
21.26,6.718116733662223,2.9982491600751784,underpaid
21.28,6.784101875180655,2.9982491600751784,underpaid
21.3,6.84857272609041,2.9982491600751784,underpaid
21.32,6.911503498910719,2.9982491600751784,underpaid
21.34,6.972869022171524,2.9982491600751784,underpaid
21.36,7.032644750481717,2.9982491600751784,underpaid
21.38,7.090806774346969,2.9982491600751784,underpaid
21.400000000000002,7.147331829733231,2.9982491600751784,underpaid
21.42,7.202197307371984,2.9982491600751784,underpaid
21.44,7.255381261803713,2.9982491600751784,underpaid
21.46,7.306862420155756,2.9982491600751784,underpaid
21.48,7.356620190651176,2.9982491600751784,underpaid
21.5,7.404634670845205,2.9982491600751784,underpaid
21.52,7.4508866555859505,2.9982491600751784,underpaid
21.54,7.495357644696201,2.9982491600751784,underpaid
21.56,7.538029850373247,2.9982491600751784,underpaid
21.580000000000002,7.578886204303785,2.9982491600751784,underpaid
21.6,7.617910364490971,2.9982491600751784,underpaid
21.62,7.655086721791052,2.9982491600751784,underpaid
21.64,7.690400406156785,2.9982491600751784,underpaid
21.66,7.72383729258527,2.9982491600751784,underpaid
21.68,7.75538400676775,2.9982491600751784,underpaid
21.7,7.785027930439174,2.9982491600751784,underpaid
21.72,7.812757206425317,2.9982491600751784,underpaid
21.740000000000002,7.838560743385511,2.9982491600751784,underpaid
21.76,7.862428220249003,2.9982491600751784,underpaid
21.78,7.88435009034328,2.9982491600751784,underpaid
21.8,7.9043175852125955,2.9982491600751784,underpaid
21.82,7.922322718125228,2.9982491600751784,underpaid
21.84,7.9383582872680805,2.9982491600751784,underpaid
21.86,7.952417878627299,2.9982491600751784,underpaid
21.88,7.9644958685538,2.9982491600751784,underpaid
21.900000000000002,7.974587426012649,2.9982491600751784,underpaid
21.92,7.982688514515415,2.9982491600751784,underpaid
21.94,7.988795893734709,2.9982491600751784,underpaid
21.96,7.992907120800277,2.9982491600751784,underpaid
21.98,7.995020551276104,2.9982491600751784,underpaid
22.0,7.995135339818184,2.9982491600751784,underpaid
22.02,7.993251440512626,2.9982491600751784,underpaid
22.04,7.989369606894035,2.9982491600751784,underpaid
22.06,7.983491391644103,2.9982491600751784,underpaid
22.080000000000002,7.975619145970551,2.9982491600751784,underpaid
22.1,7.965756018666692,2.9982491600751784,underpaid
22.12,7.953905954851935,2.9982491600751784,underpaid
22.14,7.9400736943938135,2.9982491600751784,underpaid
22.16,7.92426477001208,2.9982491600751784,underpaid
22.18,7.906485505065702,2.9982491600751784,underpaid
22.2,7.886743011023608,2.9982491600751784,underpaid
22.22,7.8650451846201825,2.9982491600751784,underpaid
22.240000000000002,7.841400704696685,2.9982491600751784,underpaid
22.26,7.815819028729834,2.9982491600751784,underpaid
22.28,7.788310389048931,2.9982491600751784,underpaid
22.3,7.7588857887430684,2.9982491600751784,underpaid
22.32,7.72755699726005,2.9982491600751784,underpaid
22.34,7.694336545698752,2.9982491600751784,underpaid
22.36,7.659237721796872,2.9982491600751784,underpaid
22.38,7.622274564615986,2.9982491600751784,underpaid
22.400000000000002,7.583461858926127,2.9982491600751784,underpaid
22.42,7.542815129292091,2.9982491600751784,underpaid
22.44,7.5003506338637695,2.9982491600751784,underpaid
22.46,7.456085357873153,2.9982491600751784,underpaid
22.48,7.410037006840444,2.9982491600751784,underpaid
22.5,7.362223999492079,2.9982491600751784,underpaid
22.52,7.312665460393504,2.9982491600751784,underpaid
22.54,7.261381212299584,2.9982491600751784,underpaid
22.56,7.2083917682257805,2.9982491600751784,underpaid
22.580000000000002,7.15371832324319,2.9982491600751784,underpaid
22.6,7.097382746000859,2.9982491600751784,underpaid
22.62,7.039407569978545,2.9982491600751784,underpaid
22.64,6.979815984473662,2.9982491600751784,underpaid
22.66,6.918631825325873,2.9982491600751784,underpaid
22.68,6.85587956538305,2.9982491600751784,underpaid
22.7,6.7915843047124955,2.9982491600751784,underpaid
22.72,6.725771760561212,2.9982491600751784,underpaid
22.740000000000002,6.6584682570693605,2.9982491600751784,underpaid
22.76,6.589700714740992,2.9982491600751784,underpaid
22.78,6.519496639676142,2.9982491600751784,underpaid
22.8,6.44788411256879,2.9982491600751784,underpaid
22.82,6.3748917774749625,2.9982491600751784,underpaid
22.84,6.300548830355474,2.9982491600751784,underpaid
22.86,6.224885007397949,2.9982491600751784,underpaid
22.88,6.147930573122734,2.9982491600751784,underpaid
22.900000000000002,6.069716308277478,2.9982491600751784,underpaid
22.92,5.990273497525305,2.9982491600751784,underpaid
22.94,5.909633916931277,2.9982491600751784,underpaid
22.96,5.827829821252452,2.9982491600751784,underpaid
22.98,5.744893931036394,2.9982491600751784,underpaid
23.0,5.660859419533395,2.9982491600751784,underpaid
23.02,5.575759899427609,2.9982491600751784,underpaid
23.04,5.489629409392435,2.9982491600751784,underpaid
23.06,5.402502400475495,2.9982491600751784,underpaid
23.080000000000002,5.314413722318658,2.9982491600751784,underpaid
23.1,5.2253986092187255,2.9982491600751784,underpaid
23.12,5.1354926660340645,2.9982491600751784,underpaid
23.14,5.044731853943219,2.9982491600751784,underpaid
23.16,4.9531524760609,2.9982491600751784,underpaid
23.18,4.8607911629172165,2.9982491600751784,underpaid
23.2,4.767684857805957,2.9982491600751784,underpaid
23.22,4.673870802007768,2.9982491600751784,underpaid
23.240000000000002,4.579386519894113,2.9982491600751784,underpaid
23.26,4.484269803918098,2.9982491600751784,underpaid
23.28,4.388558699497889,2.9982491600751784,underpaid
23.3,4.2922914897991244,2.9982491600751784,underpaid
23.32,4.195506680422138,2.9982491600751784,underpaid
23.34,4.098242984000235,2.9982491600751784,underpaid
23.36,4.000539304715149,2.9982491600751784,underpaid
23.38,3.902434722735899,2.9982491600751784,underpaid
23.400000000000002,3.803968478587212,2.9982491600751784,underpaid
23.42,3.70517995745392,2.9982491600751784,underpaid
23.44,3.606108673427295,2.9982491600751784,underpaid
23.46,3.506794253700013,2.9982491600751784,underpaid
23.48,3.4072764227157943,2.9982491600751784,underpaid
23.5,3.307594986280142,2.9982491600751784,underpaid
23.52,3.2077898156385647,2.9982491600751784,underpaid
23.54,3.1079008315285996,2.9982491600751784,underpaid
23.56,3.007967988212057,2.9982491600751784,underpaid
23.580000000000002,2.908031257493821,2.9982491600751784,underpaid
23.6,2.80813061273375,2.9982491600751784,underpaid
23.62,2.708306012857733,2.9982491600751784,underpaid
23.64,2.608597386374747,2.9982491600751784,underpaid
23.66,2.509044615405953,2.9982491600751784,underpaid
23.68,2.409687519732387,2.9982491600751784,underpaid
23.7,2.310565840867575,2.9982491600751784,underpaid
23.72,2.211719226161456,2.9982491600751784,underpaid
23.740000000000002,2.1131872129419573,2.9982491600751784,underpaid
23.76,2.0150092127006634,2.9982491600751784,underpaid
23.78,1.917224495328627,2.9982491600751784,underpaid
23.8,1.8198721734090206,2.9982491600751784,underpaid
23.82,1.722991186572596,2.9982491600751784,underpaid
23.84,1.6266202859223586,2.9982491600751784,underpaid
23.86,1.530798018533643,2.9982491600751784,underpaid
23.88,1.4355627120357877,2.9982491600751784,underpaid
23.900000000000002,1.340952459281592,2.9982491600751784,underpaid
23.92,1.2470051031107339,2.9982491600751784,underpaid
23.94,1.153758221213053,2.9982491600751784,underpaid
23.96,1.0612491110980322,2.9982491600751784,underpaid
23.98,0.9695147751762789,2.9982491600751784,underpaid
24.0,0.8785919059590555,2.9982491600751784,underpaid
24.02,0.7885168713817556,2.9982491600751784,underpaid
24.04,0.69932570025723,2.9982491600751784,underpaid
24.060000000000002,0.6110540678647141,2.9982491600751784,underpaid
24.080000000000002,0.523737281680253,2.9982491600751784,underpaid
24.1,0.4374102672540978,2.9982491600751784,underpaid
24.12,0.3521075542410088,2.9982491600751784,underpaid
24.14,0.2678632625888344,2.9982491600751784,underpaid
24.16,0.1847110888909942,2.9982491600751784,underpaid
24.18,0.10268429290828607,2.9982491600751784,underpaid
24.2,0.02181568426543201,2.9982491600751784,underpaid
24.22,-0.057862390672353214,2.9982491600751784,underpaid
24.240000000000002,-0.13631806173746241,2.9982491600751784,underpaid
24.26,-0.21351994770750515,2.9982491600751784,underpaid
24.28,-0.2894371688574502,2.9982491600751784,underpaid
24.3,-0.36403935931105735,2.9982491600751784,underpaid
24.32,-0.437296679186824,2.9982491600751784,underpaid
24.34,-0.5091798265335559,2.9982491600751784,underpaid
24.36,-0.5796600490507391,2.9982491600751784,underpaid
24.38,-0.6487091555890903,2.9982491600751784,underpaid
24.400000000000002,-0.7162995274266528,2.9982491600751784,underpaid
24.42,-0.782404129315859,2.9982491600751784,underpaid
24.44,-0.8469965202973437,2.9982491600751784,underpaid
24.46,-0.9100508642759397,2.9982491600751784,underpaid
24.48,-0.9715419403547685,2.9982491600751784,underpaid
24.5,-1.0314451529232684,2.9982491600751784,underpaid
24.52,-1.0897365414951068,2.9982491600751784,underpaid
24.54,-1.1463927902920705,2.9982491600751784,underpaid
24.560000000000002,-1.20139123757005,2.9982491600751784,underpaid
24.580000000000002,-1.25470988468342,2.9982491600751784,underpaid
24.6,-1.306327404884252,2.9982491600751784,underpaid
24.62,-1.3562231518526886,2.9982491600751784,underpaid
24.64,-1.4043771679552126,2.9982491600751784,underpaid
24.66,-1.4507701922274254,2.9982491600751784,underpaid
24.68,-1.4953836680781851,2.9982491600751784,underpaid
24.7,-1.5381997507119873,2.9982491600751784,underpaid
24.72,-1.579201314266653,2.9982491600751784,underpaid
24.740000000000002,-1.6183719586634506,2.9982491600751784,underpaid
24.76,-1.655696016166873,2.9982491600751784,underpaid
24.78,-1.6911585576515726,2.9982491600751784,underpaid
24.8,-1.7247453985737842,2.9982491600751784,underpaid
24.82,-1.7564431046449585,2.9982491600751784,underpaid
24.84,-1.7862389972052952,2.9982491600751784,underpaid
24.86,-1.8141211582950465,2.9982491600751784,underpaid
24.88,-1.8400784354215283,2.9982491600751784,underpaid
24.900000000000002,-1.864100446019993,2.9982491600751784,underpaid
24.92,-1.8861775816064767,2.9982491600751784,underpaid
24.94,-1.9063010116211103,2.9982491600751784,underpaid
24.96,-1.9244626869601973,2.9982491600751784,underpaid
24.98,-1.9406553431957523,2.9982491600751784,underpaid
25.0,-1.954872503481182,2.9982491600751784,underpaid
25.02,-1.9671084811419277,2.9982491600751784,underpaid
25.04,-1.9773583819500757,2.9982491600751784,underpaid
25.060000000000002,-1.9856181060819633,2.9982491600751784,underpaid
25.080000000000002,-1.9918843497580614,2.9982491600751784,underpaid
25.1,-1.9961546065644562,2.9982491600751784,underpaid
25.12,-1.9984271684553558,2.9982491600751784,underpaid
25.14,-1.9987011264363073,2.9982491600751784,underpaid
25.16,-1.9969763709277704,2.9982491600751784,underpaid
25.18,-1.9932535918089496,2.9982491600751784,underpaid
25.2,-1.9875342781418581,2.9982491600751784,underpaid
25.22,-1.9798207175757057,2.9982491600751784,underpaid
25.240000000000002,-1.9701159954318719,2.9982491600751784,underpaid
25.26,-1.9584239934698218,2.9982491600751784,underpaid
25.28,-1.944749388334447,2.9982491600751784,underpaid
25.3,-1.929097649685481,2.9982491600751784,underpaid
25.32,-1.911475038009689,2.9982491600751784,underpaid
25.34,-1.8918886021167793,2.9982491600751784,underpaid
25.36,-1.8703461763199627,2.9982491600751784,underpaid
25.38,-1.846856377302327,2.9982491600751784,underpaid
25.400000000000002,-1.821428600670279,2.9982491600751784,underpaid
25.42,-1.7940730171954513,2.9982491600751784,underpaid
25.44,-1.7648005687464945,2.9982491600751784,underpaid
25.46,-1.7336229639124898,2.9982491600751784,underpaid
25.48,-1.7005526733196774,2.9982491600751784,underpaid
25.5,-1.6656029246433643,2.9982491600751784,underpaid
25.52,-1.628787697317028,2.9982491600751784,underpaid
25.54,-1.5901217169407378,2.9982491600751784,underpaid
25.560000000000002,-1.5496204493910959,2.9982491600751784,underpaid
25.580000000000002,-1.5073000946351307,2.9982491600751784,underpaid
25.6,-1.4631775802504663,2.9982491600751784,underpaid
25.62,-1.4172705546545714,2.9982491600751784,underpaid
25.64,-1.3695973800455938,2.9982491600751784,underpaid
25.66,-1.3201771250577465,2.9982491600751784,underpaid
25.68,-1.2690295571340933,2.9982491600751784,underpaid
25.7,-1.216175134619851,2.9982491600751784,underpaid
25.72,-1.1616349985793022,2.9982491600751784,underpaid
25.740000000000002,-1.105430964339666,2.9982491600751784,underpaid
25.76,-1.047585512765279,2.9982491600751784,underpaid
25.78,-0.9881217812654981,2.9982491600751784,underpaid
25.8,-0.9270635545400854,2.9982491600751784,underpaid
25.82,-0.8644352550656329,2.9982491600751784,underpaid
25.84,-0.8002619333268939,2.9982491600751784,underpaid
25.86,-0.7345692577969363,2.9982491600751784,underpaid
25.88,-0.6673835046700756,2.9982491600751784,underpaid
25.900000000000002,-0.5987315473517576,2.9982491600751784,underpaid
25.92,-0.5286408457095835,2.9982491600751784,underpaid
25.94,-0.45713943508966715,2.9982491600751784,underpaid
25.96,-0.384255915102921,2.9982491600751784,underpaid
25.98,-0.3100194381855683,2.9982491600751784,underpaid
26.0,-0.23445969793857202,2.9982491600751784,underpaid
26.02,-0.15760691725058074,2.9982491600751784,underpaid
26.04,-0.07949183620917566,2.9982491600751784,underpaid
26.060000000000002,-0.00014569980524647974,2.9982491600751784,underpaid
26.080000000000002,0.08039975456455828,2.9982491600751784,underpaid
26.1,0.16211230979242508,2.9982491600751784,underpaid
26.12,0.24495928194575178,2.9982491600751784,underpaid
26.14,0.3289075333402902,2.9982491600751784,underpaid
26.16,0.413923485794772,2.9982491600751784,underpaid
26.18,0.4999731340617508,2.9982491600751784,underpaid
26.2,0.5870220594292341,2.9982491600751784,underpaid
26.22,0.6750354434877082,2.9982491600751784,underpaid
26.240000000000002,0.7639780820570632,2.9982491600751784,underpaid
26.26,0.8538143992677263,2.9982491600751784,underpaid
26.28,0.9445084617906279,2.9982491600751784,underpaid
26.3,1.0360239932100033,2.9982491600751784,underpaid
26.32,1.1283243885334677,2.9982491600751784,underpaid
26.34,1.2213727288335523,2.9982491600751784,underpaid
26.36,1.3151317960147626,2.9982491600751784,underpaid
26.38,1.4095640877003337,2.9982491600751784,underpaid
26.400000000000002,1.5046318322326844,2.9982491600751784,underpaid
26.42,1.6002970037815238,2.9982491600751784,underpaid
26.44,1.6965213375537687,2.9982491600751784,underpaid
26.46,1.7932663450988784,2.9982491600751784,underpaid
26.48,1.8904933297037587,2.9982491600751784,underpaid
26.5,1.9881634018709047,2.9982491600751784,underpaid
26.52,2.0862374948737052,2.9982491600751784,underpaid
26.54,2.184676380382589,2.9982491600751784,underpaid
26.560000000000002,2.2834406841558756,2.9982491600751784,underpaid
26.580000000000002,2.382490901788863,2.9982491600751784,underpaid
26.6,2.4817874145151624,2.9982491600751784,underpaid
26.62,2.5812905050536212,2.9982491600751784,underpaid
26.64,2.6809603734947114,2.9982491600751784,underpaid
26.66,2.7807571532199766,2.9982491600751784,underpaid
26.68,2.880640926848127,2.9982491600751784,underpaid
26.7,2.9805717422014784,2.9982491600751784,underpaid
26.72,3.0805096282862863,2.9982491600751784,underpaid
26.740000000000002,3.180414611280618,2.9982491600751784,underpaid
26.76,3.28024673052329,2.9982491600751784,underpaid
26.78,3.3799660544977,2.9982491600751784,underpaid
26.8,3.479532696803833,2.9982491600751784,underpaid
26.82,3.5789068321123008,2.9982491600751784,underpaid
26.84,3.678048712093954,2.9982491600751784,underpaid
26.86,3.776918681318673,2.9982491600751784,underpaid
26.88,3.8754771931170158,2.9982491600751784,underpaid
26.900000000000002,3.9736848253983776,2.9982491600751784,underpaid
26.92,4.071502296419228,2.9982491600751784,underpaid
26.94,4.168890480495392,2.9982491600751784,underpaid
26.96,4.265810423651731,2.9982491600751784,underpaid
26.98,4.362223359203229,2.9982491600751784,underpaid
27.0,4.458090723261158,2.9982491600751784,underpaid
27.02,4.553374170158108,2.9982491600751784,underpaid
27.04,4.6480355877857455,2.9982491600751784,underpaid
27.060000000000002,4.742037112839178,2.9982491600751784,underpaid
27.080000000000002,4.8353411459616815,2.9982491600751784,underpaid
27.1,4.927910366784063,2.9982491600751784,underpaid
27.12,5.019707748852236,2.9982491600751784,underpaid
27.14,5.110696574437322,2.9982491600751784,underpaid
27.16,5.20084044922225,2.9982491600751784,underpaid
27.18,5.290103316859012,2.9982491600751784,underpaid
27.2,5.37844947339071,2.9982491600751784,underpaid
27.22,5.46584358153266,2.9982491600751784,underpaid
27.240000000000002,5.5522506848068645,2.9982491600751784,underpaid
27.26,5.637636221524062,2.9982491600751784,underpaid
27.28,5.721966038608034,2.9982491600751784,underpaid
27.3,5.805206405256337,2.9982491600751784,underpaid
27.32,5.887324026432166,2.9982491600751784,underpaid
27.34,5.968286056181935,2.9982491600751784,underpaid
27.36,6.048060110773227,2.9982491600751784,underpaid
27.38,6.126614281647841,2.9982491600751784,underpaid
27.400000000000002,6.20391714818482,2.9982491600751784,underpaid
27.42,6.27993779026821,2.9982491600751784,underpaid
27.44,6.354645800654788,2.9982491600751784,underpaid
27.46,6.428011297136495,2.9982491600751784,underpaid
27.48,6.500004934492926,2.9982491600751784,underpaid
27.5,6.5705979162290475,2.9982491600751784,underpaid
27.52,6.63976200609339,2.9982491600751784,underpaid
27.54,6.70746953937218,2.9982491600751784,underpaid
27.560000000000002,6.773693433954875,2.9982491600751784,underpaid
27.580000000000002,6.838407201166595,2.9982491600751784,underpaid
27.6,6.901584956363299,2.9982491600751784,underpaid
27.62,6.9632014292852755,2.9982491600751784,underpaid
27.64,7.02323197416489,2.9982491600751784,underpaid
27.66,7.081652579584592,2.9982491600751784,underpaid
27.68,7.138439878081144,2.9982491600751784,underpaid
27.7,7.1935711554923,2.9982491600751784,underpaid
27.72,7.247024360042168,2.9982491600751784,underpaid
27.740000000000002,7.29877811116164,2.9982491600751784,underpaid
27.76,7.348811708040291,2.9982491600751784,underpaid
27.78,7.397105137906484,2.9982491600751784,underpaid
27.8,7.443639084032174,2.9982491600751784,underpaid
27.82,7.488394933459357,2.9982491600751784,underpaid
27.84,7.531354784444998,2.9982491600751784,underpaid
27.86,7.572501453621493,2.9982491600751784,underpaid
27.88,7.611818482869788,2.9982491600751784,underpaid
27.900000000000002,7.649290145902409,2.9982491600751784,underpaid
27.92,7.684901454553746,2.9982491600751784,underpaid
27.94,7.718638164775156,2.9982491600751784,underpaid
27.96,7.750486782332365,2.9982491600751784,underpaid
27.98,7.780434568202996,2.9982491600751784,underpaid
28.0,7.808469543671999,2.9982491600751784,underpaid
28.02,7.834580495122978,2.9982491600751784,underpaid
28.04,7.858756978523496,2.9982491600751784,underpaid
28.060000000000002,7.880989323602546,2.9982491600751784,underpaid
28.080000000000002,7.901268637718516,2.9982491600751784,underpaid
28.1,7.919586809416148,2.9982491600751784,underpaid
28.12,7.935936511671006,2.9982491600751784,underpaid
28.14,7.950311204820179,2.9982491600751784,underpaid
28.16,7.962705139178066,2.9982491600751784,underpaid
28.18,7.973113357336177,2.9982491600751784,underpaid
28.2,7.981531696146023,2.9982491600751784,underpaid
28.22,7.987956788384322,2.9982491600751784,underpaid
28.240000000000002,7.992386064099845,2.9982491600751784,underpaid
28.26,7.99481775164136,2.9982491600751784,underpaid
28.28,7.995250878366276,2.9982491600751784,underpaid
28.3,7.993685271029678,2.9982491600751784,underpaid
28.32,7.990121555853623,2.9982491600751784,underpaid
28.34,7.984561158276669,2.9982491600751784,underpaid
28.36,7.977006302383709,2.9982491600751784,underpaid
28.38,7.967460010016367,2.9982491600751784,underpaid
28.400000000000002,7.95592609956431,2.9982491600751784,underpaid
28.42,7.9424091844379365,2.9982491600751784,underpaid
28.44,7.926914671223073,2.9982491600751784,underpaid
28.46,7.909448757518414,2.9982491600751784,underpaid
28.48,7.890018429456566,2.9982491600751784,underpaid
28.5,7.868631458909684,2.9982491600751784,underpaid
28.52,7.8452964003808345,2.9982491600751784,underpaid
28.54,7.820022587582299,2.9982491600751784,underpaid
28.560000000000002,7.792820129702209,2.9982491600751784,underpaid
28.580000000000002,7.763699907361034,2.9982491600751784,underpaid
28.6,7.732673568259441,2.9982491600751784,underpaid
28.62,7.6997535225193925,2.9982491600751784,underpaid
28.64,7.664952937720256,2.9982491600751784,underpaid
28.66,7.628285733631948,2.9982491600751784,underpaid
28.68,7.589766576647214,2.9982491600751784,underpaid
28.7,7.549410873915267,2.9982491600751784,underpaid
28.72,7.507234767179133,2.9982491600751784,underpaid
28.740000000000002,7.463255126319156,2.9982491600751784,underpaid
28.76,7.417489542605308,2.9982491600751784,underpaid
28.78,7.369956321660867,2.9982491600751784,underpaid
28.8,7.320674476140443,2.9982491600751784,underpaid
28.82,7.269663718125161,2.9982491600751784,underpaid
28.84,7.216944451238097,2.9982491600751784,underpaid
28.86,7.162537762483085,2.9982491600751784,underpaid
28.88,7.10646541381022,2.9982491600751784,underpaid
28.900000000000002,7.048749833411337,2.9982491600751784,underpaid
28.92,6.989414106749086,2.9982491600751784,underpaid
28.94,6.928481967322986,2.9982491600751784,underpaid
28.96,6.8659777871763925,2.9982491600751784,underpaid
28.98,6.801926567147989,2.9982491600751784,underpaid
29.0,6.736353926871777,2.9982491600751784,underpaid
29.02,6.669286094529578,2.9982491600751784,underpaid
29.04,6.600749896360105,2.9982491600751784,underpaid
29.060000000000002,6.530772745928809,2.9982491600751784,underpaid
29.080000000000002,6.459382633162869,2.9982491600751784,underpaid
29.1,6.386608113155525,2.9982491600751784,underpaid
29.12,6.312478294744466,2.9982491600751784,underpaid
29.14,6.237022828868673,2.9982491600751784,underpaid
29.16,6.160271896708435,2.9982491600751784,underpaid
29.18,6.082256197613283,2.9982491600751784,underpaid
29.2,6.003006936822665,2.9982491600751784,underpaid
29.22,5.922555812984248,2.9982491600751784,underpaid
29.240000000000002,5.84093500547489,2.9982491600751784,underpaid
29.26,5.758177161529357,2.9982491600751784,underpaid
29.28,5.674315383181794,2.9982491600751784,underpaid
29.3,5.5893832140253945,2.9982491600751784,underpaid
29.32,5.503414625795411,2.9982491600751784,underpaid
29.34,5.416444004780896,2.9982491600751784,underpaid
29.36,5.328506138070669,2.9982491600751784,underpaid
29.38,5.239636199638925,2.9982491600751784,underpaid
29.400000000000002,5.149869736276097,2.9982491600751784,underpaid
29.42,5.059242653370699,2.9982491600751784,underpaid
29.44,4.967791200547529,2.9982491600751784,underpaid
29.46,4.87555195716838,2.9982491600751784,underpaid
29.48,4.782561817700767,2.9982491600751784,underpaid
29.5,4.688857976960618,2.9982491600751784,underpaid
29.52,4.594477915234867,2.9982491600751784,underpaid
29.54,4.499459383289819,2.9982491600751784,underpaid
29.560000000000002,4.403840387271336,2.9982491600751784,underpaid
29.580000000000002,4.307659173502959,2.9982491600751784,underpaid
29.6,4.2109542131877795,2.9982491600751784,underpaid
29.62,4.1137641870205375,2.9982491600751784,underpaid
29.64,4.016127969715853,2.9982491600751784,underpaid
29.66,3.9180846144588504,2.9982491600751784,underpaid
29.68,3.819673337284403,2.9982491600751784,underpaid
29.7,3.7209335013912472,2.9982491600751784,underpaid
29.72,3.6219046013972296,2.9982491600751784,underpaid
29.740000000000002,3.522626247541959,2.9982491600751784,underpaid
29.76,3.4231381498433215,2.9982491600751784,underpaid
29.78,3.323480102213887,2.9982491600751784,underpaid
29.8,3.223691966543953,2.9982491600751784,underpaid
29.82,3.123813656757294,2.9982491600751784,underpaid
29.84,3.023885122846135,2.9982491600751784,underpaid
29.86,2.9239463348916743,2.9982491600751784,underpaid
29.88,2.8240372670765943,2.9982491600751784,underpaid
29.900000000000002,2.724197881695906,2.9982491600751784,underpaid
29.92,2.6244681131726164,2.9982491600751784,underpaid
29.94,2.524887852084408,2.9982491600751784,underpaid
29.96,2.425496929207995,2.9982491600751784,underpaid
29.98,2.326335099587334,2.9982491600751784,underpaid
30.0,2.227442026632133,2.9982491600751784,underpaid
30.02,2.128857266253018,2.9982491600751784,underpaid
30.04,2.0306202510396947,2.9982491600751784,underpaid
30.060000000000002,1.9327702744884228,2.9982491600751784,underpaid
30.080000000000002,1.8353464752852044,2.9982491600751784,underpaid
30.1,1.7383878216507433,2.9982491600751784,underpaid
30.12,1.641933095753723,2.9982491600751784,underpaid
30.14,1.5460208781984583,2.9982491600751784,underpaid
30.16,1.4506895325931577,2.9982491600751784,underpaid
30.18,1.3559771902049977,2.9982491600751784,underpaid
30.2,1.2619217347081175,2.9982491600751784,underpaid
30.22,1.1685607870306605,2.9982491600751784,underpaid
30.240000000000002,1.075931690306886,2.9982491600751784,underpaid
30.26,0.9840714949404763,2.9982491600751784,underpaid
30.28,0.8930169437847777,2.9982491600751784,underpaid
30.3,0.8028044574462054,2.9982491600751784,underpaid
30.32,0.7134701197164794,2.9982491600751784,underpaid
30.34,0.625049663139583,2.9982491600751784,underpaid
30.36,0.5375784547192222,2.9982491600751784,underpaid
30.38,0.45109148177249914,2.9982491600751784,underpaid
30.400000000000002,0.3656233379354319,2.9982491600751784,underpaid
30.42,0.2812082093260262,2.9982491600751784,underpaid
30.44,0.19787986087018972,2.9982491600751784,underpaid
30.46,0.11567162279627574,2.9982491600751784,underpaid
30.48,0.03461637730341849,2.9982491600751784,underpaid
30.5,-0.04525345459090602,2.9982491600751784,underpaid
30.52,-0.12390592601885864,2.9982491600751784,underpaid
30.54,-0.2013095770405524,2.9982491600751784,underpaid
30.560000000000002,-0.27743344722762764,2.9982491600751784,underpaid
30.580000000000002,-0.3522470880469548,2.9982491600751784,underpaid
30.6,-0.4257205750397208,2.9982491600751784,underpaid
30.62,-0.49782451979076114,2.9982491600751784,underpaid
30.64,-0.5685300816835515,2.9982491600751784,underpaid
30.66,-0.6378089794360591,2.9982491600751784,underpaid
30.68,-0.7056335024128906,2.9982491600751784,underpaid
30.7,-0.7719765217091705,2.9982491600751784,underpaid
30.72,-0.8368115010017441,2.9982491600751784,underpaid
30.740000000000002,-0.9001125071633567,2.9982491600751784,underpaid
30.76,-0.9618542206355247,2.9982491600751784,underpaid
30.78,-1.022011945556084,2.9982491600751784,underpaid
30.8,-1.0805616196371588,2.9982491600751784,underpaid
30.82,-1.1374798237897643,2.9982491600751784,underpaid
30.84,-1.1927437914911447,2.9982491600751784,underpaid
30.86,-1.2463314178910583,2.9982491600751784,underpaid
30.88,-1.298221268653439,2.9982491600751784,underpaid
30.900000000000002,-1.3483925885298458,2.9982491600751784,underpaid
30.92,-1.396825309661251,2.9982491600751784,underpaid
30.94,-1.4435000596049754,2.9982491600751784,underpaid
30.96,-1.488398169083359,2.9982491600751784,underpaid
30.98,-1.531501679451246,2.9982491600751784,underpaid
31.0,-1.5727933498791948,2.9982491600751784,underpaid
31.02,-1.6122566642495855,2.9982491600751784,underpaid
31.04,-1.6498758377628366,2.9982491600751784,underpaid
31.060000000000002,-1.6856358232511308,2.9982491600751784,underpaid
31.080000000000002,-1.7195223171970557,2.9982491600751784,underpaid
31.1,-1.7515217654548536,2.9982491600751784,underpaid
31.12,-1.7816213686718747,2.9982491600751784,underpaid
31.14,-1.8098090874081532,2.9982491600751784,underpaid
31.16,-1.836073646952027,2.9982491600751784,underpaid
31.18,-1.860404541829869,2.9982491600751784,underpaid
31.2,-1.882792040008134,2.9982491600751784,underpaid
31.220000000000002,-1.903227186786049,2.9982491600751784,underpaid
31.240000000000002,-1.9217018083773656,2.9982491600751784,underpaid
31.26,-1.9382085151797703,2.9982491600751784,underpaid
31.28,-1.9527407047306333,2.9982491600751784,underpaid
31.3,-1.965292564347891,2.9982491600751784,underpaid
31.32,-1.9758590734550534,2.9982491600751784,underpaid
31.34,-1.9844360055893642,2.9982491600751784,underpaid
31.36,-1.9910199300923228,2.9982491600751784,underpaid
31.38,-1.9956082134819173,2.9982491600751784,underpaid
31.400000000000002,-1.9981990205059663,2.9982491600751784,underpaid
31.42,-1.9987913148762022,2.9982491600751784,underpaid
31.44,-1.9973848596827768,2.9982491600751784,underpaid
31.46,-1.993980217489014,2.9982491600751784,underpaid
31.48,-1.9885787501063952,2.9982491600751784,underpaid
31.5,-1.981182618049857,2.9982491600751784,underpaid
31.52,-1.9717947796736066,2.9982491600751784,underpaid
31.54,-1.9604189899878257,2.9982491600751784,underpaid
31.560000000000002,-1.9470597991567118,2.9982491600751784,underpaid
31.580000000000002,-1.9317225506784812,2.9982491600751784,underpaid
31.6,-1.9144133792480282,2.9982491600751784,underpaid
31.62,-1.8951392083031386,2.9982491600751784,underpaid
31.64,-1.8739077472552097,2.9982491600751784,underpaid
31.66,-1.8507274884055693,2.9982491600751784,underpaid
31.68,-1.8256077035487017,2.9982491600751784,underpaid
31.7,-1.7985584402636157,2.9982491600751784,underpaid
31.720000000000002,-1.7695905178949722,2.9982491600751784,underpaid
31.740000000000002,-1.7387155232254958,2.9982491600751784,underpaid
31.76,-1.7059458058413828,2.9982491600751784,underpaid
31.78,-1.6712944731926669,2.9982491600751784,underpaid
31.8,-1.6347753853503963,2.9982491600751784,underpaid
31.82,-1.596403149462791,2.9982491600751784,underpaid
31.84,-1.5561931139125864,2.9982491600751784,underpaid
31.86,-1.514161362177875,2.9982491600751784,underpaid
31.88,-1.470324706398932,2.9982491600751784,underpaid
31.900000000000002,-1.424700680653583,2.9982491600751784,underpaid
31.92,-1.3773075339438279,2.9982491600751784,underpaid
31.94,-1.3281642228964436,2.9982491600751784,underpaid
31.96,-1.2772904041806115,2.9982491600751784,underpaid
31.98,-1.2247064266455148,2.9982491600751784,underpaid
32.0,-1.1704333231810509,2.9982491600751784,underpaid
32.02,-1.1144928023049676,2.9982491600751784,underpaid
32.04,-1.0569072394797807,2.9982491600751784,underpaid
32.06,-0.997699668162781,2.9982491600751784,underpaid
32.08,-0.9368937705931177,2.9982491600751784,underpaid
32.1,-0.8745138683190348,2.9982491600751784,underpaid
32.12,-0.8105849124697713,2.9982491600751784,underpaid
32.14,-0.7451324737752429,2.9982491600751784,underpaid
32.160000000000004,-0.6781827323382643,2.9982491600751784,underpaid
32.18,-0.6097624671627813,2.9982491600751784,underpaid
32.2,-0.5398990454425583,2.9982491600751784,underpaid
32.22,-0.4686204116148378,2.9982491600751784,underpaid
32.24,-0.3959550761827213,2.9982491600751784,underpaid
32.26,-0.3219321043115855,2.9982491600751784,underpaid
32.28,-0.24658110420315893,2.9982491600751784,underpaid
32.3,-0.16993221525287616,2.9982491600751784,underpaid
32.32,-0.09201609599429084,2.9982491600751784,underpaid
32.34,-0.012863911836264563,2.9982491600751784,underpaid
32.36,0.06749267740286236,2.9982491600751784,underpaid
32.38,0.14902153015885133,2.9982491600751784,underpaid
32.4,0.23169003597758397,2.9982491600751784,underpaid
32.42,0.31546512855902265,2.9982491600751784,underpaid
32.44,0.40031329898305934,2.9982491600751784,underpaid
32.46,0.48620060911287943,2.9982491600751784,underpaid
32.480000000000004,0.573092705169552,2.9982491600751784,underpaid
32.5,0.6609548314731679,2.9982491600751784,underpaid
32.52,0.7497518443447468,2.9982491600751784,underpaid
32.54,0.8394482261630216,2.9982491600751784,underpaid
32.56,0.9300080995712658,2.9982491600751784,underpaid
32.58,1.0213952418274967,2.9982491600751784,underpaid
32.6,1.1135730992933581,2.9982491600751784,underpaid
32.62,1.2065048020548232,2.9982491600751784,underpaid
32.64,1.3001531786699214,2.9982491600751784,underpaid
32.660000000000004,1.394480771036605,2.9982491600751784,underpaid
32.68,1.4894498493755766,2.9982491600751784,underpaid
32.7,1.5850224273218068,2.9982491600751784,underpaid
32.72,1.681160277118332,2.9982491600751784,underpaid
32.74,1.7778249449071222,2.9982491600751784,underpaid
32.76,1.87497776610984,2.9982491600751784,underpaid
32.78,1.9725798808934254,2.9982491600751784,underpaid
32.8,2.0705922497132416,2.9982491600751784,underpaid
32.82,2.1689756689286437,2.9982491600751784,underpaid
32.84,2.267690786483671,2.9982491600751784,underpaid
32.86,2.366698117647452,2.9982491600751784,underpaid
32.88,2.4659580608076723,2.9982491600751784,underpaid
32.9,2.5654309133104434,2.9982491600751784,underpaid
32.92,2.6650768873411224,2.9982491600751784,underpaid
32.94,2.7648561258386213,2.9982491600751784,underpaid
32.96,2.864728718437984,2.9982491600751784,underpaid
32.980000000000004,2.9646547174337545,2.9982491600751784,underpaid
33.0,3.0645941537586268,2.9982491600751784,underpaid
33.02,3.164507052970647,2.9982491600751784,underpaid
33.04,3.2643534512422168,2.9982491600751784,underpaid
33.06,3.364093411345367,2.9982491600751784,underpaid
33.08,3.46368703862583,2.9982491600751784,underpaid
33.1,3.563094496960664,2.9982491600751784,underpaid
33.12,3.662276024691879,2.9982491600751784,underpaid
33.14,3.7611919505308578,2.9982491600751784,underpaid
33.160000000000004,3.859802709426086,2.9982491600751784,underpaid
33.18,3.958068858388769,2.9982491600751784,underpaid
33.2,4.055951092269586,2.9982491600751784,underpaid
33.22,4.153410259479994,2.9982491600751784,underpaid
33.24,4.2504073776526194,2.9982491600751784,underpaid
33.26,4.346903649233397,2.9982491600751784,underpaid
33.28,4.442860477000368,2.9982491600751784,underpaid
33.3,4.538239479501762,2.9982491600751784,underpaid
33.32,4.6330025064083475,2.9982491600751784,underpaid
33.34,4.727111653772823,2.9982491600751784,underpaid
33.36,4.820529279190977,2.9982491600751784,underpaid
33.38,4.913218016858263,2.9982491600751784,underpaid
33.4,5.00514079251538,2.9982491600751784,underpaid
33.42,5.096260838277752,2.9982491600751784,underpaid
33.44,5.1865417073419255,2.9982491600751784,underpaid
33.46,5.275947288564073,2.9982491600751784,underpaid
33.480000000000004,5.364441820903727,2.9982491600751784,underpaid
33.5,5.45198990772783,2.9982491600751784,underpaid
33.52,5.538556530969013,2.9982491600751784,underpaid
33.54,5.624107065132119,2.9982491600751784,underpaid
33.56,5.708607291144206,2.9982491600751784,underpaid
33.58,5.792023410041461,2.9982491600751784,underpaid
33.6,5.874322056488587,2.9982491600751784,underpaid
33.62,5.9554703121242465,2.9982491600751784,underpaid
33.64,6.035435718728202,2.9982491600751784,underpaid
33.660000000000004,6.114186291203978,2.9982491600751784,underpaid
33.68,6.191690530372551,2.9982491600751784,underpaid
33.7,6.267917435571681,2.9982491600751784,underpaid
33.72,6.3428365170555825,2.9982491600751784,underpaid
33.74,6.416417808190621,2.9982491600751784,underpaid
33.76,6.48863187744136,2.9982491600751784,underpaid
33.78,6.559449840142996,2.9982491600751784,underpaid
33.8,6.628843370054623,2.9982491600751784,underpaid
33.82,6.69678471068956,2.9982491600751784,underpaid
33.84,6.7632466864174,2.9982491600751784,underpaid
33.86,6.828202713333976,2.9982491600751784,underpaid
33.88,6.891626809894639,2.9982491600751784,underpaid
33.9,6.953493607306363,2.9982491600751784,underpaid
33.92,7.013778359675106,2.9982491600751784,underpaid
33.94,7.072456953903663,2.9982491600751784,underpaid
33.96,7.129505919336754,2.9982491600751784,underpaid
33.980000000000004,7.18490243714883,2.9982491600751784,underpaid
34.0,7.238624349471358,2.9982491600751784,underpaid
34.02,7.290650168255725,2.9982491600751784,underpaid
34.04,7.340959083868054,2.9982491600751784,underpaid
34.06,7.38953097341291,2.9982491600751784,underpaid
34.08,7.436346408782059,2.9982491600751784,underpaid
34.1,7.481386664425582,2.9982491600751784,underpaid
34.12,7.524633724841719,2.9982491600751784,underpaid
34.14,7.566070291782951,2.9982491600751784,underpaid
34.160000000000004,7.605679791174973,2.9982491600751784,underpaid
34.18,7.643446379746127,2.9982491600751784,underpaid
34.2,7.679354951364566,2.9982491600751784,underpaid
34.22,7.713391143080387,2.9982491600751784,underpaid
34.24,7.745541340870742,2.9982491600751784,underpaid
34.26,7.77579268508515,2.9982491600751784,underpaid
34.28,7.804133075589296,2.9982491600751784,underpaid
34.300000000000004,7.830551176604834,2.9982491600751784,underpaid
34.32,7.855036421243586,2.9982491600751784,underpaid
34.34,7.877579015734179,2.9982491600751784,underpaid
34.36,7.898169943339365,2.9982491600751784,underpaid
34.38,7.916800967962658,2.9982491600751784,underpaid
34.4,7.933464637442605,2.9982491600751784,underpaid
34.42,7.948154286533608,2.9982491600751784,underpaid
34.44,7.960864039571877,2.9982491600751784,underpaid
34.46,7.971588812825669,2.9982491600751784,underpaid
34.480000000000004,7.980324316528671,2.9982491600751784,underpaid
34.5,7.987067056595871,2.9982491600751784,underpaid
34.52,7.991814336021151,2.9982491600751784,underpaid
34.54,7.994564255956032,2.9982491600751784,underpaid
34.56,7.995315716469207,2.9982491600751784,underpaid
34.58,7.994068416986491,2.9982491600751784,underpaid
34.6,7.990822856411045,2.9982491600751784,underpaid
34.62,7.985580332923829,2.9982491600751784,underpaid
34.64,7.978342943464334,2.9982491600751784,underpaid
34.660000000000004,7.969113582891846,2.9982491600751784,underpaid
34.68,7.957895942827543,2.9982491600751784,underpaid
34.7,7.94469451017788,2.9982491600751784,underpaid
34.72,7.929514565339904,2.9982491600751784,underpaid
34.74,7.912362180089145,2.9982491600751784,underpaid
34.76,7.893244215151022,2.9982491600751784,underpaid
34.78,7.87216831745659,2.9982491600751784,underpaid
34.800000000000004,7.849142917083928,2.9982491600751784,underpaid
34.82,7.824177223886193,2.9982491600751784,underpaid
34.84,7.797281223807772,2.9982491600751784,underpaid
34.86,7.768465674890113,2.9982491600751784,underpaid
34.88,7.737742102968553,2.9982491600751784,underpaid
34.9,7.705122797062245,2.9982491600751784,underpaid
34.92,7.670620804458608,2.9982491600751784,underpaid
34.94,7.634249925494688,2.9982491600751784,underpaid
34.96,7.596024708037108,2.9982491600751784,underpaid
34.980000000000004,7.555960441663197,2.9982491600751784,underpaid
35.0,7.51407315154534,2.9982491600751784,underpaid
35.02,7.470379592041063,2.9982491600751784,underpaid
35.04,7.424897239991628,2.9982491600751784,underpaid
35.06,7.377644287731396,2.9982491600751784,underpaid
35.08,7.328639635811275,2.9982491600751784,underpaid
35.1,7.277902885438612,2.9982491600751784,underpaid
35.12,7.2254543306371115,2.9982491600751784,underpaid
35.14,7.171314950129352,2.9982491600751784,underpaid
35.160000000000004,7.115506398945703,2.9982491600751784,underpaid
35.18,7.058050999762559,2.9982491600751784,underpaid
35.2,6.998971733973487,2.9982491600751784,underpaid
35.22,6.938292232497137,2.9982491600751784,underpaid
35.24,6.876036766325003,2.9982491600751784,underpaid
35.26,6.8122302368135355,2.9982491600751784,underpaid
35.28,6.746898165723753,2.9982491600751784,underpaid
35.300000000000004,6.680066685013031,2.9982491600751784,underpaid
35.32,6.611762526382604,2.9982491600751784,underpaid
35.34,6.5420130105851655,2.9982491600751784,underpaid
35.36,6.4708460364971,2.9982491600751784,underpaid
35.38,6.398290069959119,2.9982491600751784,underpaid
35.4,6.324374132390483,2.9982491600751784,underpaid
35.42,6.249127789180635,2.9982491600751784,underpaid
35.44,6.172581137863643,2.9982491600751784,underpaid
35.46,6.094764796079371,2.9982491600751784,underpaid
35.480000000000004,6.015709889327022,2.9982491600751784,underpaid
35.5,5.935448038515272,2.9982491600751784,underpaid
35.52,5.854011347314248,2.9982491600751784,underpaid
35.54,5.771432389314679,2.9982491600751784,underpaid
35.56,5.6877441949986665,2.9982491600751784,underpaid
35.58,5.602980238528172,2.9982491600751784,underpaid
35.6,5.5171744243555505,2.9982491600751784,underpaid
35.62,5.4303610736624695,2.9982491600751784,underpaid
35.64,5.342574910631651,2.9982491600751784,underpaid
35.660000000000004,5.253851048557868,2.9982491600751784,underpaid
35.68,5.164224975803014,2.9982491600751784,underpaid
35.7,5.07373254160113,2.9982491600751784,underpaid
35.72,4.9824099417194105,2.9982491600751784,underpaid
35.74,4.8902937039801255,2.9982491600751784,underpaid
35.76,4.797420673650235,2.9982491600751784,underpaid
35.78,4.703827998703515,2.9982491600751784,underpaid
35.800000000000004,4.609553114962091,2.9982491600751784,underpaid
35.82,4.5146337311225135,2.9982491600751784,underpaid
35.84,4.419107813672673,2.9982491600751784,underpaid
35.86,4.323013571705959,2.9982491600751784,underpaid
35.88,4.226389441637847,2.9982491600751784,underpaid
35.9,4.12927407183213,2.9982491600751784,underpaid
35.92,4.031706307141809,2.9982491600751784,underpaid
35.94,3.933725173371938,2.9982491600751784,underpaid
35.96,3.8353698616695624,2.9982491600751784,underpaid
35.980000000000004,3.7366797128480087,2.9982491600751784,underpaid
36.0,3.6376942016509908,2.9982491600751784,underpaid
36.02,3.5384529209631257,2.9982491600751784,underpaid
36.04,3.438995565973565,2.9982491600751784,underpaid
36.06,3.339361918298147,2.9982491600751784,underpaid
36.08,3.239591830067585,2.9982491600751784,underpaid
36.1,3.139725207986853,2.9982491600751784,underpaid
36.12,3.03980199737331,2.9982491600751784,underpaid
36.14,2.9398621661788447,2.9982491600751784,underpaid
36.160000000000004,2.8399456890034553,2.9982491600751784,underpaid
36.18,2.7400925311058444,2.9982491600751784,underpaid
36.2,2.6403426324177435,2.9982491600751784,underpaid
36.22,2.5407358915687173,2.9982491600751784,underpaid
36.24,2.441312149926963,2.9982491600751784,underpaid
36.26,2.342111175663577,2.9982491600751784,underpaid
36.28,2.243172647845528,2.9982491600751784,underpaid
36.300000000000004,2.144536140564819,2.9982491600751784,underpaid
36.32,2.046241107109264,2.9982491600751784,underpaid
36.34,1.9483268641815847,2.9982491600751784,underpaid
36.36,1.8508325761735218,2.9982491600751784,underpaid
36.38,1.753797239500301,2.9982491600751784,underpaid
36.4,1.6572596670028723,2.9982491600751784,underpaid
36.42,1.5612584724230203,2.9982491600751784,underpaid
36.44,1.465832054958641,2.9982491600751784,underpaid
36.46,1.3710185839043163,2.9982491600751784,underpaid
36.480000000000004,1.276855983384344,2.9982491600751784,underpaid
36.5,1.1833819171834783,2.9982491600751784,underpaid
36.52,1.0906337736818301,2.9982491600751784,underpaid
36.54,0.9986486509002361,2.9982491600751784,underpaid
36.56,0.9074633416612983,2.9982491600751784,underpaid
36.58,0.8171143188729832,2.9982491600751784,underpaid
36.6,0.7276377209397094,2.9982491600751784,underpaid
36.62,0.6390693373077045,2.9982491600751784,underpaid
36.64,0.5514445941494621,2.9982491600751784,underpaid
36.660000000000004,0.46479854019396605,2.9982491600751784,underpaid
36.68,0.379165832707562,2.9982491600751784,underpaid
36.7,0.2945807236314284,2.9982491600751784,underpaid
36.72,0.21107704588147058,2.9982491600751784,underpaid
36.74,0.12868819981536284,2.9982491600751784,underpaid
36.76,0.0474471398730838,2.9982491600751784,underpaid
36.78,-0.032613638604646056,2.9982491600751784,underpaid
36.800000000000004,-0.11146211237386794,2.9982491600751784,underpaid
36.82,-0.18906674309634397,2.9982491600751784,underpaid
36.84,-0.26539648995456133,2.9982491600751784,underpaid
36.86,-0.3404208220674345,2.9982491600751784,underpaid
36.88,-0.41410973070248325,2.9982491600751784,underpaid
36.9,-0.48643374127870587,2.9982491600751784,underpaid
36.92,-0.557363925156233,2.9982491600751784,underpaid
36.94,-0.6268719112071839,2.9982491600751784,underpaid
36.96,-0.6949298971639486,2.9982491600751784,underpaid
36.980000000000004,-0.7615106607395496,2.9982491600751784,underpaid
37.0,-0.8265875705162635,2.9982491600751784,underpaid
37.02,-0.8901345965979086,2.9982491600751784,underpaid
37.04,-0.9521263210212858,2.9982491600751784,underpaid
37.06,-1.0125379479232155,2.9982491600751784,underpaid
37.08,-1.0713453134583748,2.9982491600751784,underpaid
37.1,-1.1285248954646772,2.9982491600751784,underpaid
37.12,-1.1840538228716646,2.9982491600751784,underpaid
37.14,-1.23790988484879,2.9982491600751784,underpaid
37.160000000000004,-1.2900715396893112,2.9982491600751784,underpaid
37.18,-1.3405179234267575,2.9982491600751784,underpaid
37.2,-1.3892288581802745,2.9982491600751784,underpaid
37.22,-1.436184860225401,2.9982491600751784,underpaid
37.24,-1.4813671477874202,2.9982491600751784,underpaid
37.26,-1.5247576485537024,2.9982491600751784,underpaid
37.28,-1.566339006902501,2.9982491600751784,underpaid
37.300000000000004,-1.6060945908448723,2.9982491600751784,underpaid
37.32,-1.6440084986772927,2.9982491600751784,underpaid
37.34,-1.6800655653421686,2.9982491600751784,underpaid
37.36,-1.7142513684935619,2.9982491600751784,underpaid
37.38,-1.7465522342660442,2.9982491600751784,underpaid
37.4,-1.7769552427439539,2.9982491600751784,underpaid
37.42,-1.8054482331292903,2.9982491600751784,underpaid
37.44,-1.8320198086057768,2.9982491600751784,underpaid
37.46,-1.8566593408975294,2.9982491600751784,underpaid
37.480000000000004,-1.8793569745201424,2.9982491600751784,underpaid
37.5,-1.900103630722791,2.9982491600751784,underpaid
37.52,-1.91889101111963,2.9982491600751784,underpaid
37.54,-1.9357116010089754,2.9982491600751784,underpaid
37.56,-1.9505586723791613,2.9982491600751784,underpaid
37.58,-1.963426286599585,2.9982491600751784,underpaid
37.6,-1.9743092967961342,2.9982491600751784,underpaid
37.62,-1.9832033499098252,2.9982491600751784,underpaid
37.64,-1.9901048884380064,2.9982491600751784,underpaid
37.660000000000004,-1.995011151857284,2.9982491600751784,underpaid
37.68,-1.9979201777277034,2.9982491600751784,underpaid
37.7,-1.9988308024777037,2.9982491600751784,underpaid
37.72,-1.9977426618695286,2.9982491600751784,underpaid
37.74,-1.9946561911449123,2.9982491600751784,underpaid
37.76,-1.9895726248509913,2.9982491600751784,underpaid
37.78,-1.982493996346502,2.9982491600751784,underpaid
37.800000000000004,-1.9734231369884672,2.9982491600751784,underpaid
37.82,-1.9623636749996898,2.9982491600751784,underpaid
37.84,-1.9493200340175019,2.9982491600751784,underpaid
37.86,-1.9342974313243921,2.9982491600751784,underpaid
37.88,-1.9173018757611278,2.9982491600751784,underpaid
37.9,-1.89834016532334,2.9982491600751784,underpaid
37.92,-1.8774198844423733,2.9982491600751784,underpaid
37.94,-1.8545494009516634,2.9982491600751784,underpaid
37.96,-1.8297378627396501,2.9982491600751784,underpaid
37.980000000000004,-1.8029951940908138,2.9982491600751784,underpaid
38.0,-1.7743320917160599,2.9982491600751784,underpaid
38.02,-1.743760020474145,2.9982491600751784,underpaid
38.04,-1.7112912087859673,2.9982491600751784,underpaid
38.06,-1.6769386437432718,2.9982491600751784,underpaid
38.08,-1.640716065914063,2.9982491600751784,underpaid
38.1,-1.602637963846492,2.9982491600751784,underpaid
38.12,-1.5627195682737103,2.9982491600751784,underpaid
38.14,-1.5209768460216821,2.9982491600751784,underpaid
38.160000000000004,-1.4774264936227546,2.9982491600751784,underpaid
38.18,-1.4320859306372444,2.9982491600751784,underpaid
38.2,-1.3849732926857818,2.9982491600751784,underpaid
38.22,-1.3361074241954185,2.9982491600751784,underpaid
38.24,-1.2855078708619754,2.9982491600751784,underpaid
38.26,-1.233194871832179,2.9982491600751784,underpaid
38.28,-1.1791893516081,2.9982491600751784,underpaid
38.300000000000004,-1.1235129116777873,2.9982491600751784,underpaid
38.32,-1.0661878218748875,2.9982491600751784,underpaid
38.34,-1.0072370114709575,2.9982491600751784,underpaid
38.36,-0.9466840600042019,2.9982491600751784,underpaid
38.38,-0.8845531878477981,2.9982491600751784,underpaid
38.4,-0.8208692465222569,2.9982491600751784,underpaid
38.42,-0.7556577087549545,2.9982491600751784,underpaid
38.44,-0.6889446582915646,2.9982491600751784,underpaid
38.46,-0.6207567794627344,2.9982491600751784,underpaid
38.480000000000004,-0.5511213465108593,2.9982491600751784,underpaid
38.5,-0.4800662126806845,2.9982491600751784,underpaid
38.52,-0.40761979907829904,2.9982491600751784,underpaid
38.54,-0.33381108330326015,2.9982491600751784,underpaid
38.56,-0.258669587857721,2.9982491600751784,underpaid
38.58,-0.18222536833803993,2.9982491600751784,underpaid
38.6,-0.1045090014127279,2.9982491600751784,underpaid
38.62,-0.025551572592407368,2.9982491600751784,underpaid
38.64,0.05461533620420589,2.9982491600751784,underpaid
38.660000000000004,0.13595965928243992,2.9982491600751784,underpaid
38.68,0.21844885999760777,2.9982491600751784,underpaid
38.7,0.3020499437693278,2.9982491600751784,underpaid
38.72,0.38672947127869683,2.9982491600751784,underpaid
38.74,0.4724535718438183,2.9982491600751784,underpaid
38.76,0.5591879569673743,2.9982491600751784,underpaid
38.78,0.6468979340518217,2.9982491600751784,underpaid
38.800000000000004,0.7355484202757481,2.9982491600751784,underpaid
38.82,0.8251039566266183,2.9982491600751784,underpaid
38.84,0.9155287220840211,2.9982491600751784,underpaid
38.86,1.0067865479473497,2.9982491600751784,underpaid
38.88,1.0988409323030819,2.9982491600751784,underpaid
38.9,1.1916550546247855,2.9982491600751784,underpaid
38.92,1.285191790501102,2.9982491600751784,underpaid
38.94,1.3794137264847564,2.9982491600751784,underpaid
38.96,1.4742831750576908,2.9982491600751784,underpaid
38.980000000000004,1.5697621897053597,2.9982491600751784,underpaid
39.0,1.6658125800949044,2.9982491600751784,underpaid
39.02,1.762395927350891,2.9982491600751784,underpaid
39.04,1.859473599422106,2.9982491600751784,underpaid
39.06,1.9570067665341497,2.9982491600751784,underpaid
39.08,2.0549564167205254,2.9982491600751784,underpaid
39.1,2.153283371427211,2.9982491600751784,underpaid
39.12,2.25194830118326,2.9982491600751784,underpaid
39.14,2.350911741332352,2.9982491600751784,underpaid
39.160000000000004,2.4501341078178953,2.9982491600751784,underpaid
39.18,2.5495757130162016,2.9982491600751784,underpaid
39.2,2.649196781611133,2.9982491600751784,underpaid
39.22,2.7489574665034446,2.9982491600751784,underpaid
39.24,2.8488178647493765,2.9982491600751784,underpaid
39.26,2.9487380335210123,2.9982491600751784,underpaid
39.28,3.048678006083165,2.9982491600751784,underpaid
39.300000000000004,3.148597807779291,2.9982491600751784,underpaid
39.32,3.248457472020924,2.9982491600751784,underpaid
39.34,3.3482170562738762,2.9982491600751784,underpaid
39.36,3.4478366580344915,2.9982491600751784,underpaid
39.38,3.5472764307903795,2.9982491600751784,underpaid
39.4,3.646496599958212,2.9982491600751784,underpaid
39.42,3.745457478793309,2.9982491600751784,underpaid
39.44,3.84411948426353,2.9982491600751784,underpaid
39.46,3.9424431528822304,2.9982491600751784,underpaid
39.480000000000004,4.040389156492893,2.9982491600751784,underpaid
39.5,4.137918317999969,2.9982491600751784,underpaid
39.52,4.234991627039296,2.9982491600751784,underpaid
39.54,4.331570255581482,2.9982491600751784,underpaid
39.56,4.427615573462878,2.9982491600751784,underpaid
39.58,4.523089163836849,2.9982491600751784,underpaid
39.6,4.617952838540278,2.9982491600751784,underpaid
39.62,4.71216865336805,2.9982491600751784,underpaid
39.64,4.8056989232504925,2.9982491600751784,underpaid
39.660000000000004,4.898506237326673,2.9982491600751784,underpaid
39.68,4.990553473908344,2.9982491600751784,underpaid
39.7,5.081803815328218,2.9982491600751784,underpaid
39.72,5.172220762666315,2.9982491600751784,underpaid
39.74,5.261768150349312,2.9982491600751784,underpaid
39.76,5.350410160616017,2.9982491600751784,underpaid
39.78,5.438111337844266,2.9982491600751784,underpaid
39.800000000000004,5.524836602732467,2.9982491600751784,underpaid
39.82,5.610551266330962,2.9982491600751784,underpaid
39.84,5.695221043917211,2.9982491600751784,underpaid
39.86,5.778812068709039,2.9982491600751784,underpaid
39.88,5.861290905411122,2.9982491600751784,underpaid
39.9,5.942624563588426,2.9982491600751784,underpaid
39.92,6.022780510862164,2.9982491600751784,underpaid
39.94,6.101726685922108,2.9982491600751784,underpaid
39.96,6.17943151135089,2.9982491600751784,underpaid
39.980000000000004,6.25586390625436,2.9982491600751784,underpaid
40.0,6.330993298693617,2.9982491600751784,underpaid
