xi,signed_prime_symbol,diagonal_repair,positive_prime_symbol
0.0,-9.085603515379333,9.085603515379331,-1.7763568394002505e-15
0.02,-9.070540941535318,9.085603515379331,0.015062573844012661
0.04,-9.025439394217445,9.085603515379331,0.060164121161886186
0.06,-8.950556768427152,9.085603515379331,0.13504674695217922
0.08,-8.846320802266053,9.085603515379331,0.23928271311327798
0.1,-8.71332596486439,9.085603515379331,0.3722775505149407
0.12,-8.552329135868723,9.085603515379331,0.5332743795106083
0.14,-8.364244112478382,9.085603515379331,0.7213594029009496
0.16,-8.150134989738717,9.085603515379331,0.9354685256406139
0.18,-7.9112084691015605,9.085603515379331,1.1743950462777706
0.2,-7.648805159065915,9.085603515379331,1.4367983563134157
0.22,-7.364389939935178,9.085603515379331,1.7212135754441533
0.24,-7.059541472297894,9.085603515379331,2.0260620430814367
0.26,-6.7359409356892845,9.085603515379331,2.3496625796900465
0.28,-6.395360089960357,9.085603515379331,2.6902434254189744
0.3,-6.039648757117698,9.085603515379331,3.045954758261633
0.32,-5.6707218257548435,9.085603515379331,3.4148816896244876
0.34,-5.290545883638726,9.085603515379331,3.7950576317406055
0.36,-4.901125586515531,9.085603515379331,4.1844779288638
0.38,-4.5044898727389295,9.085603515379331,4.5811136426404016
0.4,-4.102678133892389,9.085603515379331,4.982925381486942
0.42,-3.697726451174284,9.085603515379331,5.387877064205047
0.44,-3.2916540059495465,9.085603515379331,5.793949509429785
0.46,-2.8864497705622916,9.085603515379331,6.199153744817039
0.48,-2.484059582276569,9.085603515379331,6.6015439331027626
0.5,-2.086373699103124,9.085603515379331,6.999229816276207
0.52,-1.695214931321559,9.085603515379331,7.3903885840577725
0.54,-1.3123274367708768,9.085603515379331,7.773276078608454
0.56,-0.9393662615155745,9.085603515379331,8.146237253863756
0.58,-0.5778877003635223,9.085603515379331,8.507715815015809
0.6,-0.22934054398695863,9.085603515379331,8.856262971392372
0.62,0.10494172884560178,9.085603515379331,9.190545244224932
0.64,0.4237477641002514,9.085603515379331,9.509351279479583
0.66,0.725994109581407,9.085603515379331,9.811597624960738
0.68,1.0107299248224653,9.085603515379331,10.096333440201796
0.7000000000000001,1.2771406017616527,9.085603515379331,10.362744117140984
0.72,1.524550283775696,9.085603515379331,10.610153799155027
0.74,1.752423280219724,9.085603515379331,10.838026795599054
0.76,1.9603643831098365,9.085603515379331,11.045967898489167
0.78,2.148118101898691,9.085603515379331,11.233721617278022
0.8,2.315566841349314,9.085603515379331,11.401170356728645
0.8200000000000001,2.462728056227313,9.085603515379331,11.548331571606644
0.84,2.589750424829364,9.085603515379331,11.675353940208694
0.86,2.6969090911742657,9.085603515379331,11.782512606553597
0.88,2.7846000329347134,9.085603515379331,11.870203548314045
0.9,2.85333361882288,9.085603515379331,11.938937134202211
0.92,2.903727425106195,9.085603515379331,11.989330940485527
0.9400000000000001,2.936498386174675,9.085603515379331,12.022101901554006
0.96,2.952454358567728,9.085603515379331,12.038057873947059
0.98,2.9524851815648256,9.085603515379331,12.038088696944158
1.0,2.937553320326845,9.085603515379331,12.023156835706176
1.02,2.908684179627362,9.085603515379331,11.994287695006694
1.04,2.866956177428457,9.085603515379331,11.952559692807789
1.06,2.8134906679340204,9.085603515379331,11.899094183313352
1.08,2.7494418033043786,9.085603515379331,11.83504531868371
1.1,2.6759864219553062,9.085603515379331,11.761589937334637
1.12,2.5943140493175405,9.085603515379331,11.679917564696872
1.1400000000000001,2.5056170941304132,9.085603515379331,11.591220609509744
1.16,2.41108131982462,9.085603515379331,11.49668483520395
1.18,2.311876666359087,9.085603515379331,11.397480181738418
1.2,2.2091484930667113,9.085603515379331,11.294752008446043
1.22,2.104009307689353,9.085603515379331,11.189612823068684
1.24,1.997531040905382,9.085603515379331,11.083134556284714
1.26,1.8907379193379996,9.085603515379331,10.97634143471733
1.28,1.7845999833479333,9.085603515379331,10.870203498727264
1.3,1.6800272889311139,9.085603515379331,10.765630804310446
1.32,1.577864825832865,9.085603515379331,10.663468341212196
1.34,1.478888176629311,9.085603515379331,10.564491692008643
1.36,1.3837999340880447,9.085603515379331,10.469403449467375
1.3800000000000001,1.2932268866770598,9.085603515379331,10.37883040205639
1.4000000000000001,1.2077179747166598,9.085603515379331,10.293321490095991
1.42,1.1277430124332875,9.085603515379331,10.213346527812618
1.44,1.0536921641457058,9.085603515379331,10.139295679525038
1.46,0.985876156056988,9.085603515379331,10.071479671436318
1.48,0.9245271987013126,9.085603515379331,10.010130714080644
1.5,0.869800589059352,9.085603515379331,9.955404104438683
1.52,0.8217769557610782,9.085603515379331,9.90738047114041
1.54,0.7804651056870157,9.085603515379331,9.866068621066347
1.56,0.745805425697914,9.085603515379331,9.831408941077244
1.58,0.7176737892036147,9.085603515379331,9.803277304582945
1.6,0.6958859138519969,9.085603515379331,9.781489429231328
1.62,0.6802021138000525,9.085603515379331,9.765805629179383
1.6400000000000001,0.6703323878362804,9.085603515379331,9.755935903215612
1.6600000000000001,0.6659417830646611,9.085603515379331,9.751545298443991
1.68,0.6666559729374568,9.085603515379331,9.752259488316788
1.7,0.6720669881315977,9.085603515379331,9.757670503510928
1.72,0.6817390390905698,9.085603515379331,9.7673425544699
1.74,0.6952143699827528,9.085603515379331,9.780817885362083
1.76,0.7120190853350579,9.085603515379331,9.797622600714389
1.78,0.731668892658531,9.085603515379331,9.817272408037862
1.8,0.7536747069566455,9.085603515379331,9.839278222335977
1.82,0.7775480660587122,9.085603515379331,9.863151581438043
1.84,0.8028063092076646,9.085603515379331,9.888409824586995
1.86,0.8289774752071555,9.085603515379331,9.914580990586487
1.8800000000000001,0.8556048806481374,9.085603515379331,9.941208396027468
1.9000000000000001,0.8822513432381408,9.085603515379331,9.967854858617471
1.92,0.9085030199936819,9.085603515379331,9.994106535373014
1.94,0.9339728349725948,9.085603515379331,10.019576350351926
1.96,0.9583034762631112,9.085603515379331,10.043906991642443
1.98,0.981169947054422,9.085603515379331,10.066773462433753
2.0,1.0022816607341576,9.085603515379331,10.087885176113488
2.02,1.0213840750376775,9.085603515379331,10.106987590417008
2.04,1.0382598652598547,9.085603515379331,10.123863380639186
2.06,1.0527296413819391,9.085603515379331,10.13833315676127
2.08,1.06465221861681,9.085603515379331,10.150255733996142
2.1,1.0739244552906446,9.085603515379331,10.159527970669975
2.12,1.0804806761174794,9.085603515379331,10.166084191496811
2.14,1.0842917027479022,9.085603515379331,10.169895218127234
2.16,1.0853635169519045,9.085603515379331,10.170967032331236
2.18,1.0837355849002197,9.085603515379331,10.16933910027955
2.2,1.0794788737151575,9.085603515379331,10.165082389094488
2.22,1.0726935937520705,9.085603515379331,10.158297109131402
2.24,1.0635067019327547,9.085603515379331,10.149110217312085
2.2600000000000002,1.0520692028734393,9.085603515379331,10.13767271825277
2.2800000000000002,1.0385532855292074,9.085603515379331,10.124156800908539
2.3000000000000003,1.0231493336143986,9.085603515379331,10.10875284899373
2.32,1.0060628481616583,9.085603515379331,10.09166636354099
2.34,0.9875113202605509,9.085603515379331,10.073114835639881
2.36,0.9677210912859441,9.085603515379331,10.053324606665274
2.38,0.9469242368053902,9.085603515379331,10.032527752184722
2.4,0.9253555088667066,9.085603515379331,10.010959024246038
2.42,0.9032493695385595,9.085603515379331,9.98885288491789
2.44,0.8808371464373917,9.085603515379331,9.966440661816723
2.46,0.8583443385563364,9.085603515379331,9.943947853935667
2.48,0.835988098050084,9.085603515379331,9.921591613429415
2.5,0.8139749107607885,9.085603515379331,9.89957842614012
2.52,0.7924984952318775,9.085603515379331,9.878102010611208
2.54,0.7717379367878558,9.085603515379331,9.857341452167187
2.56,0.7518560699983577,9.085603515379331,9.837459585377688
2.58,0.7329981195330765,9.085603515379331,9.818601634912408
2.6,0.7152906060897499,9.085603515379331,9.800894121469081
2.62,0.6988405207783811,9.085603515379331,9.784444036157712
2.64,0.6837347681079297,9.085603515379331,9.769338283487262
2.66,0.6700398745822663,9.085603515379331,9.755643389961598
2.68,0.6578019569033123,9.085603515379331,9.743405472282644
2.7,0.6470469409318901,9.085603515379331,9.732650456311221
2.72,0.6377810198990923,9.085603515379331,9.723384535278424
2.74,0.6299913379182397,9.085603515379331,9.71559485329757
2.7600000000000002,0.6236468826420116,9.085603515379331,9.709250398021343
2.7800000000000002,0.6186995689598638,9.085603515379331,9.704303084339195
2.8000000000000003,0.6150854939529445,9.085603515379331,9.700689009332276
2.82,0.6127263419292728,9.085603515379331,9.698329857308604
2.84,0.6115309172591721,9.085603515379331,9.697134432638503
2.86,0.6113967819247442,9.085603515379331,9.697000297304076
2.88,0.6122119741884694,9.085603515379331,9.6978154895678
2.9,0.6138567845726064,9.085603515379331,9.699460299951937
2.92,0.6162055654170874,9.085603515379331,9.70180908079642
2.94,0.6191285506401685,9.085603515379331,9.7047320660195
2.96,0.6224936629510167,9.085603515379331,9.708097178330348
2.98,0.6261682866419495,9.085603515379331,9.71177180202128
3.0,0.630020985202516,9.085603515379331,9.715624500581846
3.02,0.6339231443284055,9.085603515379331,9.719526659707736
3.04,0.6377505224231442,9.085603515379331,9.723354037802475
3.06,0.6413846923863686,9.085603515379331,9.7269882077657
3.08,0.6447143603238927,9.085603515379331,9.730317875703223
3.1,0.6476365487758139,9.085603515379331,9.733240064155146
3.12,0.6500576341126224,9.085603515379331,9.735661149491953
3.14,0.6518942298684923,9.085603515379331,9.737497745247824
3.16,0.6530739099380996,9.085603515379331,9.73867742531743
3.18,0.6535357677316185,9.085603515379331,9.73913928311095
3.2,0.6532308095351254,9.085603515379331,9.738834324914457
3.22,0.6521221824351026,9.085603515379331,9.737725697814433
3.24,0.6501852392113866,9.085603515379331,9.735788754590718
3.2600000000000002,0.6474074445597442,9.085603515379331,9.733010959939076
3.2800000000000002,0.6437881288518782,9.085603515379331,9.729391644231209
3.3000000000000003,0.6393380973573972,9.085603515379331,9.724941612736728
3.3200000000000003,0.6340791044218991,9.085603515379331,9.71968261980123
3.34,0.6280432035023255,9.085603515379331,9.713646718881657
3.36,0.6212719851924691,9.085603515379331,9.706875500571801
3.38,0.6138157164175174,9.085603515379331,9.699419231796849
3.4,0.6057323948288479,9.085603515379331,9.69133591020818
3.42,0.5970867330837749,9.085603515379331,9.682690248463105
3.44,0.5879490881468021,9.085603515379331,9.673552603526133
3.46,0.5783943509988657,9.085603515379331,9.663997866378196
3.48,0.5685008121916825,9.085603515379331,9.654104327571014
3.5,0.5583490185398186,9.085603515379331,9.64395253391915
3.52,0.5480206359110291,9.085603515379331,9.63362415129036
3.54,0.5375973325644214,9.085603515379331,9.623200847943753
3.56,0.5271596968074204,9.085603515379331,9.612763212186751
3.58,0.5167862019092152,9.085603515379331,9.602389717288546
3.6,0.506552230234717,9.085603515379331,9.592155745614049
3.62,0.49652916746512515,9.085603515379331,9.582132682844456
3.64,0.4867835765657167,9.085603515379331,9.572387091945048
3.66,0.4773764598667268,9.085603515379331,9.562979975246058
3.68,0.46836261625733844,9.085603515379331,9.55396613163667
3.7,0.45979009907531654,9.085603515379331,9.545393614454648
3.72,0.4516997788245535,9.085603515379331,9.537303294203884
3.74,0.44412501338902644,9.085603515379331,9.529728528768358
3.7600000000000002,0.43709142695322134,9.085603515379331,9.522694942332553
3.7800000000000002,0.43061679740421843,9.085603515379331,9.516220312783549
3.8000000000000003,0.42471105059695147,9.085603515379331,9.510314565976282
3.8200000000000003,0.4193763585282042,9.085603515379331,9.504979873907535
3.84,0.41460733720220483,9.085603515379331,9.500210852581535
3.86,0.4103913387954304,9.085603515379331,9.49599485417476
3.88,0.4067088316530591,9.085603515379331,9.49231234703239
3.9,0.40353386068568076,9.085603515379331,9.489137376065012
3.92,0.40083457989182947,9.085603515379331,9.486438095271161
3.94,0.39857384801726964,9.085603515379331,9.4841773633966
3.96,0.3967098777819034,9.085603515379331,9.482313393161235
3.98,0.39519692866331085,9.085603515379331,9.480800444042641
4.0,0.39398603292504547,9.085603515379331,9.479589548304377
4.0200000000000005,0.39302574441766214,9.085603515379331,9.478629259796993
4.04,0.39226289966007716,9.085603515379331,9.477866415039408
4.0600000000000005,0.39164338082481726,9.085603515379331,9.477246896204148
4.08,0.3911128704981837,9.085603515379331,9.476716385877515
4.1,0.39061758845906175,9.085603515379331,9.476221103838393
4.12,0.3901050012099041,9.085603515379331,9.475708516589235
4.14,0.3895244955915309,9.085603515379331,9.475128010970861
4.16,0.3888280085090005,9.085603515379331,9.474431523888331
4.18,0.3879706055780176,9.085603515379331,9.473574120957348
4.2,0.3869110023575233,9.085603515379331,9.472514517736855
4.22,0.38561202275184336,9.085603515379331,9.471215538131174
4.24,0.3840409901311189,9.085603515379331,9.46964450551045
4.26,0.38217004771879054,9.085603515379331,9.467773563098122
4.28,0.379976405814986,9.085603515379331,9.465579921194317
4.3,0.3774425144518561,9.085603515379331,9.463046029831187
4.32,0.37455616109712037,9.085603515379331,9.46015967647645
4.34,0.37131049402246613,9.085603515379331,9.456914009401798
4.36,0.36770397292147766,9.085603515379331,9.453307488300808
4.38,0.3637402492853123,9.085603515379331,9.449343764664643
4.4,0.35942797991286307,9.085603515379331,9.445031495292195
4.42,0.35478057773507127,9.085603515379331,9.440384093114403
4.44,0.3498159048618344,9.085603515379331,9.435419420241166
4.46,0.34455591340658076,9.085603515379331,9.430159428785911
4.48,0.3390262402015499,9.085603515379331,9.424629755580881
4.5,0.33325576198089146,9.085603515379331,9.418859277360223
4.5200000000000005,0.3272761179748743,9.085603515379331,9.412879633354205
4.54,0.3211212071244573,9.085603515379331,9.406724722503789
4.5600000000000005,0.3148266672896061,9.085603515379331,9.400430182668938
4.58,0.3084293438877352,9.085603515379331,9.394032859267066
4.6000000000000005,0.3019667553615294,9.085603515379331,9.387570270740861
4.62,0.29547656274124134,9.085603515379331,9.381080078120572
4.64,0.2889960503390992,9.085603515379331,9.37459956571843
4.66,0.28256162429802195,9.085603515379331,9.368165139677354
4.68,0.27620833531937095,9.085603515379331,9.361811850698702
4.7,0.2699694314221208,9.085603515379331,9.355572946801452
4.72,0.26387594604665854,9.085603515379331,9.34947946142599
4.74,0.25795632621873255,9.085603515379331,9.343559841598063
4.76,0.25223610484243236,9.085603515379331,9.337839620221763
4.78,0.24673762050479917,9.085603515379331,9.33234113588413
4.8,0.24147978745897755,9.085603515379331,9.327083302838309
4.82,0.23647791771766782,9.085603515379331,9.322081433096999
4.84,0.2317435964442735,9.085603515379331,9.317347111823604
4.86,0.22728461108566408,9.085603515379331,9.312888126464996
4.88,0.22310493395763054,9.085603515379331,9.308708449336962
4.9,0.21920475728158956,9.085603515379331,9.304808272660921
4.92,0.21558057898767644,9.085603515379331,9.301184094367008
4.94,0.2122253369536939,9.085603515379331,9.297828852333025
4.96,0.20912858874928117,9.085603515379331,9.294732104128613
4.98,0.2062767334068425,9.085603515379331,9.291880248786173
5.0,0.20365327125178487,9.085603515379331,9.289256786631116
5.0200000000000005,0.20123909739943074,9.085603515379331,9.286842612778761
5.04,0.19901282416908445,9.085603515379331,9.284616339548416
5.0600000000000005,0.19695112738032727,9.085603515379331,9.282554642759658
5.08,0.1950291112850422,9.085603515379331,9.280632626664373
5.1000000000000005,0.1932206867522127,9.085603515379331,9.278824202131544
5.12,0.1914989572614724,9.085603515379331,9.277102472640804
5.14,0.18983660727467624,9.085603515379331,9.275440122654008
5.16,0.1882062876411811,9.085603515379331,9.273809803020512
5.18,0.18658099284880436,9.085603515379331,9.272184508228136
5.2,0.18493442515549413,9.085603515379331,9.270537940534826
5.22,0.18324134092191763,9.085603515379331,9.268844856301248
5.24,0.1814778748074657,9.085603515379331,9.267081390186796
5.26,0.1796218378857961,9.085603515379331,9.265225353265127
5.28,0.17765298617467437,9.085603515379331,9.263256501554006
5.3,0.17555325655156695,9.085603515379331,9.261156771930898
5.32,0.17330696753421476,9.085603515379331,9.258910482913546
5.34,0.1709009829366421,9.085603515379331,9.256504498315973
5.36,0.16832483695815603,9.085603515379331,9.253928352337487
5.38,0.16557081981825297,9.085603515379331,9.251174335197584
5.4,0.16263402360606596,9.085603515379331,9.248237538985396
5.42,0.15951234856209234,9.085603515379331,9.245115863941423
5.44,0.1562064705443628,9.085603515379331,9.241809985923695
5.46,0.1527197709449404,9.085603515379331,9.238323286324272
5.48,0.1490582308084059,9.085603515379331,9.234661746187736
5.5,0.14523029135615592,9.085603515379331,9.230833806735488
5.5200000000000005,0.14124668353355896,9.085603515379331,9.22685019891289
5.54,0.13712022956604955,9.085603515379331,9.22272374494538
5.5600000000000005,0.13286561983151093,9.085603515379331,9.218469135210842
5.58,0.12849916862591718,9.085603515379331,9.214102684005248
5.6000000000000005,0.12403855261492626,9.085603515379331,9.209642067994258
5.62,0.11950253592378318,9.085603515379331,9.205106051303114
5.64,0.11491068592061764,9.085603515379331,9.20051420129995
5.66,0.1102830837936438,9.085603515379331,9.195886599172974
5.68,0.10564003401149125,9.085603515379331,9.191243549390823
5.7,0.1010017766889274,9.085603515379331,9.186605292068258
5.72,0.09638820675991992,9.085603515379331,9.181991722139252
5.74,0.09181860368864515,9.085603515379331,9.177422119067977
5.76,0.08731137523025456,9.085603515379331,9.172914890609587
5.78,0.08288381849067425,9.085603515379331,9.168487333870006
5.8,0.07855190123287314,9.085603515379331,9.164155416612203
5.82,0.07433006604096509,9.085603515379331,9.159933581420296
5.84,0.07023105958793027,9.085603515379331,9.155834574967262
5.86,0.06626578886390491,9.085603515379331,9.151869304243236
5.88,0.06244320581485678,9.085603515379331,9.148046721194188
5.9,0.05877022142261719,9.085603515379331,9.144373736801949
5.92,0.05525164983213962,9.085603515379331,9.140855165211471
5.94,0.051890182706594554,9.085603515379331,9.137493698085926
5.96,0.048686393571401934,9.085603515379331,9.134289908950732
5.98,0.04563877149985082,9.085603515379331,9.131242286879182
6.0,0.04274378310136544,9.085603515379331,9.128347298480696
6.0200000000000005,0.039995961403298336,9.085603515379331,9.125599476782629
6.04,0.037388019873532616,9.085603515379331,9.122991535252863
6.0600000000000005,0.03491098951785405,9.085603515379331,9.120514504897185
6.08,0.03255437670725125,9.085603515379331,9.118157892086582
6.1000000000000005,0.030306339148680334,9.085603515379331,9.115909854528011
6.12,0.02815387721150759,9.085603515379331,9.11375739259084
6.140000000000001,0.026083037662436363,9.085603515379331,9.111686553041768
6.16,0.024079126745919145,9.085603515379331,9.10968264212525
6.18,0.022126929475556344,9.085603515379331,9.107730444854887
6.2,0.020210931974800637,9.085603515379331,9.105814447354131
6.22,0.018315543722455307,9.085603515379331,9.103919059101786
6.24,0.016425316618333012,9.085603515379331,9.102028831997664
6.26,0.014525157885847245,9.085603515379331,9.100128673265178
6.28,0.012600533969134213,9.085603515379331,9.098204049348466
6.3,0.010637662759518407,9.085603515379331,9.09624117813885
6.32,0.008623691697084317,9.085603515379331,9.094227207076415
6.34,0.006546859534092468,9.085603515379331,9.092150374913423
6.36,0.004396639814061177,9.085603515379331,9.090000155193392
6.38,0.0021638644096112383,9.085603515379331,9.087767379788943
6.4,-0.00015917423092105413,9.085603515379331,9.08544434114841
6.42,-0.0025786431581360097,9.085603515379331,9.083024872221195
6.44,-0.005099112018764748,9.085603515379331,9.080504403360566
6.46,-0.007723519544486568,9.085603515379331,9.077879995834845
6.48,-0.01045316346970797,9.085603515379331,9.075150351909624
6.5,-0.013287713589511663,9.085603515379331,9.07231580178982
6.5200000000000005,-0.01622524735254159,9.085603515379331,9.069378268026789
6.54,-0.01926230708112632,9.085603515379331,9.066341208298205
6.5600000000000005,-0.022393977626479128,9.085603515379331,9.063209537752853
6.58,-0.025613983003759045,9.085603515379331,9.059989532375573
6.6000000000000005,-0.02891480031362062,9.085603515379331,9.056688715065711
6.62,-0.0322877890464308,9.085603515379331,9.053315726332901
6.640000000000001,-0.035723333684795085,9.085603515379331,9.049880181694537
6.66,-0.03921099737185024,9.085603515379331,9.046392518007481
6.68,-0.042739684297938105,9.085603515379331,9.042863831081393
6.7,-0.04629780837826492,9.085603515379331,9.039305707001066
6.72,-0.049873465749057974,9.085603515379331,9.035730049630272
6.74,-0.053454608599997164,9.085603515379331,9.032148906779334
6.76,-0.05702921788546321,9.085603515379331,9.028574297493869
6.78,-0.06058547251594539,9.085603515379331,9.025018042863385
6.8,-0.06411191272176904,9.085603515379331,9.021491602657562
6.82,-0.06759759540315644,9.085603515379331,9.018005919976174
6.84,-0.07103223943040626,9.085603515379331,9.014571275948924
6.86,-0.0744063590339551,9.085603515379331,9.011197156345377
6.88,-0.07771138362279253,9.085603515379331,9.007892131756538
6.9,-0.08093976258822033,9.085603515379331,9.00466375279111
6.92,-0.08408505388510043,9.085603515379331,9.00151846149423
6.94,-0.0871419954304313,9.085603515379331,8.9984615199489
6.96,-0.09010655861647612,9.085603515379331,8.995496956762855
6.98,-0.09297598349805376,9.085603515379331,8.992627531881277
7.0,-0.09574879547815847,9.085603515379331,8.989854719901173
7.0200000000000005,-0.09842480357844328,9.085603515379331,8.987178711800889
7.04,-0.10100508063789704,9.085603515379331,8.984598434741434
7.0600000000000005,-0.10349192603080733,9.085603515379331,8.982111589348523
7.08,-0.10588881173052653,9.085603515379331,8.979714703648805
7.1000000000000005,-0.10820031276533881,9.085603515379331,8.977403202613992
7.12,-0.11043202331437107,9.085603515379331,8.97517149206496
7.140000000000001,-0.11259045987223408,9.085603515379331,8.973013055507097
7.16,-0.11468295306888901,9.085603515379331,8.970920562310441
7.18,-0.11671752986408876,9.085603515379331,8.968885985515243
7.2,-0.11870278794239604,9.085603515379331,8.966900727436935
7.22,-0.12064776421401875,9.085603515379331,8.964955751165313
7.24,-0.122561799377856,9.085603515379331,8.963041716001475
7.26,-0.1244544005260708,9.085603515379331,8.96114911485326
7.28,-0.12633510376413712,9.085603515379331,8.959268411615193
7.3,-0.12821333878732938,9.085603515379331,8.957390176592002
7.32,-0.13009829729487413,9.085603515379331,8.955505218084458
7.34,-0.131998807037722,9.085603515379331,8.95360470834161
7.36,-0.1339232131866887,9.085603515379331,8.951680302192642
7.38,-0.13587926857655605,9.085603515379331,8.949724246802775
7.4,-0.13787403423074945,9.085603515379331,8.947729481148581
7.42,-0.1399137914027797,9.085603515379331,8.945689723976551
7.44,-0.14200396618758063,9.085603515379331,8.94359954919175
7.46,-0.14414906756076198,9.085603515379331,8.941454447818568
7.48,-0.14635263949980767,9.085603515379331,8.939250875879523
7.5,-0.14861722763109814,9.085603515379331,8.936986287748233
7.5200000000000005,-0.15094436063373654,9.085603515379331,8.934659154745594
7.54,-0.15333454641820762,9.085603515379331,8.932268968961123
7.5600000000000005,-0.1557872828881508,9.085603515379331,8.92981623249118
7.58,-0.15830108288976788,9.085603515379331,8.927302432489563
7.6000000000000005,-0.16087351275838999,9.085603515379331,8.924730002620942
7.62,-0.1635012436882995,9.085603515379331,8.922102271691031
7.640000000000001,-0.16618011498209725,9.085603515379331,8.919423400397234
7.66,-0.16890520808237758,9.085603515379331,8.916698307296954
7.68,-0.17167093015267187,9.085603515379331,8.913932585226659
7.7,-0.17447110585870992,9.085603515379331,8.91113240952062
7.72,-0.1772990759057325,9.085603515379331,8.908304439473598
7.74,-0.18014780081473553,9.085603515379331,8.905455714564596
7.76,-0.18300996836988803,9.085603515379331,8.902593547009443
7.78,-0.18587810314219794,9.085603515379331,8.899725412237133
7.8,-0.1887446764902445,9.085603515379331,8.896858838889086
7.82,-0.19160221545738493,9.085603515379331,8.894001299921946
7.84,-0.19444340902586088,9.085603515379331,8.891160106353471
7.86,-0.1972612102502033,9.085603515379331,8.888342305129127
7.88,-0.20004893287491815,9.085603515379331,8.885554582504414
7.9,-0.20280034114219314,9.085603515379331,8.882803174237138
7.92,-0.20550973161343172,9.085603515379331,8.880093783765899
7.94,-0.20817200596132196,9.085603515379331,8.87743150941801
7.96,-0.2107827338349897,9.085603515379331,8.874820781544342
7.98,-0.2133382050573157,9.085603515379331,8.872265310322016
8.0,-0.2158354705781431,9.085603515379331,8.869768044801187
8.02,-0.21827237177772466,9.085603515379331,8.867331143601607
8.040000000000001,-0.22064755788839993,9.085603515379331,8.864955957490931
8.06,-0.22296049147705163,9.085603515379331,8.86264302390228
8.08,-0.2252114421035489,9.085603515379331,8.860392073275783
8.1,-0.22740146843886253,9.085603515379331,8.858202046940468
8.120000000000001,-0.22953238928834957,9.085603515379331,8.856071126090981
8.14,-0.2316067441188344,9.085603515379331,8.853996771260496
8.16,-0.23362774383023988,9.085603515379331,8.85197577154909
8.18,-0.23559921264186243,9.085603515379331,8.850004302737469
8.2,-0.23752552207837854,9.085603515379331,8.848077993300953
8.22,-0.23941151813969486,9.085603515379331,8.846191997239636
8.24,-0.24126244282055717,9.085603515379331,8.844341072558773
8.26,-0.2430838512098543,9.085603515379331,8.842519664169476
8.28,-0.2448815254445655,9.085603515379331,8.840721989934766
8.3,-0.2466613868193509,9.085603515379331,8.83894212855998
8.32,-0.24842940735965366,9.085603515379331,8.837174108019678
8.34,-0.2501915221538314,9.085603515379331,8.835411993225499
8.36,-0.2519535437089497,9.085603515379331,8.833649971670381
8.38,-0.2537210795462341,9.085603515379331,8.831882435833098
8.4,-0.25549945418610853,9.085603515379331,8.830104061193223
8.42,-0.2572936365914748,9.085603515379331,8.828309878787856
8.44,-0.25910817404174924,9.085603515379331,8.826495341337582
8.46,-0.26094713330149566,9.085603515379331,8.824656382077835
8.48,-0.26281404982761425,9.085603515379331,8.822789465551717
8.5,-0.26471188563017234,9.085603515379331,8.820891629749159
8.52,-0.2666429962656535,9.085603515379331,8.818960519113677
8.540000000000001,-0.26860910730033866,9.085603515379331,8.816994408078992
8.56,-0.27061130043720516,9.085603515379331,8.814992214942126
8.58,-0.2726500093547746,9.085603515379331,8.812953506024556
8.6,-0.2747250251626516,9.085603515379331,8.81087849021668
8.620000000000001,-0.2768355112380996,9.085603515379331,8.808768004141232
8.64,-0.2789800270732176,9.085603515379331,8.806623488306114
8.66,-0.28115656063460154,9.085603515379331,8.80444695474473
8.68,-0.2833625686188967,9.085603515379331,8.802240946760435
8.700000000000001,-0.2855950238798965,9.085603515379331,8.800008491499435
8.72,-0.28785046920721646,9.085603515379331,8.797753046172115
8.74,-0.2901250765543186,9.085603515379331,8.795478438825013
8.76,-0.29241471074610015,9.085603515379331,8.793188804633232
8.78,-0.29471499664358025,9.085603515379331,8.79088851873575
8.8,-0.29702138870687816,9.085603515379331,8.788582126672454
8.82,-0.2993292418771902,9.085603515379331,8.78627427350214
8.84,-0.3016338826945216,9.085603515379331,8.78396963268481
8.86,-0.30393067958004616,9.085603515379331,8.781672835799284
8.88,-0.3062151112400191,9.085603515379331,8.779388404139311
8.9,-0.30848283219130546,9.085603515379331,8.777120683188025
8.92,-0.3107297344662589,9.085603515379331,8.774873780913072
8.94,-0.31295200462559913,9.085603515379331,8.772651510753732
8.96,-0.3151461752911026,9.085603515379331,8.770457340088228
8.98,-0.3173091705038839,9.085603515379331,8.768294344875446
9.0,-0.31943834431712603,9.085603515379331,8.766165171062205
9.02,-0.3215315121430894,9.085603515379331,8.764072003236242
9.040000000000001,-0.32358697449069146,9.085603515379331,8.76201654088864
9.06,-0.3256035328509292,9.085603515379331,8.759999982528402
9.08,-0.32758049761014146,9.085603515379331,8.75802301776919
9.1,-0.3295176879945865,9.085603515379331,8.756085827384744
9.120000000000001,-0.33141542417140585,9.085603515379331,8.754188091207926
9.14,-0.33327451174962625,9.085603515379331,8.752329003629704
9.16,-0.3350962190380311,9.085603515379331,8.7505072963413
9.18,-0.3368822475234637,9.085603515379331,8.748721267855867
9.200000000000001,-0.3386346961313036,9.085603515379331,8.746968819248028
9.22,-0.340356019918473,9.085603515379331,8.745247495460859
9.24,-0.3420489839270028,9.085603515379331,8.743554531452329
9.26,-0.34371661299169565,9.085603515379331,8.741886902387636
9.28,-0.3453621383482498,9.085603515379331,8.740241377031081
9.3,-0.34698894192714574,9.085603515379331,8.738614573452185
9.32,-0.34860049924373865,9.085603515379331,8.737003016135592
9.34,-0.3502003218056022,9.085603515379331,8.73540319357373
9.36,-0.3517918999546091,9.085603515379331,8.733811615424722
9.38,-0.3533786470431067,9.085603515379331,8.732224868336225
9.4,-0.3549638458122041,9.085603515379331,8.730639669567127
9.42,-0.35655059779497295,9.085603515379331,8.729052917584358
9.44,-0.35814177651026224,9.085603515379331,8.727461738869069
9.46,-0.35973998514398503,9.085603515379331,8.725863530235346
9.48,-0.36134751933568426,9.085603515379331,8.724255996043647
9.5,-0.3629663356002024,9.085603515379331,8.72263717977913
9.52,-0.3645980258185647,9.085603515379331,8.721005489560767
9.540000000000001,-0.36624379813055397,9.085603515379331,8.719359717248777
9.56,-0.36790446445533,9.085603515379331,8.717699050924
9.58,-0.3695804347575833,9.085603515379331,8.716023080621747
9.6,-0.3712717180667173,9.085603515379331,8.714331797312614
9.620000000000001,-0.3729779301474529,9.085603515379331,8.712625585231878
9.64,-0.37469830761312234,9.085603515379331,8.710905207766208
9.66,-0.3764317281703035,9.085603515379331,8.709171787209028
9.68,-0.3781767365860011,9.085603515379331,8.70742677879333
9.700000000000001,-0.37993157587852244,9.085603515379331,8.705671939500808
9.72,-0.3816942231515342,9.085603515379331,8.703909292227797
9.74,-0.3834624294188968,9.085603515379331,8.702141085960434
9.76,-0.3852337627067575,9.085603515379331,8.700369752672573
9.78,-0.38700565367017814,9.085603515379331,8.698597861709153
9.8,-0.38877544292471033,9.085603515379331,8.69682807245462
9.82,-0.3905404292696346,9.085603515379331,8.695063086109696
9.84,-0.3922979179693225,9.085603515379331,8.693305597410008
9.86,-0.3940452682623472,9.085603515379331,8.691558247116983
9.88,-0.39577993928471933,9.085603515379331,8.689823576094613
9.9,-0.3974995336235553,9.085603515379331,8.688103981755775
9.92,-0.3992018377601094,9.085603515379331,8.686401677619221
9.94,-0.4008848587157857,9.085603515379331,8.684718656663545
9.96,-0.40254685628061354,9.085603515379331,8.683056659098717
9.98,-0.4041863702795936,9.085603515379331,8.681417145099738
10.0,-0.4058022424173418,9.085603515379331,8.679801272961988
10.02,-0.40739363233386566,9.085603515379331,8.678209883045465
10.040000000000001,-0.4089600276030312,9.085603515379331,8.6766434877763
10.06,-0.410501247508365,9.085603515379331,8.675102267870965
10.08,-0.4120174405372132,9.085603515379331,8.673586074842119
10.1,-0.41350907564137435,9.085603515379331,8.672094439737958
10.120000000000001,-0.41497692741953307,9.085603515379331,8.670626587959799
10.14,-0.416422055481388,9.085603515379331,8.669181459897944
10.16,-0.41784577835438946,9.085603515379331,8.667757737024942
10.18,-0.4192496423893172,9.085603515379331,8.666353872990014
10.200000000000001,-0.42063538620937785,9.085603515379331,8.664968129169953
10.22,-0.42200490132721896,9.085603515379331,8.663598614052113
10.24,-0.4233601896243533,9.085603515379331,8.662243325754979
10.26,-0.42470331844649356,9.085603515379331,8.660900196932838
10.28,-0.42603637411501777,9.085603515379331,8.659567141264313
10.3,-0.42736141468905914,9.085603515379331,8.658242100690272
10.32,-0.4286804228329025,9.085603515379331,8.656923092546428
10.34,-0.4299952596500639,9.085603515379331,8.655608255729268
10.36,-0.4313076203373869,9.085603515379331,8.654295895041944
10.38,-0.43261899249065766,9.085603515379331,8.652984522888673
10.4,-0.43393061785695464,9.085603515379331,8.651672897522376
10.42,-0.4352434582793923,9.085603515379331,8.650360057099938
10.44,-0.4365581665169748,9.085603515379331,8.649045348862357
10.46,-0.4378750625476374,9.085603515379331,8.647728452831693
10.48,-0.439194115876373,9.085603515379331,8.646409399502957
10.5,-0.4405149342745981,9.085603515379331,8.645088581104734
10.52,-0.4418367592725945,9.085603515379331,8.643766756106736
10.540000000000001,-0.44315846861539504,9.085603515379331,8.642445046763935
10.56,-0.4444785857761913,9.085603515379331,8.641124929603139
10.58,-0.4457952965009607,9.085603515379331,8.63980821887837
10.6,-0.4471064722364861,9.085603515379331,8.638497043142845
10.620000000000001,-0.44840970017229187,9.085603515379331,8.63719381520704
10.64,-0.44970231950772394,9.085603515379331,8.635901195871607
10.66,-0.4509814634400446,9.085603515379331,8.634622051939287
10.68,-0.4522441062601717,9.085603515379331,8.633359409119159
10.700000000000001,-0.45348711484097604,9.085603515379331,8.632116400538354
10.72,-0.45470730371122414,9.085603515379331,8.630896211668107
10.74,-0.4559014928271302,9.085603515379331,8.6297020225522
10.76,-0.45706656708526533,9.085603515379331,8.628536948294066
10.78,-0.45819953656629664,9.085603515379331,8.627403978813035
10.8,-0.4592975964595309,9.085603515379331,8.626305918919801
10.82,-0.4603581855950005,9.085603515379331,8.625245329784331
10.84,-0.4613790425031062,9.085603515379331,8.624224472876225
10.86,-0.46235825793238594,9.085603515379331,8.623245257446944
10.88,-0.46329432278358934,9.085603515379331,8.622309192595742
10.9,-0.46418617046360816,9.085603515379331,8.621417344915724
10.92,-0.4650332127247013,9.085603515379331,8.62057030265463
10.94,-0.4658353681332906,9.085603515379331,8.61976814724604
10.96,-0.466593082406611,9.085603515379331,8.61901043297272
10.98,-0.467307339964581,9.085603515379331,8.61829617541475
11.0,-0.46797966616618447,9.085603515379331,8.617623849213146
11.02,-0.46861211983378276,9.085603515379331,8.616991395545549
11.040000000000001,-0.46920727581261984,9.085603515379331,8.616396239566711
11.06,-0.4697681974650828,9.085603515379331,8.615835317914248
11.08,-0.4702983991573194,9.085603515379331,8.615305116222011
11.1,-0.4708017989582211,9.085603515379331,8.61480171642111
11.120000000000001,-0.4712826619342406,9.085603515379331,8.61432085344509
11.14,-0.47174553458649787,9.085603515379331,8.613857980792833
11.16,-0.4721951711363423,9.085603515379331,8.61340834424299
11.18,-0.4726364525193515,9.085603515379331,8.61296706285998
11.200000000000001,-0.47307429909370624,9.085603515379331,8.612529216285624
11.22,-0.47351357820416795,9.085603515379331,8.612089937175163
11.24,-0.4739590078655493,9.085603515379331,8.611644507513782
11.26,-0.4744150579371192,9.085603515379331,8.611188457442212
11.28,-0.4748858502503635,9.085603515379331,8.610717665128968
11.3,-0.4753750592243021,9.085603515379331,8.61022845615503
11.32,-0.475885814554491,9.085603515379331,8.60971770082484
11.34,-0.47642060759171456,9.085603515379331,8.609182907787616
11.36,-0.47698120303363545,9.085603515379331,8.608622312345696
11.38,-0.4775685575363666,9.085603515379331,8.608034957842964
11.4,-0.4781827468123588,9.085603515379331,8.607420768566973
11.42,-0.4788229027163802,9.085603515379331,8.60678061266295
11.44,-0.47948716173228945,9.085603515379331,8.606116353647042
11.46,-0.4801726261609435,9.085603515379331,8.605430889218388
11.48,-0.4808753391738759,9.085603515379331,8.604728176205455
11.5,-0.48159027474031935,9.085603515379331,8.604013240639011
11.52,-0.4823113432576082,9.085603515379331,8.603292172121723
11.540000000000001,-0.48303141351879475,9.085603515379331,8.602572101860536
11.56,-0.48374235143909083,9.085603515379331,8.60186116394024
11.58,-0.48443507573577527,9.085603515379331,8.601168439643557
11.6,-0.48509963051825844,9.085603515379331,8.600503884861073
11.620000000000001,-0.48572527449795144,9.085603515379331,8.59987824088138
11.64,-0.4863005862750411,9.085603515379331,8.59930292910429
11.66,-0.48681358490403975,9.085603515379331,8.598789930475291
11.68,-0.4872518646856555,9.085603515379331,8.598351650693676
11.700000000000001,-0.48760274288205513,9.085603515379331,8.598000772497276
11.72,-0.4878534188100996,9.085603515379331,8.597750096569232
11.74,-0.4879911425351112,9.085603515379331,8.59761237284422
11.76,-0.4880033911704461,9.085603515379331,8.597600124208885
11.78,-0.4878780505884015,9.085603515379331,8.59772546479093
11.8,-0.48760360016891247,9.085603515379331,8.59799991521042
11.82,-0.48716929805749337,9.085603515379331,8.598434217321838
11.84,-0.4865653642753024,9.085603515379331,8.599038151104029
11.86,-0.48578315892486595,9.085603515379331,8.599820356454465
11.88,-0.4848153526670538,9.085603515379331,8.600788162712277
11.9,-0.4836560866102859,9.085603515379331,8.601947428769044
11.92,-0.48230111875318765,9.085603515379331,8.603302396626143
11.94,-0.4807479541583784,9.085603515379331,8.604855561220953
11.96,-0.4789959561083738,9.085603515379331,8.606607559270957
11.98,-0.47704643560506876,9.085603515379331,8.608557079774263
12.0,-0.47490271672219264,9.085603515379331,8.610700798657138
12.02,-0.4725701755044228,9.085603515379331,8.613033339874908
12.040000000000001,-0.47005625032720083,9.085603515379331,8.61554726505213
12.06,-0.46737042188555694,9.085603515379331,8.618233093493775
12.08,-0.4645241612674827,9.085603515379331,8.62107935411185
12.1,-0.4615308448841344,9.085603515379331,8.624072670495197
12.120000000000001,-0.4584056353739336,9.085603515379331,8.627197880005397
12.14,-0.4551653279662503,9.085603515379331,8.63043818741308
12.16,-0.4518281621802836,9.085603515379331,8.633775353199047
12.18,-0.44841359914125445,9.085603515379331,8.637189916238077
12.200000000000001,-0.4449420652158023,9.085603515379331,8.64066145016353
12.22,-0.4414346630968462,9.085603515379331,8.644168852282485
12.24,-0.4379128519001009,9.085603515379331,8.64769066347923
12.26,-0.43439809826620496,9.085603515379331,8.651205417113125
12.280000000000001,-0.43091150088790575,9.085603515379331,8.654692014491426
12.3,-0.4274733912972847,9.085603515379331,8.658130124082046
12.32,-0.4241029141473267,9.085603515379331,8.661500601232005
12.34,-0.42081759060175455,9.085603515379331,8.664785924777577
12.36,-0.41763286880058625,9.085603515379331,8.667970646578745
12.38,-0.4145616656933454,9.085603515379331,8.671041849685986
12.4,-0.4116139048211859,9.085603515379331,8.673989610558145
12.42,-0.4087960548805926,9.085603515379331,8.676807460498738
12.44,-0.4061106741097828,9.085603515379331,8.679492841269548
12.46,-0.40355596570185825,9.085603515379331,8.682047549677472
12.48,-0.40112534956237555,9.085603515379331,8.684478165816955
12.5,-0.3988070557909429,9.085603515379331,8.686796459588388
12.52,-0.39658374527469964,9.085603515379331,8.68901977010463
12.540000000000001,-0.39443216273387643,9.085603515379331,8.691171352645455
12.56,-0.3923228274558605,9.085603515379331,8.69328068792347
12.58,-0.3902197667926343,9.085603515379331,8.695383748586696
12.6,-0.38808029727844756,9.085603515379331,8.697523218100883
12.620000000000001,-0.3858548579494322,9.085603515379331,8.699748657429899
12.64,-0.3834869001172507,9.085603515379331,8.70211661526208
12.66,-0.3809128374650733,9.085603515379331,8.704690677914257
12.68,-0.3780620599004465,9.085603515379331,8.707541455478884
12.700000000000001,-0.3748570141169769,9.085603515379331,8.710746501262355
12.72,-0.37121335329075417,9.085603515379331,8.714390162088577
12.74,-0.3670401577706433,9.085603515379331,8.718563357608687
12.76,-0.3622402280194322,9.085603515379331,8.723363287359899
12.780000000000001,-0.3567104504303058,9.085603515379331,8.728893064949025
12.8,-0.3503422359851839,9.085603515379331,8.735261279394146
12.82,-0.3430220310448727,9.085603515379331,8.742581484334458
12.84,-0.3346318988707554,9.085603515379331,8.750971616508576
12.86,-0.3250501697815104,9.085603515379331,8.76055334559782
12.88,-0.31415215715151984,9.085603515379331,8.77145135822781
12.9,-0.30181093576781215,9.085603515379331,8.78379257961152
12.92,-0.28789817838596005,9.085603515379331,8.79770533699337
12.94,-0.27228504566917117,9.085603515379331,8.81331846971016
12.96,-0.25484312406543363,9.085603515379331,8.830760391313898
12.98,-0.23544540558207802,9.085603515379331,8.850158109797253
13.0,-0.2139673028609995,9.085603515379331,8.871636212518332
13.02,-0.19028769244804494,9.085603515379331,8.895315822931286
13.040000000000001,-0.16428997869175543,9.085603515379331,8.921313536687576
13.06,-0.13586317030544579,9.085603515379331,8.949740345073886
13.08,-0.1049029612872769,9.085603515379331,8.980700554092055
13.1,-0.0713128076199676,9.085603515379331,9.014290707759363
13.120000000000001,-0.035004990968706344,9.085603515379331,9.050598524410624
13.14,0.004098339533809267,9.085603515379331,9.089701854913141
13.16,0.04606415638032078,9.085603515379331,9.131667671759653
13.18,0.09094758260125528,9.085603515379331,9.176551097980587
13.200000000000001,0.13879096933506307,9.085603515379331,9.224394484714395
13.22,0.1896230307136277,9.085603515379331,9.27522654609296
13.24,0.24345804445891617,9.085603515379331,9.329061559838248
13.26,0.3002951262484332,9.085603515379331,9.385898641627763
13.280000000000001,0.3601175854920915,9.085603515379331,9.445721100871422
13.3,0.4228923696748041,9.085603515379331,9.508495885054135
13.32,0.48856960386038667,9.085603515379331,9.574173119239719
13.34,0.5570822313268764,9.085603515379331,9.642685746706208
13.36,0.6283457606165757,9.085603515379331,9.713949275995907
13.38,0.7022581235403668,9.085603515379331,9.787861638919697
13.4,0.7786996478811324,9.085603515379331,9.864303163260464
13.42,0.8575331477024466,9.085603515379331,9.943136663081777
13.44,0.9386041332915288,9.085603515379331,10.02420764867086
13.46,1.021741141858618,9.085603515379331,10.107344657237949
13.48,1.1067561891845294,9.085603515379331,10.192359704563861
13.5,1.1934453414631916,9.085603515379331,10.279048856842522
13.52,1.2815894056336208,9.085603515379331,10.367192921012952
13.540000000000001,1.370954735544918,9.085603515379331,10.45655825092425
13.56,1.4612941503564096,9.085603515379331,10.546897665735742
13.58,1.55234796065136,9.085603515379331,10.637951476030691
13.6,1.6438450968447014,9.085603515379331,10.729448612224033
13.620000000000001,1.735504333601429,9.085603515379331,10.82110784898076
13.64,1.8270356031598596,9.085603515379331,10.912639118539191
13.66,1.9181413896808328,9.085603515379331,11.003744905060163
13.68,2.0085181960265404,9.085603515379331,11.094121711405872
13.700000000000001,2.097858073718428,9.085603515379331,11.183461589097758
13.72,2.1858502062377636,9.085603515379331,11.271453721617094
13.74,2.27218253532115,9.085603515379331,11.357786050700481
13.76,2.3565434194707264,9.085603515379331,11.442146934850058
13.780000000000001,2.4386233135500173,9.085603515379331,11.524226828929349
13.8,2.518116458074028,9.085603515379331,11.603719973453359
13.82,2.5947225666296254,9.085603515379331,11.680326082008957
13.84,2.6681484997807887,9.085603515379331,11.75375201516012
13.86,2.738109913824799,9.085603515379331,11.82371342920413
13.88,2.8043328728698014,9.085603515379331,11.889936388249133
13.9,2.8665554129006194,9.085603515379331,11.95215892827995
13.92,2.924529046787957,9.085603515379331,12.01013256216729
13.94,2.978020199572707,9.085603515379331,12.063623714952039
13.96,3.026811563820424,9.085603515379331,12.112415079199755
13.98,3.0707033653864912,9.085603515379331,12.156306880765822
14.0,3.109514530556517,9.085603515379331,12.195118045935848
14.02,3.1430837462230254,9.085603515379331,12.228687261602357
14.040000000000001,3.1712704055240284,9.085603515379331,12.25687392090336
14.06,3.1939554321943158,9.085603515379331,12.279558947573648
14.08,3.2110419777600336,9.085603515379331,12.296645493139366
14.1,3.2224559866334115,9.085603515379331,12.308059502012743
14.120000000000001,3.2281466251307456,9.085603515379331,12.313750140510077
14.14,3.2280865714335154,9.085603515379331,12.313690086812846
14.16,3.22227216453271,9.085603515379331,12.30787567991204
14.18,3.2107234112307363,9.085603515379331,12.296326926610067
14.200000000000001,3.1934838513156496,9.085603515379331,12.27908736669498
14.22,3.170620282059961,9.085603515379331,12.256223797439292
14.24,3.142222344222236,9.085603515379331,12.227825859601566
14.26,3.108401972736108,9.085603515379331,12.194005488115438
14.280000000000001,3.0692927162495116,9.085603515379331,12.154896231628843
14.3,3.0250489306188024,9.085603515379331,12.110652445998134
14.32,2.97584485236098,9.085603515379331,12.061448367740311
14.34,2.9218735589145166,9.085603515379331,12.007477074293847
14.36,2.863345823348782,9.085603515379331,11.948949338728113
14.38,2.800488871887714,9.085603515379331,11.886092387267045
14.4,2.7335450532695167,9.085603515379331,11.819148568648847
14.42,2.662770429545221,9.085603515379331,11.748373944924552
14.44,2.5884332984215477,9.085603515379331,11.674036813800878
14.46,2.5108126576731933,9.085603515379331,11.596416173052525
14.48,2.430196622483822,9.085603515379331,11.515800137863152
14.5,2.346880806821694,9.085603515379331,11.432484322201026
14.52,2.2611666801135746,9.085603515379331,11.346770195492905
14.540000000000001,2.1733599105485086,9.085603515379331,11.25896342592784
14.56,2.0837687063216968,9.085603515379331,11.169372221701028
14.58,1.9927021660189914,9.085603515379331,11.078305681398323
14.6,1.900468649146261,9.085603515379331,10.986072164525591
14.620000000000001,1.807374177527079,9.085603515379331,10.89297769290641
14.64,1.7137208779306314,9.085603515379331,10.799324393309963
14.66,1.619805475852858,9.085603515379331,10.70540899123219
14.68,1.5259178498625086,9.085603515379331,10.61152136524184
14.700000000000001,1.4323396553441725,9.085603515379331,10.517943170723504
14.72,1.3393430258296257,9.085603515379331,10.424946541208957
14.74,1.2471893594110024,9.085603515379331,10.332792874790334
14.76,1.1561281969831227,9.085603515379331,10.241731712362453
14.780000000000001,1.0663961982724937,9.085603515379331,10.151999713651826
14.8,0.978216220785895,9.085603515379331,10.063819736165225
14.82,0.8917965059581036,9.085603515379331,9.977400021337434
14.84,0.8073299759050631,9.085603515379331,9.892933491284394
14.86,0.7249936433015669,9.085603515379331,9.810597158680897
14.88,0.6449481360108047,9.085603515379331,9.730551651390137
14.9,0.5673373372027886,9.085603515379331,9.65294085258212
14.92,0.4922881408182319,9.085603515379331,9.577891656197563
14.94,0.4199103213709592,9.085603515379331,9.505513836750291
14.96,0.3502965162416199,9.085603515379331,9.435900031620951
14.98,0.2835223178064625,9.085603515379331,9.369125833185793
15.0,0.21964647197169135,9.085603515379331,9.305249987351022
15.02,0.1587111789544456,9.085603515379331,9.244314694333777
15.040000000000001,0.10074249146890615,9.085603515379331,9.186346006848238
15.06,0.04575080484742636,9.085603515379331,9.131354320226757
15.08,-0.006268566945536736,9.085603515379331,9.079334948433795
15.1,-0.05533473595907583,9.085603515379331,9.030268779420256
15.120000000000001,-0.10148051256027511,9.085603515379331,8.984123002819056
15.14,-0.14475161277579612,9.085603515379331,8.940851902603535
15.16,-0.1852058083601324,9.085603515379331,8.900397707019199
15.18,-0.22291202752066064,9.085603515379331,8.86269148785867
15.200000000000001,-0.2579494144000597,9.085603515379331,8.827654100979272
15.22,-0.29040635551634086,9.085603515379331,8.79519715986299
15.24,-0.320379481390604,9.085603515379331,8.765224033988726
15.26,-0.3479726515537967,9.085603515379331,8.737630863825535
15.280000000000001,-0.37329593101826863,9.085603515379331,8.712307584361062
15.3,-0.3964645661300022,9.085603515379331,8.68913894924933
15.32,-0.41759796748615613,9.085603515379331,8.668005547893175
15.34,-0.43681870731332634,9.085603515379331,8.648784808066004
15.36,-0.45425153835869514,9.085603515379331,8.631351977020636
15.38,-0.47002244095327894,9.085603515379331,8.615581074426052
15.4,-0.4842577044683097,9.085603515379331,8.601345810911022
15.42,-0.4970830489077454,9.085603515379331,8.588520466471586
15.44,-0.5086227918665134,9.085603515379331,8.576980723512818
15.46,-0.518999065541714,9.085603515379331,8.566604449837618
15.48,-0.5283310879174151,9.085603515379331,8.557272427461916
15.5,-0.5367344916585544,9.085603515379331,8.548869023720776
15.52,-0.5443207136523688,9.085603515379331,8.541282801726963
15.540000000000001,-0.5511964475310842,9.085603515379331,8.534407067848246
15.56,-0.5574631609038375,9.085603515379331,8.528140354475493
15.58,-0.5632166784241337,9.085603515379331,8.522386836955198
15.6,-0.5685468312267626,9.085603515379331,8.517056684152568
15.620000000000001,-0.5735371726900971,9.085603515379331,8.512066342689234
15.64,-0.5782647599210613,9.085603515379331,8.50733875545827
15.66,-0.5827999998250493,9.085603515379331,8.502803515554282
15.68,-0.5872065581157406,9.085603515379331,8.49839695726359
15.700000000000001,-0.5915413291445154,9.085603515379331,8.494062186234816
15.72,-0.5958544639884326,9.085603515379331,8.489749051390898
15.74,-0.6001894538332518,9.085603515379331,8.485414061546079
15.76,-0.6045832653259907,9.085603515379331,8.48102025005334
15.780000000000001,-0.6090665242517882,9.085603515379331,8.476536991127542
15.8,-0.6136637436146976,9.085603515379331,8.471939771764633
15.82,-0.6183935919716199,9.085603515379331,8.467209923407712
15.84,-0.6232691976846975,9.085603515379331,8.462334317694634
15.860000000000001,-0.6282984846191884,9.085603515379331,8.457305030760143
15.88,-0.63348453472183,9.085603515379331,8.4521189806575
15.9,-0.6388259728678196,9.085603515379331,8.446777542511512
15.92,-0.644317369361699,9.085603515379331,8.441286146017632
15.94,-0.6499496555173598,9.085603515379331,8.435653859861972
15.96,-0.6557105478231894,9.085603515379331,8.429892967556142
15.98,-0.6615849763175725,9.085603515379331,8.424018539061759
16.0,-0.6675555129556454,9.085603515379331,8.418048002423685
16.02,-0.6736027959368726,9.085603515379331,8.412000719442458
16.04,-0.6797059461823988,9.085603515379331,8.405897569196933
16.06,-0.6858429723974193,9.085603515379331,8.399760542981912
16.080000000000002,-0.6919911614241122,9.085603515379331,8.393612353955218
16.1,-0.6981274508810642,9.085603515379331,8.387476064498268
16.12,-0.7042287813926055,9.085603515379331,8.381374733986725
16.14,-0.7102724260316385,9.085603515379331,8.375331089347693
16.16,-0.7162362949296189,9.085603515379331,8.369367220449712
16.18,-0.7220992133432838,9.085603515379331,8.363504302036047
16.2,-0.7278411718057662,9.085603515379331,8.357762343573565
16.22,-0.7334435473271792,9.085603515379331,8.352159968052153
16.240000000000002,-0.738889294942758,9.085603515379331,8.346714220436573
16.26,-0.7441631092319959,9.085603515379331,8.341440406147335
16.28,-0.749251555747673,9.085603515379331,8.336351959631658
16.3,-0.7541431725955852,9.085603515379331,8.331460342783746
16.32,-0.7588285426924305,9.085603515379331,8.3267749726869
16.34,-0.7633003374982166,9.085603515379331,8.322303177881114
16.36,-0.7675533332683108,9.085603515379331,8.31805018211102
16.38,-0.7715844010980569,9.085603515379331,8.314019114281274
16.4,-0.775392472237524,9.085603515379331,8.310211043141807
16.42,-0.7789784803346531,9.085603515379331,8.306625035044679
16.44,-0.7823452824212649,9.085603515379331,8.303258232958067
16.46,-0.7854975605867557,9.085603515379331,8.300105954792576
16.48,-0.7884417063898805,9.085603515379331,8.29716180898945
16.5,-0.7911856901381199,9.085603515379331,8.294417825241212
16.52,-0.7937389172191277,9.085603515379331,8.291864598160203
16.54,-0.7961120736978198,9.085603515379331,8.28949144168151
16.56,-0.7983169633991835,9.085603515379331,8.287286551980147
16.580000000000002,-0.8003663386792838,9.085603515379331,8.285237176700047
16.6,-0.8022737270485406,9.085603515379331,8.283329788330791
16.62,-0.8040532557523291,9.085603515379331,8.281550259627002
16.64,-0.8057194763358904,9.085603515379331,8.279884039043441
16.66,-0.8072871911259848,9.085603515379331,8.278316324253346
16.68,-0.8087712834513414,9.085603515379331,8.27683223192799
16.7,-0.8101865533000465,9.085603515379331,8.275416962079284
16.72,-0.8115475599772523,9.085603515379331,8.274055955402078
16.740000000000002,-0.8128684731810518,9.085603515379331,8.27273504219828
16.76,-0.8141629337623383,9.085603515379331,8.271440581616993
16.78,-0.8154439252760194,9.085603515379331,8.270159590103312
16.8,-0.8167236572687135,9.085603515379331,8.268879858110617
16.82,-0.8180134610844604,9.085603515379331,8.267590054294871
16.84,-0.8193236988054954,9.085603515379331,8.266279816573835
16.86,-0.8206636857826658,9.085603515379331,8.264939829596665
16.88,-0.8220416270508404,9.085603515379331,8.263561888328491
16.9,-0.8234645677695596,9.085603515379331,8.262138947609772
16.92,-0.8249383576805672,9.085603515379331,8.260665157698764
16.94,-0.8264676294323583,9.085603515379331,8.259135885946973
16.96,-0.8280557904882406,9.085603515379331,8.25754772489109
16.98,-0.8297050282106551,9.085603515379331,8.255898487168675
17.0,-0.8314163276000477,9.085603515379331,8.254187187779284
17.02,-0.8331895010630594,9.085603515379331,8.252414014316273
17.04,-0.8350232294924339,9.085603515379331,8.250580285886898
17.06,-0.8369151138594393,9.085603515379331,8.248688401519892
17.080000000000002,-0.8388617364503907,9.085603515379331,8.246741778928941
17.1,-0.8408587308204023,9.085603515379331,8.244744784558929
17.12,-0.8429008594909944,9.085603515379331,8.242702655888337
17.14,-0.8449820983829083,9.085603515379331,8.240621416996422
17.16,-0.8470957269508544,9.085603515379331,8.238507788428477
17.18,-0.84923442297319,9.085603515379331,8.236369092406141
17.2,-0.8513903609455705,9.085603515379331,8.23421315443376
17.22,-0.8535553130332505,9.085603515379331,8.23204820234608
17.240000000000002,-0.8557207515511488,9.085603515379331,8.229882763828183
17.26,-0.8578779519632077,9.085603515379331,8.227725563416124
17.28,-0.860018095422738,9.085603515379331,8.225585419956593
17.3,-0.8621323699120912,9.085603515379331,8.22347114546724
17.32,-0.8642120690824233,9.085603515379331,8.221391446296908
17.34,-0.866248687942516,9.085603515379331,8.219354827436815
17.36,-0.8682340145975878,9.085603515379331,8.217369500781743
17.38,-0.8701602172953657,9.085603515379331,8.215443298083965
17.400000000000002,-0.8720199260956779,9.085603515379331,8.213583589283653
17.42,-0.8738063085416456,9.085603515379331,8.211797206837685
17.44,-0.8755131387738366,9.085603515379331,8.210090376605494
17.46,-0.8771348595935999,9.085603515379331,8.208468655785731
17.48,-0.8786666370474643,9.085603515379331,8.206936878331867
17.5,-0.8801044071702404,9.085603515379331,8.205499108209091
17.52,-0.8814449145905314,9.085603515379331,8.2041586007888
17.54,-0.8826857427676905,9.085603515379331,8.20291777261164
17.56,-0.8838253356944753,9.085603515379331,8.201778179684856
17.580000000000002,-0.8848630109631076,9.085603515379331,8.200740504416224
17.6,-0.8857989641559156,9.085603515379331,8.199804551223416
17.62,-0.8866342645829535,9.085603515379331,8.198969250796377
17.64,-0.8873708424495284,9.085603515379331,8.198232672929803
17.66,-0.8880114675954744,9.085603515379331,8.197592047783857
17.68,-0.8885597200052612,9.085603515379331,8.19704379537407
17.7,-0.8890199523440152,9.085603515379331,8.196583563035317
17.72,-0.8893972448287739,9.085603515379331,8.196206270550558
17.740000000000002,-0.8896973527969423,9.085603515379331,8.19590616258239
17.76,-0.8899266473849128,9.085603515379331,8.195676867994418
17.78,-0.8900920497792196,9.085603515379331,8.195511465600111
17.8,-0.890200959549847,9.085603515379331,8.195402555829483
17.82,-0.8902611776213117,9.085603515379331,8.195342337758019
17.84,-0.8902808244803291,9.085603515379331,8.195322690899001
17.86,-0.8902682542606514,9.085603515379331,8.19533526111868
17.88,-0.8902319653844519,9.085603515379331,8.19537154999488
17.900000000000002,-0.8901805084763759,9.085603515379331,8.195423006902955
17.92,-0.8901223922996149,9.085603515379331,8.195481123079716
17.94,-0.8900659884941297,9.085603515379331,8.195537526885202
17.96,-0.8900194359237092,9.085603515379331,8.195584079455621
17.98,-0.8899905454616631,9.085603515379331,8.195612969917669
18.0,-0.8899867060636127,9.085603515379331,8.195616809315718
18.02,-0.8900147929895735,9.085603515379331,8.195588722389758
18.04,-0.890081079046457,9.085603515379331,8.195522436332874
18.06,-0.8901911497248165,9.085603515379331,8.195412365654514
18.080000000000002,-0.8903498231009128,9.085603515379331,8.195253692278419
18.1,-0.8905610753653134,9.085603515379331,8.195042440014017
18.12,-0.8908279728224969,9.085603515379331,8.194775542556835
18.14,-0.8911526111820719,9.085603515379331,8.194450904197259
18.16,-0.8915360629301201,9.085603515379331,8.194067452449211
18.18,-0.8919783335292101,9.085603515379331,8.193625181850122
18.2,-0.892478327147402,9.085603515379331,8.19312518823193
18.22,-0.8930338225594578,9.085603515379331,8.192569692819873
18.240000000000002,-0.8936414597980248,9.085603515379331,8.191962055581307
18.26,-0.8942967380581572,9.085603515379331,8.191306777321174
18.28,-0.894994025275817,9.085603515379331,8.190609490103514
18.3,-0.8957265797095932,9.085603515379331,8.189876935669737
18.32,-0.8964865837555632,9.085603515379331,8.189116931623769
18.34,-0.8972651901180757,9.085603515379331,8.188338325261256
18.36,-0.8980525803452439,9.085603515379331,8.187550935034087
18.38,-0.8988380356169235,9.085603515379331,8.186765479762407
18.400000000000002,-0.8996100195470318,9.085603515379331,8.1859934958323
18.42,-0.9003562726307608,9.085603515379331,8.18524724274857
18.44,-0.9010639178325456,9.085603515379331,8.184539597546786
18.46,-0.9017195766735556,9.085603515379331,8.183883938705776
18.48,-0.9023094950386821,9.085603515379331,8.183294020340648
18.5,-0.9028196777849368,9.085603515379331,8.182783837594394
18.52,-0.9032360310961364,9.085603515379331,8.182367484283194
18.54,-0.9035445113952393,9.085603515379331,8.182059003984092
18.56,-0.9037312794966067,9.085603515379331,8.181872235882725
18.580000000000002,-0.9037828585582325,9.085603515379331,8.181820656821099
18.6,-0.9036862942789072,9.085603515379331,8.181917221100424
18.62,-0.9034293156812657,9.085603515379331,8.182174199698066
18.64,-0.9030004947275712,9.085603515379331,8.18260302065176
18.66,-0.9023894029354186,9.085603515379331,8.183214112443913
18.68,-0.9015867630945189,9.085603515379331,8.184016752284812
18.7,-0.9005845941363301,9.085603515379331,8.185018921243001
18.72,-0.89937634717652,9.085603515379331,8.18622716820281
18.740000000000002,-0.8979570307370973,9.085603515379331,8.187646484642233
18.76,-0.8963233231620702,9.085603515379331,8.189280192217261
18.78,-0.8944736702685622,9.085603515379331,8.191129845110769
18.8,-0.892408366325204,9.085603515379331,8.193195149054127
18.82,-0.8901296165217554,9.085603515379331,8.195473898857575
18.84,-0.8876415791895228,9.085603515379331,8.197961936189808
18.86,-0.8849503861496191,9.085603515379331,8.200653129229712
18.88,-0.8820641397080141,9.085603515379331,8.203539375671317
18.900000000000002,-0.8789928849793882,9.085603515379331,8.206610630399943
18.92,-0.8757485564079037,9.085603515379331,8.209854958971427
18.94,-0.8723448975596522,9.085603515379331,8.21325861781968
18.96,-0.8687973534884302,9.085603515379331,8.2168061618909
18.98,-0.8651229352220288,9.085603515379331,8.220480580157302
19.0,-0.8613400561784081,9.085603515379331,8.224263459200923
19.02,-0.8574683405986582,9.085603515379331,8.228135174780673
19.04,-0.8535284043737963,9.085603515379331,8.232075111005535
19.06,-0.8495416089430367,9.085603515379331,8.236061906436294
19.080000000000002,-0.8455297892496929,9.085603515379331,8.240073726129639
19.1,-0.8415149570543148,9.085603515379331,8.244088558325016
19.12,-0.837518981219895,9.085603515379331,8.248084534159435
19.14,-0.833563246898703,9.085603515379331,8.252040268480629
19.16,-0.8296682958596875,9.085603515379331,8.255935219519644
19.18,-0.8258534504981838,9.085603515379331,8.259750064881148
19.2,-0.8221364243601482,9.085603515379331,8.263467091019184
19.22,-0.8185329222902977,9.085603515379331,8.267070593089034
19.240000000000002,-0.8150562335714716,9.085603515379331,8.27054728180786
19.26,-0.8117168216605732,9.085603515379331,8.273886693718758
19.28,-0.8085219143385532,9.085603515379331,8.277081601040777
19.3,-0.8054750982775394,9.085603515379331,8.280128417101793
19.32,-0.8025759221822679,9.085603515379331,8.283027593197064
19.34,-0.7998195127842951,9.085603515379331,8.285784002595037
19.36,-0.7971962080524265,9.085603515379331,8.288407307326905
19.38,-0.7946912120297265,9.085603515379331,8.290912303349604
19.400000000000002,-0.7922842757143667,9.085603515379331,8.293319239664964
19.42,-0.7899494083663874,9.085603515379331,8.295654107012943
19.44,-0.7876546235446416,9.085603515379331,8.29794889183469
19.46,-0.7853617240562508,9.085603515379331,8.30024179132308
19.48,-0.7830261298346044,9.085603515379331,8.302577385544726
19.5,-0.7805967525516219,9.085603515379331,8.305006762827709
19.52,-0.7780159205151882,9.085603515379331,8.307587594864144
19.54,-0.775219357105277,9.085603515379331,8.310384158274054
19.56,-0.7721362156627691,9.085603515379331,8.313467299716562
19.580000000000002,-0.7686891733656117,9.085603515379331,8.31691434201372
19.6,-0.7647945862096429,9.085603515379331,8.320808929169688
19.62,-0.7603627067591038,9.085603515379331,8.325240808620228
19.64,-0.7552979658473604,9.085603515379331,8.330305549531971
19.66,-0.7494993188951242,9.085603515379331,8.336104196484207
19.68,-0.7428606569759574,9.085603515379331,8.342742858403374
19.7,-0.7352712822001423,9.085603515379331,8.35033223317919
19.72,-0.7266164464139462,9.085603515379331,8.358987068965385
19.740000000000002,-0.716777951625794,9.085603515379331,8.368825563753537
19.76,-0.7056348099792148,9.085603515379331,8.379968705400117
19.78,-0.6930639605002453,9.085603515379331,8.392539554879086
19.8,-0.6789410392592096,9.085603515379331,8.406662476120122
19.82,-0.6631411990091408,9.085603515379331,8.42246231637019
19.84,-0.6455399738016027,9.085603515379331,8.440063541577729
19.86,-0.6260141835398031,9.085603515379331,8.459589331839528
19.88,-0.6044428729156901,9.085603515379331,8.48116064246364
19.900000000000002,-0.580708278696172,9.085603515379331,8.50489523668316
19.92,-0.5546968188799548,9.085603515379331,8.530906696499375
19.94,-0.5263000968453618,9.085603515379331,8.55930341853397
19.96,-0.4954159132555995,9.085603515379331,8.59018760212373
19.98,-0.4619492781860662,9.085603515379331,8.623654237193264
20.0,-0.4258134156921255,9.085603515379331,8.659790099687205
20.02,-0.3869307528490394,9.085603515379331,8.698672762530292
20.04,-0.34523388517200115,9.085603515379331,8.74036963020733
20.06,-0.30066651026551916,9.085603515379331,8.784937005113813
20.080000000000002,-0.2531843215602667,9.085603515379331,8.832419193819064
20.1,-0.2027558540736683,9.085603515379331,8.882847661305663
20.12,-0.1493632742780342,9.085603515379331,8.936240241101297
20.14,-0.09300310637892809,9.085603515379331,8.992600409000403
20.16,-0.03368688759415893,9.085603515379331,9.051916627785172
20.18,0.02855825461847736,9.085603515379331,9.114161769997809
20.2,0.09368911001175574,9.085603515379331,9.179292625391087
20.22,0.16164598381484166,9.085603515379331,9.247249499194172
20.240000000000002,0.23235239139888694,9.085603515379331,9.317955906778218
20.26,0.3057148543151908,9.085603515379331,9.391318369694522
20.28,0.38162280201325005,9.085603515379331,9.467226317392582
20.3,0.45994858282876877,9.085603515379331,9.5455520982081
20.32,0.5405475870712753,9.085603515379331,9.626151102450606
20.34,0.6232584842400594,9.085603515379331,9.70886199961939
20.36,0.707903575563842,9.085603515379331,9.793507090943173
20.38,0.7942892621992054,9.085603515379331,9.879892777578537
20.400000000000002,0.8822066285433243,9.085603515379331,9.967810143922655
20.42,0.9714321392241564,9.085603515379331,10.057035654603487
20.44,1.061728447434139,9.085603515379331,10.147331962813471
20.46,1.1528453113782586,9.085603515379331,10.23844882675759
20.48,1.244520614723359,9.085603515379331,10.33012413010269
20.5,1.33648148606808,9.085603515379331,10.42208500144741
20.52,1.4284455116123163,9.085603515379331,10.514049026991648
20.54,1.520122034396206,9.085603515379331,10.605725549775537
20.56,1.611213532711084,9.085603515379331,10.696817048090415
20.580000000000002,1.7014170695643283,9.085603515379331,10.78702058494366
20.6,1.7904258044137766,9.085603515379331,10.876029319793108
20.62,1.8779305577816938,9.085603515379331,10.963534073161025
20.64,1.9636214188188943,9.085603515379331,11.049224934198225
20.66,2.0471893854224597,9.085603515379331,11.13279290080179
20.68,2.128328026119694,9.085603515379331,11.213931541499026
20.7,2.206735152621245,9.085603515379331,11.292338668000577
20.72,2.282114491721002,9.085603515379331,11.367718007100333
20.740000000000002,2.3541773450825167,9.085603515379331,11.439780860461848
20.76,2.422644225403079,9.085603515379331,11.50824774078241
20.78,2.4872464574890123,9.085603515379331,11.572849972868344
20.8,2.54772773290942,9.085603515379331,11.633331248288751
20.82,2.6038456071203098,9.085603515379331,11.68944912249964
20.84,2.6553729282664955,9.085603515379331,11.740976443645827
20.86,2.7020991872716156,9.085603515379331,11.787702702650947
20.88,2.743831779316333,9.085603515379331,11.829435294695664
20.900000000000002,2.7803971673759205,9.085603515379331,11.866000682755251
20.92,2.811641939138818,9.085603515379331,11.89724545451815
20.94,2.837433749351223,9.085603515379331,11.923037264730555
20.96,2.857662140424025,9.085603515379331,11.943265655803357
20.98,2.8722392349922226,9.085603515379331,11.957842750371555
21.0,2.8811002950255813,9.085603515379331,11.966703810404912
21.02,2.8842041430459413,9.085603515379331,11.969807658425273
21.04,2.8815334420037333,9.085603515379331,11.967136957383065
21.06,2.873094831395706,9.085603515379331,11.958698346775037
21.080000000000002,2.858918918258948,9.085603515379331,11.94452243363828
21.1,2.839060122744957,9.085603515379331,11.924663638124288
21.12,2.813596379052256,9.085603515379331,11.899199894431586
21.14,2.7826286935685216,9.085603515379331,11.868232208947852
21.16,2.746280563134253,9.085603515379331,11.831884078513584
21.18,2.704697257380558,9.085603515379331,11.790300772759888
21.2,2.658044970105303,9.085603515379331,11.743648485484634
21.22,2.6065098456261397,9.085603515379331,11.692113361005472
21.240000000000002,2.550296886977118,9.085603515379331,11.635900402356448
21.26,2.4896287536905497,9.085603515379331,11.57523226906988
21.28,2.4247444577195925,9.085603515379331,11.510347973098924
21.3,2.355897966803001,9.085603515379331,11.441501482182332
21.32,2.283356725245546,9.085603515379331,11.368960240624876
21.34,2.2074001026794074,9.085603515379331,11.293003618058739
21.36,2.1283177818794488,9.085603515379331,11.21392129725878
21.38,2.046408097123124,9.085603515379331,11.132011612502456
21.400000000000002,1.9619763349118833,9.085603515379331,11.047579850291214
21.42,1.875333009101098,9.085603515379331,10.960936524480429
21.44,1.7867921226190258,9.085603515379331,10.872395637998357
21.46,1.6966694279907246,9.085603515379331,10.782272943370057
21.48,1.6052806988199233,9.085603515379331,10.690884214199254
21.5,1.5129400242212772,9.085603515379331,10.598543539600609
21.52,1.4199581379390802,9.085603515379331,10.505561653318411
21.54,1.3266407935387101,9.085603515379331,10.41224430891804
21.56,1.233287196616312,9.085603515379331,10.318890711995643
21.580000000000002,1.1401885044457813,9.085603515379331,10.225792019825112
21.6,1.0476264028737166,9.085603515379331,10.133229918253047
21.62,0.9558717695879756,9.085603515379331,10.041475284967307
21.64,0.8651834321316036,9.085603515379331,9.950786947510935
21.66,0.7758070282151066,9.085603515379331,9.861410543594438
21.68,0.6879739750064735,9.085603515379331,9.773577490385804
21.7,0.6019005531556725,9.085603515379331,9.687504068535004
21.72,0.5177871103475964,9.085603515379331,9.603390625726927
21.740000000000002,0.43581738818320764,9.085603515379331,9.52142090356254
21.76,0.3561579751710348,9.085603515379331,9.441761490550366
21.78,0.27895788757929024,9.085603515379331,9.364561402958621
21.8,0.20434827886279577,9.085603515379331,9.289951794242127
21.82,0.132442277345325,9.085603515379331,9.218045792724656
21.84,0.06333495081817023,9.085603515379331,9.148938466197501
21.86,-0.002896604282628256,9.085603515379331,9.082706911096702
21.88,-0.06619305242660056,9.085603515379331,9.019410462952731
21.900000000000002,-0.1265124915027658,9.085603515379331,8.959091023876566
21.92,-0.1838300134168559,9.085603515379331,8.901773501962476
21.94,-0.23813715872195626,9.085603515379331,8.847466356657375
21.96,-0.28944127200164643,9.085603515379331,8.796162243377685
21.98,-0.33776476542790257,9.085603515379331,8.747838749951429
22.0,-0.38314429854578463,9.085603515379331,8.702459216833546
22.02,-0.4256298828893686,9.085603515379331,8.659973632489962
22.04,-0.4652839205044444,9.085603515379331,8.620319594874887
22.06,-0.5021801858383739,9.085603515379331,8.583423329540958
22.080000000000002,-0.5364027607552209,9.085603515379331,8.54920075462411
22.1,-0.5680449326414443,9.085603515379331,8.517558582737887
22.12,-0.5972080656837842,9.085603515379331,8.488395449695547
22.14,-0.6240004554264478,9.085603515379331,8.461603059952884
22.16,-0.6485361766488252,9.085603515379331,8.437067338730506
22.18,-0.670933934450871,9.085603515379331,8.41466958092846
22.2,-0.691315928191389,9.085603515379331,8.394287587187943
22.22,-0.7098067375992116,9.085603515379331,8.375796777780119
22.240000000000002,-0.726532239971932,9.085603515379331,8.359071275407398
22.26,-0.741618566895599,9.085603515379331,8.343984948483731
22.28,-0.7551911083674867,9.085603515379331,8.330412407011844
22.3,-0.7673735715878748,9.085603515379331,8.318229943791456
22.32,-0.77828710101272,9.085603515379331,8.30731641436661
22.34,-0.788049465533293,9.085603515379331,8.297554049846038
22.36,-0.7967743178792179,9.085603515379331,8.288829197500114
22.38,-0.804570530535372,9.085603515379331,8.281032984843959
22.400000000000002,-0.8115416116284716,9.085603515379331,8.274061903750859
22.42,-0.8177852033845926,9.085603515379331,8.267818311994738
22.44,-0.8233926648920833,9.085603515379331,8.262210850487248
22.46,-0.8284487400342162,9.085603515379331,8.257154775345114
22.48,-0.8330313105905506,9.085603515379331,8.25257220478878
22.5,-0.8372112336536146,9.085603515379331,8.248392281725717
22.52,-0.8410522616765373,9.085603515379331,8.244551253702793
22.54,-0.8446110426649243,9.085603515379331,8.240992472714407
22.56,-0.8479371972610134,9.085603515379331,8.237666318118318
22.580000000000002,-0.8510734687458578,9.085603515379331,8.234530046633473
22.6,-0.8540559413141271,9.085603515379331,8.231547574065203
22.62,-0.8569143213603733,9.085603515379331,8.228689194018958
22.64,-0.8596722759631455,9.085603515379331,8.225931239416186
22.66,-0.8623478222665933,9.085603515379331,8.223255693112737
22.68,-0.8649537610446302,9.085603515379331,8.220649754334701
22.7,-0.8674981473925188,9.085603515379331,8.218105367986812
22.72,-0.8699847912279658,9.085603515379331,8.215618724151366
22.740000000000002,-0.8724137801012217,9.085603515379331,8.21318973527811
22.76,-0.8747820167114542,9.085603515379331,8.210821498667876
22.78,-0.8770837635061582,9.085603515379331,8.208519751873173
22.8,-0.8793111868007615,9.085603515379331,8.20629232857857
22.82,-0.8814548929960173,9.085603515379331,8.204148622383315
22.84,-0.8835044496890502,9.085603515379331,8.20209906569028
22.86,-0.8854488847681592,9.085603515379331,8.200154630611172
22.88,-0.8872771569467969,9.085603515379331,8.198326358432535
22.900000000000002,-0.8889785916264784,9.085603515379331,8.196624923752852
22.92,-0.890543276475259,9.085603515379331,8.195060238904071
22.94,-0.8919624116632853,9.085603515379331,8.193641103716045
22.96,-0.8932286103042811,9.085603515379331,8.19237490507505
22.98,-0.8943361453039503,9.085603515379331,8.19126737007538
23.0,-0.8952811395084099,9.085603515379331,8.19032237587092
23.02,-0.8960616967681622,9.085603515379331,8.189541818611168
23.04,-0.8966779722809127,9.085603515379331,8.188925543098419
23.06,-0.897132181339925,9.085603515379331,8.188471334039406
23.080000000000002,-0.8974285463868487,9.085603515379331,8.188174968992483
23.1,-0.8975731830409627,9.085603515379331,8.188030332338368
23.12,-0.8975739265421502,9.085603515379331,8.18802958883718
23.14,-0.8974401007954588,9.085603515379331,8.188163414583872
23.16,-0.8971822329324415,9.085603515379331,8.188421282446889
23.18,-0.8968117170015344,9.085603515379331,8.188791798377796
23.2,-0.8963404310595771,9.085603515379331,8.189263084319753
23.22,-0.8957803125511665,9.085603515379331,8.189823202828165
23.240000000000002,-0.8951428974273982,9.085603515379331,8.190460617951933
23.26,-0.8944388289631074,9.085603515379331,8.191164686416224
23.28,-0.8936773426771383,9.085603515379331,8.191926172702193
23.3,-0.8928657341394867,9.085603515379331,8.192737781239844
23.32,-0.8920088167569814,9.085603515379331,8.19359469862235
23.34,-0.8911083768629994,9.085603515379331,8.194495138516332
23.36,-0.8901626335937469,9.085603515379331,8.195440881785585
23.38,-0.8891657111113135,9.085603515379331,8.196437804268017
23.400000000000002,-0.8881071307320666,9.085603515379331,8.197496384647264
23.42,-0.8869713304360032,9.085603515379331,8.198632184943328
23.44,-0.8857372190702929,9.085603515379331,8.199866296309038
23.46,-0.8843777723189722,9.085603515379331,8.201225743060359
23.48,-0.8828596771917022,9.085603515379331,8.20274383818763
23.5,-0.8811430313924719,9.085603515379331,8.204460483986859
23.52,-0.8791811034651905,9.085603515379331,8.20642241191414
23.54,-0.8769201590827599,9.085603515379331,8.208683356296572
23.56,-0.8742993582541325,9.085603515379331,8.211304157125198
23.580000000000002,-0.8712507275751061,9.085603515379331,8.214352787804225
23.6,-0.86769921094863,9.085603515379331,8.217904304430702
23.62,-0.8635628014576765,9.085603515379331,8.222040713921654
23.64,-0.8587527562918336,9.085603515379331,8.226850759087498
23.66,-0.8531738958189592,9.085603515379331,8.232429619560373
23.68,-0.8467249870595746,9.085603515379331,8.238878528319756
23.7,-0.8392992109742105,9.085603515379331,8.24630430440512
23.72,-0.8307847121202496,9.085603515379331,8.25481880325908
23.740000000000002,-0.8210652283822817,9.085603515379331,8.26453828699705
23.76,-0.8100207976377841,9.085603515379331,8.275582717741546
23.78,-0.7975285373957692,9.085603515379331,8.288074977983563
23.8,-0.7834634926474915,9.085603515379331,8.30214002273184
23.82,-0.7676995464038433,9.085603515379331,8.317903968975488
23.84,-0.7501103866707561,9.085603515379331,8.335493128708574
23.86,-0.7305705229389613,9.085603515379331,8.35503299244037
23.88,-0.7089563446448058,9.085603515379331,8.376647170734525
23.900000000000002,-0.6851472135000509,9.085603515379331,8.40045630187928
23.92,-0.6590265810979629,9.085603515379331,8.426576934281368
23.94,-0.6304831227832336,9.085603515379331,8.455120392596097
23.96,-0.5994118784314675,9.085603515379331,8.486191636947863
23.98,-0.5657153905219291,9.085603515379331,8.519888124857403
24.0,-0.5293048297089387,9.085603515379331,8.556298685670392
24.02,-0.4901010980053637,9.085603515379331,8.595502417373968
24.04,-0.44803589968649604,9.085603515379331,8.637567615692834
24.060000000000002,-0.40305277010608914,9.085603515379331,8.682550745273241
24.080000000000002,-0.3551080527883028,9.085603515379331,8.730495462591028
24.1,-0.3041718154177653,9.085603515379331,8.781431699961566
24.12,-0.25022869569528755,9.085603515379331,8.835374819684043
24.14,-0.19327866845444658,9.085603515379331,8.892324846924884
24.16,-0.13333772594266455,9.085603515379331,8.952265789436666
24.18,-0.07043846375490094,9.085603515379331,9.01516505162443
24.2,-0.0046305655641609815,9.085603515379331,9.08097294981517
24.22,0.0640188194844836,9.085603515379331,9.149622334863814
24.240000000000002,0.1354248120667479,9.085603515379331,9.22102832744608
24.26,0.209484655171935,9.085603515379331,9.295088170551265
24.28,0.2860776874253087,9.085603515379331,9.37168120280464
24.3,0.36506543994502366,9.085603515379331,9.450668955324355
24.32,0.44629185848351066,9.085603515379331,9.531895373862842
24.34,0.5295836516234861,9.085603515379331,9.615187167002818
24.36,0.6147507648033589,9.085603515379331,9.70035428018269
24.38,0.7015869789449787,9.085603515379331,9.78719049432431
24.400000000000002,0.7898706314558517,9.085603515379331,9.875474146835183
24.42,0.8793654563871082,9.085603515379331,9.964968971766439
24.44,0.9698215395569564,9.085603515379331,10.055425054936288
24.46,1.0609763835035562,9.085603515379331,10.146579898882887
24.48,1.1525560762216678,9.085603515379331,10.238159591600999
24.5,1.2442765567702345,9.085603515379331,10.329880072149566
24.52,1.3358449700209882,9.085603515379331,10.421448485400319
24.54,1.4269611020593287,9.085603515379331,10.51256461743866
24.560000000000002,1.517318887053281,9.085603515379331,10.602922402432611
24.580000000000002,1.6066079757812801,9.085603515379331,10.692211491160611
24.6,1.6945153554602856,9.085603515379331,10.780118870839617
24.62,1.780727010045895,9.085603515379331,10.866330525425226
24.64,1.8649296097919064,9.085603515379331,10.950533125171237
24.66,1.9468122185596166,9.085603515379331,11.032415733938947
24.68,2.0260680071603474,9.085603515379331,11.111671522539678
24.7,2.10239596090061,9.085603515379331,11.187999476279941
24.72,2.17550256947849,9.085603515379331,11.261106084857822
24.740000000000002,2.2451034874519666,9.085603515379331,11.330707002831298
24.76,2.310925153666165,9.085603515379331,11.396528669045496
24.78,2.3727063582836276,9.085603515379331,11.458309873662959
24.8,2.430199746408683,9.085603515379331,11.515803261788014
24.82,2.4831732477310684,9.085603515379331,11.5687767631104
24.84,2.5314114221306263,9.085603515379331,11.617014937509957
24.86,2.574716711781013,9.085603515379331,11.660320227160344
24.88,2.612910590959813,9.085603515379331,11.698514106339143
24.900000000000002,2.6458346055106667,9.085603515379331,11.731438120889997
24.92,2.6733512947034086,9.085603515379331,11.75895481008274
24.94,2.6953449890939223,9.085603515379331,11.780948504473253
24.96,2.711722478889798,9.085603515379331,11.79732599426913
24.98,2.7224135482734533,9.085603515379331,11.808017063652784
25.0,2.727371372112685,9.085603515379331,11.812974887492016
25.02,2.726572772493021,9.085603515379331,11.812176287872353
25.04,2.7200183335262853,9.085603515379331,11.805621848905616
25.060000000000002,2.707732373920185,9.085603515379331,11.793335889299517
25.080000000000002,2.6897627778229407,9.085603515379331,11.775366293202271
25.1,2.6661806854790906,9.085603515379331,11.751784200858422
25.12,2.6370800462384945,9.085603515379331,11.722683561617826
25.14,2.602577037441599,9.085603515379331,11.68818055282093
25.16,2.5628093536540075,9.085603515379331,11.648412869033338
25.18,2.517935371633326,9.085603515379331,11.603538887012657
25.2,2.4681331972747764,9.085603515379331,11.553736712654107
25.22,2.4135996015927477,9.085603515379331,11.49920311697208
25.240000000000002,2.354548853546424,9.085603515379331,11.440152368925755
25.26,2.2912114582041627,9.085603515379331,11.376814973583494
25.28,2.2238328093573347,9.085603515379331,11.309436324736666
25.3,2.1526717662366996,9.085603515379331,11.23827528161603
25.32,2.0779991644479217,9.085603515379331,11.163602679827253
25.34,2.0000962716260657,9.085603515379331,11.085699787005396
25.36,1.9192531986076824,9.085603515379331,11.004856713987014
25.38,1.8357672771335505,9.085603515379331,10.921370792512882
25.400000000000002,1.7499414152229018,9.085603515379331,10.835544930602232
25.42,1.6620824414017958,9.085603515379331,10.747685956781126
25.44,1.5724994489240105,9.085603515379331,10.658102964303342
25.46,1.481502150994589,9.085603515379331,10.56710566637392
25.48,1.3893992577944871,9.085603515379331,10.475002773173818
25.5,1.2964968858138743,9.085603515379331,10.382100401193206
25.52,1.203097009633326,9.085603515379331,10.288700525012658
25.54,1.1094959658513837,9.085603515379331,10.195099481230715
25.560000000000002,1.0159830183470202,9.085603515379331,10.101586533726351
25.580000000000002,0.9228389934926436,9.085603515379331,10.008442508871974
25.6,0.8303349933014058,9.085603515379331,9.915938508680737
25.62,0.7387311938089413,9.085603515379331,9.824334709188273
25.64,0.6482757352590245,9.085603515379331,9.733879250638356
25.66,0.5592037098927194,9.085603515379331,9.64480722527205
25.68,0.47173625233729816,9.085603515379331,9.557339767716629
25.7,0.38607973676191315,9.085603515379331,9.471683252141244
25.72,0.3024250841181065,9.085603515379331,9.388028599497437
25.740000000000002,0.2209471819231817,9.085603515379331,9.306550697302512
25.76,0.141804418178261,9.085603515379331,9.227407933557592
25.78,0.06513833014968333,9.085603515379331,9.150741845529014
25.8,-0.008926632112182371,9.085603515379331,9.07667688326715
25.82,-0.08028322848153868,9.085603515379331,9.005320286897792
25.84,-0.14884143947463327,9.085603515379331,8.936762075904698
25.86,-0.2145283675456076,9.085603515379331,8.871075147833723
25.88,-0.27728803228417787,9.085603515379331,8.808315483095154
25.900000000000002,-0.33708106355261214,9.085603515379331,8.74852245182672
25.92,-0.3938842972685325,9.085603515379331,8.691719218110798
25.94,-0.44769027915986515,9.085603515379331,8.637913236219466
25.96,-0.4985066823839139,9.085603515379331,8.587096832995417
25.98,-0.5463556454116202,9.085603515379331,8.539247869967712
26.0,-0.5912730370262136,9.085603515379331,8.494330478353117
26.02,-0.6333076556709645,9.085603515379331,8.452295859708366
26.04,-0.6725203707018166,9.085603515379331,8.413083144677515
26.060000000000002,-0.7089832133549407,9.085603515379331,8.37662030202439
26.080000000000002,-0.7427784254272267,9.085603515379331,8.342825089952104
26.1,-0.773997473788288,9.085603515379331,8.311606041591043
26.12,-0.8027400388960175,9.085603515379331,8.282863476483314
26.14,-0.8291129854762781,9.085603515379331,8.256490529903052
26.16,-0.8532293234501792,9.085603515379331,8.232374191929152
26.18,-0.8752071670538107,9.085603515379331,8.21039634832552
26.2,-0.8951686998962786,9.085603515379331,8.190434815483053
26.22,-0.9132391534456398,9.085603515379331,8.172364361933692
26.240000000000002,-0.9295458061225585,9.085603515379331,8.156057709256773
26.26,-0.94421700982137,9.085603515379331,8.14138650555796
26.28,-0.9573812502723943,9.085603515379331,8.128222265106936
26.3,-0.969166247211198,9.085603515379331,8.116437268168132
26.32,-0.9796980998361629,9.085603515379331,8.105905415543168
26.34,-0.9891004825181248,9.085603515379331,8.096503032861206
26.36,-0.9974938951819352,9.085603515379331,8.088109620197397
26.38,-1.0049949722129177,9.085603515379331,8.080608543166413
26.400000000000002,-1.0117158531581951,9.085603515379331,8.073887662221136
26.42,-1.0177636178973477,9.085603515379331,8.067839897481983
26.44,-1.0232397883555995,9.085603515379331,8.062363727023731
26.46,-1.028239898229394,9.085603515379331,8.057363617149937
26.48,-1.0328531315954925,9.085603515379331,8.052750383783838
26.5,-1.037162030683556,9.085603515379331,8.048441484695775
26.52,-1.0412422725154113,9.085603515379331,8.04436124286392
26.54,-1.0451625135543938,9.085603515379331,8.040441001824938
26.560000000000002,-1.048984300971064,9.085603515379331,8.036619214408267
26.580000000000002,-1.0527620486205431,9.085603515379331,8.032841466758788
26.6,-1.0565430753448106,9.085603515379331,8.02906044003452
26.62,-1.0603677027654548,9.085603515379331,8.025235812613877
26.64,-1.064269409319719,9.085603515379331,8.021334106059612
26.66,-1.068275036919155,9.085603515379331,8.017328478460175
26.68,-1.0724050462776453,9.085603515379331,8.013198469101686
26.7,-1.076673816665108,9.085603515379331,8.008929698714223
26.72,-1.0810899855976566,9.085603515379331,8.004513529781674
26.740000000000002,-1.085656823774277,9.085603515379331,7.999946691605054
26.76,-1.0903726404146357,9.085603515379331,7.995230874964696
26.78,-1.0952312140444052,9.085603515379331,7.990372301334926
26.8,-1.1002222437104556,9.085603515379331,7.985381271668875
26.82,-1.1053318155912202,9.085603515379331,7.980271699788111
26.84,-1.1105428799932424,9.085603515379331,7.975060635386089
26.86,-1.115835733794804,9.085603515379331,7.969767781584527
26.88,-1.121188503508251,9.085603515379331,7.96441501187108
26.900000000000002,-1.1265776242832983,9.085603515379331,7.959025891096033
26.92,-1.1319783103609384,9.085603515379331,7.953625205018392
26.94,-1.137365012710729,9.085603515379331,7.948238502668602
26.96,-1.1427118598384878,9.085603515379331,7.942891655540843
26.98,-1.1479930780355139,9.085603515379331,7.937610437343817
27.0,-1.1531833876507234,9.085603515379331,7.932420127728608
27.02,-1.1582583722994015,9.085603515379331,7.927345143079929
27.04,-1.1631948182754155,9.085603515379331,7.922408697103916
27.060000000000002,-1.1679710218010453,9.085603515379331,7.917632493578286
27.080000000000002,-1.1725670621305293,9.085603515379331,7.913036453248802
27.1,-1.1769650389121493,9.085603515379331,7.908638476467182
27.12,-1.1811492726091424,9.085603515379331,7.904454242770189
27.14,-1.1851064671765381,9.085603515379331,7.9004970482027925
27.16,-1.1888258345858813,9.085603515379331,7.89677768079345
27.18,-1.1922991811798567,9.085603515379331,7.893304334199474
27.2,-1.1955209562203004,9.085603515379331,7.890082559159031
27.22,-1.1984882633630078,9.085603515379331,7.887115252016323
27.240000000000002,-1.2012008361478486,9.085603515379331,7.884402679231482
27.26,-1.2036609789305612,9.085603515379331,7.88194253644877
27.28,-1.205873475000155,9.085603515379331,7.879730040379176
27.3,-1.207845463920542,9.085603515379331,7.877758051458789
27.32,-1.2095862904056167,9.085603515379331,7.876017224973714
27.34,-1.211107327279433,9.085603515379331,7.874496188099898
27.36,-1.2124217752887687,9.085603515379331,7.873181740090562
27.38,-1.2135444427188034,9.085603515379331,7.8720590726605275
27.400000000000002,-1.2144915079169276,9.085603515379331,7.871112007462403
27.42,-1.2152802679498818,9.085603515379331,7.870323247429449
27.44,-1.2159288767079444,9.085603515379331,7.869674638671387
27.46,-1.2164560758244958,9.085603515379331,7.869147439554835
27.48,-1.2168809218006047,9.085603515379331,7.868722593578727
27.5,-1.2172225127121787,9.085603515379331,7.868381002667152
27.52,-1.217499717832684,9.085603515379331,7.868103797546647
27.54,-1.21773091342708,9.085603515379331,7.867872601952251
27.560000000000002,-1.2179337278645899,9.085603515379331,7.867669787514741
27.580000000000002,-1.2181247990597477,9.085603515379331,7.867478716319583
27.6,-1.218319547084046,9.085603515379331,7.867283968295285
27.62,-1.2185319645969843,9.085603515379331,7.867071550782347
27.64,-1.218774427526566,9.085603515379331,7.866829087852765
27.66,-1.2190575281871896,9.085603515379331,7.866545987192142
27.68,-1.219389932760771,9.085603515379331,7.86621358261856
27.7,-1.2197782647857183,9.085603515379331,7.865825250593613
27.72,-1.2202270160023132,9.085603515379331,7.865376499377017
27.740000000000002,-1.220738485592949,9.085603515379331,7.864865029786382
27.76,-1.2213127485363466,9.085603515379331,7.864290766842984
27.78,-1.2219476534672156,9.085603515379331,7.8636558619121155
27.8,-1.222638850102048,9.085603515379331,7.862964665277283
27.82,-1.2233798459576248,9.085603515379331,7.862223669421706
27.84,-1.2241620917590121,9.085603515379331,7.8614414236203185
27.86,-1.2249750946058398,9.085603515379331,7.860628420773491
27.88,-1.2258065576477617,9.085603515379331,7.85979695773157
27.900000000000002,-1.2266425447111704,9.085603515379331,7.858960970668161
27.92,-1.2274676680246341,9.085603515379331,7.858135847354697
27.94,-1.2282652969122356,9.085603515379331,7.8573382184670955
27.96,-1.229017785064519,9.085603515379331,7.856585730314812
27.98,-1.2297067137589042,9.085603515379331,7.8558968016204265
28.0,-1.2303131481878804,9.085603515379331,7.855290367191451
28.02,-1.230817903865448,9.085603515379331,7.854785611513883
28.04,-1.2312018199231047,9.085603515379331,7.854401695456226
28.060000000000002,-1.2314460359775514,9.085603515379331,7.854157479401779
28.080000000000002,-1.2315322691543655,9.085603515379331,7.854071246224965
28.1,-1.2314430877877938,9.085603515379331,7.8541604275915375
28.12,-1.2311621782859328,9.085603515379331,7.854441337093398
28.14,-1.2306746016551007,9.085603515379331,7.854928913724231
28.16,-1.2299670362172275,9.085603515379331,7.855636479162103
28.18,-1.229028003129123,9.085603515379331,7.856575512250208
28.2,-1.2278480714239906,9.085603515379331,7.857755443955341
28.22,-1.2264200394412685,9.085603515379331,7.859183475938062
28.240000000000002,-1.224739089691757,9.085603515379331,7.860864425687574
28.26,-1.2228029144191566,9.085603515379331,7.862800600960174
28.28,-1.2206118093650589,9.085603515379331,7.864991706014273
28.3,-1.2181687335213214,9.085603515379331,7.86743478185801
28.32,-1.2154793329592661,9.085603515379331,7.870124182420065
28.34,-1.212551927155926,9.085603515379331,7.873051588223405
28.36,-1.2093974565940793,9.085603515379331,7.876206058785252
28.38,-1.2060293907882467,9.085603515379331,7.879574124591084
28.400000000000002,-1.202463596284085,9.085603515379331,7.883139919095246
28.42,-1.1987181645874039,9.085603515379331,7.886885350791927
28.44,-1.194813200399786,9.085603515379331,7.8907903149795455
28.46,-1.1907705709663456,9.085603515379331,7.894832944412985
28.48,-1.186613617772797,9.085603515379331,7.898989897606534
28.5,-1.182366832261644,9.085603515379331,7.903236683117687
28.52,-1.1780554976651298,9.085603515379331,7.907548017714201
28.54,-1.1737052994726687,9.085603515379331,7.911898215906662
28.560000000000002,-1.1693419074580669,9.085603515379331,7.916261607921264
28.580000000000002,-1.16499053258342,9.085603515379331,7.920612982795911
28.6,-1.1606754624671913,9.085603515379331,7.92492805291214
28.62,-1.1564195794507393,9.085603515379331,7.929183935928592
28.64,-1.1522438656159923,9.085603515379331,7.9333596497633385
28.66,-1.1481668993925216,9.085603515379331,7.93743661598681
28.68,-1.1442043486441102,9.085603515379331,7.941399166735221
28.7,-1.140368465335675,9.085603515379331,7.945235050043657
28.72,-1.1366675870527065,9.085603515379331,7.948935928326625
28.740000000000002,-1.133105650769849,9.085603515379331,7.952497864609482
28.76,-1.1296817243447432,9.085603515379331,7.955921791034588
28.78,-1.1263895612423513,9.085603515379331,7.959213954136979
28.8,-1.12321718397413,9.085603515379331,7.962386331405201
28.82,-1.1201465016635883,9.085603515379331,7.965457013715743
28.84,-1.117152967024351,9.085603515379331,7.96845054835498
28.86,-1.1142052778580398,9.085603515379331,7.971398237521291
28.88,-1.1112651279486458,9.085603515379331,7.974338387430685
28.900000000000002,-1.1082870119460653,9.085603515379331,7.977316503433266
28.92,-1.1052180884974196,9.085603515379331,7.980385426881911
28.94,-1.1019981055007935,9.085603515379331,7.983605409878537
28.96,-1.0985593909251068,9.085603515379331,7.987044124454224
28.98,-1.0948269121638514,9.085603515379331,7.99077660321548
29.0,-1.090718406373484,9.085603515379331,7.994885109005847
29.02,-1.0861445836917858,9.085603515379331,7.9994589316875455
29.04,-1.081009404642317,9.085603515379331,8.004594110737013
29.060000000000002,-1.0752104324126213,9.085603515379331,8.01039308296671
29.080000000000002,-1.0686392600497685,9.085603515379331,8.016964255329562
29.1,-1.061182011954347,9.085603515379331,8.024421503424984
29.12,-1.0527199183764862,9.085603515379331,8.032883597002845
29.14,-1.0431299609318632,9.085603515379331,8.042473554447469
29.16,-1.0322855864681928,9.085603515379331,8.053317928911138
29.18,-1.0200574859280032,9.085603515379331,8.065546029451328
29.2,-1.0063144341798127,9.085603515379331,8.07928908119952
29.22,-0.9909241861318492,9.085603515379331,8.094679329247482
29.240000000000002,-0.9737544238075412,9.085603515379331,8.11184909157179
29.26,-0.9546737484560983,9.085603515379331,8.130929766923233
29.28,-0.9335527112004184,9.085603515379331,8.152050804178913
29.3,-0.9102648751953479,9.085603515379331,8.175338640183984
29.32,-0.8846879017865108,9.085603515379331,8.20091561359282
29.34,-0.8567046527297956,9.085603515379331,8.228898862649535
29.36,-0.8262043001593726,9.085603515379331,8.259399215219958
29.38,-0.7930834356816948,9.085603515379331,8.292520079697637
29.400000000000002,-0.7572471697296774,9.085603515379331,8.328356345649654
29.42,-0.7186102121382406,9.085603515379331,8.36699330324109
29.44,-0.6770979248026208,9.085603515379331,8.408505590576711
29.46,-0.6326473372581124,9.085603515379331,8.45295617812122
29.48,-0.5852081160744821,9.085603515379331,8.50039539930485
29.5,-0.5347434790928282,9.085603515379331,8.550860036286503
29.52,-0.48123104574711423,9.085603515379331,8.604372469632217
29.54,-0.42466361500742283,9.085603515379331,8.660939900371908
29.560000000000002,-0.3650498628546888,9.085603515379331,8.720553652524643
29.580000000000002,-0.3024149516489644,9.085603515379331,8.783188563730366
29.6,-0.23680104427812151,9.085603515379331,8.848802471101209
29.62,-0.168267716573243,9.085603515379331,8.917335798806088
29.64,-0.09689226214324623,9.085603515379331,8.988711253236085
29.66,-0.022769884511163834,9.085603515379331,9.062833630868168
29.68,0.053986227775480955,9.085603515379331,9.139589743154811
29.7,0.1332449465469888,9.085603515379331,9.21884846192632
29.72,0.21485737252409118,9.085603515379331,9.300460887903423
29.740000000000002,0.29865712861136207,9.085603515379331,9.384260643990693
29.76,0.38446077868174544,9.085603515379331,9.470064294061077
29.78,0.47206837157880266,9.085603515379331,9.557671886958135
29.8,0.5612641090630336,9.085603515379331,9.646867624442365
29.82,0.6518171354216301,9.085603515379331,9.737420650800962
29.84,0.7434824454546177,9.085603515379331,9.829085960833948
29.86,0.8360019065546775,9.085603515379331,9.921605421934009
29.88,0.9291053896211225,9.085603515379331,10.014708905000454
29.900000000000002,1.0225120025995675,9.085603515379331,10.108115517978899
29.92,1.1159314195273142,9.085603515379331,10.201534934906645
29.94,1.2090652970976503,9.085603515379331,10.294668812476981
29.96,1.301608769943414,9.085603515379331,10.387212285322745
29.98,1.3932520150897032,9.085603515379331,10.478855530469033
30.0,1.4836818753431238,9.085603515379331,10.569285390722454
30.02,1.5725835307798766,9.085603515379331,10.658187046159208
30.04,1.6596422069718795,9.085603515379331,10.74524572235121
30.060000000000002,1.7445449081554214,9.085603515379331,10.830148423534752
30.080000000000002,1.8269821632058103,9.085603515379331,10.912585678585142
30.1,1.90664977203789,9.085603515379331,10.99225328741722
30.12,1.983250539909089,9.085603515379331,11.06885405528842
30.14,2.05649598706344,9.085603515379331,11.142099502442772
30.16,2.126108021219747,9.085603515379331,11.21171153659908
30.18,2.191820560579512,9.085603515379331,11.277424075958843
30.2,2.2533810953064264,9.085603515379331,11.338984610685758
30.22,2.3105521758105194,9.085603515379331,11.39615569118985
30.240000000000002,2.3631128166526114,9.085603515379331,11.448716332031942
30.26,2.4108598054657446,9.085603515379331,11.496463320845075
30.28,2.453608906966101,9.085603515379331,11.539212422345432
30.3,2.4911959528904055,9.085603515379331,11.576799468269737
30.32,2.523477809544891,9.085603515379331,11.609081324924222
30.34,2.550333215575519,9.085603515379331,11.63593673095485
30.36,2.571663483562277,9.085603515379331,11.657266998941608
30.38,2.5873930600941923,9.085603515379331,11.672996575473523
30.400000000000002,2.5974699400876307,9.085603515379331,11.683073455466962
30.42,2.6018659322572817,9.085603515379331,11.687469447636612
30.44,2.6005767738298275,9.085603515379331,11.686180289209158
30.46,2.593622093791033,9.085603515379331,11.679225609170365
30.48,2.5810452251702607,9.085603515379331,11.666648740549592
30.5,2.5629128680786506,9.085603515379331,11.64851638345798
30.52,2.539314606420147,9.085603515379331,11.624918121799478
30.54,2.5103622823744765,9.085603515379331,11.595965797753808
30.560000000000002,2.4761892338999587,9.085603515379331,11.56179274927929
30.580000000000002,2.4369494016091746,9.085603515379331,11.522552916988506
30.6,2.3928163124223234,9.085603515379331,11.478419827801655
30.62,2.343981948392866,9.085603515379331,11.429585463772197
30.64,2.2906555100159958,9.085603515379331,11.376259025395328
30.66,2.233062084167122,9.085603515379331,11.318665599546453
30.68,2.1714412275639026,9.085603515379331,11.257044742943233
30.7,2.1060454772965955,9.085603515379331,11.191648992675926
30.72,2.037138800519886,9.085603515379331,11.122742315899217
30.740000000000002,1.9649949958402673,9.085603515379331,11.050598511219599
30.76,1.889896059261975,9.085603515379331,10.975499574641306
30.78,1.8121305277674724,9.085603515379331,10.897734043146803
30.8,1.73199181370517,9.085603515379331,10.8175953290845
30.82,1.6497765431333555,9.085603515379331,10.735380058512687
30.84,1.5657829111285675,9.085603515379331,10.651386426507898
30.86,1.4803090668069006,9.085603515379331,10.565912582186233
30.88,1.3936515404330578,9.085603515379331,10.47925505581239
30.900000000000002,1.306103724505292,9.085603515379331,10.391707239884623
30.92,1.217954420111216,9.085603515379331,10.303557935490547
30.94,1.1294864591536087,9.085603515379331,10.21508997453294
30.96,1.0409754122550696,9.085603515379331,10.126578927634402
30.98,0.9526883912716462,9.085603515379331,10.038291906650977
31.0,0.8648829543872919,9.085603515379331,9.950486469766624
31.02,0.7778061207331008,9.085603515379331,9.863409636112433
31.04,0.6916935003859372,9.085603515379331,9.777297015765269
31.060000000000002,0.6067685444625276,9.085603515379331,9.692372059841858
31.080000000000002,0.5232419188471454,9.085603515379331,9.608845434226476
31.1,0.4413110038851095,9.085603515379331,9.52691451926444
31.12,0.3611595211536348,9.085603515379331,9.446763036532966
31.14,0.28295728719509383,9.085603515379331,9.368560802574425
31.16,0.20686009288077647,9.085603515379331,9.292463608260107
31.18,0.13300970587490443,9.085603515379331,9.218613221254236
31.2,0.061533992502431925,9.085603515379331,9.147137507881762
31.220000000000002,-0.007452845799847526,9.085603515379331,9.078150669579484
31.240000000000002,-0.07384992733843206,9.085603515379331,9.011753588040898
31.26,-0.13756924322006853,9.085603515379331,8.948034272159262
31.28,-0.1985351164366787,9.085603515379331,8.887068398942652
31.3,-0.2566835756518946,9.085603515379331,8.828919939727436
31.32,-0.3119616531194176,9.085603515379331,8.773641862259913
31.34,-0.36432661681888145,9.085603515379331,8.72127689856045
31.36,-0.413745147446791,9.085603515379331,8.67185836793254
31.38,-0.46019247133947205,9.085603515379331,8.62541104403986
31.400000000000002,-0.5036514607293137,9.085603515379331,8.581952054650017
31.42,-0.5441117129416457,9.085603515379331,8.541491802437685
31.44,-0.5815686202249515,9.085603515379331,8.50403489515438
31.46,-0.6160224418706666,9.085603515379331,8.469581073508664
31.48,-0.6474773901225848,9.085603515379331,8.438126125256746
31.5,-0.6759407410993559,9.085603515379331,8.409662774279976
31.52,-0.7014219815614867,9.085603515379331,8.384181533817845
31.54,-0.723932001849693,9.085603515379331,8.361671513529638
31.560000000000002,-0.7434823447093151,9.085603515379331,8.342121170670016
31.580000000000002,-0.7600845190039243,9.085603515379331,8.325518996375408
31.6,-0.7737493865142324,9.085603515379331,8.311854128865098
31.62,-0.7844866291281711,9.085603515379331,8.30111688625116
31.64,-0.7923043027600308,9.085603515379331,8.293299212619301
31.66,-0.7972084833034612,9.085603515379331,8.28839503207587
31.68,-0.799203008834046,9.085603515379331,8.286400506545284
31.7,-0.7982893211434045,9.085603515379331,8.287314194235927
31.720000000000002,-0.7944664085210639,9.085603515379331,8.291137106858267
31.740000000000002,-0.7877308505126959,9.085603515379331,8.297872664866635
31.76,-0.7780769641883631,9.085603515379331,8.307526551190968
31.78,-0.7654970502621402,9.085603515379331,8.32010646511719
31.8,-0.7499817362289792,9.085603515379331,8.335621779150351
31.82,-0.7315204125370774,9.085603515379331,8.354083102842253
31.84,-0.7101017567063032,9.085603515379331,8.375501758673028
31.86,-0.6857143392477868,9.085603515379331,8.399889176131545
31.88,-0.6583473042459412,9.085603515379331,8.42725621113339
31.900000000000002,-0.6279911165440776,9.085603515379331,8.457612398835254
31.92,-0.5946383666365307,9.085603515379331,8.4909651487428
31.94,-0.5582846236238295,9.085603515379331,8.527318891755503
31.96,-0.5189293259402673,9.085603515379331,8.566674189439064
31.98,-0.476576699021189,9.085603515379331,8.609026816358142
32.0,-0.4312366886490623,9.085603515379331,8.65436682673027
32.02,-0.3829258984035819,9.085603515379331,8.70267761697575
32.04,-0.33166851944942227,9.085603515379331,8.753934995929908
32.06,-0.2774972408242832,9.085603515379331,8.808106274555048
32.08,-0.22045412844384876,9.085603515379331,8.865149386935482
32.1,-0.1605914612163535,9.085603515379331,8.925012054162977
32.12,-0.09797251295849135,9.085603515379331,8.987631002420839
32.14,-0.032672269221404385,9.085603515379331,9.052931246157927
32.160000000000004,0.035221931330720525,9.085603515379331,9.120825446710052
32.18,0.10560984070462812,9.085603515379331,9.19121335608396
32.2,0.17837783949174488,9.085603515379331,9.263981354871076
32.22,0.2533985770346986,9.085603515379331,9.33900209241403
32.24,0.3305307210378382,9.085603515379331,9.41613423641717
32.26,0.40961882279917455,9.085603515379331,9.495222338178506
32.28,0.4904933031608475,9.085603515379331,9.57609681854018
32.3,0.5729705631328041,9.085603515379331,9.658574078512135
32.32,0.6568532219574659,9.085603515379331,9.742456737336797
32.34,0.7419304841568315,9.085603515379331,9.827533999536163
32.36,0.827978635856324,9.085603515379331,9.913582151235655
32.38,0.9147616694188757,9.085603515379331,10.000365184798207
32.4,1.0020320341630395,9.085603515379331,10.087635549542371
32.42,1.0895315096941414,9.085603515379331,10.175135025073473
32.44,1.1769921971555066,9.085603515379331,10.262595712534837
32.46,1.2641376225255982,9.085603515379331,10.34974113790493
32.480000000000004,1.3506839449519614,9.085603515379331,10.436287460331293
32.5,1.4363412620415827,9.085603515379331,10.521944777420913
32.52,1.5208150030245122,9.085603515379331,10.606418518403844
32.54,1.6038073997871116,9.085603515379331,10.689410915166443
32.56,1.6850190249415091,9.085603515379331,10.77062254032084
32.58,1.7641503853643103,9.085603515379331,10.849753900743641
32.6,1.8409035590122098,9.085603515379331,10.926507074391541
32.62,1.914983862305836,9.085603515379331,11.000587377685168
32.64,1.9861015349756272,9.085603515379331,11.071705050354959
32.660000000000004,2.0539734289848717,9.085603515379331,11.139576944364203
32.68,2.118324687991194,9.085603515379331,11.203928203370525
32.7,2.1788904037774,9.085603515379331,11.264493919156731
32.72,2.2354172361777835,9.085603515379331,11.321020751557114
32.74,2.2876649832457607,9.085603515379331,11.373268498625091
32.76,2.335408088749028,9.085603515379331,11.42101160412836
32.78,2.378437074538972,9.085603515379331,11.464040589918303
32.8,2.416559885913868,9.085603515379331,11.502163401293199
32.82,2.449603138778294,9.085603515379331,11.535206654157625
32.84,2.4774132581843995,9.085603515379331,11.563016773563731
32.86,2.499857498719338,9.085603515379331,11.58546101409867
32.88,2.5168248381664737,9.085603515379331,11.602428353545804
32.9,2.5282267369083153,9.085603515379331,11.613830252287647
32.92,2.533997756645896,9.085603515379331,11.619601272025227
32.94,2.534096033171328,9.085603515379331,11.61969954855066
32.96,2.5285035991378764,9.085603515379331,11.614107114517207
32.980000000000004,2.5172265540122014,9.085603515379331,11.602830069391533
33.0,2.5002950796553023,9.085603515379331,11.585898595034633
33.02,2.477763301251149,9.085603515379331,11.56336681663048
33.04,2.449708994571072,9.085603515379331,11.535312509950403
33.06,2.416233141818204,9.085603515379331,11.501836657197535
33.08,2.377459339526689,9.085603515379331,11.46306285490602
33.1,2.333533063183709,9.085603515379331,11.419136578563041
33.12,2.284620794389102,9.085603515379331,11.370224309768433
33.14,2.2309090174549984,9.085603515379331,11.316512532834329
33.160000000000004,2.1726030933698968,9.085603515379331,11.258206608749228
33.18,2.1099260199952985,9.085603515379331,11.195529535374629
33.2,2.0431170882238123,9.085603515379331,11.128720603603144
33.22,1.9724304445967806,9.085603515379331,11.058033959976111
33.24,1.8981335715490886,9.085603515379331,10.98373708692842
33.26,1.8205056970180067,9.085603515379331,10.906109212397338
33.28,1.739836145611921,9.085603515379331,10.825439660991252
33.3,1.65642264388604,9.085603515379331,10.742026159265372
33.32,1.5705695925079435,9.085603515379331,10.656173107887275
33.34,1.4825863182218015,9.085603515379331,10.568189833601133
33.36,1.3927853185284547,9.085603515379331,10.478388833907786
33.38,1.301480511898905,9.085603515379331,10.387084027278236
33.4,1.20898550612708,9.085603515379331,10.294589021506411
33.42,1.1156118971094953,9.085603515379331,10.201215412488827
33.44,1.021667609921577,9.085603515379331,10.107271125300908
33.46,0.9274552935419156,9.085603515379331,10.013058808921247
33.480000000000004,0.8332707799714097,9.085603515379331,9.91887429535074
33.5,0.7394016178008597,9.085603515379331,9.825005133180191
33.52,0.6461256895160035,9.085603515379331,9.731729204895334
33.54,0.5537099209936178,9.085603515379331,9.639313436372948
33.56,0.46240909074800113,9.085603515379331,9.548012606127331
33.58,0.3724647455452747,9.085603515379331,9.458068260924605
33.6,0.28410422801742563,9.085603515379331,9.369707743396757
33.62,0.19753982089602595,9.085603515379331,9.283143336275357
33.64,0.11296801144838102,9.085603515379331,9.198571526827712
33.660000000000004,0.03056887865653256,9.085603515379331,9.116172394035864
33.68,-0.04949439536869178,9.085603515379331,9.03610912001064
33.7,-0.12707588928165425,9.085603515379331,8.958527626097677
33.72,-0.202047182265063,9.085603515379331,8.883556333114267
33.74,-0.2742974712151185,9.085603515379331,8.811306044164212
33.76,-0.3437335678537205,9.085603515379331,8.741869947525611
33.78,-0.4102797791842853,9.085603515379331,8.675323736195045
33.8,-0.47387767556375243,9.085603515379331,8.611725839815579
33.82,-0.5344857514634384,9.085603515379331,8.551117763915892
33.84,-0.5920789847238626,9.085603515379331,8.493524530655469
33.86,-0.6466483007732384,9.085603515379331,8.438955214606093
33.88,-0.6981999488667653,9.085603515379331,8.387403566512566
33.9,-0.7467547979140778,9.085603515379331,8.338848717465254
33.92,-0.7923475598907201,9.085603515379331,8.293255955488611
33.94,-0.8350259491736799,9.085603515379331,8.250577566205651
33.96,-0.8748497864025728,9.085603515379331,8.210753728976758
33.980000000000004,-0.9118900556424252,9.085603515379331,8.173713459736906
34.0,-0.9462279237171421,9.085603515379331,8.139375591662189
34.02,-0.977953730590892,9.085603515379331,8.107649784788439
34.04,-1.0071659596042812,9.085603515379331,8.07843755577505
34.06,-1.0339701962240981,9.085603515379331,8.051633319155233
34.08,-1.0584780837434709,9.085603515379331,8.02712543163586
34.1,-1.0808062840797819,9.085603515379331,8.004797231299548
34.12,-1.101075451462388,9.085603515379331,7.984528063916943
34.14,-1.1194092263903905,9.085603515379331,7.966194288988941
34.160000000000004,-1.1359332567749367,9.085603515379331,7.949670258604394
34.18,-1.1507742526696911,9.085603515379331,7.9348292627096395
34.2,-1.164059080442574,9.085603515379331,7.921544434936758
34.22,-1.1759139016583195,9.085603515379331,7.909689613721012
34.24,-1.1864633613332616,9.085603515379331,7.899140154046069
34.26,-1.1958298295958518,9.085603515379331,7.88977368578348
34.28,-1.2041327001483233,9.085603515379331,7.881470815231008
34.300000000000004,-1.2114877482807476,9.085603515379331,7.8741157670985835
34.32,-1.218006550548329,9.085603515379331,7.867596964831002
34.34,-1.2237959675893975,9.085603515379331,7.861807547789933
34.36,-1.228957690943926,9.085603515379331,7.856645824435406
34.38,-1.2335878541352903,9.085603515379331,7.852015661244041
34.4,-1.2377767077058206,9.085603515379331,7.847826807673511
34.42,-1.2416083573567163,9.085603515379331,7.843995158022615
34.44,-1.245160563836571,9.085603515379331,7.8404429515427605
34.46,-1.2485046027564792,9.085603515379331,7.837098912622852
34.480000000000004,-1.2517051820844398,9.085603515379331,7.833898333294892
34.5,-1.2548204146919741,9.085603515379331,7.830783100687357
34.52,-1.257901842992423,9.085603515379331,7.827701672386908
34.54,-1.2609945124242936,9.085603515379331,7.824609002955038
34.56,-1.2641370902967777,9.085603515379331,7.821466425082553
34.58,-1.2673620263256138,9.085603515379331,7.818241489053717
34.6,-1.2706957510484287,9.085603515379331,7.814907764330902
34.62,-1.2741589082152447,9.085603515379331,7.811444607164086
34.64,-1.2777666172033098,9.085603515379331,7.807836898176022
34.660000000000004,-1.2815287615019948,9.085603515379331,7.8040747538773365
34.68,-1.285450299350897,9.085603515379331,7.800153216028434
34.7,-1.2895315926903483,9.085603515379331,7.7960719226889825
34.72,-1.2937687506939513,9.085603515379331,7.79183476468538
34.74,-1.2981539842948124,9.085603515379331,7.787449531084519
34.76,-1.3026759682861657,9.085603515379331,7.782927547093165
34.78,-1.3073202077702724,9.085603515379331,7.778283307609058
34.800000000000004,-1.3120694059409874,9.085603515379331,7.773534109438343
34.82,-1.3169038304127845,9.085603515379331,7.768699684966546
34.84,-1.3218016755471198,9.085603515379331,7.763801839832212
34.86,-1.3267394184718315,9.085603515379331,7.7588640969075
34.88,-1.3316921667366015,9.085603515379331,7.753911348642729
34.9,-1.336633995794477,9.085603515379331,7.748969519584854
34.92,-1.3415382747412186,9.085603515379331,7.744065240638113
34.94,-1.3463779789777335,9.085603515379331,7.739225536401598
34.96,-1.3511259886840103,9.085603515379331,7.73447752669532
34.980000000000004,-1.3557553722015192,9.085603515379331,7.729848143177811
35.0,-1.3602396536141395,9.085603515379331,7.725363861765191
35.02,-1.3645530639918606,9.085603515379331,7.7210504513874705
35.04,-1.3686707759171814,9.085603515379331,7.71693273946215
35.06,-1.3725691210479267,9.085603515379331,7.713034394331404
35.08,-1.3762257905835606,9.085603515379331,7.70937772479577
35.1,-1.3796200185934842,9.085603515379331,7.705983496785847
35.12,-1.382732748235695,9.085603515379331,7.7028707671436365
35.14,-1.385546780943877,9.085603515379331,7.700056734435454
35.160000000000004,-1.3880469086901284,9.085603515379331,7.6975566066892025
35.18,-1.390220029442415,9.085603515379331,7.695383485936916
35.2,-1.3920552459299493,9.085603515379331,7.693548269449382
35.22,-1.3935439478099996,9.085603515379331,7.6920595675693315
35.24,-1.3946798772977211,9.085603515379331,7.69092363808161
35.26,-1.3954591782781127,9.085603515379331,7.690144337101218
35.28,-1.3958804288705737,9.085603515379331,7.689723086508757
35.300000000000004,-1.3959446573632432,9.085603515379331,7.689658858016088
35.32,-1.395655341379538,9.085603515379331,7.6899481739997935
35.34,-1.395018390086346,9.085603515379331,7.690585125292985
35.36,-1.3940421092051594,9.085603515379331,7.691561406174172
35.38,-1.3927371485456246,9.085603515379331,7.692866366833707
35.4,-1.3911164317504792,9.085603515379331,7.694487083628852
35.42,-1.3891950679217235,9.085603515379331,7.696408447457608
35.44,-1.3869902447945404,9.085603515379331,7.698613270584791
35.46,-1.3845211031381996,9.085603515379331,7.701082412241131
35.480000000000004,-1.3818085920954377,9.085603515379331,7.703794923283893
35.5,-1.37887530522323,9.085603515379331,7.7067282101561005
35.52,-1.3757452970710298,9.085603515379331,7.709858218308302
35.54,-1.3724438802271148,9.085603515379331,7.713159635152216
35.56,-1.368997402880353,9.085603515379331,7.716606112498978
35.58,-1.3654330070829959,9.085603515379331,7.720170508296335
35.6,-1.3617783680601312,9.085603515379331,7.7238251473192
35.62,-1.3580614150903394,9.085603515379331,7.727542100288992
35.64,-1.3543100346816912,9.085603515379331,7.73129348069764
35.660000000000004,-1.3505517569814631,9.085603515379331,7.7350517583978675
35.68,-1.346813426588547,9.085603515379331,7.738790088790784
35.7,-1.3431208591785841,9.085603515379331,7.742482656200747
35.72,-1.3394984856035261,9.085603515379331,7.746105029775805
35.74,-1.3359689853827739,9.085603515379331,7.749634529996557
35.76,-1.33255291176237,9.085603515379331,7.753050603616961
35.78,-1.3292683107754484,9.085603515379331,7.756335204603882
35.800000000000004,-1.3261303369889088,9.085603515379331,7.759473178390422
35.82,-1.3231508688629452,9.085603515379331,7.762452646516386
35.84,-1.320338126879106,9.085603515379331,7.765265388500225
35.86,-1.3176962978027316,9.085603515379331,7.7679072175765995
35.88,-1.3152251686350485,9.085603515379331,7.770378346744282
35.9,-1.3129197739731016,9.085603515379331,7.7726837414062295
35.92,-1.3107700606301316,9.085603515379331,7.774833454749199
35.94,-1.3087605734694987,9.085603515379331,7.776842941909832
35.96,-1.306870166469918,9.085603515379331,7.778733348909413
35.980000000000004,-1.3050717430656404,9.085603515379331,7.78053177231369
36.0,-1.303332029788662,9.085603515379331,7.78227148559067
36.02,-1.3016113871800032,9.085603515379331,7.783992128199328
36.04,-1.2998636618319102,9.085603515379331,7.785739853547421
36.06,-1.2980360832702005,9.085603515379331,7.787567432109131
36.08,-1.2960692091867456,9.085603515379331,7.789534306192586
36.1,-1.2938969222855747,9.085603515379331,7.791706593093757
36.12,-1.291446481711986,9.085603515379331,7.794157033667345
36.14,-1.2886386316953031,9.085603515379331,7.796964883684028
36.160000000000004,-1.2853877696519023,9.085603515379331,7.800215745727429
36.18,-1.2816021755709917,9.085603515379331,7.804001339808339
36.2,-1.277184304040311,9.085603515379331,7.80841921133902
36.22,-1.2720311397702713,9.085603515379331,7.81357237560906
36.24,-1.2660346169430865,9.085603515379331,7.819568898436245
36.26,-1.2590821021551424,9.085603515379331,7.826521413224189
36.28,-1.251056940139474,9.085603515379331,7.834546575239857
36.300000000000004,-1.2418390608575385,9.085603515379331,7.843764454521793
36.32,-1.2313056459391314,9.085603515379331,7.8542978694402
36.34,-1.2193318518344602,9.085603515379331,7.866271663544871
36.36,-1.2057915864275883,9.085603515379331,7.879811928951742
36.38,-1.190558335252331,9.085603515379331,7.895045180127
36.4,-1.1735060328576161,9.085603515379331,7.912097482521715
36.42,-1.1545099742945877,9.085603515379331,7.931093541084744
36.44,-1.1334477611495855,9.085603515379331,7.952155754229746
36.46,-1.1102002760314618,9.085603515379331,7.9754032393478695
36.480000000000004,-1.0846526789453512,9.085603515379331,8.00095083643398
36.5,-1.0566954185527542,9.085603515379331,8.028908096826576
36.52,-1.0262252509367642,9.085603515379331,8.059378264442566
36.54,-0.9931462581650955,9.085603515379331,8.092457257214235
36.56,-0.957370858678367,9.085603515379331,8.128232656700964
36.58,-0.91882080133032,9.085603515379331,8.166782714049011
36.6,-0.8774281347735693,9.085603515379331,8.208175380605763
36.62,-0.8331361438244678,9.085603515379331,8.252467371554863
36.64,-0.7859002444517134,9.085603515379331,8.299703270927617
36.660000000000004,-0.7356888291230339,9.085603515379331,8.349914686256298
36.68,-0.6824840544070306,9.085603515379331,8.4031194609723
36.7,-0.6262825629695272,9.085603515379331,8.459320952409804
36.72,-0.5670961324203574,9.085603515379331,8.518507382958974
36.74,-0.5049522438575081,9.085603515379331,8.580651271521823
36.76,-0.43989456342137434,9.085603515379331,8.645708951957957
36.78,-0.3719833307038848,9.085603515379331,8.713620184675447
36.800000000000004,-0.30129564845906137,9.085603515379331,8.784307866920269
36.82,-0.22792566872180922,9.085603515379331,8.857677846657522
36.84,-0.1519846711612172,9.085603515379331,8.933618844218113
36.86,-0.0736010302638657,9.085603515379331,9.012002485115465
36.88,0.007079931243653133,9.085603515379331,9.092683446622985
36.9,0.08989620447013223,9.085603515379331,9.175499719849464
36.92,0.17466947278853054,9.085603515379331,9.260272988167861
36.94,0.2612056065657243,9.085603515379331,9.346809121945055
36.96,0.3492952732205564,9.085603515379331,9.434898788599888
36.980000000000004,0.4387146607077259,9.085603515379331,9.524318176087057
37.0,0.5292263115987088,9.085603515379331,9.61482982697804
37.02,0.6205800640130577,9.085603515379331,9.70618357939239
37.04,0.712514094753585,9.085603515379331,9.798117610132916
37.06,0.804756059128134,9.085603515379331,9.890359574507466
37.08,0.8970243211000734,9.085603515379331,9.982627836479404
37.1,0.9890292666179153,9.085603515379331,10.074632781997247
37.12,1.080474692226203,9.085603515379331,10.166078207605533
37.14,1.171059260375853,9.085603515379331,10.256662775755185
37.160000000000004,1.2604780122262953,9.085603515379331,10.346081527605627
37.18,1.3484239281810113,9.085603515379331,10.434027443560343
37.2,1.434589525920178,9.085603515379331,10.520193041299509
37.22,1.5186684852974128,9.085603515379331,10.604272000676744
37.24,1.6003572891573752,9.085603515379331,10.685960804536705
37.26,1.6793568689055225,9.085603515379331,10.764960384284853
37.28,1.755374243529922,9.085603515379331,10.840977758909252
37.300000000000004,1.8281241407323439,9.085603515379331,10.913727656111675
37.32,1.8973305888791316,9.085603515379331,10.982934104258463
37.34,1.962728468626247,9.085603515379331,11.048331984005578
37.36,2.0240650133094693,9.085603515379331,11.1096685286888
37.38,2.0811012475180446,9.085603515379331,11.166704762897375
37.4,2.1336133536833293,9.085603515379331,11.21921686906266
37.42,2.181393957012648,9.085603515379331,11.26699747239198
37.44,2.2242533196757006,9.085603515379331,11.309856835055031
37.46,2.2620204358036973,9.085603515379331,11.347623951183028
37.480000000000004,2.2945440195822027,9.085603515379331,11.380147534961534
37.5,2.321693379502921,9.085603515379331,11.407296894882252
37.52,2.343359172679267,9.085603515379331,11.428962688058597
37.54,2.3594540340182206,9.085603515379331,11.445057549397552
37.56,2.36991307596998,9.085603515379331,11.455516591349312
37.58,2.3746942555370314,9.085603515379331,11.460297770916362
37.6,2.373778606209576,9.085603515379331,11.459382121588908
37.62,2.3671703334933425,9.085603515379331,11.452773848872674
37.64,2.354896773702898,9.085603515379331,11.440500289082228
37.660000000000004,2.3370082166969346,9.085603515379331,11.422611732076266
37.68,2.313577594225799,9.085603515379331,11.39918110960513
37.7,2.2847000365348507,9.085603515379331,11.370303551914182
37.72,2.250492300813345,9.085603515379331,11.336095816192676
37.74,2.211092075989178,9.085603515379331,11.29669559136851
37.76,2.1666571692369336,9.085603515379331,11.252260684616264
37.78,2.117364580383462,9.085603515379331,11.202968095762794
37.800000000000004,2.06340947115598,9.085603515379331,11.149012986535311
37.82,2.00500403691469,9.085603515379331,11.09060755229402
37.84,1.9423762891414529,9.085603515379331,11.027979804520784
37.86,1.8757687575134687,9.085603515379331,10.961372272892799
37.88,1.8054371208702846,9.085603515379331,10.891040636249615
37.9,1.7316487767843194,9.085603515379331,10.817252292163651
37.92,1.6546813597628292,9.085603515379331,10.74028487514216
37.94,1.5748212183458414,9.085603515379331,10.660424733725172
37.96,1.4923618615143412,9.085603515379331,10.577965376893673
37.980000000000004,1.407602384891382,9.085603515379331,10.493205900270713
38.0,1.3208458872018012,9.085603515379331,10.406449402581131
38.02,1.232397887358231,9.085603515379331,10.318001402737561
38.04,1.1425647523650309,9.085603515379331,10.228168267744362
38.06,1.0516521459763166,9.085603515379331,10.137255661355647
38.08,0.9599635077210878,9.085603515379331,10.04556702310042
38.1,0.867798571511026,9.085603515379331,9.953402086890357
38.12,0.7754519325922435,9.085603515379331,9.861055447971575
38.14,0.6832116710838967,9.085603515379331,9.768815186463227
38.160000000000004,0.5913580397813796,9.085603515379331,9.67696155516071
38.18,0.500162223285891,9.085603515379331,9.585765738665222
38.2,0.4098851748705079,9.085603515379331,9.49548869024984
38.22,0.32077653680625734,9.085603515379331,9.406380052185588
38.24,0.23307364915846623,9.085603515379331,9.318677164537798
38.26,0.1470006513339731,9.085603515379331,9.232604166713305
38.28,0.06276767991383829,9.085603515379331,9.14837119529317
38.300000000000004,-0.019429834441311106,9.085603515379331,9.06617368093802
38.32,-0.09941176897598596,9.085603515379331,8.986191746403344
38.34,-0.1770138084170179,9.085603515379331,8.908589706962314
38.36,-0.25208784157322117,9.085603515379331,8.83351567380611
38.38,-0.32450225509501957,9.085603515379331,8.761101260284311
38.4,-0.39414212521364206,9.085603515379331,8.691461390165689
38.42,-0.4609093089330151,9.085603515379331,8.624694206446316
38.44,-0.5247224367641745,9.085603515379331,8.560881078615157
38.46,-0.5855168096732198,9.085603515379331,8.500086705706112
38.480000000000004,-0.6432442034497221,9.085603515379331,8.442359311929609
38.5,-0.6978725841966208,9.085603515379331,8.38773093118271
38.52,-0.7493857390876343,9.085603515379331,8.336217776291697
38.54,-0.7977828269336767,9.085603515379331,8.287820688445654
38.56,-0.8430778534488972,9.085603515379331,8.242525661930435
38.58,-0.8852990763990084,9.085603515379331,8.200304438980323
38.6,-0.9244883460633367,9.085603515379331,8.161115169315995
38.62,-0.9607003866337815,9.085603515379331,8.124903128745549
38.64,-0.9940020243217296,9.085603515379331,8.091601491057602
38.660000000000004,-1.02447136804078,9.085603515379331,8.06113214733855
38.68,-1.0521969485862592,9.085603515379331,8.033406566793072
38.7,-1.0772768222415021,9.085603515379331,8.008326693137828
38.72,-1.0998176447092622,9.085603515379331,7.985785870670069
38.74,-1.1199337211983207,9.085603515379331,7.965669794181011
38.76,-1.1377460383917113,9.085603515379331,7.94785747698762
38.78,-1.1533812838897197,9.085603515379331,7.932222231489611
38.800000000000004,-1.1669708585591683,9.085603515379331,7.918632656820163
38.82,-1.1786498870373332,9.085603515379331,7.906953628341998
38.84,-1.1885562314336746,9.085603515379331,7.897047283945657
38.86,-1.196829513053607,9.085603515379331,7.888774002325724
38.88,-1.2036101467361293,9.085603515379331,7.881993368643202
38.9,-1.209038392156122,9.085603515379331,7.876565123223209
38.92,-1.213253426196059,9.085603515379331,7.872350089183272
38.94,-1.2163924402432282,9.085603515379331,7.869211075136103
38.96,-1.2185897660204235,9.085603515379331,7.867013749358907
38.980000000000004,-1.219976033313396,9.085603515379331,7.8656274820659355
39.0,-1.220677362718701,9.085603515379331,7.8649261526606296
39.02,-1.2208145963035617,9.085603515379331,7.864788919075769
39.04,-1.2205025688457924,9.085603515379331,7.865100946533539
39.06,-1.2198494221089262,9.085603515379331,7.865754093270405
39.08,-1.2189559644044603,9.085603515379331,7.866647550974871
39.1,-1.217915077502717,9.085603515379331,7.867688437876614
39.12,-1.2168111727729143,9.085603515379331,7.868792342606417
39.14,-1.2157196982643712,9.085603515379331,7.86988381711496
39.160000000000004,-1.2147066982817845,9.085603515379331,7.870896817097547
39.18,-1.2138284268577852,9.085603515379331,7.871775088521546
39.2,-1.213131016384697,9.085603515379331,7.872472498994634
39.22,-1.2126502025317725,9.085603515379331,7.872953312847558
39.24,-1.212411106444631,9.085603515379331,7.8731924089347
39.26,-1.2124280750955152,9.085603515379331,7.873175440283816
39.28,-1.2127045805263823,9.085603515379331,7.872898934852949
39.300000000000004,-1.2132331785994779,9.085603515379331,7.872370336779853
39.32,-1.213995527737589,9.085603515379331,7.871607987641742
39.34,-1.2149624680000204,9.085603515379331,7.87064104737931
39.36,-1.2160941606949374,9.085603515379331,7.869509354684394
39.38,-1.217340288574609,9.085603515379331,7.868263226804722
39.4,-1.2186403164937833,9.085603515379331,7.866963198885548
39.42,-1.219923812232706,9.085603515379331,7.8656797031466255
39.44,-1.2211108269923625,9.085603515379331,7.864492688386969
39.46,-1.222112334860694,9.085603515379331,7.863491180518637
39.480000000000004,-1.2228307303225088,9.085603515379331,7.862772785056823
39.5,-1.223160382644411,9.085603515379331,7.86244313273492
39.52,-1.2229882457060248,9.085603515379331,7.862615269673306
39.54,-1.2221945215739307,9.085603515379331,7.8634089938054
39.56,-1.2206533758230305,9.085603515379331,7.864950139556301
39.58,-1.2182337023046732,9.085603515379331,7.867369813074658
39.6,-1.2147999347414609,9.085603515379331,7.870803580637871
39.62,-1.2102129021995964,9.085603515379331,7.875390613179735
39.64,-1.2043307251505004,9.085603515379331,7.881272790228831
39.660000000000004,-1.1970097484899391,9.085603515379331,7.888593766889392
39.68,-1.1881055075351585,9.085603515379331,7.897498007844172
39.7,-1.1774737226753258,9.085603515379331,7.908129792704005
39.72,-1.1649713180077688,9.085603515379331,7.920632197371562
39.74,-1.1504574589600731,9.085603515379331,7.935146056419258
39.76,-1.1337946035767656,9.085603515379331,7.951808911802566
39.78,-1.1148495618462455,9.085603515379331,7.970753953533086
39.800000000000004,-1.0934945571604129,9.085603515379331,7.992108958218918
39.82,-1.0696082837436962,9.085603515379331,8.015995231635635
39.84,-1.043076953660975,9.085603515379331,8.042526561718356
39.86,-1.0137953268231104,9.085603515379331,8.07180818855622
39.88,-0.9816677172545412,9.085603515379331,8.10393579812479
39.9,-0.9466089687782385,9.085603515379331,8.138994546601092
39.92,-0.9085453932085974,9.085603515379331,8.177058122170735
39.94,-0.867415664129251,9.085603515379331,8.21818785125008
39.96,-0.8231716593712493,9.085603515379331,8.262431856008082
39.980000000000004,-0.7757792454011628,9.085603515379331,8.309824269978169
40.0,-0.7252189969798648,9.085603515379331,8.360384518399467
