cell_type,state,rewrite_path,character,k,rho_target,expected,observed,relative_error,cell_pass,extra
hecke_atom,a,R_H_load->q(a),chi_3,1,NA,-0.216565856623173752660956161276+0.323197732601755358462992281675j,-0.216565856623173752660956161276+0.323197732601755358462992281675j,0,yes,abs=0.389046969675699709416785
hecke_atom,a,R_H_load->q(a),chi_3,2,NA,0.640752871763898181079754878933-1.08733331382644310891592684978j,0.640752871763898181079754878933-1.08733331382644310891592684978j,0,yes,abs=1.26208477450228230057804
hecke_atom,a,R_H_load->q(a),chi_3,3,NA,-1.68096291944992516724877511851+2.92299355586964342346641438675j,-1.68096291944992516724877511851+2.92299355586964342346641438675j,0,yes,abs=3.37187302018048684937537
hecke_atom,a,R_H_load->q(a),chi_3,4,NA,4.48018307773143272317485676171-7.34903032170171255038541988279j,4.48018307773143272317485676171-7.34903032170171255038541988279j,0,yes,abs=8.60699059365596551053873
hecke_atom,a,R_H_load->q(a),chi_3,5,NA,-12.3637964045930558527818029778+17.9673543528542344158250258227j,-12.3637964045930558527818029778+17.9673543528542344158250258227j,0,yes,abs=21.810302244014368075134
hecke_atom,a,R_H_load->q(a),chi_3,6,NA,35.0591446612371474525956525202-43.1098338326573718551410831995j,35.0591446612371474525956525202-43.1098338326573718551410831995j,0,yes,abs=55.5661893371939206773813
hecke_atom,a,R_H_load->q(a),chi_3,7,NA,-100.911748034427502885702922544+101.282833497899696415010635612j,-100.911748034427502885702922544+101.282833497899696415010635612j,0,yes,abs=142.973400507671551448752
hecke_atom,a,R_H_load->q(a),chi_3,8,NA,291.865361344720922548446977615-230.832930665353005604820544456j,291.865361344720922548446977615-230.832930665353005604820544456j,0,yes,abs=372.114540205620266898322
hecke_atom,a,R_H_load->q(a),chi_3,9,NA,-842.31104364065165543319820345+501.104793086319333174063167339j,-842.31104364065165543319820345+501.104793086319333174063167339j,0,yes,abs=980.098927605314079887204
hecke_atom,a,R_H_load->q(a),chi_3,10,NA,2414.12312183693963307343658432-998.266510974760112013618397435j,2414.12312183693963307343658432-998.266510974760112013618397435j,0,yes,abs=2612.37946598909174074642
hecke_atom,a,R_H_load->q(a),chi_4,1,NA,-0.143459577088464314702670960536-0.388581079486498244306638103584j,-0.143459577088464314702670960536-0.388581079486498244306638103584j,0,yes,abs=0.414217220300283148412534
hecke_atom,a,R_H_load->q(a),chi_4,2,NA,0.265027528015608539272491454057+1.28107817648054225799771754188j,0.265027528015608539272491454057+1.28107817648054225799771754188j,0,yes,abs=1.30820521511755774842588
hecke_atom,a,R_H_load->q(a),chi_4,3,NA,-0.163495519543696505446530535341-3.44124337549524698638454235369j,-0.163495519543696505446530535341-3.44124337549524698638454235369j,0,yes,abs=3.44512507092279375391897
hecke_atom,a,R_H_load->q(a),chi_4,4,NA,-1.01042650514134077432381067655+8.68142268294088632726261543477j,-1.01042650514134077432381067655+8.68142268294088632726261543477j,0,yes,abs=8.74002640283041026492121
hecke_atom,a,R_H_load->q(a),chi_4,5,NA,6.25789333007148321976762922718-21.2572831275573157590154008018j,6.25789333007148321976762922718-21.2572831275573157590154008018j,0,yes,abs=22.1592715335068290127689
hecke_atom,a,R_H_load->q(a),chi_4,6,NA,-25.4260256839395693981306732238+50.8346836088942784335884624923j,-25.4260256839395693981306732238+50.8346836088942784335884624923j,0,yes,abs=56.8387881617539350218364
hecke_atom,a,R_H_load->q(a),chi_4,7,NA,89.4052804558520533692258134149-118.092586325260804738590383148j,89.4052804558520533692258134149-118.092586325260804738590383148j,0,yes,abs=148.118746681096165578688
hecke_atom,a,R_H_load->q(a),chi_4,8,NA,-291.962855466693366594973399627+262.471796372105346415631476718j,-291.962855466693366594973399627+262.471796372105346415631476718j,0,yes,abs=392.598717347707612129627
hecke_atom,a,R_H_load->q(a),chi_4,9,NA,909.921912664438128896452021304-540.448247047434386545611242664j,909.921912664438128896452021304-540.448247047434386545611242664j,0,yes,abs=1058.32045944673773034311
hecke_atom,a,R_H_load->q(a),chi_4,10,NA,-2739.05369846299924919838782708+951.72023472576411271603141043j,-2739.05369846299924919838782708+951.72023472576411271603141043j,0,yes,abs=2899.68732249708233166458
hecke_atom,a,R_H_load->q(a),chi_5a,1,NA,-0.527511573661875864758024218217-0.14110211062200099252762736589j,-0.527511573661875864758024218217-0.14110211062200099252762736589j,0,yes,abs=0.546057017141261624735221
hecke_atom,a,R_H_load->q(a),chi_5a,2,NA,1.8240606990793504347445395266+0.51401500366546003788601329522j,1.8240606990793504347445395266+0.51401500366546003788601329522j,0,yes,abs=1.89510127906638581217421
hecke_atom,a,R_H_load->q(a),chi_5a,3,NA,-5.21874054555351869924391345819-1.69799877103346657712121692382j,-5.21874054555351869924391345819-1.69799877103346657712121692382j,0,yes,abs=5.48802812567823861697229
hecke_atom,a,R_H_load->q(a),chi_5a,4,NA,14.2295830987368790311103894459+5.63870691460368742630223257565j,14.2295830987368790311103894459+5.63870691460368742630223257565j,0,yes,abs=15.3060788849612844513899
hecke_atom,a,R_H_load->q(a),chi_5a,5,NA,-38.1776673436719516635719595373-18.9113285941534163800275837315j,-38.1776673436719516635719595373-18.9113285941534163800275837315j,0,yes,abs=42.60484283505949521506
hecke_atom,a,R_H_load->q(a),chi_5a,6,NA,101.447605497058403795543394356+63.5812849294554221371798047156j,101.447605497058403795543394356+63.5812849294554221371798047156j,0,yes,abs=119.725504611036781596835
hecke_atom,a,R_H_load->q(a),chi_5a,7,NA,-266.262624863919766842072559612-212.993817547173959062019841524j,-266.262624863919766842072559612-212.993817547173959062019841524j,0,yes,abs=340.972362095145908532058
hecke_atom,a,R_H_load->q(a),chi_5a,8,NA,684.66289831580925845628631523+708.380865749792393265197548549j,684.66289831580925845628631523+708.380865749792393265197548549j,0,yes,abs=985.173454418372745724609
hecke_atom,a,R_H_load->q(a),chi_5a,9,NA,-1700.17312714742531232055667168-2334.07774894296913526186166971j,-1700.17312714742531232055667168-2334.07774894296913526186166971j,0,yes,abs=2887.64741621703761871059
hecke_atom,a,R_H_load->q(a),chi_5a,10,NA,3971.23686228613033799647154919+7608.13807385021097420028703294j,3971.23686228613033799647154919+7608.13807385021097420028703294j,0,yes,abs=8582.219244877713331813
hecke_atom,a,R_H_load->q(a),chi_5b,1,NA,-0.329675088111738320584836227883-0.201554609256424605194230532853j,-0.329675088111738320584836227883-0.201554609256424605194230532853j,0,yes,abs=0.38640642364483594140694
hecke_atom,a,R_H_load->q(a),chi_5b,2,NA,1.1312079386539029969024713704+0.652549773615770015645940256082j,1.1312079386539029969024713704+0.652549773615770015645940256082j,0,yes,abs=1.30592978659635643645055
hecke_atom,a,R_H_load->q(a),chi_5b,3,NA,-3.26214789430229208937128207102-1.93162252730743995686523789727j,-3.26214789430229208937128207102-1.93162252730743995686523789727j,0,yes,abs=3.79114421676391253890442
hecke_atom,a,R_H_load->q(a),chi_5b,4,NA,8.96048153618897855006316754407+5.93441262230668380116866010788j,8.96048153618897855006316754407+5.93441262230668380116866010788j,0,yes,abs=10.7474407433666033792485
hecke_atom,a,R_H_load->q(a),chi_5b,5,NA,-23.9259686305191883349535859781-18.931779292899729797148477045j,-23.9259686305191883349535859781-18.931779292899729797148477045j,0,yes,abs=30.510067881007004368528
hecke_atom,a,R_H_load->q(a),chi_5b,6,NA,61.9809359156106088279681709223+61.439289078303041167189461496j,61.9809359156106088279681709223+61.439289078303041167189461496j,0,yes,abs=87.2721184538470823656997
hecke_atom,a,R_H_load->q(a),chi_5b,7,NA,-153.96238334998924530678227764-199.52079095121090357504452594j,-153.96238334998924530678227764-199.52079095121090357504452594j,0,yes,abs=252.017780143794315516228
hecke_atom,a,R_H_load->q(a),chi_5b,8,NA,358.03420213159879206042776995+642.213918514516378561402229137j,358.03420213159879206042776995+642.213918514516378561402229137j,0,yes,abs=735.273559316381527112119
hecke_atom,a,R_H_load->q(a),chi_5b,9,NA,-738.316310668775559669005313998-2038.57614737364947223001334678j,-738.316310668775559669005313998-2038.57614737364947223001334678j,0,yes,abs=2168.15674784835225005706
hecke_atom,a,R_H_load->q(a),chi_5b,10,NA,1134.92298558774666677113632089+6362.38508970537400892288673987j,1134.92298558774666677113632089+6362.38508970537400892288673987j,0,yes,abs=6462.81627565882958102802
hecke_atom,a,R_H_load->q(a),chi_7b,1,NA,0.0139920195462107726659806371845-0.483347636235492487976065743817j,0.0139920195462107726659806371845-0.483347636235492487976065743817j,0,yes,abs=0.48355011536077572844742
hecke_atom,a,R_H_load->q(a),chi_7b,2,NA,-0.246310975120444101074346226416+1.6915714030311734035478396247j,-0.246310975120444101074346226416+1.6915714030311734035478396247j,0,yes,abs=1.7094101052753948540711
hecke_atom,a,R_H_load->q(a),chi_7b,3,NA,1.33962444328698262658716998186-4.92840456170202002555070940729j,1.33962444328698262658716998186-4.92840456170202002555070940729j,0,yes,abs=5.1072267594906375220919
hecke_atom,a,R_H_load->q(a),chi_7b,4,NA,-5.70291401787469688876468267245+13.671224856495519373556631057j,-5.70291401787469688876468267245+13.671224856495519373556631057j,0,yes,abs=14.8130218852242520027465
hecke_atom,a,R_H_load->q(a),chi_7b,5,NA,21.9858657021846337296014873789-37.0833417543382368843068235726j,21.9858657021846337296014873789-37.0833417543382368843068235726j,0,yes,abs=43.1109327937072630680334
hecke_atom,a,R_H_load->q(a),chi_7b,6,NA,-80.4596008333293145925035752465+98.4747118743623729433355254732j,-80.4596008333293145925035752465+98.4747118743623729433355254732j,0,yes,abs=127.165310698308652657807
hecke_atom,a,R_H_load->q(a),chi_7b,7,NA,284.966281824173873145252861648-253.337499807701544205296201848j,284.966281824173873145252861648-253.337499807701544205296201848j,0,yes,abs=381.294729291543798913358
hecke_atom,a,R_H_load->q(a),chi_7b,8,NA,-985.375834624851344546466463633+617.037604790693733561382040425j,-985.375834624851344546466463633+617.037604790693733561382040425j,0,yes,abs=1162.62674198921587348176
hecke_atom,a,R_H_load->q(a),chi_7b,9,NA,3339.4643618619455310377040353-1352.78500050445149223960377225j,3339.4643618619455310377040353-1352.78500050445149223960377225j,0,yes,abs=3603.06112656111343829427
hecke_atom,a,R_H_load->q(a),chi_7b,10,NA,-11104.2242837256690496808386766+2295.17987030503385964168000592j,-11104.2242837256690496808386766+2295.17987030503385964168000592j,0,yes,abs=11338.9438476577826249023
hecke_atom,a,R_H_load->q(a),chi_11c,1,NA,0.285806206552847685714281937204-0.01344354684641239931255913886j,0.285806206552847685714281937204-0.01344354684641239931255913886j,0,yes,abs=0.28612220580713535414108
hecke_atom,a,R_H_load->q(a),chi_11c,2,NA,-1.02810605604711795955494225676-0.234224720883859697544350238801j,-1.02810605604711795955494225676-0.234224720883859697544350238801j,0,yes,abs=1.05444927917557117379158
hecke_atom,a,R_H_load->q(a),chi_11c,3,NA,2.99755736877668174171234432203+1.49119130394973755723625129803j,2.99755736877668174171234432203+1.49119130394973755723625129803j,0,yes,abs=3.34798471981021773605307
hecke_atom,a,R_H_load->q(a),chi_11c,4,NA,-8.06886331758214087084889726246-6.60471762023682856119926346747j,-8.06886331758214087084889726246-6.60471762023682856119926346747j,0,yes,abs=10.4273126969938668214458
hecke_atom,a,R_H_load->q(a),chi_11c,5,NA,20.2364138258946957534647605284+25.8103978648739792663051653814j,20.2364138258946957534647605284+25.8103978648739792663051653814j,0,yes,abs=32.7976993473010735404051
hecke_atom,a,R_H_load->q(a),chi_11c,6,NA,-45.2578987311103429009941646652-94.719571439215095384564818937j,-45.2578987311103429009941646652-94.719571439215095384564818937j,0,yes,abs=104.976543147428946008984
hecke_atom,a,R_H_load->q(a),chi_11c,7,NA,76.6017298917158707088111442538+333.712731134420729047927888238j,76.6017298917158707088111442538+333.712731134420729047927888238j,0,yes,abs=342.391606123160640409097
hecke_atom,a,R_H_load->q(a),chi_11c,8,NA,-4.41356604629347651442167960298-1137.3260618126580946862495479j,-4.41356604629347651442167960298-1137.3260618126580946862495479j,0,yes,abs=1137.33462553618544785865
hecke_atom,a,R_H_load->q(a),chi_11c,9,NA,-838.084331540200737648648634162+3750.54757561950090392725465909j,-838.084331540200737648648634162+3750.54757561950090392725465909j,0,yes,abs=3843.04468667207940393556
hecke_atom,a,R_H_load->q(a),chi_11c,10,NA,5686.2610790643207202946144074-11903.8907429927291273980834395j,5686.2610790643207202946144074-11903.8907429927291273980834395j,0,yes,abs=13192.2772818186974977434
hecke_atom,a,R_H_load->q(a),chi_13a,1,NA,0.125296176212373312035295193253+0.232768054545879062315591058316j,0.125296176212373312035295193253+0.232768054545879062315591058316j,0,yes,abs=0.264348442383372923510848
hecke_atom,a,R_H_load->q(a),chi_13a,2,NA,-0.0371029590695936268311892466876-1.0558230219484694176985455116j,-0.0371029590695936268311892466876-1.0558230219484694176985455116j,0,yes,abs=1.05647474330819573725322
hecke_atom,a,R_H_load->q(a),chi_13a,3,NA,-1.21804906456958461542802914407+3.32130491730597766765525152299j,-1.21804906456958461542802914407+3.32130491730597766765525152299j,0,yes,abs=3.53761358509090238722932
hecke_atom,a,R_H_load->q(a),chi_13a,4,NA,7.34240691167865038389801690599-8.77180953128344950093024135255j,7.34240691167865038389801690599-8.77180953128344950093024135255j,0,yes,abs=11.4392124602081583371476
hecke_atom,a,R_H_load->q(a),chi_13a,5,NA,-31.4679654049669910818121855632+19.5225832393051809891450950645j,-31.4679654049669910818121855632+19.5225832393051809891450950645j,0,yes,abs=37.0319335582656140177925
hecke_atom,a,R_H_load->q(a),chi_13a,6,NA,117.470239646665183991182511825-30.6461237402478719221007011945j,117.470239646665183991182511825-30.6461237402478719221007011945j,0,yes,abs=121.40198558074547845552
hecke_atom,a,R_H_load->q(a),chi_13a,7,NA,-404.337459789365470693837269387-12.8108932326410439826703151309j,-404.337459789365470693837269387-12.8108932326410439826703151309j,0,yes,abs=404.540356916754186776229
hecke_atom,a,R_H_load->q(a),chi_13a,8,NA,1306.49407466140918760286396142+416.817908660558537907945895658j,1306.49407466140918760286396142+416.817908660558537907945895658j,0,yes,abs=1371.37301129398545737336
hecke_atom,a,R_H_load->q(a),chi_13a,9,NA,-3958.22327840528891354594113151-2585.77258340121725843732566248j,-3958.22327840528891354594113151-2585.77258340121725843732566248j,0,yes,abs=4727.9753991300460626108
hecke_atom,a,R_H_load->q(a),chi_13a,10,NA,11020.7252098034202053999490446+12366.5935579325298611735824889j,11020.7252098034202053999490446+12366.5935579325298611735824889j,0,yes,abs=16564.6919795417562753632
zeta_atom,b,R_Z_load->q(b),NA,1,rho_1,-0.0779555523158915962498239329511+0.138286753094295300880559582492j,-0.0779555523158915962498239329511+0.138286753094295300880559582492j,0,yes,abs=0.158746005361515483358083
zeta_atom,b,R_Z_load->q(b),NA,2,rho_1,0.241589319317297432107685263959-0.377988260279774134002430475612j,0.241589319317297432107685263959-0.377988260279774134002430475612j,0,yes,abs=0.448598399593138738690636
zeta_atom,b,R_Z_load->q(b),NA,3,rho_1,-0.553168487771901661773180509936+0.838760373736816218499614982884j,-0.553168487771901661773180509936+0.838760373736816218499614982884j,0,yes,abs=1.00474590838429202352379
zeta_atom,b,R_Z_load->q(b),NA,4,rho_1,1.15995670417346817842913917887-1.74540487648052832127942313556j,1.15995670417346817842913917887-1.74540487648052832127942313556j,0,yes,abs=2.09569504899901481236321
zeta_atom,b,R_Z_load->q(b),NA,5,rho_1,-2.39426038223899458207977742863+3.54350970336079700922978254331j,-2.39426038223899458207977742863+3.54350970336079700922978254331j,0,yes,abs=4.27655747018221889556004
zeta_atom,b,R_Z_load->q(b),NA,6,rho_1,5.01482470756219658231481921677-7.12318509037390712035250561492j,5.01482470756219658231481921677-7.12318509037390712035250561492j,0,yes,abs=8.71138523309016554143095
zeta_atom,b,R_Z_load->q(b),NA,7,rho_1,-10.7831341459742236472550908266+14.2517869670819792220257431235j,-10.7831341459742236472550908266+14.2517869670819792220257431235j,0,yes,abs=17.8714692671073636458156
zeta_atom,b,R_Z_load->q(b),NA,8,rho_1,23.83764515740484304217130238-28.3828999490096180766536544276j,23.83764515740484304217130238-28.3828999490096180766536544276j,0,yes,abs=37.0651094179666053313903
zeta_atom,b,R_Z_load->q(b),NA,9,rho_1,-53.9612088907001408603287335202+56.0738974050925371859405448084j,-53.9612088907001408603287335202+56.0738974050925371859405448084j,0,yes,abs=77.8209100123008038697349
zeta_atom,b,R_Z_load->q(b),NA,10,rho_1,124.301630277838571522545289793-109.174459135809317242257333817j,124.301630277838571522545289793-109.174459135809317242257333817j,0,yes,abs=165.438682953307426298455
zeta_atom,b,R_Z_load->q(b),NA,1,rho_2,-0.151578008667295319704630247367-0.0406435253348801368086682260334j,-0.151578008667295319704630247367-0.0406435253348801368086682260334j,0,yes,abs=0.156932434070174603276651
zeta_atom,b,R_Z_load->q(b),NA,2,rho_2,0.423576155651483868308246255373+0.144199984318069163858860137094j,0.423576155651483868308246255373+0.144199984318069163858860137094j,0,yes,abs=0.447448762557034548079787
zeta_atom,b,R_Z_load->q(b),NA,3,rho_2,-0.958604349953361251482304750322-0.475591679064192632956965123933j,-0.958604349953361251482304750322-0.475591679064192632956965123933j,0,yes,abs=1.07009800716785015923208
zeta_atom,b,R_Z_load->q(b),NA,4,rho_2,2.05209333055891557871969315855+1.4856718438933375345789015219j,2.05209333055891557871969315855+1.4856718438933375345789015219j,0,yes,abs=2.53343795366332432609527
zeta_atom,b,R_Z_load->q(b),NA,5,rho_2,-4.2982636347166332606853438784-4.41712059005093977938039464729j,-4.2982636347166332606853438784-4.41712059005093977938039464729j,0,yes,abs=6.16328034252697333198625
zeta_atom,b,R_Z_load->q(b),NA,6,rho_2,8.81726796720298689701898016383+12.6356478722780006627191972795j,8.81726796720298689701898016383+12.6356478722780006627191972795j,0,yes,abs=15.4079139262155621040977
zeta_atom,b,R_Z_load->q(b),NA,7,rho_2,-17.4567001258051953546844927137-35.0985034028537875679271501567j,-17.4567001258051953546844927137-35.0985034028537875679271501567j,0,yes,abs=39.2000168418640609726763
zeta_atom,b,R_Z_load->q(b),NA,8,rho_2,32.3250498999636756155052838681+95.2782737116064289600937778499j,32.3250498999636756155052838681+95.2782737116064289600937778499j,0,yes,abs=100.612416194518131427703
zeta_atom,b,R_Z_load->q(b),NA,9,rho_2,-52.0644497081113352202844767872-253.832348078270847337987505175j,-52.0644497081113352202844767872-253.832348078270847337987505175j,0,yes,abs=259.116899978247085435904
zeta_atom,b,R_Z_load->q(b),NA,10,rho_2,55.8090273578749443687242711913+665.448817525910566733135745706j,55.8090273578749443687242711913+665.448817525910566733135745706j,0,yes,abs=667.784977579807984280997
zeta_atom,b,R_Z_load->q(b),NA,1,rho_3,0.239853506415768428571468507429-0.0336126956164849310731861844838j,0.239853506415768428571468507429-0.0336126956164849310731861844838j,0,yes,abs=0.242197270518363877013743
zeta_atom,b,R_Z_load->q(b),NA,2,rho_3,-0.889922739848998904895204590166+0.0271467874488817092445909048994j,-0.889922739848998904895204590166+0.0271467874488817092445909048994j,0,yes,abs=0.890336695283949163661319
zeta_atom,b,R_Z_load->q(b),NA,3,rho_3,2.5443183649300625596497128634+0.186079393517991269771310435109j,2.5443183649300625596497128634+0.186079393517991269771310435109j,0,yes,abs=2.55111377300433436561224
zeta_atom,b,R_Z_load->q(b),NA,4,rho_3,-6.67328831937400903557920730967-1.15169208439722967079962098478j,-6.67328831937400903557920730967-1.15169208439722967079962098478j,0,yes,abs=6.77194002120196141424884
zeta_atom,b,R_Z_load->q(b),NA,5,rho_3,16.8809336328522495092707501822+4.55400201497798106592042331873j,16.8809336328522495092707501822+4.55400201497798106592042331873j,0,yes,abs=17.484417481551558911724
zeta_atom,b,R_Z_load->q(b),NA,6,rho_3,-41.9715500731581779263560812813-15.4172073913169227464183813132j,-41.9715500731581779263560812813-15.4172073913169227464183813132j,0,yes,abs=44.7135471562087255204655
zeta_atom,b,R_Z_load->q(b),NA,7,rho_3,103.379792090356625969976526245+48.402285556812011146770434816j,103.379792090356625969976526245+48.402285556812011146770434816j,0,yes,abs=114.149737887428085961204
zeta_atom,b,R_Z_load->q(b),NA,8,rho_3,-253.044253409432389133825704668-145.656440064273368253115088475j,-253.044253409432389133825704668-145.656440064273368253115088475j,0,yes,abs=291.9712189852525435211
zeta_atom,b,R_Z_load->q(b),NA,9,rho_3,615.965284682183118804088088506+427.048427040777819196512244391j,615.965284682183118804088088506+427.048427040777819196512244391j,0,yes,abs=749.522241812479791326143
zeta_atom,b,R_Z_load->q(b),NA,10,rho_3,-1490.07679949555840015535526452-1230.70832662915101760197709589j,-1490.07679949555840015535526452-1230.70832662915101760197709589j,0,yes,abs=1932.60752705489885718239
compare,c,R_compare->q(c),chi_3,1,rho_1,lambda_mag=0.896394606617866486499674;lambda_phase=0.0770379363241892349168968,lambda_mag=0.896394606617866486499674;lambda_phase=0.0770379363241892349168968,0,yes,magnitude_phase_pair
operator_audit,d,R_operator_audit->q(d),chi_3,1,rho_1,lambda_mag=0.896394606617866486499674;lambda_phase=0.0770379363241892349168968;lambda_operator=missing_operator_certificate,lambda_mag=0.896394606617866486499674;lambda_phase=0.0770379363241892349168968;lambda_operator=missing_operator_certificate,0,yes,lambda_total_vector
compare,c,R_compare->q(c),chi_3,1,rho_2,lambda_mag=0.907884724519446082717996;lambda_phase=1.24241336386528810233895,lambda_mag=0.907884724519446082717996;lambda_phase=1.24241336386528810233895,0,yes,magnitude_phase_pair
operator_audit,d,R_operator_audit->q(d),chi_3,1,rho_2,lambda_mag=0.907884724519446082717996;lambda_phase=1.24241336386528810233895;lambda_operator=missing_operator_certificate,lambda_mag=0.907884724519446082717996;lambda_phase=1.24241336386528810233895;lambda_operator=missing_operator_certificate,0,yes,lambda_total_vector
compare,c,R_compare->q(c),chi_3,1,rho_3,lambda_mag=0.473947519477583852380492;lambda_phase=2.30038470549452633831558,lambda_mag=0.473947519477583852380492;lambda_phase=2.30038470549452633831558,0,yes,magnitude_phase_pair
operator_audit,d,R_operator_audit->q(d),chi_3,1,rho_3,lambda_mag=0.473947519477583852380492;lambda_phase=2.30038470549452633831558;lambda_operator=missing_operator_certificate,lambda_mag=0.473947519477583852380492;lambda_phase=2.30038470549452633831558;lambda_operator=missing_operator_certificate,0,yes,lambda_total_vector
compare,c,R_compare->q(c),chi_3,2,rho_1,lambda_mag=1.03439216104852782810407;lambda_phase=0.0362003579221371506843529,lambda_mag=1.03439216104852782810407;lambda_phase=0.0362003579221371506843529,0,yes,magnitude_phase_pair
operator_audit,d,R_operator_audit->q(d),chi_3,2,rho_1,lambda_mag=1.03439216104852782810407;lambda_phase=0.0362003579221371506843529;lambda_operator=missing_operator_certificate,lambda_mag=1.03439216104852782810407;lambda_phase=0.0362003579221371506843529;lambda_operator=missing_operator_certificate,0,yes,lambda_total_vector
compare,c,R_compare->q(c),chi_3,2,rho_2,lambda_mag=1.03695818148914192113669;lambda_phase=1.36641829261182461001082,lambda_mag=1.03695818148914192113669;lambda_phase=1.36641829261182461001082,0,yes,magnitude_phase_pair
operator_audit,d,R_operator_audit->q(d),chi_3,2,rho_2,lambda_mag=1.03695818148914192113669;lambda_phase=1.36641829261182461001082;lambda_operator=missing_operator_certificate,lambda_mag=1.03695818148914192113669;lambda_phase=1.36641829261182461001082;lambda_operator=missing_operator_certificate,0,yes,lambda_total_vector
compare,c,R_compare->q(c),chi_3,2,rho_3,lambda_mag=0.348920515076438737621383;lambda_phase=2.13379759315769888478255,lambda_mag=0.348920515076438737621383;lambda_phase=2.13379759315769888478255,0,yes,magnitude_phase_pair
operator_audit,d,R_operator_audit->q(d),chi_3,2,rho_3,lambda_mag=0.348920515076438737621383;lambda_phase=2.13379759315769888478255;lambda_operator=missing_operator_certificate,lambda_mag=0.348920515076438737621383;lambda_phase=2.13379759315769888478255;lambda_operator=missing_operator_certificate,0,yes,lambda_total_vector
compare,c,R_compare->q(c),chi_3,3,rho_1,lambda_mag=1.21073370024086951291164;lambda_phase=0.0611332419423168732996563,lambda_mag=1.21073370024086951291164;lambda_phase=0.0611332419423168732996563,0,yes,magnitude_phase_pair
operator_audit,d,R_operator_audit->q(d),chi_3,3,rho_1,lambda_mag=1.21073370024086951291164;lambda_phase=0.0611332419423168732996563;lambda_operator=missing_operator_certificate,lambda_mag=1.21073370024086951291164;lambda_phase=0.0611332419423168732996563;lambda_operator=missing_operator_certificate,0,yes,lambda_total_vector
compare,c,R_compare->q(c),chi_3,3,rho_2,lambda_mag=1.14771814254416050654433;lambda_phase=1.50944616075550221703925,lambda_mag=1.14771814254416050654433;lambda_phase=1.50944616075550221703925,0,yes,magnitude_phase_pair
operator_audit,d,R_operator_audit->q(d),chi_3,3,rho_2,lambda_mag=1.14771814254416050654433;lambda_phase=1.50944616075550221703925;lambda_operator=missing_operator_certificate,lambda_mag=1.14771814254416050654433;lambda_phase=1.50944616075550221703925;lambda_operator=missing_operator_certificate,0,yes,lambda_total_vector
compare,c,R_compare->q(c),chi_3,3,rho_3,lambda_mag=0.278938344767691339970772;lambda_phase=2.01968744250870053991584,lambda_mag=0.278938344767691339970772;lambda_phase=2.01968744250870053991584,0,yes,magnitude_phase_pair
operator_audit,d,R_operator_audit->q(d),chi_3,3,rho_3,lambda_mag=0.278938344767691339970772;lambda_phase=2.01968744250870053991584;lambda_operator=missing_operator_certificate,lambda_mag=0.278938344767691339970772;lambda_phase=2.01968744250870053991584;lambda_operator=missing_operator_certificate,0,yes,lambda_total_vector
compare,c,R_compare->q(c),chi_3,4,rho_1,lambda_mag=1.4126894688113114526209;lambda_phase=0.0390851336863809668470255,lambda_mag=1.4126894688113114526209;lambda_phase=0.0390851336863809668470255,0,yes,magnitude_phase_pair
operator_audit,d,R_operator_audit->q(d),chi_3,4,rho_1,lambda_mag=1.4126894688113114526209;lambda_phase=0.0390851336863809668470255;lambda_operator=missing_operator_certificate,lambda_mag=1.4126894688113114526209;lambda_phase=0.0390851336863809668470255;lambda_operator=missing_operator_certificate,0,yes,lambda_total_vector
compare,c,R_compare->q(c),chi_3,4,rho_2,lambda_mag=1.22299747752521434272792;lambda_phase=1.64996507086412805465659,lambda_mag=1.22299747752521434272792;lambda_phase=1.64996507086412805465659,0,yes,magnitude_phase_pair
operator_audit,d,R_operator_audit->q(d),chi_3,4,rho_2,lambda_mag=1.22299747752521434272792;lambda_phase=1.64996507086412805465659;lambda_operator=missing_operator_certificate,lambda_mag=1.22299747752521434272792;lambda_phase=1.64996507086412805465659;lambda_operator=missing_operator_certificate,0,yes,lambda_total_vector
compare,c,R_compare->q(c),chi_3,4,rho_3,lambda_mag=0.239787125444672204682903;lambda_phase=1.94736707174963385592687,lambda_mag=0.239787125444672204682903;lambda_phase=1.94736707174963385592687,0,yes,magnitude_phase_pair
operator_audit,d,R_operator_audit->q(d),chi_3,4,rho_3,lambda_mag=0.239787125444672204682903;lambda_phase=1.94736707174963385592687;lambda_operator=missing_operator_certificate,lambda_mag=0.239787125444672204682903;lambda_phase=1.94736707174963385592687;lambda_operator=missing_operator_certificate,0,yes,lambda_total_vector
compare,c,R_compare->q(c),chi_3,5,rho_1,lambda_mag=1.62923408161436094751129;lambda_phase=0.00849889334633134262374108,lambda_mag=1.62923408161436094751129;lambda_phase=0.00849889334633134262374108,0,yes,magnitude_phase_pair
operator_audit,d,R_operator_audit->q(d),chi_3,5,rho_1,lambda_mag=1.62923408161436094751129;lambda_phase=0.00849889334633134262374108;lambda_operator=missing_operator_certificate,lambda_mag=1.62923408161436094751129;lambda_phase=0.00849889334633134262374108;lambda_operator=missing_operator_certificate,0,yes,lambda_total_vector
compare,c,R_compare->q(c),chi_3,5,rho_2,lambda_mag=1.26377327922214636328455;lambda_phase=1.76711921914134736048356,lambda_mag=1.26377327922214636328455;lambda_phase=1.76711921914134736048356,0,yes,magnitude_phase_pair
operator_audit,d,R_operator_audit->q(d),chi_3,5,rho_2,lambda_mag=1.26377327922214636328455;lambda_phase=1.76711921914134736048356;lambda_operator=missing_operator_certificate,lambda_mag=1.26377327922214636328455;lambda_phase=1.76711921914134736048356;lambda_operator=missing_operator_certificate,0,yes,lambda_total_vector
compare,c,R_compare->q(c),chi_3,5,rho_3,lambda_mag=0.22107238352904549723115;lambda_phase=1.91000910895346744530462,lambda_mag=0.22107238352904549723115;lambda_phase=1.91000910895346744530462,0,yes,magnitude_phase_pair
operator_audit,d,R_operator_audit->q(d),chi_3,5,rho_3,lambda_mag=0.22107238352904549723115;lambda_phase=1.91000910895346744530462;lambda_operator=missing_operator_certificate,lambda_mag=0.22107238352904549723115;lambda_phase=1.91000910895346744530462;lambda_operator=missing_operator_certificate,0,yes,lambda_total_vector
compare,c,R_compare->q(c),chi_3,6,rho_1,lambda_mag=1.85294409322991237566817;lambda_phase=0.069354064709166749481114,lambda_mag=1.85294409322991237566817;lambda_phase=0.069354064709166749481114,0,yes,magnitude_phase_pair
operator_audit,d,R_operator_audit->q(d),chi_3,6,rho_1,lambda_mag=1.85294409322991237566817;lambda_phase=0.069354064709166749481114;lambda_operator=missing_operator_certificate,lambda_mag=1.85294409322991237566817;lambda_phase=0.069354064709166749481114;lambda_operator=missing_operator_certificate,0,yes,lambda_total_vector
compare,c,R_compare->q(c),chi_3,6,rho_2,lambda_mag=1.28269364210391448222624;lambda_phase=1.84956955452963331115103,lambda_mag=1.28269364210391448222624;lambda_phase=1.84956955452963331115103,0,yes,magnitude_phase_pair
operator_audit,d,R_operator_audit->q(d),chi_3,6,rho_2,lambda_mag=1.28269364210391448222624;lambda_phase=1.84956955452963331115103;lambda_operator=missing_operator_certificate,lambda_mag=1.28269364210391448222624;lambda_phase=1.84956955452963331115103;lambda_operator=missing_operator_certificate,0,yes,lambda_total_vector
compare,c,R_compare->q(c),chi_3,6,rho_3,lambda_mag=0.2172983867641346433771;lambda_phase=1.90154034318396626127425,lambda_mag=0.2172983867641346433771;lambda_phase=1.90154034318396626127425,0,yes,magnitude_phase_pair
operator_audit,d,R_operator_audit->q(d),chi_3,6,rho_3,lambda_mag=0.2172983867641346433771;lambda_phase=1.90154034318396626127425;lambda_operator=missing_operator_certificate,lambda_mag=0.2172983867641346433771;lambda_phase=1.90154034318396626127425;lambda_operator=missing_operator_certificate,0,yes,lambda_total_vector
compare,c,R_compare->q(c),chi_3,7,rho_1,lambda_mag=2.07945305697069446468997;lambda_phase=0.135840774027267920423268,lambda_mag=2.07945305697069446468997;lambda_phase=0.135840774027267920423268,0,yes,magnitude_phase_pair
operator_audit,d,R_operator_audit->q(d),chi_3,7,rho_1,lambda_mag=2.07945305697069446468997;lambda_phase=0.135840774027267920423268;lambda_operator=missing_operator_certificate,lambda_mag=2.07945305697069446468997;lambda_phase=0.135840774027267920423268;lambda_operator=missing_operator_certificate,0,yes,lambda_total_vector
compare,c,R_compare->q(c),chi_3,7,rho_2,lambda_mag=1.29398142608624339612244;lambda_phase=1.89649391982388039797166,lambda_mag=1.29398142608624339612244;lambda_phase=1.89649391982388039797166,0,yes,magnitude_phase_pair
operator_audit,d,R_operator_audit->q(d),chi_3,7,rho_2,lambda_mag=1.29398142608624339612244;lambda_phase=1.89649391982388039797166;lambda_operator=missing_operator_certificate,lambda_mag=1.29398142608624339612244;lambda_phase=1.89649391982388039797166;lambda_operator=missing_operator_certificate,0,yes,lambda_total_vector
compare,c,R_compare->q(c),chi_3,7,rho_3,lambda_mag=0.225147525760544737794527;lambda_phase=1.91647471556821506015734,lambda_mag=0.225147525760544737794527;lambda_phase=1.91647471556821506015734,0,yes,magnitude_phase_pair
operator_audit,d,R_operator_audit->q(d),chi_3,7,rho_3,lambda_mag=0.225147525760544737794527;lambda_phase=1.91647471556821506015734;lambda_operator=missing_operator_certificate,lambda_mag=0.225147525760544737794527;lambda_phase=1.91647471556821506015734;lambda_operator=missing_operator_certificate,0,yes,lambda_total_vector
compare,c,R_compare->q(c),chi_3,8,rho_1,lambda_mag=2.30652563049843362003191;lambda_phase=0.203058599012078736356927,lambda_mag=2.30652563049843362003191;lambda_phase=0.203058599012078736356927,0,yes,magnitude_phase_pair
operator_audit,d,R_operator_audit->q(d),chi_3,8,rho_1,lambda_mag=2.30652563049843362003191;lambda_phase=0.203058599012078736356927;lambda_operator=missing_operator_certificate,lambda_mag=2.30652563049843362003191;lambda_phase=0.203058599012078736356927;lambda_operator=missing_operator_certificate,0,yes,lambda_total_vector
compare,c,R_compare->q(c),chi_3,8,rho_2,lambda_mag=1.30792603919253159804076;lambda_phase=1.91287276275851765206244,lambda_mag=1.30792603919253159804076;lambda_phase=1.91287276275851765206244,0,yes,magnitude_phase_pair
operator_audit,d,R_operator_audit->q(d),chi_3,8,rho_2,lambda_mag=1.30792603919253159804076;lambda_phase=1.91287276275851765206244;lambda_operator=missing_operator_certificate,lambda_mag=1.30792603919253159804076;lambda_phase=1.91287276275851765206244;lambda_operator=missing_operator_certificate,0,yes,lambda_total_vector
compare,c,R_compare->q(c),chi_3,8,rho_3,lambda_mag=0.242546478367632182734235;lambda_phase=1.95013485665290810711847,lambda_mag=0.242546478367632182734235;lambda_phase=1.95013485665290810711847,0,yes,magnitude_phase_pair
operator_audit,d,R_operator_audit->q(d),chi_3,8,rho_3,lambda_mag=0.242546478367632182734235;lambda_phase=1.95013485665290810711847;lambda_operator=missing_operator_certificate,lambda_mag=0.242546478367632182734235;lambda_phase=1.95013485665290810711847;lambda_operator=missing_operator_certificate,0,yes,lambda_total_vector
compare,c,R_compare->q(c),chi_3,9,rho_1,lambda_mag=2.53324335180777336144712;lambda_phase=0.267922639488212579679458,lambda_mag=2.53324335180777336144712;lambda_phase=0.267922639488212579679458,0,yes,magnitude_phase_pair
operator_audit,d,R_operator_audit->q(d),chi_3,9,rho_1,lambda_mag=2.53324335180777336144712;lambda_phase=0.267922639488212579679458;lambda_operator=missing_operator_certificate,lambda_mag=2.53324335180777336144712;lambda_phase=0.267922639488212579679458;lambda_operator=missing_operator_certificate,0,yes,lambda_total_vector
compare,c,R_compare->q(c),chi_3,9,rho_2,lambda_mag=1.33037420196733685182856;lambda_phase=1.90516207475262571529501,lambda_mag=1.33037420196733685182856;lambda_phase=1.90516207475262571529501,0,yes,magnitude_phase_pair
operator_audit,d,R_operator_audit->q(d),chi_3,9,rho_2,lambda_mag=1.33037420196733685182856;lambda_phase=1.90516207475262571529501;lambda_operator=missing_operator_certificate,lambda_mag=1.33037420196733685182856;lambda_phase=1.90516207475262571529501;lambda_operator=missing_operator_certificate,0,yes,lambda_total_vector
compare,c,R_compare->q(c),chi_3,9,rho_3,lambda_mag=0.268217520469889053306783;lambda_phase=1.99870453906716576270622,lambda_mag=0.268217520469889053306783;lambda_phase=1.99870453906716576270622,0,yes,magnitude_phase_pair
operator_audit,d,R_operator_audit->q(d),chi_3,9,rho_3,lambda_mag=0.268217520469889053306783;lambda_phase=1.99870453906716576270622;lambda_operator=missing_operator_certificate,lambda_mag=0.268217520469889053306783;lambda_phase=1.99870453906716576270622;lambda_operator=missing_operator_certificate,0,yes,lambda_total_vector
compare,c,R_compare->q(c),chi_3,10,rho_1,lambda_mag=2.75941612737205781907909;lambda_phase=0.328598229975823242642312,lambda_mag=2.75941612737205781907909;lambda_phase=0.328598229975823242642312,0,yes,magnitude_phase_pair
operator_audit,d,R_operator_audit->q(d),chi_3,10,rho_1,lambda_mag=2.75941612737205781907909;lambda_phase=0.328598229975823242642312;lambda_operator=missing_operator_certificate,lambda_mag=2.75941612737205781907909;lambda_phase=0.328598229975823242642312;lambda_operator=missing_operator_certificate,0,yes,lambda_total_vector
compare,c,R_compare->q(c),chi_3,10,rho_2,lambda_mag=1.36405052591985866664361;lambda_phase=1.87922465789024826818456,lambda_mag=1.36405052591985866664361;lambda_phase=1.87922465789024826818456,0,yes,magnitude_phase_pair
operator_audit,d,R_operator_audit->q(d),chi_3,10,rho_2,lambda_mag=1.36405052591985866664361;lambda_phase=1.87922465789024826818456;lambda_operator=missing_operator_certificate,lambda_mag=1.36405052591985866664361;lambda_phase=1.87922465789024826818456;lambda_operator=missing_operator_certificate,0,yes,lambda_total_vector
compare,c,R_compare->q(c),chi_3,10,rho_3,lambda_mag=0.301391337449047092664773;lambda_phase=2.05913655312191093674314,lambda_mag=0.301391337449047092664773;lambda_phase=2.05913655312191093674314,0,yes,magnitude_phase_pair
operator_audit,d,R_operator_audit->q(d),chi_3,10,rho_3,lambda_mag=0.301391337449047092664773;lambda_phase=2.05913655312191093674314;lambda_operator=missing_operator_certificate,lambda_mag=0.301391337449047092664773;lambda_phase=2.05913655312191093674314;lambda_operator=missing_operator_certificate,0,yes,lambda_total_vector
compare,c,R_compare->q(c),chi_4,1,rho_1,lambda_mag=0.959085048561890832679915;lambda_phase=2.27460817985941641612881,lambda_mag=0.959085048561890832679915;lambda_phase=2.27460817985941641612881,0,yes,magnitude_phase_pair
operator_audit,d,R_operator_audit->q(d),chi_4,1,rho_1,lambda_mag=0.959085048561890832679915;lambda_phase=2.27460817985941641612881;lambda_operator=missing_operator_certificate,lambda_mag=0.959085048561890832679915;lambda_phase=2.27460817985941641612881;lambda_operator=missing_operator_certificate,0,yes,lambda_total_vector
compare,c,R_compare->q(c),chi_4,1,rho_2,lambda_mag=0.970575166463470428898237;lambda_phase=0.955156879669939078872962,lambda_mag=0.970575166463470428898237;lambda_phase=0.955156879669939078872962,0,yes,magnitude_phase_pair
operator_audit,d,R_operator_audit->q(d),chi_4,1,rho_2,lambda_mag=0.970575166463470428898237;lambda_phase=0.955156879669939078872962;lambda_operator=missing_operator_certificate,lambda_mag=0.970575166463470428898237;lambda_phase=0.955156879669939078872962;lambda_operator=missing_operator_certificate,0,yes,lambda_total_vector
compare,c,R_compare->q(c),chi_4,1,rho_3,lambda_mag=0.536637961421608198560733;lambda_phase=1.78523035814983295739779,lambda_mag=0.536637961421608198560733;lambda_phase=1.78523035814983295739779,0,yes,magnitude_phase_pair
operator_audit,d,R_operator_audit->q(d),chi_4,1,rho_3,lambda_mag=0.536637961421608198560733;lambda_phase=1.78523035814983295739779;lambda_operator=missing_operator_certificate,lambda_mag=0.536637961421608198560733;lambda_phase=1.78523035814983295739779;lambda_operator=missing_operator_certificate,0,yes,lambda_total_vector
compare,c,R_compare->q(c),chi_4,2,rho_1,lambda_mag=1.07028335748156559812284;lambda_phase=2.36888556298398515853827,lambda_mag=1.07028335748156559812284;lambda_phase=2.36888556298398515853827,0,yes,magnitude_phase_pair
operator_audit,d,R_operator_audit->q(d),chi_4,2,rho_1,lambda_mag=1.07028335748156559812284;lambda_phase=2.36888556298398515853827;lambda_operator=missing_operator_certificate,lambda_mag=1.07028335748156559812284;lambda_phase=2.36888556298398515853827;lambda_operator=missing_operator_certificate,0,yes,lambda_total_vector
compare,c,R_compare->q(c),chi_4,2,rho_2,lambda_mag=1.07284937792217969115547;lambda_phase=1.0386676282942976992118,lambda_mag=1.07284937792217969115547;lambda_phase=1.0386676282942976992118,0,yes,magnitude_phase_pair
operator_audit,d,R_operator_audit->q(d),chi_4,2,rho_2,lambda_mag=1.07284937792217969115547;lambda_phase=1.0386676282942976992118;lambda_operator=missing_operator_certificate,lambda_mag=1.07284937792217969115547;lambda_phase=1.0386676282942976992118;lambda_operator=missing_operator_certificate,0,yes,lambda_total_vector
compare,c,R_compare->q(c),chi_4,2,rho_3,lambda_mag=0.384811711509476507640158;lambda_phase=1.74430179311576528292012,lambda_mag=0.384811711509476507640158;lambda_phase=1.74430179311576528292012,0,yes,magnitude_phase_pair
operator_audit,d,R_operator_audit->q(d),chi_4,2,rho_3,lambda_mag=0.384811711509476507640158;lambda_phase=1.74430179311576528292012;lambda_operator=missing_operator_certificate,lambda_mag=0.384811711509476507640158;lambda_phase=1.74430179311576528292012;lambda_operator=missing_operator_certificate,0,yes,lambda_total_vector
compare,c,R_compare->q(c),chi_4,3,rho_1,lambda_mag=1.23222552679755627414358;lambda_phase=2.51108811500516455835193,lambda_mag=1.23222552679755627414358;lambda_phase=2.51108811500516455835193,0,yes,magnitude_phase_pair
operator_audit,d,R_operator_audit->q(d),chi_4,3,rho_1,lambda_mag=1.23222552679755627414358;lambda_phase=2.51108811500516455835193;lambda_operator=missing_operator_certificate,lambda_mag=1.23222552679755627414358;lambda_phase=2.51108811500516455835193;lambda_operator=missing_operator_certificate,0,yes,lambda_total_vector
compare,c,R_compare->q(c),chi_4,3,rho_2,lambda_mag=1.16920996910084726777627;lambda_phase=1.06277519619197921461233,lambda_mag=1.16920996910084726777627;lambda_phase=1.06277519619197921461233,0,yes,magnitude_phase_pair
operator_audit,d,R_operator_audit->q(d),chi_4,3,rho_2,lambda_mag=1.16920996910084726777627;lambda_phase=1.06277519619197921461233;lambda_operator=missing_operator_certificate,lambda_mag=1.16920996910084726777627;lambda_phase=1.06277519619197921461233;lambda_operator=missing_operator_certificate,0,yes,lambda_total_vector
compare,c,R_compare->q(c),chi_4,3,rho_3,lambda_mag=0.30043017132437810120271;lambda_phase=1.69127650772340450535786,lambda_mag=0.30043017132437810120271;lambda_phase=1.69127650772340450535786,0,yes,magnitude_phase_pair
operator_audit,d,R_operator_audit->q(d),chi_4,3,rho_3,lambda_mag=0.30043017132437810120271;lambda_phase=1.69127650772340450535786;lambda_operator=missing_operator_certificate,lambda_mag=0.30043017132437810120271;lambda_phase=1.69127650772340450535786;lambda_operator=missing_operator_certificate,0,yes,lambda_total_vector
compare,c,R_compare->q(c),chi_4,4,rho_1,lambda_mag=1.4280279465976513426727;lambda_phase=2.6709060130984975936095,lambda_mag=1.4280279465976513426727;lambda_phase=2.6709060130984975936095,0,yes,magnitude_phase_pair
operator_audit,d,R_operator_audit->q(d),chi_4,4,rho_1,lambda_mag=1.4280279465976513426727;lambda_phase=2.6709060130984975936095;lambda_operator=missing_operator_certificate,lambda_mag=1.4280279465976513426727;lambda_phase=2.6709060130984975936095;lambda_operator=missing_operator_certificate,0,yes,lambda_total_vector
compare,c,R_compare->q(c),chi_4,4,rho_2,lambda_mag=1.23833595531155423277971;lambda_phase=1.06002607592075050579993,lambda_mag=1.23833595531155423277971;lambda_phase=1.06002607592075050579993,0,yes,magnitude_phase_pair
operator_audit,d,R_operator_audit->q(d),chi_4,4,rho_2,lambda_mag=1.23833595531155423277971;lambda_phase=1.06002607592075050579993;lambda_operator=missing_operator_certificate,lambda_mag=1.23833595531155423277971;lambda_phase=1.06002607592075050579993;lambda_operator=missing_operator_certificate,0,yes,lambda_total_vector
compare,c,R_compare->q(c),chi_4,4,rho_3,lambda_mag=0.255125603231012094734701;lambda_phase=1.62582708864507406054189,lambda_mag=0.255125603231012094734701;lambda_phase=1.62582708864507406054189,0,yes,magnitude_phase_pair
operator_audit,d,R_operator_audit->q(d),chi_4,4,rho_3,lambda_mag=0.255125603231012094734701;lambda_phase=1.62582708864507406054189;lambda_operator=missing_operator_certificate,lambda_mag=0.255125603231012094734701;lambda_phase=1.62582708864507406054189;lambda_operator=missing_operator_certificate,0,yes,lambda_total_vector
compare,c,R_compare->q(c),chi_4,5,rho_1,lambda_mag=1.64510763175147629478413;lambda_phase=2.83367995379627637296749,lambda_mag=1.64510763175147629478413;lambda_phase=2.83367995379627637296749,0,yes,magnitude_phase_pair
operator_audit,d,R_operator_audit->q(d),chi_4,5,rho_1,lambda_mag=1.64510763175147629478413;lambda_phase=2.83367995379627637296749;lambda_operator=missing_operator_certificate,lambda_mag=1.64510763175147629478413;lambda_phase=2.83367995379627637296749;lambda_operator=missing_operator_certificate,0,yes,lambda_total_vector
compare,c,R_compare->q(c),chi_4,5,rho_2,lambda_mag=1.27964682935926171055738;lambda_phase=1.05806184130859766986019,lambda_mag=1.27964682935926171055738;lambda_phase=1.05806184130859766986019,0,yes,magnitude_phase_pair
operator_audit,d,R_operator_audit->q(d),chi_4,5,rho_2,lambda_mag=1.27964682935926171055738;lambda_phase=1.05806184130859766986019;lambda_operator=missing_operator_certificate,lambda_mag=1.27964682935926171055738;lambda_phase=1.05806184130859766986019;lambda_operator=missing_operator_certificate,0,yes,lambda_total_vector
compare,c,R_compare->q(c),chi_4,5,rho_3,lambda_mag=0.236945933666160844503988;lambda_phase=1.54799513777617400127691,lambda_mag=0.236945933666160844503988;lambda_phase=1.54799513777617400127691,0,yes,magnitude_phase_pair
operator_audit,d,R_operator_audit->q(d),chi_4,5,rho_3,lambda_mag=0.236945933666160844503988;lambda_phase=1.54799513777617400127691;lambda_operator=missing_operator_certificate,lambda_mag=0.236945933666160844503988;lambda_phase=1.54799513777617400127691;lambda_operator=missing_operator_certificate,0,yes,lambda_total_vector
compare,c,R_compare->q(c),chi_4,6,rho_1,lambda_mag=1.87558816522607175675145;lambda_phase=2.99196181545128164907088,lambda_mag=1.87558816522607175675145;lambda_phase=2.99196181545128164907088,0,yes,magnitude_phase_pair
operator_audit,d,R_operator_audit->q(d),chi_4,6,rho_1,lambda_mag=1.87558816522607175675145;lambda_phase=2.99196181545128164907088;lambda_operator=missing_operator_certificate,lambda_mag=1.87558816522607175675145;lambda_phase=2.99196181545128164907088;lambda_operator=missing_operator_certificate,0,yes,lambda_total_vector
compare,c,R_compare->q(c),chi_4,6,rho_2,lambda_mag=1.30533771410007386330952;lambda_phase=1.07303819621248158843874,lambda_mag=1.30533771410007386330952;lambda_phase=1.07303819621248158843874,0,yes,magnitude_phase_pair
operator_audit,d,R_operator_audit->q(d),chi_4,6,rho_2,lambda_mag=1.30533771410007386330952;lambda_phase=1.07303819621248158843874;lambda_operator=missing_operator_certificate,lambda_mag=1.30533771410007386330952;lambda_phase=1.07303819621248158843874;lambda_operator=missing_operator_certificate,0,yes,lambda_total_vector
compare,c,R_compare->q(c),chi_4,6,rho_3,lambda_mag=0.239942458760294024460388;lambda_phase=1.45903721325350531606127,lambda_mag=0.239942458760294024460388;lambda_phase=1.45903721325350531606127,0,yes,magnitude_phase_pair
operator_audit,d,R_operator_audit->q(d),chi_4,6,rho_3,lambda_mag=0.239942458760294024460388;lambda_phase=1.45903721325350531606127;lambda_operator=missing_operator_certificate,lambda_mag=0.239942458760294024460388;lambda_phase=1.45903721325350531606127;lambda_operator=missing_operator_certificate,0,yes,lambda_total_vector
compare,c,R_compare->q(c),chi_4,7,rho_1,lambda_mag=2.1148087489480625189392;lambda_phase=3.14129919625208089669622,lambda_mag=2.1148087489480625189392;lambda_phase=3.14129919625208089669622,0,yes,magnitude_phase_pair
operator_audit,d,R_operator_audit->q(d),chi_4,7,rho_1,lambda_mag=2.1148087489480625189392;lambda_phase=3.14129919625208089669622;lambda_operator=missing_operator_certificate,lambda_mag=2.1148087489480625189392;lambda_phase=3.14129919625208089669622;lambda_operator=missing_operator_certificate,0,yes,lambda_total_vector
compare,c,R_compare->q(c),chi_4,7,rho_2,lambda_mag=1.32933711806361145037168;lambda_phase=1.10955141707635726183414,lambda_mag=1.32933711806361145037168;lambda_phase=1.10955141707635726183414,0,yes,magnitude_phase_pair
operator_audit,d,R_operator_audit->q(d),chi_4,7,rho_2,lambda_mag=1.32933711806361145037168;lambda_phase=1.10955141707635726183414;lambda_operator=missing_operator_certificate,lambda_mag=1.32933711806361145037168;lambda_phase=1.10955141707635726183414;lambda_operator=missing_operator_certificate,0,yes,lambda_total_vector
compare,c,R_compare->q(c),chi_4,7,rho_3,lambda_mag=0.260503217737912792043758;lambda_phase=1.36066525471113375696215,lambda_mag=0.260503217737912792043758;lambda_phase=1.36066525471113375696215,0,yes,magnitude_phase_pair
operator_audit,d,R_operator_audit->q(d),chi_4,7,rho_3,lambda_mag=0.260503217737912792043758;lambda_phase=1.36066525471113375696215;lambda_operator=missing_operator_certificate,lambda_mag=0.260503217737912792043758;lambda_phase=1.36066525471113375696215;lambda_operator=missing_operator_certificate,0,yes,lambda_total_vector
compare,c,R_compare->q(c),chi_4,8,rho_1,lambda_mag=2.36011193460484745071161;lambda_phase=3.00163072484919655197994,lambda_mag=2.36011193460484745071161;lambda_phase=3.00163072484919655197994,0,yes,magnitude_phase_pair
operator_audit,d,R_operator_audit->q(d),chi_4,8,rho_1,lambda_mag=2.36011193460484745071161;lambda_phase=3.00163072484919655197994;lambda_operator=missing_operator_certificate,lambda_mag=2.36011193460484745071161;lambda_phase=3.00163072484919655197994;lambda_operator=missing_operator_certificate,0,yes,lambda_total_vector
compare,c,R_compare->q(c),chi_4,8,rho_2,lambda_mag=1.36151234329894542872047;lambda_phase=1.16562322055979353652598,lambda_mag=1.36151234329894542872047;lambda_phase=1.16562322055979353652598,0,yes,magnitude_phase_pair
operator_audit,d,R_operator_audit->q(d),chi_4,8,rho_2,lambda_mag=1.36151234329894542872047;lambda_phase=1.16562322055979353652598;lambda_operator=missing_operator_certificate,lambda_mag=1.36151234329894542872047;lambda_phase=1.16562322055979353652598;lambda_operator=missing_operator_certificate,0,yes,lambda_total_vector
compare,c,R_compare->q(c),chi_4,8,rho_3,lambda_mag=0.296132782474046013413941;lambda_phase=1.25455446720836718121839,lambda_mag=0.296132782474046013413941;lambda_phase=1.25455446720836718121839,0,yes,magnitude_phase_pair
operator_audit,d,R_operator_audit->q(d),chi_4,8,rho_3,lambda_mag=0.296132782474046013413941;lambda_phase=1.25455446720836718121839;lambda_operator=missing_operator_certificate,lambda_mag=0.296132782474046013413941;lambda_phase=1.25455446720836718121839;lambda_operator=missing_operator_certificate,0,yes,lambda_total_vector
compare,c,R_compare->q(c),chi_4,9,rho_1,lambda_mag=2.61002829698428123626174;lambda_phase=2.8729559156849911114417,lambda_mag=2.61002829698428123626174;lambda_phase=2.8729559156849911114417,0,yes,magnitude_phase_pair
operator_audit,d,R_operator_audit->q(d),chi_4,9,rho_1,lambda_mag=2.61002829698428123626174;lambda_phase=2.8729559156849911114417;lambda_operator=missing_operator_certificate,lambda_mag=2.61002829698428123626174;lambda_phase=2.8729559156849911114417;lambda_operator=missing_operator_certificate,0,yes,lambda_total_vector
compare,c,R_compare->q(c),chi_4,9,rho_2,lambda_mag=1.40715914714384472664318;lambda_phase=1.23714467725375707050912,lambda_mag=1.40715914714384472664318;lambda_phase=1.23714467725375707050912,0,yes,magnitude_phase_pair
operator_audit,d,R_operator_audit->q(d),chi_4,9,rho_2,lambda_mag=1.40715914714384472664318;lambda_phase=1.23714467725375707050912;lambda_operator=missing_operator_certificate,lambda_mag=1.40715914714384472664318;lambda_phase=1.23714467725375707050912;lambda_operator=missing_operator_certificate,0,yes,lambda_total_vector
compare,c,R_compare->q(c),chi_4,9,rho_3,lambda_mag=0.345002465646396928121402;lambda_phase=1.14217401610603792841494,lambda_mag=0.345002465646396928121402;lambda_phase=1.14217401610603792841494,0,yes,magnitude_phase_pair
operator_audit,d,R_operator_audit->q(d),chi_4,9,rho_3,lambda_mag=0.345002465646396928121402;lambda_phase=1.14217401610603792841494;lambda_operator=missing_operator_certificate,lambda_mag=0.345002465646396928121402;lambda_phase=1.14217401610603792841494;lambda_operator=missing_operator_certificate,0,yes,lambda_total_vector
compare,c,R_compare->q(c),chi_4,10,rho_1,lambda_mag=2.86375755991679578593238;lambda_phase=2.75530818648694324417291,lambda_mag=2.86375755991679578593238;lambda_phase=2.75530818648694324417291,0,yes,magnitude_phase_pair
operator_audit,d,R_operator_audit->q(d),chi_4,10,rho_1,lambda_mag=2.86375755991679578593238;lambda_phase=2.75530818648694324417291;lambda_operator=missing_operator_certificate,lambda_mag=2.86375755991679578593238;lambda_phase=2.75530818648694324417291;lambda_operator=missing_operator_certificate,0,yes,lambda_total_vector
compare,c,R_compare->q(c),chi_4,10,rho_2,lambda_mag=1.4683919584645966334969;lambda_phase=1.32005423282657172192551,lambda_mag=1.4683919584645966334969;lambda_phase=1.32005423282657172192551,0,yes,magnitude_phase_pair
operator_audit,d,R_operator_audit->q(d),chi_4,10,rho_2,lambda_mag=1.4683919584645966334969;lambda_phase=1.32005423282657172192551;lambda_operator=missing_operator_certificate,lambda_mag=1.4683919584645966334969;lambda_phase=1.32005423282657172192551;lambda_operator=missing_operator_certificate,0,yes,lambda_total_vector
compare,c,R_compare->q(c),chi_4,10,rho_3,lambda_mag=0.405732769993785059518062;lambda_phase=1.02476986334085555007208,lambda_mag=0.405732769993785059518062;lambda_phase=1.02476986334085555007208,0,yes,magnitude_phase_pair
operator_audit,d,R_operator_audit->q(d),chi_4,10,rho_3,lambda_mag=0.405732769993785059518062;lambda_phase=1.02476986334085555007208;lambda_operator=missing_operator_certificate,lambda_mag=0.405732769993785059518062;lambda_phase=1.02476986334085555007208;lambda_operator=missing_operator_certificate,0,yes,lambda_total_vector
compare,c,R_compare->q(c),chi_5a,1,rho_1,lambda_mag=1.23541792291229557272298;lambda_phase=1.31884503801878151162567,lambda_mag=1.23541792291229557272298;lambda_phase=1.31884503801878151162567,0,yes,magnitude_phase_pair
operator_audit,d,R_operator_audit->q(d),chi_5a,1,rho_1,lambda_mag=1.23541792291229557272298;lambda_phase=1.31884503801878151162567;lambda_operator=missing_operator_certificate,lambda_mag=1.23541792291229557272298;lambda_phase=1.31884503801878151162567;lambda_operator=missing_operator_certificate,0,yes,lambda_total_vector
compare,c,R_compare->q(c),chi_5a,1,rho_2,lambda_mag=1.2469080408138751689413;lambda_phase=0.000606262170695825630176826,lambda_mag=1.2469080408138751689413;lambda_phase=0.000606262170695825630176826,0,yes,magnitude_phase_pair
operator_audit,d,R_operator_audit->q(d),chi_5a,1,rho_2,lambda_mag=1.2469080408138751689413;lambda_phase=0.000606262170695825630176826;lambda_operator=missing_operator_certificate,lambda_mag=1.2469080408138751689413;lambda_phase=0.000606262170695825630176826;lambda_operator=missing_operator_certificate,0,yes,lambda_total_vector
compare,c,R_compare->q(c),chi_5a,1,rho_3,lambda_mag=0.812970835772012938603798;lambda_phase=2.74099349999046786190093,lambda_mag=0.812970835772012938603798;lambda_phase=2.74099349999046786190093,0,yes,magnitude_phase_pair
operator_audit,d,R_operator_audit->q(d),chi_5a,1,rho_3,lambda_mag=0.812970835772012938603798;lambda_phase=2.74099349999046786190093;lambda_operator=missing_operator_certificate,lambda_mag=0.812970835772012938603798;lambda_phase=2.74099349999046786190093;lambda_operator=missing_operator_certificate,0,yes,lambda_total_vector
compare,c,R_compare->q(c),chi_5a,2,rho_1,lambda_mag=1.44089950698500832844846;lambda_phase=1.27676427112729932563616,lambda_mag=1.44089950698500832844846;lambda_phase=1.27676427112729932563616,0,yes,magnitude_phase_pair
operator_audit,d,R_operator_audit->q(d),chi_5a,2,rho_1,lambda_mag=1.44089950698500832844846;lambda_phase=1.27676427112729932563616;lambda_operator=missing_operator_certificate,lambda_mag=1.44089950698500832844846;lambda_phase=1.27676427112729932563616;lambda_operator=missing_operator_certificate,0,yes,lambda_total_vector
compare,c,R_compare->q(c),chi_5a,2,rho_2,lambda_mag=1.44346552742562242148108;lambda_phase=0.0534536635623881336903082,lambda_mag=1.44346552742562242148108;lambda_phase=0.0534536635623881336903082,0,yes,magnitude_phase_pair
operator_audit,d,R_operator_audit->q(d),chi_5a,2,rho_2,lambda_mag=1.44346552742562242148108;lambda_phase=0.0534536635623881336903082;lambda_operator=missing_operator_certificate,lambda_mag=1.44346552742562242148108;lambda_phase=0.0534536635623881336903082;lambda_operator=missing_operator_certificate,0,yes,lambda_total_vector
compare,c,R_compare->q(c),chi_5a,2,rho_3,lambda_mag=0.755427861012919237965771;lambda_phase=2.83642308497245111582222,lambda_mag=0.755427861012919237965771;lambda_phase=2.83642308497245111582222,0,yes,magnitude_phase_pair
operator_audit,d,R_operator_audit->q(d),chi_5a,2,rho_3,lambda_mag=0.755427861012919237965771;lambda_phase=2.83642308497245111582222;lambda_operator=missing_operator_certificate,lambda_mag=0.755427861012919237965771;lambda_phase=2.83642308497245111582222;lambda_operator=missing_operator_certificate,0,yes,lambda_total_vector
compare,c,R_compare->q(c),chi_5a,3,rho_1,lambda_mag=1.69783433328535393958809;lambda_phase=1.30232924086401009347468,lambda_mag=1.69783433328535393958809;lambda_phase=1.30232924086401009347468,0,yes,magnitude_phase_pair
operator_audit,d,R_operator_audit->q(d),chi_5a,3,rho_1,lambda_mag=1.69783433328535393958809;lambda_phase=1.30232924086401009347468;lambda_operator=missing_operator_certificate,lambda_mag=1.69783433328535393958809;lambda_phase=1.30232924086401009347468;lambda_operator=missing_operator_certificate,0,yes,lambda_total_vector
compare,c,R_compare->q(c),chi_5a,3,rho_2,lambda_mag=1.63481877558864493322078;lambda_phase=0.145983677949175250264918,lambda_mag=1.63481877558864493322078;lambda_phase=0.145983677949175250264918,0,yes,magnitude_phase_pair
operator_audit,d,R_operator_audit->q(d),chi_5a,3,rho_2,lambda_mag=1.63481877558864493322078;lambda_phase=0.145983677949175250264918;lambda_operator=missing_operator_certificate,lambda_mag=1.63481877558864493322078;lambda_phase=0.145983677949175250264918;lambda_operator=missing_operator_certificate,0,yes,lambda_total_vector
compare,c,R_compare->q(c),chi_5a,3,rho_3,lambda_mag=0.766038977812175766647224;lambda_phase=2.90003538186455897023511,lambda_mag=0.766038977812175766647224;lambda_phase=2.90003538186455897023511,0,yes,magnitude_phase_pair
operator_audit,d,R_operator_audit->q(d),chi_5a,3,rho_3,lambda_mag=0.766038977812175766647224;lambda_phase=2.90003538186455897023511;lambda_operator=missing_operator_certificate,lambda_mag=0.766038977812175766647224;lambda_phase=2.90003538186455897023511;lambda_operator=missing_operator_certificate,0,yes,lambda_total_vector
compare,c,R_compare->q(c),chi_5a,4,rho_1,lambda_mag=1.98836479824910868677289;lambda_phase=1.36152520027061878306671,lambda_mag=1.98836479824910868677289;lambda_phase=1.36152520027061878306671,0,yes,magnitude_phase_pair
operator_audit,d,R_operator_audit->q(d),chi_5a,4,rho_1,lambda_mag=1.98836479824910868677289;lambda_phase=1.36152520027061878306671;lambda_operator=missing_operator_certificate,lambda_mag=1.98836479824910868677289;lambda_phase=1.36152520027061878306671;lambda_operator=missing_operator_certificate,0,yes,lambda_total_vector
compare,c,R_compare->q(c),chi_5a,4,rho_2,lambda_mag=1.79867280696301157687991;lambda_phase=0.249354736907128304742857,lambda_mag=1.79867280696301157687991;lambda_phase=0.249354736907128304742857,0,yes,magnitude_phase_pair
operator_audit,d,R_operator_audit->q(d),chi_5a,4,rho_2,lambda_mag=1.79867280696301157687991;lambda_phase=0.249354736907128304742857;lambda_operator=missing_operator_certificate,lambda_mag=1.79867280696301157687991;lambda_phase=0.249354736907128304742857;lambda_operator=missing_operator_certificate,0,yes,lambda_total_vector
compare,c,R_compare->q(c),chi_5a,4,rho_3,lambda_mag=0.815462454882469438834892;lambda_phase=2.93520790147295287108468,lambda_mag=0.815462454882469438834892;lambda_phase=2.93520790147295287108468,0,yes,magnitude_phase_pair
operator_audit,d,R_operator_audit->q(d),chi_5a,4,rho_3,lambda_mag=0.815462454882469438834892;lambda_phase=2.93520790147295287108468;lambda_operator=missing_operator_certificate,lambda_mag=0.815462454882469438834892;lambda_phase=2.93520790147295287108468;lambda_operator=missing_operator_certificate,0,yes,lambda_total_vector
compare,c,R_compare->q(c),chi_5a,5,rho_1,lambda_mag=2.29881957183764960822207;lambda_phase=1.43650432828239110706913,lambda_mag=2.29881957183764960822207;lambda_phase=1.43650432828239110706913,0,yes,magnitude_phase_pair
operator_audit,d,R_operator_audit->q(d),chi_5a,5,rho_1,lambda_mag=2.29881957183764960822207;lambda_phase=1.43650432828239110706913;lambda_operator=missing_operator_certificate,lambda_mag=2.29881957183764960822207;lambda_phase=1.43650432828239110706913;lambda_operator=missing_operator_certificate,0,yes,lambda_total_vector
compare,c,R_compare->q(c),chi_5a,5,rho_2,lambda_mag=1.93335876944543502399532;lambda_phase=0.339113784205287596038172,lambda_mag=1.93335876944543502399532;lambda_phase=0.339113784205287596038172,0,yes,magnitude_phase_pair
operator_audit,d,R_operator_audit->q(d),chi_5a,5,rho_2,lambda_mag=1.93335876944543502399532;lambda_phase=0.339113784205287596038172;lambda_operator=missing_operator_certificate,lambda_mag=1.93335876944543502399532;lambda_phase=0.339113784205287596038172;lambda_operator=missing_operator_certificate,0,yes,lambda_total_vector
compare,c,R_compare->q(c),chi_5a,5,rho_3,lambda_mag=0.890657873752334157941928;lambda_phase=2.94517076329005926717527,lambda_mag=0.890657873752334157941928;lambda_phase=2.94517076329005926717527,0,yes,magnitude_phase_pair
operator_audit,d,R_operator_audit->q(d),chi_5a,5,rho_3,lambda_mag=0.890657873752334157941928;lambda_phase=2.94517076329005926717527;lambda_operator=missing_operator_certificate,lambda_mag=0.890657873752334157941928;lambda_phase=2.94517076329005926717527;lambda_operator=missing_operator_certificate,0,yes,lambda_total_vector
compare,c,R_compare->q(c),chi_5a,6,rho_1,lambda_mag=2.62057084336120483782404;lambda_phase=1.51723089080852461909374,lambda_mag=2.62057084336120483782404;lambda_phase=1.51723089080852461909374,0,yes,magnitude_phase_pair
operator_audit,d,R_operator_audit->q(d),chi_5a,6,rho_1,lambda_mag=2.62057084336120483782404;lambda_phase=1.51723089080852461909374;lambda_operator=missing_operator_certificate,lambda_mag=2.62057084336120483782404;lambda_phase=1.51723089080852461909374;lambda_operator=missing_operator_certificate,0,yes,lambda_total_vector
compare,c,R_compare->q(c),chi_5a,6,rho_2,lambda_mag=2.05032039223520694438211;lambda_phase=0.401692728430275441538403,lambda_mag=2.05032039223520694438211;lambda_phase=0.401692728430275441538403,0,yes,magnitude_phase_pair
operator_audit,d,R_operator_audit->q(d),chi_5a,6,rho_2,lambda_mag=2.05032039223520694438211;lambda_phase=0.401692728430275441538403;lambda_operator=missing_operator_certificate,lambda_mag=2.05032039223520694438211;lambda_phase=0.401692728430275441538403;lambda_operator=missing_operator_certificate,0,yes,lambda_total_vector
compare,c,R_compare->q(c),chi_5a,6,rho_3,lambda_mag=0.984925136895427105532972;lambda_phase=2.93376813789626234603841,lambda_mag=0.984925136895427105532972;lambda_phase=2.93376813789626234603841,0,yes,magnitude_phase_pair
operator_audit,d,R_operator_audit->q(d),chi_5a,6,rho_3,lambda_mag=0.984925136895427105532972;lambda_phase=2.93376813789626234603841;lambda_operator=missing_operator_certificate,lambda_mag=0.984925136895427105532972;lambda_phase=2.93376813789626234603841;lambda_operator=missing_operator_certificate,0,yes,lambda_total_vector
compare,c,R_compare->q(c),chi_5a,7,rho_1,lambda_mag=2.94859587887320757959046;lambda_phase=1.59777787787174437320054,lambda_mag=2.94859587887320757959046;lambda_phase=1.59777787787174437320054,0,yes,magnitude_phase_pair
operator_audit,d,R_operator_audit->q(d),chi_5a,7,rho_1,lambda_mag=2.94859587887320757959046;lambda_phase=1.59777787787174437320054;lambda_operator=missing_operator_certificate,lambda_mag=2.94859587887320757959046;lambda_phase=1.59777787787174437320054;lambda_operator=missing_operator_certificate,0,yes,lambda_total_vector
compare,c,R_compare->q(c),chi_5a,7,rho_2,lambda_mag=2.16312424798875651102293;lambda_phase=0.43455681597940394519438,lambda_mag=2.16312424798875651102293;lambda_phase=0.43455681597940394519438,0,yes,magnitude_phase_pair
operator_audit,d,R_operator_audit->q(d),chi_5a,7,rho_2,lambda_mag=2.16312424798875651102293;lambda_phase=0.43455681597940394519438;lambda_operator=missing_operator_certificate,lambda_mag=2.16312424798875651102293;lambda_phase=0.43455681597940394519438;lambda_operator=missing_operator_certificate,0,yes,lambda_total_vector
compare,c,R_compare->q(c),chi_5a,7,rho_3,lambda_mag=1.09429034766305785269501;lambda_phase=2.90477348776689496399067,lambda_mag=1.09429034766305785269501;lambda_phase=2.90477348776689496399067,0,yes,magnitude_phase_pair
operator_audit,d,R_operator_audit->q(d),chi_5a,7,rho_3,lambda_mag=1.09429034766305785269501;lambda_phase=2.90477348776689496399067;lambda_operator=missing_operator_certificate,lambda_mag=1.09429034766305785269501;lambda_phase=2.90477348776689496399067;lambda_operator=missing_operator_certificate,0,yes,lambda_total_vector
compare,c,R_compare->q(c),chi_5a,8,rho_1,lambda_mag=3.28014164136462795040679;lambda_phase=1.67464146708685956262104,lambda_mag=3.28014164136462795040679;lambda_phase=1.67464146708685956262104,0,yes,magnitude_phase_pair
operator_audit,d,R_operator_audit->q(d),chi_5a,8,rho_1,lambda_mag=3.28014164136462795040679;lambda_phase=1.67464146708685956262104;lambda_operator=missing_operator_certificate,lambda_mag=3.28014164136462795040679;lambda_phase=1.67464146708685956262104;lambda_operator=missing_operator_certificate,0,yes,lambda_total_vector
compare,c,R_compare->q(c),chi_5a,8,rho_2,lambda_mag=2.28154205005872592841564;lambda_phase=0.441289894683736825798329,lambda_mag=2.28154205005872592841564;lambda_phase=0.441289894683736825798329,0,yes,magnitude_phase_pair
operator_audit,d,R_operator_audit->q(d),chi_5a,8,rho_2,lambda_mag=2.28154205005872592841564;lambda_phase=0.441289894683736825798329;lambda_operator=missing_operator_certificate,lambda_mag=2.28154205005872592841564;lambda_phase=0.441289894683736825798329;lambda_operator=missing_operator_certificate,0,yes,lambda_total_vector
compare,c,R_compare->q(c),chi_5a,8,rho_3,lambda_mag=1.21616248923382651310912;lambda_phase=2.8614675824518975435427,lambda_mag=1.21616248923382651310912;lambda_phase=2.8614675824518975435427,0,yes,magnitude_phase_pair
operator_audit,d,R_operator_audit->q(d),chi_5a,8,rho_3,lambda_mag=1.21616248923382651310912;lambda_phase=2.8614675824518975435427;lambda_operator=missing_operator_certificate,lambda_mag=1.21616248923382651310912;lambda_phase=2.8614675824518975435427;lambda_operator=missing_operator_certificate,0,yes,lambda_total_vector
compare,c,R_compare->q(c),chi_5a,9,rho_1,lambda_mag=3.61378724546409430698906;lambda_phase=1.74585042647097076185198,lambda_mag=3.61378724546409430698906;lambda_phase=1.74585042647097076185198,0,yes,magnitude_phase_pair
operator_audit,d,R_operator_audit->q(d),chi_5a,9,rho_1,lambda_mag=3.61378724546409430698906;lambda_phase=1.74585042647097076185198;lambda_operator=missing_operator_certificate,lambda_mag=3.61378724546409430698906;lambda_phase=1.74585042647097076185198;lambda_operator=missing_operator_certificate,0,yes,lambda_total_vector
compare,c,R_compare->q(c),chi_5a,9,rho_2,lambda_mag=2.41091809562365779737049;lambda_phase=0.427234287769867533122491,lambda_mag=2.41091809562365779737049;lambda_phase=0.427234287769867533122491,0,yes,magnitude_phase_pair
operator_audit,d,R_operator_audit->q(d),chi_5a,9,rho_2,lambda_mag=2.41091809562365779737049;lambda_phase=0.427234287769867533122491;lambda_operator=missing_operator_certificate,lambda_mag=2.41091809562365779737049;lambda_phase=0.427234287769867533122491;lambda_operator=missing_operator_certificate,0,yes,lambda_total_vector
compare,c,R_compare->q(c),chi_5a,9,rho_3,lambda_mag=1.34876141412620999884872;lambda_phase=2.80655298112966253204655,lambda_mag=1.34876141412620999884872;lambda_phase=2.80655298112966253204655,0,yes,magnitude_phase_pair
operator_audit,d,R_operator_audit->q(d),chi_5a,9,rho_3,lambda_mag=1.34876141412620999884872;lambda_phase=2.80655298112966253204655;lambda_operator=missing_operator_certificate,lambda_mag=1.34876141412620999884872;lambda_phase=2.80655298112966253204655;lambda_operator=missing_operator_certificate,0,yes,lambda_total_vector
compare,c,R_compare->q(c),chi_5a,10,rho_1,lambda_mag=3.94884718186997228189707;lambda_phase=1.8104233375328443240386,lambda_mag=3.94884718186997228189707;lambda_phase=1.8104233375328443240386,0,yes,magnitude_phase_pair
operator_audit,d,R_operator_audit->q(d),chi_5a,10,rho_1,lambda_mag=3.94884718186997228189707;lambda_phase=1.8104233375328443240386;lambda_operator=missing_operator_certificate,lambda_mag=3.94884718186997228189707;lambda_phase=1.8104233375328443240386;lambda_operator=missing_operator_certificate,0,yes,lambda_total_vector
compare,c,R_compare->q(c),chi_5a,10,rho_2,lambda_mag=2.55348158041777312946159;lambda_phase=0.397399550333227186788271,lambda_mag=2.55348158041777312946159;lambda_phase=0.397399550333227186788271,0,yes,magnitude_phase_pair
operator_audit,d,R_operator_audit->q(d),chi_5a,10,rho_2,lambda_mag=2.55348158041777312946159;lambda_phase=0.397399550333227186788271;lambda_operator=missing_operator_certificate,lambda_mag=2.55348158041777312946159;lambda_phase=0.397399550333227186788271;lambda_operator=missing_operator_certificate,0,yes,lambda_total_vector
compare,c,R_compare->q(c),chi_5a,10,rho_3,lambda_mag=1.49082239194696155548275;lambda_phase=2.74222364650065445878586,lambda_mag=1.49082239194696155548275;lambda_phase=2.74222364650065445878586,0,yes,magnitude_phase_pair
operator_audit,d,R_operator_audit->q(d),chi_5a,10,rho_3,lambda_mag=1.49082239194696155548275;lambda_phase=2.74222364650065445878586;lambda_operator=missing_operator_certificate,lambda_mag=1.49082239194696155548275;lambda_phase=2.74222364650065445878586;lambda_operator=missing_operator_certificate,0,yes,lambda_total_vector
compare,c,R_compare->q(c),chi_5b,1,rho_1,lambda_mag=0.889584252160679985669526;lambda_phase=1.60621801532061183783354,lambda_mag=0.889584252160679985669526;lambda_phase=1.60621801532061183783354,0,yes,magnitude_phase_pair
operator_audit,d,R_operator_audit->q(d),chi_5b,1,rho_1,lambda_mag=0.889584252160679985669526;lambda_phase=1.60621801532061183783354;lambda_operator=missing_operator_certificate,lambda_mag=0.889584252160679985669526;lambda_phase=1.60621801532061183783354;lambda_operator=missing_operator_certificate,0,yes,lambda_total_vector
compare,c,R_compare->q(c),chi_5b,1,rho_2,lambda_mag=0.901074370062259581887847;lambda_phase=0.286766715131134500577688,lambda_mag=0.901074370062259581887847;lambda_phase=0.286766715131134500577688,0,yes,magnitude_phase_pair
operator_audit,d,R_operator_audit->q(d),chi_5b,1,rho_2,lambda_mag=0.901074370062259581887847;lambda_phase=0.286766715131134500577688;lambda_operator=missing_operator_certificate,lambda_mag=0.901074370062259581887847;lambda_phase=0.286766715131134500577688;lambda_operator=missing_operator_certificate,0,yes,lambda_total_vector
compare,c,R_compare->q(c),chi_5b,1,rho_3,lambda_mag=0.467137165020397351550344;lambda_phase=2.45362052268863753569307,lambda_mag=0.467137165020397351550344;lambda_phase=2.45362052268863753569307,0,yes,magnitude_phase_pair
operator_audit,d,R_operator_audit->q(d),chi_5b,1,rho_3,lambda_mag=0.467137165020397351550344;lambda_phase=2.45362052268863753569307;lambda_operator=missing_operator_certificate,lambda_mag=0.467137165020397351550344;lambda_phase=2.45362052268863753569307;lambda_operator=missing_operator_certificate,0,yes,lambda_total_vector
compare,c,R_compare->q(c),chi_5b,2,rho_1,lambda_mag=1.06854249169278919182569;lambda_phase=1.52532166883824258447068,lambda_mag=1.06854249169278919182569;lambda_phase=1.52532166883824258447068,0,yes,magnitude_phase_pair
operator_audit,d,R_operator_audit->q(d),chi_5b,2,rho_1,lambda_mag=1.06854249169278919182569;lambda_phase=1.52532166883824258447068;lambda_operator=missing_operator_certificate,lambda_mag=1.06854249169278919182569;lambda_phase=1.52532166883824258447068;lambda_operator=missing_operator_certificate,0,yes,lambda_total_vector
compare,c,R_compare->q(c),chi_5b,2,rho_2,lambda_mag=1.07110851213340328485831;lambda_phase=0.19510373414855512514421,lambda_mag=1.07110851213340328485831;lambda_phase=0.19510373414855512514421,0,yes,magnitude_phase_pair
operator_audit,d,R_operator_audit->q(d),chi_5b,2,rho_2,lambda_mag=1.07110851213340328485831;lambda_phase=0.19510373414855512514421;lambda_operator=missing_operator_certificate,lambda_mag=1.07110851213340328485831;lambda_phase=0.19510373414855512514421;lambda_operator=missing_operator_certificate,0,yes,lambda_total_vector
compare,c,R_compare->q(c),chi_5b,2,rho_3,lambda_mag=0.383070845720700101343001;lambda_phase=2.58786568726150785698771,lambda_mag=0.383070845720700101343001;lambda_phase=2.58786568726150785698771,0,yes,magnitude_phase_pair
operator_audit,d,R_operator_audit->q(d),chi_5b,2,rho_3,lambda_mag=0.383070845720700101343001;lambda_phase=2.58786568726150785698771;lambda_operator=missing_operator_certificate,lambda_mag=0.383070845720700101343001;lambda_phase=2.58786568726150785698771;lambda_operator=missing_operator_certificate,0,yes,lambda_total_vector
compare,c,R_compare->q(c),chi_5b,3,rho_1,lambda_mag=1.32793319562332062650295;lambda_phase=1.52238088716142947708809,lambda_mag=1.32793319562332062650295;lambda_phase=1.52238088716142947708809,0,yes,magnitude_phase_pair
operator_audit,d,R_operator_audit->q(d),chi_5b,3,rho_1,lambda_mag=1.32793319562332062650295;lambda_phase=1.52238088716142947708809;lambda_operator=missing_operator_certificate,lambda_mag=1.32793319562332062650295;lambda_phase=1.52238088716142947708809;lambda_operator=missing_operator_certificate,0,yes,lambda_total_vector
compare,c,R_compare->q(c),chi_5b,3,rho_2,lambda_mag=1.26491763792661162013565;lambda_phase=0.0740679683482441333484894,lambda_mag=1.26491763792661162013565;lambda_phase=0.0740679683482441333484894,0,yes,magnitude_phase_pair
operator_audit,d,R_operator_audit->q(d),chi_5b,3,rho_2,lambda_mag=1.26491763792661162013565;lambda_phase=0.0740679683482441333484894;lambda_operator=missing_operator_certificate,lambda_mag=1.26491763792661162013565;lambda_phase=0.0740679683482441333484894;lambda_operator=missing_operator_certificate,0,yes,lambda_total_vector
compare,c,R_compare->q(c),chi_5b,3,rho_3,lambda_mag=0.396137840150142453562086;lambda_phase=2.6799837355671395866217,lambda_mag=0.396137840150142453562086;lambda_phase=2.6799837355671395866217,0,yes,magnitude_phase_pair
operator_audit,d,R_operator_audit->q(d),chi_5b,3,rho_3,lambda_mag=0.396137840150142453562086;lambda_phase=2.6799837355671395866217;lambda_operator=missing_operator_certificate,lambda_mag=0.396137840150142453562086;lambda_phase=2.6799837355671395866217;lambda_operator=missing_operator_certificate,0,yes,lambda_total_vector
compare,c,R_compare->q(c),chi_5b,4,rho_1,lambda_mag=1.63478239186187622971993;lambda_phase=1.56920607035822095991004,lambda_mag=1.63478239186187622971993;lambda_phase=1.56920607035822095991004,0,yes,magnitude_phase_pair
operator_audit,d,R_operator_audit->q(d),chi_5b,4,rho_1,lambda_mag=1.63478239186187622971993;lambda_phase=1.56920607035822095991004;lambda_operator=missing_operator_certificate,lambda_mag=1.63478239186187622971993;lambda_phase=1.56920607035822095991004;lambda_operator=missing_operator_certificate,0,yes,lambda_total_vector
compare,c,R_compare->q(c),chi_5b,4,rho_2,lambda_mag=1.44509040057577911982694;lambda_phase=0.0416738668195261278995292,lambda_mag=1.44509040057577911982694;lambda_phase=0.0416738668195261278995292,0,yes,magnitude_phase_pair
operator_audit,d,R_operator_audit->q(d),chi_5b,4,rho_2,lambda_mag=1.44509040057577911982694;lambda_phase=0.0416738668195261278995292;lambda_operator=missing_operator_certificate,lambda_mag=1.44509040057577911982694;lambda_phase=0.0416738668195261278995292;lambda_operator=missing_operator_certificate,0,yes,lambda_total_vector
compare,c,R_compare->q(c),chi_5b,4,rho_3,lambda_mag=0.46188004849523698178193;lambda_phase=2.72752703138535069424136,lambda_mag=0.46188004849523698178193;lambda_phase=2.72752703138535069424136,0,yes,magnitude_phase_pair
operator_audit,d,R_operator_audit->q(d),chi_5b,4,rho_3,lambda_mag=0.46188004849523698178193;lambda_phase=2.72752703138535069424136;lambda_operator=missing_operator_certificate,lambda_mag=0.46188004849523698178193;lambda_phase=2.72752703138535069424136;lambda_operator=missing_operator_certificate,0,yes,lambda_total_vector
compare,c,R_compare->q(c),chi_5b,5,rho_1,lambda_mag=1.9649083670528410825874;lambda_phase=1.64597511407952654350956,lambda_mag=1.9649083670528410825874;lambda_phase=1.64597511407952654350956,0,yes,magnitude_phase_pair
operator_audit,d,R_operator_audit->q(d),chi_5b,5,rho_1,lambda_mag=1.9649083670528410825874;lambda_phase=1.64597511407952654350956;lambda_operator=missing_operator_certificate,lambda_mag=1.9649083670528410825874;lambda_phase=1.64597511407952654350956;lambda_operator=missing_operator_certificate,0,yes,lambda_total_vector
compare,c,R_compare->q(c),chi_5b,5,rho_2,lambda_mag=1.59944756466062649836066;lambda_phase=0.129642998408152159597744,lambda_mag=1.59944756466062649836066;lambda_phase=0.129642998408152159597744,0,yes,magnitude_phase_pair
operator_audit,d,R_operator_audit->q(d),chi_5b,5,rho_2,lambda_mag=1.59944756466062649836066;lambda_phase=0.129642998408152159597744;lambda_operator=missing_operator_certificate,lambda_mag=1.59944756466062649836066;lambda_phase=0.129642998408152159597744;lambda_operator=missing_operator_certificate,0,yes,lambda_total_vector
compare,c,R_compare->q(c),chi_5b,5,rho_3,lambda_mag=0.556746668967525632307263;lambda_phase=2.73569997749292383073484,lambda_mag=0.556746668967525632307263;lambda_phase=2.73569997749292383073484,0,yes,magnitude_phase_pair
operator_audit,d,R_operator_audit->q(d),chi_5b,5,rho_3,lambda_mag=0.556746668967525632307263;lambda_phase=2.73569997749292383073484;lambda_operator=missing_operator_certificate,lambda_mag=0.556746668967525632307263;lambda_phase=2.73569997749292383073484;lambda_operator=missing_operator_certificate,0,yes,lambda_total_vector
compare,c,R_compare->q(c),chi_5b,6,rho_1,lambda_mag=2.30440021798014655281096;lambda_phase=1.73839078066477812759917,lambda_mag=2.30440021798014655281096;lambda_phase=1.73839078066477812759917,0,yes,magnitude_phase_pair
operator_audit,d,R_operator_audit->q(d),chi_5b,6,rho_1,lambda_mag=2.30440021798014655281096;lambda_phase=1.73839078066477812759917;lambda_operator=missing_operator_certificate,lambda_mag=2.30440021798014655281096;lambda_phase=1.73839078066477812759917;lambda_operator=missing_operator_certificate,0,yes,lambda_total_vector
compare,c,R_compare->q(c),chi_5b,6,rho_2,lambda_mag=1.73414976685414865936903;lambda_phase=0.180532838574021933032969,lambda_mag=1.73414976685414865936903;lambda_phase=0.180532838574021933032969,0,yes,magnitude_phase_pair
operator_audit,d,R_operator_audit->q(d),chi_5b,6,rho_2,lambda_mag=1.73414976685414865936903;lambda_phase=0.180532838574021933032969;lambda_operator=missing_operator_certificate,lambda_mag=1.73414976685414865936903;lambda_phase=0.180532838574021933032969;lambda_operator=missing_operator_certificate,0,yes,lambda_total_vector
compare,c,R_compare->q(c),chi_5b,6,rho_3,lambda_mag=0.66875451151436882051989;lambda_phase=2.71260824804000883753298,lambda_mag=0.66875451151436882051989;lambda_phase=2.71260824804000883753298,0,yes,magnitude_phase_pair
operator_audit,d,R_operator_audit->q(d),chi_5b,6,rho_3,lambda_mag=0.66875451151436882051989;lambda_phase=2.71260824804000883753298;lambda_operator=missing_operator_certificate,lambda_mag=0.66875451151436882051989;lambda_phase=2.71260824804000883753298;lambda_operator=missing_operator_certificate,0,yes,lambda_total_vector
compare,c,R_compare->q(c),chi_5b,7,rho_1,lambda_mag=2.64629409559736202796856;lambda_phase=1.83665001111898915017505,lambda_mag=2.64629409559736202796856;lambda_phase=1.83665001111898915017505,0,yes,magnitude_phase_pair
operator_audit,d,R_operator_audit->q(d),chi_5b,7,rho_1,lambda_mag=2.64629409559736202796856;lambda_phase=1.83665001111898915017505;lambda_operator=missing_operator_certificate,lambda_mag=2.64629409559736202796856;lambda_phase=1.83665001111898915017505;lambda_operator=missing_operator_certificate,0,yes,lambda_total_vector
compare,c,R_compare->q(c),chi_5b,7,rho_2,lambda_mag=1.86082246471291095940103;lambda_phase=0.195684682732159168219877,lambda_mag=1.86082246471291095940103;lambda_phase=0.195684682732159168219877,0,yes,magnitude_phase_pair
operator_audit,d,R_operator_audit->q(d),chi_5b,7,rho_2,lambda_mag=1.86082246471291095940103;lambda_phase=0.195684682732159168219877;lambda_operator=missing_operator_certificate,lambda_mag=1.86082246471291095940103;lambda_phase=0.195684682732159168219877;lambda_operator=missing_operator_certificate,0,yes,lambda_total_vector
compare,c,R_compare->q(c),chi_5b,7,rho_3,lambda_mag=0.791988564387212301073114;lambda_phase=2.66590135451965018701616,lambda_mag=0.791988564387212301073114;lambda_phase=2.66590135451965018701616,0,yes,magnitude_phase_pair
operator_audit,d,R_operator_audit->q(d),chi_5b,7,rho_3,lambda_mag=0.791988564387212301073114;lambda_phase=2.66590135451965018701616;lambda_operator=missing_operator_certificate,lambda_mag=0.791988564387212301073114;lambda_phase=2.66590135451965018701616;lambda_operator=missing_operator_certificate,0,yes,lambda_total_vector
compare,c,R_compare->q(c),chi_5b,8,rho_1,lambda_mag=2.98756653935296432616763;lambda_phase=1.93443221368958314953353,lambda_mag=2.98756653935296432616763;lambda_phase=1.93443221368958314953353,0,yes,magnitude_phase_pair
operator_audit,d,R_operator_audit->q(d),chi_5b,8,rho_1,lambda_mag=2.98756653935296432616763;lambda_phase=1.93443221368958314953353;lambda_operator=missing_operator_certificate,lambda_mag=2.98756653935296432616763;lambda_phase=1.93443221368958314953353;lambda_operator=missing_operator_certificate,0,yes,lambda_total_vector
compare,c,R_compare->q(c),chi_5b,8,rho_2,lambda_mag=1.98896694804706230417648;lambda_phase=0.181499148081013238885832,lambda_mag=1.98896694804706230417648;lambda_phase=0.181499148081013238885832,0,yes,magnitude_phase_pair
operator_audit,d,R_operator_audit->q(d),chi_5b,8,rho_2,lambda_mag=1.98896694804706230417648;lambda_phase=0.181499148081013238885832;lambda_operator=missing_operator_certificate,lambda_mag=1.98896694804706230417648;lambda_phase=0.181499148081013238885832;lambda_operator=missing_operator_certificate,0,yes,lambda_total_vector
compare,c,R_compare->q(c),chi_5b,8,rho_3,lambda_mag=0.923587387222162888869956;lambda_phase=2.60167683584917395663021,lambda_mag=0.923587387222162888869956;lambda_phase=2.60167683584917395663021,0,yes,magnitude_phase_pair
operator_audit,d,R_operator_audit->q(d),chi_5b,8,rho_3,lambda_mag=0.923587387222162888869956;lambda_phase=2.60167683584917395663021;lambda_operator=missing_operator_certificate,lambda_mag=0.923587387222162888869956;lambda_phase=2.60167683584917395663021;lambda_operator=missing_operator_certificate,0,yes,lambda_total_vector
compare,c,R_compare->q(c),chi_5b,9,rho_1,lambda_mag=3.32722249931590834623374;lambda_phase=2.02791472876372496749419,lambda_mag=3.32722249931590834623374;lambda_phase=2.02791472876372496749419,0,yes,magnitude_phase_pair
operator_audit,d,R_operator_audit->q(d),chi_5b,9,rho_1,lambda_mag=3.32722249931590834623374;lambda_phase=2.02791472876372496749419;lambda_operator=missing_operator_certificate,lambda_mag=3.32722249931590834623374;lambda_phase=2.02791472876372496749419;lambda_operator=missing_operator_certificate,0,yes,lambda_total_vector
compare,c,R_compare->q(c),chi_5b,9,rho_2,lambda_mag=2.12435334947547183661518;lambda_phase=0.145169985477113327480271,lambda_mag=2.12435334947547183661518;lambda_phase=0.145169985477113327480271,0,yes,magnitude_phase_pair
operator_audit,d,R_operator_audit->q(d),chi_5b,9,rho_2,lambda_mag=2.12435334947547183661518;lambda_phase=0.145169985477113327480271;lambda_operator=missing_operator_certificate,lambda_mag=2.12435334947547183661518;lambda_phase=0.145169985477113327480271;lambda_operator=missing_operator_certificate,0,yes,lambda_total_vector
compare,c,R_compare->q(c),chi_5b,9,rho_3,lambda_mag=1.0621966679780240380934;lambda_phase=2.52448867883690832640434,lambda_mag=1.0621966679780240380934;lambda_phase=2.52448867883690832640434,0,yes,magnitude_phase_pair
operator_audit,d,R_operator_audit->q(d),chi_5b,9,rho_3,lambda_mag=1.0621966679780240380934;lambda_phase=2.52448867883690832640434;lambda_operator=missing_operator_certificate,lambda_mag=1.0621966679780240380934;lambda_phase=2.52448867883690832640434;lambda_operator=missing_operator_certificate,0,yes,lambda_total_vector
compare,c,R_compare->q(c),chi_5b,10,rho_1,lambda_mag=3.6652198273435844780558;lambda_phase=2.11497038223374829561281,lambda_mag=3.6652198273435844780558;lambda_phase=2.11497038223374829561281,0,yes,magnitude_phase_pair
operator_audit,d,R_operator_audit->q(d),chi_5b,10,rho_1,lambda_mag=3.6652198273435844780558;lambda_phase=2.11497038223374829561281;lambda_operator=missing_operator_certificate,lambda_mag=3.6652198273435844780558;lambda_phase=2.11497038223374829561281;lambda_operator=missing_operator_certificate,0,yes,lambda_total_vector
compare,c,R_compare->q(c),chi_5b,10,rho_2,lambda_mag=2.26985422589138532562032;lambda_phase=0.0928525056323232152140615,lambda_mag=2.26985422589138532562032;lambda_phase=0.0928525056323232152140615,0,yes,magnitude_phase_pair
operator_audit,d,R_operator_audit->q(d),chi_5b,10,rho_2,lambda_mag=2.26985422589138532562032;lambda_phase=0.0928525056323232152140615;lambda_operator=missing_operator_certificate,lambda_mag=2.26985422589138532562032;lambda_phase=0.0928525056323232152140615;lambda_operator=missing_operator_certificate,0,yes,lambda_total_vector
compare,c,R_compare->q(c),chi_5b,10,rho_3,lambda_mag=1.20719503742057375164148;lambda_phase=2.43767660179975048721165,lambda_mag=1.20719503742057375164148;lambda_phase=2.43767660179975048721165,0,yes,magnitude_phase_pair
operator_audit,d,R_operator_audit->q(d),chi_5b,10,rho_3,lambda_mag=1.20719503742057375164148;lambda_phase=2.43767660179975048721165;lambda_operator=missing_operator_certificate,lambda_mag=1.20719503742057375164148;lambda_phase=2.43767660179975048721165;lambda_operator=missing_operator_certificate,0,yes,lambda_total_vector
compare,c,R_compare->q(c),chi_7b,1,rho_1,lambda_mag=1.11384948635432769693393;lambda_phase=2.65721399363634233585676,lambda_mag=1.11384948635432769693393;lambda_phase=2.65721399363634233585676,0,yes,magnitude_phase_pair
operator_audit,d,R_operator_audit->q(d),chi_7b,1,rho_1,lambda_mag=1.11384948635432769693393;lambda_phase=2.65721399363634233585676;lambda_operator=missing_operator_certificate,lambda_mag=1.11384948635432769693393;lambda_phase=2.65721399363634233585676;lambda_operator=missing_operator_certificate,0,yes,lambda_total_vector
compare,c,R_compare->q(c),chi_7b,1,rho_2,lambda_mag=1.12533960425590729315225;lambda_phase=1.33776269344686499860091,lambda_mag=1.12533960425590729315225;lambda_phase=1.33776269344686499860091,0,yes,magnitude_phase_pair
operator_audit,d,R_operator_audit->q(d),chi_7b,1,rho_2,lambda_mag=1.12533960425590729315225;lambda_phase=1.33776269344686499860091;lambda_operator=missing_operator_certificate,lambda_mag=1.12533960425590729315225;lambda_phase=1.33776269344686499860091;lambda_operator=missing_operator_certificate,0,yes,lambda_total_vector
compare,c,R_compare->q(c),chi_7b,1,rho_3,lambda_mag=0.691402399214045062814743;lambda_phase=1.40262454437290703766985,lambda_mag=0.691402399214045062814743;lambda_phase=1.40262454437290703766985,0,yes,magnitude_phase_pair
operator_audit,d,R_operator_audit->q(d),chi_7b,1,rho_3,lambda_mag=0.691402399214045062814743;lambda_phase=1.40262454437290703766985;lambda_operator=missing_operator_certificate,lambda_mag=0.691402399214045062814743;lambda_phase=1.40262454437290703766985;lambda_operator=missing_operator_certificate,0,yes,lambda_total_vector
compare,c,R_compare->q(c),chi_7b,2,rho_1,lambda_mag=1.33777556778548101076928;lambda_phase=2.71748076911191550692649,lambda_mag=1.33777556778548101076928;lambda_phase=2.71748076911191550692649,0,yes,magnitude_phase_pair
operator_audit,d,R_operator_audit->q(d),chi_7b,2,rho_1,lambda_mag=1.33777556778548101076928;lambda_phase=2.71748076911191550692649;lambda_operator=missing_operator_certificate,lambda_mag=1.33777556778548101076928;lambda_phase=2.71748076911191550692649;lambda_operator=missing_operator_certificate,0,yes,lambda_total_vector
compare,c,R_compare->q(c),chi_7b,2,rho_2,lambda_mag=1.3403415882260951038019;lambda_phase=1.38726283442222804760002,lambda_mag=1.3403415882260951038019;lambda_phase=1.38726283442222804760002,0,yes,magnitude_phase_pair
operator_audit,d,R_operator_audit->q(d),chi_7b,2,rho_2,lambda_mag=1.3403415882260951038019;lambda_phase=1.38726283442222804760002;lambda_operator=missing_operator_certificate,lambda_mag=1.3403415882260951038019;lambda_phase=1.38726283442222804760002;lambda_operator=missing_operator_certificate,0,yes,lambda_total_vector
compare,c,R_compare->q(c),chi_7b,2,rho_3,lambda_mag=0.652303921813391920286594;lambda_phase=1.3957065869878349345319,lambda_mag=0.652303921813391920286594;lambda_phase=1.3957065869878349345319,0,yes,magnitude_phase_pair
operator_audit,d,R_operator_audit->q(d),chi_7b,2,rho_3,lambda_mag=0.652303921813391920286594;lambda_phase=1.3957065869878349345319;lambda_operator=missing_operator_certificate,lambda_mag=0.652303921813391920286594;lambda_phase=1.3957065869878349345319;lambda_operator=missing_operator_certificate,0,yes,lambda_total_vector
compare,c,R_compare->q(c),chi_7b,3,rho_1,lambda_mag=1.62592186631502366606481;lambda_phase=2.82396766672530918157826,lambda_mag=1.62592186631502366606481;lambda_phase=2.82396766672530918157826,0,yes,magnitude_phase_pair
operator_audit,d,R_operator_audit->q(d),chi_7b,3,rho_1,lambda_mag=1.62592186631502366606481;lambda_phase=2.82396766672530918157826;lambda_operator=missing_operator_certificate,lambda_mag=1.62592186631502366606481;lambda_phase=2.82396766672530918157826;lambda_operator=missing_operator_certificate,0,yes,lambda_total_vector
compare,c,R_compare->q(c),chi_7b,3,rho_2,lambda_mag=1.5629063086183146596975;lambda_phase=1.37565474791212383783867,lambda_mag=1.5629063086183146596975;lambda_phase=1.37565474791212383783867,0,yes,magnitude_phase_pair
operator_audit,d,R_operator_audit->q(d),chi_7b,3,rho_2,lambda_mag=1.5629063086183146596975;lambda_phase=1.37565474791212383783867;lambda_operator=missing_operator_certificate,lambda_mag=1.5629063086183146596975;lambda_phase=1.37565474791212383783867;lambda_operator=missing_operator_certificate,0,yes,lambda_total_vector
compare,c,R_compare->q(c),chi_7b,3,rho_3,lambda_mag=0.69412651084184549312394;lambda_phase=1.37839695600325988213153,lambda_mag=0.69412651084184549312394;lambda_phase=1.37839695600325988213153,0,yes,magnitude_phase_pair
operator_audit,d,R_operator_audit->q(d),chi_7b,3,rho_3,lambda_mag=0.69412651084184549312394;lambda_phase=1.37839695600325988213153;lambda_operator=missing_operator_certificate,lambda_mag=0.69412651084184549312394;lambda_phase=1.37839695600325988213153;lambda_operator=missing_operator_certificate,0,yes,lambda_total_vector
compare,c,R_compare->q(c),chi_7b,4,rho_1,lambda_mag=1.95562138704840529954393;lambda_phase=2.95023838413668177362139,lambda_mag=1.95562138704840529954393;lambda_phase=2.95023838413668177362139,0,yes,magnitude_phase_pair
operator_audit,d,R_operator_audit->q(d),chi_7b,4,rho_1,lambda_mag=1.95562138704840529954393;lambda_phase=2.95023838413668177362139;lambda_operator=missing_operator_certificate,lambda_mag=1.95562138704840529954393;lambda_phase=2.95023838413668177362139;lambda_operator=missing_operator_certificate,0,yes,lambda_total_vector
compare,c,R_compare->q(c),chi_7b,4,rho_2,lambda_mag=1.76592939576230818965095;lambda_phase=1.33935844695893468581182,lambda_mag=1.76592939576230818965095;lambda_phase=1.33935844695893468581182,0,yes,magnitude_phase_pair
operator_audit,d,R_operator_audit->q(d),chi_7b,4,rho_2,lambda_mag=1.76592939576230818965095;lambda_phase=1.33935844695893468581182;lambda_operator=missing_operator_certificate,lambda_mag=1.76592939576230818965095;lambda_phase=1.33935844695893468581182;lambda_operator=missing_operator_certificate,0,yes,lambda_total_vector
compare,c,R_compare->q(c),chi_7b,4,rho_3,lambda_mag=0.782719043681766051605934;lambda_phase=1.34649471760688988053,lambda_mag=0.782719043681766051605934;lambda_phase=1.34649471760688988053,0,yes,magnitude_phase_pair
operator_audit,d,R_operator_audit->q(d),chi_7b,4,rho_3,lambda_mag=0.782719043681766051605934;lambda_phase=1.34649471760688988053;lambda_operator=missing_operator_certificate,lambda_mag=0.782719043681766051605934;lambda_phase=1.34649471760688988053;lambda_operator=missing_operator_certificate,0,yes,lambda_total_vector
compare,c,R_compare->q(c),chi_7b,5,rho_1,lambda_mag=2.31062826949947885623563;lambda_phase=3.08254516113845650843275,lambda_mag=2.31062826949947885623563;lambda_phase=3.08254516113845650843275,0,yes,magnitude_phase_pair
operator_audit,d,R_operator_audit->q(d),chi_7b,5,rho_1,lambda_mag=2.31062826949947885623563;lambda_phase=3.08254516113845650843275;lambda_operator=missing_operator_certificate,lambda_mag=2.31062826949947885623563;lambda_phase=3.08254516113845650843275;lambda_operator=missing_operator_certificate,0,yes,lambda_total_vector
compare,c,R_compare->q(c),chi_7b,5,rho_2,lambda_mag=1.94516746710726427200889;lambda_phase=1.30692704865077780532544,lambda_mag=1.94516746710726427200889;lambda_phase=1.30692704865077780532544,0,yes,magnitude_phase_pair
operator_audit,d,R_operator_audit->q(d),chi_7b,5,rho_2,lambda_mag=1.94516746710726427200889;lambda_phase=1.30692704865077780532544;lambda_operator=missing_operator_certificate,lambda_mag=1.94516746710726427200889;lambda_phase=1.30692704865077780532544;lambda_operator=missing_operator_certificate,0,yes,lambda_total_vector
compare,c,R_compare->q(c),chi_7b,5,rho_3,lambda_mag=0.902466571414163405955494;lambda_phase=1.29912993043399386581166,lambda_mag=0.902466571414163405955494;lambda_phase=1.29912993043399386581166,0,yes,magnitude_phase_pair
operator_audit,d,R_operator_audit->q(d),chi_7b,5,rho_3,lambda_mag=0.902466571414163405955494;lambda_phase=1.29912993043399386581166;lambda_operator=missing_operator_certificate,lambda_mag=0.902466571414163405955494;lambda_phase=1.29912993043399386581166;lambda_operator=missing_operator_certificate,0,yes,lambda_total_vector
compare,c,R_compare->q(c),chi_7b,6,rho_1,lambda_mag=2.68085708146732167048344;lambda_phase=3.06995148763805489558379,lambda_mag=2.68085708146732167048344;lambda_phase=3.06995148763805489558379,0,yes,magnitude_phase_pair
operator_audit,d,R_operator_audit->q(d),chi_7b,6,rho_1,lambda_mag=2.68085708146732167048344;lambda_phase=3.06995148763805489558379;lambda_operator=missing_operator_certificate,lambda_mag=2.68085708146732167048344;lambda_phase=3.06995148763805489558379;lambda_operator=missing_operator_certificate,0,yes,lambda_total_vector
compare,c,R_compare->q(c),chi_7b,6,rho_2,lambda_mag=2.11060663034132377704151;lambda_phase=1.29431020030273152070935,lambda_mag=2.11060663034132377704151;lambda_phase=1.29431020030273152070935,0,yes,magnitude_phase_pair
operator_audit,d,R_operator_audit->q(d),chi_7b,6,rho_2,lambda_mag=2.11060663034132377704151;lambda_phase=1.29431020030273152070935;lambda_operator=missing_operator_certificate,lambda_mag=2.11060663034132377704151;lambda_phase=1.29431020030273152070935;lambda_operator=missing_operator_certificate,0,yes,lambda_total_vector
compare,c,R_compare->q(c),chi_7b,6,rho_3,lambda_mag=1.04521137500154393819237;lambda_phase=1.23776520916325538379066,lambda_mag=1.04521137500154393819237;lambda_phase=1.23776520916325538379066,0,yes,magnitude_phase_pair
operator_audit,d,R_operator_audit->q(d),chi_7b,6,rho_3,lambda_mag=1.04521137500154393819237;lambda_phase=1.23776520916325538379066;lambda_operator=missing_operator_certificate,lambda_mag=1.04521137500154393819237;lambda_phase=1.23776520916325538379066;lambda_operator=missing_operator_certificate,0,yes,lambda_total_vector
compare,c,R_compare->q(c),chi_7b,7,rho_1,lambda_mag=3.06036709822050328011686;lambda_phase=2.94522768730519770481976,lambda_mag=3.06036709822050328011686;lambda_phase=2.94522768730519770481976,0,yes,magnitude_phase_pair
operator_audit,d,R_operator_audit->q(d),chi_7b,7,rho_1,lambda_mag=3.06036709822050328011686;lambda_phase=2.94522768730519770481976;lambda_operator=missing_operator_certificate,lambda_mag=3.06036709822050328011686;lambda_phase=2.94522768730519770481976;lambda_operator=missing_operator_certificate,0,yes,lambda_total_vector
compare,c,R_compare->q(c),chi_7b,7,rho_2,lambda_mag=2.27489546733605221154934;lambda_phase=1.3056229260232404537106,lambda_mag=2.27489546733605221154934;lambda_phase=1.3056229260232404537106,0,yes,magnitude_phase_pair
operator_audit,d,R_operator_audit->q(d),chi_7b,7,rho_2,lambda_mag=2.27489546733605221154934;lambda_phase=1.3056229260232404537106;lambda_operator=missing_operator_certificate,lambda_mag=2.27489546733605221154934;lambda_phase=1.3056229260232404537106;lambda_operator=missing_operator_certificate,0,yes,lambda_total_vector
compare,c,R_compare->q(c),chi_7b,7,rho_3,lambda_mag=1.20606156701035355322142;lambda_phase=1.16459374576425056508569,lambda_mag=1.20606156701035355322142;lambda_phase=1.16459374576425056508569,0,yes,magnitude_phase_pair
operator_audit,d,R_operator_audit->q(d),chi_7b,7,rho_3,lambda_mag=1.20606156701035355322142;lambda_phase=1.16459374576425056508569;lambda_operator=missing_operator_certificate,lambda_mag=1.20606156701035355322142;lambda_phase=1.16459374576425056508569;lambda_operator=missing_operator_certificate,0,yes,lambda_total_vector
compare,c,R_compare->q(c),chi_7b,8,rho_1,lambda_mag=3.44576107672512378811575;lambda_phase=2.82883202193680077742045,lambda_mag=3.44576107672512378811575;lambda_phase=2.82883202193680077742045,0,yes,magnitude_phase_pair
operator_audit,d,R_operator_audit->q(d),chi_7b,8,rho_1,lambda_mag=3.44576107672512378811575;lambda_phase=2.82883202193680077742045;lambda_operator=missing_operator_certificate,lambda_mag=3.44576107672512378811575;lambda_phase=2.82883202193680077742045;lambda_operator=missing_operator_certificate,0,yes,lambda_total_vector
compare,c,R_compare->q(c),chi_7b,8,rho_2,lambda_mag=2.4471614854192217661246;lambda_phase=1.33842192347218931108547,lambda_mag=2.4471614854192217661246;lambda_phase=1.33842192347218931108547,0,yes,magnitude_phase_pair
operator_audit,d,R_operator_audit->q(d),chi_7b,8,rho_2,lambda_mag=2.4471614854192217661246;lambda_phase=1.33842192347218931108547;lambda_operator=missing_operator_certificate,lambda_mag=2.4471614854192217661246;lambda_phase=1.33842192347218931108547;lambda_operator=missing_operator_certificate,0,yes,lambda_total_vector
compare,c,R_compare->q(c),chi_7b,8,rho_3,lambda_mag=1.38178192459432235081808;lambda_phase=1.0817557642959714066589,lambda_mag=1.38178192459432235081808;lambda_phase=1.0817557642959714066589,0,yes,magnitude_phase_pair
operator_audit,d,R_operator_audit->q(d),chi_7b,8,rho_3,lambda_mag=1.38178192459432235081808;lambda_phase=1.0817557642959714066589;lambda_operator=missing_operator_certificate,lambda_mag=1.38178192459432235081808;lambda_phase=1.0817557642959714066589;lambda_operator=missing_operator_certificate,0,yes,lambda_total_vector
compare,c,R_compare->q(c),chi_7b,9,rho_1,lambda_mag=3.83512891476848502608451;lambda_phase=2.72188366507366248710455,lambda_mag=3.83512891476848502608451;lambda_phase=2.72188366507366248710455,0,yes,magnitude_phase_pair
operator_audit,d,R_operator_audit->q(d),chi_7b,9,rho_1,lambda_mag=3.83512891476848502608451;lambda_phase=2.72188366507366248710455;lambda_operator=missing_operator_certificate,lambda_mag=3.83512891476848502608451;lambda_phase=2.72188366507366248710455;lambda_operator=missing_operator_certificate,0,yes,lambda_total_vector
compare,c,R_compare->q(c),chi_7b,9,rho_2,lambda_mag=2.63225976492804851646594;lambda_phase=1.38821692786508569484627,lambda_mag=2.63225976492804851646594;lambda_phase=1.38821692786508569484627,0,yes,magnitude_phase_pair
operator_audit,d,R_operator_audit->q(d),chi_7b,9,rho_2,lambda_mag=2.63225976492804851646594;lambda_phase=1.38821692786508569484627;lambda_operator=missing_operator_certificate,lambda_mag=2.63225976492804851646594;lambda_phase=1.38821692786508569484627;lambda_operator=missing_operator_certificate,0,yes,lambda_total_vector
compare,c,R_compare->q(c),chi_7b,9,rho_3,lambda_mag=1.57010308343060071794417;lambda_phase=0.99110176549470930407779,lambda_mag=1.57010308343060071794417;lambda_phase=0.99110176549470930407779,0,yes,magnitude_phase_pair
operator_audit,d,R_operator_audit->q(d),chi_7b,9,rho_3,lambda_mag=1.57010308343060071794417;lambda_phase=0.99110176549470930407779;lambda_operator=missing_operator_certificate,lambda_mag=1.57010308343060071794417;lambda_phase=0.99110176549470930407779;lambda_operator=missing_operator_certificate,0,yes,lambda_total_vector
compare,c,R_compare->q(c),chi_7b,10,rho_1,lambda_mag=4.22739780740101638455191;lambda_phase=2.62471917225588003462818,lambda_mag=4.22739780740101638455191;lambda_phase=2.62471917225588003462818,0,yes,magnitude_phase_pair
operator_audit,d,R_operator_audit->q(d),chi_7b,10,rho_1,lambda_mag=4.22739780740101638455191;lambda_phase=2.62471917225588003462818;lambda_operator=missing_operator_certificate,lambda_mag=4.22739780740101638455191;lambda_phase=2.62471917225588003462818;lambda_operator=missing_operator_certificate,0,yes,lambda_total_vector
compare,c,R_compare->q(c),chi_7b,10,rho_2,lambda_mag=2.83203220594881723211643;lambda_phase=1.45064324705763493147024,lambda_mag=2.83203220594881723211643;lambda_phase=1.45064324705763493147024,0,yes,magnitude_phase_pair
operator_audit,d,R_operator_audit->q(d),chi_7b,10,rho_2,lambda_mag=2.83203220594881723211643;lambda_phase=1.45064324705763493147024;lambda_operator=missing_operator_certificate,lambda_mag=2.83203220594881723211643;lambda_phase=1.45064324705763493147024;lambda_operator=missing_operator_certificate,0,yes,lambda_total_vector
compare,c,R_compare->q(c),chi_7b,10,rho_3,lambda_mag=1.76937301747800565813759;lambda_phase=0.894180849109792340527353,lambda_mag=1.76937301747800565813759;lambda_phase=0.894180849109792340527353,0,yes,magnitude_phase_pair
operator_audit,d,R_operator_audit->q(d),chi_7b,10,rho_3,lambda_mag=1.76937301747800565813759;lambda_phase=0.894180849109792340527353;lambda_operator=missing_operator_certificate,lambda_mag=1.76937301747800565813759;lambda_phase=0.894180849109792340527353;lambda_operator=missing_operator_certificate,0,yes,lambda_total_vector
compare,c,R_compare->q(c),chi_11c,1,rho_1,lambda_mag=0.589113538208985769830449;lambda_phase=2.13111769087455633092114,lambda_mag=0.589113538208985769830449;lambda_phase=2.13111769087455633092114,0,yes,magnitude_phase_pair
operator_audit,d,R_operator_audit->q(d),chi_11c,1,rho_1,lambda_mag=0.589113538208985769830449;lambda_phase=2.13111769087455633092114;lambda_operator=missing_operator_certificate,lambda_mag=0.589113538208985769830449;lambda_phase=2.13111769087455633092114;lambda_operator=missing_operator_certificate,0,yes,lambda_total_vector
compare,c,R_compare->q(c),chi_11c,1,rho_2,lambda_mag=0.600603656110565366048771;lambda_phase=2.8326163161155528087483,lambda_mag=0.600603656110565366048771;lambda_phase=2.8326163161155528087483,0,yes,magnitude_phase_pair
operator_audit,d,R_operator_audit->q(d),chi_11c,1,rho_2,lambda_mag=0.600603656110565366048771;lambda_phase=2.8326163161155528087483;lambda_operator=missing_operator_certificate,lambda_mag=0.600603656110565366048771;lambda_phase=2.8326163161155528087483;lambda_operator=missing_operator_certificate,0,yes,lambda_total_vector
compare,c,R_compare->q(c),chi_11c,1,rho_3,lambda_mag=0.166666451068703135711267;lambda_phase=0.0922290782957807724775424,lambda_mag=0.166666451068703135711267;lambda_phase=0.0922290782957807724775424,0,yes,magnitude_phase_pair
operator_audit,d,R_operator_audit->q(d),chi_11c,1,rho_3,lambda_mag=0.166666451068703135711267;lambda_phase=0.0922290782957807724775424;lambda_operator=missing_operator_certificate,lambda_mag=0.166666451068703135711267;lambda_phase=0.0922290782957807724775424;lambda_operator=missing_operator_certificate,0,yes,lambda_total_vector
compare,c,R_compare->q(c),chi_11c,2,rho_1,lambda_mag=0.854645844834274550962104;lambda_phase=1.91550434001317351574568,lambda_mag=0.854645844834274550962104;lambda_phase=1.91550434001317351574568,0,yes,magnitude_phase_pair
operator_audit,d,R_operator_audit->q(d),chi_11c,2,rho_1,lambda_mag=0.854645844834274550962104;lambda_phase=1.91550434001317351574568;lambda_operator=missing_operator_certificate,lambda_mag=0.854645844834274550962104;lambda_phase=1.91550434001317351574568;lambda_operator=missing_operator_certificate,0,yes,lambda_total_vector
compare,c,R_compare->q(c),chi_11c,2,rho_2,lambda_mag=0.857211865274888643994727;lambda_phase=3.03746303247672550185314,lambda_mag=0.857211865274888643994727;lambda_phase=3.03746303247672550185314,0,yes,magnitude_phase_pair
operator_audit,d,R_operator_audit->q(d),chi_11c,2,rho_2,lambda_mag=0.857211865274888643994727;lambda_phase=3.03746303247672550185314;lambda_operator=missing_operator_certificate,lambda_mag=0.857211865274888643994727;lambda_phase=3.03746303247672550185314;lambda_operator=missing_operator_certificate,0,yes,lambda_total_vector
compare,c,R_compare->q(c),chi_11c,2,rho_3,lambda_mag=0.169174198862185460479419;lambda_phase=0.254493611066662519721226,lambda_mag=0.169174198862185460479419;lambda_phase=0.254493611066662519721226,0,yes,magnitude_phase_pair
operator_audit,d,R_operator_audit->q(d),chi_11c,2,rho_3,lambda_mag=0.169174198862185460479419;lambda_phase=0.254493611066662519721226;lambda_operator=missing_operator_certificate,lambda_mag=0.169174198862185460479419;lambda_phase=0.254493611066662519721226;lambda_operator=missing_operator_certificate,0,yes,lambda_total_vector
compare,c,R_compare->q(c),chi_11c,3,rho_1,lambda_mag=1.20362390657490348354853;lambda_phase=1.69220536083126666079333,lambda_mag=1.20362390657490348354853;lambda_phase=1.69220536083126666079333,0,yes,magnitude_phase_pair
operator_audit,d,R_operator_audit->q(d),chi_11c,3,rho_1,lambda_mag=1.20362390657490348354853;lambda_phase=1.69220536083126666079333;lambda_operator=missing_operator_certificate,lambda_mag=1.20362390657490348354853;lambda_phase=1.69220536083126666079333;lambda_operator=missing_operator_certificate,0,yes,lambda_total_vector
compare,c,R_compare->q(c),chi_11c,3,rho_2,lambda_mag=1.14060834887819447718122;lambda_phase=3.14051827964445200453293,lambda_mag=1.14060834887819447718122;lambda_phase=3.14051827964445200453293,0,yes,magnitude_phase_pair
operator_audit,d,R_operator_audit->q(d),chi_11c,3,rho_2,lambda_mag=1.14060834887819447718122;lambda_phase=3.14051827964445200453293;lambda_operator=missing_operator_certificate,lambda_mag=1.14060834887819447718122;lambda_phase=3.14051827964445200453293;lambda_operator=missing_operator_certificate,0,yes,lambda_total_vector
compare,c,R_compare->q(c),chi_11c,3,rho_3,lambda_mag=0.271828551101725310607659;lambda_phase=0.388615323619750752422163,lambda_mag=0.271828551101725310607659;lambda_phase=0.388615323619750752422163,0,yes,magnitude_phase_pair
operator_audit,d,R_operator_audit->q(d),chi_11c,3,rho_3,lambda_mag=0.271828551101725310607659;lambda_phase=0.388615323619750752422163;lambda_operator=missing_operator_certificate,lambda_mag=0.271828551101725310607659;lambda_phase=0.388615323619750752422163;lambda_operator=missing_operator_certificate,0,yes,lambda_total_vector
compare,c,R_compare->q(c),chi_11c,4,rho_1,lambda_mag=1.60454332053591146236587;lambda_phase=1.47140487560269125733672,lambda_mag=1.60454332053591146236587;lambda_phase=1.47140487560269125733672,0,yes,magnitude_phase_pair
operator_audit,d,R_operator_audit->q(d),chi_11c,4,rho_1,lambda_mag=1.60454332053591146236587;lambda_phase=1.47140487560269125733672;lambda_operator=missing_operator_certificate,lambda_mag=1.60454332053591146236587;lambda_phase=1.47140487560269125733672;lambda_operator=missing_operator_certificate,0,yes,lambda_total_vector
compare,c,R_compare->q(c),chi_11c,4,rho_2,lambda_mag=1.41485132924981435247288;lambda_phase=3.08228481278043834514629,lambda_mag=1.41485132924981435247288;lambda_phase=3.08228481278043834514629,0,yes,magnitude_phase_pair
operator_audit,d,R_operator_audit->q(d),chi_11c,4,rho_2,lambda_mag=1.41485132924981435247288;lambda_phase=3.08228481278043834514629;lambda_operator=missing_operator_certificate,lambda_mag=1.41485132924981435247288;lambda_phase=3.08228481278043834514629;lambda_operator=missing_operator_certificate,0,yes,lambda_total_vector
compare,c,R_compare->q(c),chi_11c,4,rho_3,lambda_mag=0.431640977169272214427869;lambda_phase=0.515047329833323565437172,lambda_mag=0.431640977169272214427869;lambda_phase=0.515047329833323565437172,0,yes,magnitude_phase_pair
operator_audit,d,R_operator_audit->q(d),chi_11c,4,rho_3,lambda_mag=0.431640977169272214427869;lambda_phase=0.515047329833323565437172;lambda_operator=missing_operator_certificate,lambda_mag=0.431640977169272214427869;lambda_phase=0.515047329833323565437172;lambda_operator=missing_operator_certificate,0,yes,lambda_total_vector
compare,c,R_compare->q(c),chi_11c,5,rho_1,lambda_mag=2.03721001452888517355728;lambda_phase=1.25914703339848668819447,lambda_mag=2.03721001452888517355728;lambda_phase=1.25914703339848668819447,0,yes,magnitude_phase_pair
operator_audit,d,R_operator_audit->q(d),chi_11c,5,rho_1,lambda_mag=2.03721001452888517355728;lambda_phase=1.25914703339848668819447;lambda_operator=missing_operator_certificate,lambda_mag=2.03721001452888517355728;lambda_phase=1.25914703339848668819447;lambda_operator=missing_operator_certificate,0,yes,lambda_total_vector
compare,c,R_compare->q(c),chi_11c,5,rho_2,lambda_mag=1.67174921213667058933054;lambda_phase=3.03476514588616539130178,lambda_mag=1.67174921213667058933054;lambda_phase=3.03476514588616539130178,0,yes,magnitude_phase_pair
operator_audit,d,R_operator_audit->q(d),chi_11c,5,rho_2,lambda_mag=1.67174921213667058933054;lambda_phase=3.03476514588616539130178;lambda_operator=missing_operator_certificate,lambda_mag=1.67174921213667058933054;lambda_phase=3.03476514588616539130178;lambda_operator=missing_operator_certificate,0,yes,lambda_total_vector
compare,c,R_compare->q(c),chi_11c,5,rho_3,lambda_mag=0.62904831644356972327714;lambda_phase=0.642363182208649414486408,lambda_mag=0.62904831644356972327714;lambda_phase=0.642363182208649414486408,0,yes,magnitude_phase_pair
operator_audit,d,R_operator_audit->q(d),chi_11c,5,rho_3,lambda_mag=0.62904831644356972327714;lambda_phase=0.642363182208649414486408;lambda_operator=missing_operator_certificate,lambda_mag=0.62904831644356972327714;lambda_phase=0.642363182208649414486408;lambda_operator=missing_operator_certificate,0,yes,lambda_total_vector
compare,c,R_compare->q(c),chi_11c,6,rho_1,lambda_mag=2.48910610899506201040947;lambda_phase=1.05915313147867309447906,lambda_mag=2.48910610899506201040947;lambda_phase=1.05915313147867309447906,0,yes,magnitude_phase_pair
operator_audit,d,R_operator_audit->q(d),chi_11c,6,rho_1,lambda_mag=2.48910610899506201040947;lambda_phase=1.05915313147867309447906;lambda_operator=missing_operator_certificate,lambda_mag=2.48910610899506201040947;lambda_phase=1.05915313147867309447906;lambda_operator=missing_operator_certificate,0,yes,lambda_total_vector
compare,c,R_compare->q(c),chi_11c,6,rho_2,lambda_mag=1.91885565786906411696754;lambda_phase=2.9780767507174731551112,lambda_mag=1.91885565786906411696754;lambda_phase=2.9780767507174731551112,0,yes,magnitude_phase_pair
operator_audit,d,R_operator_audit->q(d),chi_11c,6,rho_2,lambda_mag=1.91885565786906411696754;lambda_phase=2.9780767507174731551112;lambda_operator=missing_operator_certificate,lambda_mag=1.91885565786906411696754;lambda_phase=2.9780767507174731551112;lambda_operator=missing_operator_certificate,0,yes,lambda_total_vector
compare,c,R_compare->q(c),chi_11c,6,rho_3,lambda_mag=0.853460402529284278118407;lambda_phase=0.773033146996126417314079,lambda_mag=0.853460402529284278118407;lambda_phase=0.773033146996126417314079,0,yes,magnitude_phase_pair
operator_audit,d,R_operator_audit->q(d),chi_11c,6,rho_3,lambda_mag=0.853460402529284278118407;lambda_phase=0.773033146996126417314079;lambda_operator=missing_operator_certificate,lambda_mag=0.853460402529284278118407;lambda_phase=0.773033146996126417314079;lambda_operator=missing_operator_certificate,0,yes,lambda_total_vector
compare,c,R_compare->q(c),chi_11c,7,rho_1,lambda_mag=2.95274958358861319133406;lambda_phase=0.873357285966862998712098,lambda_mag=2.95274958358861319133406;lambda_phase=0.873357285966862998712098,0,yes,magnitude_phase_pair
operator_audit,d,R_operator_audit->q(d),chi_11c,7,rho_1,lambda_mag=2.95274958358861319133406;lambda_phase=0.873357285966862998712098;lambda_operator=missing_operator_certificate,lambda_mag=2.95274958358861319133406;lambda_phase=0.873357285966862998712098;lambda_operator=missing_operator_certificate,0,yes,lambda_total_vector
compare,c,R_compare->q(c),chi_11c,7,rho_2,lambda_mag=2.16727795270416212276654;lambda_phase=2.90569197981801131710702,lambda_mag=2.16727795270416212276654;lambda_phase=2.90569197981801131710702,0,yes,magnitude_phase_pair
operator_audit,d,R_operator_audit->q(d),chi_11c,7,rho_2,lambda_mag=2.16727795270416212276654;lambda_phase=2.90569197981801131710702;lambda_operator=missing_operator_certificate,lambda_mag=2.16727795270416212276654;lambda_phase=2.90569197981801131710702;lambda_operator=missing_operator_certificate,0,yes,lambda_total_vector
compare,c,R_compare->q(c),chi_11c,7,rho_3,lambda_mag=1.09844405237846346443862;lambda_phase=0.907276655574084141021978,lambda_mag=1.09844405237846346443862;lambda_phase=0.907276655574084141021978,0,yes,magnitude_phase_pair
operator_audit,d,R_operator_audit->q(d),chi_11c,7,rho_3,lambda_mag=1.09844405237846346443862;lambda_phase=0.907276655574084141021978;lambda_operator=missing_operator_certificate,lambda_mag=1.09844405237846346443862;lambda_phase=0.907276655574084141021978;lambda_operator=missing_operator_certificate,0,yes,lambda_total_vector
compare,c,R_compare->q(c),chi_11c,8,rho_1,lambda_mag=3.42376667595117198718743;lambda_phase=0.702458013273855538716854,lambda_mag=3.42376667595117198718743;lambda_phase=0.702458013273855538716854,0,yes,magnitude_phase_pair
operator_audit,d,R_operator_audit->q(d),chi_11c,8,rho_1,lambda_mag=3.42376667595117198718743;lambda_phase=0.702458013273855538716854;lambda_operator=missing_operator_certificate,lambda_mag=3.42376667595117198718743;lambda_phase=0.702458013273855538716854;lambda_operator=missing_operator_certificate,0,yes,lambda_total_vector
compare,c,R_compare->q(c),chi_11c,8,rho_2,lambda_mag=2.42516708464526996519629;lambda_phase=2.81838937504445192713622,lambda_mag=2.42516708464526996519629;lambda_phase=2.81838937504445192713622,0,yes,magnitude_phase_pair
operator_audit,d,R_operator_audit->q(d),chi_11c,8,rho_2,lambda_mag=2.42516708464526996519629;lambda_phase=2.81838937504445192713622;lambda_operator=missing_operator_certificate,lambda_mag=2.42516708464526996519629;lambda_phase=2.81838937504445192713622;lambda_operator=missing_operator_certificate,0,yes,lambda_total_vector
compare,c,R_compare->q(c),chi_11c,8,rho_3,lambda_mag=1.35978752382037054988976;lambda_phase=1.04461824436697383204469,lambda_mag=1.35978752382037054988976;lambda_phase=1.04461824436697383204469,0,yes,magnitude_phase_pair
operator_audit,d,R_operator_audit->q(d),chi_11c,8,rho_3,lambda_mag=1.35978752382037054988976;lambda_phase=1.04461824436697383204469;lambda_operator=missing_operator_certificate,lambda_mag=1.35978752382037054988976;lambda_phase=1.04461824436697383204469;lambda_operator=missing_operator_certificate,0,yes,lambda_total_vector
compare,c,R_compare->q(c),chi_11c,9,rho_1,lambda_mag=3.89961005726887599254296;lambda_phase=0.546355533898399755965509,lambda_mag=3.89961005726887599254296;lambda_phase=0.546355533898399755965509,0,yes,magnitude_phase_pair
operator_audit,d,R_operator_audit->q(d),chi_11c,9,rho_1,lambda_mag=3.89961005726887599254296;lambda_phase=0.546355533898399755965509;lambda_operator=missing_operator_certificate,lambda_mag=3.89961005726887599254296;lambda_phase=0.546355533898399755965509;lambda_operator=missing_operator_certificate,0,yes,lambda_total_vector
compare,c,R_compare->q(c),chi_11c,9,rho_2,lambda_mag=2.6967409074284394829244;lambda_phase=2.71944024813923805093998,lambda_mag=2.6967409074284394829244;lambda_phase=2.71944024813923805093998,0,yes,magnitude_phase_pair
operator_audit,d,R_operator_audit->q(d),chi_11c,9,rho_2,lambda_mag=2.6967409074284394829244;lambda_phase=2.71944024813923805093998;lambda_operator=missing_operator_certificate,lambda_mag=2.6967409074284394829244;lambda_phase=2.71944024813923805093998;lambda_operator=missing_operator_certificate,0,yes,lambda_total_vector
compare,c,R_compare->q(c),chi_11c,9,rho_3,lambda_mag=1.63458422593099168440262;lambda_phase=1.18442636568055342706125,lambda_mag=1.63458422593099168440262;lambda_phase=1.18442636568055342706125,0,yes,magnitude_phase_pair
operator_audit,d,R_operator_audit->q(d),chi_11c,9,rho_3,lambda_mag=1.63458422593099168440262;lambda_phase=1.18442636568055342706125;lambda_operator=missing_operator_certificate,lambda_mag=1.63458422593099168440262;lambda_phase=1.18442636568055342706125;lambda_operator=missing_operator_certificate,0,yes,lambda_total_vector
compare,c,R_compare->q(c),chi_11c,10,rho_1,lambda_mag=4.37878625253947426895149;lambda_phase=0.404465397561697251928631,lambda_mag=4.37878625253947426895149;lambda_phase=0.404465397561697251928631,0,yes,magnitude_phase_pair
operator_audit,d,R_operator_audit->q(d),chi_11c,10,rho_1,lambda_mag=4.37878625253947426895149;lambda_phase=0.404465397561697251928631;lambda_operator=missing_operator_certificate,lambda_mag=4.37878625253947426895149;lambda_phase=0.404465397561697251928631;lambda_operator=missing_operator_certificate,0,yes,lambda_total_vector
compare,c,R_compare->q(c),chi_11c,10,rho_2,lambda_mag=2.98342065108727511651601;lambda_phase=2.6122882854277687627555,lambda_mag=2.98342065108727511651601;lambda_phase=2.6122882854277687627555,0,yes,magnitude_phase_pair
operator_audit,d,R_operator_audit->q(d),chi_11c,10,rho_2,lambda_mag=2.98342065108727511651601;lambda_phase=2.6122882854277687627555;lambda_operator=missing_operator_certificate,lambda_mag=2.98342065108727511651601;lambda_phase=2.6122882854277687627555;lambda_operator=missing_operator_certificate,0,yes,lambda_total_vector
compare,c,R_compare->q(c),chi_11c,10,rho_3,lambda_mag=1.92076146261646354253717;lambda_phase=1.3260729255843904421722,lambda_mag=1.92076146261646354253717;lambda_phase=1.3260729255843904421722,0,yes,magnitude_phase_pair
operator_audit,d,R_operator_audit->q(d),chi_11c,10,rho_3,lambda_mag=1.92076146261646354253717;lambda_phase=1.3260729255843904421722;lambda_operator=missing_operator_certificate,lambda_mag=1.92076146261646354253717;lambda_phase=1.3260729255843904421722;lambda_operator=missing_operator_certificate,0,yes,lambda_total_vector
compare,c,R_compare->q(c),chi_13a,1,rho_1,lambda_mag=0.509962616033677596006055;lambda_phase=1.00712530665997307657141,lambda_mag=0.509962616033677596006055;lambda_phase=1.00712530665997307657141,0,yes,magnitude_phase_pair
operator_audit,d,R_operator_audit->q(d),chi_13a,1,rho_1,lambda_mag=0.509962616033677596006055;lambda_phase=1.00712530665997307657141;lambda_operator=missing_operator_certificate,lambda_mag=0.509962616033677596006055;lambda_phase=1.00712530665997307657141;lambda_operator=missing_operator_certificate,0,yes,lambda_total_vector
compare,c,R_compare->q(c),chi_13a,1,rho_2,lambda_mag=0.521452733935257192224377;lambda_phase=2.32657660684945041382726,lambda_mag=0.521452733935257192224377;lambda_phase=2.32657660684945041382726,0,yes,magnitude_phase_pair
operator_audit,d,R_operator_audit->q(d),chi_13a,1,rho_2,lambda_mag=0.521452733935257192224377;lambda_phase=2.32657660684945041382726;lambda_operator=missing_operator_certificate,lambda_mag=0.521452733935257192224377;lambda_phase=2.32657660684945041382726;lambda_operator=missing_operator_certificate,0,yes,lambda_total_vector
compare,c,R_compare->q(c),chi_13a,1,rho_3,lambda_mag=0.0875155288933949618868732;lambda_phase=1.21622146251036402682727,lambda_mag=0.0875155288933949618868732;lambda_phase=1.21622146251036402682727,0,yes,magnitude_phase_pair
operator_audit,d,R_operator_audit->q(d),chi_13a,1,rho_3,lambda_mag=0.0875155288933949618868732;lambda_phase=1.21622146251036402682727;lambda_operator=missing_operator_certificate,lambda_mag=0.0875155288933949618868732;lambda_phase=1.21622146251036402682727;lambda_operator=missing_operator_certificate,0,yes,lambda_total_vector
compare,c,R_compare->q(c),chi_13a,2,rho_1,lambda_mag=0.856564876246723269273413;lambda_phase=0.603833237048693518035723,lambda_mag=0.856564876246723269273413;lambda_phase=0.603833237048693518035723,0,yes,magnitude_phase_pair
operator_audit,d,R_operator_audit->q(d),chi_13a,2,rho_1,lambda_mag=0.856564876246723269273413;lambda_phase=0.603833237048693518035723;lambda_operator=missing_operator_certificate,lambda_mag=0.856564876246723269273413;lambda_phase=0.603833237048693518035723;lambda_operator=missing_operator_certificate,0,yes,lambda_total_vector
compare,c,R_compare->q(c),chi_13a,2,rho_2,lambda_mag=0.859130896687337362306036;lambda_phase=1.93405117173838097736219,lambda_mag=0.859130896687337362306036;lambda_phase=1.93405117173838097736219,0,yes,magnitude_phase_pair
operator_audit,d,R_operator_audit->q(d),chi_13a,2,rho_2,lambda_mag=0.859130896687337362306036;lambda_phase=1.93405117173838097736219;lambda_operator=missing_operator_certificate,lambda_mag=0.859130896687337362306036;lambda_phase=1.93405117173838097736219;lambda_operator=missing_operator_certificate,0,yes,lambda_total_vector
compare,c,R_compare->q(c),chi_13a,2,rho_3,lambda_mag=0.171093230274634178790728;lambda_phase=1.56616471403114251743118,lambda_mag=0.171093230274634178790728;lambda_phase=1.56616471403114251743118,0,yes,magnitude_phase_pair
operator_audit,d,R_operator_audit->q(d),chi_13a,2,rho_3,lambda_mag=0.171093230274634178790728;lambda_phase=1.56616471403114251743118;lambda_operator=missing_operator_certificate,lambda_mag=0.171093230274634178790728;lambda_phase=1.56616471403114251743118;lambda_operator=missing_operator_certificate,0,yes,lambda_total_vector
compare,c,R_compare->q(c),chi_13a,3,rho_1,lambda_mag=1.2587176892470289584348;lambda_phase=0.231521880541570055261415,lambda_mag=1.2587176892470289584348;lambda_phase=0.231521880541570055261415,0,yes,magnitude_phase_pair
operator_audit,d,R_operator_audit->q(d),chi_13a,3,rho_1,lambda_mag=1.2587176892470289584348;lambda_phase=0.231521880541570055261415;lambda_operator=missing_operator_certificate,lambda_mag=1.2587176892470289584348;lambda_phase=0.231521880541570055261415;lambda_operator=missing_operator_certificate,0,yes,lambda_total_vector
compare,c,R_compare->q(c),chi_13a,3,rho_2,lambda_mag=1.19570213155031995206749;lambda_phase=1.67983479935475539900101,lambda_mag=1.19570213155031995206749;lambda_phase=1.67983479935475539900101,0,yes,magnitude_phase_pair
operator_audit,d,R_operator_audit->q(d),chi_13a,3,rho_2,lambda_mag=1.19570213155031995206749;lambda_phase=1.67983479935475539900101;lambda_operator=missing_operator_certificate,lambda_mag=1.19570213155031995206749;lambda_phase=1.67983479935475539900101;lambda_operator=missing_operator_certificate,0,yes,lambda_total_vector
compare,c,R_compare->q(c),chi_13a,3,rho_3,lambda_mag=0.32692233377385078549393;lambda_phase=1.84929880390944735795408,lambda_mag=0.32692233377385078549393;lambda_phase=1.84929880390944735795408,0,yes,magnitude_phase_pair
operator_audit,d,R_operator_audit->q(d),chi_13a,3,rho_3,lambda_mag=0.32692233377385078549393;lambda_phase=1.84929880390944735795408;lambda_operator=missing_operator_certificate,lambda_mag=0.32692233377385078549393;lambda_phase=1.84929880390944735795408;lambda_operator=missing_operator_certificate,0,yes,lambda_total_vector
compare,c,R_compare->q(c),chi_13a,4,rho_1,lambda_mag=1.69716187870707268100611;lambda_phase=0.11037046221915778822986,lambda_mag=1.69716187870707268100611;lambda_phase=0.11037046221915778822986,0,yes,magnitude_phase_pair
operator_audit,d,R_operator_audit->q(d),chi_13a,4,rho_1,lambda_mag=1.69716187870707268100611;lambda_phase=0.11037046221915778822986;lambda_operator=missing_operator_certificate,lambda_mag=1.69716187870707268100611;lambda_phase=0.11037046221915778822986;lambda_operator=missing_operator_certificate,0,yes,lambda_total_vector
compare,c,R_compare->q(c),chi_13a,4,rho_2,lambda_mag=1.50746988742097557111312;lambda_phase=1.50050947495858929957971,lambda_mag=1.50746988742097557111312;lambda_phase=1.50050947495858929957971,0,yes,magnitude_phase_pair
operator_audit,d,R_operator_audit->q(d),chi_13a,4,rho_2,lambda_mag=1.50746988742097557111312;lambda_phase=1.50050947495858929957971;lambda_operator=missing_operator_certificate,lambda_mag=1.50746988742097557111312;lambda_phase=1.50050947495858929957971;lambda_operator=missing_operator_certificate,0,yes,lambda_total_vector
compare,c,R_compare->q(c),chi_13a,4,rho_3,lambda_mag=0.52425953534043343306811;lambda_phase=2.09682266765517261100375,lambda_mag=0.52425953534043343306811;lambda_phase=2.09682266765517261100375,0,yes,magnitude_phase_pair
operator_audit,d,R_operator_audit->q(d),chi_13a,4,rho_3,lambda_mag=0.52425953534043343306811;lambda_phase=2.09682266765517261100375;lambda_operator=missing_operator_certificate,lambda_mag=0.52425953534043343306811;lambda_phase=2.09682266765517261100375;lambda_operator=missing_operator_certificate,0,yes,lambda_total_vector
compare,c,R_compare->q(c),chi_13a,5,rho_1,lambda_mag=2.15863225300594301412363;lambda_phase=0.421301851252647727315744,lambda_mag=2.15863225300594301412363;lambda_phase=0.421301851252647727315744,0,yes,magnitude_phase_pair
operator_audit,d,R_operator_audit->q(d),chi_13a,5,rho_1,lambda_mag=2.15863225300594301412363;lambda_phase=0.421301851252647727315744;lambda_operator=missing_operator_certificate,lambda_mag=2.15863225300594301412363;lambda_phase=0.421301851252647727315744;lambda_operator=missing_operator_certificate,0,yes,lambda_total_vector
compare,c,R_compare->q(c),chi_13a,5,rho_2,lambda_mag=1.79317145061372842989689;lambda_phase=1.35431626123503097579156,lambda_mag=1.79317145061372842989689;lambda_phase=1.35431626123503097579156,0,yes,magnitude_phase_pair
operator_audit,d,R_operator_audit->q(d),chi_13a,5,rho_2,lambda_mag=1.79317145061372842989689;lambda_phase=1.35431626123503097579156;lambda_operator=missing_operator_certificate,lambda_mag=1.79317145061372842989689;lambda_phase=1.35431626123503097579156;lambda_operator=missing_operator_certificate,0,yes,lambda_total_vector
compare,c,R_compare->q(c),chi_13a,5,rho_3,lambda_mag=0.750470554920627563843491;lambda_phase=2.32281206685978382999663,lambda_mag=0.750470554920627563843491;lambda_phase=2.32281206685978382999663,0,yes,magnitude_phase_pair
operator_audit,d,R_operator_audit->q(d),chi_13a,5,rho_3,lambda_mag=0.750470554920627563843491;lambda_phase=2.32281206685978382999663;lambda_operator=missing_operator_certificate,lambda_mag=0.750470554920627563843491;lambda_phase=2.32281206685978382999663;lambda_operator=missing_operator_certificate,0,yes,lambda_total_vector
compare,c,R_compare->q(c),chi_13a,6,rho_1,lambda_mag=2.63447641657211278023041;lambda_phase=0.702185181277763810186314,lambda_mag=2.63447641657211278023041;lambda_phase=0.702185181277763810186314,0,yes,magnitude_phase_pair
operator_audit,d,R_operator_audit->q(d),chi_13a,6,rho_1,lambda_mag=2.63447641657211278023041;lambda_phase=0.702185181277763810186314;lambda_operator=missing_operator_certificate,lambda_mag=2.63447641657211278023041;lambda_phase=0.702185181277763810186314;lambda_operator=missing_operator_certificate,0,yes,lambda_total_vector
compare,c,R_compare->q(c),chi_13a,6,rho_2,lambda_mag=2.06422596544611488678848;lambda_phase=1.21673843796103625044583,lambda_mag=2.06422596544611488678848;lambda_phase=1.21673843796103625044583,0,yes,magnitude_phase_pair
operator_audit,d,R_operator_audit->q(d),chi_13a,6,rho_2,lambda_mag=2.06422596544611488678848;lambda_phase=1.21673843796103625044583;lambda_operator=missing_operator_certificate,lambda_mag=2.06422596544611488678848;lambda_phase=1.21673843796103625044583;lambda_operator=missing_operator_certificate,0,yes,lambda_total_vector
compare,c,R_compare->q(c),chi_13a,6,rho_3,lambda_mag=0.998830710106335047939342;lambda_phase=2.53437145975256332197945,lambda_mag=0.998830710106335047939342;lambda_phase=2.53437145975256332197945,0,yes,magnitude_phase_pair
operator_audit,d,R_operator_audit->q(d),chi_13a,6,rho_3,lambda_mag=0.998830710106335047939342;lambda_phase=2.53437145975256332197945;lambda_operator=missing_operator_certificate,lambda_mag=0.998830710106335047939342;lambda_phase=2.53437145975256332197945;lambda_operator=missing_operator_certificate,0,yes,lambda_total_vector
compare,c,R_compare->q(c),chi_13a,7,rho_1,lambda_mag=3.11954595585132732606916;lambda_phase=0.95474729518257583542383,lambda_mag=3.11954595585132732606916;lambda_phase=0.95474729518257583542383,0,yes,magnitude_phase_pair
operator_audit,d,R_operator_audit->q(d),chi_13a,7,rho_1,lambda_mag=3.11954595585132732606916;lambda_phase=0.95474729518257583542383;lambda_operator=missing_operator_certificate,lambda_mag=3.11954595585132732606916;lambda_phase=0.95474729518257583542383;lambda_operator=missing_operator_certificate,0,yes,lambda_total_vector
compare,c,R_compare->q(c),chi_13a,7,rho_2,lambda_mag=2.33407432496687625750164;lambda_phase=1.07758739866857248297109,lambda_mag=2.33407432496687625750164;lambda_phase=1.07758739866857248297109,0,yes,magnitude_phase_pair
operator_audit,d,R_operator_audit->q(d),chi_13a,7,rho_2,lambda_mag=2.33407432496687625750164;lambda_phase=1.07758739866857248297109;lambda_operator=missing_operator_certificate,lambda_mag=2.33407432496687625750164;lambda_phase=1.07758739866857248297109;lambda_operator=missing_operator_certificate,0,yes,lambda_total_vector
compare,c,R_compare->q(c),chi_13a,7,rho_3,lambda_mag=1.26524042464117759917372;lambda_phase=2.73538123672352297515791,lambda_mag=1.26524042464117759917372;lambda_phase=2.73538123672352297515791,0,yes,magnitude_phase_pair
operator_audit,d,R_operator_audit->q(d),chi_13a,7,rho_3,lambda_mag=1.26524042464117759917372;lambda_phase=2.73538123672352297515791;lambda_operator=missing_operator_certificate,lambda_mag=1.26524042464117759917372;lambda_phase=2.73538123672352297515791;lambda_operator=missing_operator_certificate,0,yes,lambda_total_vector
compare,c,R_compare->q(c),chi_13a,8,rho_1,lambda_mag=3.61089163482119961142655;lambda_phase=1.18104667920971445940445,lambda_mag=3.61089163482119961142655;lambda_phase=1.18104667920971445940445,0,yes,magnitude_phase_pair
operator_audit,d,R_operator_audit->q(d),chi_13a,8,rho_1,lambda_mag=3.61089163482119961142655;lambda_phase=1.18104667920971445940445;lambda_operator=missing_operator_certificate,lambda_mag=3.61089163482119961142655;lambda_phase=1.18104667920971445940445;lambda_operator=missing_operator_certificate,0,yes,lambda_total_vector
compare,c,R_compare->q(c),chi_13a,8,rho_2,lambda_mag=2.6122920435152975894354;lambda_phase=0.934884682560881929014919,lambda_mag=2.6122920435152975894354;lambda_phase=0.934884682560881929014919,0,yes,magnitude_phase_pair
operator_audit,d,R_operator_audit->q(d),chi_13a,8,rho_2,lambda_mag=2.6122920435152975894354;lambda_phase=0.934884682560881929014919;lambda_operator=missing_operator_certificate,lambda_mag=2.6122920435152975894354;lambda_phase=0.934884682560881929014919;lambda_operator=missing_operator_certificate,0,yes,lambda_total_vector
compare,c,R_compare->q(c),chi_13a,8,rho_3,lambda_mag=1.54691248269039817412888;lambda_phase=2.92812293685054383016599,lambda_mag=1.54691248269039817412888;lambda_phase=2.92812293685054383016599,0,yes,magnitude_phase_pair
operator_audit,d,R_operator_audit->q(d),chi_13a,8,rho_3,lambda_mag=1.54691248269039817412888;lambda_phase=2.92812293685054383016599;lambda_operator=missing_operator_certificate,lambda_mag=1.54691248269039817412888;lambda_phase=2.92812293685054383016599;lambda_operator=missing_operator_certificate,0,yes,lambda_total_vector
compare,c,R_compare->q(c),chi_13a,9,rho_1,lambda_mag=4.10684219454459127943646;lambda_phase=1.38326367063180650720114,lambda_mag=4.10684219454459127943646;lambda_phase=1.38326367063180650720114,0,yes,magnitude_phase_pair
operator_audit,d,R_operator_audit->q(d),chi_13a,9,rho_1,lambda_mag=4.10684219454459127943646;lambda_phase=1.38326367063180650720114;lambda_operator=missing_operator_certificate,lambda_mag=4.10684219454459127943646;lambda_phase=1.38326367063180650720114;lambda_operator=missing_operator_certificate,0,yes,lambda_total_vector
compare,c,R_compare->q(c),chi_13a,9,rho_2,lambda_mag=2.9039730447041547698179;lambda_phase=0.78982104360903178777333,lambda_mag=2.9039730447041547698179;lambda_phase=0.78982104360903178777333,0,yes,magnitude_phase_pair
operator_audit,d,R_operator_audit->q(d),chi_13a,9,rho_2,lambda_mag=2.9039730447041547698179;lambda_phase=0.78982104360903178777333;lambda_operator=missing_operator_certificate,lambda_mag=2.9039730447041547698179;lambda_phase=0.78982104360903178777333;lambda_operator=missing_operator_certificate,0,yes,lambda_total_vector
compare,c,R_compare->q(c),chi_13a,9,rho_3,lambda_mag=1.84181636320670697129613;lambda_phase=3.11404557021075969022789,lambda_mag=1.84181636320670697129613;lambda_phase=3.11404557021075969022789,0,yes,magnitude_phase_pair
operator_audit,d,R_operator_audit->q(d),chi_13a,9,rho_3,lambda_mag=1.84181636320670697129613;lambda_phase=3.11404557021075969022789;lambda_operator=missing_operator_certificate,lambda_mag=1.84181636320670697129613;lambda_phase=3.11404557021075969022789;lambda_operator=missing_operator_certificate,0,yes,lambda_total_vector
compare,c,R_compare->q(c),chi_13a,10,rho_1,lambda_mag=4.60642808949002229774482;lambda_phase=1.56357919628732333744419,lambda_mag=4.60642808949002229774482;lambda_phase=1.56357919628732333744419,0,yes,magnitude_phase_pair
operator_audit,d,R_operator_audit->q(d),chi_13a,10,rho_1,lambda_mag=4.60642808949002229774482;lambda_phase=1.56357919628732333744419;lambda_operator=missing_operator_certificate,lambda_mag=4.60642808949002229774482;lambda_phase=1.56357919628732333744419;lambda_operator=missing_operator_certificate,0,yes,lambda_total_vector
compare,c,R_compare->q(c),chi_13a,10,rho_2,lambda_mag=3.21106248803782314530934;lambda_phase=0.644243691578748173382685,lambda_mag=3.21106248803782314530934;lambda_phase=0.644243691578748173382685,0,yes,magnitude_phase_pair
operator_audit,d,R_operator_audit->q(d),chi_13a,10,rho_2,lambda_mag=3.21106248803782314530934;lambda_phase=0.644243691578748173382685;lambda_operator=missing_operator_certificate,lambda_mag=3.21106248803782314530934;lambda_phase=0.644243691578748173382685;lambda_operator=missing_operator_certificate,0,yes,lambda_total_vector
compare,c,R_compare->q(c),chi_13a,10,rho_3,lambda_mag=2.1484032995670115713305;lambda_phase=2.98906778774617544538027,lambda_mag=2.1484032995670115713305;lambda_phase=2.98906778774617544538027,0,yes,magnitude_phase_pair
operator_audit,d,R_operator_audit->q(d),chi_13a,10,rho_3,lambda_mag=2.1484032995670115713305;lambda_phase=2.98906778774617544538027;lambda_operator=missing_operator_certificate,lambda_mag=2.1484032995670115713305;lambda_phase=2.98906778774617544538027;lambda_operator=missing_operator_certificate,0,yes,lambda_total_vector
