xi,signed_symbol,repair_constant,repaired_symbol
-40.0,3.7047415323580855,5.362639533356881,9.067381065714967
-39.98,3.687229403841594,5.362639533356881,9.049868937198475
-39.96,3.6680909756738185,5.362639533356881,9.0307305090307
-39.94,3.6473311446854706,5.362639533356881,9.009970678042352
-39.92,3.6249554968003728,5.362639533356881,8.987595030157253
-39.9,3.600970305191249,5.362639533356881,8.96360983854813
-39.88,3.5753825281217195,5.362639533356881,8.9380220614786
-39.86,3.5481998064750866,5.362639533356881,8.910839339831968
-39.84,3.5194304609712015,5.362639533356881,8.882069994328083
-39.82,3.4890834890723026,5.362639533356881,8.851723022429184
-39.8,3.4571685615795014,5.362639533356881,8.819808094936382
-39.78,3.4236960189209777,5.362639533356881,8.786335552277858
-39.76,3.3886768671337832,5.362639533356881,8.751316400490664
-39.74,3.3521227735409154,5.362639533356881,8.714762306897796
-39.72,3.314046062125487,5.362639533356881,8.676685595482368
-39.7,3.274459708604192,5.362639533356881,8.637099241961073
-39.68,3.2333773352020327,5.362639533356881,8.596016868558914
-39.66,3.190813205130909,5.362639533356881,8.55345273848779
-39.64,3.1467822167742168,5.362639533356881,8.509421750131098
-39.62,3.1012998975802812,5.362639533356881,8.463939430937163
-39.6,3.0543823976673714,5.362639533356881,8.417021931024252
-39.58,3.00604648314293,5.362639533356881,8.368686016499812
-39.56,2.95630952914045,5.362639533356881,8.318949062497332
-39.54,2.9051895125765395,5.362639533356881,8.267829045933421
-39.52,2.852705004632233,5.362639533356881,8.215344537989115
-39.5,2.7988751629610853,5.362639533356881,8.161514696317965
-39.48,2.74371972362838,5.362639533356881,8.106359256985261
-39.46,2.6872589927846096,5.362639533356881,8.04989852614149
-39.44,2.6295138380770435,5.362639533356881,7.992153371433925
-39.42,2.5705056798037496,5.362639533356881,7.93314521316063
-39.4,2.5102564818133777,5.362639533356881,7.872896015170259
-39.38,2.4487887421556223,5.362639533356881,7.811428275512503
-39.36,2.386125483485987,5.362639533356881,7.748765016842868
-39.34,2.3222902432297183,5.362639533356881,7.6849297765866
-39.32,2.2573070635090646,5.362639533356881,7.619946596865946
-39.3,2.1912004808387593,5.362639533356881,7.55384001419564
-39.28,2.1239955155943,5.362639533356881,7.486635048951181
-39.26,2.0557176612576846,5.362639533356881,7.418357194614566
-39.24,1.986392873446074,5.362639533356881,7.349032406802955
-39.22,1.9160475587277523,5.362639533356881,7.278687092084633
-39.2,1.8447085632311144,5.362639533356881,7.207348096587996
-39.18,1.7724031610513875,5.362639533356881,7.135042694408268
-39.16,1.6991590424610374,5.362639533356881,7.061798575817918
-39.14,1.6250043019285934,5.362639533356881,6.987643835285475
-39.12,1.5499674259519278,5.362639533356881,6.912606959308809
-39.1,1.4740772807114757,5.362639533356881,6.836716814068357
-39.08,1.3973630995488924,5.362639533356881,6.760002632905773
-39.06,1.3198544702771984,5.362639533356881,6.68249400363408
-39.04,1.241581322327911,5.362639533356881,6.604220855684792
-39.02,1.1625739137417326,5.362639533356881,6.525213447098613
-39.0,1.0828628180077782,5.362639533356881,6.445502351364659
-38.98,1.0024789107586463,5.362639533356881,6.365118444115527
-38.96,0.9214533563263663,5.362639533356881,6.284092889683247
-38.94,0.8398175941660333,5.362639533356881,6.202457127522914
-38.92,0.7576033251536123,5.362639533356881,6.120242858510493
-38.9,0.6748424977632828,5.362639533356881,6.037482031120164
-38.88,0.5915672941320562,5.362639533356881,5.954206827488937
-38.86,0.5078101160166775,5.362639533356881,5.870449649373558
-38.84,0.4236035706506729,5.362639533356881,5.7862431040075535
-38.82,0.3389804565069552,5.362639533356881,5.701619989863836
-38.8,0.25397374897327474,5.362639533356881,5.616613282330156
-38.78,0.16861658594693862,5.362639533356881,5.531256119303819
-38.76,0.0829422533550952,5.362639533356881,5.445581786711976
-38.74,-0.0030158293917477152,5.362639533356881,5.359623703965133
-38.72,-0.08922412400760926,5.362639533356881,5.273415409349272
-38.7,-0.17564898799219542,5.362639533356881,5.186990545364686
-38.68,-0.26225668933962565,5.362639533356881,5.100382844017256
-38.66,-0.3490134212872209,5.362639533356881,5.013626112069661
-38.64,-0.4358853170978243,5.362639533356881,4.926754216259057
-38.62,-0.5228384648690252,5.362639533356881,4.839801068487856
-38.6,-0.6098389223617291,5.362639533356881,4.752800610995152
-38.58,-0.6968527318420987,5.362639533356881,4.665786801514782
-38.56,-0.7838459349292566,5.362639533356881,4.578793598427625
-38.54,-0.8707845874423961,5.362639533356881,4.4918549459144845
-38.52,-0.9576347742400406,5.362639533356881,4.40500475911684
-38.5,-1.0443626240450399,5.362639533356881,4.318276909311841
-38.48,-1.130934324247693,5.362639533356881,4.2317052091091885
-38.46,-1.217316135681164,5.362639533356881,4.145323397675718
-38.44,-1.3034744073614797,5.362639533356881,4.059165125995401
-38.42,-1.3893755911856656,5.362639533356881,3.9732639421712155
-38.4,-1.4749862565813765,5.362639533356881,3.8876532767755045
-38.38,-1.5602731051006642,5.362639533356881,3.802366428256217
-38.36,-1.6452029849520662,5.362639533356881,3.717436548404815
-38.34,-1.729742905463125,5.362639533356881,3.6328966278937562
-38.32,-1.8138600514679282,5.362639533356881,3.548779481888953
-38.3,-1.8975217976118186,5.362639533356881,3.4651177357450624
-38.28,-1.9806957225674668,5.362639533356881,3.381943810789414
-38.26,-2.0633496231556903,5.362639533356881,3.299289910201191
-38.24,-2.145451528363722,5.362639533356881,3.217188004993159
-38.22,-2.226969713255717,5.362639533356881,3.135669820101164
-38.2,-2.307872712767792,5.362639533356881,3.054766820589089
-38.18,-2.388129335382239,5.362639533356881,2.974510197974642
-38.16,-2.4677086766739347,5.362639533356881,2.8949308566829464
-38.14,-2.5465801327229975,5.362639533356881,2.8160594006338835
-38.12,-2.624713413387698,5.362639533356881,2.737926119969183
-38.1,-2.7020785554307603,5.362639533356881,2.660560977926121
-38.08,-2.7786459354941297,5.362639533356881,2.5839935978627513
-38.06,-2.8543862829150206,5.362639533356881,2.5082532504418604
-38.04,-2.929270692378352,5.362639533356881,2.4333688409785292
-38.02,-3.0032706363990735,5.362639533356881,2.3593688969578075
-38.0,-3.076357977629148,5.362639533356881,2.286281555727733
-37.98,-3.148504980982855,5.362639533356881,2.214134552374026
-37.96,-3.219684325575737,5.362639533356881,2.142955207781144
-37.94,-3.2898691164709244,5.362639533356881,2.0727704168859566
-37.92,-3.3590328962277862,5.362639533356881,2.003606637129095
-37.9,-3.427149656247707,5.362639533356881,1.9354898771091742
-37.88,-3.494193847911432,5.362639533356881,1.8684456854454492
-37.86,-3.5601403935033584,5.362639533356881,1.8024991398535226
-37.84,-3.6249646969171483,5.362639533356881,1.7376748364397328
-37.82,-3.688642654138608,5.362639533356881,1.6739968792182731
-37.8,-3.751150663499988,5.362639533356881,1.6114888698568932
-37.78,-3.8124656357020488,5.362639533356881,1.5501738976548323
-37.76,-3.872565003598683,5.362639533356881,1.490074529758198
-37.74,-3.931426731739619,5.362639533356881,1.4312128016172618
-37.72,-3.9890293256674743,5.362639533356881,1.3736102076894068
-37.7,-4.045351840963953,5.362639533356881,1.3172876923929282
-37.68,-4.100373892042151,5.362639533356881,1.2622656413147304
-37.66,-4.15407566068003,5.362639533356881,1.2085638726768506
-37.64,-4.206437904291791,5.362639533356881,1.15620162906509
-37.62,-4.25744196393334,5.362639533356881,1.1051975694235407
-37.6,-4.3070697720377495,5.362639533356881,1.0555697613191315
-37.58,-4.3553038598780045,5.362639533356881,1.0073356734788765
-37.56,-4.40212736475287,5.362639533356881,0.9605121686040112
-37.54,-4.447524036893389,5.362639533356881,0.9151154964634918
-37.52,-4.491478246086221,5.362639533356881,0.8711612872706604
-37.5,-4.533974988011454,5.362639533356881,0.8286645453454273
-37.48,-4.574999890291659,5.362639533356881,0.7876396430652219
-37.46,-4.614539218249651,5.362639533356881,0.7481003151072301
-37.44,-4.652579880372548,5.362639533356881,0.7100596529843326
-37.42,-4.689109433479279,5.362639533356881,0.6735300998776017
-37.4,-4.724116087589811,5.362639533356881,0.6385234457670697
-37.38,-4.757588710493546,5.362639533356881,0.6050508228633351
-37.36,-4.7895168320151225,5.362639533356881,0.5731227013417586
-37.34,-4.81989064797568,5.362639533356881,0.5427488853812008
-37.32,-4.848701023847915,5.362639533356881,0.5139385095089661
-37.3,-4.8759394981033415,5.362639533356881,0.48670003525353955
-37.28,-4.901598285250405,5.362639533356881,0.4610412481064756
-37.26,-4.925670278562173,5.362639533356881,0.4369692547947084
-37.24,-4.948149052492328,5.362639533356881,0.4144904808645533
-37.22,-4.969028864778824,5.362639533356881,0.3936106685780567
-37.2,-4.988304658233967,5.362639533356881,0.37433487512291386
-37.18,-5.005972062220639,5.362639533356881,0.35666747113624186
-37.16,-5.022027393813825,5.362639533356881,0.34061213954305636
-37.14,-5.036467658647266,5.362639533356881,0.3261718747096154
-37.12,-5.049290551444962,5.362639533356881,0.3133489819119193
-37.1,-5.060494456237306,5.362639533356881,0.30214507711957506
-37.08,-5.070078446262176,5.362639533356881,0.29256108709470485
-37.06,-5.078042283550944,5.362639533356881,0.2845972498059375
-37.04,-5.08438641819997,5.362639533356881,0.278253115156911
-37.02,-5.089111987327907,5.362639533356881,0.27352754602897367
-37.0,-5.092220813719687,5.362639533356881,0.27041871963719366
-36.98,-5.093715404157796,5.362639533356881,0.26892412919908537
-36.96,-5.09359894744195,5.362639533356881,0.2690405859149312
-36.94,-5.091875312098173,5.362639533356881,0.270764221258708
-36.92,-5.088549043778609,5.362639533356881,0.2740904895782723
-36.9,-5.083625362353361,5.362639533356881,0.2790141710035199
-36.88,-5.077110158696026,5.362639533356881,0.2855293746608547
-36.86,-5.069009991164529,5.362639533356881,0.2936295421923516
-36.84,-5.059332081779066,5.362639533356881,0.30330745157781536
-36.82,-5.048084312099171,5.362639533356881,0.3145552212577103
-36.8,-5.035275218802089,5.362639533356881,0.3273643145547922
-36.78,-5.020913988964497,5.362639533356881,0.3417255443923839
-36.76,-5.005010455050232,5.362639533356881,0.35762907830664936
-36.74,-4.987575089606305,5.362639533356881,0.3750644437505759
-36.72,-4.968618999670093,5.362639533356881,0.39402053368678835
-36.7,-4.948153920890317,5.362639533356881,0.4144856124665637
-36.68,-4.926192211364879,5.362639533356881,0.4364473219920022
-36.66,-4.90274684519863,5.362639533356881,0.45989268815825124
-36.64,-4.877831405784077,5.362639533356881,0.484808127572804
-36.62,-4.851460078808677,5.362639533356881,0.5111794545482038
-36.6,-4.823647644991881,5.362639533356881,0.5389918883650004
-36.58,-4.794409472555671,5.362639533356881,0.5682300608012101
-36.56,-4.763761509432381,5.362639533356881,0.5988780239244997
-36.54,-4.731720275213267,5.362639533356881,0.6309192581436136
-36.52,-4.698302852842381,5.362639533356881,0.6643366805145003
-36.5,-4.663526880059107,5.362639533356881,0.6991126532977736
-36.48,-4.627410540594244,5.362639533356881,0.7352289927626368
-36.46,-4.589972555123464,5.362639533356881,0.772666978233417
-36.44,-4.551232171982635,5.362639533356881,0.8114073613742461
-36.42,-4.511209157649906,5.362639533356881,0.8514303757069754
-36.4,-4.469923786998516,5.362639533356881,0.8927157463583653
-36.38,-4.427396833325905,5.362639533356881,0.935242700030976
-36.36,-4.3836495581631,5.362639533356881,0.9789899751937812
-36.34,-4.338703700870115,5.362639533356881,1.0239358324867665
-36.32,-4.292581468021865,5.362639533356881,1.070058065335016
-36.3,-4.245305522589982,5.362639533356881,1.117334010766899
-36.28,-4.196898972925816,5.362639533356881,1.1657405604310647
-36.26,-4.147385361549654,5.362639533356881,1.215254171807227
-36.24,-4.096788653752066,5.362639533356881,1.2658508796048151
-36.22,-4.045133226012432,5.362639533356881,1.3175063073444493
-36.2,-3.9924438542404803,5.362639533356881,1.3701956791164007
-36.18,-3.9387457018464613,5.362639533356881,1.4238938315104197
-36.16,-3.8840643076457115,5.362639533356881,1.4785752257111695
-36.14,-3.8284255736034147,5.362639533356881,1.5342139597534663
-36.12,-3.7718557524254988,5.362639533356881,1.5907837809313823
-36.1,-3.7143814350016213,5.362639533356881,1.6482580983552597
-36.08,-3.6560295377062597,5.362639533356881,1.7066099956506213
-36.06,-3.596827289564094,5.362639533356881,1.7658122437927872
-36.04,-3.53680221928564,5.362639533356881,1.825837314071241
-36.02,-3.475982142179824,5.362639533356881,1.886657391177057
-36.0,-3.414395146948964,5.362639533356881,1.948244386407917
-35.98,-3.352069582373558,5.362639533356881,2.010569950983323
-35.96,-3.289034043892203,5.362639533356881,2.073605489464678
-35.94,-3.2253173600837526,5.362639533356881,2.1373221732731285
-35.92,-3.160948579058181,5.362639533356881,2.2016909542987
-35.9,-3.0959569547619794,5.362639533356881,2.2666825785949016
-35.88,-3.0303719332057493,5.362639533356881,2.3322676001511318
-35.86,-2.9642231386193103,5.362639533356881,2.3984163947375707
-35.84,-2.8975403595421145,5.362639533356881,2.4650991738147665
-35.82,-2.8303535348547277,5.362639533356881,2.5322859985021533
-35.8,-2.7626927397584993,5.362639533356881,2.5999467935983818
-35.78,-2.6945881717100804,5.362639533356881,2.6680513616468007
-35.76,-2.626070136317065,5.362639533356881,2.736569397039816
-35.74,-2.5571690332023573,5.362639533356881,2.8054705001545237
-35.72,-2.487915341842807,5.362639533356881,2.874724191514074
-35.7,-2.4183396073900525,5.362639533356881,2.9442999259668285
-35.68,-2.348472426479383,5.362639533356881,3.014167106877498
-35.66,-2.278344433033874,5.362639533356881,3.0842951003230072
-35.64,-2.2079862840704543,5.362639533356881,3.1546532492864268
-35.62,-2.1374286455143037,5.362639533356881,3.2252108878425774
-35.6,-2.0667021780290074,5.362639533356881,3.2959373553278737
-35.58,-1.9958375228684297,5.362639533356881,3.3668020104884513
-35.56,-1.9248652877575165,5.362639533356881,3.4377742455993645
-35.54,-1.8538160328084703,5.362639533356881,3.5088235005484107
-35.519999999999996,-1.7827202564791162,5.362639533356881,3.5799192768777646
-35.5,-1.7116083815799663,5.362639533356881,3.6510311517769147
-35.48,-1.6405107413366709,5.362639533356881,3.72212879202021
-35.46,-1.5694575655144596,5.362639533356881,3.7931819678424215
-35.44,-1.4984789666110232,5.362639533356881,3.864160566745858
-35.42,-1.427604926124535,5.362639533356881,3.935034607232346
-35.4,-1.356865280902957,5.362639533356881,4.005774252453924
-35.38,-1.28628970958165,5.362639533356881,4.076349823775232
-35.36,-1.2159077191147536,5.362639533356881,4.146731814242127
-35.34,-1.1457486314078638,5.362639533356881,4.216890901949017
-35.32,-1.0758415700569994,5.362639533356881,4.286797963299882
-35.3,-1.0062154472012579,5.362639533356881,4.356424086155624
-35.28,-0.9368989504945859,5.362639533356881,4.425740582862295
-35.26,-0.8679205302028181,5.362639533356881,4.494719003154063
-35.24,-0.7993083864327102,5.362639533356881,4.56333114692417
-35.22,-0.73109045649783,5.362639533356881,4.631549076859051
-35.2,-0.6632944024284534,5.362639533356881,4.699345130928427
-35.18,-0.5959475986301017,5.362639533356881,4.766691934726779
-35.16,-0.5290771196975536,5.362639533356881,4.833562413659328
-35.14,-0.46270972838928537,5.362639533356881,4.899929804967596
-35.12,-0.39687186376809935,5.362639533356881,4.965767669588781
-35.1,-0.33158962951392523,5.362639533356881,5.0310499038429555
-35.08,-0.2668887824133591,5.362639533356881,5.095750750943522
-35.06,-0.2027947210322485,5.362639533356881,5.159844812324632
-35.04,-0.13933247457577824,5.362639533356881,5.223307058781103
-35.019999999999996,-0.07652669194175643,5.362639533356881,5.286112841415124
-35.0,-0.014401630971926593,5.362639533356881,5.3482379023849544
-34.98,0.047018852093852925,5.362639533356881,5.409658385450734
-34.96,0.10771131295521286,5.362639533356881,5.470350846312094
-34.94,0.16765272937651843,5.362639533356881,5.5302922627334
-34.92,0.2268205110945667,5.362639533356881,5.589460044451448
-34.9,0.2851925095045631,5.362639533356881,5.647832042861444
-34.88,0.34274702711965166,5.362639533356881,5.705386560476533
-34.86,0.39946282679998435,5.362639533356881,5.762102360156866
-34.84,0.4553191407466057,5.362639533356881,5.817958674103487
-34.82,0.5102956792568036,5.362639533356881,5.872935212613685
-34.8,0.5643726392360773,5.362639533356881,5.927012172592958
-34.78,0.6175307124636258,5.362639533356881,5.980170245820506
-34.76,0.6697510936071965,5.362639533356881,6.0323906269640775
-34.74,0.7210154879835664,5.362639533356881,6.083655021340448
-34.72,0.7713061190617359,5.362639533356881,6.133945652418617
-34.7,0.8206057357046885,5.362639533356881,6.18324526906157
-34.68,0.8688976191472833,5.362639533356881,6.231537152504164
-34.66,0.9161655897064032,5.362639533356881,6.278805123063284
-34.64,0.9623940132209738,5.362639533356881,6.325033546577854
-34.62,1.007567807218801,5.362639533356881,6.370207340575682
-34.6,1.0516724468072738,5.362639533356881,6.414311980164155
-34.58,1.0946939702859104,5.362639533356881,6.457333503642792
-34.56,1.136618984477606,5.362639533356881,6.4992585178344875
-34.54,1.1774346697770022,5.362639533356881,6.540074203133884
-34.519999999999996,1.217128784913188,5.362639533356881,6.5797683182700695
-34.5,1.2556896714251087,5.362639533356881,6.61832920478199
-34.48,1.2931062578477337,5.362639533356881,6.655745791204614
-34.46,1.329368063606944,5.362639533356881,6.692007596963825
-34.44,1.3644652026220518,5.362639533356881,6.727104735978933
-34.42,1.3983883866139633,5.362639533356881,6.761027919970845
-34.4,1.4311289281181196,5.362639533356881,6.7937684614750005
-34.38,1.4626787432006534,5.362639533356881,6.825318276557534
-34.36,1.4930303538770844,5.362639533356881,6.855669887233965
-34.34,1.522176890232368,5.362639533356881,6.884816423589249
-34.32,1.550112092241849,5.362639533356881,6.91275162559873
-34.3,1.576830311292203,5.362639533356881,6.939469844649084
-34.28,1.6023265114022345,5.362639533356881,6.964966044759116
-34.26,1.6265962701430612,5.362639533356881,6.989235803499942
-34.24,1.6496357792574912,5.362639533356881,7.012275312614372
-34.22,1.67144184497879,5.362639533356881,7.034081378335671
-34.2,1.6920118880486803,5.362639533356881,7.054651421405561
-34.18,1.7113439434351623,5.362639533356881,7.073983476792043
-34.16,1.729436659750361,5.362639533356881,7.092076193107242
-34.14,1.7462892983690759,5.362639533356881,7.108928831725957
-34.12,1.761901732248748,5.362639533356881,7.124541265605629
-34.1,1.7762744444517047,5.362639533356881,7.138913977808586
-34.08,1.789408526370618,5.362639533356881,7.152048059727499
-34.06,1.8013056756584815,5.362639533356881,7.163945209015362
-34.04,1.8119681938642431,5.362639533356881,7.174607727221124
-34.019999999999996,1.8213989837756561,5.362639533356881,7.184038517132537
-34.0,1.8296015464708475,5.362639533356881,7.1922410798277285
-33.98,1.8365799780803296,5.362639533356881,7.19921951143721
-33.96,1.8423389662614065,5.362639533356881,7.204978499618288
-33.94,1.8468837863868193,5.362639533356881,7.209523319743701
-33.92,1.85022029744994,5.362639533356881,7.212859830806821
-33.9,1.8523549376886463,5.362639533356881,7.214994471045527
-33.88,1.8532947199303351,5.362639533356881,7.215934253287216
-33.86,1.8530472266607068,5.362639533356881,7.215686760017588
-33.84,1.8516206048188035,5.362639533356881,7.214260138175685
-33.82,1.849023560321367,5.362639533356881,7.211663093678248
-33.8,1.8452653523191547,5.362639533356881,7.207904885676036
-33.78,1.8403557871885727,5.362639533356881,7.202995320545454
-33.76,1.8343052122616619,5.362639533356881,7.196944745618543
-33.74,1.827124509297724,5.362639533356881,7.1897640426546054
-33.72,1.8188250877002323,5.362639533356881,7.181464621057113
-33.7,1.8094188774823072,5.362639533356881,7.172058410839188
-33.68,1.7989183219846931,5.362639533356881,7.161557855341574
-33.66,1.7873363703500127,5.362639533356881,7.149975903706894
-33.64,1.7746864697569893,5.362639533356881,7.13732600311387
-33.62,1.7609825574190623,5.362639533356881,7.123622090775943
-33.6,1.7462390523511426,5.362639533356881,7.108878585708023
-33.58,1.7304708469090861,5.362639533356881,7.093110380265967
-33.56,1.7136932981061856,5.362639533356881,7.076332831463066
-33.54,1.695922218710927,5.362639533356881,7.058561752067808
-33.519999999999996,1.6771738681310175,5.362639533356881,7.039813401487899
-33.5,1.6574649430879278,5.362639533356881,7.020104476444809
-33.48,1.6368125680870345,5.362639533356881,6.999452101443915
-33.46,1.615234285688254,5.362639533356881,6.977873819045135
-33.44,1.592748046581788,5.362639533356881,6.9553875799386695
-33.42,1.5693721994746188,5.362639533356881,6.9320117328315
-33.4,1.5451254807922734,5.362639533356881,6.907765014149154
-33.38,1.520027004201796,5.362639533356881,6.882666537558677
-33.36,1.4940962499605528,5.362639533356881,6.856735783317434
-33.34,1.467353054096884,5.362639533356881,6.829992587453765
-33.32,1.4398175974277494,5.362639533356881,6.802457130784631
-33.3,1.4115103944190055,5.362639533356881,6.774149927775887
-33.28,1.382452281894127,5.362639533356881,6.745091815251008
-33.26,1.352664407596731,5.362639533356881,6.715303940953612
-33.24,1.3221682186131523,5.362639533356881,6.684807751970033
-33.22,1.2909854496605617,5.362639533356881,6.653624983017442
-33.2,1.2591381112466442,5.362639533356881,6.621777644603525
-33.18,1.2266484777069466,5.362639533356881,6.589288011063828
-33.16,1.1935390751256707,5.362639533356881,6.5561786084825515
-33.14,1.1598326691462373,5.362639533356881,6.522472202503119
-33.12,1.1255522526776773,5.362639533356881,6.488191786034559
-33.1,1.0907210335029172,5.362639533356881,6.453360566859798
-33.08,1.0553624217953992,5.362639533356881,6.41800195515228
-33.06,1.0195000175501625,5.362639533356881,6.382139550907043
-33.04,0.983157597935647,5.362639533356881,6.345797131292528
-33.019999999999996,0.9463591045729065,5.362639533356881,6.308998637929788
-33.0,0.9091286307480195,5.362639533356881,6.2717681641049
-32.98,0.8714904085647266,5.362639533356881,6.234129941921608
-32.96,0.8334687960433391,5.362639533356881,6.19610832940022
-32.94,0.7950882641724046,5.362639533356881,6.157727797529286
-32.92,0.7563733839199882,5.362639533356881,6.119012917276869
-32.9,0.717348813210323,5.362639533356881,6.0799883465672035
-32.88,0.6780392838732987,5.362639533356881,6.04067881723018
-32.86,0.6384695885723053,5.362639533356881,6.001109121929186
-32.84,0.5986645677179192,5.362639533356881,5.9613041010748
-32.82,0.5586490963730641,5.362639533356881,5.921288629729945
-32.8,0.5184480711569615,5.362639533356881,5.8810876045138425
-32.78,0.47808639715394374,5.362639533356881,5.840725930510825
-32.76,0.43758897483358306,5.362639533356881,5.8002285081904645
-32.74,0.39698068698923494,5.362639533356881,5.759620220346116
-32.72,0.35628638570063353,5.362639533356881,5.718925919057515
-32.7,0.31553087932792057,5.362639533356881,5.678170412684802
-32.68,0.2747389195429384,5.362639533356881,5.637378452899819
-32.66,0.2339351884044496,5.362639533356881,5.59657472176133
-32.64,0.19314428548390516,5.362639533356881,5.555783818840786
-32.62,0.1523907150476922,5.362639533356881,5.515030248404573
-32.6,0.11169887330281814,5.362639533356881,5.474338406659699
-32.58,0.07109303571189063,5.362639533356881,5.433732569068772
-32.56,0.030597344383864744,5.362639533356881,5.393236877740746
-32.54,-0.009764204453101222,5.362639533356881,5.35287532890378
-32.519999999999996,-0.049967772890619155,5.362639533356881,5.312671760466262
-32.5,-0.08998969368461163,5.362639533356881,5.272649839672269
-32.48,-0.12980648249926707,5.362639533356881,5.232833050857614
-32.46,-0.16939485004452148,5.362639533356881,5.1932446833123596
-32.44,-0.2087317141007925,5.362639533356881,5.153907819256089
-32.42,-0.2477942114252234,5.362639533356881,5.114845321931657
-32.4,-0.28655970953349463,5.362639533356881,5.076079823823386
-32.38,-0.3250058183511557,5.362639533356881,5.037633715005725
-32.36,-0.36311040172924747,5.362639533356881,4.999529131627634
-32.34,-0.40085158881772953,5.362639533356881,4.961787944539152
-32.32,-0.43820778529197346,5.362639533356881,4.924431748064908
-32.3,-0.4751576844260028,5.362639533356881,4.887481848930879
-32.28,-0.5116802780074452,5.362639533356881,4.850959255349435
-32.26,-0.5477548670888646,5.362639533356881,4.814884666268016
-32.24,-0.5833610725696428,5.362639533356881,4.779278460787238
-32.22,-0.618478845603986,5.362639533356881,4.7441606877528955
-32.2,-0.6530884778290362,5.362639533356881,4.709551055527845
-32.18,-0.6871706114089164,5.362639533356881,4.675468921947965
-32.16,-0.7207062488890159,5.362639533356881,4.641933284467865
-32.14,-0.7536767628560792,5.362639533356881,4.608962770500802
-32.12,-0.7860639053993883,5.362639533356881,4.576575627957492
-32.1,-0.8178498173679336,5.362639533356881,4.544789715988948
-32.08,-0.8490170374196646,5.362639533356881,4.513622495937216
-32.06,-0.8795485108577195,5.362639533356881,4.483091022499162
-32.04,-0.9094275982497813,5.362639533356881,4.4532119351071
-32.019999999999996,-0.9386380838260768,5.362639533356881,4.424001449530804
-32.0,-0.9671641836519309,5.362639533356881,4.395475349704951
-31.98,-0.9949905535709913,5.362639533356881,4.36764897978589
-31.96,-1.0221022969149582,5.362639533356881,4.340537236441923
-31.939999999999998,-1.0484849719763742,5.362639533356881,4.314154561380507
-31.92,-1.0741245992405104,5.362639533356881,4.288514934116371
-31.9,-1.0990076683730403,5.362639533356881,4.263631864983841
-31.88,-1.1231211449599234,5.362639533356881,4.239518388396958
-31.86,-1.146452476996279,5.362639533356881,4.216187056360602
-31.84,-1.1689896011210732,5.362639533356881,4.193649932235807
-31.82,-1.190720948594544,5.362639533356881,4.171918584762337
-31.8,-1.2116354510154985,5.362639533356881,4.151004082341382
-31.78,-1.2317225457756353,5.362639533356881,4.130916987581246
-31.759999999999998,-1.2509721812483336,5.362639533356881,4.111667352108547
-31.740000000000002,-1.269374821709199,5.362639533356881,4.093264711647683
-31.72,-1.2869214519862897,5.362639533356881,4.075718081370591
-31.7,-1.303603581837387,5.362639533356881,4.059035951519494
-31.68,-1.3194132500525422,5.362639533356881,4.043226283304339
-31.66,-1.3343430282796582,5.362639533356881,4.028296505077223
-31.64,-1.3483860245714667,5.362639533356881,4.014253508785414
-31.619999999999997,-1.3615358866519727,5.362639533356881,4.001103646704909
-31.6,-1.3737868049010484,5.362639533356881,3.9888527284558326
-31.58,-1.385133515055569,5.362639533356881,3.977506018301312
-31.560000000000002,-1.395571300625842,5.362639533356881,3.967068232731039
-31.54,-1.4050959950262971,5.362639533356881,3.957543538330584
-31.52,-1.413703983419265,5.362639533356881,3.948935549937616
-31.5,-1.421392204271105,5.362639533356881,3.941247329085776
-31.48,-1.4281581506199528,5.362639533356881,3.9344813827369283
-31.46,-1.4339998710544792,5.362639533356881,3.928639662302402
-31.439999999999998,-1.4389159704032481,5.362639533356881,3.923723562953633
-31.42,-1.4429056101344058,5.362639533356881,3.9197339232224753
-31.4,-1.4459685084655476,5.362639533356881,3.9166710248913335
-31.38,-1.4481049401837454,5.362639533356881,3.9145345931731357
-31.36,-1.4493157361759357,5.362639533356881,3.9133237971809454
-31.34,-1.449602282669903,5.362639533356881,3.913037250686978
-31.32,-1.448966520186334,5.362639533356881,3.913673013170547
-31.299999999999997,-1.4474109422024979,5.362639533356881,3.915228591154383
-31.28,-1.4449385935282892,5.362639533356881,3.917700939828592
-31.259999999999998,-1.4415530683954945,5.362639533356881,3.9210864649613866
-31.240000000000002,-1.4372585082612668,5.362639533356881,3.9253810250956143
-31.22,-1.432059599327002,5.362639533356881,3.930579934029879
-31.2,-1.4259615697738766,5.362639533356881,3.9366779635830045
-31.18,-1.4189701867164892,5.362639533356881,3.943669346640392
-31.16,-1.4110917528761382,5.362639533356881,3.951547780480743
-31.14,-1.4023331029755353,5.362639533356881,3.9603064303813458
-31.119999999999997,-1.3927015998566863,5.362639533356881,3.9699379335001947
-31.1,-1.3822051303240679,5.362639533356881,3.980434403032813
-31.08,-1.370852100715032,5.362639533356881,3.991787432641849
-31.060000000000002,-1.3586514321999323,5.362639533356881,4.003988101156949
-31.04,-1.3456125558140966,5.362639533356881,4.017026977542784
-31.02,-1.3317454072244836,5.362639533356881,4.030894126132397
-31.0,-1.3170604212333057,5.362639533356881,4.045579112123575
-30.98,-1.3015685260218155,5.362639533356881,4.061071007335066
-30.96,-1.2852811371368134,5.362639533356881,4.077358396220068
-30.939999999999998,-1.2682101512231538,5.362639533356881,4.094429382133727
-30.92,-1.250367939505343,5.362639533356881,4.112271593851538
-30.9,-1.2317673410214338,5.362639533356881,4.130872192335447
-30.88,-1.2124216556128742,5.362639533356881,4.150217877744007
-30.86,-1.1923446366735773,5.362639533356881,4.170294896683304
-30.84,-1.1715504836620574,5.362639533356881,4.191089049694824
-30.82,-1.1500538343803406,5.362639533356881,4.2125856989765404
-30.799999999999997,-1.127869757023531,5.362639533356881,4.23476977633335
-30.78,-1.1050137420040924,5.362639533356881,4.257625791352789
-30.759999999999998,-1.0815016935549489,5.362639533356881,4.281137839801932
-30.740000000000002,-1.0573499211155415,5.362639533356881,4.3052896122413395
-30.72,-1.0325751305053648,5.362639533356881,4.330064402851516
-30.7,-1.0071944148892493,5.362639533356881,4.355445118467632
-30.68,-0.9812252455390418,5.362639533356881,4.381414287817839
-30.66,-0.9546854623962968,5.362639533356881,4.407954070960584
-30.64,-0.9275932644407328,5.362639533356881,4.435046268916148
-30.619999999999997,-0.8999671998692813,5.362639533356881,4.4626723334876
-30.6,-0.8718261560907221,5.362639533356881,4.490813377266159
-30.58,-0.8431893495408489,5.362639533356881,4.519450183816032
-30.560000000000002,-0.8140763153234669,5.362639533356881,4.548563218033414
-30.54,-0.7845068966820445,5.362639533356881,4.5781326366748365
-30.52,-0.7545012343079196,5.362639533356881,4.608138299048962
-30.5,-0.7240797554897829,5.362639533356881,4.638559777867098
-30.48,-0.6932631631103785,5.362639533356881,4.6693763702465025
-30.46,-0.6620724244956637,5.362639533356881,4.700567108861217
-30.439999999999998,-0.6305287601222456,5.362639533356881,4.732110773234636
-30.42,-0.5986536321886624,5.362639533356881,4.763985901168219
-30.4,-0.566468733056062,5.362639533356881,4.796170800300819
-30.38,-0.5339959735646467,5.362639533356881,4.828643559792234
-30.36,-0.501257471230995,5.362639533356881,4.861382062125886
-30.34,-0.46827553833292423,5.362639533356881,4.894363995023957
-30.32,-0.43507266988739435,5.362639533356881,4.927566863469487
-30.299999999999997,-0.4016715315276542,5.362639533356881,4.960968001829227
-30.28,-0.36809494728585657,5.362639533356881,4.994544586071024
-30.259999999999998,-0.3343658872869102,5.362639533356881,5.028273646069971
-30.240000000000002,-0.3005074553603082,5.362639533356881,5.062132077996573
-30.22,-0.26654287657566744,5.362639533356881,5.096096656781214
-30.2,-0.23249548470846637,5.362639533356881,5.130144048648415
-30.18,-0.19838870964228805,5.362639533356881,5.1642508237145925
-30.16,-0.1642460647139008,5.362639533356881,5.19839346864298
-30.14,-0.13009113400747374,5.362639533356881,5.232548399349407
-30.119999999999997,-0.09594755960439727,5.362639533356881,5.266691973752484
-30.1,-0.06183902879507386,5.362639533356881,5.300800504561807
-30.08,-0.027789261259201226,5.362639533356881,5.33485027209768
-30.060000000000002,0.006178003779129249,5.362639533356881,5.36881753713601
-30.04,0.040039020414965876,5.362639533356881,5.402678553771847
-30.02,0.07377004893806882,5.362639533356881,5.436409582294949
-30.0,0.10734736871440287,5.362639533356881,5.469986902071284
-29.98,0.1407472910665697,5.362639533356881,5.503386824423451
-29.96,0.17394617214706187,5.362639533356881,5.536585705503943
-29.939999999999998,0.20692042579776704,5.362639533356881,5.569559959154648
-29.92,0.23964653638893196,5.362639533356881,5.602286069745813
-29.9,0.27210107163178643,5.362639533356881,5.634740604988668
-29.88,0.3042606953574545,5.362639533356881,5.6669002287143355
-29.86,0.3361021802565993,5.362639533356881,5.69874171361348
-29.84,0.3676024205726871,5.362639533356881,5.730241953929568
-29.82,0.3987384447429405,5.362639533356881,5.761377978099821
-29.799999999999997,0.4294874279801135,5.362639533356881,5.792126961336995
-29.78,0.4598267047891811,5.362639533356881,5.822466238146062
-29.759999999999998,0.48973378141251755,5.362639533356881,5.852373314769398
-29.740000000000002,0.519186348196816,5.362639533356881,5.881825881553697
-29.72,0.5481622918762727,5.362639533356881,5.910801825233154
-29.7,0.5766397077650731,5.362639533356881,5.939279241121954
-29.68,0.6045969118534484,5.362639533356881,5.96723644521033
-29.66,0.6320124528010667,5.362639533356881,5.9946519861579475
-29.64,0.6588651238215579,5.362639533356881,6.021504657178439
-29.619999999999997,0.6851339744523048,5.362639533356881,6.047773507809186
-29.6,0.7107983222034511,5.362639533356881,6.073437855560332
-29.58,0.7358377640801419,5.362639533356881,6.098477297437023
-29.560000000000002,0.7602321879723111,5.362639533356881,6.122871721329192
-29.54,0.7839617839059743,5.362639533356881,6.1466013172628555
-29.52,0.8070070551506225,5.362639533356881,6.169646588507503
-29.5,0.829348829176694,5.362639533356881,6.191988362533575
-29.48,0.8509682684578579,5.362639533356881,6.213607801814739
-29.46,0.8718468811123592,5.362639533356881,6.23448641446924
-29.439999999999998,0.8919665313781537,5.362639533356881,6.254606064735035
-29.42,0.9113094499164025,5.362639533356881,6.273948983273284
-29.4,0.9298582439380848,5.362639533356881,6.292497777294966
-29.38,0.9475959071484036,5.362639533356881,6.310235440505284
-29.36,0.9645058295042052,5.362639533356881,6.327145362861086
-29.34,0.9805718067790605,5.362639533356881,6.343211340135942
-29.32,0.9957780499312835,5.362639533356881,6.358417583288165
-29.299999999999997,1.010109194270043,5.362639533356881,6.372748727626924
-29.28,1.0235503084147883,5.362639533356881,6.386189841771669
-29.259999999999998,1.0360869030434428,5.362639533356881,6.398726436400324
-29.240000000000002,1.0477049394247322,5.362639533356881,6.410344472781613
-29.22,1.0583908377304856,5.362639533356881,6.421030371087367
-29.2,1.0681314851231574,5.362639533356881,6.430771018480039
-29.18,1.0769142436149357,5.362639533356881,6.439553776971817
-29.16,1.0847269576937848,5.362639533356881,6.447366491050666
-29.14,1.0915579617129247,5.362639533356881,6.454197495069806
-29.119999999999997,1.0973960870395316,5.362639533356881,6.460035620396413
-29.1,1.1022306689591614,5.362639533356881,6.4648702023160425
-29.08,1.1060515533321098,5.362639533356881,6.468691086688991
-29.060000000000002,1.108849102998317,5.362639533356881,6.471488636355198
-29.04,1.1106142039273592,5.362639533356881,6.4732537372842405
-29.02,1.1113382711103252,5.362639533356881,6.473977804467206
-29.0,1.1110132541903814,5.362639533356881,6.4736527875472625
-28.98,1.1096316428291049,5.362639533356881,6.472271176185986
-28.96,1.1071864718056725,5.362639533356881,6.469826005162553
-28.939999999999998,1.1036713258460966,5.362639533356881,6.466310859202977
-28.92,1.0990803441800245,5.362639533356881,6.461719877536906
-28.9,1.0934082248224934,5.362639533356881,6.456047758179374
-28.88,1.0866502285783939,5.362639533356881,6.449289761935275
-28.86,1.0788021827673728,5.362639533356881,6.441441716124254
-28.84,1.0698604846670903,5.362639533356881,6.432500018023971
-28.82,1.0598221046729626,5.362639533356881,6.422461638029843
-28.799999999999997,1.0486845891725363,5.362639533356881,6.411324122529417
-28.78,1.0364460631328372,5.362639533356881,6.399085596489718
-28.759999999999998,1.0231052323991947,5.362639533356881,6.385744765756076
-28.740000000000002,1.0086613857041669,5.362639533356881,6.3713009190610475
-28.72,0.9931143963852913,5.362639533356881,6.355753929742172
-28.7,0.9764647238106459,5.362639533356881,6.339104257167527
-28.68,0.9587134145111559,5.362639533356881,6.321352947868037
-28.66,0.9398621030189613,5.362639533356881,6.302501636375842
-28.64,0.9199130124110932,5.362639533356881,6.282552545767974
-28.619999999999997,0.8988689545579968,5.362639533356881,6.2615084879148775
-28.6,0.8767333300764835,5.362639533356881,6.239372863433364
-28.58,0.8535101279868669,5.362639533356881,6.2161496613437475
-28.560000000000002,0.8292039250743487,5.362639533356881,6.191843458431229
-28.54,0.8038198849544538,5.362639533356881,6.166459418311335
-28.52,0.7773637568429961,5.362639533356881,6.140003290199877
-28.5,0.7498418740306975,5.362639533356881,6.112481407387579
-28.48,0.7212611520631206,5.362639533356881,6.0839006854200015
-28.46,0.6916290866264637,5.362639533356881,6.054268619983345
-28.439999999999998,0.6609537511400536,5.362639533356881,6.023593284496934
-28.42,0.6292437940564275,5.362639533356881,5.9918833274133085
-28.4,0.5965084358700401,5.362639533356881,5.959147969226921
-28.38,0.5627574658360188,5.362639533356881,5.9253969991929
-28.36,0.5280012383999776,5.362639533356881,5.890640771756859
-28.34,0.49225066934075623,5.362639533356881,5.8548902026976375
-28.32,0.45551723162743585,5.362639533356881,5.818156764984317
-28.299999999999997,0.41781295099260246,5.362639533356881,5.7804524843494836
-28.28,0.3791504012237311,5.362639533356881,5.741789934580612
-28.259999999999998,0.33954269917462343,5.362639533356881,5.702182232531505
-28.240000000000002,0.2990034994994071,5.362639533356881,5.661643032856288
-28.22,0.25754698911100443,5.362639533356881,5.620186522467885
-28.2,0.2151878813670235,5.362639533356881,5.577827414723904
-28.18,0.17194140998524432,5.362639533356881,5.534580943342125
-28.16,0.1278233226917071,5.362639533356881,5.490462856048588
-28.14,0.08284987460423243,5.362639533356881,5.445489407961113
-28.119999999999997,0.03703782135428951,5.362639533356881,5.39967735471117
-28.1,-0.009595588049522763,5.362639533356881,5.353043945307358
-28.08,-0.057032618613318875,5.362639533356881,5.305606914743562
-28.060000000000002,-0.10525505700137738,5.362639533356881,5.2573844763555035
-28.04,-0.15424421942815503,5.362639533356881,5.208395313928726
-28.02,-0.20398095979464342,5.362639533356881,5.158658573562238
-28.0,-0.2544456780658975,5.362639533356881,5.108193855290984
-27.98,-0.3056183288854467,5.362639533356881,5.057021204471434
-27.96,-0.35747843042275146,5.362639533356881,5.00516110293413
-27.939999999999998,-0.41000507344961923,5.362639533356881,4.952634459907262
-27.92,-0.4631769306411939,5.362639533356881,4.899462602715687
-27.9,-0.5169722660974914,5.362639533356881,4.8456672672593895
-27.88,-0.5713689450805992,5.362639533356881,4.791270588276282
-27.86,-0.6263444439634345,5.362639533356881,4.736295089393447
-27.84,-0.6818758603850824,5.362639533356881,4.680763672971799
-27.82,-0.7379399236080276,5.362639533356881,4.624699609748854
-27.799999999999997,-0.7945130050725477,5.362639533356881,4.568126528284333
-27.78,-0.8515711291430594,5.362639533356881,4.511068404213821
-27.759999999999998,-0.9090899840416933,5.362639533356881,4.453549549315188
-27.740000000000002,-0.9670449329634603,5.362639533356881,4.395594600393421
-27.72,-1.0254110253683948,5.362639533356881,4.3372285079884865
-27.7,-1.084163008444617,5.362639533356881,4.278476524912264
-27.68,-1.143275338737594,5.362639533356881,4.219364194619287
-27.66,-1.2027221939395534,5.362639533356881,4.159917339417328
-27.64,-1.2624774848337652,5.362639533356881,4.100162048523115
-27.619999999999997,-1.322514867387946,5.362639533356881,4.040124665968935
-27.6,-1.3828077549909072,5.362639533356881,3.979831778365974
-27.58,-1.4433293308269917,5.362639533356881,3.919310202529889
-27.560000000000002,-1.5040525603818808,5.362639533356881,3.858586972975
-27.54,-1.5649502040744387,5.362639533356881,3.7976893292824423
-27.52,-1.6259948300079625,5.362639533356881,3.7366447033489187
-27.5,-1.6871588268352558,5.362639533356881,3.6754807065216255
-27.48,-1.7484144167310838,5.362639533356881,3.6142251166257973
-27.46,-1.809733668465952,5.362639533356881,3.552905864890929
-27.439999999999998,-1.8710885105749302,5.362639533356881,3.491551022781951
-27.42,-1.9324507446151384,5.362639533356881,3.4301887887417424
-27.4,-1.9937920585058584,5.362639533356881,3.3688474748510226
-27.38,-2.0550840399443016,5.362639533356881,3.3075554934125795
-27.36,-2.1162981898913094,5.362639533356881,3.2463413434655717
-27.34,-2.1774059361199667,5.362639533356881,3.1852335972369143
-27.32,-2.238378646820892,5.362639533356881,3.124260886535989
-27.299999999999997,-2.2991876442576573,5.362639533356881,3.0634518890992237
-27.28,-2.359804218465587,5.362639533356881,3.002835314891294
-27.259999999999998,-2.4201996409877458,5.362639533356881,2.9424398923691353
-27.240000000000002,-2.480345178640959,5.362639533356881,2.882294354715922
-27.22,-2.540212107305846,5.362639533356881,2.822427426051035
-27.2,-2.599771725733621,5.362639533356881,2.7628678076232602
-27.18,-2.6589953693635957,5.362639533356881,2.7036441639932853
-27.16,-2.7178544241441815,5.362639533356881,2.6447851092126995
-27.14,-2.776320340351132,5.362639533356881,2.586319193005749
-27.119999999999997,-2.8343646463961356,5.362639533356881,2.5282748869607454
-27.1,-2.8919589626190967,5.362639533356881,2.4706805707377844
-27.08,-2.9490750150576757,5.362639533356881,2.4135645182992054
-27.060000000000002,-3.0056846491869127,5.362639533356881,2.3569548841699683
-27.04,-3.061759843622981,5.362639533356881,2.3008796897339
-27.02,-3.1172727237837314,5.362639533356881,2.2453668095731496
-27.0,-3.1721955754999738,5.362639533356881,2.1904439578569073
-26.98,-3.2265008585705726,5.362639533356881,2.1361386747863085
-26.96,-3.280161220254809,5.362639533356881,2.082478313102072
-26.939999999999998,-3.3331495086956155,5.362639533356881,2.0294900246612655
-26.92,-3.3854387862669664,5.362639533356881,1.9772007470899147
-26.9,-3.437002342839162,5.362639533356881,1.925637190517719
-26.88,-3.487813708955203,5.362639533356881,1.874825824401678
-26.86,-3.537846668912325,5.362639533356881,1.824792864444556
-26.84,-3.5870752737417892,5.362639533356881,1.7755642596150918
-26.82,-3.6354738540810385,5.362639533356881,1.7271656792758425
-26.799999999999997,-3.6830170329317045,5.362639533356881,1.6796225004251766
-26.78,-3.7296797382972304,5.362639533356881,1.6329597950596506
-26.759999999999998,-3.7754372156941955,5.362639533356881,1.5872023176626855
-26.740000000000002,-3.8202650405307073,5.362639533356881,1.5423744928261738
-26.72,-3.8641391303464534,5.362639533356881,1.4985004030104276
-26.7,-3.9070357569078245,5.362639533356881,1.4556037764490566
-26.68,-3.9489315581526174,5.362639533356881,1.4137079752042636
-26.66,-3.989803549978201,5.362639533356881,1.37283598337868
-26.64,-4.029629137867396,5.362639533356881,1.3330103954894854
-26.619999999999997,-4.068386128346507,5.362639533356881,1.294253405010374
-26.6,-4.106052740269617,5.362639533356881,1.2565867930872638
-26.58,-4.1426076159239065,5.362639533356881,1.2200319174329746
-26.560000000000002,-4.1780298319501,5.362639533356881,1.1846097014067807
-26.54,-4.212298910073179,5.362639533356881,1.150340623283702
-26.52,-4.245394827637492,5.362639533356881,1.117244705719389
-26.5,-4.277298027941539,5.362639533356881,1.0853415054153421
-26.48,-4.307989430367014,5.362639533356881,1.054650102989867
-26.46,-4.337450440297189,5.362639533356881,1.0251890930596916
-26.439999999999998,-4.36566295881975,5.362639533356881,0.9969765745371308
-26.42,-4.392609392209093,5.362639533356881,0.9700301411477881
-26.4,-4.418272661183641,5.362639533356881,0.9443668721732399
-26.38,-4.442636209933267,5.362639533356881,0.9200033234236145
-26.36,-4.465684014912537,5.362639533356881,0.8969555184443436
-26.34,-4.487400593395288,5.362639533356881,0.8752389399615934
-26.32,-4.507771011786166,5.362639533356881,0.8548685215707152
-26.299999999999997,-4.526780893685155,5.362639533356881,0.8358586396717262
-26.28,-4.54441642770086,5.362639533356881,0.8182231056560214
-26.259999999999998,-4.560664375008689,5.362639533356881,0.801975158348192
-26.240000000000002,-4.575512076650075,5.362639533356881,0.7871274567068056
-26.22,-4.588947460569104,5.362639533356881,0.7736920727877772
-26.2,-4.60095904838286,5.362639533356881,0.7616804849740211
-26.18,-4.611535961882164,5.362639533356881,0.751103571474717
-26.16,-4.6206679292593185,5.362639533356881,0.7419716040975626
-26.14,-4.628345291059636,5.362639533356881,0.7342942422972447
-26.119999999999997,-4.6345590058537685,5.362639533356881,0.7280805275031126
-26.1,-4.639300655627826,5.362639533356881,0.7233388777290548
-26.08,-4.642562450888543,5.362639533356881,0.7200770824683378
-26.060000000000002,-4.644337235480795,5.362639533356881,0.718302297876086
-26.04,-4.644618491114928,5.362639533356881,0.7180210422419533
-26.02,-4.643400341601557,5.362639533356881,0.7192391917553245
-26.0,-4.640677556791567,5.362639533356881,0.7219619765653142
-25.98,-4.636445556219091,5.362639533356881,0.7261939771377897
-25.96,-4.630700412445709,5.362639533356881,0.7319391209111723
-25.939999999999998,-4.623438854103817,5.362639533356881,0.7392006792530639
-25.92,-4.614658268637636,5.362639533356881,0.747981264719245
-25.9,-4.6043567047402085,5.362639533356881,0.7582828286166725
-25.88,-4.5925328744850455,5.362639533356881,0.7701066588718355
-25.86,-4.579186155151118,5.362639533356881,0.7834533782057633
-25.84,-4.5643165907401455,5.362639533356881,0.7983229426167355
-25.82,-4.547924893185143,5.362639533356881,0.8147146401717382
-25.799999999999997,-4.530012443249433,5.362639533356881,0.8326270901074482
-25.78,-4.510581291115509,5.362639533356881,0.8520582422413723
-25.759999999999998,-4.489634156663071,5.362639533356881,0.8730053766938104
-25.740000000000002,-4.4671744294360884,5.362639533356881,0.8954651039207926
-25.72,-4.443206168298404,5.362639533356881,0.9194333650584774
-25.7,-4.417734100778009,5.362639533356881,0.9449054325788717
-25.68,-4.390763622099909,5.362639533356881,0.9718759112569719
-25.66,-4.362300793907872,5.362639533356881,1.0003387394490089
-25.64,-4.332352342675438,5.362639533356881,1.0302871906814435
-25.619999999999997,-4.30092565780658,5.362639533356881,1.0617138755503008
-25.6,-4.268028789426866,5.362639533356881,1.0946107439300148
-25.58,-4.2336704458657035,5.362639533356881,1.1289690874911775
-25.560000000000002,-4.1978599908308345,5.362639533356881,1.1647795425260465
-25.54,-4.160607440276006,5.362639533356881,1.2020320930808754
-25.52,-4.121923458963215,5.362639533356881,1.2407160743936663
-25.5,-4.08181935672074,5.362639533356881,1.2808201766361407
-25.48,-4.040307084398683,5.362639533356881,1.322332448958198
-25.46,-3.9973992295235625,5.362639533356881,1.3652403038333185
-25.439999999999998,-3.953109011653843,5.362639533356881,1.4095305217030378
-25.42,-3.9074502774384134,5.362639533356881,1.4551892559184676
-25.4,-3.8604374953799336,5.362639533356881,1.5022020379769474
-25.38,-3.8120857503056302,5.362639533356881,1.5505537830512508
-25.36,-3.76241073754751,5.362639533356881,1.6002287958093708
-25.34,-3.7114287568349438,5.362639533356881,1.6512107765219373
-25.32,-3.659156705901955,5.362639533356881,1.703482827454926
-25.299999999999997,-3.605612073812223,5.362639533356881,1.7570274595446582
-25.28,-3.550812934004644,5.362639533356881,1.811826599352237
-25.259999999999998,-3.494777937062419,5.362639533356881,1.8678615962944622
-25.240000000000002,-3.4375263032092866,5.362639533356881,1.9251132301475944
-25.22,-3.379077814535586,5.362639533356881,1.9835617188212948
-25.2,-3.319452806958272,5.362639533356881,2.043186726398609
-25.18,-3.2586721619179455,5.362639533356881,2.1039673714389355
-25.16,-3.1967572978169776,5.362639533356881,2.1658822355399034
-25.14,-3.1337301612023882,5.362639533356881,2.228909372154493
-25.119999999999997,-3.0696132176974924,5.362639533356881,2.2930263156593886
-25.1,-3.0044294426864204,5.362639533356881,2.3582100906704606
-25.08,-2.938202311755555,5.362639533356881,2.424437221601326
-25.060000000000002,-2.870955790896618,5.362639533356881,2.491683742460263
-25.04,-2.802714326475191,5.362639533356881,2.5599252068816902
-25.02,-2.7335028349699817,5.362639533356881,2.6291366983868993
-25.0,-2.6633466924867575,5.362639533356881,2.6992928408701236
-24.98,-2.592271724052263,5.362639533356881,2.7703678093046182
-24.96,-2.52030419269274,5.362639533356881,2.842335340664141
-24.939999999999998,-2.447470788301981,5.362639533356881,2.9151687450549
-24.92,-2.373798616304278,5.362639533356881,2.988840917052603
-24.9,-2.299315186116941,5.362639533356881,3.06332434723994
-24.88,-2.2240483994183413,5.362639533356881,3.1385911339385397
-24.86,-2.1480265382261376,5.362639533356881,3.2146129951307434
-24.84,-2.0712782527916564,5.362639533356881,3.2913612805652246
-24.82,-1.9938325493157079,5.362639533356881,3.368806984041173
-24.799999999999997,-1.9157187774916156,5.362639533356881,3.4469207558652655
-24.78,-1.83696661788112,5.362639533356881,3.525672915475761
-24.759999999999998,-1.7576060691287854,5.362639533356881,3.6050334642280957
-24.740000000000002,-1.677667435021256,5.362639533356881,3.684972098335625
-24.72,-1.597181311396577,5.362639533356881,3.765458221960304
-24.7,-1.5161785729105364,5.362639533356881,3.8464609604463447
-24.68,-1.4346903596651814,5.362639533356881,3.9279491736916996
-24.66,-1.3527480637063185,5.362639533356881,4.0098914696505625
-24.64,-1.2703833153959936,5.362639533356881,4.0922562179608875
-24.619999999999997,-1.1876279696661514,5.362639533356881,4.175011563690729
-24.6,-1.1045140921601293,5.362639533356881,4.258125441196752
-24.58,-1.0210739452678448,5.362639533356881,4.341565588089036
-24.560000000000002,-0.9373399740618349,5.362639533356881,4.425299559295047
-24.54,-0.8533447921398878,5.362639533356881,4.509294741216993
-24.52,-0.7691211673815372,5.362639533356881,4.593518365975344
-24.5,-0.6847020076243853,5.362639533356881,4.677937525732496
-24.48,-0.6001203462673206,5.362639533356881,4.762519187089561
-24.46,-0.5154093278070673,5.362639533356881,4.847230205549813
-24.439999999999998,-0.4306021933148396,5.362639533356881,4.932037340042042
-24.42,-0.3457322658598718,5.362639533356881,5.016907267497009
-24.4,-0.26083293588627354,5.362639533356881,5.101806597470608
-24.38,-0.1759376465507052,5.362639533356881,5.186701886806176
-24.36,-0.09107987902670311,5.362639533356881,5.2715596543301775
-24.34,-0.006293137783316638,5.362639533356881,5.356346395573564
-24.32,0.07838906415564129,5.362639533356881,5.441028597512522
-24.299999999999997,0.16293321996465604,5.362639533356881,5.525572753321537
-24.28,0.24730584377497555,5.362639533356881,5.609945377131856
-24.259999999999998,0.3314734854320096,5.362639533356881,5.69411301878889
-24.240000000000002,0.41540274524417686,5.362639533356881,5.778042278601058
-24.22,0.4990602887171236,5.362639533356881,5.861699822074005
-24.2,0.5824128612655879,5.362639533356881,5.9450523946224685
-24.18,0.6654273028970188,5.362639533356881,6.0280668362539
-24.16,0.7480705628592363,5.362639533356881,6.110710096216117
-24.14,0.8303097142460052,5.362639533356881,6.192949247602886
-24.119999999999997,0.9121119685533325,5.362639533356881,6.274751501910213
-24.1,0.993444690179802,5.362639533356881,6.3560842235366835
-24.08,1.0742754108644892,5.362639533356881,6.43691494422137
-24.060000000000002,1.1545718440550667,5.362639533356881,6.517211377411948
-24.04,1.2343018992003374,5.362639533356881,6.596941432557219
-24.02,1.3134336959595798,5.362639533356881,6.676073229316461
-24.0,1.3919355783229421,5.362639533356881,6.754575111679824
-23.98,1.4697761286356674,5.362639533356881,6.832415661992549
-23.96,1.546924181520061,5.362639533356881,6.909563714876942
-23.94,1.6233488376884098,5.362639533356881,6.985988371045291
-23.919999999999998,1.6990194776406358,5.362639533356881,7.061659010997516
-23.9,1.7739057752401597,5.362639533356881,7.136545308597041
-23.88,1.8479777111618336,5.362639533356881,7.210617244518715
-23.86,1.9212055862054458,5.362639533356881,7.283845119562327
-23.84,1.9935600344687352,5.362639533356881,7.356199567825616
-23.82,2.0650120363737843,5.362639533356881,7.427651569730665
-23.8,2.1355329315407223,5.362639533356881,7.498172464897603
-23.78,2.2050944315026504,5.362639533356881,7.567733964859531
-23.759999999999998,2.273668632256019,5.362639533356881,7.6363081656129
-23.74,2.341228026640385,5.362639533356881,7.703867559997266
-23.72,2.4077455165420933,5.362639533356881,7.770385049898975
-23.7,2.4731944249159223,5.362639533356881,7.835833958272803
-23.68,2.5375485076192055,5.362639533356881,7.9001880409760865
-23.66,2.6007819650529367,5.362639533356881,7.963421498409818
-23.64,2.6628694536043964,5.362639533356881,8.025508986961277
-23.62,2.7237860968859717,5.362639533356881,8.086425630242854
-23.6,2.783507496764971,5.362639533356881,8.146147030121853
-23.58,2.8420097441792596,5.362639533356881,8.204649277536141
-23.56,2.8992694297336548,5.362639533356881,8.261908963090535
-23.54,2.9552636540722883,5.362639533356881,8.31790318742917
-23.52,3.0099700380218835,5.362639533356881,8.372609571378764
-23.5,3.06336673250142,5.362639533356881,8.426006265858302
-23.48,3.115432428193482,5.362639533356881,8.478071961550363
-23.46,3.166146364972772,5.362639533356881,8.528785898329653
-23.44,3.2154883410875343,5.362639533356881,8.578127874444416
-23.419999999999998,3.2634387220893992,5.362639533356881,8.62607825544628
-23.4,3.30997844950768,5.362639533356881,8.672617982864562
-23.38,3.3550890492640506,5.362639533356881,8.717728582620932
-23.36,3.3987526398236367,5.362639533356881,8.761392173180518
-23.34,3.4409519400787487,5.362639533356881,8.80359147343563
-23.32,3.481670276961657,5.362639533356881,8.844309810318538
-23.3,3.520891592782779,5.362639533356881,8.88353112613966
-23.28,3.5586004522909658,5.362639533356881,8.921239985647848
-23.259999999999998,3.5947820494525495,5.362639533356881,8.957421582809431
-23.24,3.6294222139459933,5.362639533356881,8.992061747302873
-23.22,3.662507417369269,5.362639533356881,9.02514695072615
-23.2,3.6940247791568486,5.362639533356881,9.05666431251373
-23.18,3.7239620722038285,5.362639533356881,9.086601605560709
-23.16,3.7523077281943964,5.362639533356881,9.114947261551277
-23.14,3.779050842632272,5.362639533356881,9.141690375989153
-23.12,3.804181179570782,5.362639533356881,9.166820712927663
-23.1,3.827689176040366,5.362639533356881,9.190328709397248
-23.08,3.8495659461715075,5.362639533356881,9.21220547952839
-23.06,3.869803285011156,5.362639533356881,9.232442818368037
-23.04,3.888393672030948,5.362639533356881,9.251033205387829
-23.02,3.9053302743255456,5.362639533356881,9.267969807682427
-23.0,3.9206069494996942,5.362639533356881,9.283246482856576
-22.98,3.9342182482426384,5.362639533356881,9.29685778159952
-22.96,3.9461594165887814,5.362639533356881,9.308798949945663
-22.94,3.9564263978634973,5.362639533356881,9.31906593122038
-22.919999999999998,3.965015834313299,5.362639533356881,9.32765536767018
-22.9,3.9719250684195737,5.362639533356881,9.334564601776455
-22.88,3.977152143895357,5.362639533356881,9.339791677252238
-22.86,3.9806958063647007,5.362639533356881,9.343335339721582
-22.84,3.9825555037243388,5.362639533356881,9.34519503708122
-22.82,3.982731386187565,5.362639533356881,9.345370919544447
-22.8,3.981224306010319,5.362639533356881,9.3438638393672
-22.78,3.978035816899628,5.362639533356881,9.34067535025651
-22.759999999999998,3.9731681731047934,5.362639533356881,9.335807706461674
-22.74,3.96662432819172,5.362639533356881,9.3292638615486
-22.72,3.95840793350103,5.362639533356881,9.32104746685791
-22.7,3.948523336290761,5.362639533356881,9.311162869647642
-22.68,3.9369755775645086,5.362639533356881,9.29961511092139
-22.66,3.9237703895861196,5.362639533356881,9.286409922943001
-22.64,3.9089141930821105,5.362639533356881,9.271553726438992
-22.62,3.892414094133219,5.362639533356881,9.2550536274901
-22.599999999999998,3.874277880756502,5.362639533356881,9.236917414113384
-22.58,3.8545140191797613,5.362639533356881,9.217153552536642
-22.56,3.8331316498099213,5.362639533356881,9.195771183166801
-22.54,3.8101405828974553,5.362639533356881,9.172780116254337
-22.52,3.7855512938988394,5.362639533356881,9.148190827255721
-22.5,3.7593749185392817,5.362639533356881,9.122014451896163
-22.48,3.731623247578086,5.362639533356881,9.094262780934967
-22.46,3.7023087212791506,5.362639533356881,9.064948254636032
-22.44,3.6714444235892603,5.362639533356881,9.03408395694614
-22.419999999999998,3.639044076026894,5.362639533356881,9.001683609383775
-22.4,3.6051220312845405,5.362639533356881,8.967761564641421
-22.38,3.569693266547454,5.362639533356881,8.932332799904335
-22.36,3.5327733765321403,5.362639533356881,8.895412909889021
-22.34,3.4943785662478364,5.362639533356881,8.857018099604717
-22.32,3.454525643484393,5.362639533356881,8.817165176841275
-22.3,3.4132320110301735,5.362639533356881,8.775871544387055
-22.28,3.370515658623641,5.362639533356881,8.733155191980522
-22.259999999999998,3.326395154642424,5.362639533356881,8.689034687999305
-22.24,3.2808896375339174,5.362639533356881,8.643529170890798
-22.22,3.2340188069912656,5.362639533356881,8.596658340348146
-22.2,3.18580291487915,5.362639533356881,8.548442448236031
-22.18,3.1362627559134824,5.362639533356881,8.498902289270363
-22.16,3.0854196580995668,5.362639533356881,8.448059191456448
-22.14,3.033295472933099,5.362639533356881,8.39593500628998
-22.12,2.9799125653688168,5.362639533356881,8.342552098725697
-22.099999999999998,2.925293803561377,5.362639533356881,8.287933336918258
-22.08,2.8694625483834533,5.362639533356881,8.232102081740335
-22.06,2.8124426427258324,5.362639533356881,8.175082176082714
-22.04,2.754258400584768,5.362639533356881,8.11689793394165
-22.02,2.6949345959416195,5.362639533356881,8.057574129298501
-22.0,2.634496451440021,5.362639533356881,7.997135984796902
-21.98,2.572969626865983,5.362639533356881,7.935609160222864
-21.96,2.5103802074363397,5.362639533356881,7.873019740793221
-21.94,2.446754691900993,5.362639533356881,7.809394225257874
-21.919999999999998,2.382119980464757,5.362639533356881,7.744759513821638
-21.9,2.3165033625342755,5.362639533356881,7.6791428958911565
-21.88,2.249932504295857,5.362639533356881,7.612572037652738
-21.86,2.1824354361302056,5.362639533356881,7.545074969487087
-21.84,2.1140405398697926,5.362639533356881,7.476680073226674
-21.82,2.0447765359049606,5.362639533356881,7.407416069261842
-21.8,1.974672470144882,5.362639533356881,7.337312003501763
-21.78,1.9037577008393431,5.362639533356881,7.266397234196225
-21.759999999999998,1.8320618852677333,5.362639533356881,7.194701418624614
-21.74,1.7596149663014318,5.362639533356881,7.122254499658313
-21.72,1.686447158845763,5.362639533356881,7.0490866922026445
-21.7,1.612588936168242,5.362639533356881,6.975228469525123
-21.68,1.5380710161191407,5.362639533356881,6.900710549476022
-21.66,1.46292434725114,5.362639533356881,6.825563880608021
-21.64,1.3871800948444113,5.362639533356881,6.749819628201292
-21.62,1.3108696268438083,5.362639533356881,6.673509160200689
-21.599999999999998,1.23402449971461,5.362639533356881,6.596664033071491
-21.58,1.1566764442237658,5.362639533356881,6.519315977580646
-21.56,1.0788573511528332,5.362639533356881,6.441496884509714
-21.54,1.0005992569497622,5.362639533356881,6.363238790306643
-21.52,0.9219343293260303,5.362639533356881,6.284573862682912
-21.5,0.8428948528058258,5.362639533356881,6.205534386162707
-21.48,0.7635132142342762,5.362639533356881,6.126152747591157
-21.46,0.6838218882512321,5.362639533356881,6.046461421608113
-21.44,0.6038534227376315,5.362639533356881,5.966492956094513
-21.419999999999998,0.5236404242410821,5.362639533356881,5.886279957597964
-21.4,0.4432155433876952,5.362639533356881,5.805855076744576
-21.38,0.3626114602866246,5.362639533356881,5.725250993643506
-21.36,0.28186086993462434,5.362639533356881,5.644500403291506
-21.34,0.20099646762701795,5.362639533356881,5.563636000983899
-21.32,0.12005093438209524,5.362639533356881,5.482690467738976
-21.3,0.03905692238574332,5.362639533356881,5.401696455742624
-21.28,-0.04195295953701539,5.362639533356881,5.320686573819866
-21.259999999999998,-0.12294616041663131,5.362639533356881,5.23969337294025
-21.24,-0.2038902015931301,5.362639533356881,5.158749331763751
-21.22,-0.2847526911230531,5.362639533356881,5.077886842233828
-21.2,-0.3655013381323169,5.362639533356881,4.997138195224564
-21.18,-0.44610396710848477,5.362639533356881,4.916535566248396
-21.16,-0.5265285321257034,5.362639533356881,4.836111001231178
-21.14,-0.6067431309957358,5.362639533356881,4.755896402361145
-21.12,-0.6867160193385327,5.362639533356881,4.675923514018349
-21.099999999999998,-0.7664156245657332,5.362639533356881,4.596223908791147
-21.08,-0.8458105597705998,5.362639533356881,4.516828973586281
-21.06,-0.9248696375181646,5.362639533356881,4.437769895838716
-21.04,-1.003561883528746,5.362639533356881,4.359077649828135
-21.02,-1.0818565502489812,5.362639533356881,4.280782983107899
-21.0,-1.1597231303037394,5.362639533356881,4.202916403053141
-20.98,-1.2371313698228725,5.362639533356881,4.1255081635340085
-20.96,-1.3140512816365786,5.362639533356881,4.048588251720302
-20.94,-1.3904531583332367,5.362639533356881,3.9721863750236444
-20.919999999999998,-1.4663075851737828,5.362639533356881,3.8963319481830982
-20.9,-1.5415854528565478,5.362639533356881,3.8210540805003332
-20.88,-1.6162579701268367,5.362639533356881,3.7463815632300443
-20.86,-1.6902966762252456,5.362639533356881,3.6723428571316354
-20.84,-1.7636734531690892,5.362639533356881,3.598966080187792
-20.82,-1.8363605378612942,5.362639533356881,3.526278995495587
-20.8,-1.9083305340212058,5.362639533356881,3.4543089993356753
-20.78,-1.9795564239317383,5.362639533356881,3.383083109425143
-20.759999999999998,-2.0500115799976246,5.362639533356881,3.3126279533592564
-20.74,-2.1196697761092866,5.362639533356881,3.2429697572475944
-20.72,-2.1885051988073676,5.362639533356881,3.1741343345495134
-20.7,-2.2564924582425694,5.362639533356881,3.1061470751143117
-20.68,-2.323606598925995,5.362639533356881,3.039032934430886
-20.66,-2.3898231102649463,5.362639533356881,2.9728164230919347
-20.64,-2.4551179368795406,5.362639533356881,2.9075215964773404
-20.62,-2.5194674886952364,5.362639533356881,2.8431720446616446
-20.599999999999998,-2.5828486508069495,5.362639533356881,2.7797908825499316
-20.58,-2.6452387931100416,5.362639533356881,2.7174007402468394
-20.56,-2.706615779694053,5.362639533356881,2.656023753662828
-20.54,-2.766957977994738,5.362639533356881,2.595681555362143
-20.52,-2.8262442677004205,5.362639533356881,2.5363952656564606
-20.5,-2.884454049408582,5.362639533356881,2.478185483948299
-20.48,-2.9415672530288397,5.362639533356881,2.4210722803280413
-20.46,-2.9975643459285854,5.362639533356881,2.3650751874282956
-20.44,-3.0524263408175254,5.362639533356881,2.3102131925393556
-20.419999999999998,-3.106134803367816,5.362639533356881,2.256504729989065
-20.4,-3.1586718595661334,5.362639533356881,2.2039676737907477
-20.38,-3.210020202794751,5.362639533356881,2.15261933056213
-20.36,-3.2601631006382394,5.362639533356881,2.1024764327186416
-20.34,-3.3090844014129166,5.362639533356881,2.0535551319439644
-20.32,-3.3567685404161973,5.362639533356881,2.0058709929406837
-20.3,-3.403200545893057,5.362639533356881,1.959438987463824
-20.28,-3.4483660447171447,5.362639533356881,1.9142734886397363
-20.259999999999998,-3.492251267783951,5.362639533356881,1.87038826557293
-20.24,-3.534843055113825,5.362639533356881,1.827796478243056
-20.22,-3.5761288606627,5.362639533356881,1.786510672694181
-20.2,-3.6160967568383677,5.362639533356881,1.7465427765185133
-20.18,-3.654735438720544,5.362639533356881,1.707904094636337
-20.16,-3.692034227982941,5.362639533356881,1.67060530537394
-20.14,-3.72798307651572,5.362639533356881,1.634656456841161
-20.12,-3.7625725697469594,5.362639533356881,1.6000669636099216
-20.099999999999998,-3.7957939296616674,5.362639533356881,1.5668456036952136
-20.08,-3.8276390175173445,5.362639533356881,1.5350005158395366
-20.06,-3.858100336255017,5.362639533356881,1.504539197101864
-20.04,-3.8871710326047992,5.362639533356881,1.4754685007520818
-20.02,-3.914844898885367,5.362639533356881,1.447794634471514
-20.0,-3.941116374496684,5.362639533356881,1.421523158860197
-19.98,-3.965980547105615,5.362639533356881,1.396658986251266
-19.96,-3.989433153524053,5.362639533356881,1.373206379832828
-19.94,-4.011470580279561,5.362639533356881,1.3511689530773197
-19.919999999999998,-4.032089863878357,5.362639533356881,1.3305496694785237
-19.9,-4.051288690760968,5.362639533356881,1.311350842595913
-19.88,-4.069065396950773,5.362639533356881,1.2935741364061082
-19.86,-4.085418967395875,5.362639533356881,1.2772205659610059
-19.84,-4.100349035004973,5.362639533356881,1.2622904983519083
-19.82,-4.113855879377879,5.362639533356881,1.248783653979002
-19.8,-4.1259404252316925,5.362639533356881,1.2366991081251886
-19.78,-4.136604240523514,5.362639533356881,1.2260352928333669
-19.759999999999998,-4.1458495342710595,5.362639533356881,1.2167899990858215
-19.74,-4.153679154072339,5.362639533356881,1.2089603792845418
-19.72,-4.1600965833259735,5.362639533356881,1.2025429500309075
-19.7,-4.165105938153717,5.362639533356881,1.197533595203164
-19.68,-4.168711964026932,5.362639533356881,1.193927569329949
-19.66,-4.170920032098955,5.362639533356881,1.1917195012579258
-19.64,-4.171736135245344,5.362639533356881,1.1909033981115371
-19.62,-4.171166883814196,5.362639533356881,1.1914726495426846
-19.599999999999998,-4.169219501088867,5.362639533356881,1.1934200322680137
-19.58,-4.165901818465505,5.362639533356881,1.196737714891376
-19.56,-4.161222270347992,5.362639533356881,1.2014172630088886
-19.54,-4.155189888763101,5.362639533356881,1.2074496445937797
-19.52,-4.147814297698516,5.362639533356881,1.214825235658365
-19.5,-4.139105707166944,5.362639533356881,1.2235338261899367
-19.48,-4.129074906999243,5.362639533356881,1.233564626357638
-19.46,-4.117733260369891,5.362639533356881,1.2449062729869897
-19.44,-4.105092697058184,5.362639533356881,1.2575468362986975
-19.419999999999998,-4.091165706448588,5.362639533356881,1.2714738269082932
-19.4,-4.075965330273926,5.362639533356881,1.2866742030829554
-19.38,-4.059505155105084,5.362639533356881,1.303134378251797
-19.36,-4.041799304591175,5.362639533356881,1.3208402287657064
-19.34,-4.022862431454003,5.362639533356881,1.339777101902878
-19.32,-4.0027097092411275,5.362639533356881,1.3599298241157536
-19.3,-3.9813568238414794,5.362639533356881,1.3812827095154017
-19.28,-3.958819964768083,5.362639533356881,1.4038195685887982
-19.259999999999998,-3.935115816212141,5.362639533356881,1.42752371714474
-19.24,-3.9102615478731195,5.362639533356881,1.4523779854837615
-19.22,-3.8842748055694587,5.362639533356881,1.4783647277874223
-19.2,-3.857173701634571,5.362639533356881,1.5054658317223102
-19.18,-3.8289768051031214,5.362639533356881,1.5336627282537596
-19.16,-3.7997031316923784,5.362639533356881,1.5629364016645027
-19.14,-3.7693721335837607,5.362639533356881,1.5932673997731204
-19.12,-3.7380036890097506,5.362639533356881,1.6246358443471305
-19.099999999999998,-3.7056180916512567,5.362639533356881,1.6570214417056244
-19.08,-3.6722360398509086,5.362639533356881,1.6904034935059724
-19.06,-3.637878625647522,5.362639533356881,1.724760907709359
-19.04,-3.6025673236373468,5.362639533356881,1.7600722097195343
-19.02,-3.5663239796675605,5.362639533356881,1.7963155536893205
-19.0,-3.5291707993677335,5.362639533356881,1.8334687339891476
-18.98,-3.4911303365249062,5.362639533356881,1.8715091968319748
-18.96,-3.4522254813080746,5.362639533356881,1.9104140520488064
-18.94,-3.4124794483480145,5.362639533356881,1.9501600850088665
-18.919999999999998,-3.371915764678212,5.362639533356881,1.9907237686786692
-18.9,-3.3305582575431276,5.362639533356881,2.0320812758137534
-18.88,-3.288431042079544,5.362639533356881,2.074208491277337
-18.86,-3.2455585088773407,5.362639533356881,2.1170810244795404
-18.84,-3.201965311425758,5.362639533356881,2.160674221931123
-18.82,-3.1576763534513037,5.362639533356881,2.2049631799055773
-18.8,-3.1127167761537486,5.362639533356881,2.2499227572031324
-18.78,-3.0671119453462525,5.362639533356881,2.2955275880106285
-18.759999999999998,-3.0208874385062083,5.362639533356881,2.3417520948506727
-18.74,-2.9740690317430554,5.362639533356881,2.3885705016138257
-18.72,-2.9266826866895,5.362639533356881,2.435956846667381
-18.7,-2.8787545373226253,5.362639533356881,2.4838849960342557
-18.68,-2.830310876721429,5.362639533356881,2.532328656635452
-18.66,-2.781378143767161,5.362639533356881,2.58126138958972
-18.64,-2.7319829097931274,5.362639533356881,2.6306566235637536
-18.62,-2.682151865190466,5.362639533356881,2.680487668166415
-18.599999999999998,-2.631911805976431,5.362639533356881,2.73072772738045
-18.58,-2.581289620331935,5.362639533356881,2.781349913024946
-18.56,-2.530312275114675,5.362639533356881,2.832327258242206
-18.54,-2.4790068023547356,5.362639533356881,2.8836327310021455
-18.52,-2.427400285739098,5.362639533356881,2.935239247617783
-18.5,-2.37551984709171,5.362639533356881,2.987119686265171
-18.48,-2.323392632855816,5.362639533356881,3.039246900501065
-18.46,-2.271045800585017,5.362639533356881,3.091593732771864
-18.44,-2.218506505449743,5.362639533356881,3.144133027907138
-18.419999999999998,-2.1658018867657214,5.362639533356881,3.1968376465911597
-18.4,-2.1129590545510286,5.362639533356881,3.2496804788058524
-18.38,-2.0600050761181397,5.362639533356881,3.3026344572387414
-18.36,-2.0069669627077946,5.362639533356881,3.3556725706490864
-18.34,-1.953871656170886,5.362639533356881,3.408767877185995
-18.32,-1.9007460157050429,5.362639533356881,3.461893517651838
-18.3,-1.8476168046523098,5.362639533356881,3.5150227287045714
-18.28,-1.7945106773642827,5.362639533356881,3.5681288559925983
-18.259999999999998,-1.7414541661412268,5.362639533356881,3.621185367215654
-18.24,-1.6884736682513803,5.362639533356881,3.6741658651055005
-18.22,-1.6355954330367548,5.362639533356881,3.7270441003201262
-18.2,-1.582845549111798,5.362639533356881,3.779793984245083
-18.18,-1.530249931661015,5.362639533356881,3.832389601695866
-18.16,-1.477834309841705,5.362639533356881,3.884805223515176
-18.14,-1.4256242142980315,5.362639533356881,3.9370153190588493
-18.12,-1.3736449647922802,5.362639533356881,3.9889945685646007
-18.099999999999998,-1.3219216579594302,5.362639533356881,4.040717875397451
-18.08,-1.2704791551909342,5.362639533356881,4.092160378165946
-18.06,-1.2193420706534142,5.362639533356881,4.143297462703467
-18.04,-1.1685347594483209,5.362639533356881,4.19410477390856
-18.02,-1.118081305918,5.362639533356881,4.244558227438882
-18.0,-1.0680055121039478,5.362639533356881,4.294634021252933
-17.98,-1.0183308863627774,5.362639533356881,4.3443086469941035
-17.96,-0.9690806321453276,5.362639533356881,4.393558901211554
-17.94,-0.9202776369444206,5.362639533356881,4.442361896412461
-17.919999999999998,-0.8719444614164192,5.362639533356881,4.490695071940462
-17.9,-0.8241033286819575,5.362639533356881,4.538536204674924
-17.88,-0.7767761138108129,5.362639533356881,4.585863419546068
-17.86,-0.7299843334961338,5.362639533356881,4.632655199860747
-17.84,-0.683749135922784,5.362639533356881,4.678890397434097
-17.82,-0.6380912908348242,5.362639533356881,4.724548242522057
-17.8,-0.5930311798066942,5.362639533356881,4.769608353550187
-17.78,-0.5485887867228723,5.362639533356881,4.814050746634009
-17.759999999999998,-0.504783688470474,5.362639533356881,4.857855844886407
-17.74,-0.4616350458492536,5.362639533356881,4.9010044875076275
-17.72,-0.41916159470330105,5.362639533356881,4.94347793865358
-17.7,-0.3773816372786576,5.362639533356881,4.985257896078224
-17.68,-0.3363130338109509,5.362639533356881,5.02632649954593
-17.66,-0.2959731943470102,5.362639533356881,5.0666663390098705
-17.64,-0.25637907080432465,5.362639533356881,5.106260462552556
-17.62,-0.21754714927213487,5.362639533356881,5.145092384084746
-17.599999999999998,-0.17949344255770308,5.362639533356881,5.183146090799178
-17.58,-0.1422334829813499,5.362639533356881,5.220406050375531
-17.56,-0.10578231542352626,5.362639533356881,5.256857217933355
-17.54,-0.07015449062731036,5.362639533356881,5.292485042729571
-17.52,-0.03536405875932,5.362639533356881,5.3272754745975615
-17.5,-0.0014245632321423507,5.362639533356881,5.361214970124738
-17.48,0.03165096520892535,5.362639533356881,5.394290498565806
-17.46,0.06385001413206348,5.362639533356881,5.426489547488945
-17.44,0.09516059479542069,5.362639533356881,5.457800128152302
-17.419999999999998,0.1255712472515067,5.362639533356881,5.488210780608387
-17.4,0.15507104517703393,5.362639533356881,5.517710578533915
-17.38,0.18364960042617823,5.362639533356881,5.546289133783059
-17.36,0.21129706730504866,5.362639533356881,5.57393660066193
-17.34,0.23800414656551117,5.362639533356881,5.600643679922392
-17.32,0.26376208911661075,5.362639533356881,5.626401622473492
-17.3,0.28856269945186436,5.362639533356881,5.651202232808745
-17.28,0.31239833879102996,5.362639533356881,5.675037872147911
-17.259999999999998,0.3352619279348986,5.362639533356881,5.69790146129178
-17.24,0.35714694983193546,5.362639533356881,5.719786483188816
-17.22,0.3780474518557229,5.362639533356881,5.740686985212604
-17.2,0.39795804779218585,5.362639533356881,5.760597581149067
-17.18,0.41687391953590713,5.362639533356881,5.779513452892788
-17.16,0.4347908184948121,5.362639533356881,5.797430351851693
-17.14,0.45170506670278543,5.362639533356881,5.814344600059666
-17.12,0.46761355763979645,5.362639533356881,5.830253090996678
-17.099999999999998,0.4825137567593915,5.362639533356881,5.845153290116272
-17.08,0.49640370172340964,5.362639533356881,5.859043235080291
-17.06,0.5092820023440776,5.362639533356881,5.871921535700959
-17.04,0.521147840233646,5.362639533356881,5.883787373590527
-17.02,0.5320009681619431,5.362639533356881,5.894640501518824
-17.0,0.5418417091223839,5.362639533356881,5.904481242479265
-16.98,0.5506709551070623,5.362639533356881,5.913310488463943
-16.96,0.558490165591718,5.362639533356881,5.921129698948599
-16.94,0.5653013657315529,5.362639533356881,5.9279408990884335
-16.919999999999998,0.571107144268927,5.362639533356881,5.933746677625808
-16.9,0.5759106511542093,5.362639533356881,5.93855018451109
-16.88,0.5797155948811191,5.362639533356881,5.942355128238
-16.86,0.5825262395380681,5.362639533356881,5.945165772894949
-16.84,0.5843474015771656,5.362639533356881,5.9469869349340465
-16.82,0.5851844463026346,5.362639533356881,5.947823979659516
-16.8,0.5850432840806248,5.362639533356881,5.947682817437506
-16.78,0.5839303662723891,5.362639533356881,5.94656989962927
-16.759999999999998,0.5818526808931488,5.362639533356881,5.94449221425003
-16.74,0.5788177479988403,5.362639533356881,5.941457281355722
-16.72,0.5748336148033034,5.362639533356881,5.937473148160184
-16.7,0.5699088505284924,5.362639533356881,5.932548383885374
-16.68,0.5640525409903927,5.362639533356881,5.926692074347274
-16.66,0.5572742829235635,5.362639533356881,5.919913816280444
-16.64,0.5495841780472593,5.362639533356881,5.91222371140414
-16.62,0.5409928268762612,5.362639533356881,5.903632360233142
-16.599999999999998,0.5315113222796173,5.362639533356881,5.894150855636498
-16.58,0.521151242790739,5.362639533356881,5.88379077614762
-16.56,0.5099246456722336,5.362639533356881,5.872564179029115
-16.54,0.49784405973918,5.362639533356881,5.8604835930960615
-16.52,0.4849224779445136,5.362639533356881,5.847562011301394
-16.5,0.47117334973035585,5.362639533356881,5.833812883087237
-16.48,0.4566105731492983,5.362639533356881,5.819250106506179
-16.46,0.44124848675964334,5.362639533356881,5.803888020116524
-16.44,0.42510186129886085,5.362639533356881,5.7877413946557414
-16.419999999999998,0.4081858911394739,5.362639533356881,5.770825424496355
-16.4,0.39051618553181644,5.362639533356881,5.7531557188886975
-16.38,0.3721087596381306,5.362639533356881,5.734748292995012
-16.36,0.35298002536268036,5.362639533356881,5.7156195587195615
-16.34,0.3331467819824392,5.362639533356881,5.69578631533932
-16.32,0.3126262065833656,5.362639533356881,5.675265739940246
-16.3,0.2914358443069316,5.362639533356881,5.654075377663813
-16.28,0.2695935984120754,5.362639533356881,5.632233131768956
-16.259999999999998,0.2471177201575483,5.362639533356881,5.609757253514429
-16.24,0.2240267985098705,5.362639533356881,5.586666331866752
-16.22,0.20033974968217882,5.362639533356881,5.56297928303906
-16.2,0.17607580650919274,5.362639533356881,5.538715339866074
-16.18,0.15125450766385673,5.362639533356881,5.5138940410207375
-16.16,0.12589568672103546,5.362639533356881,5.4885352200779165
-16.14,0.10001946107388715,5.362639533356881,5.462658994430768
-16.12,0.07364622070857352,5.362639533356881,5.436285754065454
-16.099999999999998,0.046796616842960104,5.362639533356881,5.409436150199841
-16.08,0.01949155043512718,5.362639533356881,5.382131083792008
-16.06,-0.008247839432515613,5.362639533356881,5.354391693924366
-16.04,-0.036400187287507046,5.362639533356881,5.326239346069374
-16.02,-0.0649439131142282,5.362639533356881,5.297695620242653
-16.0,-0.09385723430714199,5.362639533356881,5.2687822990497395
-15.98,-0.12311817772459133,5.362639533356881,5.23952135563229
-15.96,-0.15270459183684104,5.362639533356881,5.20993494152004
-15.939999999999998,-0.18259415896226905,5.362639533356881,5.180045374394612
-15.919999999999998,-0.21276440758550952,5.362639533356881,5.149875125771372
-15.899999999999999,-0.24319272475137188,5.362639533356881,5.11944680860551
-15.879999999999999,-0.27385636852801687,5.362639533356881,5.088783164828865
-15.86,-0.30473248053341573,5.362639533356881,5.057907052823465
-15.84,-0.33579809851846276,5.362639533356881,5.026841434838419
-15.82,-0.367030169000532,5.362639533356881,4.9956093643563495
-15.8,-0.39840555994102145,5.362639533356881,4.96423397341586
-15.780000000000001,-0.42990107346044226,5.362639533356881,4.932738459896439
-15.759999999999998,-0.4614934585846866,5.362639533356881,4.901146074772194
-15.739999999999998,-0.49315942401596624,5.362639533356881,4.869480109340914
-15.719999999999999,-0.5248756509220085,5.362639533356881,4.8377638824348725
-15.7,-0.5566188057369832,5.362639533356881,4.806020727619898
-15.68,-0.5883655529676979,5.362639533356881,4.774273980389183
-15.66,-0.6200925679986233,5.362639533356881,4.742546965358258
-15.64,-0.6517765498892523,5.362639533356881,4.710862983467629
-15.620000000000001,-0.6833942341572539,5.362639533356881,4.679245299199627
-15.599999999999998,-0.7149224055411247,5.362639533356881,4.647717127815756
-15.579999999999998,-0.7463379107356007,5.362639533356881,4.616301622621281
-15.559999999999999,-0.7776176710937222,5.362639533356881,4.585021862263159
-15.54,-0.8087386952888802,5.362639533356881,4.553900838068001
-15.52,-0.8396780919305153,5.362639533356881,4.522961441426366
-15.5,-0.8704130821271248,5.362639533356881,4.492226451229756
-15.48,-0.9009210119901918,5.362639533356881,4.46171852136669
-15.46,-0.9311793650726616,5.362639533356881,4.43146016828422
-15.439999999999998,-0.9611657747357789,5.362639533356881,4.401473758621102
-15.419999999999998,-0.990858036437904,5.362639533356881,4.371781496918977
-15.399999999999999,-1.0202341199392455,5.362639533356881,4.3424054134176355
-15.379999999999999,-1.049272181416164,5.362639533356881,4.313367351940717
-15.36,-1.0779505754789778,5.362639533356881,4.284688957877903
-15.34,-1.1062478670872733,5.362639533356881,4.256391666269607
-15.32,-1.1341428433565452,5.362639533356881,4.228496690000336
-15.3,-1.1616145252502936,5.362639533356881,4.201025008106587
-15.280000000000001,-1.188642179151592,5.362639533356881,4.173997354205289
-15.259999999999998,-1.2152053283082744,5.362639533356881,4.147434205048606
-15.239999999999998,-1.2412837641459777,5.362639533356881,4.121355769210903
-15.219999999999999,-1.2668575574432532,5.362639533356881,4.095781975913628
-15.2,-1.2919070693631163,5.362639533356881,4.070732463993765
-15.18,-1.3164129623354,5.362639533356881,4.0462265710214815
-15.16,-1.3403562107844809,5.362639533356881,4.022283322572401
-15.14,-1.3637181116967274,5.362639533356881,3.9989214216601536
-15.120000000000001,-1.3864802950225985,5.362639533356881,3.9761592383342825
-15.099999999999998,-1.4086247339078284,5.362639533356881,3.9540147994490527
-15.079999999999998,-1.4301337547486557,5.362639533356881,3.9325057786082254
-15.059999999999999,-1.4509900470659978,5.362639533356881,3.9116494862908833
-15.04,-1.4711766731933604,5.362639533356881,3.8914628601635206
-15.02,-1.4906770777738134,5.362639533356881,3.8719624555830676
-15.0,-1.5094750970609594,5.362639533356881,3.8531644362959216
-14.98,-1.527554968019328,5.362639533356881,3.835084565337553
-14.96,-1.5449013372194491,5.362639533356881,3.817738196137432
-14.939999999999998,-1.561499269523067,5.362639533356881,3.801140263833814
-14.919999999999998,-1.5773342565541228,5.362639533356881,3.785305276802758
-14.899999999999999,-1.5923922249511304,5.362639533356881,3.7702473084057506
-14.879999999999999,-1.6066595443967242,5.362639533356881,3.755979988960157
-14.86,-1.6201230354202494,5.362639533356881,3.7425164979366317
-14.84,-1.632769976969446,5.362639533356881,3.729869556387435
-14.82,-1.6445881137472655,5.362639533356881,3.7180514196096155
-14.8,-1.6555656633101248,5.362639533356881,3.7070738700467563
-14.780000000000001,-1.6656913229238857,5.362639533356881,3.6969482104329954
-14.759999999999998,-1.6749542761740392,5.362639533356881,3.687685257182842
-14.739999999999998,-1.6833441993267142,5.362639533356881,3.679295334030167
-14.719999999999999,-1.69085126743719,5.362639533356881,3.671788265919691
-14.7,-1.6974661602027066,5.362639533356881,3.6651733731541745
-14.68,-1.7031800675566702,5.362639533356881,3.659459465800211
-14.66,-1.707984695001148,5.362639533356881,3.654654838355733
-14.64,-1.7118722686750787,5.362639533356881,3.6507672646818023
-14.620000000000001,-1.7148355401553559,5.362639533356881,3.647803993201525
-14.599999999999998,-1.7168677909884233,5.362639533356881,3.6457717423684577
-14.579999999999998,-1.7179628369498752,5.362639533356881,3.644676696407006
-14.559999999999999,-1.7181150320298917,5.362639533356881,3.6445245013269894
-14.54,-1.7173192721423414,5.362639533356881,3.6453202612145397
-14.52,-1.7155709985556324,5.362639533356881,3.6470685348012486
-14.5,-1.71286620104337,5.362639533356881,3.649773332313511
-14.48,-1.7092014207532222,5.362639533356881,3.653438112603659
-14.46,-1.704573752792379,5.362639533356881,3.658065780564502
-14.439999999999998,-1.6989808485281754,5.362639533356881,3.6636586848287056
-14.419999999999998,-1.692420917602604,5.362639533356881,3.670218615754277
-14.399999999999999,-1.6848927296595844,5.362639533356881,3.6777468036972967
-14.379999999999999,-1.6763956157839877,5.362639533356881,3.6862439175728934
-14.36,-1.666929469651539,5.362639533356881,3.695710063705342
-14.34,-1.6564947483889196,5.362639533356881,3.7061447849679614
-14.32,-1.6450924731434555,5.362639533356881,3.7175470602134255
-14.3,-1.632724229361993,5.362639533356881,3.729915303994888
-14.280000000000001,-1.6193921667786881,5.362639533356881,3.743247366578193
-14.259999999999998,-1.60509899911154,5.362639533356881,3.757540534245341
-14.239999999999998,-1.5898480034676963,5.362639533356881,3.7727915298891848
-14.219999999999999,-1.5736430194576614,5.362639533356881,3.7889965138992197
-14.2,-1.5564884480187278,5.362639533356881,3.8061510853381533
-14.18,-1.5383892499480392,5.362639533356881,3.824250283408842
-14.16,-1.519350944145923,5.362639533356881,3.843288589210958
-14.14,-1.4993796055700868,5.362639533356881,3.8632599277867943
-14.120000000000001,-1.478481862901749,5.362639533356881,3.884157670455132
-14.099999999999998,-1.4566648959245083,5.362639533356881,3.9059746374323727
-14.079999999999998,-1.4339364326172674,5.362639533356881,3.9287031007396136
-14.059999999999999,-1.410304745962399,5.362639533356881,3.952334787394482
-14.04,-1.3857786504706455,5.362639533356881,3.9768608828862355
-14.02,-1.3603674984243441,5.362639533356881,4.0022720349325365
-14.0,-1.3340811758406006,5.362639533356881,4.02855835751628
-13.98,-1.3069300981564327,5.362639533356881,4.055709435200448
-13.96,-1.2789252056376865,5.362639533356881,4.0837143277191945
-13.939999999999998,-1.2500779585140345,5.362639533356881,4.112561574842847
-13.919999999999998,-1.2204003318421939,5.362639533356881,4.142239201514688
-13.899999999999999,-1.1899048100998146,5.362639533356881,4.172734723257067
-13.879999999999999,-1.1586043815126348,5.362639533356881,4.204035151844247
-13.86,-1.1265125321174434,5.362639533356881,4.236127001239438
-13.84,-1.0936432395637934,5.362639533356881,4.268996293793087
-13.82,-1.060010966657281,5.362639533356881,4.3026285666996
-13.8,-1.0256306546475433,5.362639533356881,4.337008878709337
-13.780000000000001,-0.9905177162640841,5.362639533356881,4.372121817092797
-13.759999999999998,-0.9546880285033068,5.362639533356881,4.407951504853575
-13.739999999999998,-0.9181579251701728,5.362639533356881,4.444481608186708
-13.719999999999999,-0.8809441891779919,5.362639533356881,4.481695344178889
-13.7,-0.8430640446101347,5.362639533356881,4.519575488746746
-13.68,-0.8045351485473571,5.362639533356881,4.558104384809524
-13.66,-0.7653755826647561,5.362639533356881,4.597263950692125
-13.64,-0.7256038446022681,5.362639533356881,4.637035688754613
-13.620000000000001,-0.685238839113008,5.362639533356881,4.6774006942438735
-13.599999999999998,-0.6442998689935635,5.362639533356881,4.7183396643633175
-13.579999999999998,-0.602806625800715,5.362639533356881,4.7598329075561665
-13.559999999999999,-0.5607791803589968,5.362639533356881,4.801860352997885
-13.54,-0.5182379730636986,5.362639533356881,4.844401560293182
-13.52,-0.4752038039839892,5.362639533356881,4.887435729372892
-13.5,-0.431697822770988,5.362639533356881,4.930941710585893
-13.48,-0.38774151837553816,5.362639533356881,4.974898014981343
-13.46,-0.34335670858085665,5.362639533356881,5.019282824776024
-13.439999999999998,-0.2985655293549194,5.362639533356881,5.064074004001961
-13.419999999999998,-0.25339042402792256,5.362639533356881,5.1092491093289585
-13.399999999999999,-0.20785413229994099,5.362639533356881,5.15478540105694
-13.379999999999999,-0.1619796790842094,5.362639533356881,5.200659854272672
-13.36,-0.11579036319138813,5.362639533356881,5.246849170165493
-13.34,-0.06930974586037442,5.362639533356881,5.293329787496507
-13.32,-0.022561639141138734,5.362639533356881,5.340077894215742
-13.3,0.024429905864618018,5.362639533356881,5.387069439221499
-13.280000000000001,0.071640610899391,5.362639533356881,5.434280144256272
-13.259999999999998,0.11904598257652976,5.362639533356881,5.48168551593341
-13.239999999999998,0.16662132453169942,5.362639533356881,5.5292608578885805
-13.219999999999999,0.21434174969337194,5.362639533356881,5.576981283050253
-13.2,0.2621821926661938,5.362639533356881,5.624821726023075
-13.18,0.3101174222212677,5.362639533356881,5.672756955578149
-13.16,0.3581220538872594,5.362639533356881,5.720761587244141
-13.14,0.406170562636075,5.362639533356881,5.768810095992956
-13.120000000000001,0.45423729565702997,5.362639533356881,5.816876829013911
-13.099999999999998,0.502296485213185,5.362639533356881,5.8649360185700665
-13.079999999999998,0.5503222615734789,5.362639533356881,5.91296179493036
-13.059999999999999,0.5982886660145272,5.362639533356881,5.960928199371408
-13.04,0.6461696638855066,5.362639533356881,6.008809197242387
-13.02,0.6939391577297931,5.362639533356881,6.056578691086674
-13.0,0.741571000456926,5.362639533356881,6.1042105338138075
-12.98,0.7890390085584578,5.362639533356881,6.151678541915339
-12.96,0.8363169753610653,5.362639533356881,6.198956508717947
-12.939999999999998,0.8833786843106117,5.362639533356881,6.246018217667492
-12.919999999999998,0.9301979222803598,5.362639533356881,6.29283745563724
-12.899999999999999,0.9767484928970971,5.362639533356881,6.339388026253978
-12.879999999999999,1.0230042298783517,5.362639533356881,6.385643763235233
-12.86,1.06893901037422,5.362639533356881,6.431578543731101
-12.84,1.1145267683072757,5.362639533356881,6.477166301664157
-12.82,1.159741507703934,5.362639533356881,6.5223810410608145
-12.8,1.2045573160106517,5.362639533356881,6.567196849367533
-12.780000000000001,1.2489483773885013,5.362639533356881,6.611587910745382
-12.759999999999998,1.2928889859794013,5.362639533356881,6.655528519336283
-12.739999999999998,1.3363535591375668,5.362639533356881,6.698993092494447
-12.719999999999999,1.3793166506196313,5.362639533356881,6.741956183976512
-12.7,1.4217529637267567,5.362639533356881,6.784392497083638
-12.68,1.4636373643924498,5.362639533356881,6.826276897749331
-12.66,1.5049448942094248,5.362639533356881,6.867584427566306
-12.64,1.5456507833891115,5.362639533356881,6.908290316745992
-12.620000000000001,1.585730463647405,5.362639533356881,6.948369997004286
-12.599999999999998,1.6251595810102146,5.362639533356881,6.987799114367096
-12.579999999999998,1.6639140085324247,5.362639533356881,7.026553541889306
-12.559999999999999,1.7019698589240881,5.362639533356881,7.064609392280969
-12.54,1.7393034970773402,5.362639533356881,7.101943030434221
-12.52,1.7758915524879808,5.362639533356881,7.138531085844862
-12.5,1.811710931565492,5.362639533356881,7.174350464922373
-12.48,1.8467388298252345,5.362639533356881,7.209378363182116
-12.46,1.8809527439569587,5.362639533356881,7.24359227731384
-12.439999999999998,1.9143304837633544,5.362639533356881,7.276970017120235
-12.419999999999998,1.9468501839628336,5.362639533356881,7.309489717319715
-12.399999999999999,1.9784903158506586,5.362639533356881,7.341129849207539
-12.379999999999999,2.0092296988123617,5.362639533356881,7.371869232169242
-12.36,2.039047511683963,5.362639533356881,7.401687045040844
-12.34,2.0679233039530764,5.362639533356881,7.4305628373099575
-12.32,2.0958370067953718,5.362639533356881,7.458476540152253
-12.3,2.122768943940817,5.362639533356881,7.485408477297698
-12.280000000000001,2.1486998423642145,5.362639533356881,7.511339375721096
-12.259999999999998,2.173610842794684,5.362639533356881,7.536250376151565
-12.239999999999998,2.197483510038725,5.362639533356881,7.560123043395606
-12.219999999999999,2.220299843111712,5.362639533356881,7.582939376468593
-12.2,2.2420422851726256,5.362639533356881,7.604681818529507
-12.18,2.2626937332570374,5.362639533356881,7.625333266613918
-12.16,2.2822375478033736,5.362639533356881,7.644877081160255
-12.14,2.30065756196764,5.362639533356881,7.663297095324522
-12.120000000000001,2.3179380907218485,5.362639533356881,7.68057762407873
-12.099999999999998,2.3340639397314975,5.362639533356881,7.6967034730883785
-12.079999999999998,2.349020414007608,5.362639533356881,7.711659947364489
-12.059999999999999,2.362793326328844,5.362639533356881,7.725432859685725
-12.04,2.3753690054293832,5.362639533356881,7.738008538786264
-12.02,2.386734303948428,5.362639533356881,7.749373837305309
-12.0,2.3968766061371003,5.362639533356881,7.759516139493981
-11.98,2.405783835318886,5.362639533356881,7.7684233686757675
-11.96,2.4134444610996892,5.362639533356881,7.77608399445657
-11.939999999999998,2.419847506323753,5.362639533356881,7.782487039680634
-11.919999999999998,2.4249825537718346,5.362639533356881,7.787622087128716
-11.899999999999999,2.4288397525981473,5.362639533356881,7.791479285955028
-11.879999999999999,2.4314098245026634,5.362639533356881,7.794049357859544
-11.86,2.4326840696355316,5.362639533356881,7.795323602992413
-11.84,2.4326543722305107,5.362639533356881,7.795293905587392
-11.82,2.4313132059643676,5.362639533356881,7.793952739321249
-11.8,2.4286536390394744,5.362639533356881,7.791293172396355
-11.780000000000001,2.4246693389867255,5.362639533356881,7.787308872343607
-11.759999999999998,2.4193545771863527,5.362639533356881,7.781994110543234
-11.739999999999998,2.4127042331040074,5.362639533356881,7.775343766460889
-11.719999999999999,2.4047137982398894,5.362639533356881,7.76735333159677
-11.7,2.3953793797887184,5.362639533356881,7.7580189131456
-11.68,2.384697704008437,5.362639533356881,7.747337237365318
-11.66,2.372666119295794,5.362639533356881,7.735305652652675
-11.64,2.3592825989670385,5.362639533356881,7.72192213232392
-11.620000000000001,2.3445457437420107,5.362639533356881,7.707185277098892
-11.599999999999998,2.3284547839302774,5.362639533356881,7.691094317287158
-11.579999999999998,2.3110095813178324,5.362639533356881,7.6736491146747134
-11.559999999999999,2.292210630753223,5.362639533356881,7.654850164110104
-11.54,2.272059061432083,5.362639533356881,7.634698594788964
-11.52,2.250556637879058,5.362639533356881,7.6131961712359395
-11.5,2.2277057606264603,5.362639533356881,7.590345293983342
-11.48,2.203509466588955,5.362639533356881,7.5661489999458365
-11.46,2.1779714291338474,5.362639533356881,7.540610962490728
-11.439999999999998,2.1510959578466116,5.362639533356881,7.513735491203493
-11.419999999999998,2.122887997991521,5.362639533356881,7.485527531348402
-11.399999999999999,2.0933531296672716,5.362639533356881,7.455992663024153
-11.379999999999999,2.0624975666578,5.362639533356881,7.42513710001468
-11.36,2.0303281549784784,5.362639533356881,7.392967688335359
-11.34,1.9968523711181334,5.362639533356881,7.359491904475014
-11.32,1.9620783199774254,5.362639533356881,7.324717853334306
-11.3,1.926014732504286,5.362639533356881,7.288654265861167
-11.280000000000001,1.8886709630272656,5.362639533356881,7.251310496384146
-11.259999999999998,1.8500569862877627,5.362639533356881,7.212696519644644
-11.239999999999998,1.8101833941723238,5.362639533356881,7.172822927529205
-11.219999999999999,1.7690613921461713,5.362639533356881,7.131700925503052
-11.2,1.7267027953895568,5.362639533356881,7.089342328746438
-11.18,1.6831200246383602,5.362639533356881,7.0457595579952415
-11.16,1.6383261017307185,5.362639533356881,7.000965635087599
-11.14,1.592334644861526,5.362639533356881,6.954974178218407
-11.120000000000001,1.5451598635467858,5.362639533356881,6.907799396903667
-11.099999999999998,1.4968165532999624,5.362639533356881,6.859456086656843
-11.079999999999998,1.4473200900226384,5.362639533356881,6.80995962337952
-11.059999999999999,1.396686424111771,5.362639533356881,6.759325957468652
-11.04,1.3449320742862814,5.362639533356881,6.707571607643162
-11.02,1.292074121135515,5.362639533356881,6.6547136544923955
-11.0,1.2381302003924455,5.362639533356881,6.600769733749327
-10.98,1.1831184959346086,5.362639533356881,6.545758029291489
-10.96,1.1270577325157842,5.362639533356881,6.489697265872666
-10.939999999999998,1.0699671682317204,5.362639533356881,6.432606701588601
-10.919999999999998,1.011866586723212,5.362639533356881,6.374506120080093
-10.899999999999999,0.9527762891199485,5.362639533356881,6.3154158224768295
-10.879999999999999,0.8927170857288821,5.362639533356881,6.255356619085763
-10.86,0.8317102874707036,5.362639533356881,6.1943498208275845
-10.84,0.7697776970683189,5.362639533356881,6.1324172304252
-10.82,0.7069415999913427,5.362639533356881,6.0695811333482235
-10.8,0.6432247551606246,5.362639533356881,6.005864288517506
-10.780000000000001,0.5786503854170535,5.362639533356881,5.9412899187739345
-10.759999999999998,0.5132421677589681,5.362639533356881,5.8758817011158495
-10.739999999999998,0.4470242233526309,5.362639533356881,5.8096637567095115
-10.719999999999999,0.38002110732015937,5.362639533356881,5.74266064067704
-10.7,0.31225779830983325,5.362639533356881,5.674897331666714
-10.68,0.2437596878532906,5.362639533356881,5.606399221210172
-10.66,0.1745525695146376,5.362639533356881,5.5371921028715185
-10.64,0.10466262783635172,5.362639533356881,5.467302161193233
-10.620000000000001,0.034116427087076406,5.362639533356881,5.396755960443958
-10.599999999999998,-0.03705910018350744,5.362639533356881,5.325580433173373
-10.579999999999998,-0.10883666477746035,5.362639533356881,5.25380286857942
-10.559999999999999,-0.1811886326638159,5.362639533356881,5.181450900693065
-10.54,-0.25408703697054347,5.362639533356881,5.108552496386338
-10.52,-0.3275035901479776,5.362639533356881,5.035135943208903
-10.5,-0.4014096962979268,5.362639533356881,4.961229837058954
-10.48,-0.4757764636628571,5.362639533356881,4.886863069694024
-10.46,-0.5505747172693536,5.362639533356881,4.812064816087528
-10.439999999999998,-0.6257750117199663,5.362639533356881,4.736864521636915
-10.419999999999998,-0.7013476441275172,5.362639533356881,4.661291889229364
-10.399999999999999,-0.7772626671860303,5.362639533356881,4.585376866170851
-10.379999999999999,-0.8534899023719115,5.362639533356881,4.50914963098497
-10.36,-0.9299989532695453,5.362639533356881,4.432640580087336
-10.34,-1.0067592190149193,5.362639533356881,4.355880314341961
-10.32,-1.0837399078511325,5.362639533356881,4.2788996255057485
-10.3,-1.1609100507894348,5.362639533356881,4.201729482567446
-10.280000000000001,-1.2382385153694013,5.362639533356881,4.12440101798748
-10.259999999999998,-1.3156940195119342,5.362639533356881,4.046945513844947
-10.239999999999998,-1.3932451454584298,5.362639533356881,3.9693943878984514
-10.219999999999999,-1.4708603537899139,5.362639533356881,3.891779179566967
-10.2,-1.5485079975192861,5.362639533356881,3.814131535837595
-10.18,-1.6261563362502423,5.362639533356881,3.736483197106639
-10.16,-1.7037735503962637,5.362639533356881,3.6588659829606174
-10.14,-1.7813277554529936,5.362639533356881,3.5813117779038874
-10.120000000000001,-1.8587870163172608,5.362639533356881,3.50385251703962
-10.099999999999998,-1.9361193616461978,5.362639533356881,3.426520171710683
-10.079999999999998,-2.013292798249476,5.362639533356881,3.349346735107405
-10.059999999999999,-2.090275325508251,5.362639533356881,3.27236420784863
-10.04,-2.167034949813723,5.362639533356881,3.195604583543158
-10.02,-2.243539699018715,5.362639533356881,3.119099834338166
-10.0,-2.319757636895458,5.362639533356881,3.042881896461423
-9.98,-2.395656877592794,5.362639533356881,2.966982655764087
-9.96,-2.47120560008593,5.362639533356881,2.891433933270951
-9.939999999999998,-2.546372062612096,5.362639533356881,2.8162674707447852
-9.919999999999998,-2.621124617085084,5.362639533356881,2.741514916271797
-9.899999999999999,-2.6954317234822076,5.362639533356881,2.6672078098746734
-9.879999999999999,-2.769261964196595,5.362639533356881,2.593377569160286
-9.86,-2.842584058348206,5.362639533356881,2.520055475008675
-9.84,-2.9153668760468374,5.362639533356881,2.4472726573100436
-9.82,-2.9875794526003747,5.362639533356881,2.3750600807565063
-9.8,-3.0591910026615032,5.362639533356881,2.303448530695378
-9.780000000000001,-3.1301709343063897,5.362639533356881,2.2324685990504913
-9.759999999999998,-3.200488863038471,5.362639533356881,2.16215067031841
-9.739999999999998,-3.2701146257108613,5.362639533356881,2.0925249076460197
-9.719999999999999,-3.3390182943608875,5.362639533356881,2.0236212389959936
-9.7,-3.4071701899499427,5.362639533356881,1.9554693434069383
-9.68,-3.474540896002429,5.362639533356881,1.8880986373544522
-9.66,-3.541101272137225,5.362639533356881,1.821538261219656
-9.64,-3.606822467485232,5.362639533356881,1.755817065871649
-9.620000000000001,-3.6716759339867417,5.362639533356881,1.6909635993701393
-9.599999999999998,-3.735633439562298,5.362639533356881,1.627006093794583
-9.579999999999998,-3.7986670811506884,5.362639533356881,1.5639724522061926
-9.559999999999999,-3.86074929760816,5.362639533356881,1.501890235748721
-9.54,-3.921852882462447,5.362639533356881,1.440786650894434
-9.52,-3.981950996515702,5.362639533356881,1.3806885368411792
-9.5,-4.041017180290403,5.362639533356881,1.321622353066478
-9.48,-4.099025366312162,5.362639533356881,1.263614167044719
-9.46,-4.155949891223767,5.362639533356881,1.2066896421331137
-9.439999999999998,-4.211765507724615,5.362639533356881,1.150874025632266
-9.419999999999998,-4.266447396329792,5.362639533356881,1.0961921370270886
-9.399999999999999,-4.319971176943424,5.362639533356881,1.042668356413457
-9.379999999999999,-4.372312920240541,5.362639533356881,0.9903266131163404
-9.36,-4.423449158852153,5.362639533356881,0.9391903745047276
-9.34,-4.473356898348265,5.362639533356881,0.889282635008616
-9.32,-4.522013628013448,5.362639533356881,0.8406259053434333
-9.3,-4.569397331409957,5.362639533356881,0.7932422019469243
-9.280000000000001,-4.615486496723313,5.362639533356881,0.7471530366335681
-9.259999999999998,-4.660260126885358,5.362639533356881,0.7023794064715227
-9.239999999999998,-4.703697749470007,5.362639533356881,0.6589417838868741
-9.219999999999999,-4.745779426356997,5.362639533356881,0.6168601069998845
-9.2,-4.786485763158883,5.362639533356881,0.5761537701979984
-9.18,-4.825797918406906,5.362639533356881,0.5368416149499753
-9.16,-4.863697612491235,5.362639533356881,0.49894192086564626
-9.14,-4.900167136351373,5.362639533356881,0.46247239700550846
-9.120000000000001,-4.9351893599124885,5.362639533356881,0.4274501734443925
-9.099999999999998,-4.968747740263671,5.362639533356881,0.39389179309320976
-9.079999999999998,-5.000826329574136,5.362639533356881,0.36181320378274506
-9.059999999999999,-5.031409782743649,5.362639533356881,0.33122975061323245
-9.04,-5.060483364783369,5.362639533356881,0.3021561685735117
-9.02,-5.088032957923678,5.362639533356881,0.27460657543320277
-9.0,-5.114045068445439,5.362639533356881,0.24859446491144244
-8.98,-5.138506833231507,5.362639533356881,0.22413270012537367
-8.96,-5.161406026035257,5.362639533356881,0.20123350732162404
-8.939999999999998,-5.182731063463039,5.362639533356881,0.17990846989384224
-8.919999999999998,-5.2024710106677885,5.362639533356881,0.16016852268909254
-8.899999999999999,-5.220615586750936,5.362639533356881,0.14202394660594475
-8.879999999999999,-5.237155169869947,5.362639533356881,0.12548436348693404
-8.86,-5.252080802049129,5.362639533356881,0.11055873130775229
-8.84,-5.265384193691214,5.362639533356881,0.0972553396656668
-8.82,-5.2770577277875965,5.362639533356881,0.08558180556928452
-8.8,-5.28709446382511,5.362639533356881,0.07554506953177142
-8.779999999999998,-5.295488141387412,5.362639533356881,0.06715139196946929
-8.759999999999998,-5.302233183449214,5.362639533356881,0.0604063499076668
-8.739999999999998,-5.307324699361716,5.362639533356881,0.05531483399516546
-8.719999999999999,-5.3107584875276865,5.362639533356881,0.051881045829194505
-8.7,-5.312531037764936,5.362639533356881,0.05010849559194508
-8.68,-5.312639533356881,5.362639533356881,0.04999999999999982
-8.66,-5.311081852789213,5.362639533356881,0.05155768056766785
-8.64,-5.307856571171729,5.362639533356881,0.05478296218515233
-8.620000000000001,-5.302962961344551,5.362639533356881,0.05967657201233045
-8.599999999999998,-5.296400994668142,5.362639533356881,0.06623853868873919
-8.579999999999998,-5.288171341496655,5.362639533356881,0.07446819186022591
-8.559999999999999,-5.278275371334269,5.362639533356881,0.0843641620226121
-8.54,-5.266715152674378,5.362639533356881,0.09592438068250342
-8.52,-5.253493452521583,5.362639533356881,0.10914608083529842
-8.5,-5.238613735596656,5.362639533356881,0.1240257977602246
-8.48,-5.222080163224729,5.362639533356881,0.14055937013215214
-8.46,-5.203897591907106,5.362639533356881,0.15874194144977505
-8.439999999999998,-5.184071571577379,5.362639533356881,0.1785679617795024
-8.419999999999998,-5.162608343542452,5.362639533356881,0.20003118981442913
-8.399999999999999,-5.139514838109421,5.362639533356881,0.22312469524745993
-8.379999999999999,-5.1147986718993135,5.362639533356881,0.24784086145756756
-8.36,-5.0884681448488776,5.362639533356881,0.2741713885080035
-8.34,-5.060532236901677,5.362639533356881,0.30210729645520384
-8.32,-5.031000604390048,5.362639533356881,0.3316389289668331
-8.3,-4.9998835761094345,5.362639533356881,0.3627559572474466
-8.279999999999998,-4.96719214908692,5.362639533356881,0.3954473842699606
-8.259999999999998,-4.932937984045828,5.362639533356881,0.4297015493110532
-8.239999999999998,-4.897133400568425,5.362639533356881,0.4655061327884562
-8.219999999999999,-4.859791371958922,5.362639533356881,0.5028481613979592
-8.2,-4.820925519809105,5.362639533356881,0.541714013547776
-8.18,-4.780550108269053,5.362639533356881,0.5820894250878279
-8.16,-4.738680038025507,5.362639533356881,0.6239594953313743
-8.14,-4.695330839990717,5.362639533356881,0.6673086933661638
-8.120000000000001,-4.650518668704562,5.362639533356881,0.7121208646523192
-8.099999999999998,-4.604260295452982,5.362639533356881,0.7583792379038989
-8.079999999999998,-4.55657310110592,5.362639533356881,0.8060664322509608
-8.059999999999999,-4.507475068677944,5.362639533356881,0.8551644646789374
-8.04,-4.456984775615032,5.362639533356881,0.905654757741849
-8.02,-4.405121385811107,5.362639533356881,0.9575181475457741
-8.0,-4.35190464135783,5.362639533356881,1.0107348919990509
-7.979999999999997,-4.297354854031599,5.362639533356881,1.0652846793252824
-7.960000000000001,-4.241492896521623,5.362639533356881,1.1211466368352578
-7.939999999999998,-4.184340193402953,5.362639533356881,1.178299339953928
-7.920000000000002,-4.125918711859,5.362639533356881,1.2367208214978813
-7.899999999999999,-4.066250952157287,5.362639533356881,1.2963885811995937
-7.880000000000003,-4.005359937883423,5.362639533356881,1.3572795954734582
-7.859999999999999,-3.9432692059371814,5.362639533356881,1.4193703274196996
-7.839999999999996,-3.880002796295884,5.362639533356881,1.482636737060997
-7.82,-3.8155852415493987,5.362639533356881,1.5470542918074823
-7.799999999999997,-3.750041556211674,5.362639533356881,1.612597977145207
-7.780000000000001,-3.683397225814032,5.362639533356881,1.6792423075428489
-7.759999999999998,-3.615678195784719,5.362639533356881,1.746961337572162
-7.740000000000002,-3.5469108601205126,5.362639533356881,1.8157286732363684
-7.719999999999999,-3.4771220498549056,5.362639533356881,1.8855174835019755
-7.700000000000003,-3.406339021328968,5.362639533356881,1.956300512027913
-7.68,-3.3345894442695214,5.362639533356881,2.0280500890873596
-7.659999999999997,-3.2619013896809177,5.362639533356881,2.1007381436759633
-7.640000000000001,-3.188303317555413,5.362639533356881,2.174336215801468
-7.619999999999997,-3.1138240644080355,5.362639533356881,2.2488154689488455
-7.600000000000001,-3.0384928306420442,5.362639533356881,2.324146702714837
-7.579999999999998,-2.962339167750126,5.362639533356881,2.400300365606755
-7.560000000000002,-2.885392965358104,5.362639533356881,2.477246567998777
-7.539999999999999,-2.8076844381162984,5.362639533356881,2.5549550952405826
-7.519999999999996,-2.729244112445435,5.362639533356881,2.633395420911446
-7.5,-2.6501028131426194,5.362639533356881,2.7125367202142616
-7.479999999999997,-2.570291649853776,5.362639533356881,2.7923478835031053
-7.460000000000001,-2.4898420034191546,5.362639533356881,2.8727975299377264
-7.439999999999998,-2.4087855120975528,5.362639533356881,2.9538540212593283
-7.420000000000002,-2.3271540576764522,5.362639533356881,3.035485475680429
-7.399999999999999,-2.244979751473627,5.362639533356881,3.117659781883254
-7.380000000000003,-2.1622949202376804,5.362639533356881,3.2003446131192006
-7.359999999999999,-2.079132091953026,5.362639533356881,3.283507441403855
-7.339999999999996,-1.9955239815568948,5.362639533356881,3.3671155517999862
-7.32,-1.911503476574176,5.362639533356881,3.4511360567827047
-7.299999999999997,-1.827103622677104,5.362639533356881,3.5355359106797772
-7.280000000000001,-1.742357609176768,5.362639533356881,3.620281924180113
-7.259999999999998,-1.6572987544523983,5.362639533356881,3.7053407789044828
-7.240000000000002,-1.5719604913261638,5.362639533356881,3.7906790420307175
-7.219999999999999,-1.4863763523892373,5.362639533356881,3.8762631809676438
-7.200000000000003,-1.4005799552869558,5.362639533356881,3.9620595780699253
-7.18,-1.3146049879688944,5.362639533356881,4.048034545387987
-7.159999999999997,-1.2284851939116226,5.362639533356881,4.134154339445258
-7.140000000000001,-1.1422543573202626,5.362639533356881,4.2203851760366184
-7.119999999999997,-1.0559462883160007,5.362639533356881,4.30669324504088
-7.100000000000001,-0.9695948081166821,5.362639533356881,4.393044725240199
-7.079999999999998,-0.8832337342166572,5.362639533356881,4.479405799140224
-7.060000000000002,-0.7968968655736448,5.362639533356881,4.565742667783236
-7.039999999999999,-0.7106179678085012,5.362639533356881,4.65202156554838
-7.019999999999996,-0.6244307584257092,5.362639533356881,4.738208774931172
-7.0,-0.5383688920606655,5.362639533356881,4.8242706412962155
-6.979999999999997,-0.45246594576087795,5.362639533356881,4.910173587596003
-6.960000000000001,-0.36675540430821485,5.362639533356881,4.995884129048666
-6.939999999999998,-0.2812706455882319,5.362639533356881,5.081368887768649
-6.920000000000002,-0.19604492601428158,5.362639533356881,5.166594607342599
-6.899999999999999,-0.11111136601216409,5.362639533356881,5.251528167344717
-6.880000000000003,-0.026502935573022857,5.362639533356881,5.336136597783858
-6.859999999999999,0.05774756011980564,5.362639533356881,5.420387093476687
-6.839999999999996,0.1416074949824324,5.362639533356881,5.5042470283393135
-6.82,0.22504443623469017,5.362639533356881,5.587683969591572
-6.799999999999997,0.30802615851015025,5.362639533356881,5.670665691867031
-6.780000000000001,0.3905206578651059,5.362639533356881,5.753160191221987
-6.759999999999998,0.4724961656808093,5.362639533356881,5.83513569903769
-6.740000000000002,0.5539211624515585,5.362639533356881,5.91656069580844
-6.719999999999999,0.6347643914533205,5.362639533356881,5.997403924810202
-6.700000000000003,0.7149948722855719,5.362639533356881,6.077634405642453
-6.68,0.7945819142810684,5.362639533356881,6.15722144763795
-6.659999999999997,0.8734951297765121,5.362639533356881,6.236134663133393
-6.640000000000001,0.9517044472386649,5.362639533356881,6.314343980595546
-6.619999999999997,1.0291801242395988,5.362639533356881,6.39181965759648
-6.600000000000001,1.1058927602748883,5.362639533356881,6.468532293631769
-6.579999999999998,1.1818133094194492,5.362639533356881,6.54445284277633
-6.560000000000002,1.2569130928144652,5.362639533356881,6.619552626171346
-6.539999999999999,1.3311638109804484,5.362639533356881,6.693803344337329
-6.519999999999996,1.404537555949999,5.362639533356881,6.76717708930688
-6.5,1.4770068232153788,5.362639533356881,6.83964635657226
-6.479999999999997,1.5485445234850932,5.362639533356881,6.911184056841974
-6.460000000000001,1.6191239942439188,5.362639533356881,6.981763527600799
-6.439999999999998,1.688719011111679,5.362639533356881,7.05135854446856
-6.420000000000002,1.7573037989948095,5.362639533356881,7.11994333235169
-6.399999999999999,1.8248530430264016,5.362639533356881,7.187492576383283
-6.380000000000003,1.8913418992889623,5.362639533356881,7.253981432645843
-6.359999999999999,1.9567460053157868,5.362639533356881,7.319385538672668
-6.339999999999996,2.021041490365366,5.362639533356881,7.3836810237222466
-6.32,2.0842049854648237,5.362639533356881,7.446844518821704
-6.299999999999997,2.1462136332175223,5.362639533356881,7.508853166574403
-6.280000000000001,2.207045097370175,5.362639533356881,7.569684630727056
-6.259999999999998,2.2666775721357166,5.362639533356881,7.629317105492598
-6.240000000000002,2.325089791266986,5.362639533356881,7.6877293246238665
-6.219999999999999,2.382261036877846,5.362639533356881,7.7449005702347264
-6.200000000000003,2.4381711480070596,5.362639533356881,7.800810681363941
-6.18,2.492800528921739,5.362639533356881,7.85544006227862
-6.159999999999997,2.546130157156016,5.362639533356881,7.908769690512897
-6.140000000000001,2.598141591281784,5.362639533356881,7.960781124638665
-6.119999999999997,2.6488169784078757,5.362639533356881,8.011456511764756
-6.100000000000001,2.69813906140414,5.362639533356881,8.060778594761022
-6.079999999999998,2.7460911858475994,5.362639533356881,8.10873071920448
-6.060000000000002,2.792657306687144,5.362639533356881,8.155296840044025
-6.039999999999999,2.83782199462426,5.362639533356881,8.20046152798114
-6.019999999999996,2.8815704422065336,5.362639533356881,8.244209975563415
-6.0,2.9238884696316236,5.362639533356881,8.286528002988504
-5.979999999999997,2.9647625302589837,5.362639533356881,8.327402063615864
-5.960000000000001,3.0041797158268166,5.362639533356881,8.366819249183697
-5.939999999999998,3.042127761372342,5.362639533356881,8.404767294729222
-5.920000000000002,3.078595049852805,5.362639533356881,8.441234583209686
-5.899999999999999,3.11357061646571,5.362639533356881,8.476210149822592
-5.880000000000003,3.1470441526659916,5.362639533356881,8.509683686022873
-5.859999999999999,3.179006009878859,5.362639533356881,8.54164554323574
-5.839999999999996,3.2094472029063605,5.362639533356881,8.572086736263241
-5.82,3.2383594130265854,5.362639533356881,8.600998946383466
-5.799999999999997,3.265734990784108,5.362639533356881,8.62837452414099
-5.780000000000001,3.291566958470469,5.362639533356881,8.65420649182735
-5.759999999999998,3.3158490122939797,5.362639533356881,8.678488545650861
-5.740000000000002,3.3385755242377333,5.362639533356881,8.701215057594615
-5.719999999999999,3.359741543605451,5.362639533356881,8.722381076962332
-5.699999999999996,3.379342798254359,5.362639533356881,8.74198233161124
-5.68,3.397375695514957,5.362639533356881,8.760015228871838
-5.659999999999997,3.413837322797339,5.362639533356881,8.77647685615422
-5.640000000000001,3.428725447883942,5.362639533356881,8.791364981240823
-5.619999999999997,3.442038518908969,5.362639533356881,8.80467805226585
-5.600000000000001,3.4537756640244948,5.362639533356881,8.816415197381376
-5.579999999999998,3.463936690753814,5.362639533356881,8.826576224110696
-5.560000000000002,3.472522085032399,5.362639533356881,8.83516161838928
-5.539999999999999,3.479533009937244,5.362639533356881,8.842172543294126
-5.519999999999996,3.4849713041053296,5.362639533356881,8.847610837462211
-5.5,3.4888394798422104,5.362639533356881,8.851479013199091
-5.479999999999997,3.4911407209218384,5.362639533356881,8.85378025427872
-5.460000000000001,3.491878880078813,5.362639533356881,8.854518413435695
-5.439999999999998,3.4910584761945396,5.362639533356881,8.85369800955142
-5.420000000000002,3.488684691178782,5.362639533356881,8.851324224535663
-5.399999999999999,3.484763366548294,5.362639533356881,8.847402899905175
-5.380000000000003,3.479300999704395,5.362639533356881,8.841940533061276
-5.359999999999999,3.472304739911429,5.362639533356881,8.83494427326831
-5.339999999999996,3.463782383978229,5.362639533356881,8.82642191733511
-5.32,3.4537423716448337,5.362639533356881,8.816381905001714
-5.299999999999997,3.4421937806768512,5.362639533356881,8.804833314033733
-5.280000000000001,3.4291463216700095,5.362639533356881,8.791785855026891
-5.259999999999998,3.414610332567526,5.362639533356881,8.777249865924407
-5.240000000000002,3.3985967728931277,5.362639533356881,8.761236306250009
-5.219999999999999,3.381117217702627,5.362639533356881,8.743756751059507
-5.199999999999996,3.362183851257175,5.362639533356881,8.724823384614055
-5.18,3.3418094604213,5.362639533356881,8.70444899377818
-5.159999999999997,3.320007427789103,5.362639533356881,8.682646961145984
-5.140000000000001,3.2967917245421425,5.362639533356881,8.659431257899023
-5.119999999999997,3.2721769030423844,5.362639533356881,8.634816436399266
-5.100000000000001,3.246178089164183,5.362639533356881,8.608817622521064
-5.079999999999998,3.218810974368848,5.362639533356881,8.58145050772573
-5.060000000000002,3.190091807526005,5.362639533356881,8.552731340882886
-5.039999999999999,3.1600373864855476,5.362639533356881,8.522676919842429
-5.019999999999996,3.128665049404647,5.362639533356881,8.491304582761527
-5.0,3.0959926658338626,5.362639533356881,8.458632199190744
-4.979999999999997,3.062038627566854,5.362639533356881,8.424678160923735
-4.960000000000001,3.0268218392583575,5.362639533356881,8.389461372615239
-4.939999999999998,2.9903617088147274,5.362639533356881,8.353001242171608
-4.920000000000002,2.952678137562166,5.362639533356881,8.315317670919047
-4.899999999999999,2.913791510197077,5.362639533356881,8.276431043553957
-4.880000000000003,2.8737226845239,5.362639533356881,8.236362217880782
-4.859999999999999,2.832492980984993,5.362639533356881,8.195132514341875
-4.839999999999996,2.790124171988184,5.362639533356881,8.152763705345066
-4.82,2.746638471036828,5.362639533356881,8.109278004393708
-4.799999999999997,2.702058521667803,5.362639533356881,8.064698055024683
-4.780000000000001,2.656407386203074,5.362639533356881,8.019046919559955
-4.759999999999998,2.609708534319858,5.362639533356881,7.972348067676739
-4.740000000000002,2.56198583144551,5.362639533356881,7.924625364802392
-4.719999999999999,2.513263526982205,5.362639533356881,7.875903060339086
-4.699999999999996,2.463566242367751,5.362639533356881,7.826205775724632
-4.68,2.4129189589778424,5.362639533356881,7.775558492334723
-4.659999999999997,2.3613470058758033,5.362639533356881,7.723986539232684
-4.640000000000001,2.3088760474160477,5.362639533356881,7.671515580772929
-4.619999999999997,2.255532070706688,5.362639533356881,7.618171604063569
-4.600000000000001,2.2013413729380362,5.362639533356881,7.563980906294917
-4.579999999999998,2.1463305485825197,5.362639533356881,7.508970081939401
-4.560000000000002,2.090526476472792,5.362639533356881,7.453166009829673
-4.539999999999999,2.0339563067637103,5.362639533356881,7.396595840120591
-4.519999999999996,1.9766474477850582,5.362639533356881,7.339286981141939
-4.5,1.9186275527909191,5.362639533356881,7.2812670861478
-4.479999999999997,1.859924506612253,5.362639533356881,7.222564039969134
-4.460000000000001,1.8005664122193554,5.362639533356881,7.1632059455762365
-4.439999999999998,1.7405815772001367,5.362639533356881,7.103221110557017
-4.420000000000002,1.6799985001614393,5.362639533356881,7.042638033518321
-4.399999999999999,1.6188458570591946,5.362639533356881,6.981485390416076
-4.380000000000003,1.557152487464768,5.362639533356881,6.9197920208216495
-4.359999999999999,1.494947380773334,5.362639533356881,6.857586914130215
-4.339999999999996,1.4322596623616382,5.362639533356881,6.79489919571852
-4.32,1.369118579701237,5.362639533356881,6.7317581130581186
-4.299999999999997,1.3055534884341227,5.362639533356881,6.668193021791003
-4.280000000000001,1.241593838417574,5.362639533356881,6.6042333717744555
-4.259999999999998,1.1772691597444749,5.362639533356881,6.539908693101356
-4.240000000000002,1.1126090487464206,5.362639533356881,6.475248582103301
-4.219999999999999,1.0476431539856126,5.362639533356881,6.410282687342494
-4.199999999999996,0.9824011622429718,5.362639533356881,6.345040695599852
-4.18,0.9169127845086034,5.362639533356881,6.279552317865484
-4.159999999999997,0.85120774198153,5.362639533356881,6.213847275338411
-4.140000000000001,0.785315752085614,5.362639533356881,6.147955285442495
-4.119999999999997,0.7192665145078041,5.362639533356881,6.081906047864685
-4.100000000000001,0.6530896972660574,5.362639533356881,6.015729230622938
-4.079999999999998,0.5868149228128412,5.362639533356881,5.949454456169722
-4.060000000000002,0.520471754181612,5.362639533356881,5.883111287538493
-4.039999999999999,0.4540896811821189,5.362639533356881,5.816729214539
-4.019999999999996,0.38769810665181037,5.362639533356881,5.750337640008691
-4.0,0.32132633276931477,5.362639533356881,5.683965866126195
-3.979999999999997,0.2550035474367611,5.362639533356881,5.617643080793642
-3.960000000000001,0.18875881073761525,5.362639533356881,5.551398344094496
-3.9399999999999977,0.12262104147586994,5.362639533356881,5.4852605748327505
-3.9200000000000017,0.056619003803764834,5.362639533356881,5.419258537160646
-3.8999999999999986,-0.009218706056447257,5.362639533356881,5.353420827300434
-3.8800000000000026,-0.07486367298960062,5.362639533356881,5.28777586036728
-3.8599999999999994,-0.14028767605808445,5.362639533356881,5.222351857298797
-3.8399999999999963,-0.2054627014587993,5.362639533356881,5.157176831898082
-3.8200000000000003,-0.27036095536106064,5.362639533356881,5.09227857799582
-3.799999999999997,-0.33495487661908463,5.362639533356881,5.027684656737796
-3.780000000000001,-0.3992171493529306,5.362639533356881,4.96342238400395
-3.759999999999998,-0.4631207153924297,5.362639533356881,4.899518817964451
-3.740000000000002,-0.5266387865776312,5.362639533356881,4.83600074677925
-3.719999999999999,-0.5897448569106021,5.362639533356881,4.772894676446279
-3.6999999999999957,-0.6524127145522449,5.362639533356881,4.710226818804636
-3.6799999999999997,-0.7146164536590143,5.362639533356881,4.648023079697866
-3.6599999999999966,-0.7763304860537517,5.362639533356881,4.586309047303129
-3.6400000000000006,-0.8375295527249738,5.362639533356881,4.525109980631907
-3.6199999999999974,-0.8981887351497271,5.362639533356881,4.464450798207154
-3.6000000000000014,-0.9582834664340898,5.362639533356881,4.404356066922791
-3.5799999999999983,-1.0177895422667755,5.362639533356881,4.344849991090106
-3.5600000000000023,-1.0766831316800065,5.362639533356881,4.2859564016768745
-3.539999999999999,-1.1349407876134148,5.362639533356881,4.227698745743466
-3.519999999999996,-1.1925394572752879,5.362639533356881,4.170100076081593
-3.5,-1.2494564922969342,5.362639533356881,4.113183041059947
-3.479999999999997,-1.3056696586752392,5.362639533356881,4.056969874681641
-3.460000000000001,-1.3611571464985395,5.362639533356881,4.001482386858342
-3.4399999999999977,-1.4158975794519502,5.362639533356881,3.946741953904931
-3.4200000000000017,-1.469870024096934,5.362639533356881,3.892769509259947
-3.3999999999999986,-1.5230539989216951,5.362639533356881,3.839585534435186
-3.3800000000000026,-1.5754294831574063,5.362639533356881,3.7872100501994748
-3.3599999999999994,-1.6269769253569528,5.362639533356881,3.735662607999928
-3.3399999999999963,-1.67767725173166,5.362639533356881,3.684962281625221
-3.3200000000000003,-1.72751187424258,5.362639533356881,3.635127659114301
-3.299999999999997,-1.7764626984425886,5.362639533356881,3.5861768349142924
-3.280000000000001,-1.8245121310654233,5.362639533356881,3.5381274022914577
-3.259999999999998,-1.871643087358727,5.362639533356881,3.490996445998154
-3.240000000000002,-1.9178389981572561,5.362639533356881,3.444800535199625
-3.219999999999999,-1.9630838166935431,5.362639533356881,3.399555716663338
-3.1999999999999957,-2.0073620251424944,5.362639533356881,3.3552775082143866
-3.1799999999999997,-2.0506586408973715,5.362639533356881,3.3119808924595096
-3.1599999999999966,-2.092959222574245,5.362639533356881,3.269680310782636
-3.1400000000000006,-2.1342498757420225,5.362639533356881,3.2283896576148585
-3.1199999999999974,-2.174517258375984,5.362639533356881,3.188122274980897
-3.1000000000000014,-2.213748586031935,5.362639533356881,3.1488909473249462
-3.0799999999999983,-2.251931636739174,5.362639533356881,3.110707896617707
-3.0600000000000023,-2.289054755609751,5.362639533356881,3.07358477774713
-3.039999999999999,-2.3251068591624193,5.362639533356881,3.0375326741944617
-3.019999999999996,-2.3600774393590833,5.362639533356881,3.0025620939977977
-3.0,-2.393956567352354,5.362639533356881,2.968682966004527
-2.979999999999997,-2.4267348969425093,5.362639533356881,2.9359046364143717
-2.960000000000001,-2.458403667742347,5.362639533356881,2.904235865614534
-2.9399999999999977,-2.4889547080489725,5.362639533356881,2.8736848253079086
-2.9200000000000017,-2.5183804374209817,5.362639533356881,2.8442590959358993
-2.8999999999999986,-2.546673868960493,5.362639533356881,2.815965664396388
-2.8800000000000026,-2.573828611298791,5.362639533356881,2.78881092205809
-2.8599999999999994,-2.5998388702852235,5.362639533356881,2.7628006630716575
-2.8399999999999963,-2.6246994503785204,5.362639533356881,2.7379400829783607
-2.8200000000000003,-2.6484057557403897,5.362639533356881,2.7142337776164913
-2.799999999999997,-2.6709537910309553,5.362639533356881,2.6916857423259257
-2.780000000000001,-2.692340161905945,5.362639533356881,2.670299371450936
-2.759999999999998,-2.712562075215826,5.362639533356881,2.650077458141055
-2.740000000000002,-2.7316173389067853,5.362639533356881,2.6310221944500958
-2.719999999999999,-2.7495043616241843,5.362639533356881,2.6131351717326967
-2.6999999999999957,-2.7662221520187247,5.362639533356881,2.5964173813381564
-2.6799999999999997,-2.781770317756054,5.362639533356881,2.580869215600827
-2.6599999999999966,-2.7961490642306077,5.362639533356881,2.5664904691262733
-2.6400000000000006,-2.8093591929844197,5.362639533356881,2.5532803403724613
-2.6199999999999974,-2.821402099832189,5.362639533356881,2.541237433524692
-2.6000000000000014,-2.8322797726935582,5.362639533356881,2.530359760663323
-2.5799999999999983,-2.8419947891341346,5.362639533356881,2.5206447442227464
-2.5600000000000023,-2.85055031361658,5.362639533356881,2.512089219740301
-2.539999999999999,-2.857950094463503,5.362639533356881,2.504689438893378
-2.519999999999996,-2.8641984605337956,5.362639533356881,2.4984410728230855
-2.5,-2.869300317614412,5.362639533356881,2.493339215742469
-2.479999999999997,-2.873261144529581,5.362639533356881,2.4893783888273
-2.460000000000001,-2.876086988969579,5.362639533356881,2.486552544387302
-2.4399999999999977,-2.877784463041471,5.362639533356881,2.48485507031541
-2.4200000000000017,-2.87836073854415,5.362639533356881,2.484278794812731
-2.3999999999999986,-2.8778235419703613,5.362639533356881,2.4848159913865198
-2.3800000000000026,-2.876181149238297,5.362639533356881,2.486458384118584
-2.3599999999999994,-2.8734423801557263,5.362639533356881,2.4891971532011548
-2.3399999999999963,-2.8696165926195434,5.362639533356881,2.4930229407373377
-2.3200000000000003,-2.864713676553837,5.362639533356881,2.497925856803044
-2.299999999999997,-2.8587440475897634,5.362639533356881,2.5038954857671176
-2.280000000000001,-2.851718640490503,5.362639533356881,2.510920892866378
-2.259999999999998,-2.8436489023248024,5.362639533356881,2.5189906310320787
-2.240000000000002,-2.834546785392709,5.362639533356881,2.528092747964172
-2.219999999999999,-2.8244247399071756,5.362639533356881,2.5382147934497055
-2.1999999999999957,-2.813295706435392,5.362639533356881,2.549343826921489
-2.1799999999999997,-2.801173108103802,5.362639533356881,2.561466425253079
-2.1599999999999966,-2.7880708425707823,5.362639533356881,2.5745686907860987
-2.1400000000000006,-2.7740032737713287,5.362639533356881,2.5886362595855523
-2.1199999999999974,-2.758985223437801,5.362639533356881,2.60365430991908
-2.1000000000000014,-2.7430319624013575,5.362639533356881,2.6196075709555235
-2.0799999999999983,-2.726159201678337,5.362639533356881,2.636480331678544
-2.0600000000000023,-2.7083830833464337,5.362639533356881,2.6542564500104473
-2.039999999999999,-2.6897201712151273,5.362639533356881,2.6729193621417537
-2.019999999999996,-2.6701874412953615,5.362639533356881,2.6924520920615196
-2.0,-2.6498022720732535,5.362639533356881,2.7128372612836276
-1.9799999999999969,-2.628582434592821,5.362639533356881,2.73405709876406
-1.9600000000000009,-2.606546082352922,5.362639533356881,2.756093451003959
-1.9399999999999977,-2.5837117410234174,5.362639533356881,2.7789277923334637
-1.9200000000000017,-2.5600982979859674,5.362639533356881,2.8025412353709136
-1.8999999999999986,-2.5357249917046425,5.362639533356881,2.8269145416522385
-1.8800000000000026,-2.510611400931972,5.362639533356881,2.852028132424909
-1.8599999999999994,-2.48477743375567,5.362639533356881,2.877862099601211
-1.8399999999999963,-2.4582433164919255,5.362639533356881,2.9043962168649555
-1.8200000000000003,-2.4310295824306127,5.362639533356881,2.9316099509262683
-1.7999999999999972,-2.4031570604382884,5.362639533356881,2.9594824729185927
-1.7800000000000011,-2.374646863424852,5.362639533356881,2.987992669932029
-1.759999999999998,-2.3455203766794424,5.362639533356881,3.0171191566774387
-1.740000000000002,-2.3157992460818315,5.362639533356881,3.0468402872750495
-1.7199999999999989,-2.2855053661949536,5.362639533356881,3.0771341671619274
-1.6999999999999957,-2.254660868244893,5.362639533356881,3.107978665111988
-1.6799999999999997,-2.2232881079941964,5.362639533356881,3.1393514253626846
-1.6599999999999966,-2.1914096535146963,5.362639533356881,3.1712298798421847
-1.6400000000000006,-2.1590482728661793,5.362639533356881,3.2035912604907018
-1.6199999999999974,-2.1262269216868095,5.362639533356881,3.2364126116700715
-1.6000000000000014,-2.092968730701939,5.362639533356881,3.269670802654942
-1.5799999999999983,-2.0592969931572345,5.362639533356881,3.3033425401996466
-1.5600000000000023,-2.0252351521828293,5.362639533356881,3.3374043811740517
-1.5399999999999991,-1.9908067880944886,5.362639533356881,3.3718327452623926
-1.519999999999996,-1.9560356056385562,5.362639533356881,3.406603927718325
-1.5,-1.920945421186799,5.362639533356881,3.441694112170082
-1.4799999999999969,-1.8855601498877168,5.362639533356881,3.4770793834691642
-1.4600000000000009,-1.8499037927809148,5.362639533356881,3.512735740575966
-1.4399999999999977,-1.814000423880669,5.362639533356881,3.5486391094762118
-1.4200000000000017,-1.7778741772356175,5.362639533356881,3.5847653561212636
-1.3999999999999986,-1.7415492339706282,5.362639533356881,3.621090299386253
-1.3800000000000026,-1.7050498093177855,5.362639533356881,3.6575897240390955
-1.3599999999999994,-1.6684001396425754,5.362639533356881,3.6942393937143057
-1.3399999999999963,-1.6316244694721986,5.362639533356881,3.7310150638846826
-1.3200000000000003,-1.594747038532174,5.362639533356881,3.7678924948247072
-1.2999999999999972,-1.5577920687978868,5.362639533356881,3.8048474645589945
-1.2800000000000011,-1.52078375156767,5.362639533356881,3.841855781789211
-1.259999999999998,-1.483746234563605,5.362639533356881,3.878893298793276
-1.240000000000002,-1.4467036090668812,5.362639533356881,3.91593592429
-1.2199999999999989,-1.4096798970937607,5.362639533356881,3.9529596362631203
-1.1999999999999957,-1.372699038618946,5.362639533356881,3.989940494737935
-1.1799999999999997,-1.3357848788524547,5.362639533356881,4.026854654504426
-1.1599999999999966,-1.298961155576463,5.362639533356881,4.063678377780418
-1.1400000000000006,-1.2622514865486045,5.362639533356881,4.100388046808277
-1.1199999999999974,-1.2256793569777003,5.362639533356881,4.136960176379181
-1.1000000000000014,-1.1892681070785591,5.362639533356881,4.173371426278322
-1.0799999999999983,-1.1530409197116924,5.362639533356881,4.209598613645189
-1.0600000000000023,-1.117020808114503,5.362639533356881,4.2456187252423785
-1.0399999999999991,-1.0812306037296757,5.362639533356881,4.281408929627205
-1.019999999999996,-1.045692944137252,5.362639533356881,4.316946589219629
-1.0,-1.010430261096098,5.362639533356881,4.352209272260783
-0.9799999999999969,-0.975464768700848,5.362639533356881,4.387174764656033
-0.9600000000000009,-0.9408184516603771,5.362639533356881,4.421821081696504
-0.9399999999999977,-0.9065130537033441,5.362639533356881,4.456126479653537
-0.9200000000000017,-0.8725700661169502,5.362639533356881,4.49006946723993
-0.8999999999999986,-0.8390107164242697,5.362639533356881,4.523628816932611
-0.8800000000000026,-0.8058559572061721,5.362639533356881,4.556783576150709
-0.8599999999999994,-0.7731264550730258,5.362639533356881,4.589513078283855
-0.8399999999999963,-0.7408425797920567,5.362639533356881,4.621796953564824
-0.8200000000000003,-0.7090243935754919,5.362639533356881,4.653615139781389
-0.7999999999999972,-0.677691640534932,5.362639533356881,4.684947892821949
-0.7800000000000011,-0.646863736307342,5.362639533356881,4.715775797049539
-0.759999999999998,-0.6165597578575243,5.362639533356881,4.746079775499357
-0.740000000000002,-0.586798433462525,5.362639533356881,4.775841099894356
-0.7199999999999989,-0.5575981328825956,5.362639533356881,4.805041400474286
-0.6999999999999957,-0.5289768577239478,5.362639533356881,4.833662675632933
-0.6799999999999997,-0.5009522319978303,5.362639533356881,4.8616873013590505
-0.6599999999999966,-0.47354149288075176,5.362639533356881,4.88909804047613
-0.6400000000000006,-0.446761481680524,5.362639533356881,4.915878051676357
-0.6199999999999974,-0.4206286350124027,5.362639533356881,4.942010898344479
-0.6000000000000014,-0.3951589761900002,5.362639533356881,4.967480557166881
-0.5799999999999983,-0.37036810683496585,5.362639533356881,4.992271426521915
-0.5600000000000023,-0.3462711987098942,5.362639533356881,5.0163683346469865
-0.5399999999999991,-0.32288298577825125,5.362639533356881,5.03975654757863
-0.519999999999996,-0.30021775649553073,5.362639533356881,5.06242177686135
-0.5,-0.278289346335264,5.362639533356881,5.0843501870216175
-0.4799999999999969,-0.2571111305536972,5.362639533356881,5.105528402803184
-0.46000000000000085,-0.23669601719680022,5.362639533356881,5.125943516160081
-0.4399999999999977,-0.2170564403529003,5.362639533356881,5.145583093003981
-0.4200000000000017,-0.19820435365453132,5.362639533356881,5.16443517970235
-0.3999999999999986,-0.18015122403249195,5.362639533356881,5.182488309324389
-0.38000000000000256,-0.1629080257254493,5.362639533356881,5.199731507631432
-0.35999999999999943,-0.14648523454785095,5.362639533356881,5.21615429880903
-0.3399999999999963,-0.1308928224191926,5.362639533356881,5.2317467109376885
-0.3200000000000003,-0.11614025215720909,5.362639533356881,5.246499281199672
-0.29999999999999716,-0.10223647253764237,5.362639533356881,5.260403060819239
-0.28000000000000114,-0.08918991362308994,5.362639533356881,5.273449619733791
-0.259999999999998,-0.07700848236312932,5.362639533356881,5.285631050993752
-0.240000000000002,-0.06569955846805886,5.362639533356881,5.296939974888822
-0.21999999999999886,-0.05526999055815847,5.362639533356881,5.307369542798723
-0.19999999999999574,-0.045726092590517686,5.362639533356881,5.316913440766363
-0.17999999999999972,-0.037073640565104496,5.362639533356881,5.325565892791777
-0.1599999999999966,-0.029317869511757758,5.362639533356881,5.3333216638451235
-0.14000000000000057,-0.02246347075962544,5.362639533356881,5.340176062597256
-0.11999999999999744,-0.016514589490333815,5.362639533356881,5.346124943866547
-0.10000000000000142,-0.011474822576188433,5.362639533356881,5.351164710780693
-0.0799999999999983,-0.007347216704403525,5.362639533356881,5.355292316652477
-0.060000000000002274,-0.00413426678835955,5.362639533356881,5.358505266568521
-0.03999999999999915,-0.0018379146666214182,5.362639533356881,5.360801618690259
-0.01999999999999602,-0.00045954809041059974,5.362639533356881,5.36217998526647
0.0,0.0,5.362639533356881,5.362639533356881
0.020000000000003126,-0.00045954809041092603,5.362639533356881,5.36217998526647
0.03999999999999915,-0.0018379146666214182,5.362639533356881,5.360801618690259
0.060000000000002274,-0.00413426678835955,5.362639533356881,5.358505266568521
0.0799999999999983,-0.007347216704403525,5.362639533356881,5.355292316652477
0.10000000000000142,-0.011474822576188433,5.362639533356881,5.351164710780693
0.11999999999999744,-0.016514589490333815,5.362639533356881,5.346124943866547
0.14000000000000057,-0.02246347075962544,5.362639533356881,5.340176062597256
0.1600000000000037,-0.029317869511760332,5.362639533356881,5.333321663845121
0.17999999999999972,-0.037073640565104496,5.362639533356881,5.325565892791777
0.20000000000000284,-0.045726092590520934,5.362639533356881,5.31691344076636
0.21999999999999886,-0.05526999055815847,5.362639533356881,5.307369542798723
0.240000000000002,-0.06569955846805886,5.362639533356881,5.296939974888822
0.259999999999998,-0.07700848236312932,5.362639533356881,5.285631050993752
0.28000000000000114,-0.08918991362308994,5.362639533356881,5.273449619733791
0.30000000000000426,-0.10223647253764717,5.362639533356881,5.260403060819234
0.3200000000000003,-0.11614025215720909,5.362639533356881,5.246499281199672
0.3400000000000034,-0.13089282241919795,5.362639533356881,5.231746710937683
0.35999999999999943,-0.14648523454785095,5.362639533356881,5.21615429880903
0.38000000000000256,-0.1629080257254493,5.362639533356881,5.199731507631432
0.3999999999999986,-0.18015122403249195,5.362639533356881,5.182488309324389
0.4200000000000017,-0.19820435365453132,5.362639533356881,5.16443517970235
0.4399999999999977,-0.2170564403529003,5.362639533356881,5.145583093003981
0.46000000000000085,-0.23669601719680022,5.362639533356881,5.125943516160081
0.480000000000004,-0.2571111305537047,5.362639533356881,5.105528402803176
0.5,-0.278289346335264,5.362639533356881,5.0843501870216175
0.5200000000000031,-0.30021775649553845,5.362639533356881,5.062421776861343
0.5399999999999991,-0.32288298577825125,5.362639533356881,5.03975654757863
0.5600000000000023,-0.3462711987098942,5.362639533356881,5.0163683346469865
0.5799999999999983,-0.37036810683496585,5.362639533356881,4.992271426521915
0.6000000000000014,-0.3951589761900002,5.362639533356881,4.967480557166881
0.6199999999999974,-0.4206286350124027,5.362639533356881,4.942010898344479
0.6400000000000006,-0.446761481680524,5.362639533356881,4.915878051676357
0.6600000000000037,-0.4735414928807612,5.362639533356881,4.88909804047612
0.6799999999999997,-0.5009522319978303,5.362639533356881,4.8616873013590505
0.7000000000000028,-0.5289768577239577,5.362639533356881,4.833662675632923
0.7199999999999989,-0.5575981328825956,5.362639533356881,4.805041400474286
0.740000000000002,-0.586798433462525,5.362639533356881,4.775841099894356
0.759999999999998,-0.6165597578575243,5.362639533356881,4.746079775499357
0.7800000000000011,-0.646863736307342,5.362639533356881,4.715775797049539
0.8000000000000043,-0.6776916405349431,5.362639533356881,4.684947892821938
0.8200000000000003,-0.7090243935754919,5.362639533356881,4.653615139781389
0.8400000000000034,-0.7408425797920684,5.362639533356881,4.621796953564813
0.8599999999999994,-0.7731264550730258,5.362639533356881,4.589513078283855
0.8800000000000026,-0.8058559572061721,5.362639533356881,4.556783576150709
0.8999999999999986,-0.8390107164242697,5.362639533356881,4.523628816932611
0.9200000000000017,-0.8725700661169502,5.362639533356881,4.49006946723993
0.9399999999999977,-0.9065130537033441,5.362639533356881,4.456126479653537
0.9600000000000009,-0.9408184516603771,5.362639533356881,4.421821081696504
0.980000000000004,-0.9754647687008602,5.362639533356881,4.387174764656021
1.0,-1.010430261096098,5.362639533356881,4.352209272260783
1.0200000000000031,-1.045692944137264,5.362639533356881,4.316946589219617
1.0399999999999991,-1.0812306037296757,5.362639533356881,4.281408929627205
1.0600000000000023,-1.117020808114503,5.362639533356881,4.2456187252423785
1.0799999999999983,-1.1530409197116924,5.362639533356881,4.209598613645189
1.1000000000000014,-1.1892681070785591,5.362639533356881,4.173371426278322
1.1199999999999974,-1.2256793569777003,5.362639533356881,4.136960176379181
1.1400000000000006,-1.2622514865486045,5.362639533356881,4.100388046808277
1.1600000000000037,-1.298961155576475,5.362639533356881,4.0636783777804055
1.1799999999999997,-1.3357848788524547,5.362639533356881,4.026854654504426
1.2000000000000028,-1.372699038618959,5.362639533356881,3.989940494737922
1.2199999999999989,-1.4096798970937607,5.362639533356881,3.9529596362631203
1.240000000000002,-1.4467036090668812,5.362639533356881,3.91593592429
1.259999999999998,-1.483746234563605,5.362639533356881,3.878893298793276
1.2800000000000011,-1.52078375156767,5.362639533356881,3.841855781789211
1.3000000000000043,-1.5577920687979003,5.362639533356881,3.8048474645589807
1.3200000000000003,-1.594747038532174,5.362639533356881,3.7678924948247072
1.3400000000000034,-1.6316244694722117,5.362639533356881,3.7310150638846693
1.3599999999999994,-1.6684001396425754,5.362639533356881,3.6942393937143057
1.3800000000000026,-1.7050498093177855,5.362639533356881,3.6575897240390955
1.3999999999999986,-1.7415492339706282,5.362639533356881,3.621090299386253
1.4200000000000017,-1.7778741772356175,5.362639533356881,3.5847653561212636
1.4399999999999977,-1.814000423880669,5.362639533356881,3.5486391094762118
1.4600000000000009,-1.8499037927809148,5.362639533356881,3.512735740575966
1.480000000000004,-1.8855601498877301,5.362639533356881,3.477079383469151
1.5,-1.920945421186799,5.362639533356881,3.441694112170082
1.5200000000000031,-1.9560356056385677,5.362639533356881,3.4066039277183133
1.5399999999999991,-1.9908067880944886,5.362639533356881,3.3718327452623926
1.5600000000000023,-2.0252351521828293,5.362639533356881,3.3374043811740517
1.5799999999999983,-2.0592969931572345,5.362639533356881,3.3033425401996466
1.6000000000000014,-2.092968730701939,5.362639533356881,3.269670802654942
1.6199999999999974,-2.1262269216868095,5.362639533356881,3.2364126116700715
1.6400000000000006,-2.1590482728661793,5.362639533356881,3.2035912604907018
1.6600000000000037,-2.1914096535147083,5.362639533356881,3.1712298798421727
1.6799999999999997,-2.2232881079941964,5.362639533356881,3.1393514253626846
1.7000000000000028,-2.254660868244903,5.362639533356881,3.107978665111978
1.7199999999999989,-2.2855053661949536,5.362639533356881,3.0771341671619274
1.740000000000002,-2.3157992460818315,5.362639533356881,3.0468402872750495
1.759999999999998,-2.3455203766794424,5.362639533356881,3.0171191566774387
1.7800000000000011,-2.374646863424852,5.362639533356881,2.987992669932029
1.8000000000000043,-2.403157060438298,5.362639533356881,2.959482472918583
1.8200000000000003,-2.4310295824306127,5.362639533356881,2.9316099509262683
1.8400000000000034,-2.4582433164919353,5.362639533356881,2.9043962168649458
1.8599999999999994,-2.48477743375567,5.362639533356881,2.877862099601211
1.8800000000000026,-2.510611400931972,5.362639533356881,2.852028132424909
1.8999999999999986,-2.5357249917046425,5.362639533356881,2.8269145416522385
1.9200000000000017,-2.5600982979859674,5.362639533356881,2.8025412353709136
1.9399999999999977,-2.5837117410234174,5.362639533356881,2.7789277923334637
1.9600000000000009,-2.606546082352922,5.362639533356881,2.756093451003959
1.980000000000004,-2.628582434592828,5.362639533356881,2.734057098764053
2.0,-2.6498022720732535,5.362639533356881,2.7128372612836276
2.020000000000003,-2.6701874412953694,5.362639533356881,2.6924520920615116
2.039999999999999,-2.6897201712151273,5.362639533356881,2.6729193621417537
2.0600000000000023,-2.7083830833464337,5.362639533356881,2.6542564500104473
2.0799999999999983,-2.726159201678337,5.362639533356881,2.636480331678544
2.1000000000000014,-2.7430319624013575,5.362639533356881,2.6196075709555235
2.1199999999999974,-2.758985223437801,5.362639533356881,2.60365430991908
2.1400000000000006,-2.7740032737713287,5.362639533356881,2.5886362595855523
2.1600000000000037,-2.788070842570786,5.362639533356881,2.574568690786095
2.1799999999999997,-2.801173108103802,5.362639533356881,2.561466425253079
2.200000000000003,-2.8132957064353983,5.362639533356881,2.5493438269214828
2.219999999999999,-2.8244247399071756,5.362639533356881,2.5382147934497055
2.240000000000002,-2.834546785392709,5.362639533356881,2.528092747964172
2.259999999999998,-2.8436489023248024,5.362639533356881,2.5189906310320787
2.280000000000001,-2.851718640490503,5.362639533356881,2.510920892866378
2.3000000000000043,-2.8587440475897656,5.362639533356881,2.5038954857671154
2.3200000000000003,-2.864713676553837,5.362639533356881,2.497925856803044
2.3400000000000034,-2.869616592619544,5.362639533356881,2.493022940737337
2.3599999999999994,-2.8734423801557263,5.362639533356881,2.4891971532011548
2.3800000000000026,-2.876181149238297,5.362639533356881,2.486458384118584
2.3999999999999986,-2.8778235419703613,5.362639533356881,2.4848159913865198
2.4200000000000017,-2.87836073854415,5.362639533356881,2.484278794812731
2.4399999999999977,-2.877784463041471,5.362639533356881,2.48485507031541
2.460000000000001,-2.876086988969579,5.362639533356881,2.486552544387302
2.480000000000004,-2.8732611445295784,5.362639533356881,2.4893783888273027
2.5,-2.869300317614412,5.362639533356881,2.493339215742469
2.520000000000003,-2.8641984605337916,5.362639533356881,2.4984410728230895
2.539999999999999,-2.857950094463503,5.362639533356881,2.504689438893378
2.5600000000000023,-2.85055031361658,5.362639533356881,2.512089219740301
2.5799999999999983,-2.8419947891341346,5.362639533356881,2.5206447442227464
2.6000000000000014,-2.8322797726935582,5.362639533356881,2.530359760663323
2.6199999999999974,-2.821402099832189,5.362639533356881,2.541237433524692
2.6400000000000006,-2.8093591929844197,5.362639533356881,2.5532803403724613
2.6600000000000037,-2.796149064230602,5.362639533356881,2.566490469126279
2.6799999999999997,-2.781770317756054,5.362639533356881,2.580869215600827
2.700000000000003,-2.7662221520187162,5.362639533356881,2.596417381338165
2.719999999999999,-2.7495043616241843,5.362639533356881,2.6131351717326967
2.740000000000002,-2.7316173389067853,5.362639533356881,2.6310221944500958
2.759999999999998,-2.712562075215826,5.362639533356881,2.650077458141055
2.780000000000001,-2.692340161905945,5.362639533356881,2.670299371450936
2.8000000000000043,-2.670953791030945,5.362639533356881,2.691685742325936
2.8200000000000003,-2.6484057557403897,5.362639533356881,2.7142337776164913
2.8400000000000034,-2.6246994503785133,5.362639533356881,2.7379400829783678
2.8599999999999994,-2.5998388702852235,5.362639533356881,2.7628006630716575
2.8800000000000026,-2.573828611298791,5.362639533356881,2.78881092205809
2.8999999999999986,-2.546673868960493,5.362639533356881,2.815965664396388
2.9200000000000017,-2.5183804374209817,5.362639533356881,2.8442590959358993
2.9399999999999977,-2.4889547080489725,5.362639533356881,2.8736848253079086
2.960000000000001,-2.458403667742347,5.362639533356881,2.904235865614534
2.980000000000004,-2.4267348969424956,5.362639533356881,2.9359046364143855
3.0,-2.393956567352354,5.362639533356881,2.968682966004527
3.020000000000003,-2.360077439359071,5.362639533356881,3.00256209399781
3.039999999999999,-2.3251068591624193,5.362639533356881,3.0375326741944617
3.0600000000000023,-2.289054755609751,5.362639533356881,3.07358477774713
3.0799999999999983,-2.251931636739174,5.362639533356881,3.110707896617707
3.1000000000000014,-2.213748586031935,5.362639533356881,3.1488909473249462
3.1199999999999974,-2.174517258375984,5.362639533356881,3.188122274980897
3.1400000000000006,-2.1342498757420225,5.362639533356881,3.2283896576148585
3.1600000000000037,-2.0929592225742297,5.362639533356881,3.2696803107826513
3.1799999999999997,-2.0506586408973715,5.362639533356881,3.3119808924595096
3.200000000000003,-2.0073620251424784,5.362639533356881,3.3552775082144026
3.219999999999999,-1.9630838166935431,5.362639533356881,3.399555716663338
3.240000000000002,-1.9178389981572561,5.362639533356881,3.444800535199625
3.259999999999998,-1.871643087358727,5.362639533356881,3.490996445998154
3.280000000000001,-1.8245121310654233,5.362639533356881,3.5381274022914577
3.3000000000000043,-1.7764626984425713,5.362639533356881,3.5861768349143097
3.3200000000000003,-1.72751187424258,5.362639533356881,3.635127659114301
3.3400000000000034,-1.6776772517316423,5.362639533356881,3.6849622816252388
3.3599999999999994,-1.6269769253569528,5.362639533356881,3.735662607999928
3.3800000000000026,-1.5754294831574063,5.362639533356881,3.7872100501994748
3.3999999999999986,-1.5230539989216951,5.362639533356881,3.839585534435186
3.4200000000000017,-1.469870024096934,5.362639533356881,3.892769509259947
3.4399999999999977,-1.4158975794519502,5.362639533356881,3.946741953904931
3.460000000000001,-1.3611571464985395,5.362639533356881,4.001482386858342
3.480000000000004,-1.3056696586752166,5.362639533356881,4.0569698746816645
3.5,-1.2494564922969342,5.362639533356881,4.113183041059947
3.520000000000003,-1.192539457275268,5.362639533356881,4.170100076081614
3.539999999999999,-1.1349407876134148,5.362639533356881,4.227698745743466
3.5600000000000023,-1.0766831316800065,5.362639533356881,4.2859564016768745
3.5799999999999983,-1.0177895422667755,5.362639533356881,4.344849991090106
3.6000000000000014,-0.9582834664340898,5.362639533356881,4.404356066922791
3.6199999999999974,-0.8981887351497271,5.362639533356881,4.464450798207154
3.6400000000000006,-0.8375295527249738,5.362639533356881,4.525109980631907
3.6600000000000037,-0.7763304860537299,5.362639533356881,4.586309047303152
3.6799999999999997,-0.7146164536590143,5.362639533356881,4.648023079697866
3.700000000000003,-0.6524127145522249,5.362639533356881,4.7102268188046565
3.719999999999999,-0.5897448569106021,5.362639533356881,4.772894676446279
3.740000000000002,-0.5266387865776312,5.362639533356881,4.83600074677925
3.759999999999998,-0.4631207153924297,5.362639533356881,4.899518817964451
3.780000000000001,-0.3992171493529306,5.362639533356881,4.96342238400395
3.8000000000000043,-0.33495487661906154,5.362639533356881,5.0276846567378195
3.8200000000000003,-0.27036095536106064,5.362639533356881,5.09227857799582
3.8400000000000034,-0.2054627014587762,5.362639533356881,5.157176831898105
3.8599999999999994,-0.14028767605808445,5.362639533356881,5.222351857298797
3.8800000000000026,-0.07486367298960062,5.362639533356881,5.28777586036728
3.8999999999999986,-0.009218706056447257,5.362639533356881,5.353420827300434
3.9200000000000017,0.056619003803764834,5.362639533356881,5.419258537160646
3.9399999999999977,0.12262104147586994,5.362639533356881,5.4852605748327505
3.960000000000001,0.18875881073761525,5.362639533356881,5.551398344094496
3.980000000000004,0.2550035474367851,5.362639533356881,5.617643080793666
4.0,0.32132633276931477,5.362639533356881,5.683965866126195
4.020000000000003,0.3876981066518357,5.362639533356881,5.750337640008716
4.039999999999999,0.4540896811821189,5.362639533356881,5.816729214539
4.060000000000002,0.520471754181612,5.362639533356881,5.883111287538493
4.079999999999998,0.5868149228128412,5.362639533356881,5.949454456169722
4.100000000000001,0.6530896972660574,5.362639533356881,6.015729230622938
4.119999999999997,0.7192665145078041,5.362639533356881,6.081906047864685
4.140000000000001,0.785315752085614,5.362639533356881,6.147955285442495
4.160000000000004,0.8512077419815487,5.362639533356881,6.21384727533843
4.18,0.9169127845086034,5.362639533356881,6.279552317865484
4.200000000000003,0.9824011622429945,5.362639533356881,6.3450406955998755
4.219999999999999,1.0476431539856126,5.362639533356881,6.410282687342494
4.240000000000002,1.1126090487464206,5.362639533356881,6.475248582103301
4.259999999999998,1.1772691597444749,5.362639533356881,6.539908693101356
4.280000000000001,1.241593838417574,5.362639533356881,6.6042333717744555
4.300000000000004,1.3055534884341435,5.362639533356881,6.668193021791025
4.32,1.369118579701237,5.362639533356881,6.7317581130581186
4.340000000000003,1.4322596623616581,5.362639533356881,6.794899195718539
4.359999999999999,1.494947380773334,5.362639533356881,6.857586914130215
4.380000000000003,1.557152487464768,5.362639533356881,6.9197920208216495
4.399999999999999,1.6188458570591946,5.362639533356881,6.981485390416076
4.420000000000002,1.6799985001614393,5.362639533356881,7.042638033518321
4.439999999999998,1.7405815772001367,5.362639533356881,7.103221110557017
4.460000000000001,1.8005664122193554,5.362639533356881,7.1632059455762365
4.480000000000004,1.8599245066122752,5.362639533356881,7.222564039969156
4.5,1.9186275527909191,5.362639533356881,7.2812670861478
4.520000000000003,1.976647447785079,5.362639533356881,7.33928698114196
4.539999999999999,2.0339563067637103,5.362639533356881,7.396595840120591
4.560000000000002,2.090526476472792,5.362639533356881,7.453166009829673
4.579999999999998,2.1463305485825197,5.362639533356881,7.508970081939401
4.600000000000001,2.2013413729380362,5.362639533356881,7.563980906294917
4.619999999999997,2.255532070706688,5.362639533356881,7.618171604063569
4.640000000000001,2.3088760474160477,5.362639533356881,7.671515580772929
4.660000000000004,2.361347005875823,5.362639533356881,7.723986539232704
4.68,2.4129189589778424,5.362639533356881,7.775558492334723
4.700000000000003,2.46356624236777,5.362639533356881,7.826205775724651
4.719999999999999,2.513263526982205,5.362639533356881,7.875903060339086
4.740000000000002,2.56198583144551,5.362639533356881,7.924625364802392
4.759999999999998,2.609708534319858,5.362639533356881,7.972348067676739
4.780000000000001,2.656407386203074,5.362639533356881,8.019046919559955
4.800000000000004,2.7020585216678192,5.362639533356881,8.0646980550247
4.82,2.746638471036828,5.362639533356881,8.109278004393708
4.840000000000003,2.790124171988202,5.362639533356881,8.152763705345084
4.859999999999999,2.832492980984993,5.362639533356881,8.195132514341875
4.880000000000003,2.8737226845239,5.362639533356881,8.236362217880782
4.899999999999999,2.913791510197077,5.362639533356881,8.276431043553957
4.920000000000002,2.952678137562166,5.362639533356881,8.315317670919047
4.939999999999998,2.9903617088147274,5.362639533356881,8.353001242171608
4.960000000000001,3.0268218392583575,5.362639533356881,8.389461372615239
4.980000000000004,3.0620386275668663,5.362639533356881,8.424678160923747
5.0,3.0959926658338626,5.362639533356881,8.458632199190744
5.020000000000003,3.1286650494046566,5.362639533356881,8.491304582761538
5.039999999999999,3.1600373864855476,5.362639533356881,8.522676919842429
5.060000000000002,3.190091807526005,5.362639533356881,8.552731340882886
5.079999999999998,3.218810974368848,5.362639533356881,8.58145050772573
5.100000000000001,3.246178089164183,5.362639533356881,8.608817622521064
5.119999999999997,3.2721769030423844,5.362639533356881,8.634816436399266
5.140000000000001,3.2967917245421425,5.362639533356881,8.659431257899023
5.160000000000004,3.32000742778911,5.362639533356881,8.682646961145991
5.18,3.3418094604213,5.362639533356881,8.70444899377818
5.200000000000003,3.362183851257183,5.362639533356881,8.724823384614064
5.219999999999999,3.381117217702627,5.362639533356881,8.743756751059507
5.240000000000002,3.3985967728931277,5.362639533356881,8.761236306250009
5.259999999999998,3.414610332567526,5.362639533356881,8.777249865924407
5.280000000000001,3.4291463216700095,5.362639533356881,8.791785855026891
5.300000000000004,3.442193780676853,5.362639533356881,8.804833314033734
5.32,3.4537423716448337,5.362639533356881,8.816381905001714
5.340000000000003,3.4637823839782325,5.362639533356881,8.826421917335114
5.359999999999999,3.472304739911429,5.362639533356881,8.83494427326831
5.380000000000003,3.479300999704395,5.362639533356881,8.841940533061276
5.399999999999999,3.484763366548294,5.362639533356881,8.847402899905175
5.420000000000002,3.488684691178782,5.362639533356881,8.851324224535663
5.439999999999998,3.4910584761945396,5.362639533356881,8.85369800955142
5.460000000000001,3.491878880078813,5.362639533356881,8.854518413435695
5.480000000000004,3.4911407209218366,5.362639533356881,8.853780254278718
5.5,3.4888394798422104,5.362639533356881,8.851479013199091
5.520000000000003,3.484971304105328,5.362639533356881,8.84761083746221
5.539999999999999,3.479533009937244,5.362639533356881,8.842172543294126
5.560000000000002,3.472522085032399,5.362639533356881,8.83516161838928
5.579999999999998,3.463936690753814,5.362639533356881,8.826576224110696
5.600000000000001,3.4537756640244948,5.362639533356881,8.816415197381376
5.619999999999997,3.442038518908969,5.362639533356881,8.80467805226585
5.640000000000001,3.428725447883942,5.362639533356881,8.791364981240823
5.660000000000004,3.413837322797331,5.362639533356881,8.776476856154211
5.68,3.397375695514957,5.362639533356881,8.760015228871838
5.700000000000003,3.379342798254352,5.362639533356881,8.741982331611233
5.719999999999999,3.359741543605451,5.362639533356881,8.722381076962332
5.740000000000002,3.3385755242377333,5.362639533356881,8.701215057594615
5.759999999999998,3.3158490122939797,5.362639533356881,8.678488545650861
5.780000000000001,3.291566958470469,5.362639533356881,8.65420649182735
5.800000000000004,3.265734990784099,5.362639533356881,8.62837452414098
5.82,3.2383594130265854,5.362639533356881,8.600998946383466
5.840000000000003,3.2094472029063486,5.362639533356881,8.57208673626323
5.859999999999999,3.179006009878859,5.362639533356881,8.54164554323574
5.880000000000003,3.1470441526659916,5.362639533356881,8.509683686022873
5.899999999999999,3.11357061646571,5.362639533356881,8.476210149822592
5.920000000000002,3.078595049852805,5.362639533356881,8.441234583209686
5.939999999999998,3.042127761372342,5.362639533356881,8.404767294729222
5.960000000000001,3.0041797158268166,5.362639533356881,8.366819249183697
5.980000000000004,2.964762530258968,5.362639533356881,8.32740206361585
6.0,2.9238884696316236,5.362639533356881,8.286528002988504
6.020000000000003,2.8815704422065194,5.362639533356881,8.2442099755634
6.039999999999999,2.83782199462426,5.362639533356881,8.20046152798114
6.060000000000002,2.792657306687144,5.362639533356881,8.155296840044025
6.079999999999998,2.7460911858475994,5.362639533356881,8.10873071920448
6.100000000000001,2.69813906140414,5.362639533356881,8.060778594761022
6.119999999999997,2.6488169784078757,5.362639533356881,8.011456511764756
6.140000000000001,2.598141591281784,5.362639533356881,7.960781124638665
6.160000000000004,2.546130157155998,5.362639533356881,7.908769690512879
6.18,2.492800528921739,5.362639533356881,7.85544006227862
6.200000000000003,2.4381711480070596,5.362639533356881,7.800810681363941
6.219999999999999,2.382261036877846,5.362639533356881,7.7449005702347264
6.240000000000002,2.325089791266986,5.362639533356881,7.6877293246238665
6.259999999999998,2.2666775721357166,5.362639533356881,7.629317105492598
6.280000000000001,2.207045097370175,5.362639533356881,7.569684630727056
6.300000000000004,2.1462136332174993,5.362639533356881,7.50885316657438
6.32,2.0842049854648237,5.362639533356881,7.446844518821704
6.340000000000003,2.0210414903653424,5.362639533356881,7.3836810237222235
6.359999999999999,1.9567460053157868,5.362639533356881,7.319385538672668
6.380000000000003,1.8913418992889623,5.362639533356881,7.253981432645843
6.399999999999999,1.8248530430264016,5.362639533356881,7.187492576383283
6.420000000000002,1.7573037989948095,5.362639533356881,7.11994333235169
6.439999999999998,1.688719011111679,5.362639533356881,7.05135854446856
6.460000000000001,1.6191239942439188,5.362639533356881,6.981763527600799
6.480000000000004,1.548544523485067,5.362639533356881,6.9111840568419485
6.5,1.4770068232153788,5.362639533356881,6.83964635657226
6.520000000000003,1.4045375559499753,5.362639533356881,6.767177089306856
6.539999999999999,1.3311638109804484,5.362639533356881,6.693803344337329
6.560000000000002,1.2569130928144652,5.362639533356881,6.619552626171346
6.579999999999998,1.1818133094194492,5.362639533356881,6.54445284277633
6.600000000000001,1.1058927602748883,5.362639533356881,6.468532293631769
6.619999999999997,1.0291801242395988,5.362639533356881,6.39181965759648
6.640000000000001,0.9517044472386649,5.362639533356881,6.314343980595546
6.660000000000004,0.8734951297764864,5.362639533356881,6.236134663133368
6.68,0.7945819142810684,5.362639533356881,6.15722144763795
6.700000000000003,0.7149948722855719,5.362639533356881,6.077634405642453
6.719999999999999,0.6347643914533205,5.362639533356881,5.997403924810202
6.740000000000002,0.5539211624515585,5.362639533356881,5.91656069580844
6.759999999999998,0.4724961656808093,5.362639533356881,5.83513569903769
6.780000000000001,0.3905206578651059,5.362639533356881,5.753160191221987
6.800000000000004,0.3080261585101216,5.362639533356881,5.670665691867002
6.82,0.22504443623469017,5.362639533356881,5.587683969591572
6.840000000000003,0.14160749498240177,5.362639533356881,5.504247028339282
6.859999999999999,0.05774756011980564,5.362639533356881,5.420387093476687
6.880000000000003,-0.026502935573022857,5.362639533356881,5.336136597783858
6.899999999999999,-0.11111136601216409,5.362639533356881,5.251528167344717
6.920000000000002,-0.19604492601428158,5.362639533356881,5.166594607342599
6.939999999999998,-0.2812706455882319,5.362639533356881,5.081368887768649
6.960000000000001,-0.36675540430821485,5.362639533356881,4.995884129048666
6.980000000000004,-0.45246594576090815,5.362639533356881,4.910173587595973
7.0,-0.5383688920606655,5.362639533356881,4.8242706412962155
7.020000000000003,-0.6244307584257411,5.362639533356881,4.73820877493114
7.039999999999999,-0.7106179678085012,5.362639533356881,4.65202156554838
7.060000000000002,-0.7968968655736448,5.362639533356881,4.565742667783236
7.079999999999998,-0.8832337342166572,5.362639533356881,4.479405799140224
7.100000000000001,-0.9695948081166821,5.362639533356881,4.393044725240199
7.119999999999997,-1.0559462883160007,5.362639533356881,4.30669324504088
7.140000000000001,-1.1422543573202626,5.362639533356881,4.2203851760366184
7.160000000000004,-1.2284851939116517,5.362639533356881,4.13415433944523
7.18,-1.3146049879688944,5.362639533356881,4.048034545387987
7.200000000000003,-1.4005799552869558,5.362639533356881,3.9620595780699253
7.219999999999999,-1.4863763523892373,5.362639533356881,3.8762631809676438
7.240000000000002,-1.5719604913261638,5.362639533356881,3.7906790420307175
7.259999999999998,-1.6572987544523983,5.362639533356881,3.7053407789044828
7.280000000000001,-1.742357609176768,5.362639533356881,3.620281924180113
7.300000000000004,-1.8271036226771304,5.362639533356881,3.5355359106797506
7.32,-1.911503476574176,5.362639533356881,3.4511360567827047
7.340000000000003,-1.9955239815569228,5.362639533356881,3.3671155517999583
7.359999999999999,-2.079132091953026,5.362639533356881,3.283507441403855
7.380000000000003,-2.1622949202376804,5.362639533356881,3.2003446131192006
7.399999999999999,-2.244979751473627,5.362639533356881,3.117659781883254
7.420000000000002,-2.3271540576764522,5.362639533356881,3.035485475680429
7.439999999999998,-2.4087855120975528,5.362639533356881,2.9538540212593283
7.460000000000001,-2.4898420034191546,5.362639533356881,2.8727975299377264
7.480000000000004,-2.570291649853804,5.362639533356881,2.792347883503077
7.5,-2.6501028131426194,5.362639533356881,2.7125367202142616
7.520000000000003,-2.729244112445463,5.362639533356881,2.633395420911418
7.539999999999999,-2.8076844381162984,5.362639533356881,2.5549550952405826
7.560000000000002,-2.885392965358104,5.362639533356881,2.477246567998777
7.579999999999998,-2.962339167750126,5.362639533356881,2.400300365606755
7.600000000000001,-3.0384928306420442,5.362639533356881,2.324146702714837
7.619999999999997,-3.1138240644080355,5.362639533356881,2.2488154689488455
7.640000000000001,-3.188303317555413,5.362639533356881,2.174336215801468
7.660000000000004,-3.261901389680947,5.362639533356881,2.100738143675934
7.68,-3.3345894442695214,5.362639533356881,2.0280500890873596
7.700000000000003,-3.406339021328968,5.362639533356881,1.956300512027913
7.719999999999999,-3.4771220498549056,5.362639533356881,1.8855174835019755
7.740000000000002,-3.5469108601205126,5.362639533356881,1.8157286732363684
7.759999999999998,-3.615678195784719,5.362639533356881,1.746961337572162
7.780000000000001,-3.683397225814032,5.362639533356881,1.6792423075428489
7.800000000000004,-3.750041556211697,5.362639533356881,1.612597977145184
7.82,-3.8155852415493987,5.362639533356881,1.5470542918074823
7.840000000000003,-3.880002796295903,5.362639533356881,1.4826367370609779
7.859999999999999,-3.9432692059371814,5.362639533356881,1.4193703274196996
7.880000000000003,-4.005359937883423,5.362639533356881,1.3572795954734582
7.899999999999999,-4.066250952157287,5.362639533356881,1.2963885811995937
7.920000000000002,-4.125918711859,5.362639533356881,1.2367208214978813
7.939999999999998,-4.184340193402953,5.362639533356881,1.178299339953928
7.960000000000001,-4.241492896521623,5.362639533356881,1.1211466368352578
7.980000000000004,-4.297354854031619,5.362639533356881,1.065284679325262
8.0,-4.35190464135783,5.362639533356881,1.0107348919990509
8.020000000000003,-4.405121385811116,5.362639533356881,0.9575181475457653
8.04,-4.456984775615032,5.362639533356881,0.905654757741849
8.060000000000002,-4.507475068677951,5.362639533356881,0.8551644646789303
8.079999999999998,-4.55657310110592,5.362639533356881,0.8060664322509608
8.100000000000001,-4.604260295452988,5.362639533356881,0.7583792379038927
8.120000000000005,-4.65051866870457,5.362639533356881,0.7121208646523112
8.14,-4.695330839990717,5.362639533356881,0.6673086933661638
8.160000000000004,-4.738680038025514,5.362639533356881,0.6239594953313672
8.18,-4.780550108269053,5.362639533356881,0.5820894250878279
8.200000000000003,-4.820925519809113,5.362639533356881,0.541714013547768
8.219999999999999,-4.859791371958922,5.362639533356881,0.5028481613979592
8.240000000000002,-4.897133400568433,5.362639533356881,0.4655061327884482
8.259999999999998,-4.932937984045828,5.362639533356881,0.4297015493110532
8.280000000000001,-4.967192149086925,5.362639533356881,0.3954473842699562
8.300000000000004,-4.999883576109443,5.362639533356881,0.3627559572474377
8.32,-5.031000604390048,5.362639533356881,0.3316389289668331
8.340000000000003,-5.060532236901681,5.362639533356881,0.3021072964552003
8.36,-5.0884681448488776,5.362639533356881,0.2741713885080035
8.380000000000003,-5.114798671899319,5.362639533356881,0.24784086145756223
8.399999999999999,-5.139514838109421,5.362639533356881,0.22312469524745993
8.420000000000002,-5.1626083435424555,5.362639533356881,0.20003118981442558
8.439999999999998,-5.184071571577379,5.362639533356881,0.1785679617795024
8.46,-5.203897591907106,5.362639533356881,0.15874194144977505
8.480000000000004,-5.222080163224731,5.362639533356881,0.14055937013215036
8.5,-5.238613735596656,5.362639533356881,0.1240257977602246
8.520000000000003,-5.2534934525215835,5.362639533356881,0.10914608083529753
8.54,-5.266715152674378,5.362639533356881,0.09592438068250342
8.560000000000002,-5.278275371334272,5.362639533356881,0.08436416202260943
8.579999999999998,-5.288171341496655,5.362639533356881,0.07446819186022591
8.600000000000001,-5.296400994668144,5.362639533356881,0.06623853868873741
8.620000000000005,-5.3029629613445515,5.362639533356881,0.059676572012329565
8.64,-5.307856571171729,5.362639533356881,0.05478296218515233
8.660000000000004,-5.311081852789215,5.362639533356881,0.051557680567666075
8.68,-5.312639533356881,5.362639533356881,0.04999999999999982
8.700000000000003,-5.312531037764938,5.362639533356881,0.0501084955919433
8.719999999999999,-5.3107584875276865,5.362639533356881,0.051881045829194505
8.740000000000002,-5.307324699361716,5.362639533356881,0.05531483399516546
8.759999999999998,-5.302233183449214,5.362639533356881,0.0604063499076668
8.780000000000001,-5.295488141387407,5.362639533356881,0.06715139196947373
8.800000000000004,-5.287094463825108,5.362639533356881,0.0755450695317732
8.82,-5.2770577277875965,5.362639533356881,0.08558180556928452
8.840000000000003,-5.265384193691213,5.362639533356881,0.09725533966566768
8.86,-5.252080802049129,5.362639533356881,0.11055873130775229
8.880000000000003,-5.237155169869947,5.362639533356881,0.12548436348693404
8.899999999999999,-5.220615586750936,5.362639533356881,0.14202394660594475
8.920000000000002,-5.2024710106677885,5.362639533356881,0.16016852268909254
8.939999999999998,-5.182731063463039,5.362639533356881,0.17990846989384224
8.96,-5.161406026035257,5.362639533356881,0.20123350732162404
8.980000000000004,-5.138506833231505,5.362639533356881,0.22413270012537634
9.0,-5.114045068445439,5.362639533356881,0.24859446491144244
9.020000000000003,-5.088032957923672,5.362639533356881,0.274606575433209
9.04,-5.060483364783369,5.362639533356881,0.3021561685735117
9.060000000000002,-5.031409782743644,5.362639533356881,0.3312297506132369
9.079999999999998,-5.000826329574136,5.362639533356881,0.36181320378274506
9.100000000000001,-4.968747740263663,5.362639533356881,0.39389179309321776
9.120000000000005,-4.935189359912483,5.362639533356881,0.42745017344439784
9.14,-4.900167136351373,5.362639533356881,0.46247239700550846
9.160000000000004,-4.863697612491226,5.362639533356881,0.49894192086565514
9.18,-4.825797918406906,5.362639533356881,0.5368416149499753
9.200000000000003,-4.786485763158877,5.362639533356881,0.5761537701980037
9.219999999999999,-4.745779426356997,5.362639533356881,0.6168601069998845
9.240000000000002,-4.70369774947,5.362639533356881,0.6589417838868812
9.259999999999998,-4.660260126885358,5.362639533356881,0.7023794064715227
9.280000000000001,-4.615486496723313,5.362639533356881,0.7471530366335681
9.300000000000004,-4.569397331409947,5.362639533356881,0.7932422019469341
9.32,-4.522013628013448,5.362639533356881,0.8406259053434333
9.340000000000003,-4.473356898348259,5.362639533356881,0.8892826350086223
9.36,-4.423449158852153,5.362639533356881,0.9391903745047276
9.380000000000003,-4.3723129202405335,5.362639533356881,0.9903266131163475
9.399999999999999,-4.319971176943424,5.362639533356881,1.042668356413457
9.420000000000002,-4.26644739632978,5.362639533356881,1.096192137027101
9.439999999999998,-4.211765507724615,5.362639533356881,1.150874025632266
9.46,-4.155949891223767,5.362639533356881,1.2066896421331137
9.480000000000004,-4.099025366312149,5.362639533356881,1.2636141670447323
9.5,-4.041017180290403,5.362639533356881,1.321622353066478
9.520000000000003,-3.981950996515692,5.362639533356881,1.380688536841189
9.54,-3.921852882462447,5.362639533356881,1.440786650894434
9.560000000000002,-3.8607492976081503,5.362639533356881,1.5018902357487307
9.579999999999998,-3.7986670811506884,5.362639533356881,1.5639724522061926
9.600000000000001,-3.735633439562287,5.362639533356881,1.627006093794594
9.620000000000005,-3.6716759339867306,5.362639533356881,1.6909635993701504
9.64,-3.606822467485232,5.362639533356881,1.755817065871649
9.660000000000004,-3.5411012721372135,5.362639533356881,1.8215382612196676
9.68,-3.474540896002429,5.362639533356881,1.8880986373544522
9.700000000000003,-3.407170189949931,5.362639533356881,1.95546934340695
9.719999999999999,-3.3390182943608875,5.362639533356881,2.0236212389959936
9.740000000000002,-3.2701146257108493,5.362639533356881,2.0925249076460317
9.759999999999998,-3.200488863038471,5.362639533356881,2.16215067031841
9.780000000000001,-3.1301709343063897,5.362639533356881,2.2324685990504913
9.800000000000004,-3.0591910026614912,5.362639533356881,2.30344853069539
9.82,-2.9875794526003747,5.362639533356881,2.3750600807565063
9.840000000000003,-2.915366876046826,5.362639533356881,2.447272657310055
9.86,-2.842584058348206,5.362639533356881,2.520055475008675
9.880000000000003,-2.769261964196583,5.362639533356881,2.593377569160298
9.899999999999999,-2.6954317234822076,5.362639533356881,2.6672078098746734
9.920000000000002,-2.621124617085072,5.362639533356881,2.741514916271809
9.939999999999998,-2.546372062612096,5.362639533356881,2.8162674707447852
9.96,-2.47120560008593,5.362639533356881,2.891433933270951
9.980000000000004,-2.395656877592782,5.362639533356881,2.9669826557640993
10.0,-2.319757636895458,5.362639533356881,3.042881896461423
10.020000000000003,-2.243539699018697,5.362639533356881,3.119099834338184
10.04,-2.167034949813723,5.362639533356881,3.195604583543158
10.060000000000002,-2.0902753255082382,5.362639533356881,3.272364207848643
10.079999999999998,-2.013292798249476,5.362639533356881,3.349346735107405
10.100000000000001,-1.9361193616461836,5.362639533356881,3.4265201717106972
10.120000000000005,-1.858787016317247,5.362639533356881,3.503852517039634
10.14,-1.7813277554529936,5.362639533356881,3.5813117779038874
10.160000000000004,-1.7037735503962514,5.362639533356881,3.65886598296063
10.18,-1.6261563362502423,5.362639533356881,3.736483197106639
10.200000000000003,-1.5485079975192728,5.362639533356881,3.8141315358376082
10.219999999999999,-1.4708603537899139,5.362639533356881,3.891779179566967
10.240000000000002,-1.393245145458416,5.362639533356881,3.9693943878984648
10.259999999999998,-1.3156940195119342,5.362639533356881,4.046945513844947
10.280000000000001,-1.2382385153694013,5.362639533356881,4.12440101798748
10.300000000000004,-1.1609100507894214,5.362639533356881,4.20172948256746
10.32,-1.0837399078511325,5.362639533356881,4.2788996255057485
10.340000000000003,-1.0067592190149017,5.362639533356881,4.355880314341979
10.36,-0.9299989532695453,5.362639533356881,4.432640580087336
10.380000000000003,-0.8534899023718993,5.362639533356881,4.5091496309849814
10.399999999999999,-0.7772626671860303,5.362639533356881,4.585376866170851
10.420000000000002,-0.7013476441275052,5.362639533356881,4.661291889229376
10.439999999999998,-0.6257750117199663,5.362639533356881,4.736864521636915
10.46,-0.5505747172693536,5.362639533356881,4.812064816087528
10.480000000000004,-0.47577646366284576,5.362639533356881,4.886863069694035
10.5,-0.4014096962979268,5.362639533356881,4.961229837058954
10.520000000000003,-0.3275035901479647,5.362639533356881,5.035135943208917
10.54,-0.25408703697054347,5.362639533356881,5.108552496386338
10.560000000000002,-0.18118863266380325,5.362639533356881,5.181450900693077
10.579999999999998,-0.10883666477746035,5.362639533356881,5.25380286857942
10.600000000000001,-0.03705910018349212,5.362639533356881,5.325580433173389
10.620000000000005,0.0341164270870884,5.362639533356881,5.396755960443969
10.64,0.10466262783635172,5.362639533356881,5.467302161193233
10.660000000000004,0.1745525695146537,5.362639533356881,5.5371921028715345
10.68,0.2437596878532906,5.362639533356881,5.606399221210172
10.700000000000003,0.312257798309845,5.362639533356881,5.674897331666726
10.719999999999999,0.38002110732015937,5.362639533356881,5.74266064067704
10.740000000000002,0.4470242233526427,5.362639533356881,5.809663756709524
10.759999999999998,0.5132421677589681,5.362639533356881,5.8758817011158495
10.780000000000001,0.5786503854170535,5.362639533356881,5.9412899187739345
10.800000000000004,0.6432247551606362,5.362639533356881,6.005864288517517
10.82,0.7069415999913427,5.362639533356881,6.0695811333482235
10.840000000000003,0.7697776970683303,5.362639533356881,6.132417230425212
10.86,0.8317102874707036,5.362639533356881,6.1943498208275845
10.880000000000003,0.8927170857288952,5.362639533356881,6.255356619085776
10.899999999999999,0.9527762891199485,5.362639533356881,6.3154158224768295
10.920000000000002,1.0118665867232206,5.362639533356881,6.374506120080102
10.939999999999998,1.0699671682317204,5.362639533356881,6.432606701588601
10.96,1.1270577325157842,5.362639533356881,6.489697265872666
10.980000000000004,1.1831184959346166,5.362639533356881,6.545758029291497
11.0,1.2381302003924455,5.362639533356881,6.600769733749327
11.020000000000003,1.2920741211355224,5.362639533356881,6.6547136544924035
11.04,1.3449320742862814,5.362639533356881,6.707571607643162
11.060000000000002,1.3966864241117798,5.362639533356881,6.759325957468661
11.079999999999998,1.4473200900226384,5.362639533356881,6.80995962337952
11.100000000000001,1.496816553299971,5.362639533356881,6.859456086656852
11.120000000000005,1.5451598635467942,5.362639533356881,6.907799396903675
11.14,1.592334644861526,5.362639533356881,6.954974178218407
11.160000000000004,1.6383261017307267,5.362639533356881,7.000965635087608
11.18,1.6831200246383602,5.362639533356881,7.0457595579952415
11.200000000000003,1.7267027953895662,5.362639533356881,7.089342328746447
11.219999999999999,1.7690613921461713,5.362639533356881,7.131700925503052
11.240000000000002,1.8101833941723307,5.362639533356881,7.172822927529212
11.259999999999998,1.8500569862877627,5.362639533356881,7.212696519644644
11.280000000000001,1.8886709630272656,5.362639533356881,7.251310496384146
11.300000000000004,1.9260147325042931,5.362639533356881,7.288654265861174
11.32,1.9620783199774254,5.362639533356881,7.324717853334306
11.340000000000003,1.99685237111814,5.362639533356881,7.359491904475021
11.36,2.0303281549784784,5.362639533356881,7.392967688335359
11.380000000000003,2.0624975666578065,5.362639533356881,7.4251371000146875
11.399999999999999,2.0933531296672716,5.362639533356881,7.455992663024153
11.420000000000002,2.1228879979915254,5.362639533356881,7.485527531348406
11.439999999999998,2.1510959578466116,5.362639533356881,7.513735491203493
11.46,2.1779714291338474,5.362639533356881,7.540610962490728
11.480000000000004,2.2035094665889594,5.362639533356881,7.56614899994584
11.5,2.2277057606264603,5.362639533356881,7.590345293983342
11.520000000000003,2.2505566378790607,5.362639533356881,7.613196171235941
11.54,2.272059061432083,5.362639533356881,7.634698594788964
11.560000000000002,2.2922106307532273,5.362639533356881,7.654850164110108
11.579999999999998,2.3110095813178324,5.362639533356881,7.6736491146747134
11.600000000000001,2.3284547839302827,5.362639533356881,7.691094317287163
11.620000000000005,2.344545743742016,5.362639533356881,7.707185277098898
11.64,2.3592825989670385,5.362639533356881,7.72192213232392
11.660000000000004,2.3726661192957987,5.362639533356881,7.73530565265268
11.68,2.384697704008437,5.362639533356881,7.747337237365318
11.700000000000003,2.3953793797887237,5.362639533356881,7.758018913145605
11.719999999999999,2.4047137982398894,5.362639533356881,7.76735333159677
11.740000000000002,2.412704233104008,5.362639533356881,7.775343766460889
11.759999999999998,2.4193545771863527,5.362639533356881,7.781994110543234
11.780000000000001,2.4246693389867255,5.362639533356881,7.787308872343607
11.800000000000004,2.428653639039474,5.362639533356881,7.7912931723963545
11.82,2.4313132059643676,5.362639533356881,7.793952739321249
11.840000000000003,2.432654372230508,5.362639533356881,7.795293905587389
11.86,2.4326840696355316,5.362639533356881,7.795323602992413
11.880000000000003,2.4314098245026625,5.362639533356881,7.794049357859544
11.899999999999999,2.4288397525981473,5.362639533356881,7.791479285955028
11.920000000000002,2.424982553771833,5.362639533356881,7.787622087128714
11.939999999999998,2.419847506323753,5.362639533356881,7.782487039680634
11.96,2.4134444610996892,5.362639533356881,7.77608399445657
11.980000000000004,2.405783835318884,5.362639533356881,7.768423368675765
12.0,2.3968766061371003,5.362639533356881,7.759516139493981
12.020000000000003,2.3867343039484266,5.362639533356881,7.749373837305308
12.04,2.3753690054293832,5.362639533356881,7.738008538786264
12.060000000000002,2.3627933263288385,5.362639533356881,7.72543285968572
12.079999999999998,2.349020414007608,5.362639533356881,7.711659947364489
12.100000000000001,2.3340639397314953,5.362639533356881,7.696703473088377
12.120000000000005,2.3179380907218423,5.362639533356881,7.680577624078723
12.14,2.30065756196764,5.362639533356881,7.663297095324522
12.160000000000004,2.2822375478033696,5.362639533356881,7.644877081160251
12.18,2.2626937332570374,5.362639533356881,7.625333266613918
12.200000000000003,2.242042285172622,5.362639533356881,7.604681818529503
12.219999999999999,2.220299843111712,5.362639533356881,7.582939376468593
12.240000000000002,2.197483510038721,5.362639533356881,7.560123043395603
12.259999999999998,2.173610842794684,5.362639533356881,7.536250376151565
12.280000000000001,2.1486998423642145,5.362639533356881,7.511339375721096
12.300000000000004,2.1227689439408115,5.362639533356881,7.4854084772976925
12.32,2.0958370067953718,5.362639533356881,7.458476540152253
12.340000000000003,2.067923303953071,5.362639533356881,7.430562837309952
12.36,2.039047511683963,5.362639533356881,7.401687045040844
12.380000000000003,2.009229698812354,5.362639533356881,7.371869232169235
12.399999999999999,1.9784903158506586,5.362639533356881,7.341129849207539
12.420000000000002,1.9468501839628307,5.362639533356881,7.309489717319712
12.439999999999998,1.9143304837633544,5.362639533356881,7.276970017120235
12.46,1.8809527439569587,5.362639533356881,7.24359227731384
12.480000000000004,1.84673882982523,5.362639533356881,7.209378363182111
12.5,1.811710931565492,5.362639533356881,7.174350464922373
12.520000000000003,1.7758915524879781,5.362639533356881,7.138531085844859
12.54,1.7393034970773402,5.362639533356881,7.101943030434221
12.560000000000002,1.7019698589240833,5.362639533356881,7.064609392280964
12.579999999999998,1.6639140085324247,5.362639533356881,7.026553541889306
12.600000000000001,1.6251595810102095,5.362639533356881,6.987799114367091
12.620000000000005,1.585730463647402,5.362639533356881,6.948369997004283
12.64,1.5456507833891115,5.362639533356881,6.908290316745992
12.660000000000004,1.5049448942094208,5.362639533356881,6.867584427566301
12.68,1.4636373643924498,5.362639533356881,6.826276897749331
12.700000000000003,1.4217529637267465,5.362639533356881,6.784392497083628
12.719999999999999,1.3793166506196313,5.362639533356881,6.741956183976512
12.740000000000002,1.3363535591375624,5.362639533356881,6.698993092494444
12.759999999999998,1.2928889859794013,5.362639533356881,6.655528519336283
12.780000000000001,1.2489483773885013,5.362639533356881,6.611587910745382
12.800000000000004,1.2045573160106455,5.362639533356881,6.567196849367527
12.82,1.159741507703934,5.362639533356881,6.5223810410608145
12.840000000000003,1.1145267683072673,5.362639533356881,6.477166301664148
12.86,1.06893901037422,5.362639533356881,6.431578543731101
12.880000000000003,1.023004229878345,5.362639533356881,6.385643763235226
12.899999999999999,0.9767484928970971,5.362639533356881,6.339388026253978
12.920000000000002,0.93019792228035,5.362639533356881,6.2928374556372315
12.939999999999998,0.8833786843106117,5.362639533356881,6.246018217667492
12.96,0.8363169753610653,5.362639533356881,6.198956508717947
12.980000000000004,0.7890390085584489,5.362639533356881,6.15167854191533
13.0,0.741571000456926,5.362639533356881,6.1042105338138075
13.020000000000003,0.6939391577297784,5.362639533356881,6.05657869108666
13.04,0.6461696638855066,5.362639533356881,6.008809197242387
13.060000000000002,0.5982886660145192,5.362639533356881,5.9609281993714
13.079999999999998,0.5503222615734789,5.362639533356881,5.91296179493036
13.100000000000001,0.5022964852131793,5.362639533356881,5.86493601857006
13.120000000000005,0.45423729565702375,5.362639533356881,5.816876829013905
13.14,0.406170562636075,5.362639533356881,5.768810095992956
13.160000000000004,0.3581220538872505,5.362639533356881,5.720761587244132
13.18,0.3101174222212677,5.362639533356881,5.672756955578149
13.200000000000003,0.2621821926661858,5.362639533356881,5.624821726023066
13.219999999999999,0.21434174969337194,5.362639533356881,5.576981283050253
13.240000000000002,0.1666213245316892,5.362639533356881,5.52926085788857
13.259999999999998,0.11904598257652976,5.362639533356881,5.48168551593341
13.280000000000001,0.071640610899391,5.362639533356881,5.434280144256272
13.300000000000004,0.024429905864604695,5.362639533356881,5.387069439221486
13.32,-0.022561639141138734,5.362639533356881,5.340077894215742
13.340000000000003,-0.0693097458603833,5.362639533356881,5.293329787496498
13.36,-0.11579036319138813,5.362639533356881,5.246849170165493
13.380000000000003,-0.1619796790842174,5.362639533356881,5.200659854272663
13.399999999999999,-0.20785413229994099,5.362639533356881,5.15478540105694
13.420000000000002,-0.25339042402793144,5.362639533356881,5.10924910932895
13.439999999999998,-0.2985655293549194,5.362639533356881,5.064074004001961
13.46,-0.34335670858085665,5.362639533356881,5.019282824776024
13.480000000000004,-0.3877415183755444,5.362639533356881,4.974898014981337
13.5,-0.431697822770988,5.362639533356881,4.930941710585893
13.520000000000003,-0.4752038039839972,5.362639533356881,4.887435729372884
13.54,-0.5182379730636986,5.362639533356881,4.844401560293182
13.560000000000002,-0.5607791803590065,5.362639533356881,4.801860352997874
13.579999999999998,-0.602806625800715,5.362639533356881,4.7598329075561665
13.600000000000001,-0.6442998689935688,5.362639533356881,4.718339664363312
13.620000000000005,-0.6852388391130169,5.362639533356881,4.677400694243865
13.64,-0.7256038446022681,5.362639533356881,4.637035688754613
13.660000000000004,-0.7653755826647632,5.362639533356881,4.597263950692118
13.68,-0.8045351485473571,5.362639533356881,4.558104384809524
13.700000000000003,-0.843064044610141,5.362639533356881,4.5195754887467405
13.719999999999999,-0.8809441891779919,5.362639533356881,4.481695344178889
13.740000000000002,-0.9181579251701781,5.362639533356881,4.4444816081867025
13.759999999999998,-0.9546880285033068,5.362639533356881,4.407951504853575
13.780000000000001,-0.9905177162640841,5.362639533356881,4.372121817092797
13.800000000000004,-1.0256306546475495,5.362639533356881,4.337008878709332
13.82,-1.060010966657281,5.362639533356881,4.3026285666996
13.840000000000003,-1.0936432395637996,5.362639533356881,4.268996293793082
13.86,-1.1265125321174434,5.362639533356881,4.236127001239438
13.880000000000003,-1.158604381512641,5.362639533356881,4.20403515184424
13.899999999999999,-1.1899048100998146,5.362639533356881,4.172734723257067
13.920000000000002,-1.2204003318421992,5.362639533356881,4.142239201514682
13.939999999999998,-1.2500779585140345,5.362639533356881,4.112561574842847
13.96,-1.2789252056376865,5.362639533356881,4.0837143277191945
13.980000000000004,-1.3069300981564362,5.362639533356881,4.055709435200445
14.0,-1.3340811758406006,5.362639533356881,4.02855835751628
14.020000000000003,-1.3603674984243468,5.362639533356881,4.002272034932535
14.04,-1.3857786504706455,5.362639533356881,3.9768608828862355
14.060000000000002,-1.4103047459624025,5.362639533356881,3.9523347873944785
14.079999999999998,-1.4339364326172674,5.362639533356881,3.9287031007396136
14.100000000000001,-1.45666489592451,5.362639533356881,3.905974637432371
14.120000000000005,-1.4784818629017509,5.362639533356881,3.88415767045513
14.14,-1.4993796055700868,5.362639533356881,3.8632599277867943
14.160000000000004,-1.5193509441459239,5.362639533356881,3.843288589210957
14.18,-1.5383892499480392,5.362639533356881,3.824250283408842
14.200000000000003,-1.5564884480187278,5.362639533356881,3.8061510853381533
14.219999999999999,-1.5736430194576614,5.362639533356881,3.7889965138992197
14.240000000000002,-1.5898480034676998,5.362639533356881,3.772791529889181
14.259999999999998,-1.60509899911154,5.362639533356881,3.757540534245341
14.280000000000001,-1.6193921667786881,5.362639533356881,3.743247366578193
14.300000000000004,-1.6327242293619957,5.362639533356881,3.7299153039948854
14.32,-1.6450924731434555,5.362639533356881,3.7175470602134255
14.340000000000003,-1.6564947483889223,5.362639533356881,3.7061447849679587
14.36,-1.666929469651539,5.362639533356881,3.695710063705342
14.380000000000003,-1.6763956157839885,5.362639533356881,3.6862439175728925
14.399999999999999,-1.6848927296595844,5.362639533356881,3.6777468036972967
14.420000000000002,-1.6924209176026026,5.362639533356881,3.6702186157542784
14.439999999999998,-1.6989808485281754,5.362639533356881,3.6636586848287056
14.46,-1.704573752792379,5.362639533356881,3.658065780564502
14.480000000000004,-1.7092014207532196,5.362639533356881,3.6534381126036615
14.5,-1.71286620104337,5.362639533356881,3.649773332313511
14.520000000000003,-1.7155709985556333,5.362639533356881,3.6470685348012477
14.54,-1.7173192721423414,5.362639533356881,3.6453202612145397
14.560000000000002,-1.7181150320298912,5.362639533356881,3.64452450132699
14.579999999999998,-1.7179628369498752,5.362639533356881,3.644676696407006
14.600000000000001,-1.7168677909884287,5.362639533356881,3.6457717423684524
14.620000000000005,-1.7148355401553563,5.362639533356881,3.6478039932015247
14.64,-1.7118722686750787,5.362639533356881,3.6507672646818023
14.660000000000004,-1.7079846950011466,5.362639533356881,3.6546548383557345
14.68,-1.7031800675566702,5.362639533356881,3.659459465800211
14.700000000000003,-1.6974661602027097,5.362639533356881,3.6651733731541714
14.719999999999999,-1.69085126743719,5.362639533356881,3.671788265919691
14.740000000000002,-1.6833441993267129,5.362639533356881,3.679295334030168
14.759999999999998,-1.6749542761740392,5.362639533356881,3.687685257182842
14.780000000000001,-1.6656913229238857,5.362639533356881,3.6969482104329954
14.800000000000004,-1.655565663310127,5.362639533356881,3.707073870046754
14.82,-1.6445881137472655,5.362639533356881,3.7180514196096155
14.840000000000003,-1.6327699769694437,5.362639533356881,3.7298695563874373
14.86,-1.6201230354202494,5.362639533356881,3.7425164979366317
14.880000000000003,-1.606659544396718,5.362639533356881,3.755979988960163
14.899999999999999,-1.5923922249511304,5.362639533356881,3.7702473084057506
14.920000000000002,-1.5773342565541189,5.362639533356881,3.785305276802762
14.939999999999998,-1.561499269523067,5.362639533356881,3.801140263833814
14.96,-1.5449013372194491,5.362639533356881,3.817738196137432
14.980000000000004,-1.527554968019325,5.362639533356881,3.835084565337556
15.0,-1.5094750970609594,5.362639533356881,3.8531644362959216
15.020000000000003,-1.4906770777738076,5.362639533356881,3.8719624555830734
15.04,-1.4711766731933604,5.362639533356881,3.8914628601635206
15.060000000000002,-1.4509900470659938,5.362639533356881,3.9116494862908873
15.079999999999998,-1.4301337547486557,5.362639533356881,3.9325057786082254
15.100000000000001,-1.4086247339078226,5.362639533356881,3.9540147994490584
15.120000000000005,-1.386480295022594,5.362639533356881,3.976159238334287
15.14,-1.3637181116967274,5.362639533356881,3.9989214216601536
15.160000000000004,-1.3403562107844755,5.362639533356881,4.022283322572406
15.18,-1.3164129623354,5.362639533356881,4.0462265710214815
15.200000000000003,-1.2919070693631016,5.362639533356881,4.07073246399378
15.219999999999999,-1.2668575574432532,5.362639533356881,4.095781975913628
15.240000000000002,-1.241283764145975,5.362639533356881,4.121355769210906
15.259999999999998,-1.2152053283082744,5.362639533356881,4.147434205048606
15.280000000000001,-1.188642179151592,5.362639533356881,4.173997354205289
15.300000000000004,-1.1616145252502879,5.362639533356881,4.201025008106593
15.32,-1.1341428433565452,5.362639533356881,4.228496690000336
15.340000000000003,-1.106247867087268,5.362639533356881,4.256391666269613
15.36,-1.0779505754789778,5.362639533356881,4.284688957877903
15.380000000000003,-1.0492721814161596,5.362639533356881,4.313367351940721
15.399999999999999,-1.0202341199392455,5.362639533356881,4.3424054134176355
15.420000000000002,-0.9908580364378996,5.362639533356881,4.371781496918981
15.439999999999998,-0.9611657747357789,5.362639533356881,4.401473758621102
15.46,-0.9311793650726616,5.362639533356881,4.43146016828422
15.480000000000004,-0.9009210119901869,5.362639533356881,4.461718521366694
15.5,-0.8704130821271248,5.362639533356881,4.492226451229756
15.520000000000003,-0.8396780919304998,5.362639533356881,4.522961441426381
15.54,-0.8087386952888802,5.362639533356881,4.553900838068001
15.560000000000002,-0.7776176710937195,5.362639533356881,4.5850218622631616
15.579999999999998,-0.7463379107356007,5.362639533356881,4.616301622621281
15.600000000000001,-0.7149224055411207,5.362639533356881,4.64771712781576
15.620000000000005,-0.6833942341572485,5.362639533356881,4.679245299199632
15.64,-0.6517765498892523,5.362639533356881,4.710862983467629
15.660000000000004,-0.6200925679986224,5.362639533356881,4.742546965358258
15.68,-0.5883655529676979,5.362639533356881,4.774273980389183
15.700000000000003,-0.5566188057369801,5.362639533356881,4.8060207276199005
15.719999999999999,-0.5248756509220085,5.362639533356881,4.8377638824348725
15.740000000000002,-0.4931594240159649,5.362639533356881,4.869480109340916
15.759999999999998,-0.4614934585846866,5.362639533356881,4.901146074772194
15.780000000000001,-0.42990107346044226,5.362639533356881,4.932738459896439
15.800000000000004,-0.39840555994101967,5.362639533356881,4.964233973415862
15.82,-0.367030169000532,5.362639533356881,4.9956093643563495
15.840000000000003,-0.33579809851845077,5.362639533356881,5.02684143483843
15.86,-0.30473248053341573,5.362639533356881,5.057907052823465
15.880000000000003,-0.273856368528014,5.362639533356881,5.088783164828867
15.899999999999999,-0.24319272475137188,5.362639533356881,5.11944680860551
15.920000000000002,-0.21276440758550863,5.362639533356881,5.149875125771373
15.939999999999998,-0.18259415896226905,5.362639533356881,5.180045374394612
15.96,-0.15270459183684104,5.362639533356881,5.20993494152004
15.980000000000004,-0.12311817772459,5.362639533356881,5.2395213556322915
16.0,-0.09385723430714199,5.362639533356881,5.2687822990497395
16.020000000000003,-0.06494391311422265,5.362639533356881,5.297695620242658
16.04,-0.036400187287507046,5.362639533356881,5.326239346069374
16.060000000000002,-0.008247839432501403,5.362639533356881,5.35439169392438
16.08,0.01949155043512718,5.362639533356881,5.382131083792008
16.1,0.04679661684296521,5.362639533356881,5.409436150199847
16.120000000000005,0.07364622070857862,5.362639533356881,5.43628575406546
16.14,0.10001946107388715,5.362639533356881,5.462658994430768
16.160000000000004,0.125895686721041,5.362639533356881,5.488535220077922
16.18,0.15125450766385673,5.362639533356881,5.5138940410207375
16.200000000000003,0.17607580650919807,5.362639533356881,5.538715339866079
16.22,0.20033974968217882,5.362639533356881,5.56297928303906
16.240000000000002,0.2240267985098756,5.362639533356881,5.586666331866756
16.259999999999998,0.2471177201575483,5.362639533356881,5.609757253514429
16.28,0.2695935984120754,5.362639533356881,5.632233131768956
16.300000000000004,0.29143584430693537,5.362639533356881,5.654075377663816
16.32,0.3126262065833656,5.362639533356881,5.675265739940246
16.340000000000003,0.3331467819824432,5.362639533356881,5.6957863153393244
16.36,0.35298002536268036,5.362639533356881,5.7156195587195615
16.380000000000003,0.3721087596381423,5.362639533356881,5.7347482929950235
16.4,0.39051618553181644,5.362639533356881,5.7531557188886975
16.42,0.40818589113947845,5.362639533356881,5.770825424496359
16.439999999999998,0.4251018612988612,5.362639533356881,5.787741394655742
16.46,0.44124848675964334,5.362639533356881,5.803888020116524
16.480000000000004,0.4566105731493014,5.362639533356881,5.819250106506183
16.5,0.47117334973035585,5.362639533356881,5.833812883087237
16.520000000000003,0.4849224779445167,5.362639533356881,5.847562011301398
16.54,0.49784405973918,5.362639533356881,5.8604835930960615
16.560000000000002,0.5099246456722363,5.362639533356881,5.872564179029117
16.58,0.521151242790739,5.362639533356881,5.88379077614762
16.6,0.5315113222796163,5.362639533356881,5.894150855636497
16.620000000000005,0.5409928268762632,5.362639533356881,5.903632360233145
16.64,0.5495841780472593,5.362639533356881,5.91222371140414
16.660000000000004,0.5572742829235624,5.362639533356881,5.919913816280443
16.68,0.5640525409903927,5.362639533356881,5.926692074347274
16.700000000000003,0.5699088505284955,5.362639533356881,5.9325483838853765
16.72,0.5748336148033034,5.362639533356881,5.937473148160184
16.740000000000002,0.5788177479988387,5.362639533356881,5.94145728135572
16.759999999999998,0.5818526808931488,5.362639533356881,5.94449221425003
16.78,0.5839303662723891,5.362639533356881,5.94656989962927
16.800000000000004,0.5850432840806232,5.362639533356881,5.947682817437505
16.82,0.5851844463026346,5.362639533356881,5.947823979659516
16.840000000000003,0.5843474015771635,5.362639533356881,5.946986934934045
16.86,0.5825262395380681,5.362639533356881,5.945165772894949
16.880000000000003,0.5797155948811168,5.362639533356881,5.942355128237998
16.9,0.5759106511542093,5.362639533356881,5.93855018451109
16.92,0.5711071442689241,5.362639533356881,5.933746677625805
16.939999999999998,0.5653013657315532,5.362639533356881,5.927940899088434
16.96,0.558490165591718,5.362639533356881,5.921129698948599
16.980000000000004,0.5506709551070594,5.362639533356881,5.9133104884639405
17.0,0.5418417091223839,5.362639533356881,5.904481242479265
17.020000000000003,0.5320009681619409,5.362639533356881,5.894640501518822
17.04,0.521147840233646,5.362639533356881,5.883787373590527
17.060000000000002,0.5092820023440761,5.362639533356881,5.871921535700957
17.08,0.49640370172340964,5.362639533356881,5.859043235080291
17.1,0.4825137567593896,5.362639533356881,5.84515329011627
17.120000000000005,0.4676135576397944,5.362639533356881,5.830253090996676
17.14,0.45170506670278543,5.362639533356881,5.814344600059666
17.160000000000004,0.43479081849480977,5.362639533356881,5.797430351851691
17.18,0.41687391953590713,5.362639533356881,5.779513452892788
17.200000000000003,0.39795804779218336,5.362639533356881,5.760597581149065
17.22,0.3780474518557229,5.362639533356881,5.740686985212604
17.240000000000002,0.3571469498319318,5.362639533356881,5.7197864831888126
17.259999999999998,0.3352619279348986,5.362639533356881,5.69790146129178
17.28,0.31239833879102996,5.362639533356881,5.675037872147911
17.300000000000004,0.28856269945186097,5.362639533356881,5.651202232808742
17.32,0.26376208911661075,5.362639533356881,5.626401622473492
17.340000000000003,0.23800414656550756,5.362639533356881,5.600643679922388
17.36,0.21129706730504866,5.362639533356881,5.57393660066193
17.380000000000003,0.18364960042617418,5.362639533356881,5.5462891337830555
17.4,0.15507104517703393,5.362639533356881,5.517710578533915
17.42,0.12557124725150232,5.362639533356881,5.488210780608384
17.439999999999998,0.0951605947954269,5.362639533356881,5.457800128152308
17.46,0.06385001413206348,5.362639533356881,5.426489547488945
17.480000000000004,0.031650965208920606,5.362639533356881,5.394290498565802
17.5,-0.0014245632321423507,5.362639533356881,5.361214970124738
17.520000000000003,-0.03536405875932516,5.362639533356881,5.327275474597556
17.54,-0.07015449062731036,5.362639533356881,5.292485042729571
17.560000000000002,-0.10578231542353586,5.362639533356881,5.256857217933345
17.58,-0.1422334829813499,5.362639533356881,5.220406050375531
17.6,-0.17949344255770883,5.362639533356881,5.183146090799172
17.620000000000005,-0.2175471492721407,5.362639533356881,5.14509238408474
17.64,-0.25637907080432465,5.362639533356881,5.106260462552556
17.660000000000004,-0.29597319434701647,5.362639533356881,5.066666339009864
17.68,-0.3363130338109509,5.362639533356881,5.02632649954593
17.700000000000003,-0.3773816372786649,5.362639533356881,4.985257896078216
17.72,-0.41916159470330105,5.362639533356881,4.94347793865358
17.740000000000002,-0.4616350458492613,5.362639533356881,4.9010044875076195
17.759999999999998,-0.504783688470474,5.362639533356881,4.857855844886407
17.78,-0.5485887867228723,5.362639533356881,4.814050746634009
17.800000000000004,-0.5930311798067018,5.362639533356881,4.769608353550179
17.82,-0.6380912908348242,5.362639533356881,4.724548242522057
17.840000000000003,-0.6837491359227923,5.362639533356881,4.678890397434088
17.86,-0.7299843334961338,5.362639533356881,4.632655199860747
17.880000000000003,-0.7767761138108283,5.362639533356881,4.585863419546053
17.9,-0.8241033286819575,5.362639533356881,4.538536204674924
17.92,-0.8719444614164275,5.362639533356881,4.490695071940453
17.939999999999998,-0.9202776369444127,5.362639533356881,4.442361896412469
17.96,-0.9690806321453276,5.362639533356881,4.393558901211554
17.980000000000004,-1.0183308863627858,5.362639533356881,4.3443086469940955
18.0,-1.0680055121039478,5.362639533356881,4.294634021252933
18.020000000000003,-1.1180813059180081,5.362639533356881,4.244558227438873
18.04,-1.1685347594483209,5.362639533356881,4.19410477390856
18.060000000000002,-1.2193420706534224,5.362639533356881,4.143297462703458
18.08,-1.2704791551909342,5.362639533356881,4.092160378165946
18.1,-1.3219216579594388,5.362639533356881,4.040717875397442
18.120000000000005,-1.3736449647922886,5.362639533356881,3.9889945685645927
18.14,-1.4256242142980315,5.362639533356881,3.9370153190588493
18.160000000000004,-1.4778343098417133,5.362639533356881,3.8848052235151678
18.18,-1.530249931661015,5.362639533356881,3.832389601695866
18.200000000000003,-1.5828455491118159,5.362639533356881,3.779793984245065
18.22,-1.6355954330367548,5.362639533356881,3.7270441003201262
18.240000000000002,-1.6884736682513892,5.362639533356881,3.6741658651054916
18.259999999999998,-1.7414541661412268,5.362639533356881,3.621185367215654
18.28,-1.7945106773642827,5.362639533356881,3.5681288559925983
18.300000000000004,-1.8476168046523185,5.362639533356881,3.5150227287045626
18.32,-1.9007460157050429,5.362639533356881,3.461893517651838
18.340000000000003,-1.953871656170894,5.362639533356881,3.408767877185987
18.36,-2.0069669627077946,5.362639533356881,3.3556725706490864
18.380000000000003,-2.060005076118148,5.362639533356881,3.302634457238733
18.4,-2.1129590545510286,5.362639533356881,3.2496804788058524
18.42,-2.1658018867657396,5.362639533356881,3.1968376465911414
18.439999999999998,-2.2185065054497346,5.362639533356881,3.1441330279071464
18.46,-2.271045800585017,5.362639533356881,3.091593732771864
18.480000000000004,-2.3233926328558243,5.362639533356881,3.0392469005010567
18.5,-2.37551984709171,5.362639533356881,2.987119686265171
18.520000000000003,-2.427400285739107,5.362639533356881,2.935239247617774
18.54,-2.4790068023547356,5.362639533356881,2.8836327310021455
18.560000000000002,-2.5303122751146834,5.362639533356881,2.8323272582421977
18.58,-2.581289620331935,5.362639533356881,2.781349913024946
18.6,-2.6319118059764395,5.362639533356881,2.7307277273804416
18.620000000000005,-2.682151865190475,5.362639533356881,2.680487668166406
18.64,-2.7319829097931274,5.362639533356881,2.6306566235637536
18.660000000000004,-2.7813781437671685,5.362639533356881,2.5812613895897125
18.68,-2.830310876721429,5.362639533356881,2.532328656635452
18.700000000000003,-2.878754537322634,5.362639533356881,2.483884996034247
18.72,-2.9266826866895,5.362639533356881,2.435956846667381
18.740000000000002,-2.9740690317430722,5.362639533356881,2.388570501613809
18.759999999999998,-3.0208874385062083,5.362639533356881,2.3417520948506727
18.78,-3.0671119453462525,5.362639533356881,2.2955275880106285
18.800000000000004,-3.112716776153754,5.362639533356881,2.249922757203127
18.82,-3.1576763534513037,5.362639533356881,2.2049631799055773
18.840000000000003,-3.2019653114257642,5.362639533356881,2.160674221931117
18.86,-3.2455585088773407,5.362639533356881,2.1170810244795404
18.880000000000003,-3.2884310420795493,5.362639533356881,2.0742084912773318
18.9,-3.3305582575431276,5.362639533356881,2.0320812758137534
18.92,-3.371915764678217,5.362639533356881,1.9907237686786639
18.939999999999998,-3.412479448348008,5.362639533356881,1.9501600850088732
18.96,-3.4522254813080746,5.362639533356881,1.9104140520488064
18.980000000000004,-3.4911303365249102,5.362639533356881,1.8715091968319708
19.0,-3.5291707993677335,5.362639533356881,1.8334687339891476
19.020000000000003,-3.566323979667564,5.362639533356881,1.796315553689317
19.04,-3.6025673236373468,5.362639533356881,1.7600722097195343
19.060000000000002,-3.637878625647534,5.362639533356881,1.724760907709347
19.08,-3.6722360398509086,5.362639533356881,1.6904034935059724
19.1,-3.7056180916512593,5.362639533356881,1.6570214417056217
19.120000000000005,-3.738003689009754,5.362639533356881,1.624635844347127
19.14,-3.7693721335837607,5.362639533356881,1.5932673997731204
19.160000000000004,-3.799703131692383,5.362639533356881,1.5629364016644982
19.18,-3.8289768051031214,5.362639533356881,1.5336627282537596
19.200000000000003,-3.8571737016345766,5.362639533356881,1.5054658317223044
19.22,-3.8842748055694587,5.362639533356881,1.4783647277874223
19.240000000000002,-3.910261547873124,5.362639533356881,1.452377985483757
19.259999999999998,-3.935115816212141,5.362639533356881,1.42752371714474
19.28,-3.958819964768083,5.362639533356881,1.4038195685887982
19.300000000000004,-3.9813568238414847,5.362639533356881,1.3812827095153963
19.32,-4.0027097092411275,5.362639533356881,1.3599298241157536
19.340000000000003,-4.022862431454009,5.362639533356881,1.3397771019028717
19.36,-4.041799304591175,5.362639533356881,1.3208402287657064
19.380000000000003,-4.059505155105091,5.362639533356881,1.30313437825179
19.4,-4.075965330273926,5.362639533356881,1.2866742030829554
19.42,-4.0911657064485905,5.362639533356881,1.2714738269082906
19.439999999999998,-4.105092697058183,5.362639533356881,1.2575468362986983
19.46,-4.117733260369891,5.362639533356881,1.2449062729869897
19.480000000000004,-4.129074906999247,5.362639533356881,1.2335646263576336
19.5,-4.139105707166944,5.362639533356881,1.2235338261899367
19.520000000000003,-4.147814297698517,5.362639533356881,1.2148252356583642
19.54,-4.155189888763101,5.362639533356881,1.2074496445937797
19.560000000000002,-4.161222270347995,5.362639533356881,1.201417263008886
19.58,-4.165901818465505,5.362639533356881,1.196737714891376
19.6,-4.169219501088873,5.362639533356881,1.1934200322680084
19.620000000000005,-4.171166883814198,5.362639533356881,1.1914726495426828
19.64,-4.171736135245344,5.362639533356881,1.1909033981115371
19.660000000000004,-4.170920032098956,5.362639533356881,1.191719501257925
19.68,-4.168711964026932,5.362639533356881,1.193927569329949
19.700000000000003,-4.165105938153717,5.362639533356881,1.197533595203164
19.72,-4.1600965833259735,5.362639533356881,1.2025429500309075
19.740000000000002,-4.153679154072341,5.362639533356881,1.20896037928454
19.759999999999998,-4.1458495342710595,5.362639533356881,1.2167899990858215
19.78,-4.136604240523514,5.362639533356881,1.2260352928333669
19.800000000000004,-4.125940425231692,5.362639533356881,1.2366991081251895
19.82,-4.113855879377879,5.362639533356881,1.248783653979002
19.840000000000003,-4.100349035004969,5.362639533356881,1.2622904983519119
19.86,-4.085418967395875,5.362639533356881,1.2772205659610059
19.880000000000003,-4.0690653969507675,5.362639533356881,1.2935741364061135
19.9,-4.051288690760968,5.362639533356881,1.311350842595913
19.92,-4.032089863878354,5.362639533356881,1.3305496694785273
19.939999999999998,-4.011470580279564,5.362639533356881,1.351168953077317
19.96,-3.989433153524053,5.362639533356881,1.373206379832828
19.980000000000004,-3.965980547105606,5.362639533356881,1.3966589862512748
20.0,-3.941116374496684,5.362639533356881,1.421523158860197
20.020000000000003,-3.9148448988853604,5.362639533356881,1.4477946344715207
20.04,-3.8871710326047992,5.362639533356881,1.4754685007520818
20.060000000000002,-3.8581003362550126,5.362639533356881,1.5045391971018685
20.08,-3.8276390175173445,5.362639533356881,1.5350005158395366
20.1,-3.795793929661661,5.362639533356881,1.5668456036952199
20.120000000000005,-3.7625725697469505,5.362639533356881,1.6000669636099305
20.14,-3.72798307651572,5.362639533356881,1.634656456841161
20.160000000000004,-3.69203422798293,5.362639533356881,1.6706053053739511
20.18,-3.654735438720544,5.362639533356881,1.707904094636337
20.200000000000003,-3.61609675683836,5.362639533356881,1.7465427765185209
20.22,-3.5761288606627,5.362639533356881,1.786510672694181
20.240000000000002,-3.5348430551138166,5.362639533356881,1.8277964782430645
20.259999999999998,-3.492251267783951,5.362639533356881,1.87038826557293
20.28,-3.4483660447171447,5.362639533356881,1.9142734886397363
20.300000000000004,-3.4032005458930508,5.362639533356881,1.9594389874638303
20.32,-3.3567685404161973,5.362639533356881,2.0058709929406837
20.340000000000003,-3.3090844014129104,5.362639533356881,2.0535551319439707
20.36,-3.2601631006382394,5.362639533356881,2.1024764327186416
20.380000000000003,-3.210020202794742,5.362639533356881,2.152619330562139
20.4,-3.1586718595661334,5.362639533356881,2.2039676737907477
20.42,-3.1061348033678087,5.362639533356881,2.2565047299890724
20.439999999999998,-3.052426340817535,5.362639533356881,2.310213192539346
20.46,-2.9975643459285854,5.362639533356881,2.3650751874282956
20.480000000000004,-2.941567253028832,5.362639533356881,2.421072280328049
20.5,-2.884454049408582,5.362639533356881,2.478185483948299
20.520000000000003,-2.826244267700411,5.362639533356881,2.53639526565647
20.54,-2.766957977994738,5.362639533356881,2.595681555362143
20.560000000000002,-2.706615779694037,5.362639533356881,2.656023753662844
20.58,-2.6452387931100416,5.362639533356881,2.7174007402468394
20.6,-2.58284865080694,5.362639533356881,2.779790882549941
20.620000000000005,-2.519467488695226,5.362639533356881,2.843172044661655
20.64,-2.4551179368795406,5.362639533356881,2.9075215964773404
20.660000000000004,-2.389823110264936,5.362639533356881,2.972816423091945
20.68,-2.323606598925995,5.362639533356881,3.039032934430886
20.700000000000003,-2.2564924582425574,5.362639533356881,3.1061470751143236
20.72,-2.1885051988073676,5.362639533356881,3.1741343345495134
20.740000000000002,-2.119669776109277,5.362639533356881,3.242969757247604
20.759999999999998,-2.0500115799976246,5.362639533356881,3.3126279533592564
20.78,-1.9795564239317383,5.362639533356881,3.383083109425143
20.800000000000004,-1.9083305340211973,5.362639533356881,3.4543089993356837
20.82,-1.8363605378612942,5.362639533356881,3.526278995495587
20.840000000000003,-1.7636734531690776,5.362639533356881,3.5989660801878034
20.86,-1.6902966762252456,5.362639533356881,3.6723428571316354
20.880000000000003,-1.6162579701268251,5.362639533356881,3.746381563230056
20.9,-1.5415854528565478,5.362639533356881,3.8210540805003332
20.92,-1.4663075851737677,5.362639533356881,3.8963319481831133
20.939999999999998,-1.390453158333247,5.362639533356881,3.972186375023634
20.96,-1.3140512816365786,5.362639533356881,4.048588251720302
20.980000000000004,-1.237131369822857,5.362639533356881,4.125508163534024
21.0,-1.1597231303037394,5.362639533356881,4.202916403053141
21.020000000000003,-1.0818565502489657,5.362639533356881,4.280782983107915
21.04,-1.003561883528746,5.362639533356881,4.359077649828135
21.060000000000002,-0.9248696375181482,5.362639533356881,4.437769895838732
21.08,-0.8458105597705998,5.362639533356881,4.516828973586281
21.1,-0.7664156245657092,5.362639533356881,4.596223908791172
21.120000000000005,-0.6867160193385167,5.362639533356881,4.675923514018365
21.14,-0.6067431309957358,5.362639533356881,4.755896402361145
21.160000000000004,-0.5265285321256865,5.362639533356881,4.8361110012311945
21.18,-0.44610396710848477,5.362639533356881,4.916535566248396
21.200000000000003,-0.36550133813230135,5.362639533356881,4.997138195224579
21.22,-0.2847526911230531,5.362639533356881,5.077886842233828
21.240000000000002,-0.20389020159311633,5.362639533356881,5.158749331763765
21.259999999999998,-0.12294616041663131,5.362639533356881,5.23969337294025
21.28,-0.04195295953701539,5.362639533356881,5.320686573819866
21.300000000000004,0.03905692238575931,5.362639533356881,5.40169645574264
21.32,0.12005093438209524,5.362639533356881,5.482690467738976
21.340000000000003,0.2009964676270295,5.362639533356881,5.5636360009839105
21.36,0.28186086993462434,5.362639533356881,5.644500403291506
21.380000000000003,0.36261146028663616,5.362639533356881,5.725250993643517
21.4,0.4432155433876952,5.362639533356881,5.805855076744576
21.42,0.5236404242411052,5.362639533356881,5.886279957597987
21.439999999999998,0.6038534227376156,5.362639533356881,5.966492956094497
21.46,0.6838218882512321,5.362639533356881,6.046461421608113
21.480000000000004,0.7635132142342878,5.362639533356881,6.126152747591169
21.5,0.8428948528058258,5.362639533356881,6.205534386162707
21.520000000000003,0.9219343293260418,5.362639533356881,6.284573862682922
21.54,1.0005992569497622,5.362639533356881,6.363238790306643
21.560000000000002,1.0788573511528456,5.362639533356881,6.441496884509727
21.58,1.1566764442237658,5.362639533356881,6.519315977580646
21.6,1.234024499714621,5.362639533356881,6.596664033071502
21.620000000000005,1.3108696268438176,5.362639533356881,6.673509160200698
21.64,1.3871800948444113,5.362639533356881,6.749819628201292
21.660000000000004,1.4629243472511524,5.362639533356881,6.825563880608033
21.68,1.5380710161191407,5.362639533356881,6.900710549476022
21.700000000000003,1.6125889361682513,5.362639533356881,6.975228469525132
21.72,1.686447158845763,5.362639533356881,7.0490866922026445
21.740000000000002,1.7596149663014429,5.362639533356881,7.1222544996583235
21.759999999999998,1.8320618852677333,5.362639533356881,7.194701418624614
21.78,1.9037577008393431,5.362639533356881,7.266397234196225
21.800000000000004,1.9746724701448906,5.362639533356881,7.337312003501772
21.82,2.0447765359049606,5.362639533356881,7.407416069261842
21.840000000000003,2.1140405398698014,5.362639533356881,7.4766800732266825
21.86,2.1824354361302056,5.362639533356881,7.545074969487087
21.880000000000003,2.2499325042958684,5.362639533356881,7.6125720376527495
21.9,2.3165033625342755,5.362639533356881,7.6791428958911565
21.92,2.3821199804647675,5.362639533356881,7.7447595138216485
21.940000000000005,2.446754691901003,5.362639533356881,7.8093942252578845
21.96,2.5103802074363397,5.362639533356881,7.873019740793221
21.980000000000004,2.572969626865992,5.362639533356881,7.935609160222873
22.0,2.634496451440021,5.362639533356881,7.997135984796902
22.020000000000003,2.6949345959416293,5.362639533356881,8.05757412929851
22.04,2.754258400584768,5.362639533356881,8.11689793394165
22.060000000000002,2.8124426427258427,5.362639533356881,8.175082176082723
22.08,2.8694625483834533,5.362639533356881,8.232102081740335
22.1,2.9252938035613876,5.362639533356881,8.287933336918268
22.120000000000005,2.9799125653688256,5.362639533356881,8.342552098725706
22.14,3.033295472933099,5.362639533356881,8.39593500628998
22.160000000000004,3.0854196580995743,5.362639533356881,8.448059191456455
22.18,3.1362627559134824,5.362639533356881,8.498902289270363
22.200000000000003,3.185802914879157,5.362639533356881,8.548442448236038
22.22,3.2340188069912656,5.362639533356881,8.596658340348146
22.240000000000002,3.280889637533925,5.362639533356881,8.643529170890806
22.259999999999998,3.326395154642424,5.362639533356881,8.689034687999305
22.28,3.370515658623641,5.362639533356881,8.733155191980522
22.300000000000004,3.413232011030181,5.362639533356881,8.775871544387062
22.32,3.454525643484393,5.362639533356881,8.817165176841275
22.340000000000003,3.494378566247843,5.362639533356881,8.857018099604725
22.36,3.5327733765321403,5.362639533356881,8.895412909889021
22.380000000000003,3.5696932665474606,5.362639533356881,8.93233279990434
22.4,3.6051220312845405,5.362639533356881,8.967761564641421
22.42,3.6390440760269,5.362639533356881,9.00168360938378
22.440000000000005,3.6714444235892643,5.362639533356881,9.034083956946144
22.46,3.7023087212791506,5.362639533356881,9.064948254636032
22.480000000000004,3.731623247578091,5.362639533356881,9.094262780934972
22.5,3.7593749185392817,5.362639533356881,9.122014451896163
22.520000000000003,3.7855512938988443,5.362639533356881,9.148190827255725
22.54,3.8101405828974553,5.362639533356881,9.172780116254337
22.560000000000002,3.8331316498099235,5.362639533356881,9.195771183166805
22.58,3.8545140191797613,5.362639533356881,9.217153552536642
22.6,3.874277880756508,5.362639533356881,9.236917414113389
22.620000000000005,3.8924140941332217,5.362639533356881,9.255053627490103
22.64,3.9089141930821105,5.362639533356881,9.271553726438992
22.660000000000004,3.923770389586122,5.362639533356881,9.286409922943003
22.68,3.9369755775645086,5.362639533356881,9.29961511092139
22.700000000000003,3.9485233362907626,5.362639533356881,9.311162869647644
22.72,3.95840793350103,5.362639533356881,9.32104746685791
22.740000000000002,3.9666243281917204,5.362639533356881,9.3292638615486
22.759999999999998,3.9731681731047934,5.362639533356881,9.335807706461674
22.78,3.978035816899628,5.362639533356881,9.34067535025651
22.800000000000004,3.981224306010319,5.362639533356881,9.3438638393672
22.82,3.982731386187565,5.362639533356881,9.345370919544447
22.840000000000003,3.9825555037243374,5.362639533356881,9.345195037081218
22.86,3.9806958063647007,5.362639533356881,9.343335339721582
22.880000000000003,3.977152143895359,5.362639533356881,9.33979167725224
22.9,3.9719250684195737,5.362639533356881,9.334564601776455
22.92,3.9650158343132977,5.362639533356881,9.327655367670179
22.940000000000005,3.956426397863496,5.362639533356881,9.319065931220377
22.96,3.9461594165887814,5.362639533356881,9.308798949945663
22.980000000000004,3.9342182482426376,5.362639533356881,9.296857781599519
23.0,3.9206069494996942,5.362639533356881,9.283246482856576
23.020000000000003,3.9053302743255425,5.362639533356881,9.267969807682423
23.04,3.888393672030948,5.362639533356881,9.251033205387829
23.060000000000002,3.8698032850111517,5.362639533356881,9.232442818368032
23.08,3.8495659461715075,5.362639533356881,9.21220547952839
23.1,3.827689176040366,5.362639533356881,9.190328709397248
23.120000000000005,3.8041811795707767,5.362639533356881,9.166820712927658
23.14,3.779050842632272,5.362639533356881,9.141690375989153
23.160000000000004,3.7523077281943933,5.362639533356881,9.114947261551274
23.18,3.7239620722038285,5.362639533356881,9.086601605560709
23.200000000000003,3.6940247791568432,5.362639533356881,9.056664312513725
23.22,3.662507417369269,5.362639533356881,9.02514695072615
23.240000000000002,3.6294222139459897,5.362639533356881,8.99206174730287
23.259999999999998,3.5947820494525495,5.362639533356881,8.957421582809431
23.28,3.5586004522909658,5.362639533356881,8.921239985647848
23.300000000000004,3.5208915927827724,5.362639533356881,8.883531126139653
23.32,3.481670276961657,5.362639533356881,8.844309810318538
23.340000000000003,3.440951940078744,5.362639533356881,8.803591473435624
23.36,3.3987526398236367,5.362639533356881,8.761392173180518
23.380000000000003,3.355089049264044,5.362639533356881,8.717728582620925
23.4,3.30997844950768,5.362639533356881,8.672617982864562
23.42,3.263438722089394,5.362639533356881,8.626078255446275
23.440000000000005,3.215488341087529,5.362639533356881,8.57812787444441
23.46,3.166146364972772,5.362639533356881,8.528785898329653
23.480000000000004,3.11543242819347,5.362639533356881,8.478071961550352
23.5,3.06336673250142,5.362639533356881,8.426006265858302
23.520000000000003,3.0099700380218772,5.362639533356881,8.372609571378758
23.54,2.9552636540722883,5.362639533356881,8.31790318742917
23.560000000000002,2.8992694297336445,5.362639533356881,8.261908963090526
23.58,2.8420097441792596,5.362639533356881,8.204649277536141
23.6,2.783507496764971,5.362639533356881,8.146147030121853
23.620000000000005,2.723786096885965,5.362639533356881,8.086425630242847
23.64,2.6628694536043964,5.362639533356881,8.025508986961277
23.660000000000004,2.600781965052925,5.362639533356881,7.963421498409806
23.68,2.5375485076192055,5.362639533356881,7.9001880409760865
23.700000000000003,2.4731944249159095,5.362639533356881,7.83583395827279
23.72,2.4077455165420933,5.362639533356881,7.770385049898975
23.740000000000002,2.3412280266403744,5.362639533356881,7.7038675599972555
23.759999999999998,2.273668632256019,5.362639533356881,7.6363081656129
23.78,2.2050944315026504,5.362639533356881,7.567733964859531
23.800000000000004,2.13553293154071,5.362639533356881,7.498172464897591
23.82,2.0650120363737843,5.362639533356881,7.427651569730665
23.840000000000003,1.9935600344687203,5.362639533356881,7.356199567825602
23.86,1.9212055862054458,5.362639533356881,7.283845119562327
23.880000000000003,1.84797771116182,5.362639533356881,7.210617244518701
23.9,1.7739057752401597,5.362639533356881,7.136545308597041
23.92,1.6990194776406198,5.362639533356881,7.0616590109975
23.940000000000005,1.6233488376883962,5.362639533356881,6.985988371045277
23.96,1.546924181520061,5.362639533356881,6.909563714876942
23.980000000000004,1.4697761286356508,5.362639533356881,6.832415661992532
24.0,1.3919355783229421,5.362639533356881,6.754575111679824
24.019999999999996,1.313433695959594,5.362639533356881,6.676073229316475
24.040000000000006,1.2343018992003136,5.362639533356881,6.596941432557195
24.060000000000002,1.1545718440550667,5.362639533356881,6.517211377411948
24.08,1.0742754108644892,5.362639533356881,6.43691494422137
24.099999999999994,0.9934446901798353,5.362639533356881,6.356084223536716
24.120000000000005,0.9121119685532983,5.362639533356881,6.274751501910179
24.14,0.8303097142460052,5.362639533356881,6.192949247602886
24.159999999999997,0.7480705628592532,5.362639533356881,6.110710096216135
24.180000000000007,0.6654273028969877,5.362639533356881,6.028066836253869
24.200000000000003,0.5824128612655777,5.362639533356881,5.945052394622459
24.22,0.4990602887171236,5.362639533356881,5.861699822074005
24.239999999999995,0.4154027452442106,5.362639533356881,5.778042278601092
24.260000000000005,0.33147348543197896,5.362639533356881,5.69411301878886
24.28,0.24730584377497555,5.362639533356881,5.609945377131856
24.299999999999997,0.16293321996465604,5.362639533356881,5.525572753321537
24.320000000000007,0.07838906415561464,5.362639533356881,5.441028597512496
24.340000000000003,-0.006293137783331737,5.362639533356881,5.356346395573549
24.36,-0.09107987902670311,5.362639533356881,5.2715596543301775
24.379999999999995,-0.17593764655068966,5.362639533356881,5.186701886806191
24.400000000000006,-0.2608329358862993,5.362639533356881,5.101806597470581
24.42,-0.3457322658598718,5.362639533356881,5.016907267497009
24.439999999999998,-0.4306021933148396,5.362639533356881,4.932037340042042
24.460000000000008,-0.5154093278071001,5.362639533356881,4.847230205549781
24.480000000000004,-0.6001203462673308,5.362639533356881,4.76251918708955
24.5,-0.6847020076243853,5.362639533356881,4.677937525732496
24.519999999999996,-0.769121167381527,5.362639533356881,4.5935183659753545
24.540000000000006,-0.8533447921399242,5.362639533356881,4.509294741216957
24.560000000000002,-0.9373399740618349,5.362639533356881,4.425299559295047
24.58,-1.0210739452678448,5.362639533356881,4.341565588089036
24.599999999999994,-1.1045140921601053,5.362639533356881,4.258125441196776
24.620000000000005,-1.1876279696661753,5.362639533356881,4.175011563690706
24.64,-1.2703833153959936,5.362639533356881,4.0922562179608875
24.659999999999997,-1.3527480637063043,5.362639533356881,4.009891469650577
24.680000000000007,-1.434690359665205,5.362639533356881,3.927949173691676
24.700000000000003,-1.5161785729105506,5.362639533356881,3.8464609604463305
24.72,-1.597181311396577,5.362639533356881,3.765458221960304
24.739999999999995,-1.6776674350212168,5.362639533356881,3.684972098335664
24.760000000000005,-1.7576060691288244,5.362639533356881,3.6050334642280566
24.78,-1.83696661788112,5.362639533356881,3.525672915475761
24.799999999999997,-1.9157187774916156,5.362639533356881,3.4469207558652655
24.820000000000007,-1.9938325493157305,5.362639533356881,3.3688069840411505
24.840000000000003,-2.0712782527916724,5.362639533356881,3.2913612805652086
24.86,-2.1480265382261376,5.362639533356881,3.2146129951307434
24.879999999999995,-2.2240483994183333,5.362639533356881,3.1385911339385477
24.900000000000006,-2.2993151861169645,5.362639533356881,3.0633243472399165
24.92,-2.373798616304278,5.362639533356881,2.988840917052603
24.939999999999998,-2.447470788301981,5.362639533356881,2.9151687450549
24.960000000000008,-2.5203041926927696,5.362639533356881,2.8423353406641114
24.980000000000004,-2.5922717240522775,5.362639533356881,2.7703678093046036
25.0,-2.6633466924867575,5.362639533356881,2.6992928408701236
25.019999999999996,-2.7335028349699693,5.362639533356881,2.6291366983869118
25.040000000000006,-2.8027143264752192,5.362639533356881,2.559925206881662
25.060000000000002,-2.870955790896618,5.362639533356881,2.491683742460263
25.08,-2.938202311755555,5.362639533356881,2.424437221601326
25.099999999999994,-3.004429442686395,5.362639533356881,2.358210090670486
25.120000000000005,-3.0696132176975177,5.362639533356881,2.2930263156593633
25.14,-3.1337301612023882,5.362639533356881,2.228909372154493
25.159999999999997,-3.1967572978169656,5.362639533356881,2.1658822355399154
25.180000000000007,-3.258672161917965,5.362639533356881,2.103967371438916
25.200000000000003,-3.3194528069582825,5.362639533356881,2.0431867263985986
25.22,-3.379077814535586,5.362639533356881,1.9835617188212948
25.239999999999995,-3.437526303209272,5.362639533356881,1.925113230147609
25.260000000000005,-3.494777937062435,5.362639533356881,1.8678615962944463
25.28,-3.550812934004644,5.362639533356881,1.811826599352237
25.299999999999997,-3.605612073812223,5.362639533356881,1.7570274595446582
25.320000000000007,-3.659156705901978,5.362639533356881,1.703482827454903
25.340000000000003,-3.7114287568349473,5.362639533356881,1.6512107765219337
25.36,-3.76241073754751,5.362639533356881,1.6002287958093708
25.379999999999995,-3.812085750305619,5.362639533356881,1.550553783051262
25.400000000000006,-3.8604374953799585,5.362639533356881,1.5022020379769225
25.42,-3.9074502774384134,5.362639533356881,1.4551892559184676
25.439999999999998,-3.953109011653843,5.362639533356881,1.4095305217030378
25.460000000000008,-3.997399229523576,5.362639533356881,1.3652403038333052
25.480000000000004,-4.040307084398694,5.362639533356881,1.3223324489581874
25.5,-4.08181935672074,5.362639533356881,1.2808201766361407
25.519999999999996,-4.121923458963207,5.362639533356881,1.2407160743936743
25.540000000000006,-4.160607440276015,5.362639533356881,1.2020320930808657
25.560000000000002,-4.1978599908308345,5.362639533356881,1.1647795425260465
25.58,-4.2336704458657035,5.362639533356881,1.1289690874911775
25.599999999999994,-4.268028789426856,5.362639533356881,1.0946107439300254
25.620000000000005,-4.300925657806589,5.362639533356881,1.061713875550292
25.64,-4.332352342675438,5.362639533356881,1.0302871906814435
25.659999999999997,-4.362300793907871,5.362639533356881,1.0003387394490098
25.680000000000007,-4.390763622099917,5.362639533356881,0.9718759112569639
25.700000000000003,-4.417734100778017,5.362639533356881,0.9449054325788637
25.72,-4.443206168298404,5.362639533356881,0.9194333650584774
25.739999999999995,-4.467174429436082,5.362639533356881,0.8954651039207988
25.760000000000005,-4.489634156663075,5.362639533356881,0.873005376693806
25.78,-4.510581291115509,5.362639533356881,0.8520582422413723
25.799999999999997,-4.530012443249433,5.362639533356881,0.8326270901074482
25.820000000000007,-4.547924893185149,5.362639533356881,0.814714640171732
25.840000000000003,-4.564316590740148,5.362639533356881,0.7983229426167329
25.86,-4.579186155151118,5.362639533356881,0.7834533782057633
25.879999999999995,-4.592532874485039,5.362639533356881,0.7701066588718417
25.900000000000006,-4.6043567047402165,5.362639533356881,0.7582828286166645
25.92,-4.614658268637636,5.362639533356881,0.747981264719245
25.939999999999998,-4.623438854103817,5.362639533356881,0.7392006792530639
25.960000000000008,-4.630700412445709,5.362639533356881,0.7319391209111723
25.980000000000004,-4.636445556219094,5.362639533356881,0.726193977137787
26.0,-4.640677556791567,5.362639533356881,0.7219619765653142
26.019999999999996,-4.64340034160156,5.362639533356881,0.7192391917553209
26.040000000000006,-4.644618491114924,5.362639533356881,0.7180210422419568
26.060000000000002,-4.644337235480795,5.362639533356881,0.718302297876086
26.08,-4.642562450888543,5.362639533356881,0.7200770824683378
26.099999999999994,-4.639300655627828,5.362639533356881,0.723338877729053
26.120000000000005,-4.634559005853768,5.362639533356881,0.7280805275031135
26.14,-4.628345291059636,5.362639533356881,0.7342942422972447
26.159999999999997,-4.620667929259319,5.362639533356881,0.7419716040975617
26.180000000000007,-4.611535961882164,5.362639533356881,0.751103571474717
26.200000000000003,-4.600959048382855,5.362639533356881,0.7616804849740264
26.22,-4.588947460569104,5.362639533356881,0.7736920727877772
26.239999999999995,-4.575512076650081,5.362639533356881,0.7871274567068003
26.260000000000005,-4.56066437500868,5.362639533356881,0.8019751583482009
26.28,-4.54441642770086,5.362639533356881,0.8182231056560214
26.299999999999997,-4.526780893685155,5.362639533356881,0.8358586396717262
26.320000000000007,-4.507771011786159,5.362639533356881,0.8548685215707224
26.340000000000003,-4.487400593395286,5.362639533356881,0.8752389399615952
26.36,-4.465684014912537,5.362639533356881,0.8969555184443436
26.379999999999995,-4.442636209933268,5.362639533356881,0.9200033234236127
26.400000000000006,-4.4182726611836305,5.362639533356881,0.9443668721732505
26.42,-4.392609392209093,5.362639533356881,0.9700301411477881
26.439999999999998,-4.36566295881975,5.362639533356881,0.9969765745371308
26.460000000000008,-4.337450440297181,5.362639533356881,1.0251890930596996
26.480000000000004,-4.307989430367001,5.362639533356881,1.0546501029898803
26.5,-4.277298027941539,5.362639533356881,1.0853415054153421
26.519999999999996,-4.2453948276374955,5.362639533356881,1.1172447057193855
26.540000000000006,-4.212298910073174,5.362639533356881,1.1503406232837072
26.560000000000002,-4.1780298319501,5.362639533356881,1.1846097014067807
26.58,-4.1426076159239065,5.362639533356881,1.2200319174329746
26.599999999999994,-4.1060527402696305,5.362639533356881,1.2565867930872505
26.620000000000005,-4.068386128346493,5.362639533356881,1.2942534050103882
26.64,-4.029629137867396,5.362639533356881,1.3330103954894854
26.659999999999997,-3.9898035499782054,5.362639533356881,1.3728359833786756
26.680000000000007,-3.9489315581526054,5.362639533356881,1.4137079752042756
26.700000000000003,-3.9070357569078196,5.362639533356881,1.4556037764490615
26.72,-3.8641391303464534,5.362639533356881,1.4985004030104276
26.739999999999995,-3.82026504053072,5.362639533356881,1.542374492826161
26.760000000000005,-3.77543721569418,5.362639533356881,1.587202317662701
26.78,-3.7296797382972304,5.362639533356881,1.6329597950596506
26.799999999999997,-3.6830170329317045,5.362639533356881,1.6796225004251766
26.820000000000007,-3.635473854081022,5.362639533356881,1.727165679275859
26.840000000000003,-3.5870752737417817,5.362639533356881,1.7755642596150993
26.86,-3.537846668912325,5.362639533356881,1.824792864444556
26.879999999999995,-3.4878137089552137,5.362639533356881,1.8748258244016673
26.900000000000006,-3.437002342839136,5.362639533356881,1.9256371905177452
26.92,-3.3854387862669664,5.362639533356881,1.9772007470899147
26.939999999999998,-3.3331495086956155,5.362639533356881,2.0294900246612655
26.960000000000008,-3.2801612202547923,5.362639533356881,2.0824783131020888
26.980000000000004,-3.2265008585705637,5.362639533356881,2.1361386747863174
27.0,-3.1721955754999738,5.362639533356881,2.1904439578569073
27.019999999999996,-3.1172727237837403,5.362639533356881,2.2453668095731407
27.040000000000006,-3.0617598436229643,5.362639533356881,2.3008796897339168
27.060000000000002,-3.0056846491869127,5.362639533356881,2.3569548841699683
27.08,-2.9490750150576757,5.362639533356881,2.4135645182992054
27.099999999999994,-2.891958962619124,5.362639533356881,2.470680570737757
27.120000000000005,-2.834364646396107,5.362639533356881,2.528274886960774
27.14,-2.776320340351132,5.362639533356881,2.586319193005749
27.159999999999997,-2.71785442414419,5.362639533356881,2.644785109212691
27.180000000000007,-2.658995369363576,5.362639533356881,2.703644163993305
27.200000000000003,-2.599771725733612,5.362639533356881,2.762867807623269
27.22,-2.540212107305846,5.362639533356881,2.822427426051035
27.239999999999995,-2.4803451786409787,5.362639533356881,2.8822943547159023
27.260000000000005,-2.420199640987727,5.362639533356881,2.942439892369154
27.28,-2.359804218465587,5.362639533356881,3.002835314891294
27.299999999999997,-2.2991876442576573,5.362639533356881,3.0634518890992237
27.320000000000007,-2.238378646820872,5.362639533356881,3.124260886536009
27.340000000000003,-2.1774059361199565,5.362639533356881,3.1852335972369246
27.36,-2.1162981898913094,5.362639533356881,3.2463413434655717
27.379999999999995,-2.0550840399443118,5.362639533356881,3.3075554934125693
27.400000000000006,-1.9937920585058377,5.362639533356881,3.3688474748510435
27.42,-1.9324507446151384,5.362639533356881,3.4301887887417424
27.439999999999998,-1.8710885105749302,5.362639533356881,3.491551022781951
27.460000000000008,-1.809733668465932,5.362639533356881,3.552905864890949
27.480000000000004,-1.7484144167310722,5.362639533356881,3.614225116625809
27.5,-1.6871588268352558,5.362639533356881,3.6754807065216255
27.519999999999996,-1.6259948300079727,5.362639533356881,3.736644703348908
27.540000000000006,-1.5649502040744188,5.362639533356881,3.7976893292824623
27.560000000000002,-1.5040525603818808,5.362639533356881,3.858586972975
27.58,-1.4433293308269917,5.362639533356881,3.919310202529889
27.599999999999994,-1.3828077549909268,5.362639533356881,3.9798317783659543
27.620000000000005,-1.322514867387927,5.362639533356881,4.040124665968954
27.64,-1.2624774848337652,5.362639533356881,4.100162048523115
27.659999999999997,-1.2027221939395618,5.362639533356881,4.159917339417319
27.680000000000007,-1.1432753387375731,5.362639533356881,4.219364194619308
27.700000000000003,-1.0841630084446092,5.362639533356881,4.278476524912271
27.72,-1.0254110253683948,5.362639533356881,4.3372285079884865
27.739999999999995,-0.9670449329634789,5.362639533356881,4.395594600393402
27.760000000000005,-0.909089984041668,5.362639533356881,4.453549549315213
27.78,-0.8515711291430594,5.362639533356881,4.511068404213821
27.799999999999997,-0.7945130050725477,5.362639533356881,4.568126528284333
27.820000000000007,-0.7379399236080103,5.362639533356881,4.624699609748871
27.840000000000003,-0.6818758603850723,5.362639533356881,4.680763672971809
27.86,-0.6263444439634345,5.362639533356881,4.736295089393447
27.879999999999995,-0.5713689450806098,5.362639533356881,4.791270588276271
27.900000000000006,-0.5169722660974749,5.362639533356881,4.845667267259406
27.92,-0.4631769306411939,5.362639533356881,4.899462602715687
27.939999999999998,-0.41000507344961923,5.362639533356881,4.952634459907262
27.960000000000008,-0.3574784304227355,5.362639533356881,5.005161102934146
27.980000000000004,-0.3056183288854309,5.362639533356881,5.05702120447145
28.0,-0.2544456780658975,5.362639533356881,5.108193855290984
28.019999999999996,-0.2039809597946492,5.362639533356881,5.1586585735622315
28.040000000000006,-0.15424421942813998,5.362639533356881,5.208395313928741
28.060000000000002,-0.10525505700137738,5.362639533356881,5.2573844763555035
28.08,-0.057032618613318875,5.362639533356881,5.305606914743562
28.099999999999994,-0.00959558804953664,5.362639533356881,5.353043945307345
28.120000000000005,0.037037821354303335,5.362639533356881,5.3996773547111845
28.14,0.08284987460423243,5.362639533356881,5.445489407961113
28.159999999999997,0.12782332269169827,5.362639533356881,5.4904628560485795
28.180000000000007,0.17194140998526186,5.362639533356881,5.534580943342143
28.200000000000003,0.21518788136703199,5.362639533356881,5.577827414723913
28.22,0.25754698911100443,5.362639533356881,5.620186522467885
28.239999999999995,0.29900349949939037,5.362639533356881,5.661643032856271
28.260000000000005,0.33954269917464,5.362639533356881,5.702182232531521
28.28,0.3791504012237311,5.362639533356881,5.741789934580612
28.299999999999997,0.41781295099260246,5.362639533356881,5.7804524843494836
28.320000000000007,0.4555172316274466,5.362639533356881,5.8181567649843275
28.340000000000003,0.4922506693407638,5.362639533356881,5.854890202697645
28.36,0.5280012383999776,5.362639533356881,5.890640771756859
28.379999999999995,0.5627574658360113,5.362639533356881,5.925396999192892
28.400000000000006,0.5965084358700518,5.362639533356881,5.959147969226933
28.42,0.6292437940564275,5.362639533356881,5.9918833274133085
28.439999999999998,0.6609537511400536,5.362639533356881,6.023593284496934
28.460000000000008,0.6916290866264777,5.362639533356881,6.054268619983358
28.480000000000004,0.7212611520631218,5.362639533356881,6.083900685420003
28.5,0.7498418740306975,5.362639533356881,6.112481407387579
28.519999999999996,0.7773637568429896,5.362639533356881,6.1400032901998705
28.540000000000006,0.8038198849544663,5.362639533356881,6.166459418311347
28.560000000000002,0.8292039250743487,5.362639533356881,6.191843458431229
28.58,0.8535101279868669,5.362639533356881,6.2161496613437475
28.60000000000001,0.8767333300764895,5.362639533356881,6.2393728634333705
28.620000000000005,0.8988689545580079,5.362639533356881,6.261508487914889
28.64,0.9199130124110932,5.362639533356881,6.282552545767974
28.659999999999997,0.9398621030189566,5.362639533356881,6.302501636375838
28.680000000000007,0.9587134145111602,5.362639533356881,6.321352947868041
28.700000000000003,0.976464723810651,5.362639533356881,6.3391042571675325
28.72,0.9931143963852913,5.362639533356881,6.355753929742172
28.739999999999995,1.008661385704163,5.362639533356881,6.371300919061044
28.760000000000005,1.0231052323991978,5.362639533356881,6.385744765756079
28.78,1.0364460631328372,5.362639533356881,6.399085596489718
28.799999999999997,1.0486845891725363,5.362639533356881,6.411324122529417
28.820000000000007,1.0598221046729646,5.362639533356881,6.422461638029846
28.840000000000003,1.0698604846670852,5.362639533356881,6.432500018023966
28.86,1.0788021827673728,5.362639533356881,6.441441716124254
28.879999999999995,1.0866502285783968,5.362639533356881,6.449289761935278
28.900000000000006,1.0934082248224941,5.362639533356881,6.456047758179375
28.92,1.0990803441800245,5.362639533356881,6.461719877536906
28.939999999999998,1.1036713258460966,5.362639533356881,6.466310859202977
28.960000000000008,1.1071864718056688,5.362639533356881,6.46982600516255
28.980000000000004,1.1096316428291075,5.362639533356881,6.472271176185989
29.0,1.1110132541903814,5.362639533356881,6.4736527875472625
29.019999999999996,1.111338271110323,5.362639533356881,6.473977804467204
29.040000000000006,1.110614203927364,5.362639533356881,6.473253737284245
29.060000000000002,1.108849102998317,5.362639533356881,6.471488636355198
29.08,1.1060515533321098,5.362639533356881,6.468691086688991
29.10000000000001,1.1022306689591583,5.362639533356881,6.464870202316039
29.120000000000005,1.097396087039535,5.362639533356881,6.460035620396416
29.14,1.0915579617129247,5.362639533356881,6.454197495069806
29.159999999999997,1.0847269576937961,5.362639533356881,6.447366491050677
29.180000000000007,1.0769142436149317,5.362639533356881,6.439553776971813
29.200000000000003,1.0681314851231647,5.362639533356881,6.430771018480046
29.22,1.0583908377304856,5.362639533356881,6.421030371087367
29.239999999999995,1.0477049394247389,5.362639533356881,6.41034447278162
29.260000000000005,1.0360869030434372,5.362639533356881,6.3987264364003185
29.28,1.0235503084147883,5.362639533356881,6.386189841771669
29.299999999999997,1.010109194270043,5.362639533356881,6.372748727626924
29.320000000000007,0.9957780499312703,5.362639533356881,6.358417583288151
29.340000000000003,0.9805718067790468,5.362639533356881,6.343211340135928
29.36,0.9645058295042052,5.362639533356881,6.327145362861086
29.379999999999995,0.9475959071483963,5.362639533356881,6.310235440505277
29.400000000000006,0.9298582439380849,5.362639533356881,6.292497777294966
29.42,0.9113094499164025,5.362639533356881,6.273948983273284
29.439999999999998,0.8919665313781537,5.362639533356881,6.254606064735035
29.460000000000008,0.8718468811123503,5.362639533356881,6.234486414469231
29.480000000000004,0.8509682684578497,5.362639533356881,6.213607801814731
29.5,0.829348829176694,5.362639533356881,6.191988362533575
29.519999999999996,0.8070070551506323,5.362639533356881,6.169646588507513
29.540000000000006,0.7839617839059643,5.362639533356881,6.146601317262846
29.560000000000002,0.7602321879723111,5.362639533356881,6.122871721329192
29.58,0.7358377640801419,5.362639533356881,6.098477297437023
29.60000000000001,0.7107983222034473,5.362639533356881,6.073437855560329
29.620000000000005,0.6851339744522953,5.362639533356881,6.047773507809176
29.64,0.6588651238215579,5.362639533356881,6.021504657178439
29.659999999999997,0.6320124528010773,5.362639533356881,5.994651986157958
29.680000000000007,0.6045969118534442,5.362639533356881,5.967236445210325
29.700000000000003,0.5766397077650731,5.362639533356881,5.939279241121954
29.72,0.5481622918762727,5.362639533356881,5.910801825233154
29.739999999999995,0.519186348196828,5.362639533356881,5.881825881553709
29.760000000000005,0.4897337814124947,5.362639533356881,5.852373314769376
29.78,0.4598267047891811,5.362639533356881,5.822466238146062
29.799999999999997,0.4294874279801135,5.362639533356881,5.792126961336995
29.820000000000007,0.3987384447429285,5.362639533356881,5.76137797809981
29.840000000000003,0.3676024205726942,5.362639533356881,5.730241953929575
29.86,0.3361021802565993,5.362639533356881,5.69874171361348
29.879999999999995,0.3042606953574474,5.362639533356881,5.666900228714328
29.900000000000006,0.27210107163177444,5.362639533356881,5.6347406049886555
29.92,0.23964653638893196,5.362639533356881,5.602286069745813
29.939999999999998,0.20692042579776704,5.362639533356881,5.569559959154648
29.960000000000008,0.1739461721470481,5.362639533356881,5.53658570550393
29.980000000000004,0.1407472910665506,5.362639533356881,5.503386824423432
30.0,0.10734736871440287,5.362639533356881,5.469986902071284
30.019999999999996,0.07377004893806882,5.362639533356881,5.436409582294949
30.040000000000006,0.04003902041495255,5.362639533356881,5.402678553771834
30.060000000000002,0.006178003779129249,5.362639533356881,5.36881753713601
30.08,-0.027789261259201226,5.362639533356881,5.33485027209768
30.10000000000001,-0.061839028795087625,5.362639533356881,5.300800504561794
30.120000000000005,-0.09594755960441015,5.362639533356881,5.2666919737524704
30.14,-0.13009113400747374,5.362639533356881,5.232548399349407
30.159999999999997,-0.16424606471390835,5.362639533356881,5.198393468642973
30.180000000000007,-0.19838870964229427,5.362639533356881,5.164250823714587
30.200000000000003,-0.2324954847084597,5.362639533356881,5.130144048648422
30.22,-0.26654287657566744,5.362639533356881,5.096096656781214
30.239999999999995,-0.3005074553602993,5.362639533356881,5.062132077996582
30.260000000000005,-0.33436588728691774,5.362639533356881,5.028273646069963
30.28,-0.36809494728585657,5.362639533356881,4.994544586071024
30.299999999999997,-0.4016715315276542,5.362639533356881,4.960968001829227
30.320000000000007,-0.43507266988740545,5.362639533356881,4.927566863469476
30.340000000000003,-0.4682755383329189,5.362639533356881,4.894363995023962
30.36,-0.501257471230995,5.362639533356881,4.861382062125886
30.379999999999995,-0.5339959735646351,5.362639533356881,4.828643559792246
30.400000000000006,-0.5664687330560909,5.362639533356881,4.79617080030079
30.42,-0.5986536321886624,5.362639533356881,4.763985901168219
30.439999999999998,-0.6305287601222456,5.362639533356881,4.732110773234636
30.460000000000008,-0.6620724244956677,5.362639533356881,4.700567108861213
30.480000000000004,-0.6932631631103785,5.362639533356881,4.6693763702465025
30.5,-0.7240797554897829,5.362639533356881,4.638559777867098
30.519999999999996,-0.7545012343079245,5.362639533356881,4.6081382990489566
30.540000000000006,-0.7845068966820499,5.362639533356881,4.578132636674831
30.560000000000002,-0.8140763153234669,5.362639533356881,4.548563218033414
30.58,-0.8431893495408489,5.362639533356881,4.519450183816032
30.60000000000001,-0.8718261560907337,5.362639533356881,4.490813377266147
30.620000000000005,-0.8999671998692875,5.362639533356881,4.4626723334875935
30.64,-0.9275932644407328,5.362639533356881,4.435046268916148
30.659999999999997,-0.9546854623963026,5.362639533356881,4.407954070960578
30.680000000000007,-0.981225245539052,5.362639533356881,4.3814142878178295
30.700000000000003,-1.0071944148892578,5.362639533356881,4.355445118467623
30.72,-1.0325751305053648,5.362639533356881,4.330064402851516
30.739999999999995,-1.0573499211155313,5.362639533356881,4.305289612241349
30.760000000000005,-1.0815016935549568,5.362639533356881,4.281137839801924
30.78,-1.1050137420040924,5.362639533356881,4.257625791352789
30.799999999999997,-1.127869757023531,5.362639533356881,4.23476977633335
30.820000000000007,-1.1500538343803428,5.362639533356881,4.212585698976538
30.840000000000003,-1.1715504836620574,5.362639533356881,4.191089049694824
30.86,-1.1923446366735773,5.362639533356881,4.170294896683304
30.879999999999995,-1.2124216556128653,5.362639533356881,4.150217877744016
30.900000000000006,-1.23176734102144,5.362639533356881,4.130872192335441
30.92,-1.250367939505343,5.362639533356881,4.112271593851538
30.939999999999998,-1.2682101512231538,5.362639533356881,4.094429382133727
30.960000000000008,-1.2852811371368231,5.362639533356881,4.077358396220058
30.980000000000004,-1.301568526021811,5.362639533356881,4.0610710073350695
31.0,-1.3170604212333057,5.362639533356881,4.045579112123575
31.019999999999996,-1.3317454072244765,5.362639533356881,4.030894126132404
31.040000000000006,-1.3456125558141108,5.362639533356881,4.01702697754277
31.060000000000002,-1.3586514321999323,5.362639533356881,4.003988101156949
31.08,-1.370852100715032,5.362639533356881,3.991787432641849
31.10000000000001,-1.3822051303240737,5.362639533356881,3.9804344030328074
31.120000000000005,-1.3927015998566867,5.362639533356881,3.9699379335001943
31.14,-1.4023331029755353,5.362639533356881,3.9603064303813458
31.159999999999997,-1.4110917528761382,5.362639533356881,3.951547780480743
31.180000000000007,-1.4189701867164928,5.362639533356881,3.9436693466403883
31.200000000000003,-1.42596156977388,5.362639533356881,3.936677963583001
31.22,-1.432059599327002,5.362639533356881,3.930579934029879
31.239999999999995,-1.4372585082612606,5.362639533356881,3.9253810250956205
31.260000000000005,-1.4415530683954945,5.362639533356881,3.9210864649613866
31.28,-1.4449385935282892,5.362639533356881,3.917700939828592
31.299999999999997,-1.4474109422024979,5.362639533356881,3.915228591154383
31.320000000000007,-1.4489665201863295,5.362639533356881,3.9136730131705515
31.340000000000003,-1.449602282669903,5.362639533356881,3.913037250686978
31.36,-1.4493157361759357,5.362639533356881,3.9133237971809454
31.379999999999995,-1.4481049401837462,5.362639533356881,3.914534593173135
31.400000000000006,-1.4459685084655467,5.362639533356881,3.9166710248913343
31.42,-1.4429056101344058,5.362639533356881,3.9197339232224753
31.439999999999998,-1.4389159704032481,5.362639533356881,3.923723562953633
31.460000000000008,-1.4339998710544775,5.362639533356881,3.9286396623024036
31.480000000000004,-1.4281581506199519,5.362639533356881,3.934481382736929
31.5,-1.421392204271105,5.362639533356881,3.941247329085776
31.519999999999996,-1.413703983419265,5.362639533356881,3.948935549937616
31.540000000000006,-1.4050959950262953,5.362639533356881,3.9575435383305857
31.560000000000002,-1.395571300625842,5.362639533356881,3.967068232731039
31.58,-1.385133515055569,5.362639533356881,3.977506018301312
31.60000000000001,-1.3737868049010449,5.362639533356881,3.988852728455836
31.620000000000005,-1.361535886651971,5.362639533356881,4.001103646704911
31.64,-1.3483860245714667,5.362639533356881,4.014253508785414
31.659999999999997,-1.3343430282796644,5.362639533356881,4.028296505077217
31.680000000000007,-1.3194132500525306,5.362639533356881,4.04322628330435
31.700000000000003,-1.3036035818373826,5.362639533356881,4.0590359515194985
31.72,-1.2869214519862897,5.362639533356881,4.075718081370591
31.739999999999995,-1.2693748217092033,5.362639533356881,4.093264711647677
31.760000000000005,-1.2509721812483265,5.362639533356881,4.1116673521085545
31.78,-1.2317225457756353,5.362639533356881,4.130916987581246
31.799999999999997,-1.2116354510154967,5.362639533356881,4.151004082341384
31.820000000000007,-1.1907209485945351,5.362639533356881,4.171918584762346
31.840000000000003,-1.1689896011210625,5.362639533356881,4.193649932235818
31.86,-1.146452476996279,5.362639533356881,4.216187056360602
31.879999999999995,-1.1231211449599297,5.362639533356881,4.239518388396951
31.900000000000006,-1.0990076683730305,5.362639533356881,4.26363186498385
31.92,-1.0741245992405104,5.362639533356881,4.288514934116371
31.939999999999998,-1.0484849719763742,5.362639533356881,4.314154561380507
31.960000000000008,-1.022102296914952,5.362639533356881,4.340537236441929
31.980000000000004,-0.9949905535709807,5.362639533356881,4.3676489797859
32.0,-0.9671641836519309,5.362639533356881,4.395475349704951
32.019999999999996,-0.9386380838260768,5.362639533356881,4.424001449530804
32.040000000000006,-0.9094275982497688,5.362639533356881,4.453211935107112
32.06,-0.8795485108577195,5.362639533356881,4.483091022499162
32.08,-0.8490170374196646,5.362639533356881,4.513622495937216
32.10000000000001,-0.8178498173679247,5.362639533356881,4.544789715988957
32.120000000000005,-0.7860639053993643,5.362639533356881,4.576575627957517
32.14,-0.7536767628560792,5.362639533356881,4.608962770500802
32.16,-0.7207062488890159,5.362639533356881,4.641933284467865
32.18000000000001,-0.6871706114089058,5.362639533356881,4.675468921947975
32.2,-0.6530884778290362,5.362639533356881,4.709551055527845
32.22,-0.618478845603986,5.362639533356881,4.7441606877528955
32.239999999999995,-0.5833610725696516,5.362639533356881,4.779278460787229
32.260000000000005,-0.5477548670888521,5.362639533356881,4.8148846662680285
32.28,-0.5116802780074452,5.362639533356881,4.850959255349435
32.3,-0.4751576844260028,5.362639533356881,4.887481848930879
32.32000000000001,-0.4382077852919597,5.362639533356881,4.924431748064921
32.34,-0.40085158881772953,5.362639533356881,4.961787944539152
32.36,-0.36311040172924747,5.362639533356881,4.999529131627634
32.379999999999995,-0.3250058183511717,5.362639533356881,5.037633715005709
32.400000000000006,-0.2865597095334804,5.362639533356881,5.076079823823401
32.42,-0.2477942114252234,5.362639533356881,5.114845321931657
32.44,-0.2087317141007925,5.362639533356881,5.153907819256089
32.46000000000001,-0.16939485004451127,5.362639533356881,5.19324468331237
32.480000000000004,-0.1298064824992542,5.362639533356881,5.232833050857627
32.5,-0.08998969368461163,5.362639533356881,5.272649839672269
32.519999999999996,-0.049967772890619155,5.362639533356881,5.312671760466262
32.540000000000006,-0.009764204453091008,5.362639533356881,5.3528753289037905
32.56,0.030597344383864744,5.362639533356881,5.393236877740746
32.58,0.07109303571189063,5.362639533356881,5.433732569068772
32.60000000000001,0.1116988733028319,5.362639533356881,5.474338406659713
32.620000000000005,0.15239071504770285,5.362639533356881,5.5150302484045834
32.64,0.19314428548390516,5.362639533356881,5.555783818840786
32.66,0.2339351884044496,5.362639533356881,5.59657472176133
32.68000000000001,0.2747389195429535,5.362639533356881,5.637378452899835
32.7,0.31553087932792057,5.362639533356881,5.678170412684802
32.72,0.35628638570063353,5.362639533356881,5.718925919057515
32.739999999999995,0.39698068698921896,5.362639533356881,5.7596202203461
32.760000000000005,0.43758897483361725,5.362639533356881,5.800228508190498
32.78,0.47808639715394374,5.362639533356881,5.840725930510825
32.8,0.5184480711569615,5.362639533356881,5.8810876045138425
32.82000000000001,0.558649096373073,5.362639533356881,5.921288629729954
32.84,0.5986645677179192,5.362639533356881,5.9613041010748
32.86,0.6384695885723053,5.362639533356881,6.001109121929186
32.879999999999995,0.6780392838732894,5.362639533356881,6.04067881723017
32.900000000000006,0.7173488132103318,5.362639533356881,6.079988346567212
32.92,0.7563733839199882,5.362639533356881,6.119012917276869
32.94,0.7950882641724046,5.362639533356881,6.157727797529286
32.96000000000001,0.8334687960433524,5.362639533356881,6.196108329400234
32.980000000000004,0.8714904085647399,5.362639533356881,6.234129941921621
33.0,0.9091286307480195,5.362639533356881,6.2717681641049
33.019999999999996,0.9463591045729065,5.362639533356881,6.308998637929788
33.040000000000006,0.9831575979356622,5.362639533356881,6.345797131292543
33.06,1.0195000175501625,5.362639533356881,6.382139550907043
33.08,1.0553624217953992,5.362639533356881,6.41800195515228
33.10000000000001,1.0907210335029225,5.362639533356881,6.4533605668598035
33.120000000000005,1.1255522526776907,5.362639533356881,6.488191786034571
33.14,1.1598326691462373,5.362639533356881,6.522472202503119
33.16,1.1935390751256707,5.362639533356881,6.5561786084825515
33.18000000000001,1.2266484777069597,5.362639533356881,6.589288011063841
33.2,1.2591381112466442,5.362639533356881,6.621777644603525
33.22,1.2909854496605617,5.362639533356881,6.653624983017442
33.239999999999995,1.3221682186131418,5.362639533356881,6.684807751970023
33.260000000000005,1.352664407596741,5.362639533356881,6.715303940953622
33.28,1.382452281894127,5.362639533356881,6.745091815251008
33.3,1.4115103944190055,5.362639533356881,6.774149927775887
33.32000000000001,1.4398175974277547,5.362639533356881,6.802457130784636
33.34,1.467353054096884,5.362639533356881,6.829992587453765
33.36,1.4940962499605528,5.362639533356881,6.856735783317434
33.379999999999995,1.5200270042017936,5.362639533356881,6.882666537558674
33.400000000000006,1.5451254807922932,5.362639533356881,6.907765014149174
33.42,1.5693721994746188,5.362639533356881,6.9320117328315
33.44,1.592748046581788,5.362639533356881,6.9553875799386695
33.46000000000001,1.6152342856882627,5.362639533356881,6.9778738190451435
33.480000000000004,1.6368125680870367,5.362639533356881,6.999452101443918
33.5,1.6574649430879278,5.362639533356881,7.020104476444809
33.519999999999996,1.6771738681310175,5.362639533356881,7.039813401487899
33.540000000000006,1.6959222187109346,5.362639533356881,7.058561752067815
33.56,1.7136932981061856,5.362639533356881,7.076332831463066
33.58,1.7304708469090861,5.362639533356881,7.093110380265967
33.60000000000001,1.7462390523511435,5.362639533356881,7.108878585708025
33.620000000000005,1.760982557419068,5.362639533356881,7.1236220907759495
33.64,1.7746864697569893,5.362639533356881,7.13732600311387
33.66,1.7873363703500127,5.362639533356881,7.149975903706894
33.68000000000001,1.7989183219846907,5.362639533356881,7.161557855341572
33.7,1.8094188774823072,5.362639533356881,7.172058410839188
33.72,1.8188250877002323,5.362639533356881,7.181464621057113
33.739999999999995,1.8271245092977266,5.362639533356881,7.189764042654607
33.760000000000005,1.8343052122616592,5.362639533356881,7.1969447456185405
33.78,1.8403557871885727,5.362639533356881,7.202995320545454
33.8,1.8452653523191547,5.362639533356881,7.207904885676036
33.82000000000001,1.8490235603213703,5.362639533356881,7.2116630936782515
33.84,1.8516206048188035,5.362639533356881,7.214260138175685
33.86,1.8530472266607068,5.362639533356881,7.215686760017588
33.879999999999995,1.8532947199303333,5.362639533356881,7.215934253287214
33.900000000000006,1.8523549376886477,5.362639533356881,7.214994471045529
33.92,1.85022029744994,5.362639533356881,7.212859830806821
33.94,1.8468837863868193,5.362639533356881,7.209523319743701
33.96000000000001,1.8423389662613991,5.362639533356881,7.20497849961828
33.980000000000004,1.836579978080329,5.362639533356881,7.19921951143721
34.0,1.8296015464708475,5.362639533356881,7.1922410798277285
34.019999999999996,1.8213989837756561,5.362639533356881,7.184038517132537
34.040000000000006,1.8119681938642398,5.362639533356881,7.174607727221121
34.06,1.8013056756584815,5.362639533356881,7.163945209015362
34.08,1.789408526370618,5.362639533356881,7.152048059727499
34.10000000000001,1.776274444451702,5.362639533356881,7.138913977808583
34.120000000000005,1.7619017322487447,5.362639533356881,7.124541265605625
34.14,1.7462892983690759,5.362639533356881,7.108928831725957
34.16,1.729436659750361,5.362639533356881,7.092076193107242
34.18000000000001,1.711343943435158,5.362639533356881,7.073983476792039
34.2,1.6920118880486803,5.362639533356881,7.054651421405561
34.22,1.67144184497879,5.362639533356881,7.034081378335671
34.239999999999995,1.6496357792575023,5.362639533356881,7.012275312614383
34.260000000000005,1.6265962701430554,5.362639533356881,6.989235803499937
34.28,1.6023265114022345,5.362639533356881,6.964966044759116
34.3,1.576830311292203,5.362639533356881,6.939469844649084
34.32000000000001,1.550112092241842,5.362639533356881,6.912751625598723
34.34,1.522176890232368,5.362639533356881,6.884816423589249
34.36,1.4930303538770844,5.362639533356881,6.855669887233965
34.379999999999995,1.4626787432006623,5.362639533356881,6.825318276557543
34.400000000000006,1.4311289281181108,5.362639533356881,6.793768461474992
34.42,1.3983883866139633,5.362639533356881,6.761027919970845
34.44,1.3644652026220518,5.362639533356881,6.727104735978933
34.46000000000001,1.329368063606928,5.362639533356881,6.692007596963809
34.480000000000004,1.2931062578477202,5.362639533356881,6.655745791204601
34.5,1.2556896714251087,5.362639533356881,6.61832920478199
34.519999999999996,1.217128784913188,5.362639533356881,6.5797683182700695
34.540000000000006,1.177434669776984,5.362639533356881,6.540074203133865
34.56,1.136618984477606,5.362639533356881,6.4992585178344875
34.58,1.0946939702859104,5.362639533356881,6.457333503642792
34.60000000000001,1.0516724468072611,5.362639533356881,6.414311980164142
34.620000000000005,1.007567807218781,5.362639533356881,6.3702073405756625
34.64,0.9623940132209738,5.362639533356881,6.325033546577854
34.66,0.9161655897064032,5.362639533356881,6.278805123063284
34.68000000000001,0.8688976191472693,5.362639533356881,6.23153715250415
34.7,0.8206057357046885,5.362639533356881,6.18324526906157
34.72,0.7713061190617359,5.362639533356881,6.133945652418617
34.739999999999995,0.7210154879835813,5.362639533356881,6.083655021340462
34.760000000000005,0.6697510936071815,5.362639533356881,6.032390626964062
34.78,0.6175307124636258,5.362639533356881,5.980170245820506
34.8,0.5643726392360773,5.362639533356881,5.927012172592958
34.82000000000001,0.5102956792567812,5.362639533356881,5.872935212613662
34.84,0.4553191407466057,5.362639533356881,5.817958674103487
34.86,0.39946282679998435,5.362639533356881,5.762102360156866
34.879999999999995,0.3427470271196743,5.362639533356881,5.705386560476556
34.900000000000006,0.2851925095045399,5.362639533356881,5.647832042861421
34.92,0.2268205110945667,5.362639533356881,5.589460044451448
34.94,0.16765272937651843,5.362639533356881,5.5302922627334
34.96000000000001,0.10771131295519476,5.362639533356881,5.470350846312076
34.980000000000004,0.04701885209382883,5.362639533356881,5.40965838545071
35.0,-0.014401630971926593,5.362639533356881,5.3482379023849544
35.019999999999996,-0.07652669194175643,5.362639533356881,5.286112841415124
35.040000000000006,-0.13933247457579778,5.362639533356881,5.223307058781083
35.06,-0.2027947210322485,5.362639533356881,5.159844812324632
35.08,-0.2668887824133591,5.362639533356881,5.095750750943522
35.10000000000001,-0.3315896295139502,5.362639533356881,5.031049903842931
35.120000000000005,-0.39687186376813377,5.362639533356881,4.965767669588748
35.14,-0.46270972838928537,5.362639533356881,4.899929804967596
35.16,-0.5290771196975536,5.362639533356881,4.833562413659328
35.18000000000001,-0.5959475986301277,5.362639533356881,4.766691934726754
35.2,-0.6632944024284534,5.362639533356881,4.699345130928427
35.22,-0.73109045649783,5.362639533356881,4.631549076859051
35.239999999999995,-0.7993083864326893,5.362639533356881,4.563331146924192
35.260000000000005,-0.8679205302028392,5.362639533356881,4.494719003154042
35.28,-0.9368989504945859,5.362639533356881,4.425740582862295
35.3,-1.0062154472012579,5.362639533356881,4.356424086155624
35.32000000000001,-1.0758415700570212,5.362639533356881,4.286797963299859
35.34,-1.1457486314078638,5.362639533356881,4.216890901949017
35.36,-1.2159077191147536,5.362639533356881,4.146731814242127
35.379999999999995,-1.2862897095816246,5.362639533356881,4.0763498237752565
35.400000000000006,-1.3568652809029822,5.362639533356881,4.005774252453898
35.42,-1.427604926124535,5.362639533356881,3.935034607232346
35.44,-1.4984789666110232,5.362639533356881,3.864160566745858
35.46000000000001,-1.5694575655144813,5.362639533356881,3.7931819678423997
35.480000000000004,-1.6405107413366968,5.362639533356881,3.722128792020184
35.5,-1.7116083815799663,5.362639533356881,3.6510311517769147
35.519999999999996,-1.7827202564791162,5.362639533356881,3.5799192768777646
35.540000000000006,-1.8538160328084918,5.362639533356881,3.508823500548389
35.56,-1.9248652877575165,5.362639533356881,3.4377742455993645
35.58,-1.9958375228684297,5.362639533356881,3.3668020104884513
35.60000000000001,-2.0667021780290318,5.362639533356881,3.2959373553278493
35.620000000000005,-2.137428645514325,5.362639533356881,3.225210887842556
35.64,-2.2079862840704543,5.362639533356881,3.1546532492864268
35.66,-2.278344433033874,5.362639533356881,3.0842951003230072
35.68000000000001,-2.348472426479409,5.362639533356881,3.0141671068774722
35.7,-2.4183396073900525,5.362639533356881,2.9442999259668285
35.72,-2.487915341842807,5.362639533356881,2.874724191514074
35.739999999999995,-2.5571690332023325,5.362639533356881,2.8054705001545486
35.760000000000005,-2.626070136317109,5.362639533356881,2.736569397039772
35.78,-2.6945881717100804,5.362639533356881,2.6680513616468007
35.8,-2.7626927397584993,5.362639533356881,2.5999467935983818
35.82000000000001,-2.8303535348547473,5.362639533356881,2.5322859985021338
35.84,-2.8975403595421145,5.362639533356881,2.4650991738147665
35.86,-2.9642231386193103,5.362639533356881,2.3984163947375707
35.879999999999995,-3.030371933205729,5.362639533356881,2.332267600151152
35.900000000000006,-3.095956954762001,5.362639533356881,2.26668257859488
35.92,-3.160948579058181,5.362639533356881,2.2016909542987
35.94,-3.2253173600837526,5.362639533356881,2.1373221732731285
35.96000000000001,-3.289034043892225,5.362639533356881,2.073605489464656
35.980000000000004,-3.352069582373577,5.362639533356881,2.010569950983304
36.0,-3.414395146948964,5.362639533356881,1.948244386407917
36.019999999999996,-3.4759821421798027,5.362639533356881,1.8866573911770783
36.040000000000006,-3.536802219285659,5.362639533356881,1.8258373140712219
36.06,-3.596827289564094,5.362639533356881,1.7658122437927872
36.08,-3.6560295377062597,5.362639533356881,1.7066099956506213
36.10000000000001,-3.714381435001658,5.362639533356881,1.6482580983552229
36.120000000000005,-3.771855752425518,5.362639533356881,1.5907837809313632
36.14,-3.8284255736034147,5.362639533356881,1.5342139597534663
36.16,-3.8840643076457115,5.362639533356881,1.4785752257111695
36.18000000000001,-3.9387457018464778,5.362639533356881,1.4238938315104033
36.2,-3.9924438542404803,5.362639533356881,1.3701956791164007
36.22,-4.045133226012432,5.362639533356881,1.3175063073444493
36.239999999999995,-4.096788653752048,5.362639533356881,1.265850879604833
36.260000000000005,-4.147385361549669,5.362639533356881,1.2152541718072118
36.28,-4.196898972925816,5.362639533356881,1.1657405604310647
36.3,-4.245305522589982,5.362639533356881,1.117334010766899
36.32000000000001,-4.292581468021881,5.362639533356881,1.070058065335
36.34,-4.338703700870115,5.362639533356881,1.0239358324867665
36.36,-4.3836495581631,5.362639533356881,0.9789899751937812
36.379999999999995,-4.42739683332589,5.362639533356881,0.9352427000309911
36.400000000000006,-4.469923786998544,5.362639533356881,0.8927157463583368
36.42,-4.511209157649906,5.362639533356881,0.8514303757069754
36.44,-4.551232171982635,5.362639533356881,0.8114073613742461
36.46000000000001,-4.589972555123478,5.362639533356881,0.7726669782334028
36.480000000000004,-4.627410540594257,5.362639533356881,0.7352289927626243
36.5,-4.663526880059107,5.362639533356881,0.6991126532977736
36.519999999999996,-4.69830285284237,5.362639533356881,0.664336680514511
36.540000000000006,-4.731720275213278,5.362639533356881,0.630919258143603
36.56,-4.763761509432381,5.362639533356881,0.5988780239244997
36.58,-4.794409472555671,5.362639533356881,0.5682300608012101
36.60000000000001,-4.823647644991889,5.362639533356881,0.5389918883649925
36.620000000000005,-4.851460078808684,5.362639533356881,0.5111794545481967
36.64,-4.877831405784077,5.362639533356881,0.484808127572804
36.66,-4.90274684519863,5.362639533356881,0.45989268815825124
36.68000000000001,-4.926192211364888,5.362639533356881,0.4364473219919933
36.7,-4.948153920890317,5.362639533356881,0.4144856124665637
36.72,-4.968618999670093,5.362639533356881,0.39402053368678835
36.739999999999995,-4.9875750896063,5.362639533356881,0.37506444375058123
36.760000000000005,-5.005010455050239,5.362639533356881,0.35762907830664226
36.78,-5.020913988964497,5.362639533356881,0.3417255443923839
36.8,-5.035275218802089,5.362639533356881,0.3273643145547922
36.82000000000001,-5.048084312099172,5.362639533356881,0.3145552212577094
36.84,-5.059332081779066,5.362639533356881,0.30330745157781536
36.86,-5.069009991164529,5.362639533356881,0.2936295421923516
36.879999999999995,-5.077110158696027,5.362639533356881,0.2855293746608538
36.900000000000006,-5.0836253623533585,5.362639533356881,0.27901417100352255
36.92,-5.088549043778609,5.362639533356881,0.2740904895782723
36.94,-5.091875312098173,5.362639533356881,0.270764221258708
36.96000000000001,-5.09359894744195,5.362639533356881,0.2690405859149312
36.980000000000004,-5.093715404157793,5.362639533356881,0.26892412919908804
37.0,-5.092220813719687,5.362639533356881,0.27041871963719366
37.019999999999996,-5.089111987327906,5.362639533356881,0.27352754602897544
37.040000000000006,-5.084386418199969,5.362639533356881,0.27825311515691187
37.06,-5.078042283550944,5.362639533356881,0.2845972498059375
37.08,-5.070078446262176,5.362639533356881,0.29256108709470485
37.10000000000001,-5.0604944562373015,5.362639533356881,0.3021450771195795
37.120000000000005,-5.04929055144496,5.362639533356881,0.31334898191192107
37.14,-5.036467658647266,5.362639533356881,0.3261718747096154
37.16,-5.022027393813825,5.362639533356881,0.34061213954305636
37.18000000000001,-5.00597206222063,5.362639533356881,0.35666747113625075
37.2,-4.988304658233967,5.362639533356881,0.37433487512291386
37.22,-4.969028864778824,5.362639533356881,0.3936106685780567
37.239999999999995,-4.948149052492332,5.362639533356881,0.41449048086454887
37.260000000000005,-4.925670278562158,5.362639533356881,0.4369692547947226
37.28,-4.901598285250405,5.362639533356881,0.4610412481064756
37.3,-4.8759394981033415,5.362639533356881,0.48670003525353955
37.32000000000001,-4.848701023847909,5.362639533356881,0.5139385095089724
37.34,-4.81989064797568,5.362639533356881,0.5427488853812008
37.36,-4.7895168320151225,5.362639533356881,0.5731227013417586
37.379999999999995,-4.757588710493555,5.362639533356881,0.6050508228633262
37.400000000000006,-4.724116087589802,5.362639533356881,0.6385234457670794
37.42,-4.689109433479279,5.362639533356881,0.6735300998776017
37.44,-4.652579880372548,5.362639533356881,0.7100596529843326
37.46000000000001,-4.61453921824964,5.362639533356881,0.7481003151072407
37.480000000000004,-4.5749998902916325,5.362639533356881,0.7876396430652486
37.5,-4.533974988011454,5.362639533356881,0.8286645453454273
37.519999999999996,-4.491478246086235,5.362639533356881,0.8711612872706462
37.540000000000006,-4.447524036893375,5.362639533356881,0.915115496463506
37.56,-4.40212736475287,5.362639533356881,0.9605121686040112
37.58,-4.3553038598780045,5.362639533356881,1.0073356734788765
37.60000000000001,-4.307069772037736,5.362639533356881,1.0555697613191448
37.620000000000005,-4.257441963933328,5.362639533356881,1.1051975694235532
37.64,-4.206437904291791,5.362639533356881,1.15620162906509
37.66,-4.15407566068003,5.362639533356881,1.2085638726768506
37.68000000000001,-4.1003738920421275,5.362639533356881,1.2622656413147535
37.7,-4.045351840963953,5.362639533356881,1.3172876923929282
37.72,-3.9890293256674743,5.362639533356881,1.3736102076894068
37.739999999999995,-3.9314267317396414,5.362639533356881,1.4312128016172396
37.760000000000005,-3.8725650035986567,5.362639533356881,1.4900745297582243
37.78,-3.8124656357020488,5.362639533356881,1.5501738976548323
37.8,-3.751150663499988,5.362639533356881,1.6114888698568932
37.82000000000001,-3.6886426541385764,5.362639533356881,1.6739968792183046
37.84,-3.6249646969171483,5.362639533356881,1.7376748364397328
37.86,-3.5601403935033584,5.362639533356881,1.8024991398535226
37.879999999999995,-3.4941938479114514,5.362639533356881,1.8684456854454297
37.900000000000006,-3.4271496562476864,5.362639533356881,1.9354898771091946
37.92,-3.3590328962277862,5.362639533356881,2.003606637129095
37.94,-3.2898691164709244,5.362639533356881,2.0727704168859566
37.96000000000001,-3.219684325575711,5.362639533356881,2.14295520778117
37.980000000000004,-3.1485049809828345,5.362639533356881,2.2141345523740465
38.0,-3.076357977629148,5.362639533356881,2.286281555727733
38.019999999999996,-3.003270636399119,5.362639533356881,2.359368896957762
38.040000000000006,-2.9292706923783225,5.362639533356881,2.4333688409785585
38.06,-2.8543862829150206,5.362639533356881,2.5082532504418604
38.08,-2.7786459354941297,5.362639533356881,2.5839935978627513
38.10000000000001,-2.702078555430738,5.362639533356881,2.660560977926143
38.120000000000005,-2.624713413387651,5.362639533356881,2.73792611996923
38.14,-2.5465801327229975,5.362639533356881,2.8160594006338835
38.16,-2.4677086766739347,5.362639533356881,2.8949308566829464
38.18000000000001,-2.388129335382215,5.362639533356881,2.974510197974666
38.2,-2.307872712767792,5.362639533356881,3.054766820589089
38.22,-2.226969713255717,5.362639533356881,3.135669820101164
38.239999999999995,-2.145451528363745,5.362639533356881,3.217188004993136
38.260000000000005,-2.0633496231556667,5.362639533356881,3.2992899102012143
38.28,-1.9806957225674668,5.362639533356881,3.381943810789414
38.3,-1.8975217976118186,5.362639533356881,3.4651177357450624
38.32000000000001,-1.813860051467896,5.362639533356881,3.5487794818889853
38.34,-1.729742905463125,5.362639533356881,3.6328966278937562
38.36,-1.6452029849520662,5.362639533356881,3.717436548404815
38.379999999999995,-1.5602731051006888,5.362639533356881,3.8023664282561924
38.400000000000006,-1.4749862565813507,5.362639533356881,3.8876532767755303
38.42,-1.3893755911856656,5.362639533356881,3.9732639421712155
38.44,-1.3034744073614797,5.362639533356881,4.059165125995401
38.46000000000001,-1.217316135681118,5.362639533356881,4.145323397675763
38.480000000000004,-1.1309343242476664,5.362639533356881,4.231705209109215
38.5,-1.0443626240450399,5.362639533356881,4.318276909311841
38.519999999999996,-0.9576347742400737,5.362639533356881,4.4050047591168076
38.540000000000006,-0.8707845874423699,5.362639533356881,4.491854945914511
38.56,-0.7838459349292566,5.362639533356881,4.578793598427625
38.58,-0.6968527318420987,5.362639533356881,4.665786801514782
38.60000000000001,-0.6098389223617033,5.362639533356881,4.752800610995178
38.620000000000005,-0.5228384648689905,5.362639533356881,4.8398010684878905
38.64,-0.4358853170978243,5.362639533356881,4.926754216259057
38.66,-0.3490134212872209,5.362639533356881,5.013626112069661
38.68000000000001,-0.2622566893395972,5.362639533356881,5.100382844017284
38.7,-0.17564898799219542,5.362639533356881,5.186990545364686
38.72,-0.08922412400760926,5.362639533356881,5.273415409349272
38.739999999999995,-0.0030158293917734724,5.362639533356881,5.359623703965108
38.760000000000005,0.0829422533551396,5.362639533356881,5.445581786712021
38.78,0.16861658594693862,5.362639533356881,5.531256119303819
38.8,0.25397374897327474,5.362639533356881,5.616613282330156
38.82000000000001,0.3389804565069885,5.362639533356881,5.70161998986387
38.84,0.4236035706506729,5.362639533356881,5.7862431040075535
38.86,0.5078101160166775,5.362639533356881,5.870449649373558
38.879999999999995,0.5915672941320236,5.362639533356881,5.954206827488905
38.900000000000006,0.6748424977633141,5.362639533356881,6.037482031120195
38.92,0.7576033251536123,5.362639533356881,6.120242858510493
38.94,0.8398175941660333,5.362639533356881,6.202457127522914
38.96000000000001,0.9214533563263914,5.362639533356881,6.284092889683272
38.980000000000004,1.0024789107586785,5.362639533356881,6.365118444115559
39.0,1.0828628180077782,5.362639533356881,6.445502351364659
39.019999999999996,1.1625739137417088,5.362639533356881,6.52521344709859
39.040000000000006,1.2415813223279337,5.362639533356881,6.604220855684815
39.06,1.3198544702771984,5.362639533356881,6.68249400363408
39.08,1.3973630995488924,5.362639533356881,6.760002632905773
39.10000000000001,1.4740772807115223,5.362639533356881,6.836716814068403
39.120000000000005,1.54996742595195,5.362639533356881,6.912606959308831
39.14,1.6250043019285934,5.362639533356881,6.987643835285475
39.16,1.6991590424610374,5.362639533356881,7.061798575817918
39.18000000000001,1.772403161051415,5.362639533356881,7.1350426944082965
39.2,1.8447085632311144,5.362639533356881,7.207348096587996
39.22,1.9160475587277523,5.362639533356881,7.278687092084633
39.239999999999995,1.9863928734460468,5.362639533356881,7.349032406802928
39.260000000000005,2.055717661257712,5.362639533356881,7.418357194614593
39.28,2.1239955155943,5.362639533356881,7.486635048951181
39.3,2.1912004808387593,5.362639533356881,7.55384001419564
39.32000000000001,2.257307063509084,5.362639533356881,7.619946596865965
39.34,2.3222902432297183,5.362639533356881,7.6849297765866
39.36,2.386125483485987,5.362639533356881,7.748765016842868
39.379999999999995,2.4487887421556036,5.362639533356881,7.811428275512485
39.400000000000006,2.5102564818133963,5.362639533356881,7.872896015170277
39.42,2.5705056798037496,5.362639533356881,7.93314521316063
39.44,2.6295138380770435,5.362639533356881,7.992153371433925
39.46000000000001,2.6872589927846326,5.362639533356881,8.049898526141513
39.480000000000004,2.7437197236283977,5.362639533356881,8.106359256985279
39.5,2.7988751629610853,5.362639533356881,8.161514696317965
39.519999999999996,2.852705004632218,5.362639533356881,8.215344537989099
39.540000000000006,2.9051895125765554,5.362639533356881,8.267829045933436
39.56,2.95630952914045,5.362639533356881,8.318949062497332
39.58,3.00604648314293,5.362639533356881,8.368686016499812
39.60000000000001,3.0543823976673843,5.362639533356881,8.417021931024266
39.620000000000005,3.1012998975802955,5.362639533356881,8.463939430937177
39.64,3.1467822167742168,5.362639533356881,8.509421750131098
39.66,3.190813205130909,5.362639533356881,8.55345273848779
39.68000000000001,3.233377335202045,5.362639533356881,8.596016868558927
39.7,3.274459708604192,5.362639533356881,8.637099241961073
39.72,3.314046062125487,5.362639533356881,8.676685595482368
39.739999999999995,3.3521227735409003,5.362639533356881,8.714762306897782
39.760000000000005,3.3886768671337975,5.362639533356881,8.751316400490678
39.78,3.4236960189209777,5.362639533356881,8.786335552277858
39.8,3.4571685615795014,5.362639533356881,8.819808094936382
39.82000000000001,3.4890834890723115,5.362639533356881,8.851723022429193
39.84,3.5194304609712015,5.362639533356881,8.882069994328083
39.86,3.5481998064750866,5.362639533356881,8.910839339831968
39.879999999999995,3.575382528121711,5.362639533356881,8.938022061478591
39.900000000000006,3.6009703051912565,5.362639533356881,8.963609838548138
39.92,3.6249554968003728,5.362639533356881,8.987595030157253
39.94,3.6473311446854706,5.362639533356881,9.009970678042352
39.96000000000001,3.6680909756738296,5.362639533356881,9.030730509030711
39.980000000000004,3.687229403841599,5.362639533356881,9.04986893719848
40.0,3.7047415323580855,5.362639533356881,9.067381065714967
