xi,signed_symbol
-40.0,3.7047415323580855
-39.98,3.687229403841594
-39.96,3.6680909756738185
-39.94,3.6473311446854706
-39.92,3.6249554968003728
-39.9,3.600970305191249
-39.88,3.5753825281217195
-39.86,3.5481998064750866
-39.84,3.5194304609712015
-39.82,3.4890834890723026
-39.8,3.4571685615795014
-39.78,3.4236960189209777
-39.76,3.3886768671337832
-39.74,3.3521227735409154
-39.72,3.314046062125487
-39.7,3.274459708604192
-39.68,3.2333773352020327
-39.66,3.190813205130909
-39.64,3.1467822167742168
-39.62,3.1012998975802812
-39.6,3.0543823976673714
-39.58,3.00604648314293
-39.56,2.95630952914045
-39.54,2.9051895125765395
-39.52,2.852705004632233
-39.5,2.7988751629610853
-39.48,2.74371972362838
-39.46,2.6872589927846096
-39.44,2.6295138380770435
-39.42,2.5705056798037496
-39.4,2.5102564818133777
-39.38,2.4487887421556223
-39.36,2.386125483485987
-39.34,2.3222902432297183
-39.32,2.2573070635090646
-39.3,2.1912004808387593
-39.28,2.1239955155943
-39.26,2.0557176612576846
-39.24,1.986392873446074
-39.22,1.9160475587277523
-39.2,1.8447085632311144
-39.18,1.7724031610513875
-39.16,1.6991590424610374
-39.14,1.6250043019285934
-39.12,1.5499674259519278
-39.1,1.4740772807114757
-39.08,1.3973630995488924
-39.06,1.3198544702771984
-39.04,1.241581322327911
-39.02,1.1625739137417326
-39.0,1.0828628180077782
-38.98,1.0024789107586463
-38.96,0.9214533563263663
-38.94,0.8398175941660333
-38.92,0.7576033251536123
-38.9,0.6748424977632828
-38.88,0.5915672941320562
-38.86,0.5078101160166775
-38.84,0.4236035706506729
-38.82,0.3389804565069552
-38.8,0.25397374897327474
-38.78,0.16861658594693862
-38.76,0.0829422533550952
-38.74,-0.0030158293917477152
-38.72,-0.08922412400760926
-38.7,-0.17564898799219542
-38.68,-0.26225668933962565
-38.66,-0.3490134212872209
-38.64,-0.4358853170978243
-38.62,-0.5228384648690252
-38.6,-0.6098389223617291
-38.58,-0.6968527318420987
-38.56,-0.7838459349292566
-38.54,-0.8707845874423961
-38.52,-0.9576347742400406
-38.5,-1.0443626240450399
-38.48,-1.130934324247693
-38.46,-1.217316135681164
-38.44,-1.3034744073614797
-38.42,-1.3893755911856656
-38.4,-1.4749862565813765
-38.38,-1.5602731051006642
-38.36,-1.6452029849520662
-38.34,-1.729742905463125
-38.32,-1.8138600514679282
-38.3,-1.8975217976118186
-38.28,-1.9806957225674668
-38.26,-2.0633496231556903
-38.24,-2.145451528363722
-38.22,-2.226969713255717
-38.2,-2.307872712767792
-38.18,-2.388129335382239
-38.16,-2.4677086766739347
-38.14,-2.5465801327229975
-38.12,-2.624713413387698
-38.1,-2.7020785554307603
-38.08,-2.7786459354941297
-38.06,-2.8543862829150206
-38.04,-2.929270692378352
-38.02,-3.0032706363990735
-38.0,-3.076357977629148
-37.98,-3.148504980982855
-37.96,-3.219684325575737
-37.94,-3.2898691164709244
-37.92,-3.3590328962277862
-37.9,-3.427149656247707
-37.88,-3.494193847911432
-37.86,-3.5601403935033584
-37.84,-3.6249646969171483
-37.82,-3.688642654138608
-37.8,-3.751150663499988
-37.78,-3.8124656357020488
-37.76,-3.872565003598683
-37.74,-3.931426731739619
-37.72,-3.9890293256674743
-37.7,-4.045351840963953
-37.68,-4.100373892042151
-37.66,-4.15407566068003
-37.64,-4.206437904291791
-37.62,-4.25744196393334
-37.6,-4.3070697720377495
-37.58,-4.3553038598780045
-37.56,-4.40212736475287
-37.54,-4.447524036893389
-37.52,-4.491478246086221
-37.5,-4.533974988011454
-37.48,-4.574999890291659
-37.46,-4.614539218249651
-37.44,-4.652579880372548
-37.42,-4.689109433479279
-37.4,-4.724116087589811
-37.38,-4.757588710493546
-37.36,-4.7895168320151225
-37.34,-4.81989064797568
-37.32,-4.848701023847915
-37.3,-4.8759394981033415
-37.28,-4.901598285250405
-37.26,-4.925670278562173
-37.24,-4.948149052492328
-37.22,-4.969028864778824
-37.2,-4.988304658233967
-37.18,-5.005972062220639
-37.16,-5.022027393813825
-37.14,-5.036467658647266
-37.12,-5.049290551444962
-37.1,-5.060494456237306
-37.08,-5.070078446262176
-37.06,-5.078042283550944
-37.04,-5.08438641819997
-37.02,-5.089111987327907
-37.0,-5.092220813719687
-36.98,-5.093715404157796
-36.96,-5.09359894744195
-36.94,-5.091875312098173
-36.92,-5.088549043778609
-36.9,-5.083625362353361
-36.88,-5.077110158696026
-36.86,-5.069009991164529
-36.84,-5.059332081779066
-36.82,-5.048084312099171
-36.8,-5.035275218802089
-36.78,-5.020913988964497
-36.76,-5.005010455050232
-36.74,-4.987575089606305
-36.72,-4.968618999670093
-36.7,-4.948153920890317
-36.68,-4.926192211364879
-36.66,-4.90274684519863
-36.64,-4.877831405784077
-36.62,-4.851460078808677
-36.6,-4.823647644991881
-36.58,-4.794409472555671
-36.56,-4.763761509432381
-36.54,-4.731720275213267
-36.52,-4.698302852842381
-36.5,-4.663526880059107
-36.48,-4.627410540594244
-36.46,-4.589972555123464
-36.44,-4.551232171982635
-36.42,-4.511209157649906
-36.4,-4.469923786998516
-36.38,-4.427396833325905
-36.36,-4.3836495581631
-36.34,-4.338703700870115
-36.32,-4.292581468021865
-36.3,-4.245305522589982
-36.28,-4.196898972925816
-36.26,-4.147385361549654
-36.24,-4.096788653752066
-36.22,-4.045133226012432
-36.2,-3.9924438542404803
-36.18,-3.9387457018464613
-36.16,-3.8840643076457115
-36.14,-3.8284255736034147
-36.12,-3.7718557524254988
-36.1,-3.7143814350016213
-36.08,-3.6560295377062597
-36.06,-3.596827289564094
-36.04,-3.53680221928564
-36.02,-3.475982142179824
-36.0,-3.414395146948964
-35.98,-3.352069582373558
-35.96,-3.289034043892203
-35.94,-3.2253173600837526
-35.92,-3.160948579058181
-35.9,-3.0959569547619794
-35.88,-3.0303719332057493
-35.86,-2.9642231386193103
-35.84,-2.8975403595421145
-35.82,-2.8303535348547277
-35.8,-2.7626927397584993
-35.78,-2.6945881717100804
-35.76,-2.626070136317065
-35.74,-2.5571690332023573
-35.72,-2.487915341842807
-35.7,-2.4183396073900525
-35.68,-2.348472426479383
-35.66,-2.278344433033874
-35.64,-2.2079862840704543
-35.62,-2.1374286455143037
-35.6,-2.0667021780290074
-35.58,-1.9958375228684297
-35.56,-1.9248652877575165
-35.54,-1.8538160328084703
-35.519999999999996,-1.7827202564791162
-35.5,-1.7116083815799663
-35.48,-1.6405107413366709
-35.46,-1.5694575655144596
-35.44,-1.4984789666110232
-35.42,-1.427604926124535
-35.4,-1.356865280902957
-35.38,-1.28628970958165
-35.36,-1.2159077191147536
-35.34,-1.1457486314078638
-35.32,-1.0758415700569994
-35.3,-1.0062154472012579
-35.28,-0.9368989504945859
-35.26,-0.8679205302028181
-35.24,-0.7993083864327102
-35.22,-0.73109045649783
-35.2,-0.6632944024284534
-35.18,-0.5959475986301017
-35.16,-0.5290771196975536
-35.14,-0.46270972838928537
-35.12,-0.39687186376809935
-35.1,-0.33158962951392523
-35.08,-0.2668887824133591
-35.06,-0.2027947210322485
-35.04,-0.13933247457577824
-35.019999999999996,-0.07652669194175643
-35.0,-0.014401630971926593
-34.98,0.047018852093852925
-34.96,0.10771131295521286
-34.94,0.16765272937651843
-34.92,0.2268205110945667
-34.9,0.2851925095045631
-34.88,0.34274702711965166
-34.86,0.39946282679998435
-34.84,0.4553191407466057
-34.82,0.5102956792568036
-34.8,0.5643726392360773
-34.78,0.6175307124636258
-34.76,0.6697510936071965
-34.74,0.7210154879835664
-34.72,0.7713061190617359
-34.7,0.8206057357046885
-34.68,0.8688976191472833
-34.66,0.9161655897064032
-34.64,0.9623940132209738
-34.62,1.007567807218801
-34.6,1.0516724468072738
-34.58,1.0946939702859104
-34.56,1.136618984477606
-34.54,1.1774346697770022
-34.519999999999996,1.217128784913188
-34.5,1.2556896714251087
-34.48,1.2931062578477337
-34.46,1.329368063606944
-34.44,1.3644652026220518
-34.42,1.3983883866139633
-34.4,1.4311289281181196
-34.38,1.4626787432006534
-34.36,1.4930303538770844
-34.34,1.522176890232368
-34.32,1.550112092241849
-34.3,1.576830311292203
-34.28,1.6023265114022345
-34.26,1.6265962701430612
-34.24,1.6496357792574912
-34.22,1.67144184497879
-34.2,1.6920118880486803
-34.18,1.7113439434351623
-34.16,1.729436659750361
-34.14,1.7462892983690759
-34.12,1.761901732248748
-34.1,1.7762744444517047
-34.08,1.789408526370618
-34.06,1.8013056756584815
-34.04,1.8119681938642431
-34.019999999999996,1.8213989837756561
-34.0,1.8296015464708475
-33.98,1.8365799780803296
-33.96,1.8423389662614065
-33.94,1.8468837863868193
-33.92,1.85022029744994
-33.9,1.8523549376886463
-33.88,1.8532947199303351
-33.86,1.8530472266607068
-33.84,1.8516206048188035
-33.82,1.849023560321367
-33.8,1.8452653523191547
-33.78,1.8403557871885727
-33.76,1.8343052122616619
-33.74,1.827124509297724
-33.72,1.8188250877002323
-33.7,1.8094188774823072
-33.68,1.7989183219846931
-33.66,1.7873363703500127
-33.64,1.7746864697569893
-33.62,1.7609825574190623
-33.6,1.7462390523511426
-33.58,1.7304708469090861
-33.56,1.7136932981061856
-33.54,1.695922218710927
-33.519999999999996,1.6771738681310175
-33.5,1.6574649430879278
-33.48,1.6368125680870345
-33.46,1.615234285688254
-33.44,1.592748046581788
-33.42,1.5693721994746188
-33.4,1.5451254807922734
-33.38,1.520027004201796
-33.36,1.4940962499605528
-33.34,1.467353054096884
-33.32,1.4398175974277494
-33.3,1.4115103944190055
-33.28,1.382452281894127
-33.26,1.352664407596731
-33.24,1.3221682186131523
-33.22,1.2909854496605617
-33.2,1.2591381112466442
-33.18,1.2266484777069466
-33.16,1.1935390751256707
-33.14,1.1598326691462373
-33.12,1.1255522526776773
-33.1,1.0907210335029172
-33.08,1.0553624217953992
-33.06,1.0195000175501625
-33.04,0.983157597935647
-33.019999999999996,0.9463591045729065
-33.0,0.9091286307480195
-32.98,0.8714904085647266
-32.96,0.8334687960433391
-32.94,0.7950882641724046
-32.92,0.7563733839199882
-32.9,0.717348813210323
-32.88,0.6780392838732987
-32.86,0.6384695885723053
-32.84,0.5986645677179192
-32.82,0.5586490963730641
-32.8,0.5184480711569615
-32.78,0.47808639715394374
-32.76,0.43758897483358306
-32.74,0.39698068698923494
-32.72,0.35628638570063353
-32.7,0.31553087932792057
-32.68,0.2747389195429384
-32.66,0.2339351884044496
-32.64,0.19314428548390516
-32.62,0.1523907150476922
-32.6,0.11169887330281814
-32.58,0.07109303571189063
-32.56,0.030597344383864744
-32.54,-0.009764204453101222
-32.519999999999996,-0.049967772890619155
-32.5,-0.08998969368461163
-32.48,-0.12980648249926707
-32.46,-0.16939485004452148
-32.44,-0.2087317141007925
-32.42,-0.2477942114252234
-32.4,-0.28655970953349463
-32.38,-0.3250058183511557
-32.36,-0.36311040172924747
-32.34,-0.40085158881772953
-32.32,-0.43820778529197346
-32.3,-0.4751576844260028
-32.28,-0.5116802780074452
-32.26,-0.5477548670888646
-32.24,-0.5833610725696428
-32.22,-0.618478845603986
-32.2,-0.6530884778290362
-32.18,-0.6871706114089164
-32.16,-0.7207062488890159
-32.14,-0.7536767628560792
-32.12,-0.7860639053993883
-32.1,-0.8178498173679336
-32.08,-0.8490170374196646
-32.06,-0.8795485108577195
-32.04,-0.9094275982497813
-32.019999999999996,-0.9386380838260768
-32.0,-0.9671641836519309
-31.98,-0.9949905535709913
-31.96,-1.0221022969149582
-31.939999999999998,-1.0484849719763742
-31.92,-1.0741245992405104
-31.9,-1.0990076683730403
-31.88,-1.1231211449599234
-31.86,-1.146452476996279
-31.84,-1.1689896011210732
-31.82,-1.190720948594544
-31.8,-1.2116354510154985
-31.78,-1.2317225457756353
-31.759999999999998,-1.2509721812483336
-31.740000000000002,-1.269374821709199
-31.72,-1.2869214519862897
-31.7,-1.303603581837387
-31.68,-1.3194132500525422
-31.66,-1.3343430282796582
-31.64,-1.3483860245714667
-31.619999999999997,-1.3615358866519727
-31.6,-1.3737868049010484
-31.58,-1.385133515055569
-31.560000000000002,-1.395571300625842
-31.54,-1.4050959950262971
-31.52,-1.413703983419265
-31.5,-1.421392204271105
-31.48,-1.4281581506199528
-31.46,-1.4339998710544792
-31.439999999999998,-1.4389159704032481
-31.42,-1.4429056101344058
-31.4,-1.4459685084655476
-31.38,-1.4481049401837454
-31.36,-1.4493157361759357
-31.34,-1.449602282669903
-31.32,-1.448966520186334
-31.299999999999997,-1.4474109422024979
-31.28,-1.4449385935282892
-31.259999999999998,-1.4415530683954945
-31.240000000000002,-1.4372585082612668
-31.22,-1.432059599327002
-31.2,-1.4259615697738766
-31.18,-1.4189701867164892
-31.16,-1.4110917528761382
-31.14,-1.4023331029755353
-31.119999999999997,-1.3927015998566863
-31.1,-1.3822051303240679
-31.08,-1.370852100715032
-31.060000000000002,-1.3586514321999323
-31.04,-1.3456125558140966
-31.02,-1.3317454072244836
-31.0,-1.3170604212333057
-30.98,-1.3015685260218155
-30.96,-1.2852811371368134
-30.939999999999998,-1.2682101512231538
-30.92,-1.250367939505343
-30.9,-1.2317673410214338
-30.88,-1.2124216556128742
-30.86,-1.1923446366735773
-30.84,-1.1715504836620574
-30.82,-1.1500538343803406
-30.799999999999997,-1.127869757023531
-30.78,-1.1050137420040924
-30.759999999999998,-1.0815016935549489
-30.740000000000002,-1.0573499211155415
-30.72,-1.0325751305053648
-30.7,-1.0071944148892493
-30.68,-0.9812252455390418
-30.66,-0.9546854623962968
-30.64,-0.9275932644407328
-30.619999999999997,-0.8999671998692813
-30.6,-0.8718261560907221
-30.58,-0.8431893495408489
-30.560000000000002,-0.8140763153234669
-30.54,-0.7845068966820445
-30.52,-0.7545012343079196
-30.5,-0.7240797554897829
-30.48,-0.6932631631103785
-30.46,-0.6620724244956637
-30.439999999999998,-0.6305287601222456
-30.42,-0.5986536321886624
-30.4,-0.566468733056062
-30.38,-0.5339959735646467
-30.36,-0.501257471230995
-30.34,-0.46827553833292423
-30.32,-0.43507266988739435
-30.299999999999997,-0.4016715315276542
-30.28,-0.36809494728585657
-30.259999999999998,-0.3343658872869102
-30.240000000000002,-0.3005074553603082
-30.22,-0.26654287657566744
-30.2,-0.23249548470846637
-30.18,-0.19838870964228805
-30.16,-0.1642460647139008
-30.14,-0.13009113400747374
-30.119999999999997,-0.09594755960439727
-30.1,-0.06183902879507386
-30.08,-0.027789261259201226
-30.060000000000002,0.006178003779129249
-30.04,0.040039020414965876
-30.02,0.07377004893806882
-30.0,0.10734736871440287
-29.98,0.1407472910665697
-29.96,0.17394617214706187
-29.939999999999998,0.20692042579776704
-29.92,0.23964653638893196
-29.9,0.27210107163178643
-29.88,0.3042606953574545
-29.86,0.3361021802565993
-29.84,0.3676024205726871
-29.82,0.3987384447429405
-29.799999999999997,0.4294874279801135
-29.78,0.4598267047891811
-29.759999999999998,0.48973378141251755
-29.740000000000002,0.519186348196816
-29.72,0.5481622918762727
-29.7,0.5766397077650731
-29.68,0.6045969118534484
-29.66,0.6320124528010667
-29.64,0.6588651238215579
-29.619999999999997,0.6851339744523048
-29.6,0.7107983222034511
-29.58,0.7358377640801419
-29.560000000000002,0.7602321879723111
-29.54,0.7839617839059743
-29.52,0.8070070551506225
-29.5,0.829348829176694
-29.48,0.8509682684578579
-29.46,0.8718468811123592
-29.439999999999998,0.8919665313781537
-29.42,0.9113094499164025
-29.4,0.9298582439380848
-29.38,0.9475959071484036
-29.36,0.9645058295042052
-29.34,0.9805718067790605
-29.32,0.9957780499312835
-29.299999999999997,1.010109194270043
-29.28,1.0235503084147883
-29.259999999999998,1.0360869030434428
-29.240000000000002,1.0477049394247322
-29.22,1.0583908377304856
-29.2,1.0681314851231574
-29.18,1.0769142436149357
-29.16,1.0847269576937848
-29.14,1.0915579617129247
-29.119999999999997,1.0973960870395316
-29.1,1.1022306689591614
-29.08,1.1060515533321098
-29.060000000000002,1.108849102998317
-29.04,1.1106142039273592
-29.02,1.1113382711103252
-29.0,1.1110132541903814
-28.98,1.1096316428291049
-28.96,1.1071864718056725
-28.939999999999998,1.1036713258460966
-28.92,1.0990803441800245
-28.9,1.0934082248224934
-28.88,1.0866502285783939
-28.86,1.0788021827673728
-28.84,1.0698604846670903
-28.82,1.0598221046729626
-28.799999999999997,1.0486845891725363
-28.78,1.0364460631328372
-28.759999999999998,1.0231052323991947
-28.740000000000002,1.0086613857041669
-28.72,0.9931143963852913
-28.7,0.9764647238106459
-28.68,0.9587134145111559
-28.66,0.9398621030189613
-28.64,0.9199130124110932
-28.619999999999997,0.8988689545579968
-28.6,0.8767333300764835
-28.58,0.8535101279868669
-28.560000000000002,0.8292039250743487
-28.54,0.8038198849544538
-28.52,0.7773637568429961
-28.5,0.7498418740306975
-28.48,0.7212611520631206
-28.46,0.6916290866264637
-28.439999999999998,0.6609537511400536
-28.42,0.6292437940564275
-28.4,0.5965084358700401
-28.38,0.5627574658360188
-28.36,0.5280012383999776
-28.34,0.49225066934075623
-28.32,0.45551723162743585
-28.299999999999997,0.41781295099260246
-28.28,0.3791504012237311
-28.259999999999998,0.33954269917462343
-28.240000000000002,0.2990034994994071
-28.22,0.25754698911100443
-28.2,0.2151878813670235
-28.18,0.17194140998524432
-28.16,0.1278233226917071
-28.14,0.08284987460423243
-28.119999999999997,0.03703782135428951
-28.1,-0.009595588049522763
-28.08,-0.057032618613318875
-28.060000000000002,-0.10525505700137738
-28.04,-0.15424421942815503
-28.02,-0.20398095979464342
-28.0,-0.2544456780658975
-27.98,-0.3056183288854467
-27.96,-0.35747843042275146
-27.939999999999998,-0.41000507344961923
-27.92,-0.4631769306411939
-27.9,-0.5169722660974914
-27.88,-0.5713689450805992
-27.86,-0.6263444439634345
-27.84,-0.6818758603850824
-27.82,-0.7379399236080276
-27.799999999999997,-0.7945130050725477
-27.78,-0.8515711291430594
-27.759999999999998,-0.9090899840416933
-27.740000000000002,-0.9670449329634603
-27.72,-1.0254110253683948
-27.7,-1.084163008444617
-27.68,-1.143275338737594
-27.66,-1.2027221939395534
-27.64,-1.2624774848337652
-27.619999999999997,-1.322514867387946
-27.6,-1.3828077549909072
-27.58,-1.4433293308269917
-27.560000000000002,-1.5040525603818808
-27.54,-1.5649502040744387
-27.52,-1.6259948300079625
-27.5,-1.6871588268352558
-27.48,-1.7484144167310838
-27.46,-1.809733668465952
-27.439999999999998,-1.8710885105749302
-27.42,-1.9324507446151384
-27.4,-1.9937920585058584
-27.38,-2.0550840399443016
-27.36,-2.1162981898913094
-27.34,-2.1774059361199667
-27.32,-2.238378646820892
-27.299999999999997,-2.2991876442576573
-27.28,-2.359804218465587
-27.259999999999998,-2.4201996409877458
-27.240000000000002,-2.480345178640959
-27.22,-2.540212107305846
-27.2,-2.599771725733621
-27.18,-2.6589953693635957
-27.16,-2.7178544241441815
-27.14,-2.776320340351132
-27.119999999999997,-2.8343646463961356
-27.1,-2.8919589626190967
-27.08,-2.9490750150576757
-27.060000000000002,-3.0056846491869127
-27.04,-3.061759843622981
-27.02,-3.1172727237837314
-27.0,-3.1721955754999738
-26.98,-3.2265008585705726
-26.96,-3.280161220254809
-26.939999999999998,-3.3331495086956155
-26.92,-3.3854387862669664
-26.9,-3.437002342839162
-26.88,-3.487813708955203
-26.86,-3.537846668912325
-26.84,-3.5870752737417892
-26.82,-3.6354738540810385
-26.799999999999997,-3.6830170329317045
-26.78,-3.7296797382972304
-26.759999999999998,-3.7754372156941955
-26.740000000000002,-3.8202650405307073
-26.72,-3.8641391303464534
-26.7,-3.9070357569078245
-26.68,-3.9489315581526174
-26.66,-3.989803549978201
-26.64,-4.029629137867396
-26.619999999999997,-4.068386128346507
-26.6,-4.106052740269617
-26.58,-4.1426076159239065
-26.560000000000002,-4.1780298319501
-26.54,-4.212298910073179
-26.52,-4.245394827637492
-26.5,-4.277298027941539
-26.48,-4.307989430367014
-26.46,-4.337450440297189
-26.439999999999998,-4.36566295881975
-26.42,-4.392609392209093
-26.4,-4.418272661183641
-26.38,-4.442636209933267
-26.36,-4.465684014912537
-26.34,-4.487400593395288
-26.32,-4.507771011786166
-26.299999999999997,-4.526780893685155
-26.28,-4.54441642770086
-26.259999999999998,-4.560664375008689
-26.240000000000002,-4.575512076650075
-26.22,-4.588947460569104
-26.2,-4.60095904838286
-26.18,-4.611535961882164
-26.16,-4.6206679292593185
-26.14,-4.628345291059636
-26.119999999999997,-4.6345590058537685
-26.1,-4.639300655627826
-26.08,-4.642562450888543
-26.060000000000002,-4.644337235480795
-26.04,-4.644618491114928
-26.02,-4.643400341601557
-26.0,-4.640677556791567
-25.98,-4.636445556219091
-25.96,-4.630700412445709
-25.939999999999998,-4.623438854103817
-25.92,-4.614658268637636
-25.9,-4.6043567047402085
-25.88,-4.5925328744850455
-25.86,-4.579186155151118
-25.84,-4.5643165907401455
-25.82,-4.547924893185143
-25.799999999999997,-4.530012443249433
-25.78,-4.510581291115509
-25.759999999999998,-4.489634156663071
-25.740000000000002,-4.4671744294360884
-25.72,-4.443206168298404
-25.7,-4.417734100778009
-25.68,-4.390763622099909
-25.66,-4.362300793907872
-25.64,-4.332352342675438
-25.619999999999997,-4.30092565780658
-25.6,-4.268028789426866
-25.58,-4.2336704458657035
-25.560000000000002,-4.1978599908308345
-25.54,-4.160607440276006
-25.52,-4.121923458963215
-25.5,-4.08181935672074
-25.48,-4.040307084398683
-25.46,-3.9973992295235625
-25.439999999999998,-3.953109011653843
-25.42,-3.9074502774384134
-25.4,-3.8604374953799336
-25.38,-3.8120857503056302
-25.36,-3.76241073754751
-25.34,-3.7114287568349438
-25.32,-3.659156705901955
-25.299999999999997,-3.605612073812223
-25.28,-3.550812934004644
-25.259999999999998,-3.494777937062419
-25.240000000000002,-3.4375263032092866
-25.22,-3.379077814535586
-25.2,-3.319452806958272
-25.18,-3.2586721619179455
-25.16,-3.1967572978169776
-25.14,-3.1337301612023882
-25.119999999999997,-3.0696132176974924
-25.1,-3.0044294426864204
-25.08,-2.938202311755555
-25.060000000000002,-2.870955790896618
-25.04,-2.802714326475191
-25.02,-2.7335028349699817
-25.0,-2.6633466924867575
-24.98,-2.592271724052263
-24.96,-2.52030419269274
-24.939999999999998,-2.447470788301981
-24.92,-2.373798616304278
-24.9,-2.299315186116941
-24.88,-2.2240483994183413
-24.86,-2.1480265382261376
-24.84,-2.0712782527916564
-24.82,-1.9938325493157079
-24.799999999999997,-1.9157187774916156
-24.78,-1.83696661788112
-24.759999999999998,-1.7576060691287854
-24.740000000000002,-1.677667435021256
-24.72,-1.597181311396577
-24.7,-1.5161785729105364
-24.68,-1.4346903596651814
-24.66,-1.3527480637063185
-24.64,-1.2703833153959936
-24.619999999999997,-1.1876279696661514
-24.6,-1.1045140921601293
-24.58,-1.0210739452678448
-24.560000000000002,-0.9373399740618349
-24.54,-0.8533447921398878
-24.52,-0.7691211673815372
-24.5,-0.6847020076243853
-24.48,-0.6001203462673206
-24.46,-0.5154093278070673
-24.439999999999998,-0.4306021933148396
-24.42,-0.3457322658598718
-24.4,-0.26083293588627354
-24.38,-0.1759376465507052
-24.36,-0.09107987902670311
-24.34,-0.006293137783316638
-24.32,0.07838906415564129
-24.299999999999997,0.16293321996465604
-24.28,0.24730584377497555
-24.259999999999998,0.3314734854320096
-24.240000000000002,0.41540274524417686
-24.22,0.4990602887171236
-24.2,0.5824128612655879
-24.18,0.6654273028970188
-24.16,0.7480705628592363
-24.14,0.8303097142460052
-24.119999999999997,0.9121119685533325
-24.1,0.993444690179802
-24.08,1.0742754108644892
-24.060000000000002,1.1545718440550667
-24.04,1.2343018992003374
-24.02,1.3134336959595798
-24.0,1.3919355783229421
-23.98,1.4697761286356674
-23.96,1.546924181520061
-23.94,1.6233488376884098
-23.919999999999998,1.6990194776406358
-23.9,1.7739057752401597
-23.88,1.8479777111618336
-23.86,1.9212055862054458
-23.84,1.9935600344687352
-23.82,2.0650120363737843
-23.8,2.1355329315407223
-23.78,2.2050944315026504
-23.759999999999998,2.273668632256019
-23.74,2.341228026640385
-23.72,2.4077455165420933
-23.7,2.4731944249159223
-23.68,2.5375485076192055
-23.66,2.6007819650529367
-23.64,2.6628694536043964
-23.62,2.7237860968859717
-23.6,2.783507496764971
-23.58,2.8420097441792596
-23.56,2.8992694297336548
-23.54,2.9552636540722883
-23.52,3.0099700380218835
-23.5,3.06336673250142
-23.48,3.115432428193482
-23.46,3.166146364972772
-23.44,3.2154883410875343
-23.419999999999998,3.2634387220893992
-23.4,3.30997844950768
-23.38,3.3550890492640506
-23.36,3.3987526398236367
-23.34,3.4409519400787487
-23.32,3.481670276961657
-23.3,3.520891592782779
-23.28,3.5586004522909658
-23.259999999999998,3.5947820494525495
-23.24,3.6294222139459933
-23.22,3.662507417369269
-23.2,3.6940247791568486
-23.18,3.7239620722038285
-23.16,3.7523077281943964
-23.14,3.779050842632272
-23.12,3.804181179570782
-23.1,3.827689176040366
-23.08,3.8495659461715075
-23.06,3.869803285011156
-23.04,3.888393672030948
-23.02,3.9053302743255456
-23.0,3.9206069494996942
-22.98,3.9342182482426384
-22.96,3.9461594165887814
-22.94,3.9564263978634973
-22.919999999999998,3.965015834313299
-22.9,3.9719250684195737
-22.88,3.977152143895357
-22.86,3.9806958063647007
-22.84,3.9825555037243388
-22.82,3.982731386187565
-22.8,3.981224306010319
-22.78,3.978035816899628
-22.759999999999998,3.9731681731047934
-22.74,3.96662432819172
-22.72,3.95840793350103
-22.7,3.948523336290761
-22.68,3.9369755775645086
-22.66,3.9237703895861196
-22.64,3.9089141930821105
-22.62,3.892414094133219
-22.599999999999998,3.874277880756502
-22.58,3.8545140191797613
-22.56,3.8331316498099213
-22.54,3.8101405828974553
-22.52,3.7855512938988394
-22.5,3.7593749185392817
-22.48,3.731623247578086
-22.46,3.7023087212791506
-22.44,3.6714444235892603
-22.419999999999998,3.639044076026894
-22.4,3.6051220312845405
-22.38,3.569693266547454
-22.36,3.5327733765321403
-22.34,3.4943785662478364
-22.32,3.454525643484393
-22.3,3.4132320110301735
-22.28,3.370515658623641
-22.259999999999998,3.326395154642424
-22.24,3.2808896375339174
-22.22,3.2340188069912656
-22.2,3.18580291487915
-22.18,3.1362627559134824
-22.16,3.0854196580995668
-22.14,3.033295472933099
-22.12,2.9799125653688168
-22.099999999999998,2.925293803561377
-22.08,2.8694625483834533
-22.06,2.8124426427258324
-22.04,2.754258400584768
-22.02,2.6949345959416195
-22.0,2.634496451440021
-21.98,2.572969626865983
-21.96,2.5103802074363397
-21.94,2.446754691900993
-21.919999999999998,2.382119980464757
-21.9,2.3165033625342755
-21.88,2.249932504295857
-21.86,2.1824354361302056
-21.84,2.1140405398697926
-21.82,2.0447765359049606
-21.8,1.974672470144882
-21.78,1.9037577008393431
-21.759999999999998,1.8320618852677333
-21.74,1.7596149663014318
-21.72,1.686447158845763
-21.7,1.612588936168242
-21.68,1.5380710161191407
-21.66,1.46292434725114
-21.64,1.3871800948444113
-21.62,1.3108696268438083
-21.599999999999998,1.23402449971461
-21.58,1.1566764442237658
-21.56,1.0788573511528332
-21.54,1.0005992569497622
-21.52,0.9219343293260303
-21.5,0.8428948528058258
-21.48,0.7635132142342762
-21.46,0.6838218882512321
-21.44,0.6038534227376315
-21.419999999999998,0.5236404242410821
-21.4,0.4432155433876952
-21.38,0.3626114602866246
-21.36,0.28186086993462434
-21.34,0.20099646762701795
-21.32,0.12005093438209524
-21.3,0.03905692238574332
-21.28,-0.04195295953701539
-21.259999999999998,-0.12294616041663131
-21.24,-0.2038902015931301
-21.22,-0.2847526911230531
-21.2,-0.3655013381323169
-21.18,-0.44610396710848477
-21.16,-0.5265285321257034
-21.14,-0.6067431309957358
-21.12,-0.6867160193385327
-21.099999999999998,-0.7664156245657332
-21.08,-0.8458105597705998
-21.06,-0.9248696375181646
-21.04,-1.003561883528746
-21.02,-1.0818565502489812
-21.0,-1.1597231303037394
-20.98,-1.2371313698228725
-20.96,-1.3140512816365786
-20.94,-1.3904531583332367
-20.919999999999998,-1.4663075851737828
-20.9,-1.5415854528565478
-20.88,-1.6162579701268367
-20.86,-1.6902966762252456
-20.84,-1.7636734531690892
-20.82,-1.8363605378612942
-20.8,-1.9083305340212058
-20.78,-1.9795564239317383
-20.759999999999998,-2.0500115799976246
-20.74,-2.1196697761092866
-20.72,-2.1885051988073676
-20.7,-2.2564924582425694
-20.68,-2.323606598925995
-20.66,-2.3898231102649463
-20.64,-2.4551179368795406
-20.62,-2.5194674886952364
-20.599999999999998,-2.5828486508069495
-20.58,-2.6452387931100416
-20.56,-2.706615779694053
-20.54,-2.766957977994738
-20.52,-2.8262442677004205
-20.5,-2.884454049408582
-20.48,-2.9415672530288397
-20.46,-2.9975643459285854
-20.44,-3.0524263408175254
-20.419999999999998,-3.106134803367816
-20.4,-3.1586718595661334
-20.38,-3.210020202794751
-20.36,-3.2601631006382394
-20.34,-3.3090844014129166
-20.32,-3.3567685404161973
-20.3,-3.403200545893057
-20.28,-3.4483660447171447
-20.259999999999998,-3.492251267783951
-20.24,-3.534843055113825
-20.22,-3.5761288606627
-20.2,-3.6160967568383677
-20.18,-3.654735438720544
-20.16,-3.692034227982941
-20.14,-3.72798307651572
-20.12,-3.7625725697469594
-20.099999999999998,-3.7957939296616674
-20.08,-3.8276390175173445
-20.06,-3.858100336255017
-20.04,-3.8871710326047992
-20.02,-3.914844898885367
-20.0,-3.941116374496684
-19.98,-3.965980547105615
-19.96,-3.989433153524053
-19.94,-4.011470580279561
-19.919999999999998,-4.032089863878357
-19.9,-4.051288690760968
-19.88,-4.069065396950773
-19.86,-4.085418967395875
-19.84,-4.100349035004973
-19.82,-4.113855879377879
-19.8,-4.1259404252316925
-19.78,-4.136604240523514
-19.759999999999998,-4.1458495342710595
-19.74,-4.153679154072339
-19.72,-4.1600965833259735
-19.7,-4.165105938153717
-19.68,-4.168711964026932
-19.66,-4.170920032098955
-19.64,-4.171736135245344
-19.62,-4.171166883814196
-19.599999999999998,-4.169219501088867
-19.58,-4.165901818465505
-19.56,-4.161222270347992
-19.54,-4.155189888763101
-19.52,-4.147814297698516
-19.5,-4.139105707166944
-19.48,-4.129074906999243
-19.46,-4.117733260369891
-19.44,-4.105092697058184
-19.419999999999998,-4.091165706448588
-19.4,-4.075965330273926
-19.38,-4.059505155105084
-19.36,-4.041799304591175
-19.34,-4.022862431454003
-19.32,-4.0027097092411275
-19.3,-3.9813568238414794
-19.28,-3.958819964768083
-19.259999999999998,-3.935115816212141
-19.24,-3.9102615478731195
-19.22,-3.8842748055694587
-19.2,-3.857173701634571
-19.18,-3.8289768051031214
-19.16,-3.7997031316923784
-19.14,-3.7693721335837607
-19.12,-3.7380036890097506
-19.099999999999998,-3.7056180916512567
-19.08,-3.6722360398509086
-19.06,-3.637878625647522
-19.04,-3.6025673236373468
-19.02,-3.5663239796675605
-19.0,-3.5291707993677335
-18.98,-3.4911303365249062
-18.96,-3.4522254813080746
-18.94,-3.4124794483480145
-18.919999999999998,-3.371915764678212
-18.9,-3.3305582575431276
-18.88,-3.288431042079544
-18.86,-3.2455585088773407
-18.84,-3.201965311425758
-18.82,-3.1576763534513037
-18.8,-3.1127167761537486
-18.78,-3.0671119453462525
-18.759999999999998,-3.0208874385062083
-18.74,-2.9740690317430554
-18.72,-2.9266826866895
-18.7,-2.8787545373226253
-18.68,-2.830310876721429
-18.66,-2.781378143767161
-18.64,-2.7319829097931274
-18.62,-2.682151865190466
-18.599999999999998,-2.631911805976431
-18.58,-2.581289620331935
-18.56,-2.530312275114675
-18.54,-2.4790068023547356
-18.52,-2.427400285739098
-18.5,-2.37551984709171
-18.48,-2.323392632855816
-18.46,-2.271045800585017
-18.44,-2.218506505449743
-18.419999999999998,-2.1658018867657214
-18.4,-2.1129590545510286
-18.38,-2.0600050761181397
-18.36,-2.0069669627077946
-18.34,-1.953871656170886
-18.32,-1.9007460157050429
-18.3,-1.8476168046523098
-18.28,-1.7945106773642827
-18.259999999999998,-1.7414541661412268
-18.24,-1.6884736682513803
-18.22,-1.6355954330367548
-18.2,-1.582845549111798
-18.18,-1.530249931661015
-18.16,-1.477834309841705
-18.14,-1.4256242142980315
-18.12,-1.3736449647922802
-18.099999999999998,-1.3219216579594302
-18.08,-1.2704791551909342
-18.06,-1.2193420706534142
-18.04,-1.1685347594483209
-18.02,-1.118081305918
-18.0,-1.0680055121039478
-17.98,-1.0183308863627774
-17.96,-0.9690806321453276
-17.94,-0.9202776369444206
-17.919999999999998,-0.8719444614164192
-17.9,-0.8241033286819575
-17.88,-0.7767761138108129
-17.86,-0.7299843334961338
-17.84,-0.683749135922784
-17.82,-0.6380912908348242
-17.8,-0.5930311798066942
-17.78,-0.5485887867228723
-17.759999999999998,-0.504783688470474
-17.74,-0.4616350458492536
-17.72,-0.41916159470330105
-17.7,-0.3773816372786576
-17.68,-0.3363130338109509
-17.66,-0.2959731943470102
-17.64,-0.25637907080432465
-17.62,-0.21754714927213487
-17.599999999999998,-0.17949344255770308
-17.58,-0.1422334829813499
-17.56,-0.10578231542352626
-17.54,-0.07015449062731036
-17.52,-0.03536405875932
-17.5,-0.0014245632321423507
-17.48,0.03165096520892535
-17.46,0.06385001413206348
-17.44,0.09516059479542069
-17.419999999999998,0.1255712472515067
-17.4,0.15507104517703393
-17.38,0.18364960042617823
-17.36,0.21129706730504866
-17.34,0.23800414656551117
-17.32,0.26376208911661075
-17.3,0.28856269945186436
-17.28,0.31239833879102996
-17.259999999999998,0.3352619279348986
-17.24,0.35714694983193546
-17.22,0.3780474518557229
-17.2,0.39795804779218585
-17.18,0.41687391953590713
-17.16,0.4347908184948121
-17.14,0.45170506670278543
-17.12,0.46761355763979645
-17.099999999999998,0.4825137567593915
-17.08,0.49640370172340964
-17.06,0.5092820023440776
-17.04,0.521147840233646
-17.02,0.5320009681619431
-17.0,0.5418417091223839
-16.98,0.5506709551070623
-16.96,0.558490165591718
-16.94,0.5653013657315529
-16.919999999999998,0.571107144268927
-16.9,0.5759106511542093
-16.88,0.5797155948811191
-16.86,0.5825262395380681
-16.84,0.5843474015771656
-16.82,0.5851844463026346
-16.8,0.5850432840806248
-16.78,0.5839303662723891
-16.759999999999998,0.5818526808931488
-16.74,0.5788177479988403
-16.72,0.5748336148033034
-16.7,0.5699088505284924
-16.68,0.5640525409903927
-16.66,0.5572742829235635
-16.64,0.5495841780472593
-16.62,0.5409928268762612
-16.599999999999998,0.5315113222796173
-16.58,0.521151242790739
-16.56,0.5099246456722336
-16.54,0.49784405973918
-16.52,0.4849224779445136
-16.5,0.47117334973035585
-16.48,0.4566105731492983
-16.46,0.44124848675964334
-16.44,0.42510186129886085
-16.419999999999998,0.4081858911394739
-16.4,0.39051618553181644
-16.38,0.3721087596381306
-16.36,0.35298002536268036
-16.34,0.3331467819824392
-16.32,0.3126262065833656
-16.3,0.2914358443069316
-16.28,0.2695935984120754
-16.259999999999998,0.2471177201575483
-16.24,0.2240267985098705
-16.22,0.20033974968217882
-16.2,0.17607580650919274
-16.18,0.15125450766385673
-16.16,0.12589568672103546
-16.14,0.10001946107388715
-16.12,0.07364622070857352
-16.099999999999998,0.046796616842960104
-16.08,0.01949155043512718
-16.06,-0.008247839432515613
-16.04,-0.036400187287507046
-16.02,-0.0649439131142282
-16.0,-0.09385723430714199
-15.98,-0.12311817772459133
-15.96,-0.15270459183684104
-15.939999999999998,-0.18259415896226905
-15.919999999999998,-0.21276440758550952
-15.899999999999999,-0.24319272475137188
-15.879999999999999,-0.27385636852801687
-15.86,-0.30473248053341573
-15.84,-0.33579809851846276
-15.82,-0.367030169000532
-15.8,-0.39840555994102145
-15.780000000000001,-0.42990107346044226
-15.759999999999998,-0.4614934585846866
-15.739999999999998,-0.49315942401596624
-15.719999999999999,-0.5248756509220085
-15.7,-0.5566188057369832
-15.68,-0.5883655529676979
-15.66,-0.6200925679986233
-15.64,-0.6517765498892523
-15.620000000000001,-0.6833942341572539
-15.599999999999998,-0.7149224055411247
-15.579999999999998,-0.7463379107356007
-15.559999999999999,-0.7776176710937222
-15.54,-0.8087386952888802
-15.52,-0.8396780919305153
-15.5,-0.8704130821271248
-15.48,-0.9009210119901918
-15.46,-0.9311793650726616
-15.439999999999998,-0.9611657747357789
-15.419999999999998,-0.990858036437904
-15.399999999999999,-1.0202341199392455
-15.379999999999999,-1.049272181416164
-15.36,-1.0779505754789778
-15.34,-1.1062478670872733
-15.32,-1.1341428433565452
-15.3,-1.1616145252502936
-15.280000000000001,-1.188642179151592
-15.259999999999998,-1.2152053283082744
-15.239999999999998,-1.2412837641459777
-15.219999999999999,-1.2668575574432532
-15.2,-1.2919070693631163
-15.18,-1.3164129623354
-15.16,-1.3403562107844809
-15.14,-1.3637181116967274
-15.120000000000001,-1.3864802950225985
-15.099999999999998,-1.4086247339078284
-15.079999999999998,-1.4301337547486557
-15.059999999999999,-1.4509900470659978
-15.04,-1.4711766731933604
-15.02,-1.4906770777738134
-15.0,-1.5094750970609594
-14.98,-1.527554968019328
-14.96,-1.5449013372194491
-14.939999999999998,-1.561499269523067
-14.919999999999998,-1.5773342565541228
-14.899999999999999,-1.5923922249511304
-14.879999999999999,-1.6066595443967242
-14.86,-1.6201230354202494
-14.84,-1.632769976969446
-14.82,-1.6445881137472655
-14.8,-1.6555656633101248
-14.780000000000001,-1.6656913229238857
-14.759999999999998,-1.6749542761740392
-14.739999999999998,-1.6833441993267142
-14.719999999999999,-1.69085126743719
-14.7,-1.6974661602027066
-14.68,-1.7031800675566702
-14.66,-1.707984695001148
-14.64,-1.7118722686750787
-14.620000000000001,-1.7148355401553559
-14.599999999999998,-1.7168677909884233
-14.579999999999998,-1.7179628369498752
-14.559999999999999,-1.7181150320298917
-14.54,-1.7173192721423414
-14.52,-1.7155709985556324
-14.5,-1.71286620104337
-14.48,-1.7092014207532222
-14.46,-1.704573752792379
-14.439999999999998,-1.6989808485281754
-14.419999999999998,-1.692420917602604
-14.399999999999999,-1.6848927296595844
-14.379999999999999,-1.6763956157839877
-14.36,-1.666929469651539
-14.34,-1.6564947483889196
-14.32,-1.6450924731434555
-14.3,-1.632724229361993
-14.280000000000001,-1.6193921667786881
-14.259999999999998,-1.60509899911154
-14.239999999999998,-1.5898480034676963
-14.219999999999999,-1.5736430194576614
-14.2,-1.5564884480187278
-14.18,-1.5383892499480392
-14.16,-1.519350944145923
-14.14,-1.4993796055700868
-14.120000000000001,-1.478481862901749
-14.099999999999998,-1.4566648959245083
-14.079999999999998,-1.4339364326172674
-14.059999999999999,-1.410304745962399
-14.04,-1.3857786504706455
-14.02,-1.3603674984243441
-14.0,-1.3340811758406006
-13.98,-1.3069300981564327
-13.96,-1.2789252056376865
-13.939999999999998,-1.2500779585140345
-13.919999999999998,-1.2204003318421939
-13.899999999999999,-1.1899048100998146
-13.879999999999999,-1.1586043815126348
-13.86,-1.1265125321174434
-13.84,-1.0936432395637934
-13.82,-1.060010966657281
-13.8,-1.0256306546475433
-13.780000000000001,-0.9905177162640841
-13.759999999999998,-0.9546880285033068
-13.739999999999998,-0.9181579251701728
-13.719999999999999,-0.8809441891779919
-13.7,-0.8430640446101347
-13.68,-0.8045351485473571
-13.66,-0.7653755826647561
-13.64,-0.7256038446022681
-13.620000000000001,-0.685238839113008
-13.599999999999998,-0.6442998689935635
-13.579999999999998,-0.602806625800715
-13.559999999999999,-0.5607791803589968
-13.54,-0.5182379730636986
-13.52,-0.4752038039839892
-13.5,-0.431697822770988
-13.48,-0.38774151837553816
-13.46,-0.34335670858085665
-13.439999999999998,-0.2985655293549194
-13.419999999999998,-0.25339042402792256
-13.399999999999999,-0.20785413229994099
-13.379999999999999,-0.1619796790842094
-13.36,-0.11579036319138813
-13.34,-0.06930974586037442
-13.32,-0.022561639141138734
-13.3,0.024429905864618018
-13.280000000000001,0.071640610899391
-13.259999999999998,0.11904598257652976
-13.239999999999998,0.16662132453169942
-13.219999999999999,0.21434174969337194
-13.2,0.2621821926661938
-13.18,0.3101174222212677
-13.16,0.3581220538872594
-13.14,0.406170562636075
-13.120000000000001,0.45423729565702997
-13.099999999999998,0.502296485213185
-13.079999999999998,0.5503222615734789
-13.059999999999999,0.5982886660145272
-13.04,0.6461696638855066
-13.02,0.6939391577297931
-13.0,0.741571000456926
-12.98,0.7890390085584578
-12.96,0.8363169753610653
-12.939999999999998,0.8833786843106117
-12.919999999999998,0.9301979222803598
-12.899999999999999,0.9767484928970971
-12.879999999999999,1.0230042298783517
-12.86,1.06893901037422
-12.84,1.1145267683072757
-12.82,1.159741507703934
-12.8,1.2045573160106517
-12.780000000000001,1.2489483773885013
-12.759999999999998,1.2928889859794013
-12.739999999999998,1.3363535591375668
-12.719999999999999,1.3793166506196313
-12.7,1.4217529637267567
-12.68,1.4636373643924498
-12.66,1.5049448942094248
-12.64,1.5456507833891115
-12.620000000000001,1.585730463647405
-12.599999999999998,1.6251595810102146
-12.579999999999998,1.6639140085324247
-12.559999999999999,1.7019698589240881
-12.54,1.7393034970773402
-12.52,1.7758915524879808
-12.5,1.811710931565492
-12.48,1.8467388298252345
-12.46,1.8809527439569587
-12.439999999999998,1.9143304837633544
-12.419999999999998,1.9468501839628336
-12.399999999999999,1.9784903158506586
-12.379999999999999,2.0092296988123617
-12.36,2.039047511683963
-12.34,2.0679233039530764
-12.32,2.0958370067953718
-12.3,2.122768943940817
-12.280000000000001,2.1486998423642145
-12.259999999999998,2.173610842794684
-12.239999999999998,2.197483510038725
-12.219999999999999,2.220299843111712
-12.2,2.2420422851726256
-12.18,2.2626937332570374
-12.16,2.2822375478033736
-12.14,2.30065756196764
-12.120000000000001,2.3179380907218485
-12.099999999999998,2.3340639397314975
-12.079999999999998,2.349020414007608
-12.059999999999999,2.362793326328844
-12.04,2.3753690054293832
-12.02,2.386734303948428
-12.0,2.3968766061371003
-11.98,2.405783835318886
-11.96,2.4134444610996892
-11.939999999999998,2.419847506323753
-11.919999999999998,2.4249825537718346
-11.899999999999999,2.4288397525981473
-11.879999999999999,2.4314098245026634
-11.86,2.4326840696355316
-11.84,2.4326543722305107
-11.82,2.4313132059643676
-11.8,2.4286536390394744
-11.780000000000001,2.4246693389867255
-11.759999999999998,2.4193545771863527
-11.739999999999998,2.4127042331040074
-11.719999999999999,2.4047137982398894
-11.7,2.3953793797887184
-11.68,2.384697704008437
-11.66,2.372666119295794
-11.64,2.3592825989670385
-11.620000000000001,2.3445457437420107
-11.599999999999998,2.3284547839302774
-11.579999999999998,2.3110095813178324
-11.559999999999999,2.292210630753223
-11.54,2.272059061432083
-11.52,2.250556637879058
-11.5,2.2277057606264603
-11.48,2.203509466588955
-11.46,2.1779714291338474
-11.439999999999998,2.1510959578466116
-11.419999999999998,2.122887997991521
-11.399999999999999,2.0933531296672716
-11.379999999999999,2.0624975666578
-11.36,2.0303281549784784
-11.34,1.9968523711181334
-11.32,1.9620783199774254
-11.3,1.926014732504286
-11.280000000000001,1.8886709630272656
-11.259999999999998,1.8500569862877627
-11.239999999999998,1.8101833941723238
-11.219999999999999,1.7690613921461713
-11.2,1.7267027953895568
-11.18,1.6831200246383602
-11.16,1.6383261017307185
-11.14,1.592334644861526
-11.120000000000001,1.5451598635467858
-11.099999999999998,1.4968165532999624
-11.079999999999998,1.4473200900226384
-11.059999999999999,1.396686424111771
-11.04,1.3449320742862814
-11.02,1.292074121135515
-11.0,1.2381302003924455
-10.98,1.1831184959346086
-10.96,1.1270577325157842
-10.939999999999998,1.0699671682317204
-10.919999999999998,1.011866586723212
-10.899999999999999,0.9527762891199485
-10.879999999999999,0.8927170857288821
-10.86,0.8317102874707036
-10.84,0.7697776970683189
-10.82,0.7069415999913427
-10.8,0.6432247551606246
-10.780000000000001,0.5786503854170535
-10.759999999999998,0.5132421677589681
-10.739999999999998,0.4470242233526309
-10.719999999999999,0.38002110732015937
-10.7,0.31225779830983325
-10.68,0.2437596878532906
-10.66,0.1745525695146376
-10.64,0.10466262783635172
-10.620000000000001,0.034116427087076406
-10.599999999999998,-0.03705910018350744
-10.579999999999998,-0.10883666477746035
-10.559999999999999,-0.1811886326638159
-10.54,-0.25408703697054347
-10.52,-0.3275035901479776
-10.5,-0.4014096962979268
-10.48,-0.4757764636628571
-10.46,-0.5505747172693536
-10.439999999999998,-0.6257750117199663
-10.419999999999998,-0.7013476441275172
-10.399999999999999,-0.7772626671860303
-10.379999999999999,-0.8534899023719115
-10.36,-0.9299989532695453
-10.34,-1.0067592190149193
-10.32,-1.0837399078511325
-10.3,-1.1609100507894348
-10.280000000000001,-1.2382385153694013
-10.259999999999998,-1.3156940195119342
-10.239999999999998,-1.3932451454584298
-10.219999999999999,-1.4708603537899139
-10.2,-1.5485079975192861
-10.18,-1.6261563362502423
-10.16,-1.7037735503962637
-10.14,-1.7813277554529936
-10.120000000000001,-1.8587870163172608
-10.099999999999998,-1.9361193616461978
-10.079999999999998,-2.013292798249476
-10.059999999999999,-2.090275325508251
-10.04,-2.167034949813723
-10.02,-2.243539699018715
-10.0,-2.319757636895458
-9.98,-2.395656877592794
-9.96,-2.47120560008593
-9.939999999999998,-2.546372062612096
-9.919999999999998,-2.621124617085084
-9.899999999999999,-2.6954317234822076
-9.879999999999999,-2.769261964196595
-9.86,-2.842584058348206
-9.84,-2.9153668760468374
-9.82,-2.9875794526003747
-9.8,-3.0591910026615032
-9.780000000000001,-3.1301709343063897
-9.759999999999998,-3.200488863038471
-9.739999999999998,-3.2701146257108613
-9.719999999999999,-3.3390182943608875
-9.7,-3.4071701899499427
-9.68,-3.474540896002429
-9.66,-3.541101272137225
-9.64,-3.606822467485232
-9.620000000000001,-3.6716759339867417
-9.599999999999998,-3.735633439562298
-9.579999999999998,-3.7986670811506884
-9.559999999999999,-3.86074929760816
-9.54,-3.921852882462447
-9.52,-3.981950996515702
-9.5,-4.041017180290403
-9.48,-4.099025366312162
-9.46,-4.155949891223767
-9.439999999999998,-4.211765507724615
-9.419999999999998,-4.266447396329792
-9.399999999999999,-4.319971176943424
-9.379999999999999,-4.372312920240541
-9.36,-4.423449158852153
-9.34,-4.473356898348265
-9.32,-4.522013628013448
-9.3,-4.569397331409957
-9.280000000000001,-4.615486496723313
-9.259999999999998,-4.660260126885358
-9.239999999999998,-4.703697749470007
-9.219999999999999,-4.745779426356997
-9.2,-4.786485763158883
-9.18,-4.825797918406906
-9.16,-4.863697612491235
-9.14,-4.900167136351373
-9.120000000000001,-4.9351893599124885
-9.099999999999998,-4.968747740263671
-9.079999999999998,-5.000826329574136
-9.059999999999999,-5.031409782743649
-9.04,-5.060483364783369
-9.02,-5.088032957923678
-9.0,-5.114045068445439
-8.98,-5.138506833231507
-8.96,-5.161406026035257
-8.939999999999998,-5.182731063463039
-8.919999999999998,-5.2024710106677885
-8.899999999999999,-5.220615586750936
-8.879999999999999,-5.237155169869947
-8.86,-5.252080802049129
-8.84,-5.265384193691214
-8.82,-5.2770577277875965
-8.8,-5.28709446382511
-8.779999999999998,-5.295488141387412
-8.759999999999998,-5.302233183449214
-8.739999999999998,-5.307324699361716
-8.719999999999999,-5.3107584875276865
-8.7,-5.312531037764936
-8.68,-5.312639533356881
-8.66,-5.311081852789213
-8.64,-5.307856571171729
-8.620000000000001,-5.302962961344551
-8.599999999999998,-5.296400994668142
-8.579999999999998,-5.288171341496655
-8.559999999999999,-5.278275371334269
-8.54,-5.266715152674378
-8.52,-5.253493452521583
-8.5,-5.238613735596656
-8.48,-5.222080163224729
-8.46,-5.203897591907106
-8.439999999999998,-5.184071571577379
-8.419999999999998,-5.162608343542452
-8.399999999999999,-5.139514838109421
-8.379999999999999,-5.1147986718993135
-8.36,-5.0884681448488776
-8.34,-5.060532236901677
-8.32,-5.031000604390048
-8.3,-4.9998835761094345
-8.279999999999998,-4.96719214908692
-8.259999999999998,-4.932937984045828
-8.239999999999998,-4.897133400568425
-8.219999999999999,-4.859791371958922
-8.2,-4.820925519809105
-8.18,-4.780550108269053
-8.16,-4.738680038025507
-8.14,-4.695330839990717
-8.120000000000001,-4.650518668704562
-8.099999999999998,-4.604260295452982
-8.079999999999998,-4.55657310110592
-8.059999999999999,-4.507475068677944
-8.04,-4.456984775615032
-8.02,-4.405121385811107
-8.0,-4.35190464135783
-7.979999999999997,-4.297354854031599
-7.960000000000001,-4.241492896521623
-7.939999999999998,-4.184340193402953
-7.920000000000002,-4.125918711859
-7.899999999999999,-4.066250952157287
-7.880000000000003,-4.005359937883423
-7.859999999999999,-3.9432692059371814
-7.839999999999996,-3.880002796295884
-7.82,-3.8155852415493987
-7.799999999999997,-3.750041556211674
-7.780000000000001,-3.683397225814032
-7.759999999999998,-3.615678195784719
-7.740000000000002,-3.5469108601205126
-7.719999999999999,-3.4771220498549056
-7.700000000000003,-3.406339021328968
-7.68,-3.3345894442695214
-7.659999999999997,-3.2619013896809177
-7.640000000000001,-3.188303317555413
-7.619999999999997,-3.1138240644080355
-7.600000000000001,-3.0384928306420442
-7.579999999999998,-2.962339167750126
-7.560000000000002,-2.885392965358104
-7.539999999999999,-2.8076844381162984
-7.519999999999996,-2.729244112445435
-7.5,-2.6501028131426194
-7.479999999999997,-2.570291649853776
-7.460000000000001,-2.4898420034191546
-7.439999999999998,-2.4087855120975528
-7.420000000000002,-2.3271540576764522
-7.399999999999999,-2.244979751473627
-7.380000000000003,-2.1622949202376804
-7.359999999999999,-2.079132091953026
-7.339999999999996,-1.9955239815568948
-7.32,-1.911503476574176
-7.299999999999997,-1.827103622677104
-7.280000000000001,-1.742357609176768
-7.259999999999998,-1.6572987544523983
-7.240000000000002,-1.5719604913261638
-7.219999999999999,-1.4863763523892373
-7.200000000000003,-1.4005799552869558
-7.18,-1.3146049879688944
-7.159999999999997,-1.2284851939116226
-7.140000000000001,-1.1422543573202626
-7.119999999999997,-1.0559462883160007
-7.100000000000001,-0.9695948081166821
-7.079999999999998,-0.8832337342166572
-7.060000000000002,-0.7968968655736448
-7.039999999999999,-0.7106179678085012
-7.019999999999996,-0.6244307584257092
-7.0,-0.5383688920606655
-6.979999999999997,-0.45246594576087795
-6.960000000000001,-0.36675540430821485
-6.939999999999998,-0.2812706455882319
-6.920000000000002,-0.19604492601428158
-6.899999999999999,-0.11111136601216409
-6.880000000000003,-0.026502935573022857
-6.859999999999999,0.05774756011980564
-6.839999999999996,0.1416074949824324
-6.82,0.22504443623469017
-6.799999999999997,0.30802615851015025
-6.780000000000001,0.3905206578651059
-6.759999999999998,0.4724961656808093
-6.740000000000002,0.5539211624515585
-6.719999999999999,0.6347643914533205
-6.700000000000003,0.7149948722855719
-6.68,0.7945819142810684
-6.659999999999997,0.8734951297765121
-6.640000000000001,0.9517044472386649
-6.619999999999997,1.0291801242395988
-6.600000000000001,1.1058927602748883
-6.579999999999998,1.1818133094194492
-6.560000000000002,1.2569130928144652
-6.539999999999999,1.3311638109804484
-6.519999999999996,1.404537555949999
-6.5,1.4770068232153788
-6.479999999999997,1.5485445234850932
-6.460000000000001,1.6191239942439188
-6.439999999999998,1.688719011111679
-6.420000000000002,1.7573037989948095
-6.399999999999999,1.8248530430264016
-6.380000000000003,1.8913418992889623
-6.359999999999999,1.9567460053157868
-6.339999999999996,2.021041490365366
-6.32,2.0842049854648237
-6.299999999999997,2.1462136332175223
-6.280000000000001,2.207045097370175
-6.259999999999998,2.2666775721357166
-6.240000000000002,2.325089791266986
-6.219999999999999,2.382261036877846
-6.200000000000003,2.4381711480070596
-6.18,2.492800528921739
-6.159999999999997,2.546130157156016
-6.140000000000001,2.598141591281784
-6.119999999999997,2.6488169784078757
-6.100000000000001,2.69813906140414
-6.079999999999998,2.7460911858475994
-6.060000000000002,2.792657306687144
-6.039999999999999,2.83782199462426
-6.019999999999996,2.8815704422065336
-6.0,2.9238884696316236
-5.979999999999997,2.9647625302589837
-5.960000000000001,3.0041797158268166
-5.939999999999998,3.042127761372342
-5.920000000000002,3.078595049852805
-5.899999999999999,3.11357061646571
-5.880000000000003,3.1470441526659916
-5.859999999999999,3.179006009878859
-5.839999999999996,3.2094472029063605
-5.82,3.2383594130265854
-5.799999999999997,3.265734990784108
-5.780000000000001,3.291566958470469
-5.759999999999998,3.3158490122939797
-5.740000000000002,3.3385755242377333
-5.719999999999999,3.359741543605451
-5.699999999999996,3.379342798254359
-5.68,3.397375695514957
-5.659999999999997,3.413837322797339
-5.640000000000001,3.428725447883942
-5.619999999999997,3.442038518908969
-5.600000000000001,3.4537756640244948
-5.579999999999998,3.463936690753814
-5.560000000000002,3.472522085032399
-5.539999999999999,3.479533009937244
-5.519999999999996,3.4849713041053296
-5.5,3.4888394798422104
-5.479999999999997,3.4911407209218384
-5.460000000000001,3.491878880078813
-5.439999999999998,3.4910584761945396
-5.420000000000002,3.488684691178782
-5.399999999999999,3.484763366548294
-5.380000000000003,3.479300999704395
-5.359999999999999,3.472304739911429
-5.339999999999996,3.463782383978229
-5.32,3.4537423716448337
-5.299999999999997,3.4421937806768512
-5.280000000000001,3.4291463216700095
-5.259999999999998,3.414610332567526
-5.240000000000002,3.3985967728931277
-5.219999999999999,3.381117217702627
-5.199999999999996,3.362183851257175
-5.18,3.3418094604213
-5.159999999999997,3.320007427789103
-5.140000000000001,3.2967917245421425
-5.119999999999997,3.2721769030423844
-5.100000000000001,3.246178089164183
-5.079999999999998,3.218810974368848
-5.060000000000002,3.190091807526005
-5.039999999999999,3.1600373864855476
-5.019999999999996,3.128665049404647
-5.0,3.0959926658338626
-4.979999999999997,3.062038627566854
-4.960000000000001,3.0268218392583575
-4.939999999999998,2.9903617088147274
-4.920000000000002,2.952678137562166
-4.899999999999999,2.913791510197077
-4.880000000000003,2.8737226845239
-4.859999999999999,2.832492980984993
-4.839999999999996,2.790124171988184
-4.82,2.746638471036828
-4.799999999999997,2.702058521667803
-4.780000000000001,2.656407386203074
-4.759999999999998,2.609708534319858
-4.740000000000002,2.56198583144551
-4.719999999999999,2.513263526982205
-4.699999999999996,2.463566242367751
-4.68,2.4129189589778424
-4.659999999999997,2.3613470058758033
-4.640000000000001,2.3088760474160477
-4.619999999999997,2.255532070706688
-4.600000000000001,2.2013413729380362
-4.579999999999998,2.1463305485825197
-4.560000000000002,2.090526476472792
-4.539999999999999,2.0339563067637103
-4.519999999999996,1.9766474477850582
-4.5,1.9186275527909191
-4.479999999999997,1.859924506612253
-4.460000000000001,1.8005664122193554
-4.439999999999998,1.7405815772001367
-4.420000000000002,1.6799985001614393
-4.399999999999999,1.6188458570591946
-4.380000000000003,1.557152487464768
-4.359999999999999,1.494947380773334
-4.339999999999996,1.4322596623616382
-4.32,1.369118579701237
-4.299999999999997,1.3055534884341227
-4.280000000000001,1.241593838417574
-4.259999999999998,1.1772691597444749
-4.240000000000002,1.1126090487464206
-4.219999999999999,1.0476431539856126
-4.199999999999996,0.9824011622429718
-4.18,0.9169127845086034
-4.159999999999997,0.85120774198153
-4.140000000000001,0.785315752085614
-4.119999999999997,0.7192665145078041
-4.100000000000001,0.6530896972660574
-4.079999999999998,0.5868149228128412
-4.060000000000002,0.520471754181612
-4.039999999999999,0.4540896811821189
-4.019999999999996,0.38769810665181037
-4.0,0.32132633276931477
-3.979999999999997,0.2550035474367611
-3.960000000000001,0.18875881073761525
-3.9399999999999977,0.12262104147586994
-3.9200000000000017,0.056619003803764834
-3.8999999999999986,-0.009218706056447257
-3.8800000000000026,-0.07486367298960062
-3.8599999999999994,-0.14028767605808445
-3.8399999999999963,-0.2054627014587993
-3.8200000000000003,-0.27036095536106064
-3.799999999999997,-0.33495487661908463
-3.780000000000001,-0.3992171493529306
-3.759999999999998,-0.4631207153924297
-3.740000000000002,-0.5266387865776312
-3.719999999999999,-0.5897448569106021
-3.6999999999999957,-0.6524127145522449
-3.6799999999999997,-0.7146164536590143
-3.6599999999999966,-0.7763304860537517
-3.6400000000000006,-0.8375295527249738
-3.6199999999999974,-0.8981887351497271
-3.6000000000000014,-0.9582834664340898
-3.5799999999999983,-1.0177895422667755
-3.5600000000000023,-1.0766831316800065
-3.539999999999999,-1.1349407876134148
-3.519999999999996,-1.1925394572752879
-3.5,-1.2494564922969342
-3.479999999999997,-1.3056696586752392
-3.460000000000001,-1.3611571464985395
-3.4399999999999977,-1.4158975794519502
-3.4200000000000017,-1.469870024096934
-3.3999999999999986,-1.5230539989216951
-3.3800000000000026,-1.5754294831574063
-3.3599999999999994,-1.6269769253569528
-3.3399999999999963,-1.67767725173166
-3.3200000000000003,-1.72751187424258
-3.299999999999997,-1.7764626984425886
-3.280000000000001,-1.8245121310654233
-3.259999999999998,-1.871643087358727
-3.240000000000002,-1.9178389981572561
-3.219999999999999,-1.9630838166935431
-3.1999999999999957,-2.0073620251424944
-3.1799999999999997,-2.0506586408973715
-3.1599999999999966,-2.092959222574245
-3.1400000000000006,-2.1342498757420225
-3.1199999999999974,-2.174517258375984
-3.1000000000000014,-2.213748586031935
-3.0799999999999983,-2.251931636739174
-3.0600000000000023,-2.289054755609751
-3.039999999999999,-2.3251068591624193
-3.019999999999996,-2.3600774393590833
-3.0,-2.393956567352354
-2.979999999999997,-2.4267348969425093
-2.960000000000001,-2.458403667742347
-2.9399999999999977,-2.4889547080489725
-2.9200000000000017,-2.5183804374209817
-2.8999999999999986,-2.546673868960493
-2.8800000000000026,-2.573828611298791
-2.8599999999999994,-2.5998388702852235
-2.8399999999999963,-2.6246994503785204
-2.8200000000000003,-2.6484057557403897
-2.799999999999997,-2.6709537910309553
-2.780000000000001,-2.692340161905945
-2.759999999999998,-2.712562075215826
-2.740000000000002,-2.7316173389067853
-2.719999999999999,-2.7495043616241843
-2.6999999999999957,-2.7662221520187247
-2.6799999999999997,-2.781770317756054
-2.6599999999999966,-2.7961490642306077
-2.6400000000000006,-2.8093591929844197
-2.6199999999999974,-2.821402099832189
-2.6000000000000014,-2.8322797726935582
-2.5799999999999983,-2.8419947891341346
-2.5600000000000023,-2.85055031361658
-2.539999999999999,-2.857950094463503
-2.519999999999996,-2.8641984605337956
-2.5,-2.869300317614412
-2.479999999999997,-2.873261144529581
-2.460000000000001,-2.876086988969579
-2.4399999999999977,-2.877784463041471
-2.4200000000000017,-2.87836073854415
-2.3999999999999986,-2.8778235419703613
-2.3800000000000026,-2.876181149238297
-2.3599999999999994,-2.8734423801557263
-2.3399999999999963,-2.8696165926195434
-2.3200000000000003,-2.864713676553837
-2.299999999999997,-2.8587440475897634
-2.280000000000001,-2.851718640490503
-2.259999999999998,-2.8436489023248024
-2.240000000000002,-2.834546785392709
-2.219999999999999,-2.8244247399071756
-2.1999999999999957,-2.813295706435392
-2.1799999999999997,-2.801173108103802
-2.1599999999999966,-2.7880708425707823
-2.1400000000000006,-2.7740032737713287
-2.1199999999999974,-2.758985223437801
-2.1000000000000014,-2.7430319624013575
-2.0799999999999983,-2.726159201678337
-2.0600000000000023,-2.7083830833464337
-2.039999999999999,-2.6897201712151273
-2.019999999999996,-2.6701874412953615
-2.0,-2.6498022720732535
-1.9799999999999969,-2.628582434592821
-1.9600000000000009,-2.606546082352922
-1.9399999999999977,-2.5837117410234174
-1.9200000000000017,-2.5600982979859674
-1.8999999999999986,-2.5357249917046425
-1.8800000000000026,-2.510611400931972
-1.8599999999999994,-2.48477743375567
-1.8399999999999963,-2.4582433164919255
-1.8200000000000003,-2.4310295824306127
-1.7999999999999972,-2.4031570604382884
-1.7800000000000011,-2.374646863424852
-1.759999999999998,-2.3455203766794424
-1.740000000000002,-2.3157992460818315
-1.7199999999999989,-2.2855053661949536
-1.6999999999999957,-2.254660868244893
-1.6799999999999997,-2.2232881079941964
-1.6599999999999966,-2.1914096535146963
-1.6400000000000006,-2.1590482728661793
-1.6199999999999974,-2.1262269216868095
-1.6000000000000014,-2.092968730701939
-1.5799999999999983,-2.0592969931572345
-1.5600000000000023,-2.0252351521828293
-1.5399999999999991,-1.9908067880944886
-1.519999999999996,-1.9560356056385562
-1.5,-1.920945421186799
-1.4799999999999969,-1.8855601498877168
-1.4600000000000009,-1.8499037927809148
-1.4399999999999977,-1.814000423880669
-1.4200000000000017,-1.7778741772356175
-1.3999999999999986,-1.7415492339706282
-1.3800000000000026,-1.7050498093177855
-1.3599999999999994,-1.6684001396425754
-1.3399999999999963,-1.6316244694721986
-1.3200000000000003,-1.594747038532174
-1.2999999999999972,-1.5577920687978868
-1.2800000000000011,-1.52078375156767
-1.259999999999998,-1.483746234563605
-1.240000000000002,-1.4467036090668812
-1.2199999999999989,-1.4096798970937607
-1.1999999999999957,-1.372699038618946
-1.1799999999999997,-1.3357848788524547
-1.1599999999999966,-1.298961155576463
-1.1400000000000006,-1.2622514865486045
-1.1199999999999974,-1.2256793569777003
-1.1000000000000014,-1.1892681070785591
-1.0799999999999983,-1.1530409197116924
-1.0600000000000023,-1.117020808114503
-1.0399999999999991,-1.0812306037296757
-1.019999999999996,-1.045692944137252
-1.0,-1.010430261096098
-0.9799999999999969,-0.975464768700848
-0.9600000000000009,-0.9408184516603771
-0.9399999999999977,-0.9065130537033441
-0.9200000000000017,-0.8725700661169502
-0.8999999999999986,-0.8390107164242697
-0.8800000000000026,-0.8058559572061721
-0.8599999999999994,-0.7731264550730258
-0.8399999999999963,-0.7408425797920567
-0.8200000000000003,-0.7090243935754919
-0.7999999999999972,-0.677691640534932
-0.7800000000000011,-0.646863736307342
-0.759999999999998,-0.6165597578575243
-0.740000000000002,-0.586798433462525
-0.7199999999999989,-0.5575981328825956
-0.6999999999999957,-0.5289768577239478
-0.6799999999999997,-0.5009522319978303
-0.6599999999999966,-0.47354149288075176
-0.6400000000000006,-0.446761481680524
-0.6199999999999974,-0.4206286350124027
-0.6000000000000014,-0.3951589761900002
-0.5799999999999983,-0.37036810683496585
-0.5600000000000023,-0.3462711987098942
-0.5399999999999991,-0.32288298577825125
-0.519999999999996,-0.30021775649553073
-0.5,-0.278289346335264
-0.4799999999999969,-0.2571111305536972
-0.46000000000000085,-0.23669601719680022
-0.4399999999999977,-0.2170564403529003
-0.4200000000000017,-0.19820435365453132
-0.3999999999999986,-0.18015122403249195
-0.38000000000000256,-0.1629080257254493
-0.35999999999999943,-0.14648523454785095
-0.3399999999999963,-0.1308928224191926
-0.3200000000000003,-0.11614025215720909
-0.29999999999999716,-0.10223647253764237
-0.28000000000000114,-0.08918991362308994
-0.259999999999998,-0.07700848236312932
-0.240000000000002,-0.06569955846805886
-0.21999999999999886,-0.05526999055815847
-0.19999999999999574,-0.045726092590517686
-0.17999999999999972,-0.037073640565104496
-0.1599999999999966,-0.029317869511757758
-0.14000000000000057,-0.02246347075962544
-0.11999999999999744,-0.016514589490333815
-0.10000000000000142,-0.011474822576188433
-0.0799999999999983,-0.007347216704403525
-0.060000000000002274,-0.00413426678835955
-0.03999999999999915,-0.0018379146666214182
-0.01999999999999602,-0.00045954809041059974
0.0,0.0
0.020000000000003126,-0.00045954809041092603
0.03999999999999915,-0.0018379146666214182
0.060000000000002274,-0.00413426678835955
0.0799999999999983,-0.007347216704403525
0.10000000000000142,-0.011474822576188433
0.11999999999999744,-0.016514589490333815
0.14000000000000057,-0.02246347075962544
0.1600000000000037,-0.029317869511760332
0.17999999999999972,-0.037073640565104496
0.20000000000000284,-0.045726092590520934
0.21999999999999886,-0.05526999055815847
0.240000000000002,-0.06569955846805886
0.259999999999998,-0.07700848236312932
0.28000000000000114,-0.08918991362308994
0.30000000000000426,-0.10223647253764717
0.3200000000000003,-0.11614025215720909
0.3400000000000034,-0.13089282241919795
0.35999999999999943,-0.14648523454785095
0.38000000000000256,-0.1629080257254493
0.3999999999999986,-0.18015122403249195
0.4200000000000017,-0.19820435365453132
0.4399999999999977,-0.2170564403529003
0.46000000000000085,-0.23669601719680022
0.480000000000004,-0.2571111305537047
0.5,-0.278289346335264
0.5200000000000031,-0.30021775649553845
0.5399999999999991,-0.32288298577825125
0.5600000000000023,-0.3462711987098942
0.5799999999999983,-0.37036810683496585
0.6000000000000014,-0.3951589761900002
0.6199999999999974,-0.4206286350124027
0.6400000000000006,-0.446761481680524
0.6600000000000037,-0.4735414928807612
0.6799999999999997,-0.5009522319978303
0.7000000000000028,-0.5289768577239577
0.7199999999999989,-0.5575981328825956
0.740000000000002,-0.586798433462525
0.759999999999998,-0.6165597578575243
0.7800000000000011,-0.646863736307342
0.8000000000000043,-0.6776916405349431
0.8200000000000003,-0.7090243935754919
0.8400000000000034,-0.7408425797920684
0.8599999999999994,-0.7731264550730258
0.8800000000000026,-0.8058559572061721
0.8999999999999986,-0.8390107164242697
0.9200000000000017,-0.8725700661169502
0.9399999999999977,-0.9065130537033441
0.9600000000000009,-0.9408184516603771
0.980000000000004,-0.9754647687008602
1.0,-1.010430261096098
1.0200000000000031,-1.045692944137264
1.0399999999999991,-1.0812306037296757
1.0600000000000023,-1.117020808114503
1.0799999999999983,-1.1530409197116924
1.1000000000000014,-1.1892681070785591
1.1199999999999974,-1.2256793569777003
1.1400000000000006,-1.2622514865486045
1.1600000000000037,-1.298961155576475
1.1799999999999997,-1.3357848788524547
1.2000000000000028,-1.372699038618959
1.2199999999999989,-1.4096798970937607
1.240000000000002,-1.4467036090668812
1.259999999999998,-1.483746234563605
1.2800000000000011,-1.52078375156767
1.3000000000000043,-1.5577920687979003
1.3200000000000003,-1.594747038532174
1.3400000000000034,-1.6316244694722117
1.3599999999999994,-1.6684001396425754
1.3800000000000026,-1.7050498093177855
1.3999999999999986,-1.7415492339706282
1.4200000000000017,-1.7778741772356175
1.4399999999999977,-1.814000423880669
1.4600000000000009,-1.8499037927809148
1.480000000000004,-1.8855601498877301
1.5,-1.920945421186799
1.5200000000000031,-1.9560356056385677
1.5399999999999991,-1.9908067880944886
1.5600000000000023,-2.0252351521828293
1.5799999999999983,-2.0592969931572345
1.6000000000000014,-2.092968730701939
1.6199999999999974,-2.1262269216868095
1.6400000000000006,-2.1590482728661793
1.6600000000000037,-2.1914096535147083
1.6799999999999997,-2.2232881079941964
1.7000000000000028,-2.254660868244903
1.7199999999999989,-2.2855053661949536
1.740000000000002,-2.3157992460818315
1.759999999999998,-2.3455203766794424
1.7800000000000011,-2.374646863424852
1.8000000000000043,-2.403157060438298
1.8200000000000003,-2.4310295824306127
1.8400000000000034,-2.4582433164919353
1.8599999999999994,-2.48477743375567
1.8800000000000026,-2.510611400931972
1.8999999999999986,-2.5357249917046425
1.9200000000000017,-2.5600982979859674
1.9399999999999977,-2.5837117410234174
1.9600000000000009,-2.606546082352922
1.980000000000004,-2.628582434592828
2.0,-2.6498022720732535
2.020000000000003,-2.6701874412953694
2.039999999999999,-2.6897201712151273
2.0600000000000023,-2.7083830833464337
2.0799999999999983,-2.726159201678337
2.1000000000000014,-2.7430319624013575
2.1199999999999974,-2.758985223437801
2.1400000000000006,-2.7740032737713287
2.1600000000000037,-2.788070842570786
2.1799999999999997,-2.801173108103802
2.200000000000003,-2.8132957064353983
2.219999999999999,-2.8244247399071756
2.240000000000002,-2.834546785392709
2.259999999999998,-2.8436489023248024
2.280000000000001,-2.851718640490503
2.3000000000000043,-2.8587440475897656
2.3200000000000003,-2.864713676553837
2.3400000000000034,-2.869616592619544
2.3599999999999994,-2.8734423801557263
2.3800000000000026,-2.876181149238297
2.3999999999999986,-2.8778235419703613
2.4200000000000017,-2.87836073854415
2.4399999999999977,-2.877784463041471
2.460000000000001,-2.876086988969579
2.480000000000004,-2.8732611445295784
2.5,-2.869300317614412
2.520000000000003,-2.8641984605337916
2.539999999999999,-2.857950094463503
2.5600000000000023,-2.85055031361658
2.5799999999999983,-2.8419947891341346
2.6000000000000014,-2.8322797726935582
2.6199999999999974,-2.821402099832189
2.6400000000000006,-2.8093591929844197
2.6600000000000037,-2.796149064230602
2.6799999999999997,-2.781770317756054
2.700000000000003,-2.7662221520187162
2.719999999999999,-2.7495043616241843
2.740000000000002,-2.7316173389067853
2.759999999999998,-2.712562075215826
2.780000000000001,-2.692340161905945
2.8000000000000043,-2.670953791030945
2.8200000000000003,-2.6484057557403897
2.8400000000000034,-2.6246994503785133
2.8599999999999994,-2.5998388702852235
2.8800000000000026,-2.573828611298791
2.8999999999999986,-2.546673868960493
2.9200000000000017,-2.5183804374209817
2.9399999999999977,-2.4889547080489725
2.960000000000001,-2.458403667742347
2.980000000000004,-2.4267348969424956
3.0,-2.393956567352354
3.020000000000003,-2.360077439359071
3.039999999999999,-2.3251068591624193
3.0600000000000023,-2.289054755609751
3.0799999999999983,-2.251931636739174
3.1000000000000014,-2.213748586031935
3.1199999999999974,-2.174517258375984
3.1400000000000006,-2.1342498757420225
3.1600000000000037,-2.0929592225742297
3.1799999999999997,-2.0506586408973715
3.200000000000003,-2.0073620251424784
3.219999999999999,-1.9630838166935431
3.240000000000002,-1.9178389981572561
3.259999999999998,-1.871643087358727
3.280000000000001,-1.8245121310654233
3.3000000000000043,-1.7764626984425713
3.3200000000000003,-1.72751187424258
3.3400000000000034,-1.6776772517316423
3.3599999999999994,-1.6269769253569528
3.3800000000000026,-1.5754294831574063
3.3999999999999986,-1.5230539989216951
3.4200000000000017,-1.469870024096934
3.4399999999999977,-1.4158975794519502
3.460000000000001,-1.3611571464985395
3.480000000000004,-1.3056696586752166
3.5,-1.2494564922969342
3.520000000000003,-1.192539457275268
3.539999999999999,-1.1349407876134148
3.5600000000000023,-1.0766831316800065
3.5799999999999983,-1.0177895422667755
3.6000000000000014,-0.9582834664340898
3.6199999999999974,-0.8981887351497271
3.6400000000000006,-0.8375295527249738
3.6600000000000037,-0.7763304860537299
3.6799999999999997,-0.7146164536590143
3.700000000000003,-0.6524127145522249
3.719999999999999,-0.5897448569106021
3.740000000000002,-0.5266387865776312
3.759999999999998,-0.4631207153924297
3.780000000000001,-0.3992171493529306
3.8000000000000043,-0.33495487661906154
3.8200000000000003,-0.27036095536106064
3.8400000000000034,-0.2054627014587762
3.8599999999999994,-0.14028767605808445
3.8800000000000026,-0.07486367298960062
3.8999999999999986,-0.009218706056447257
3.9200000000000017,0.056619003803764834
3.9399999999999977,0.12262104147586994
3.960000000000001,0.18875881073761525
3.980000000000004,0.2550035474367851
4.0,0.32132633276931477
4.020000000000003,0.3876981066518357
4.039999999999999,0.4540896811821189
4.060000000000002,0.520471754181612
4.079999999999998,0.5868149228128412
4.100000000000001,0.6530896972660574
4.119999999999997,0.7192665145078041
4.140000000000001,0.785315752085614
4.160000000000004,0.8512077419815487
4.18,0.9169127845086034
4.200000000000003,0.9824011622429945
4.219999999999999,1.0476431539856126
4.240000000000002,1.1126090487464206
4.259999999999998,1.1772691597444749
4.280000000000001,1.241593838417574
4.300000000000004,1.3055534884341435
4.32,1.369118579701237
4.340000000000003,1.4322596623616581
4.359999999999999,1.494947380773334
4.380000000000003,1.557152487464768
4.399999999999999,1.6188458570591946
4.420000000000002,1.6799985001614393
4.439999999999998,1.7405815772001367
4.460000000000001,1.8005664122193554
4.480000000000004,1.8599245066122752
4.5,1.9186275527909191
4.520000000000003,1.976647447785079
4.539999999999999,2.0339563067637103
4.560000000000002,2.090526476472792
4.579999999999998,2.1463305485825197
4.600000000000001,2.2013413729380362
4.619999999999997,2.255532070706688
4.640000000000001,2.3088760474160477
4.660000000000004,2.361347005875823
4.68,2.4129189589778424
4.700000000000003,2.46356624236777
4.719999999999999,2.513263526982205
4.740000000000002,2.56198583144551
4.759999999999998,2.609708534319858
4.780000000000001,2.656407386203074
4.800000000000004,2.7020585216678192
4.82,2.746638471036828
4.840000000000003,2.790124171988202
4.859999999999999,2.832492980984993
4.880000000000003,2.8737226845239
4.899999999999999,2.913791510197077
4.920000000000002,2.952678137562166
4.939999999999998,2.9903617088147274
4.960000000000001,3.0268218392583575
4.980000000000004,3.0620386275668663
5.0,3.0959926658338626
5.020000000000003,3.1286650494046566
5.039999999999999,3.1600373864855476
5.060000000000002,3.190091807526005
5.079999999999998,3.218810974368848
5.100000000000001,3.246178089164183
5.119999999999997,3.2721769030423844
5.140000000000001,3.2967917245421425
5.160000000000004,3.32000742778911
5.18,3.3418094604213
5.200000000000003,3.362183851257183
5.219999999999999,3.381117217702627
5.240000000000002,3.3985967728931277
5.259999999999998,3.414610332567526
5.280000000000001,3.4291463216700095
5.300000000000004,3.442193780676853
5.32,3.4537423716448337
5.340000000000003,3.4637823839782325
5.359999999999999,3.472304739911429
5.380000000000003,3.479300999704395
5.399999999999999,3.484763366548294
5.420000000000002,3.488684691178782
5.439999999999998,3.4910584761945396
5.460000000000001,3.491878880078813
5.480000000000004,3.4911407209218366
5.5,3.4888394798422104
5.520000000000003,3.484971304105328
5.539999999999999,3.479533009937244
5.560000000000002,3.472522085032399
5.579999999999998,3.463936690753814
5.600000000000001,3.4537756640244948
5.619999999999997,3.442038518908969
5.640000000000001,3.428725447883942
5.660000000000004,3.413837322797331
5.68,3.397375695514957
5.700000000000003,3.379342798254352
5.719999999999999,3.359741543605451
5.740000000000002,3.3385755242377333
5.759999999999998,3.3158490122939797
5.780000000000001,3.291566958470469
5.800000000000004,3.265734990784099
5.82,3.2383594130265854
5.840000000000003,3.2094472029063486
5.859999999999999,3.179006009878859
5.880000000000003,3.1470441526659916
5.899999999999999,3.11357061646571
5.920000000000002,3.078595049852805
5.939999999999998,3.042127761372342
5.960000000000001,3.0041797158268166
5.980000000000004,2.964762530258968
6.0,2.9238884696316236
6.020000000000003,2.8815704422065194
6.039999999999999,2.83782199462426
6.060000000000002,2.792657306687144
6.079999999999998,2.7460911858475994
6.100000000000001,2.69813906140414
6.119999999999997,2.6488169784078757
6.140000000000001,2.598141591281784
6.160000000000004,2.546130157155998
6.18,2.492800528921739
6.200000000000003,2.4381711480070596
6.219999999999999,2.382261036877846
6.240000000000002,2.325089791266986
6.259999999999998,2.2666775721357166
6.280000000000001,2.207045097370175
6.300000000000004,2.1462136332174993
6.32,2.0842049854648237
6.340000000000003,2.0210414903653424
6.359999999999999,1.9567460053157868
6.380000000000003,1.8913418992889623
6.399999999999999,1.8248530430264016
6.420000000000002,1.7573037989948095
6.439999999999998,1.688719011111679
6.460000000000001,1.6191239942439188
6.480000000000004,1.548544523485067
6.5,1.4770068232153788
6.520000000000003,1.4045375559499753
6.539999999999999,1.3311638109804484
6.560000000000002,1.2569130928144652
6.579999999999998,1.1818133094194492
6.600000000000001,1.1058927602748883
6.619999999999997,1.0291801242395988
6.640000000000001,0.9517044472386649
6.660000000000004,0.8734951297764864
6.68,0.7945819142810684
6.700000000000003,0.7149948722855719
6.719999999999999,0.6347643914533205
6.740000000000002,0.5539211624515585
6.759999999999998,0.4724961656808093
6.780000000000001,0.3905206578651059
6.800000000000004,0.3080261585101216
6.82,0.22504443623469017
6.840000000000003,0.14160749498240177
6.859999999999999,0.05774756011980564
6.880000000000003,-0.026502935573022857
6.899999999999999,-0.11111136601216409
6.920000000000002,-0.19604492601428158
6.939999999999998,-0.2812706455882319
6.960000000000001,-0.36675540430821485
6.980000000000004,-0.45246594576090815
7.0,-0.5383688920606655
7.020000000000003,-0.6244307584257411
7.039999999999999,-0.7106179678085012
7.060000000000002,-0.7968968655736448
7.079999999999998,-0.8832337342166572
7.100000000000001,-0.9695948081166821
7.119999999999997,-1.0559462883160007
7.140000000000001,-1.1422543573202626
7.160000000000004,-1.2284851939116517
7.18,-1.3146049879688944
7.200000000000003,-1.4005799552869558
7.219999999999999,-1.4863763523892373
7.240000000000002,-1.5719604913261638
7.259999999999998,-1.6572987544523983
7.280000000000001,-1.742357609176768
7.300000000000004,-1.8271036226771304
7.32,-1.911503476574176
7.340000000000003,-1.9955239815569228
7.359999999999999,-2.079132091953026
7.380000000000003,-2.1622949202376804
7.399999999999999,-2.244979751473627
7.420000000000002,-2.3271540576764522
7.439999999999998,-2.4087855120975528
7.460000000000001,-2.4898420034191546
7.480000000000004,-2.570291649853804
7.5,-2.6501028131426194
7.520000000000003,-2.729244112445463
7.539999999999999,-2.8076844381162984
7.560000000000002,-2.885392965358104
7.579999999999998,-2.962339167750126
7.600000000000001,-3.0384928306420442
7.619999999999997,-3.1138240644080355
7.640000000000001,-3.188303317555413
7.660000000000004,-3.261901389680947
7.68,-3.3345894442695214
7.700000000000003,-3.406339021328968
7.719999999999999,-3.4771220498549056
7.740000000000002,-3.5469108601205126
7.759999999999998,-3.615678195784719
7.780000000000001,-3.683397225814032
7.800000000000004,-3.750041556211697
7.82,-3.8155852415493987
7.840000000000003,-3.880002796295903
7.859999999999999,-3.9432692059371814
7.880000000000003,-4.005359937883423
7.899999999999999,-4.066250952157287
7.920000000000002,-4.125918711859
7.939999999999998,-4.184340193402953
7.960000000000001,-4.241492896521623
7.980000000000004,-4.297354854031619
8.0,-4.35190464135783
8.020000000000003,-4.405121385811116
8.04,-4.456984775615032
8.060000000000002,-4.507475068677951
8.079999999999998,-4.55657310110592
8.100000000000001,-4.604260295452988
8.120000000000005,-4.65051866870457
8.14,-4.695330839990717
8.160000000000004,-4.738680038025514
8.18,-4.780550108269053
8.200000000000003,-4.820925519809113
8.219999999999999,-4.859791371958922
8.240000000000002,-4.897133400568433
8.259999999999998,-4.932937984045828
8.280000000000001,-4.967192149086925
8.300000000000004,-4.999883576109443
8.32,-5.031000604390048
8.340000000000003,-5.060532236901681
8.36,-5.0884681448488776
8.380000000000003,-5.114798671899319
8.399999999999999,-5.139514838109421
8.420000000000002,-5.1626083435424555
8.439999999999998,-5.184071571577379
8.46,-5.203897591907106
8.480000000000004,-5.222080163224731
8.5,-5.238613735596656
8.520000000000003,-5.2534934525215835
8.54,-5.266715152674378
8.560000000000002,-5.278275371334272
8.579999999999998,-5.288171341496655
8.600000000000001,-5.296400994668144
8.620000000000005,-5.3029629613445515
8.64,-5.307856571171729
8.660000000000004,-5.311081852789215
8.68,-5.312639533356881
8.700000000000003,-5.312531037764938
8.719999999999999,-5.3107584875276865
8.740000000000002,-5.307324699361716
8.759999999999998,-5.302233183449214
8.780000000000001,-5.295488141387407
8.800000000000004,-5.287094463825108
8.82,-5.2770577277875965
8.840000000000003,-5.265384193691213
8.86,-5.252080802049129
8.880000000000003,-5.237155169869947
8.899999999999999,-5.220615586750936
8.920000000000002,-5.2024710106677885
8.939999999999998,-5.182731063463039
8.96,-5.161406026035257
8.980000000000004,-5.138506833231505
9.0,-5.114045068445439
9.020000000000003,-5.088032957923672
9.04,-5.060483364783369
9.060000000000002,-5.031409782743644
9.079999999999998,-5.000826329574136
9.100000000000001,-4.968747740263663
9.120000000000005,-4.935189359912483
9.14,-4.900167136351373
9.160000000000004,-4.863697612491226
9.18,-4.825797918406906
9.200000000000003,-4.786485763158877
9.219999999999999,-4.745779426356997
9.240000000000002,-4.70369774947
9.259999999999998,-4.660260126885358
9.280000000000001,-4.615486496723313
9.300000000000004,-4.569397331409947
9.32,-4.522013628013448
9.340000000000003,-4.473356898348259
9.36,-4.423449158852153
9.380000000000003,-4.3723129202405335
9.399999999999999,-4.319971176943424
9.420000000000002,-4.26644739632978
9.439999999999998,-4.211765507724615
9.46,-4.155949891223767
9.480000000000004,-4.099025366312149
9.5,-4.041017180290403
9.520000000000003,-3.981950996515692
9.54,-3.921852882462447
9.560000000000002,-3.8607492976081503
9.579999999999998,-3.7986670811506884
9.600000000000001,-3.735633439562287
9.620000000000005,-3.6716759339867306
9.64,-3.606822467485232
9.660000000000004,-3.5411012721372135
9.68,-3.474540896002429
9.700000000000003,-3.407170189949931
9.719999999999999,-3.3390182943608875
9.740000000000002,-3.2701146257108493
9.759999999999998,-3.200488863038471
9.780000000000001,-3.1301709343063897
9.800000000000004,-3.0591910026614912
9.82,-2.9875794526003747
9.840000000000003,-2.915366876046826
9.86,-2.842584058348206
9.880000000000003,-2.769261964196583
9.899999999999999,-2.6954317234822076
9.920000000000002,-2.621124617085072
9.939999999999998,-2.546372062612096
9.96,-2.47120560008593
9.980000000000004,-2.395656877592782
10.0,-2.319757636895458
10.020000000000003,-2.243539699018697
10.04,-2.167034949813723
10.060000000000002,-2.0902753255082382
10.079999999999998,-2.013292798249476
10.100000000000001,-1.9361193616461836
10.120000000000005,-1.858787016317247
10.14,-1.7813277554529936
10.160000000000004,-1.7037735503962514
10.18,-1.6261563362502423
10.200000000000003,-1.5485079975192728
10.219999999999999,-1.4708603537899139
10.240000000000002,-1.393245145458416
10.259999999999998,-1.3156940195119342
10.280000000000001,-1.2382385153694013
10.300000000000004,-1.1609100507894214
10.32,-1.0837399078511325
10.340000000000003,-1.0067592190149017
10.36,-0.9299989532695453
10.380000000000003,-0.8534899023718993
10.399999999999999,-0.7772626671860303
10.420000000000002,-0.7013476441275052
10.439999999999998,-0.6257750117199663
10.46,-0.5505747172693536
10.480000000000004,-0.47577646366284576
10.5,-0.4014096962979268
10.520000000000003,-0.3275035901479647
10.54,-0.25408703697054347
10.560000000000002,-0.18118863266380325
10.579999999999998,-0.10883666477746035
10.600000000000001,-0.03705910018349212
10.620000000000005,0.0341164270870884
10.64,0.10466262783635172
10.660000000000004,0.1745525695146537
10.68,0.2437596878532906
10.700000000000003,0.312257798309845
10.719999999999999,0.38002110732015937
10.740000000000002,0.4470242233526427
10.759999999999998,0.5132421677589681
10.780000000000001,0.5786503854170535
10.800000000000004,0.6432247551606362
10.82,0.7069415999913427
10.840000000000003,0.7697776970683303
10.86,0.8317102874707036
10.880000000000003,0.8927170857288952
10.899999999999999,0.9527762891199485
10.920000000000002,1.0118665867232206
10.939999999999998,1.0699671682317204
10.96,1.1270577325157842
10.980000000000004,1.1831184959346166
11.0,1.2381302003924455
11.020000000000003,1.2920741211355224
11.04,1.3449320742862814
11.060000000000002,1.3966864241117798
11.079999999999998,1.4473200900226384
11.100000000000001,1.496816553299971
11.120000000000005,1.5451598635467942
11.14,1.592334644861526
11.160000000000004,1.6383261017307267
11.18,1.6831200246383602
11.200000000000003,1.7267027953895662
11.219999999999999,1.7690613921461713
11.240000000000002,1.8101833941723307
11.259999999999998,1.8500569862877627
11.280000000000001,1.8886709630272656
11.300000000000004,1.9260147325042931
11.32,1.9620783199774254
11.340000000000003,1.99685237111814
11.36,2.0303281549784784
11.380000000000003,2.0624975666578065
11.399999999999999,2.0933531296672716
11.420000000000002,2.1228879979915254
11.439999999999998,2.1510959578466116
11.46,2.1779714291338474
11.480000000000004,2.2035094665889594
11.5,2.2277057606264603
11.520000000000003,2.2505566378790607
11.54,2.272059061432083
11.560000000000002,2.2922106307532273
11.579999999999998,2.3110095813178324
11.600000000000001,2.3284547839302827
11.620000000000005,2.344545743742016
11.64,2.3592825989670385
11.660000000000004,2.3726661192957987
11.68,2.384697704008437
11.700000000000003,2.3953793797887237
11.719999999999999,2.4047137982398894
11.740000000000002,2.412704233104008
11.759999999999998,2.4193545771863527
11.780000000000001,2.4246693389867255
11.800000000000004,2.428653639039474
11.82,2.4313132059643676
11.840000000000003,2.432654372230508
11.86,2.4326840696355316
11.880000000000003,2.4314098245026625
11.899999999999999,2.4288397525981473
11.920000000000002,2.424982553771833
11.939999999999998,2.419847506323753
11.96,2.4134444610996892
11.980000000000004,2.405783835318884
12.0,2.3968766061371003
12.020000000000003,2.3867343039484266
12.04,2.3753690054293832
12.060000000000002,2.3627933263288385
12.079999999999998,2.349020414007608
12.100000000000001,2.3340639397314953
12.120000000000005,2.3179380907218423
12.14,2.30065756196764
12.160000000000004,2.2822375478033696
12.18,2.2626937332570374
12.200000000000003,2.242042285172622
12.219999999999999,2.220299843111712
12.240000000000002,2.197483510038721
12.259999999999998,2.173610842794684
12.280000000000001,2.1486998423642145
12.300000000000004,2.1227689439408115
12.32,2.0958370067953718
12.340000000000003,2.067923303953071
12.36,2.039047511683963
12.380000000000003,2.009229698812354
12.399999999999999,1.9784903158506586
12.420000000000002,1.9468501839628307
12.439999999999998,1.9143304837633544
12.46,1.8809527439569587
12.480000000000004,1.84673882982523
12.5,1.811710931565492
12.520000000000003,1.7758915524879781
12.54,1.7393034970773402
12.560000000000002,1.7019698589240833
12.579999999999998,1.6639140085324247
12.600000000000001,1.6251595810102095
12.620000000000005,1.585730463647402
12.64,1.5456507833891115
12.660000000000004,1.5049448942094208
12.68,1.4636373643924498
12.700000000000003,1.4217529637267465
12.719999999999999,1.3793166506196313
12.740000000000002,1.3363535591375624
12.759999999999998,1.2928889859794013
12.780000000000001,1.2489483773885013
12.800000000000004,1.2045573160106455
12.82,1.159741507703934
12.840000000000003,1.1145267683072673
12.86,1.06893901037422
12.880000000000003,1.023004229878345
12.899999999999999,0.9767484928970971
12.920000000000002,0.93019792228035
12.939999999999998,0.8833786843106117
12.96,0.8363169753610653
12.980000000000004,0.7890390085584489
13.0,0.741571000456926
13.020000000000003,0.6939391577297784
13.04,0.6461696638855066
13.060000000000002,0.5982886660145192
13.079999999999998,0.5503222615734789
13.100000000000001,0.5022964852131793
13.120000000000005,0.45423729565702375
13.14,0.406170562636075
13.160000000000004,0.3581220538872505
13.18,0.3101174222212677
13.200000000000003,0.2621821926661858
13.219999999999999,0.21434174969337194
13.240000000000002,0.1666213245316892
13.259999999999998,0.11904598257652976
13.280000000000001,0.071640610899391
13.300000000000004,0.024429905864604695
13.32,-0.022561639141138734
13.340000000000003,-0.0693097458603833
13.36,-0.11579036319138813
13.380000000000003,-0.1619796790842174
13.399999999999999,-0.20785413229994099
13.420000000000002,-0.25339042402793144
13.439999999999998,-0.2985655293549194
13.46,-0.34335670858085665
13.480000000000004,-0.3877415183755444
13.5,-0.431697822770988
13.520000000000003,-0.4752038039839972
13.54,-0.5182379730636986
13.560000000000002,-0.5607791803590065
13.579999999999998,-0.602806625800715
13.600000000000001,-0.6442998689935688
13.620000000000005,-0.6852388391130169
13.64,-0.7256038446022681
13.660000000000004,-0.7653755826647632
13.68,-0.8045351485473571
13.700000000000003,-0.843064044610141
13.719999999999999,-0.8809441891779919
13.740000000000002,-0.9181579251701781
13.759999999999998,-0.9546880285033068
13.780000000000001,-0.9905177162640841
13.800000000000004,-1.0256306546475495
13.82,-1.060010966657281
13.840000000000003,-1.0936432395637996
13.86,-1.1265125321174434
13.880000000000003,-1.158604381512641
13.899999999999999,-1.1899048100998146
13.920000000000002,-1.2204003318421992
13.939999999999998,-1.2500779585140345
13.96,-1.2789252056376865
13.980000000000004,-1.3069300981564362
14.0,-1.3340811758406006
14.020000000000003,-1.3603674984243468
14.04,-1.3857786504706455
14.060000000000002,-1.4103047459624025
14.079999999999998,-1.4339364326172674
14.100000000000001,-1.45666489592451
14.120000000000005,-1.4784818629017509
14.14,-1.4993796055700868
14.160000000000004,-1.5193509441459239
14.18,-1.5383892499480392
14.200000000000003,-1.5564884480187278
14.219999999999999,-1.5736430194576614
14.240000000000002,-1.5898480034676998
14.259999999999998,-1.60509899911154
14.280000000000001,-1.6193921667786881
14.300000000000004,-1.6327242293619957
14.32,-1.6450924731434555
14.340000000000003,-1.6564947483889223
14.36,-1.666929469651539
14.380000000000003,-1.6763956157839885
14.399999999999999,-1.6848927296595844
14.420000000000002,-1.6924209176026026
14.439999999999998,-1.6989808485281754
14.46,-1.704573752792379
14.480000000000004,-1.7092014207532196
14.5,-1.71286620104337
14.520000000000003,-1.7155709985556333
14.54,-1.7173192721423414
14.560000000000002,-1.7181150320298912
14.579999999999998,-1.7179628369498752
14.600000000000001,-1.7168677909884287
14.620000000000005,-1.7148355401553563
14.64,-1.7118722686750787
14.660000000000004,-1.7079846950011466
14.68,-1.7031800675566702
14.700000000000003,-1.6974661602027097
14.719999999999999,-1.69085126743719
14.740000000000002,-1.6833441993267129
14.759999999999998,-1.6749542761740392
14.780000000000001,-1.6656913229238857
14.800000000000004,-1.655565663310127
14.82,-1.6445881137472655
14.840000000000003,-1.6327699769694437
14.86,-1.6201230354202494
14.880000000000003,-1.606659544396718
14.899999999999999,-1.5923922249511304
14.920000000000002,-1.5773342565541189
14.939999999999998,-1.561499269523067
14.96,-1.5449013372194491
14.980000000000004,-1.527554968019325
15.0,-1.5094750970609594
15.020000000000003,-1.4906770777738076
15.04,-1.4711766731933604
15.060000000000002,-1.4509900470659938
15.079999999999998,-1.4301337547486557
15.100000000000001,-1.4086247339078226
15.120000000000005,-1.386480295022594
15.14,-1.3637181116967274
15.160000000000004,-1.3403562107844755
15.18,-1.3164129623354
15.200000000000003,-1.2919070693631016
15.219999999999999,-1.2668575574432532
15.240000000000002,-1.241283764145975
15.259999999999998,-1.2152053283082744
15.280000000000001,-1.188642179151592
15.300000000000004,-1.1616145252502879
15.32,-1.1341428433565452
15.340000000000003,-1.106247867087268
15.36,-1.0779505754789778
15.380000000000003,-1.0492721814161596
15.399999999999999,-1.0202341199392455
15.420000000000002,-0.9908580364378996
15.439999999999998,-0.9611657747357789
15.46,-0.9311793650726616
15.480000000000004,-0.9009210119901869
15.5,-0.8704130821271248
15.520000000000003,-0.8396780919304998
15.54,-0.8087386952888802
15.560000000000002,-0.7776176710937195
15.579999999999998,-0.7463379107356007
15.600000000000001,-0.7149224055411207
15.620000000000005,-0.6833942341572485
15.64,-0.6517765498892523
15.660000000000004,-0.6200925679986224
15.68,-0.5883655529676979
15.700000000000003,-0.5566188057369801
15.719999999999999,-0.5248756509220085
15.740000000000002,-0.4931594240159649
15.759999999999998,-0.4614934585846866
15.780000000000001,-0.42990107346044226
15.800000000000004,-0.39840555994101967
15.82,-0.367030169000532
15.840000000000003,-0.33579809851845077
15.86,-0.30473248053341573
15.880000000000003,-0.273856368528014
15.899999999999999,-0.24319272475137188
15.920000000000002,-0.21276440758550863
15.939999999999998,-0.18259415896226905
15.96,-0.15270459183684104
15.980000000000004,-0.12311817772459
16.0,-0.09385723430714199
16.020000000000003,-0.06494391311422265
16.04,-0.036400187287507046
16.060000000000002,-0.008247839432501403
16.08,0.01949155043512718
16.1,0.04679661684296521
16.120000000000005,0.07364622070857862
16.14,0.10001946107388715
16.160000000000004,0.125895686721041
16.18,0.15125450766385673
16.200000000000003,0.17607580650919807
16.22,0.20033974968217882
16.240000000000002,0.2240267985098756
16.259999999999998,0.2471177201575483
16.28,0.2695935984120754
16.300000000000004,0.29143584430693537
16.32,0.3126262065833656
16.340000000000003,0.3331467819824432
16.36,0.35298002536268036
16.380000000000003,0.3721087596381423
16.4,0.39051618553181644
16.42,0.40818589113947845
16.439999999999998,0.4251018612988612
16.46,0.44124848675964334
16.480000000000004,0.4566105731493014
16.5,0.47117334973035585
16.520000000000003,0.4849224779445167
16.54,0.49784405973918
16.560000000000002,0.5099246456722363
16.58,0.521151242790739
16.6,0.5315113222796163
16.620000000000005,0.5409928268762632
16.64,0.5495841780472593
16.660000000000004,0.5572742829235624
16.68,0.5640525409903927
16.700000000000003,0.5699088505284955
16.72,0.5748336148033034
16.740000000000002,0.5788177479988387
16.759999999999998,0.5818526808931488
16.78,0.5839303662723891
16.800000000000004,0.5850432840806232
16.82,0.5851844463026346
16.840000000000003,0.5843474015771635
16.86,0.5825262395380681
16.880000000000003,0.5797155948811168
16.9,0.5759106511542093
16.92,0.5711071442689241
16.939999999999998,0.5653013657315532
16.96,0.558490165591718
16.980000000000004,0.5506709551070594
17.0,0.5418417091223839
17.020000000000003,0.5320009681619409
17.04,0.521147840233646
17.060000000000002,0.5092820023440761
17.08,0.49640370172340964
17.1,0.4825137567593896
17.120000000000005,0.4676135576397944
17.14,0.45170506670278543
17.160000000000004,0.43479081849480977
17.18,0.41687391953590713
17.200000000000003,0.39795804779218336
17.22,0.3780474518557229
17.240000000000002,0.3571469498319318
17.259999999999998,0.3352619279348986
17.28,0.31239833879102996
17.300000000000004,0.28856269945186097
17.32,0.26376208911661075
17.340000000000003,0.23800414656550756
17.36,0.21129706730504866
17.380000000000003,0.18364960042617418
17.4,0.15507104517703393
17.42,0.12557124725150232
17.439999999999998,0.0951605947954269
17.46,0.06385001413206348
17.480000000000004,0.031650965208920606
17.5,-0.0014245632321423507
17.520000000000003,-0.03536405875932516
17.54,-0.07015449062731036
17.560000000000002,-0.10578231542353586
17.58,-0.1422334829813499
17.6,-0.17949344255770883
17.620000000000005,-0.2175471492721407
17.64,-0.25637907080432465
17.660000000000004,-0.29597319434701647
17.68,-0.3363130338109509
17.700000000000003,-0.3773816372786649
17.72,-0.41916159470330105
17.740000000000002,-0.4616350458492613
17.759999999999998,-0.504783688470474
17.78,-0.5485887867228723
17.800000000000004,-0.5930311798067018
17.82,-0.6380912908348242
17.840000000000003,-0.6837491359227923
17.86,-0.7299843334961338
17.880000000000003,-0.7767761138108283
17.9,-0.8241033286819575
17.92,-0.8719444614164275
17.939999999999998,-0.9202776369444127
17.96,-0.9690806321453276
17.980000000000004,-1.0183308863627858
18.0,-1.0680055121039478
18.020000000000003,-1.1180813059180081
18.04,-1.1685347594483209
18.060000000000002,-1.2193420706534224
18.08,-1.2704791551909342
18.1,-1.3219216579594388
18.120000000000005,-1.3736449647922886
18.14,-1.4256242142980315
18.160000000000004,-1.4778343098417133
18.18,-1.530249931661015
18.200000000000003,-1.5828455491118159
18.22,-1.6355954330367548
18.240000000000002,-1.6884736682513892
18.259999999999998,-1.7414541661412268
18.28,-1.7945106773642827
18.300000000000004,-1.8476168046523185
18.32,-1.9007460157050429
18.340000000000003,-1.953871656170894
18.36,-2.0069669627077946
18.380000000000003,-2.060005076118148
18.4,-2.1129590545510286
18.42,-2.1658018867657396
18.439999999999998,-2.2185065054497346
18.46,-2.271045800585017
18.480000000000004,-2.3233926328558243
18.5,-2.37551984709171
18.520000000000003,-2.427400285739107
18.54,-2.4790068023547356
18.560000000000002,-2.5303122751146834
18.58,-2.581289620331935
18.6,-2.6319118059764395
18.620000000000005,-2.682151865190475
18.64,-2.7319829097931274
18.660000000000004,-2.7813781437671685
18.68,-2.830310876721429
18.700000000000003,-2.878754537322634
18.72,-2.9266826866895
18.740000000000002,-2.9740690317430722
18.759999999999998,-3.0208874385062083
18.78,-3.0671119453462525
18.800000000000004,-3.112716776153754
18.82,-3.1576763534513037
18.840000000000003,-3.2019653114257642
18.86,-3.2455585088773407
18.880000000000003,-3.2884310420795493
18.9,-3.3305582575431276
18.92,-3.371915764678217
18.939999999999998,-3.412479448348008
18.96,-3.4522254813080746
18.980000000000004,-3.4911303365249102
19.0,-3.5291707993677335
19.020000000000003,-3.566323979667564
19.04,-3.6025673236373468
19.060000000000002,-3.637878625647534
19.08,-3.6722360398509086
19.1,-3.7056180916512593
19.120000000000005,-3.738003689009754
19.14,-3.7693721335837607
19.160000000000004,-3.799703131692383
19.18,-3.8289768051031214
19.200000000000003,-3.8571737016345766
19.22,-3.8842748055694587
19.240000000000002,-3.910261547873124
19.259999999999998,-3.935115816212141
19.28,-3.958819964768083
19.300000000000004,-3.9813568238414847
19.32,-4.0027097092411275
19.340000000000003,-4.022862431454009
19.36,-4.041799304591175
19.380000000000003,-4.059505155105091
19.4,-4.075965330273926
19.42,-4.0911657064485905
19.439999999999998,-4.105092697058183
19.46,-4.117733260369891
19.480000000000004,-4.129074906999247
19.5,-4.139105707166944
19.520000000000003,-4.147814297698517
19.54,-4.155189888763101
19.560000000000002,-4.161222270347995
19.58,-4.165901818465505
19.6,-4.169219501088873
19.620000000000005,-4.171166883814198
19.64,-4.171736135245344
19.660000000000004,-4.170920032098956
19.68,-4.168711964026932
19.700000000000003,-4.165105938153717
19.72,-4.1600965833259735
19.740000000000002,-4.153679154072341
19.759999999999998,-4.1458495342710595
19.78,-4.136604240523514
19.800000000000004,-4.125940425231692
19.82,-4.113855879377879
19.840000000000003,-4.100349035004969
19.86,-4.085418967395875
19.880000000000003,-4.0690653969507675
19.9,-4.051288690760968
19.92,-4.032089863878354
19.939999999999998,-4.011470580279564
19.96,-3.989433153524053
19.980000000000004,-3.965980547105606
20.0,-3.941116374496684
20.020000000000003,-3.9148448988853604
20.04,-3.8871710326047992
20.060000000000002,-3.8581003362550126
20.08,-3.8276390175173445
20.1,-3.795793929661661
20.120000000000005,-3.7625725697469505
20.14,-3.72798307651572
20.160000000000004,-3.69203422798293
20.18,-3.654735438720544
20.200000000000003,-3.61609675683836
20.22,-3.5761288606627
20.240000000000002,-3.5348430551138166
20.259999999999998,-3.492251267783951
20.28,-3.4483660447171447
20.300000000000004,-3.4032005458930508
20.32,-3.3567685404161973
20.340000000000003,-3.3090844014129104
20.36,-3.2601631006382394
20.380000000000003,-3.210020202794742
20.4,-3.1586718595661334
20.42,-3.1061348033678087
20.439999999999998,-3.052426340817535
20.46,-2.9975643459285854
20.480000000000004,-2.941567253028832
20.5,-2.884454049408582
20.520000000000003,-2.826244267700411
20.54,-2.766957977994738
20.560000000000002,-2.706615779694037
20.58,-2.6452387931100416
20.6,-2.58284865080694
20.620000000000005,-2.519467488695226
20.64,-2.4551179368795406
20.660000000000004,-2.389823110264936
20.68,-2.323606598925995
20.700000000000003,-2.2564924582425574
20.72,-2.1885051988073676
20.740000000000002,-2.119669776109277
20.759999999999998,-2.0500115799976246
20.78,-1.9795564239317383
20.800000000000004,-1.9083305340211973
20.82,-1.8363605378612942
20.840000000000003,-1.7636734531690776
20.86,-1.6902966762252456
20.880000000000003,-1.6162579701268251
20.9,-1.5415854528565478
20.92,-1.4663075851737677
20.939999999999998,-1.390453158333247
20.96,-1.3140512816365786
20.980000000000004,-1.237131369822857
21.0,-1.1597231303037394
21.020000000000003,-1.0818565502489657
21.04,-1.003561883528746
21.060000000000002,-0.9248696375181482
21.08,-0.8458105597705998
21.1,-0.7664156245657092
21.120000000000005,-0.6867160193385167
21.14,-0.6067431309957358
21.160000000000004,-0.5265285321256865
21.18,-0.44610396710848477
21.200000000000003,-0.36550133813230135
21.22,-0.2847526911230531
21.240000000000002,-0.20389020159311633
21.259999999999998,-0.12294616041663131
21.28,-0.04195295953701539
21.300000000000004,0.03905692238575931
21.32,0.12005093438209524
21.340000000000003,0.2009964676270295
21.36,0.28186086993462434
21.380000000000003,0.36261146028663616
21.4,0.4432155433876952
21.42,0.5236404242411052
21.439999999999998,0.6038534227376156
21.46,0.6838218882512321
21.480000000000004,0.7635132142342878
21.5,0.8428948528058258
21.520000000000003,0.9219343293260418
21.54,1.0005992569497622
21.560000000000002,1.0788573511528456
21.58,1.1566764442237658
21.6,1.234024499714621
21.620000000000005,1.3108696268438176
21.64,1.3871800948444113
21.660000000000004,1.4629243472511524
21.68,1.5380710161191407
21.700000000000003,1.6125889361682513
21.72,1.686447158845763
21.740000000000002,1.7596149663014429
21.759999999999998,1.8320618852677333
21.78,1.9037577008393431
21.800000000000004,1.9746724701448906
21.82,2.0447765359049606
21.840000000000003,2.1140405398698014
21.86,2.1824354361302056
21.880000000000003,2.2499325042958684
21.9,2.3165033625342755
21.92,2.3821199804647675
21.940000000000005,2.446754691901003
21.96,2.5103802074363397
21.980000000000004,2.572969626865992
22.0,2.634496451440021
22.020000000000003,2.6949345959416293
22.04,2.754258400584768
22.060000000000002,2.8124426427258427
22.08,2.8694625483834533
22.1,2.9252938035613876
22.120000000000005,2.9799125653688256
22.14,3.033295472933099
22.160000000000004,3.0854196580995743
22.18,3.1362627559134824
22.200000000000003,3.185802914879157
22.22,3.2340188069912656
22.240000000000002,3.280889637533925
22.259999999999998,3.326395154642424
22.28,3.370515658623641
22.300000000000004,3.413232011030181
22.32,3.454525643484393
22.340000000000003,3.494378566247843
22.36,3.5327733765321403
22.380000000000003,3.5696932665474606
22.4,3.6051220312845405
22.42,3.6390440760269
22.440000000000005,3.6714444235892643
22.46,3.7023087212791506
22.480000000000004,3.731623247578091
22.5,3.7593749185392817
22.520000000000003,3.7855512938988443
22.54,3.8101405828974553
22.560000000000002,3.8331316498099235
22.58,3.8545140191797613
22.6,3.874277880756508
22.620000000000005,3.8924140941332217
22.64,3.9089141930821105
22.660000000000004,3.923770389586122
22.68,3.9369755775645086
22.700000000000003,3.9485233362907626
22.72,3.95840793350103
22.740000000000002,3.9666243281917204
22.759999999999998,3.9731681731047934
22.78,3.978035816899628
22.800000000000004,3.981224306010319
22.82,3.982731386187565
22.840000000000003,3.9825555037243374
22.86,3.9806958063647007
22.880000000000003,3.977152143895359
22.9,3.9719250684195737
22.92,3.9650158343132977
22.940000000000005,3.956426397863496
22.96,3.9461594165887814
22.980000000000004,3.9342182482426376
23.0,3.9206069494996942
23.020000000000003,3.9053302743255425
23.04,3.888393672030948
23.060000000000002,3.8698032850111517
23.08,3.8495659461715075
23.1,3.827689176040366
23.120000000000005,3.8041811795707767
23.14,3.779050842632272
23.160000000000004,3.7523077281943933
23.18,3.7239620722038285
23.200000000000003,3.6940247791568432
23.22,3.662507417369269
23.240000000000002,3.6294222139459897
23.259999999999998,3.5947820494525495
23.28,3.5586004522909658
23.300000000000004,3.5208915927827724
23.32,3.481670276961657
23.340000000000003,3.440951940078744
23.36,3.3987526398236367
23.380000000000003,3.355089049264044
23.4,3.30997844950768
23.42,3.263438722089394
23.440000000000005,3.215488341087529
23.46,3.166146364972772
23.480000000000004,3.11543242819347
23.5,3.06336673250142
23.520000000000003,3.0099700380218772
23.54,2.9552636540722883
23.560000000000002,2.8992694297336445
23.58,2.8420097441792596
23.6,2.783507496764971
23.620000000000005,2.723786096885965
23.64,2.6628694536043964
23.660000000000004,2.600781965052925
23.68,2.5375485076192055
23.700000000000003,2.4731944249159095
23.72,2.4077455165420933
23.740000000000002,2.3412280266403744
23.759999999999998,2.273668632256019
23.78,2.2050944315026504
23.800000000000004,2.13553293154071
23.82,2.0650120363737843
23.840000000000003,1.9935600344687203
23.86,1.9212055862054458
23.880000000000003,1.84797771116182
23.9,1.7739057752401597
23.92,1.6990194776406198
23.940000000000005,1.6233488376883962
23.96,1.546924181520061
23.980000000000004,1.4697761286356508
24.0,1.3919355783229421
24.019999999999996,1.313433695959594
24.040000000000006,1.2343018992003136
24.060000000000002,1.1545718440550667
24.08,1.0742754108644892
24.099999999999994,0.9934446901798353
24.120000000000005,0.9121119685532983
24.14,0.8303097142460052
24.159999999999997,0.7480705628592532
24.180000000000007,0.6654273028969877
24.200000000000003,0.5824128612655777
24.22,0.4990602887171236
24.239999999999995,0.4154027452442106
24.260000000000005,0.33147348543197896
24.28,0.24730584377497555
24.299999999999997,0.16293321996465604
24.320000000000007,0.07838906415561464
24.340000000000003,-0.006293137783331737
24.36,-0.09107987902670311
24.379999999999995,-0.17593764655068966
24.400000000000006,-0.2608329358862993
24.42,-0.3457322658598718
24.439999999999998,-0.4306021933148396
24.460000000000008,-0.5154093278071001
24.480000000000004,-0.6001203462673308
24.5,-0.6847020076243853
24.519999999999996,-0.769121167381527
24.540000000000006,-0.8533447921399242
24.560000000000002,-0.9373399740618349
24.58,-1.0210739452678448
24.599999999999994,-1.1045140921601053
24.620000000000005,-1.1876279696661753
24.64,-1.2703833153959936
24.659999999999997,-1.3527480637063043
24.680000000000007,-1.434690359665205
24.700000000000003,-1.5161785729105506
24.72,-1.597181311396577
24.739999999999995,-1.6776674350212168
24.760000000000005,-1.7576060691288244
24.78,-1.83696661788112
24.799999999999997,-1.9157187774916156
24.820000000000007,-1.9938325493157305
24.840000000000003,-2.0712782527916724
24.86,-2.1480265382261376
24.879999999999995,-2.2240483994183333
24.900000000000006,-2.2993151861169645
24.92,-2.373798616304278
24.939999999999998,-2.447470788301981
24.960000000000008,-2.5203041926927696
24.980000000000004,-2.5922717240522775
25.0,-2.6633466924867575
25.019999999999996,-2.7335028349699693
25.040000000000006,-2.8027143264752192
25.060000000000002,-2.870955790896618
25.08,-2.938202311755555
25.099999999999994,-3.004429442686395
25.120000000000005,-3.0696132176975177
25.14,-3.1337301612023882
25.159999999999997,-3.1967572978169656
25.180000000000007,-3.258672161917965
25.200000000000003,-3.3194528069582825
25.22,-3.379077814535586
25.239999999999995,-3.437526303209272
25.260000000000005,-3.494777937062435
25.28,-3.550812934004644
25.299999999999997,-3.605612073812223
25.320000000000007,-3.659156705901978
25.340000000000003,-3.7114287568349473
25.36,-3.76241073754751
25.379999999999995,-3.812085750305619
25.400000000000006,-3.8604374953799585
25.42,-3.9074502774384134
25.439999999999998,-3.953109011653843
25.460000000000008,-3.997399229523576
25.480000000000004,-4.040307084398694
25.5,-4.08181935672074
25.519999999999996,-4.121923458963207
25.540000000000006,-4.160607440276015
25.560000000000002,-4.1978599908308345
25.58,-4.2336704458657035
25.599999999999994,-4.268028789426856
25.620000000000005,-4.300925657806589
25.64,-4.332352342675438
25.659999999999997,-4.362300793907871
25.680000000000007,-4.390763622099917
25.700000000000003,-4.417734100778017
25.72,-4.443206168298404
25.739999999999995,-4.467174429436082
25.760000000000005,-4.489634156663075
25.78,-4.510581291115509
25.799999999999997,-4.530012443249433
25.820000000000007,-4.547924893185149
25.840000000000003,-4.564316590740148
25.86,-4.579186155151118
25.879999999999995,-4.592532874485039
25.900000000000006,-4.6043567047402165
25.92,-4.614658268637636
25.939999999999998,-4.623438854103817
25.960000000000008,-4.630700412445709
25.980000000000004,-4.636445556219094
26.0,-4.640677556791567
26.019999999999996,-4.64340034160156
26.040000000000006,-4.644618491114924
26.060000000000002,-4.644337235480795
26.08,-4.642562450888543
26.099999999999994,-4.639300655627828
26.120000000000005,-4.634559005853768
26.14,-4.628345291059636
26.159999999999997,-4.620667929259319
26.180000000000007,-4.611535961882164
26.200000000000003,-4.600959048382855
26.22,-4.588947460569104
26.239999999999995,-4.575512076650081
26.260000000000005,-4.56066437500868
26.28,-4.54441642770086
26.299999999999997,-4.526780893685155
26.320000000000007,-4.507771011786159
26.340000000000003,-4.487400593395286
26.36,-4.465684014912537
26.379999999999995,-4.442636209933268
26.400000000000006,-4.4182726611836305
26.42,-4.392609392209093
26.439999999999998,-4.36566295881975
26.460000000000008,-4.337450440297181
26.480000000000004,-4.307989430367001
26.5,-4.277298027941539
26.519999999999996,-4.2453948276374955
26.540000000000006,-4.212298910073174
26.560000000000002,-4.1780298319501
26.58,-4.1426076159239065
26.599999999999994,-4.1060527402696305
26.620000000000005,-4.068386128346493
26.64,-4.029629137867396
26.659999999999997,-3.9898035499782054
26.680000000000007,-3.9489315581526054
26.700000000000003,-3.9070357569078196
26.72,-3.8641391303464534
26.739999999999995,-3.82026504053072
26.760000000000005,-3.77543721569418
26.78,-3.7296797382972304
26.799999999999997,-3.6830170329317045
26.820000000000007,-3.635473854081022
26.840000000000003,-3.5870752737417817
26.86,-3.537846668912325
26.879999999999995,-3.4878137089552137
26.900000000000006,-3.437002342839136
26.92,-3.3854387862669664
26.939999999999998,-3.3331495086956155
26.960000000000008,-3.2801612202547923
26.980000000000004,-3.2265008585705637
27.0,-3.1721955754999738
27.019999999999996,-3.1172727237837403
27.040000000000006,-3.0617598436229643
27.060000000000002,-3.0056846491869127
27.08,-2.9490750150576757
27.099999999999994,-2.891958962619124
27.120000000000005,-2.834364646396107
27.14,-2.776320340351132
27.159999999999997,-2.71785442414419
27.180000000000007,-2.658995369363576
27.200000000000003,-2.599771725733612
27.22,-2.540212107305846
27.239999999999995,-2.4803451786409787
27.260000000000005,-2.420199640987727
27.28,-2.359804218465587
27.299999999999997,-2.2991876442576573
27.320000000000007,-2.238378646820872
27.340000000000003,-2.1774059361199565
27.36,-2.1162981898913094
27.379999999999995,-2.0550840399443118
27.400000000000006,-1.9937920585058377
27.42,-1.9324507446151384
27.439999999999998,-1.8710885105749302
27.460000000000008,-1.809733668465932
27.480000000000004,-1.7484144167310722
27.5,-1.6871588268352558
27.519999999999996,-1.6259948300079727
27.540000000000006,-1.5649502040744188
27.560000000000002,-1.5040525603818808
27.58,-1.4433293308269917
27.599999999999994,-1.3828077549909268
27.620000000000005,-1.322514867387927
27.64,-1.2624774848337652
27.659999999999997,-1.2027221939395618
27.680000000000007,-1.1432753387375731
27.700000000000003,-1.0841630084446092
27.72,-1.0254110253683948
27.739999999999995,-0.9670449329634789
27.760000000000005,-0.909089984041668
27.78,-0.8515711291430594
27.799999999999997,-0.7945130050725477
27.820000000000007,-0.7379399236080103
27.840000000000003,-0.6818758603850723
27.86,-0.6263444439634345
27.879999999999995,-0.5713689450806098
27.900000000000006,-0.5169722660974749
27.92,-0.4631769306411939
27.939999999999998,-0.41000507344961923
27.960000000000008,-0.3574784304227355
27.980000000000004,-0.3056183288854309
28.0,-0.2544456780658975
28.019999999999996,-0.2039809597946492
28.040000000000006,-0.15424421942813998
28.060000000000002,-0.10525505700137738
28.08,-0.057032618613318875
28.099999999999994,-0.00959558804953664
28.120000000000005,0.037037821354303335
28.14,0.08284987460423243
28.159999999999997,0.12782332269169827
28.180000000000007,0.17194140998526186
28.200000000000003,0.21518788136703199
28.22,0.25754698911100443
28.239999999999995,0.29900349949939037
28.260000000000005,0.33954269917464
28.28,0.3791504012237311
28.299999999999997,0.41781295099260246
28.320000000000007,0.4555172316274466
28.340000000000003,0.4922506693407638
28.36,0.5280012383999776
28.379999999999995,0.5627574658360113
28.400000000000006,0.5965084358700518
28.42,0.6292437940564275
28.439999999999998,0.6609537511400536
28.460000000000008,0.6916290866264777
28.480000000000004,0.7212611520631218
28.5,0.7498418740306975
28.519999999999996,0.7773637568429896
28.540000000000006,0.8038198849544663
28.560000000000002,0.8292039250743487
28.58,0.8535101279868669
28.60000000000001,0.8767333300764895
28.620000000000005,0.8988689545580079
28.64,0.9199130124110932
28.659999999999997,0.9398621030189566
28.680000000000007,0.9587134145111602
28.700000000000003,0.976464723810651
28.72,0.9931143963852913
28.739999999999995,1.008661385704163
28.760000000000005,1.0231052323991978
28.78,1.0364460631328372
28.799999999999997,1.0486845891725363
28.820000000000007,1.0598221046729646
28.840000000000003,1.0698604846670852
28.86,1.0788021827673728
28.879999999999995,1.0866502285783968
28.900000000000006,1.0934082248224941
28.92,1.0990803441800245
28.939999999999998,1.1036713258460966
28.960000000000008,1.1071864718056688
28.980000000000004,1.1096316428291075
29.0,1.1110132541903814
29.019999999999996,1.111338271110323
29.040000000000006,1.110614203927364
29.060000000000002,1.108849102998317
29.08,1.1060515533321098
29.10000000000001,1.1022306689591583
29.120000000000005,1.097396087039535
29.14,1.0915579617129247
29.159999999999997,1.0847269576937961
29.180000000000007,1.0769142436149317
29.200000000000003,1.0681314851231647
29.22,1.0583908377304856
29.239999999999995,1.0477049394247389
29.260000000000005,1.0360869030434372
29.28,1.0235503084147883
29.299999999999997,1.010109194270043
29.320000000000007,0.9957780499312703
29.340000000000003,0.9805718067790468
29.36,0.9645058295042052
29.379999999999995,0.9475959071483963
29.400000000000006,0.9298582439380849
29.42,0.9113094499164025
29.439999999999998,0.8919665313781537
29.460000000000008,0.8718468811123503
29.480000000000004,0.8509682684578497
29.5,0.829348829176694
29.519999999999996,0.8070070551506323
29.540000000000006,0.7839617839059643
29.560000000000002,0.7602321879723111
29.58,0.7358377640801419
29.60000000000001,0.7107983222034473
29.620000000000005,0.6851339744522953
29.64,0.6588651238215579
29.659999999999997,0.6320124528010773
29.680000000000007,0.6045969118534442
29.700000000000003,0.5766397077650731
29.72,0.5481622918762727
29.739999999999995,0.519186348196828
29.760000000000005,0.4897337814124947
29.78,0.4598267047891811
29.799999999999997,0.4294874279801135
29.820000000000007,0.3987384447429285
29.840000000000003,0.3676024205726942
29.86,0.3361021802565993
29.879999999999995,0.3042606953574474
29.900000000000006,0.27210107163177444
29.92,0.23964653638893196
29.939999999999998,0.20692042579776704
29.960000000000008,0.1739461721470481
29.980000000000004,0.1407472910665506
30.0,0.10734736871440287
30.019999999999996,0.07377004893806882
30.040000000000006,0.04003902041495255
30.060000000000002,0.006178003779129249
30.08,-0.027789261259201226
30.10000000000001,-0.061839028795087625
30.120000000000005,-0.09594755960441015
30.14,-0.13009113400747374
30.159999999999997,-0.16424606471390835
30.180000000000007,-0.19838870964229427
30.200000000000003,-0.2324954847084597
30.22,-0.26654287657566744
30.239999999999995,-0.3005074553602993
30.260000000000005,-0.33436588728691774
30.28,-0.36809494728585657
30.299999999999997,-0.4016715315276542
30.320000000000007,-0.43507266988740545
30.340000000000003,-0.4682755383329189
30.36,-0.501257471230995
30.379999999999995,-0.5339959735646351
30.400000000000006,-0.5664687330560909
30.42,-0.5986536321886624
30.439999999999998,-0.6305287601222456
30.460000000000008,-0.6620724244956677
30.480000000000004,-0.6932631631103785
30.5,-0.7240797554897829
30.519999999999996,-0.7545012343079245
30.540000000000006,-0.7845068966820499
30.560000000000002,-0.8140763153234669
30.58,-0.8431893495408489
30.60000000000001,-0.8718261560907337
30.620000000000005,-0.8999671998692875
30.64,-0.9275932644407328
30.659999999999997,-0.9546854623963026
30.680000000000007,-0.981225245539052
30.700000000000003,-1.0071944148892578
30.72,-1.0325751305053648
30.739999999999995,-1.0573499211155313
30.760000000000005,-1.0815016935549568
30.78,-1.1050137420040924
30.799999999999997,-1.127869757023531
30.820000000000007,-1.1500538343803428
30.840000000000003,-1.1715504836620574
30.86,-1.1923446366735773
30.879999999999995,-1.2124216556128653
30.900000000000006,-1.23176734102144
30.92,-1.250367939505343
30.939999999999998,-1.2682101512231538
30.960000000000008,-1.2852811371368231
30.980000000000004,-1.301568526021811
31.0,-1.3170604212333057
31.019999999999996,-1.3317454072244765
31.040000000000006,-1.3456125558141108
31.060000000000002,-1.3586514321999323
31.08,-1.370852100715032
31.10000000000001,-1.3822051303240737
31.120000000000005,-1.3927015998566867
31.14,-1.4023331029755353
31.159999999999997,-1.4110917528761382
31.180000000000007,-1.4189701867164928
31.200000000000003,-1.42596156977388
31.22,-1.432059599327002
31.239999999999995,-1.4372585082612606
31.260000000000005,-1.4415530683954945
31.28,-1.4449385935282892
31.299999999999997,-1.4474109422024979
31.320000000000007,-1.4489665201863295
31.340000000000003,-1.449602282669903
31.36,-1.4493157361759357
31.379999999999995,-1.4481049401837462
31.400000000000006,-1.4459685084655467
31.42,-1.4429056101344058
31.439999999999998,-1.4389159704032481
31.460000000000008,-1.4339998710544775
31.480000000000004,-1.4281581506199519
31.5,-1.421392204271105
31.519999999999996,-1.413703983419265
31.540000000000006,-1.4050959950262953
31.560000000000002,-1.395571300625842
31.58,-1.385133515055569
31.60000000000001,-1.3737868049010449
31.620000000000005,-1.361535886651971
31.64,-1.3483860245714667
31.659999999999997,-1.3343430282796644
31.680000000000007,-1.3194132500525306
31.700000000000003,-1.3036035818373826
31.72,-1.2869214519862897
31.739999999999995,-1.2693748217092033
31.760000000000005,-1.2509721812483265
31.78,-1.2317225457756353
31.799999999999997,-1.2116354510154967
31.820000000000007,-1.1907209485945351
31.840000000000003,-1.1689896011210625
31.86,-1.146452476996279
31.879999999999995,-1.1231211449599297
31.900000000000006,-1.0990076683730305
31.92,-1.0741245992405104
31.939999999999998,-1.0484849719763742
31.960000000000008,-1.022102296914952
31.980000000000004,-0.9949905535709807
32.0,-0.9671641836519309
32.019999999999996,-0.9386380838260768
32.040000000000006,-0.9094275982497688
32.06,-0.8795485108577195
32.08,-0.8490170374196646
32.10000000000001,-0.8178498173679247
32.120000000000005,-0.7860639053993643
32.14,-0.7536767628560792
32.16,-0.7207062488890159
32.18000000000001,-0.6871706114089058
32.2,-0.6530884778290362
32.22,-0.618478845603986
32.239999999999995,-0.5833610725696516
32.260000000000005,-0.5477548670888521
32.28,-0.5116802780074452
32.3,-0.4751576844260028
32.32000000000001,-0.4382077852919597
32.34,-0.40085158881772953
32.36,-0.36311040172924747
32.379999999999995,-0.3250058183511717
32.400000000000006,-0.2865597095334804
32.42,-0.2477942114252234
32.44,-0.2087317141007925
32.46000000000001,-0.16939485004451127
32.480000000000004,-0.1298064824992542
32.5,-0.08998969368461163
32.519999999999996,-0.049967772890619155
32.540000000000006,-0.009764204453091008
32.56,0.030597344383864744
32.58,0.07109303571189063
32.60000000000001,0.1116988733028319
32.620000000000005,0.15239071504770285
32.64,0.19314428548390516
32.66,0.2339351884044496
32.68000000000001,0.2747389195429535
32.7,0.31553087932792057
32.72,0.35628638570063353
32.739999999999995,0.39698068698921896
32.760000000000005,0.43758897483361725
32.78,0.47808639715394374
32.8,0.5184480711569615
32.82000000000001,0.558649096373073
32.84,0.5986645677179192
32.86,0.6384695885723053
32.879999999999995,0.6780392838732894
32.900000000000006,0.7173488132103318
32.92,0.7563733839199882
32.94,0.7950882641724046
32.96000000000001,0.8334687960433524
32.980000000000004,0.8714904085647399
33.0,0.9091286307480195
33.019999999999996,0.9463591045729065
33.040000000000006,0.9831575979356622
33.06,1.0195000175501625
33.08,1.0553624217953992
33.10000000000001,1.0907210335029225
33.120000000000005,1.1255522526776907
33.14,1.1598326691462373
33.16,1.1935390751256707
33.18000000000001,1.2266484777069597
33.2,1.2591381112466442
33.22,1.2909854496605617
33.239999999999995,1.3221682186131418
33.260000000000005,1.352664407596741
33.28,1.382452281894127
33.3,1.4115103944190055
33.32000000000001,1.4398175974277547
33.34,1.467353054096884
33.36,1.4940962499605528
33.379999999999995,1.5200270042017936
33.400000000000006,1.5451254807922932
33.42,1.5693721994746188
33.44,1.592748046581788
33.46000000000001,1.6152342856882627
33.480000000000004,1.6368125680870367
33.5,1.6574649430879278
33.519999999999996,1.6771738681310175
33.540000000000006,1.6959222187109346
33.56,1.7136932981061856
33.58,1.7304708469090861
33.60000000000001,1.7462390523511435
33.620000000000005,1.760982557419068
33.64,1.7746864697569893
33.66,1.7873363703500127
33.68000000000001,1.7989183219846907
33.7,1.8094188774823072
33.72,1.8188250877002323
33.739999999999995,1.8271245092977266
33.760000000000005,1.8343052122616592
33.78,1.8403557871885727
33.8,1.8452653523191547
33.82000000000001,1.8490235603213703
33.84,1.8516206048188035
33.86,1.8530472266607068
33.879999999999995,1.8532947199303333
33.900000000000006,1.8523549376886477
33.92,1.85022029744994
33.94,1.8468837863868193
33.96000000000001,1.8423389662613991
33.980000000000004,1.836579978080329
34.0,1.8296015464708475
34.019999999999996,1.8213989837756561
34.040000000000006,1.8119681938642398
34.06,1.8013056756584815
34.08,1.789408526370618
34.10000000000001,1.776274444451702
34.120000000000005,1.7619017322487447
34.14,1.7462892983690759
34.16,1.729436659750361
34.18000000000001,1.711343943435158
34.2,1.6920118880486803
34.22,1.67144184497879
34.239999999999995,1.6496357792575023
34.260000000000005,1.6265962701430554
34.28,1.6023265114022345
34.3,1.576830311292203
34.32000000000001,1.550112092241842
34.34,1.522176890232368
34.36,1.4930303538770844
34.379999999999995,1.4626787432006623
34.400000000000006,1.4311289281181108
34.42,1.3983883866139633
34.44,1.3644652026220518
34.46000000000001,1.329368063606928
34.480000000000004,1.2931062578477202
34.5,1.2556896714251087
34.519999999999996,1.217128784913188
34.540000000000006,1.177434669776984
34.56,1.136618984477606
34.58,1.0946939702859104
34.60000000000001,1.0516724468072611
34.620000000000005,1.007567807218781
34.64,0.9623940132209738
34.66,0.9161655897064032
34.68000000000001,0.8688976191472693
34.7,0.8206057357046885
34.72,0.7713061190617359
34.739999999999995,0.7210154879835813
34.760000000000005,0.6697510936071815
34.78,0.6175307124636258
34.8,0.5643726392360773
34.82000000000001,0.5102956792567812
34.84,0.4553191407466057
34.86,0.39946282679998435
34.879999999999995,0.3427470271196743
34.900000000000006,0.2851925095045399
34.92,0.2268205110945667
34.94,0.16765272937651843
34.96000000000001,0.10771131295519476
34.980000000000004,0.04701885209382883
35.0,-0.014401630971926593
35.019999999999996,-0.07652669194175643
35.040000000000006,-0.13933247457579778
35.06,-0.2027947210322485
35.08,-0.2668887824133591
35.10000000000001,-0.3315896295139502
35.120000000000005,-0.39687186376813377
35.14,-0.46270972838928537
35.16,-0.5290771196975536
35.18000000000001,-0.5959475986301277
35.2,-0.6632944024284534
35.22,-0.73109045649783
35.239999999999995,-0.7993083864326893
35.260000000000005,-0.8679205302028392
35.28,-0.9368989504945859
35.3,-1.0062154472012579
35.32000000000001,-1.0758415700570212
35.34,-1.1457486314078638
35.36,-1.2159077191147536
35.379999999999995,-1.2862897095816246
35.400000000000006,-1.3568652809029822
35.42,-1.427604926124535
35.44,-1.4984789666110232
35.46000000000001,-1.5694575655144813
35.480000000000004,-1.6405107413366968
35.5,-1.7116083815799663
35.519999999999996,-1.7827202564791162
35.540000000000006,-1.8538160328084918
35.56,-1.9248652877575165
35.58,-1.9958375228684297
35.60000000000001,-2.0667021780290318
35.620000000000005,-2.137428645514325
35.64,-2.2079862840704543
35.66,-2.278344433033874
35.68000000000001,-2.348472426479409
35.7,-2.4183396073900525
35.72,-2.487915341842807
35.739999999999995,-2.5571690332023325
35.760000000000005,-2.626070136317109
35.78,-2.6945881717100804
35.8,-2.7626927397584993
35.82000000000001,-2.8303535348547473
35.84,-2.8975403595421145
35.86,-2.9642231386193103
35.879999999999995,-3.030371933205729
35.900000000000006,-3.095956954762001
35.92,-3.160948579058181
35.94,-3.2253173600837526
35.96000000000001,-3.289034043892225
35.980000000000004,-3.352069582373577
36.0,-3.414395146948964
36.019999999999996,-3.4759821421798027
36.040000000000006,-3.536802219285659
36.06,-3.596827289564094
36.08,-3.6560295377062597
36.10000000000001,-3.714381435001658
36.120000000000005,-3.771855752425518
36.14,-3.8284255736034147
36.16,-3.8840643076457115
36.18000000000001,-3.9387457018464778
36.2,-3.9924438542404803
36.22,-4.045133226012432
36.239999999999995,-4.096788653752048
36.260000000000005,-4.147385361549669
36.28,-4.196898972925816
36.3,-4.245305522589982
36.32000000000001,-4.292581468021881
36.34,-4.338703700870115
36.36,-4.3836495581631
36.379999999999995,-4.42739683332589
36.400000000000006,-4.469923786998544
36.42,-4.511209157649906
36.44,-4.551232171982635
36.46000000000001,-4.589972555123478
36.480000000000004,-4.627410540594257
36.5,-4.663526880059107
36.519999999999996,-4.69830285284237
36.540000000000006,-4.731720275213278
36.56,-4.763761509432381
36.58,-4.794409472555671
36.60000000000001,-4.823647644991889
36.620000000000005,-4.851460078808684
36.64,-4.877831405784077
36.66,-4.90274684519863
36.68000000000001,-4.926192211364888
36.7,-4.948153920890317
36.72,-4.968618999670093
36.739999999999995,-4.9875750896063
36.760000000000005,-5.005010455050239
36.78,-5.020913988964497
36.8,-5.035275218802089
36.82000000000001,-5.048084312099172
36.84,-5.059332081779066
36.86,-5.069009991164529
36.879999999999995,-5.077110158696027
36.900000000000006,-5.0836253623533585
36.92,-5.088549043778609
36.94,-5.091875312098173
36.96000000000001,-5.09359894744195
36.980000000000004,-5.093715404157793
37.0,-5.092220813719687
37.019999999999996,-5.089111987327906
37.040000000000006,-5.084386418199969
37.06,-5.078042283550944
37.08,-5.070078446262176
37.10000000000001,-5.0604944562373015
37.120000000000005,-5.04929055144496
37.14,-5.036467658647266
37.16,-5.022027393813825
37.18000000000001,-5.00597206222063
37.2,-4.988304658233967
37.22,-4.969028864778824
37.239999999999995,-4.948149052492332
37.260000000000005,-4.925670278562158
37.28,-4.901598285250405
37.3,-4.8759394981033415
37.32000000000001,-4.848701023847909
37.34,-4.81989064797568
37.36,-4.7895168320151225
37.379999999999995,-4.757588710493555
37.400000000000006,-4.724116087589802
37.42,-4.689109433479279
37.44,-4.652579880372548
37.46000000000001,-4.61453921824964
37.480000000000004,-4.5749998902916325
37.5,-4.533974988011454
37.519999999999996,-4.491478246086235
37.540000000000006,-4.447524036893375
37.56,-4.40212736475287
37.58,-4.3553038598780045
37.60000000000001,-4.307069772037736
37.620000000000005,-4.257441963933328
37.64,-4.206437904291791
37.66,-4.15407566068003
37.68000000000001,-4.1003738920421275
37.7,-4.045351840963953
37.72,-3.9890293256674743
37.739999999999995,-3.9314267317396414
37.760000000000005,-3.8725650035986567
37.78,-3.8124656357020488
37.8,-3.751150663499988
37.82000000000001,-3.6886426541385764
37.84,-3.6249646969171483
37.86,-3.5601403935033584
37.879999999999995,-3.4941938479114514
37.900000000000006,-3.4271496562476864
37.92,-3.3590328962277862
37.94,-3.2898691164709244
37.96000000000001,-3.219684325575711
37.980000000000004,-3.1485049809828345
38.0,-3.076357977629148
38.019999999999996,-3.003270636399119
38.040000000000006,-2.9292706923783225
38.06,-2.8543862829150206
38.08,-2.7786459354941297
38.10000000000001,-2.702078555430738
38.120000000000005,-2.624713413387651
38.14,-2.5465801327229975
38.16,-2.4677086766739347
38.18000000000001,-2.388129335382215
38.2,-2.307872712767792
38.22,-2.226969713255717
38.239999999999995,-2.145451528363745
38.260000000000005,-2.0633496231556667
38.28,-1.9806957225674668
38.3,-1.8975217976118186
38.32000000000001,-1.813860051467896
38.34,-1.729742905463125
38.36,-1.6452029849520662
38.379999999999995,-1.5602731051006888
38.400000000000006,-1.4749862565813507
38.42,-1.3893755911856656
38.44,-1.3034744073614797
38.46000000000001,-1.217316135681118
38.480000000000004,-1.1309343242476664
38.5,-1.0443626240450399
38.519999999999996,-0.9576347742400737
38.540000000000006,-0.8707845874423699
38.56,-0.7838459349292566
38.58,-0.6968527318420987
38.60000000000001,-0.6098389223617033
38.620000000000005,-0.5228384648689905
38.64,-0.4358853170978243
38.66,-0.3490134212872209
38.68000000000001,-0.2622566893395972
38.7,-0.17564898799219542
38.72,-0.08922412400760926
38.739999999999995,-0.0030158293917734724
38.760000000000005,0.0829422533551396
38.78,0.16861658594693862
38.8,0.25397374897327474
38.82000000000001,0.3389804565069885
38.84,0.4236035706506729
38.86,0.5078101160166775
38.879999999999995,0.5915672941320236
38.900000000000006,0.6748424977633141
38.92,0.7576033251536123
38.94,0.8398175941660333
38.96000000000001,0.9214533563263914
38.980000000000004,1.0024789107586785
39.0,1.0828628180077782
39.019999999999996,1.1625739137417088
39.040000000000006,1.2415813223279337
39.06,1.3198544702771984
39.08,1.3973630995488924
39.10000000000001,1.4740772807115223
39.120000000000005,1.54996742595195
39.14,1.6250043019285934
39.16,1.6991590424610374
39.18000000000001,1.772403161051415
39.2,1.8447085632311144
39.22,1.9160475587277523
39.239999999999995,1.9863928734460468
39.260000000000005,2.055717661257712
39.28,2.1239955155943
39.3,2.1912004808387593
39.32000000000001,2.257307063509084
39.34,2.3222902432297183
39.36,2.386125483485987
39.379999999999995,2.4487887421556036
39.400000000000006,2.5102564818133963
39.42,2.5705056798037496
39.44,2.6295138380770435
39.46000000000001,2.6872589927846326
39.480000000000004,2.7437197236283977
39.5,2.7988751629610853
39.519999999999996,2.852705004632218
39.540000000000006,2.9051895125765554
39.56,2.95630952914045
39.58,3.00604648314293
39.60000000000001,3.0543823976673843
39.620000000000005,3.1012998975802955
39.64,3.1467822167742168
39.66,3.190813205130909
39.68000000000001,3.233377335202045
39.7,3.274459708604192
39.72,3.314046062125487
39.739999999999995,3.3521227735409003
39.760000000000005,3.3886768671337975
39.78,3.4236960189209777
39.8,3.4571685615795014
39.82000000000001,3.4890834890723115
39.84,3.5194304609712015
39.86,3.5481998064750866
39.879999999999995,3.575382528121711
39.900000000000006,3.6009703051912565
39.92,3.6249554968003728
39.94,3.6473311446854706
39.96000000000001,3.6680909756738296
39.980000000000004,3.687229403841599
40.0,3.7047415323580855
