model,n,fixed_mass,budget_trace,domination_holds,violation
fixed_ledger_squeeze,1,0.0,1.0,True,0.0
fixed_ledger_squeeze,2,0.0,0.5,True,0.0
fixed_ledger_squeeze,3,0.0,0.3333333333333333,True,0.0
fixed_ledger_squeeze,4,0.0,0.25,True,0.0
fixed_ledger_squeeze,5,0.0,0.2,True,0.0
fixed_ledger_squeeze,6,0.0,0.16666666666666666,True,0.0
fixed_ledger_squeeze,7,0.0,0.14285714285714285,True,0.0
fixed_ledger_squeeze,8,0.0,0.125,True,0.0
fixed_ledger_squeeze,9,0.0,0.1111111111111111,True,0.0
fixed_ledger_squeeze,10,0.0,0.1,True,0.0
fixed_ledger_squeeze,11,0.0,0.09090909090909091,True,0.0
fixed_ledger_squeeze,12,0.0,0.08333333333333333,True,0.0
fixed_ledger_squeeze,13,0.0,0.07692307692307693,True,0.0
fixed_ledger_squeeze,14,0.0,0.07142857142857142,True,0.0
fixed_ledger_squeeze,15,0.0,0.06666666666666667,True,0.0
fixed_ledger_squeeze,16,0.0,0.0625,True,0.0
fixed_ledger_squeeze,17,0.0,0.058823529411764705,True,0.0
fixed_ledger_squeeze,18,0.0,0.05555555555555555,True,0.0
fixed_ledger_squeeze,19,0.0,0.05263157894736842,True,0.0
fixed_ledger_squeeze,20,0.0,0.05,True,0.0
fixed_ledger_squeeze,21,0.0,0.047619047619047616,True,0.0
fixed_ledger_squeeze,22,0.0,0.045454545454545456,True,0.0
fixed_ledger_squeeze,23,0.0,0.043478260869565216,True,0.0
fixed_ledger_squeeze,24,0.0,0.041666666666666664,True,0.0
fixed_ledger_squeeze,25,0.0,0.04,True,0.0
fixed_ledger_squeeze,26,0.0,0.038461538461538464,True,0.0
fixed_ledger_squeeze,27,0.0,0.037037037037037035,True,0.0
fixed_ledger_squeeze,28,0.0,0.03571428571428571,True,0.0
fixed_ledger_squeeze,29,0.0,0.034482758620689655,True,0.0
fixed_ledger_squeeze,30,0.0,0.03333333333333333,True,0.0
fixed_ledger_squeeze,31,0.0,0.03225806451612903,True,0.0
fixed_ledger_squeeze,32,0.0,0.03125,True,0.0
fixed_ledger_squeeze,33,0.0,0.030303030303030304,True,0.0
fixed_ledger_squeeze,34,0.0,0.029411764705882353,True,0.0
fixed_ledger_squeeze,35,0.0,0.02857142857142857,True,0.0
fixed_ledger_squeeze,36,0.0,0.027777777777777776,True,0.0
fixed_ledger_squeeze,37,0.0,0.02702702702702703,True,0.0
fixed_ledger_squeeze,38,0.0,0.02631578947368421,True,0.0
fixed_ledger_squeeze,39,0.0,0.02564102564102564,True,0.0
fixed_ledger_squeeze,40,0.0,0.025,True,0.0
fixed_ledger_squeeze,41,0.0,0.024390243902439025,True,0.0
fixed_ledger_squeeze,42,0.0,0.023809523809523808,True,0.0
fixed_ledger_squeeze,43,0.0,0.023255813953488372,True,0.0
fixed_ledger_squeeze,44,0.0,0.022727272727272728,True,0.0
fixed_ledger_squeeze,45,0.0,0.022222222222222223,True,0.0
fixed_ledger_squeeze,46,0.0,0.021739130434782608,True,0.0
fixed_ledger_squeeze,47,0.0,0.02127659574468085,True,0.0
fixed_ledger_squeeze,48,0.0,0.020833333333333332,True,0.0
fixed_ledger_squeeze,49,0.0,0.02040816326530612,True,0.0
fixed_ledger_squeeze,50,0.0,0.02,True,0.0
fixed_ledger_squeeze,51,0.0,0.0196078431372549,True,0.0
fixed_ledger_squeeze,52,0.0,0.019230769230769232,True,0.0
fixed_ledger_squeeze,53,0.0,0.018867924528301886,True,0.0
fixed_ledger_squeeze,54,0.0,0.018518518518518517,True,0.0
fixed_ledger_squeeze,55,0.0,0.01818181818181818,True,0.0
fixed_ledger_squeeze,56,0.0,0.017857142857142856,True,0.0
fixed_ledger_squeeze,57,0.0,0.017543859649122806,True,0.0
fixed_ledger_squeeze,58,0.0,0.017241379310344827,True,0.0
fixed_ledger_squeeze,59,0.0,0.01694915254237288,True,0.0
fixed_ledger_squeeze,60,0.0,0.016666666666666666,True,0.0
fixed_ledger_squeeze,61,0.0,0.01639344262295082,True,0.0
fixed_ledger_squeeze,62,0.0,0.016129032258064516,True,0.0
fixed_ledger_squeeze,63,0.0,0.015873015873015872,True,0.0
fixed_ledger_squeeze,64,0.0,0.015625,True,0.0
fixed_ledger_squeeze,65,0.0,0.015384615384615385,True,0.0
fixed_ledger_squeeze,66,0.0,0.015151515151515152,True,0.0
fixed_ledger_squeeze,67,0.0,0.014925373134328358,True,0.0
fixed_ledger_squeeze,68,0.0,0.014705882352941176,True,0.0
fixed_ledger_squeeze,69,0.0,0.014492753623188406,True,0.0
fixed_ledger_squeeze,70,0.0,0.014285714285714285,True,0.0
fixed_ledger_squeeze,71,0.0,0.014084507042253521,True,0.0
fixed_ledger_squeeze,72,0.0,0.013888888888888888,True,0.0
fixed_ledger_squeeze,73,0.0,0.0136986301369863,True,0.0
fixed_ledger_squeeze,74,0.0,0.013513513513513514,True,0.0
fixed_ledger_squeeze,75,0.0,0.013333333333333334,True,0.0
fixed_ledger_squeeze,76,0.0,0.013157894736842105,True,0.0
fixed_ledger_squeeze,77,0.0,0.012987012987012988,True,0.0
fixed_ledger_squeeze,78,0.0,0.01282051282051282,True,0.0
fixed_ledger_squeeze,79,0.0,0.012658227848101266,True,0.0
fixed_ledger_squeeze,80,0.0,0.0125,True,0.0
fixed_ledger_squeeze,81,0.0,0.012345679012345678,True,0.0
fixed_ledger_squeeze,82,0.0,0.012195121951219513,True,0.0
fixed_ledger_squeeze,83,0.0,0.012048192771084338,True,0.0
fixed_ledger_squeeze,84,0.0,0.011904761904761904,True,0.0
fixed_ledger_squeeze,85,0.0,0.011764705882352941,True,0.0
fixed_ledger_squeeze,86,0.0,0.011627906976744186,True,0.0
fixed_ledger_squeeze,87,0.0,0.011494252873563218,True,0.0
fixed_ledger_squeeze,88,0.0,0.011363636363636364,True,0.0
fixed_ledger_squeeze,89,0.0,0.011235955056179775,True,0.0
fixed_ledger_squeeze,90,0.0,0.011111111111111112,True,0.0
fixed_ledger_squeeze,91,0.0,0.01098901098901099,True,0.0
fixed_ledger_squeeze,92,0.0,0.010869565217391304,True,0.0
fixed_ledger_squeeze,93,0.0,0.010752688172043012,True,0.0
fixed_ledger_squeeze,94,0.0,0.010638297872340425,True,0.0
fixed_ledger_squeeze,95,0.0,0.010526315789473684,True,0.0
fixed_ledger_squeeze,96,0.0,0.010416666666666666,True,0.0
fixed_ledger_squeeze,97,0.0,0.010309278350515464,True,0.0
fixed_ledger_squeeze,98,0.0,0.01020408163265306,True,0.0
fixed_ledger_squeeze,99,0.0,0.010101010101010102,True,0.0
fixed_ledger_squeeze,100,0.0,0.01,True,0.0
fixed_ledger_squeeze,101,0.0,0.009900990099009901,True,0.0
fixed_ledger_squeeze,102,0.0,0.00980392156862745,True,0.0
fixed_ledger_squeeze,103,0.0,0.009708737864077669,True,0.0
fixed_ledger_squeeze,104,0.0,0.009615384615384616,True,0.0
fixed_ledger_squeeze,105,0.0,0.009523809523809525,True,0.0
fixed_ledger_squeeze,106,0.0,0.009433962264150943,True,0.0
fixed_ledger_squeeze,107,0.0,0.009345794392523364,True,0.0
fixed_ledger_squeeze,108,0.0,0.009259259259259259,True,0.0
fixed_ledger_squeeze,109,0.0,0.009174311926605505,True,0.0
fixed_ledger_squeeze,110,0.0,0.00909090909090909,True,0.0
fixed_ledger_squeeze,111,0.0,0.009009009009009009,True,0.0
fixed_ledger_squeeze,112,0.0,0.008928571428571428,True,0.0
fixed_ledger_squeeze,113,0.0,0.008849557522123894,True,0.0
fixed_ledger_squeeze,114,0.0,0.008771929824561403,True,0.0
fixed_ledger_squeeze,115,0.0,0.008695652173913044,True,0.0
fixed_ledger_squeeze,116,0.0,0.008620689655172414,True,0.0
fixed_ledger_squeeze,117,0.0,0.008547008547008548,True,0.0
fixed_ledger_squeeze,118,0.0,0.00847457627118644,True,0.0
fixed_ledger_squeeze,119,0.0,0.008403361344537815,True,0.0
fixed_ledger_squeeze,120,0.0,0.008333333333333333,True,0.0
fixed_ledger_squeeze,121,0.0,0.008264462809917356,True,0.0
fixed_ledger_squeeze,122,0.0,0.00819672131147541,True,0.0
fixed_ledger_squeeze,123,0.0,0.008130081300813009,True,0.0
fixed_ledger_squeeze,124,0.0,0.008064516129032258,True,0.0
fixed_ledger_squeeze,125,0.0,0.008,True,0.0
fixed_ledger_squeeze,126,0.0,0.007936507936507936,True,0.0
fixed_ledger_squeeze,127,0.0,0.007874015748031496,True,0.0
fixed_ledger_squeeze,128,0.0,0.0078125,True,0.0
fixed_ledger_squeeze,129,0.0,0.007751937984496124,True,0.0
fixed_ledger_squeeze,130,0.0,0.007692307692307693,True,0.0
fixed_ledger_squeeze,131,0.0,0.007633587786259542,True,0.0
fixed_ledger_squeeze,132,0.0,0.007575757575757576,True,0.0
fixed_ledger_squeeze,133,0.0,0.007518796992481203,True,0.0
fixed_ledger_squeeze,134,0.0,0.007462686567164179,True,0.0
fixed_ledger_squeeze,135,0.0,0.007407407407407408,True,0.0
fixed_ledger_squeeze,136,0.0,0.007352941176470588,True,0.0
fixed_ledger_squeeze,137,0.0,0.0072992700729927005,True,0.0
fixed_ledger_squeeze,138,0.0,0.007246376811594203,True,0.0
fixed_ledger_squeeze,139,0.0,0.007194244604316547,True,0.0
fixed_ledger_squeeze,140,0.0,0.007142857142857143,True,0.0
fixed_ledger_squeeze,141,0.0,0.0070921985815602835,True,0.0
fixed_ledger_squeeze,142,0.0,0.007042253521126761,True,0.0
fixed_ledger_squeeze,143,0.0,0.006993006993006993,True,0.0
fixed_ledger_squeeze,144,0.0,0.006944444444444444,True,0.0
fixed_ledger_squeeze,145,0.0,0.006896551724137931,True,0.0
fixed_ledger_squeeze,146,0.0,0.00684931506849315,True,0.0
fixed_ledger_squeeze,147,0.0,0.006802721088435374,True,0.0
fixed_ledger_squeeze,148,0.0,0.006756756756756757,True,0.0
fixed_ledger_squeeze,149,0.0,0.006711409395973154,True,0.0
fixed_ledger_squeeze,150,0.0,0.006666666666666667,True,0.0
fixed_ledger_squeeze,151,0.0,0.006622516556291391,True,0.0
fixed_ledger_squeeze,152,0.0,0.006578947368421052,True,0.0
fixed_ledger_squeeze,153,0.0,0.006535947712418301,True,0.0
fixed_ledger_squeeze,154,0.0,0.006493506493506494,True,0.0
fixed_ledger_squeeze,155,0.0,0.0064516129032258064,True,0.0
fixed_ledger_squeeze,156,0.0,0.00641025641025641,True,0.0
fixed_ledger_squeeze,157,0.0,0.006369426751592357,True,0.0
fixed_ledger_squeeze,158,0.0,0.006329113924050633,True,0.0
fixed_ledger_squeeze,159,0.0,0.006289308176100629,True,0.0
fixed_ledger_squeeze,160,0.0,0.00625,True,0.0
fixed_ledger_squeeze,161,0.0,0.006211180124223602,True,0.0
fixed_ledger_squeeze,162,0.0,0.006172839506172839,True,0.0
fixed_ledger_squeeze,163,0.0,0.006134969325153374,True,0.0
fixed_ledger_squeeze,164,0.0,0.006097560975609756,True,0.0
fixed_ledger_squeeze,165,0.0,0.006060606060606061,True,0.0
fixed_ledger_squeeze,166,0.0,0.006024096385542169,True,0.0
fixed_ledger_squeeze,167,0.0,0.005988023952095809,True,0.0
fixed_ledger_squeeze,168,0.0,0.005952380952380952,True,0.0
fixed_ledger_squeeze,169,0.0,0.005917159763313609,True,0.0
fixed_ledger_squeeze,170,0.0,0.0058823529411764705,True,0.0
fixed_ledger_squeeze,171,0.0,0.005847953216374269,True,0.0
fixed_ledger_squeeze,172,0.0,0.005813953488372093,True,0.0
fixed_ledger_squeeze,173,0.0,0.005780346820809248,True,0.0
fixed_ledger_squeeze,174,0.0,0.005747126436781609,True,0.0
fixed_ledger_squeeze,175,0.0,0.005714285714285714,True,0.0
fixed_ledger_squeeze,176,0.0,0.005681818181818182,True,0.0
fixed_ledger_squeeze,177,0.0,0.005649717514124294,True,0.0
fixed_ledger_squeeze,178,0.0,0.0056179775280898875,True,0.0
fixed_ledger_squeeze,179,0.0,0.00558659217877095,True,0.0
fixed_ledger_squeeze,180,0.0,0.005555555555555556,True,0.0
fixed_ledger_squeeze,181,0.0,0.0055248618784530384,True,0.0
fixed_ledger_squeeze,182,0.0,0.005494505494505495,True,0.0
fixed_ledger_squeeze,183,0.0,0.00546448087431694,True,0.0
fixed_ledger_squeeze,184,0.0,0.005434782608695652,True,0.0
fixed_ledger_squeeze,185,0.0,0.005405405405405406,True,0.0
fixed_ledger_squeeze,186,0.0,0.005376344086021506,True,0.0
fixed_ledger_squeeze,187,0.0,0.0053475935828877,True,0.0
fixed_ledger_squeeze,188,0.0,0.005319148936170213,True,0.0
fixed_ledger_squeeze,189,0.0,0.005291005291005291,True,0.0
fixed_ledger_squeeze,190,0.0,0.005263157894736842,True,0.0
fixed_ledger_squeeze,191,0.0,0.005235602094240838,True,0.0
fixed_ledger_squeeze,192,0.0,0.005208333333333333,True,0.0
fixed_ledger_squeeze,193,0.0,0.0051813471502590676,True,0.0
fixed_ledger_squeeze,194,0.0,0.005154639175257732,True,0.0
fixed_ledger_squeeze,195,0.0,0.005128205128205128,True,0.0
fixed_ledger_squeeze,196,0.0,0.00510204081632653,True,0.0
fixed_ledger_squeeze,197,0.0,0.005076142131979695,True,0.0
fixed_ledger_squeeze,198,0.0,0.005050505050505051,True,0.0
fixed_ledger_squeeze,199,0.0,0.005025125628140704,True,0.0
fixed_ledger_squeeze,200,0.0,0.005,True,0.0
fixed_ledger_squeeze,201,0.0,0.004975124378109453,True,0.0
fixed_ledger_squeeze,202,0.0,0.0049504950495049506,True,0.0
fixed_ledger_squeeze,203,0.0,0.0049261083743842365,True,0.0
fixed_ledger_squeeze,204,0.0,0.004901960784313725,True,0.0
fixed_ledger_squeeze,205,0.0,0.004878048780487805,True,0.0
fixed_ledger_squeeze,206,0.0,0.0048543689320388345,True,0.0
fixed_ledger_squeeze,207,0.0,0.004830917874396135,True,0.0
fixed_ledger_squeeze,208,0.0,0.004807692307692308,True,0.0
fixed_ledger_squeeze,209,0.0,0.004784688995215311,True,0.0
fixed_ledger_squeeze,210,0.0,0.004761904761904762,True,0.0
fixed_ledger_squeeze,211,0.0,0.004739336492890996,True,0.0
fixed_ledger_squeeze,212,0.0,0.0047169811320754715,True,0.0
fixed_ledger_squeeze,213,0.0,0.004694835680751174,True,0.0
fixed_ledger_squeeze,214,0.0,0.004672897196261682,True,0.0
fixed_ledger_squeeze,215,0.0,0.004651162790697674,True,0.0
fixed_ledger_squeeze,216,0.0,0.004629629629629629,True,0.0
fixed_ledger_squeeze,217,0.0,0.004608294930875576,True,0.0
fixed_ledger_squeeze,218,0.0,0.0045871559633027525,True,0.0
fixed_ledger_squeeze,219,0.0,0.0045662100456621,True,0.0
fixed_ledger_squeeze,220,0.0,0.004545454545454545,True,0.0
fixed_ledger_squeeze,221,0.0,0.004524886877828055,True,0.0
fixed_ledger_squeeze,222,0.0,0.0045045045045045045,True,0.0
fixed_ledger_squeeze,223,0.0,0.004484304932735426,True,0.0
fixed_ledger_squeeze,224,0.0,0.004464285714285714,True,0.0
fixed_ledger_squeeze,225,0.0,0.0044444444444444444,True,0.0
fixed_ledger_squeeze,226,0.0,0.004424778761061947,True,0.0
fixed_ledger_squeeze,227,0.0,0.004405286343612335,True,0.0
fixed_ledger_squeeze,228,0.0,0.0043859649122807015,True,0.0
fixed_ledger_squeeze,229,0.0,0.004366812227074236,True,0.0
fixed_ledger_squeeze,230,0.0,0.004347826086956522,True,0.0
fixed_ledger_squeeze,231,0.0,0.004329004329004329,True,0.0
fixed_ledger_squeeze,232,0.0,0.004310344827586207,True,0.0
fixed_ledger_squeeze,233,0.0,0.004291845493562232,True,0.0
fixed_ledger_squeeze,234,0.0,0.004273504273504274,True,0.0
fixed_ledger_squeeze,235,0.0,0.00425531914893617,True,0.0
fixed_ledger_squeeze,236,0.0,0.00423728813559322,True,0.0
fixed_ledger_squeeze,237,0.0,0.004219409282700422,True,0.0
fixed_ledger_squeeze,238,0.0,0.004201680672268907,True,0.0
fixed_ledger_squeeze,239,0.0,0.0041841004184100415,True,0.0
fixed_ledger_squeeze,240,0.0,0.004166666666666667,True,0.0
fixed_ledger_squeeze,241,0.0,0.004149377593360996,True,0.0
fixed_ledger_squeeze,242,0.0,0.004132231404958678,True,0.0
fixed_ledger_squeeze,243,0.0,0.00411522633744856,True,0.0
fixed_ledger_squeeze,244,0.0,0.004098360655737705,True,0.0
fixed_ledger_squeeze,245,0.0,0.004081632653061225,True,0.0
fixed_ledger_squeeze,246,0.0,0.0040650406504065045,True,0.0
fixed_ledger_squeeze,247,0.0,0.004048582995951417,True,0.0
fixed_ledger_squeeze,248,0.0,0.004032258064516129,True,0.0
fixed_ledger_squeeze,249,0.0,0.004016064257028112,True,0.0
fixed_ledger_squeeze,250,0.0,0.004,True,0.0
fixed_ledger_squeeze,251,0.0,0.00398406374501992,True,0.0
fixed_ledger_squeeze,252,0.0,0.003968253968253968,True,0.0
fixed_ledger_squeeze,253,0.0,0.003952569169960474,True,0.0
fixed_ledger_squeeze,254,0.0,0.003937007874015748,True,0.0
fixed_ledger_squeeze,255,0.0,0.00392156862745098,True,0.0
fixed_ledger_squeeze,256,0.0,0.00390625,True,0.0
fixed_ledger_squeeze,257,0.0,0.0038910505836575876,True,0.0
fixed_ledger_squeeze,258,0.0,0.003875968992248062,True,0.0
fixed_ledger_squeeze,259,0.0,0.003861003861003861,True,0.0
fixed_ledger_squeeze,260,0.0,0.0038461538461538464,True,0.0
fixed_ledger_squeeze,261,0.0,0.0038314176245210726,True,0.0
fixed_ledger_squeeze,262,0.0,0.003816793893129771,True,0.0
fixed_ledger_squeeze,263,0.0,0.0038022813688212928,True,0.0
fixed_ledger_squeeze,264,0.0,0.003787878787878788,True,0.0
fixed_ledger_squeeze,265,0.0,0.0037735849056603774,True,0.0
fixed_ledger_squeeze,266,0.0,0.0037593984962406013,True,0.0
fixed_ledger_squeeze,267,0.0,0.003745318352059925,True,0.0
fixed_ledger_squeeze,268,0.0,0.0037313432835820895,True,0.0
fixed_ledger_squeeze,269,0.0,0.0037174721189591076,True,0.0
fixed_ledger_squeeze,270,0.0,0.003703703703703704,True,0.0
fixed_ledger_squeeze,271,0.0,0.0036900369003690036,True,0.0
fixed_ledger_squeeze,272,0.0,0.003676470588235294,True,0.0
fixed_ledger_squeeze,273,0.0,0.003663003663003663,True,0.0
fixed_ledger_squeeze,274,0.0,0.0036496350364963502,True,0.0
fixed_ledger_squeeze,275,0.0,0.0036363636363636364,True,0.0
fixed_ledger_squeeze,276,0.0,0.0036231884057971015,True,0.0
fixed_ledger_squeeze,277,0.0,0.0036101083032490976,True,0.0
fixed_ledger_squeeze,278,0.0,0.0035971223021582736,True,0.0
fixed_ledger_squeeze,279,0.0,0.0035842293906810036,True,0.0
fixed_ledger_squeeze,280,0.0,0.0035714285714285713,True,0.0
fixed_ledger_squeeze,281,0.0,0.0035587188612099642,True,0.0
fixed_ledger_squeeze,282,0.0,0.0035460992907801418,True,0.0
fixed_ledger_squeeze,283,0.0,0.0035335689045936395,True,0.0
fixed_ledger_squeeze,284,0.0,0.0035211267605633804,True,0.0
fixed_ledger_squeeze,285,0.0,0.0035087719298245615,True,0.0
fixed_ledger_squeeze,286,0.0,0.0034965034965034965,True,0.0
fixed_ledger_squeeze,287,0.0,0.003484320557491289,True,0.0
fixed_ledger_squeeze,288,0.0,0.003472222222222222,True,0.0
fixed_ledger_squeeze,289,0.0,0.0034602076124567475,True,0.0
fixed_ledger_squeeze,290,0.0,0.0034482758620689655,True,0.0
fixed_ledger_squeeze,291,0.0,0.003436426116838488,True,0.0
fixed_ledger_squeeze,292,0.0,0.003424657534246575,True,0.0
fixed_ledger_squeeze,293,0.0,0.0034129692832764505,True,0.0
fixed_ledger_squeeze,294,0.0,0.003401360544217687,True,0.0
fixed_ledger_squeeze,295,0.0,0.003389830508474576,True,0.0
fixed_ledger_squeeze,296,0.0,0.0033783783783783786,True,0.0
fixed_ledger_squeeze,297,0.0,0.003367003367003367,True,0.0
fixed_ledger_squeeze,298,0.0,0.003355704697986577,True,0.0
fixed_ledger_squeeze,299,0.0,0.0033444816053511705,True,0.0
fixed_ledger_squeeze,300,0.0,0.0033333333333333335,True,0.0
fixed_ledger_squeeze,301,0.0,0.0033222591362126247,True,0.0
fixed_ledger_squeeze,302,0.0,0.0033112582781456954,True,0.0
fixed_ledger_squeeze,303,0.0,0.0033003300330033004,True,0.0
fixed_ledger_squeeze,304,0.0,0.003289473684210526,True,0.0
fixed_ledger_squeeze,305,0.0,0.003278688524590164,True,0.0
fixed_ledger_squeeze,306,0.0,0.0032679738562091504,True,0.0
fixed_ledger_squeeze,307,0.0,0.003257328990228013,True,0.0
fixed_ledger_squeeze,308,0.0,0.003246753246753247,True,0.0
fixed_ledger_squeeze,309,0.0,0.003236245954692557,True,0.0
fixed_ledger_squeeze,310,0.0,0.0032258064516129032,True,0.0
fixed_ledger_squeeze,311,0.0,0.003215434083601286,True,0.0
fixed_ledger_squeeze,312,0.0,0.003205128205128205,True,0.0
fixed_ledger_squeeze,313,0.0,0.003194888178913738,True,0.0
fixed_ledger_squeeze,314,0.0,0.0031847133757961785,True,0.0
fixed_ledger_squeeze,315,0.0,0.0031746031746031746,True,0.0
fixed_ledger_squeeze,316,0.0,0.0031645569620253164,True,0.0
fixed_ledger_squeeze,317,0.0,0.0031545741324921135,True,0.0
fixed_ledger_squeeze,318,0.0,0.0031446540880503146,True,0.0
fixed_ledger_squeeze,319,0.0,0.003134796238244514,True,0.0
fixed_ledger_squeeze,320,0.0,0.003125,True,0.0
fixed_ledger_squeeze,321,0.0,0.003115264797507788,True,0.0
fixed_ledger_squeeze,322,0.0,0.003105590062111801,True,0.0
fixed_ledger_squeeze,323,0.0,0.0030959752321981426,True,0.0
fixed_ledger_squeeze,324,0.0,0.0030864197530864196,True,0.0
fixed_ledger_squeeze,325,0.0,0.003076923076923077,True,0.0
fixed_ledger_squeeze,326,0.0,0.003067484662576687,True,0.0
fixed_ledger_squeeze,327,0.0,0.0030581039755351682,True,0.0
fixed_ledger_squeeze,328,0.0,0.003048780487804878,True,0.0
fixed_ledger_squeeze,329,0.0,0.00303951367781155,True,0.0
fixed_ledger_squeeze,330,0.0,0.0030303030303030303,True,0.0
fixed_ledger_squeeze,331,0.0,0.0030211480362537764,True,0.0
fixed_ledger_squeeze,332,0.0,0.0030120481927710845,True,0.0
fixed_ledger_squeeze,333,0.0,0.003003003003003003,True,0.0
fixed_ledger_squeeze,334,0.0,0.0029940119760479044,True,0.0
fixed_ledger_squeeze,335,0.0,0.0029850746268656717,True,0.0
fixed_ledger_squeeze,336,0.0,0.002976190476190476,True,0.0
fixed_ledger_squeeze,337,0.0,0.002967359050445104,True,0.0
fixed_ledger_squeeze,338,0.0,0.0029585798816568047,True,0.0
fixed_ledger_squeeze,339,0.0,0.0029498525073746312,True,0.0
fixed_ledger_squeeze,340,0.0,0.0029411764705882353,True,0.0
fixed_ledger_squeeze,341,0.0,0.002932551319648094,True,0.0
fixed_ledger_squeeze,342,0.0,0.0029239766081871343,True,0.0
fixed_ledger_squeeze,343,0.0,0.0029154518950437317,True,0.0
fixed_ledger_squeeze,344,0.0,0.0029069767441860465,True,0.0
fixed_ledger_squeeze,345,0.0,0.002898550724637681,True,0.0
fixed_ledger_squeeze,346,0.0,0.002890173410404624,True,0.0
fixed_ledger_squeeze,347,0.0,0.002881844380403458,True,0.0
fixed_ledger_squeeze,348,0.0,0.0028735632183908046,True,0.0
fixed_ledger_squeeze,349,0.0,0.0028653295128939827,True,0.0
fixed_ledger_squeeze,350,0.0,0.002857142857142857,True,0.0
fixed_ledger_squeeze,351,0.0,0.002849002849002849,True,0.0
fixed_ledger_squeeze,352,0.0,0.002840909090909091,True,0.0
fixed_ledger_squeeze,353,0.0,0.0028328611898017,True,0.0
fixed_ledger_squeeze,354,0.0,0.002824858757062147,True,0.0
fixed_ledger_squeeze,355,0.0,0.0028169014084507044,True,0.0
fixed_ledger_squeeze,356,0.0,0.0028089887640449437,True,0.0
fixed_ledger_squeeze,357,0.0,0.0028011204481792717,True,0.0
fixed_ledger_squeeze,358,0.0,0.002793296089385475,True,0.0
fixed_ledger_squeeze,359,0.0,0.002785515320334262,True,0.0
fixed_ledger_squeeze,360,0.0,0.002777777777777778,True,0.0
fixed_ledger_squeeze,361,0.0,0.002770083102493075,True,0.0
fixed_ledger_squeeze,362,0.0,0.0027624309392265192,True,0.0
fixed_ledger_squeeze,363,0.0,0.0027548209366391185,True,0.0
fixed_ledger_squeeze,364,0.0,0.0027472527472527475,True,0.0
fixed_ledger_squeeze,365,0.0,0.0027397260273972603,True,0.0
fixed_ledger_squeeze,366,0.0,0.00273224043715847,True,0.0
fixed_ledger_squeeze,367,0.0,0.0027247956403269754,True,0.0
fixed_ledger_squeeze,368,0.0,0.002717391304347826,True,0.0
fixed_ledger_squeeze,369,0.0,0.0027100271002710027,True,0.0
fixed_ledger_squeeze,370,0.0,0.002702702702702703,True,0.0
fixed_ledger_squeeze,371,0.0,0.0026954177897574125,True,0.0
fixed_ledger_squeeze,372,0.0,0.002688172043010753,True,0.0
fixed_ledger_squeeze,373,0.0,0.002680965147453083,True,0.0
fixed_ledger_squeeze,374,0.0,0.00267379679144385,True,0.0
fixed_ledger_squeeze,375,0.0,0.0026666666666666666,True,0.0
fixed_ledger_squeeze,376,0.0,0.0026595744680851063,True,0.0
fixed_ledger_squeeze,377,0.0,0.002652519893899204,True,0.0
fixed_ledger_squeeze,378,0.0,0.0026455026455026454,True,0.0
fixed_ledger_squeeze,379,0.0,0.002638522427440633,True,0.0
fixed_ledger_squeeze,380,0.0,0.002631578947368421,True,0.0
fixed_ledger_squeeze,381,0.0,0.0026246719160104987,True,0.0
fixed_ledger_squeeze,382,0.0,0.002617801047120419,True,0.0
fixed_ledger_squeeze,383,0.0,0.0026109660574412533,True,0.0
fixed_ledger_squeeze,384,0.0,0.0026041666666666665,True,0.0
fixed_ledger_squeeze,385,0.0,0.0025974025974025974,True,0.0
fixed_ledger_squeeze,386,0.0,0.0025906735751295338,True,0.0
fixed_ledger_squeeze,387,0.0,0.002583979328165375,True,0.0
fixed_ledger_squeeze,388,0.0,0.002577319587628866,True,0.0
fixed_ledger_squeeze,389,0.0,0.002570694087403599,True,0.0
fixed_ledger_squeeze,390,0.0,0.002564102564102564,True,0.0
fixed_ledger_squeeze,391,0.0,0.0025575447570332483,True,0.0
fixed_ledger_squeeze,392,0.0,0.002551020408163265,True,0.0
fixed_ledger_squeeze,393,0.0,0.002544529262086514,True,0.0
fixed_ledger_squeeze,394,0.0,0.0025380710659898475,True,0.0
fixed_ledger_squeeze,395,0.0,0.002531645569620253,True,0.0
fixed_ledger_squeeze,396,0.0,0.0025252525252525255,True,0.0
fixed_ledger_squeeze,397,0.0,0.0025188916876574307,True,0.0
fixed_ledger_squeeze,398,0.0,0.002512562814070352,True,0.0
fixed_ledger_squeeze,399,0.0,0.002506265664160401,True,0.0
fixed_ledger_squeeze,400,0.0,0.0025,True,0.0
fixed_ledger_squeeze,401,0.0,0.0024937655860349127,True,0.0
fixed_ledger_squeeze,402,0.0,0.0024875621890547263,True,0.0
fixed_ledger_squeeze,403,0.0,0.0024813895781637717,True,0.0
fixed_ledger_squeeze,404,0.0,0.0024752475247524753,True,0.0
fixed_ledger_squeeze,405,0.0,0.0024691358024691358,True,0.0
fixed_ledger_squeeze,406,0.0,0.0024630541871921183,True,0.0
fixed_ledger_squeeze,407,0.0,0.002457002457002457,True,0.0
fixed_ledger_squeeze,408,0.0,0.0024509803921568627,True,0.0
fixed_ledger_squeeze,409,0.0,0.0024449877750611247,True,0.0
fixed_ledger_squeeze,410,0.0,0.0024390243902439024,True,0.0
fixed_ledger_squeeze,411,0.0,0.0024330900243309003,True,0.0
fixed_ledger_squeeze,412,0.0,0.0024271844660194173,True,0.0
fixed_ledger_squeeze,413,0.0,0.002421307506053269,True,0.0
fixed_ledger_squeeze,414,0.0,0.0024154589371980675,True,0.0
fixed_ledger_squeeze,415,0.0,0.0024096385542168677,True,0.0
fixed_ledger_squeeze,416,0.0,0.002403846153846154,True,0.0
fixed_ledger_squeeze,417,0.0,0.002398081534772182,True,0.0
fixed_ledger_squeeze,418,0.0,0.0023923444976076554,True,0.0
fixed_ledger_squeeze,419,0.0,0.002386634844868735,True,0.0
fixed_ledger_squeeze,420,0.0,0.002380952380952381,True,0.0
fixed_ledger_squeeze,421,0.0,0.0023752969121140144,True,0.0
fixed_ledger_squeeze,422,0.0,0.002369668246445498,True,0.0
fixed_ledger_squeeze,423,0.0,0.002364066193853428,True,0.0
fixed_ledger_squeeze,424,0.0,0.0023584905660377358,True,0.0
fixed_ledger_squeeze,425,0.0,0.002352941176470588,True,0.0
fixed_ledger_squeeze,426,0.0,0.002347417840375587,True,0.0
fixed_ledger_squeeze,427,0.0,0.00234192037470726,True,0.0
fixed_ledger_squeeze,428,0.0,0.002336448598130841,True,0.0
fixed_ledger_squeeze,429,0.0,0.002331002331002331,True,0.0
fixed_ledger_squeeze,430,0.0,0.002325581395348837,True,0.0
fixed_ledger_squeeze,431,0.0,0.002320185614849188,True,0.0
fixed_ledger_squeeze,432,0.0,0.0023148148148148147,True,0.0
fixed_ledger_squeeze,433,0.0,0.0023094688221709007,True,0.0
fixed_ledger_squeeze,434,0.0,0.002304147465437788,True,0.0
fixed_ledger_squeeze,435,0.0,0.0022988505747126436,True,0.0
fixed_ledger_squeeze,436,0.0,0.0022935779816513763,True,0.0
fixed_ledger_squeeze,437,0.0,0.002288329519450801,True,0.0
fixed_ledger_squeeze,438,0.0,0.00228310502283105,True,0.0
fixed_ledger_squeeze,439,0.0,0.002277904328018223,True,0.0
fixed_ledger_squeeze,440,0.0,0.0022727272727272726,True,0.0
fixed_ledger_squeeze,441,0.0,0.0022675736961451248,True,0.0
fixed_ledger_squeeze,442,0.0,0.0022624434389140274,True,0.0
fixed_ledger_squeeze,443,0.0,0.002257336343115124,True,0.0
fixed_ledger_squeeze,444,0.0,0.0022522522522522522,True,0.0
fixed_ledger_squeeze,445,0.0,0.0022471910112359553,True,0.0
fixed_ledger_squeeze,446,0.0,0.002242152466367713,True,0.0
fixed_ledger_squeeze,447,0.0,0.0022371364653243847,True,0.0
fixed_ledger_squeeze,448,0.0,0.002232142857142857,True,0.0
fixed_ledger_squeeze,449,0.0,0.0022271714922048997,True,0.0
fixed_ledger_squeeze,450,0.0,0.0022222222222222222,True,0.0
fixed_ledger_squeeze,451,0.0,0.0022172949002217295,True,0.0
fixed_ledger_squeeze,452,0.0,0.0022123893805309734,True,0.0
fixed_ledger_squeeze,453,0.0,0.002207505518763797,True,0.0
fixed_ledger_squeeze,454,0.0,0.0022026431718061676,True,0.0
fixed_ledger_squeeze,455,0.0,0.002197802197802198,True,0.0
fixed_ledger_squeeze,456,0.0,0.0021929824561403508,True,0.0
fixed_ledger_squeeze,457,0.0,0.002188183807439825,True,0.0
fixed_ledger_squeeze,458,0.0,0.002183406113537118,True,0.0
fixed_ledger_squeeze,459,0.0,0.002178649237472767,True,0.0
fixed_ledger_squeeze,460,0.0,0.002173913043478261,True,0.0
fixed_ledger_squeeze,461,0.0,0.0021691973969631237,True,0.0
fixed_ledger_squeeze,462,0.0,0.0021645021645021645,True,0.0
fixed_ledger_squeeze,463,0.0,0.0021598272138228943,True,0.0
fixed_ledger_squeeze,464,0.0,0.0021551724137931034,True,0.0
fixed_ledger_squeeze,465,0.0,0.002150537634408602,True,0.0
fixed_ledger_squeeze,466,0.0,0.002145922746781116,True,0.0
fixed_ledger_squeeze,467,0.0,0.0021413276231263384,True,0.0
fixed_ledger_squeeze,468,0.0,0.002136752136752137,True,0.0
fixed_ledger_squeeze,469,0.0,0.0021321961620469083,True,0.0
fixed_ledger_squeeze,470,0.0,0.002127659574468085,True,0.0
fixed_ledger_squeeze,471,0.0,0.0021231422505307855,True,0.0
fixed_ledger_squeeze,472,0.0,0.00211864406779661,True,0.0
fixed_ledger_squeeze,473,0.0,0.0021141649048625794,True,0.0
fixed_ledger_squeeze,474,0.0,0.002109704641350211,True,0.0
fixed_ledger_squeeze,475,0.0,0.002105263157894737,True,0.0
fixed_ledger_squeeze,476,0.0,0.0021008403361344537,True,0.0
fixed_ledger_squeeze,477,0.0,0.0020964360587002098,True,0.0
fixed_ledger_squeeze,478,0.0,0.0020920502092050207,True,0.0
fixed_ledger_squeeze,479,0.0,0.0020876826722338203,True,0.0
fixed_ledger_squeeze,480,0.0,0.0020833333333333333,True,0.0
fixed_ledger_squeeze,481,0.0,0.002079002079002079,True,0.0
fixed_ledger_squeeze,482,0.0,0.002074688796680498,True,0.0
fixed_ledger_squeeze,483,0.0,0.002070393374741201,True,0.0
fixed_ledger_squeeze,484,0.0,0.002066115702479339,True,0.0
fixed_ledger_squeeze,485,0.0,0.002061855670103093,True,0.0
fixed_ledger_squeeze,486,0.0,0.00205761316872428,True,0.0
fixed_ledger_squeeze,487,0.0,0.002053388090349076,True,0.0
fixed_ledger_squeeze,488,0.0,0.0020491803278688526,True,0.0
fixed_ledger_squeeze,489,0.0,0.002044989775051125,True,0.0
fixed_ledger_squeeze,490,0.0,0.0020408163265306124,True,0.0
fixed_ledger_squeeze,491,0.0,0.002036659877800407,True,0.0
fixed_ledger_squeeze,492,0.0,0.0020325203252032522,True,0.0
fixed_ledger_squeeze,493,0.0,0.002028397565922921,True,0.0
fixed_ledger_squeeze,494,0.0,0.0020242914979757085,True,0.0
fixed_ledger_squeeze,495,0.0,0.00202020202020202,True,0.0
fixed_ledger_squeeze,496,0.0,0.0020161290322580645,True,0.0
fixed_ledger_squeeze,497,0.0,0.002012072434607646,True,0.0
fixed_ledger_squeeze,498,0.0,0.002008032128514056,True,0.0
fixed_ledger_squeeze,499,0.0,0.002004008016032064,True,0.0
fixed_ledger_squeeze,500,0.0,0.002,True,0.0
fixed_ledger_squeeze,1,0.01,1.0,True,0.0
fixed_ledger_squeeze,2,0.01,0.5,True,0.0
fixed_ledger_squeeze,3,0.01,0.3333333333333333,True,0.0
fixed_ledger_squeeze,4,0.01,0.25,True,0.0
fixed_ledger_squeeze,5,0.01,0.2,True,0.0
fixed_ledger_squeeze,6,0.01,0.16666666666666666,True,0.0
fixed_ledger_squeeze,7,0.01,0.14285714285714285,True,0.0
fixed_ledger_squeeze,8,0.01,0.125,True,0.0
fixed_ledger_squeeze,9,0.01,0.1111111111111111,True,0.0
fixed_ledger_squeeze,10,0.01,0.1,True,0.0
fixed_ledger_squeeze,11,0.01,0.09090909090909091,True,0.0
fixed_ledger_squeeze,12,0.01,0.08333333333333333,True,0.0
fixed_ledger_squeeze,13,0.01,0.07692307692307693,True,0.0
fixed_ledger_squeeze,14,0.01,0.07142857142857142,True,0.0
fixed_ledger_squeeze,15,0.01,0.06666666666666667,True,0.0
fixed_ledger_squeeze,16,0.01,0.0625,True,0.0
fixed_ledger_squeeze,17,0.01,0.058823529411764705,True,0.0
fixed_ledger_squeeze,18,0.01,0.05555555555555555,True,0.0
fixed_ledger_squeeze,19,0.01,0.05263157894736842,True,0.0
fixed_ledger_squeeze,20,0.01,0.05,True,0.0
fixed_ledger_squeeze,21,0.01,0.047619047619047616,True,0.0
fixed_ledger_squeeze,22,0.01,0.045454545454545456,True,0.0
fixed_ledger_squeeze,23,0.01,0.043478260869565216,True,0.0
fixed_ledger_squeeze,24,0.01,0.041666666666666664,True,0.0
fixed_ledger_squeeze,25,0.01,0.04,True,0.0
fixed_ledger_squeeze,26,0.01,0.038461538461538464,True,0.0
fixed_ledger_squeeze,27,0.01,0.037037037037037035,True,0.0
fixed_ledger_squeeze,28,0.01,0.03571428571428571,True,0.0
fixed_ledger_squeeze,29,0.01,0.034482758620689655,True,0.0
fixed_ledger_squeeze,30,0.01,0.03333333333333333,True,0.0
fixed_ledger_squeeze,31,0.01,0.03225806451612903,True,0.0
fixed_ledger_squeeze,32,0.01,0.03125,True,0.0
fixed_ledger_squeeze,33,0.01,0.030303030303030304,True,0.0
fixed_ledger_squeeze,34,0.01,0.029411764705882353,True,0.0
fixed_ledger_squeeze,35,0.01,0.02857142857142857,True,0.0
fixed_ledger_squeeze,36,0.01,0.027777777777777776,True,0.0
fixed_ledger_squeeze,37,0.01,0.02702702702702703,True,0.0
fixed_ledger_squeeze,38,0.01,0.02631578947368421,True,0.0
fixed_ledger_squeeze,39,0.01,0.02564102564102564,True,0.0
fixed_ledger_squeeze,40,0.01,0.025,True,0.0
fixed_ledger_squeeze,41,0.01,0.024390243902439025,True,0.0
fixed_ledger_squeeze,42,0.01,0.023809523809523808,True,0.0
fixed_ledger_squeeze,43,0.01,0.023255813953488372,True,0.0
fixed_ledger_squeeze,44,0.01,0.022727272727272728,True,0.0
fixed_ledger_squeeze,45,0.01,0.022222222222222223,True,0.0
fixed_ledger_squeeze,46,0.01,0.021739130434782608,True,0.0
fixed_ledger_squeeze,47,0.01,0.02127659574468085,True,0.0
fixed_ledger_squeeze,48,0.01,0.020833333333333332,True,0.0
fixed_ledger_squeeze,49,0.01,0.02040816326530612,True,0.0
fixed_ledger_squeeze,50,0.01,0.02,True,0.0
fixed_ledger_squeeze,51,0.01,0.0196078431372549,True,0.0
fixed_ledger_squeeze,52,0.01,0.019230769230769232,True,0.0
fixed_ledger_squeeze,53,0.01,0.018867924528301886,True,0.0
fixed_ledger_squeeze,54,0.01,0.018518518518518517,True,0.0
fixed_ledger_squeeze,55,0.01,0.01818181818181818,True,0.0
fixed_ledger_squeeze,56,0.01,0.017857142857142856,True,0.0
fixed_ledger_squeeze,57,0.01,0.017543859649122806,True,0.0
fixed_ledger_squeeze,58,0.01,0.017241379310344827,True,0.0
fixed_ledger_squeeze,59,0.01,0.01694915254237288,True,0.0
fixed_ledger_squeeze,60,0.01,0.016666666666666666,True,0.0
fixed_ledger_squeeze,61,0.01,0.01639344262295082,True,0.0
fixed_ledger_squeeze,62,0.01,0.016129032258064516,True,0.0
fixed_ledger_squeeze,63,0.01,0.015873015873015872,True,0.0
fixed_ledger_squeeze,64,0.01,0.015625,True,0.0
fixed_ledger_squeeze,65,0.01,0.015384615384615385,True,0.0
fixed_ledger_squeeze,66,0.01,0.015151515151515152,True,0.0
fixed_ledger_squeeze,67,0.01,0.014925373134328358,True,0.0
fixed_ledger_squeeze,68,0.01,0.014705882352941176,True,0.0
fixed_ledger_squeeze,69,0.01,0.014492753623188406,True,0.0
fixed_ledger_squeeze,70,0.01,0.014285714285714285,True,0.0
fixed_ledger_squeeze,71,0.01,0.014084507042253521,True,0.0
fixed_ledger_squeeze,72,0.01,0.013888888888888888,True,0.0
fixed_ledger_squeeze,73,0.01,0.0136986301369863,True,0.0
fixed_ledger_squeeze,74,0.01,0.013513513513513514,True,0.0
fixed_ledger_squeeze,75,0.01,0.013333333333333334,True,0.0
fixed_ledger_squeeze,76,0.01,0.013157894736842105,True,0.0
fixed_ledger_squeeze,77,0.01,0.012987012987012988,True,0.0
fixed_ledger_squeeze,78,0.01,0.01282051282051282,True,0.0
fixed_ledger_squeeze,79,0.01,0.012658227848101266,True,0.0
fixed_ledger_squeeze,80,0.01,0.0125,True,0.0
fixed_ledger_squeeze,81,0.01,0.012345679012345678,True,0.0
fixed_ledger_squeeze,82,0.01,0.012195121951219513,True,0.0
fixed_ledger_squeeze,83,0.01,0.012048192771084338,True,0.0
fixed_ledger_squeeze,84,0.01,0.011904761904761904,True,0.0
fixed_ledger_squeeze,85,0.01,0.011764705882352941,True,0.0
fixed_ledger_squeeze,86,0.01,0.011627906976744186,True,0.0
fixed_ledger_squeeze,87,0.01,0.011494252873563218,True,0.0
fixed_ledger_squeeze,88,0.01,0.011363636363636364,True,0.0
fixed_ledger_squeeze,89,0.01,0.011235955056179775,True,0.0
fixed_ledger_squeeze,90,0.01,0.011111111111111112,True,0.0
fixed_ledger_squeeze,91,0.01,0.01098901098901099,True,0.0
fixed_ledger_squeeze,92,0.01,0.010869565217391304,True,0.0
fixed_ledger_squeeze,93,0.01,0.010752688172043012,True,0.0
fixed_ledger_squeeze,94,0.01,0.010638297872340425,True,0.0
fixed_ledger_squeeze,95,0.01,0.010526315789473684,True,0.0
fixed_ledger_squeeze,96,0.01,0.010416666666666666,True,0.0
fixed_ledger_squeeze,97,0.01,0.010309278350515464,True,0.0
fixed_ledger_squeeze,98,0.01,0.01020408163265306,True,0.0
fixed_ledger_squeeze,99,0.01,0.010101010101010102,True,0.0
fixed_ledger_squeeze,100,0.01,0.01,True,0.0
fixed_ledger_squeeze,101,0.01,0.009900990099009901,False,9.90099009900991e-05
fixed_ledger_squeeze,102,0.01,0.00980392156862745,False,0.00019607843137254936
fixed_ledger_squeeze,103,0.01,0.009708737864077669,False,0.00029126213592233115
fixed_ledger_squeeze,104,0.01,0.009615384615384616,False,0.0003846153846153843
fixed_ledger_squeeze,105,0.01,0.009523809523809525,False,0.00047619047619047554
fixed_ledger_squeeze,106,0.01,0.009433962264150943,False,0.0005660377358490572
fixed_ledger_squeeze,107,0.01,0.009345794392523364,False,0.0006542056074766364
fixed_ledger_squeeze,108,0.01,0.009259259259259259,False,0.0007407407407407415
fixed_ledger_squeeze,109,0.01,0.009174311926605505,False,0.0008256880733944951
fixed_ledger_squeeze,110,0.01,0.00909090909090909,False,0.0009090909090909097
fixed_ledger_squeeze,111,0.01,0.009009009009009009,False,0.0009909909909909913
fixed_ledger_squeeze,112,0.01,0.008928571428571428,False,0.0010714285714285721
fixed_ledger_squeeze,113,0.01,0.008849557522123894,False,0.0011504424778761065
fixed_ledger_squeeze,114,0.01,0.008771929824561403,False,0.0012280701754385972
fixed_ledger_squeeze,115,0.01,0.008695652173913044,False,0.0013043478260869566
fixed_ledger_squeeze,116,0.01,0.008620689655172414,False,0.0013793103448275865
fixed_ledger_squeeze,117,0.01,0.008547008547008548,False,0.0014529914529914523
fixed_ledger_squeeze,118,0.01,0.00847457627118644,False,0.0015254237288135596
fixed_ledger_squeeze,119,0.01,0.008403361344537815,False,0.0015966386554621854
fixed_ledger_squeeze,120,0.01,0.008333333333333333,False,0.001666666666666667
fixed_ledger_squeeze,121,0.01,0.008264462809917356,False,0.0017355371900826446
fixed_ledger_squeeze,122,0.01,0.00819672131147541,False,0.00180327868852459
fixed_ledger_squeeze,123,0.01,0.008130081300813009,False,0.0018699186991869912
fixed_ledger_squeeze,124,0.01,0.008064516129032258,False,0.0019354838709677424
fixed_ledger_squeeze,125,0.01,0.008,False,0.002
fixed_ledger_squeeze,126,0.01,0.007936507936507936,False,0.002063492063492064
fixed_ledger_squeeze,127,0.01,0.007874015748031496,False,0.0021259842519685043
fixed_ledger_squeeze,128,0.01,0.0078125,False,0.0021875
fixed_ledger_squeeze,129,0.01,0.007751937984496124,False,0.0022480620155038763
fixed_ledger_squeeze,130,0.01,0.007692307692307693,False,0.0023076923076923075
fixed_ledger_squeeze,131,0.01,0.007633587786259542,False,0.0023664122137404585
fixed_ledger_squeeze,132,0.01,0.007575757575757576,False,0.0024242424242424242
fixed_ledger_squeeze,133,0.01,0.007518796992481203,False,0.0024812030075187976
fixed_ledger_squeeze,134,0.01,0.007462686567164179,False,0.0025373134328358212
fixed_ledger_squeeze,135,0.01,0.007407407407407408,False,0.0025925925925925925
fixed_ledger_squeeze,136,0.01,0.007352941176470588,False,0.002647058823529412
fixed_ledger_squeeze,137,0.01,0.0072992700729927005,False,0.0027007299270072997
fixed_ledger_squeeze,138,0.01,0.007246376811594203,False,0.0027536231884057972
fixed_ledger_squeeze,139,0.01,0.007194244604316547,False,0.002805755395683453
fixed_ledger_squeeze,140,0.01,0.007142857142857143,False,0.0028571428571428576
fixed_ledger_squeeze,141,0.01,0.0070921985815602835,False,0.0029078014184397167
fixed_ledger_squeeze,142,0.01,0.007042253521126761,False,0.0029577464788732395
fixed_ledger_squeeze,143,0.01,0.006993006993006993,False,0.003006993006993007
fixed_ledger_squeeze,144,0.01,0.006944444444444444,False,0.003055555555555556
fixed_ledger_squeeze,145,0.01,0.006896551724137931,False,0.0031034482758620693
fixed_ledger_squeeze,146,0.01,0.00684931506849315,False,0.00315068493150685
fixed_ledger_squeeze,147,0.01,0.006802721088435374,False,0.0031972789115646263
fixed_ledger_squeeze,148,0.01,0.006756756756756757,False,0.003243243243243243
fixed_ledger_squeeze,149,0.01,0.006711409395973154,False,0.003288590604026846
fixed_ledger_squeeze,150,0.01,0.006666666666666667,False,0.003333333333333333
fixed_ledger_squeeze,151,0.01,0.006622516556291391,False,0.0033774834437086095
fixed_ledger_squeeze,152,0.01,0.006578947368421052,False,0.003421052631578948
fixed_ledger_squeeze,153,0.01,0.006535947712418301,False,0.0034640522875816994
fixed_ledger_squeeze,154,0.01,0.006493506493506494,False,0.0035064935064935063
fixed_ledger_squeeze,155,0.01,0.0064516129032258064,False,0.0035483870967741938
fixed_ledger_squeeze,156,0.01,0.00641025641025641,False,0.00358974358974359
fixed_ledger_squeeze,157,0.01,0.006369426751592357,False,0.003630573248407643
fixed_ledger_squeeze,158,0.01,0.006329113924050633,False,0.0036708860759493674
fixed_ledger_squeeze,159,0.01,0.006289308176100629,False,0.003710691823899371
fixed_ledger_squeeze,160,0.01,0.00625,False,0.00375
fixed_ledger_squeeze,161,0.01,0.006211180124223602,False,0.003788819875776398
fixed_ledger_squeeze,162,0.01,0.006172839506172839,False,0.003827160493827161
fixed_ledger_squeeze,163,0.01,0.006134969325153374,False,0.003865030674846626
fixed_ledger_squeeze,164,0.01,0.006097560975609756,False,0.003902439024390244
fixed_ledger_squeeze,165,0.01,0.006060606060606061,False,0.00393939393939394
fixed_ledger_squeeze,166,0.01,0.006024096385542169,False,0.003975903614457831
fixed_ledger_squeeze,167,0.01,0.005988023952095809,False,0.0040119760479041915
fixed_ledger_squeeze,168,0.01,0.005952380952380952,False,0.004047619047619048
fixed_ledger_squeeze,169,0.01,0.005917159763313609,False,0.004082840236686391
fixed_ledger_squeeze,170,0.01,0.0058823529411764705,False,0.00411764705882353
fixed_ledger_squeeze,171,0.01,0.005847953216374269,False,0.0041520467836257315
fixed_ledger_squeeze,172,0.01,0.005813953488372093,False,0.004186046511627907
fixed_ledger_squeeze,173,0.01,0.005780346820809248,False,0.004219653179190752
fixed_ledger_squeeze,174,0.01,0.005747126436781609,False,0.004252873563218391
fixed_ledger_squeeze,175,0.01,0.005714285714285714,False,0.004285714285714286
fixed_ledger_squeeze,176,0.01,0.005681818181818182,False,0.004318181818181818
fixed_ledger_squeeze,177,0.01,0.005649717514124294,False,0.0043502824858757064
fixed_ledger_squeeze,178,0.01,0.0056179775280898875,False,0.004382022471910113
fixed_ledger_squeeze,179,0.01,0.00558659217877095,False,0.00441340782122905
fixed_ledger_squeeze,180,0.01,0.005555555555555556,False,0.0044444444444444444
fixed_ledger_squeeze,181,0.01,0.0055248618784530384,False,0.004475138121546962
fixed_ledger_squeeze,182,0.01,0.005494505494505495,False,0.004505494505494505
fixed_ledger_squeeze,183,0.01,0.00546448087431694,False,0.00453551912568306
fixed_ledger_squeeze,184,0.01,0.005434782608695652,False,0.004565217391304348
fixed_ledger_squeeze,185,0.01,0.005405405405405406,False,0.0045945945945945945
fixed_ledger_squeeze,186,0.01,0.005376344086021506,False,0.004623655913978494
fixed_ledger_squeeze,187,0.01,0.0053475935828877,False,0.0046524064171123
fixed_ledger_squeeze,188,0.01,0.005319148936170213,False,0.004680851063829788
fixed_ledger_squeeze,189,0.01,0.005291005291005291,False,0.0047089947089947095
fixed_ledger_squeeze,190,0.01,0.005263157894736842,False,0.004736842105263158
fixed_ledger_squeeze,191,0.01,0.005235602094240838,False,0.004764397905759162
fixed_ledger_squeeze,192,0.01,0.005208333333333333,False,0.004791666666666667
fixed_ledger_squeeze,193,0.01,0.0051813471502590676,False,0.004818652849740933
fixed_ledger_squeeze,194,0.01,0.005154639175257732,False,0.004845360824742268
fixed_ledger_squeeze,195,0.01,0.005128205128205128,False,0.004871794871794872
fixed_ledger_squeeze,196,0.01,0.00510204081632653,False,0.00489795918367347
fixed_ledger_squeeze,197,0.01,0.005076142131979695,False,0.004923857868020305
fixed_ledger_squeeze,198,0.01,0.005050505050505051,False,0.004949494949494949
fixed_ledger_squeeze,199,0.01,0.005025125628140704,False,0.004974874371859297
fixed_ledger_squeeze,200,0.01,0.005,False,0.005
fixed_ledger_squeeze,201,0.01,0.004975124378109453,False,0.005024875621890548
fixed_ledger_squeeze,202,0.01,0.0049504950495049506,False,0.00504950495049505
fixed_ledger_squeeze,203,0.01,0.0049261083743842365,False,0.005073891625615764
fixed_ledger_squeeze,204,0.01,0.004901960784313725,False,0.005098039215686275
fixed_ledger_squeeze,205,0.01,0.004878048780487805,False,0.005121951219512195
fixed_ledger_squeeze,206,0.01,0.0048543689320388345,False,0.005145631067961166
fixed_ledger_squeeze,207,0.01,0.004830917874396135,False,0.005169082125603865
fixed_ledger_squeeze,208,0.01,0.004807692307692308,False,0.005192307692307692
fixed_ledger_squeeze,209,0.01,0.004784688995215311,False,0.005215311004784689
fixed_ledger_squeeze,210,0.01,0.004761904761904762,False,0.005238095238095238
fixed_ledger_squeeze,211,0.01,0.004739336492890996,False,0.005260663507109005
fixed_ledger_squeeze,212,0.01,0.0047169811320754715,False,0.005283018867924529
fixed_ledger_squeeze,213,0.01,0.004694835680751174,False,0.005305164319248826
fixed_ledger_squeeze,214,0.01,0.004672897196261682,False,0.005327102803738318
fixed_ledger_squeeze,215,0.01,0.004651162790697674,False,0.005348837209302326
fixed_ledger_squeeze,216,0.01,0.004629629629629629,False,0.005370370370370371
fixed_ledger_squeeze,217,0.01,0.004608294930875576,False,0.005391705069124424
fixed_ledger_squeeze,218,0.01,0.0045871559633027525,False,0.005412844036697248
fixed_ledger_squeeze,219,0.01,0.0045662100456621,False,0.0054337899543379
fixed_ledger_squeeze,220,0.01,0.004545454545454545,False,0.005454545454545455
fixed_ledger_squeeze,221,0.01,0.004524886877828055,False,0.0054751131221719455
fixed_ledger_squeeze,222,0.01,0.0045045045045045045,False,0.005495495495495496
fixed_ledger_squeeze,223,0.01,0.004484304932735426,False,0.005515695067264574
fixed_ledger_squeeze,224,0.01,0.004464285714285714,False,0.005535714285714286
fixed_ledger_squeeze,225,0.01,0.0044444444444444444,False,0.005555555555555556
fixed_ledger_squeeze,226,0.01,0.004424778761061947,False,0.005575221238938053
fixed_ledger_squeeze,227,0.01,0.004405286343612335,False,0.005594713656387665
fixed_ledger_squeeze,228,0.01,0.0043859649122807015,False,0.005614035087719299
fixed_ledger_squeeze,229,0.01,0.004366812227074236,False,0.005633187772925765
fixed_ledger_squeeze,230,0.01,0.004347826086956522,False,0.005652173913043478
fixed_ledger_squeeze,231,0.01,0.004329004329004329,False,0.005670995670995671
fixed_ledger_squeeze,232,0.01,0.004310344827586207,False,0.005689655172413793
fixed_ledger_squeeze,233,0.01,0.004291845493562232,False,0.0057081545064377685
fixed_ledger_squeeze,234,0.01,0.004273504273504274,False,0.005726495726495726
fixed_ledger_squeeze,235,0.01,0.00425531914893617,False,0.00574468085106383
fixed_ledger_squeeze,236,0.01,0.00423728813559322,False,0.00576271186440678
fixed_ledger_squeeze,237,0.01,0.004219409282700422,False,0.005780590717299579
fixed_ledger_squeeze,238,0.01,0.004201680672268907,False,0.005798319327731093
fixed_ledger_squeeze,239,0.01,0.0041841004184100415,False,0.005815899581589959
fixed_ledger_squeeze,240,0.01,0.004166666666666667,False,0.005833333333333334
fixed_ledger_squeeze,241,0.01,0.004149377593360996,False,0.005850622406639004
fixed_ledger_squeeze,242,0.01,0.004132231404958678,False,0.005867768595041322
fixed_ledger_squeeze,243,0.01,0.00411522633744856,False,0.00588477366255144
fixed_ledger_squeeze,244,0.01,0.004098360655737705,False,0.005901639344262295
fixed_ledger_squeeze,245,0.01,0.004081632653061225,False,0.005918367346938775
fixed_ledger_squeeze,246,0.01,0.0040650406504065045,False,0.005934959349593496
fixed_ledger_squeeze,247,0.01,0.004048582995951417,False,0.005951417004048583
fixed_ledger_squeeze,248,0.01,0.004032258064516129,False,0.005967741935483871
fixed_ledger_squeeze,249,0.01,0.004016064257028112,False,0.005983935742971888
fixed_ledger_squeeze,250,0.01,0.004,False,0.006
fixed_ledger_squeeze,251,0.01,0.00398406374501992,False,0.00601593625498008
fixed_ledger_squeeze,252,0.01,0.003968253968253968,False,0.006031746031746032
fixed_ledger_squeeze,253,0.01,0.003952569169960474,False,0.006047430830039526
fixed_ledger_squeeze,254,0.01,0.003937007874015748,False,0.006062992125984252
fixed_ledger_squeeze,255,0.01,0.00392156862745098,False,0.00607843137254902
fixed_ledger_squeeze,256,0.01,0.00390625,False,0.00609375
fixed_ledger_squeeze,257,0.01,0.0038910505836575876,False,0.006108949416342413
fixed_ledger_squeeze,258,0.01,0.003875968992248062,False,0.006124031007751938
fixed_ledger_squeeze,259,0.01,0.003861003861003861,False,0.006138996138996139
fixed_ledger_squeeze,260,0.01,0.0038461538461538464,False,0.006153846153846154
fixed_ledger_squeeze,261,0.01,0.0038314176245210726,False,0.006168582375478928
fixed_ledger_squeeze,262,0.01,0.003816793893129771,False,0.00618320610687023
fixed_ledger_squeeze,263,0.01,0.0038022813688212928,False,0.006197718631178708
fixed_ledger_squeeze,264,0.01,0.003787878787878788,False,0.006212121212121212
fixed_ledger_squeeze,265,0.01,0.0037735849056603774,False,0.006226415094339623
fixed_ledger_squeeze,266,0.01,0.0037593984962406013,False,0.006240601503759399
fixed_ledger_squeeze,267,0.01,0.003745318352059925,False,0.006254681647940075
fixed_ledger_squeeze,268,0.01,0.0037313432835820895,False,0.00626865671641791
fixed_ledger_squeeze,269,0.01,0.0037174721189591076,False,0.006282527881040893
fixed_ledger_squeeze,270,0.01,0.003703703703703704,False,0.006296296296296296
fixed_ledger_squeeze,271,0.01,0.0036900369003690036,False,0.006309963099630996
fixed_ledger_squeeze,272,0.01,0.003676470588235294,False,0.006323529411764706
fixed_ledger_squeeze,273,0.01,0.003663003663003663,False,0.006336996336996337
fixed_ledger_squeeze,274,0.01,0.0036496350364963502,False,0.00635036496350365
fixed_ledger_squeeze,275,0.01,0.0036363636363636364,False,0.006363636363636364
fixed_ledger_squeeze,276,0.01,0.0036231884057971015,False,0.006376811594202898
fixed_ledger_squeeze,277,0.01,0.0036101083032490976,False,0.006389891696750903
fixed_ledger_squeeze,278,0.01,0.0035971223021582736,False,0.006402877697841727
fixed_ledger_squeeze,279,0.01,0.0035842293906810036,False,0.006415770609318997
fixed_ledger_squeeze,280,0.01,0.0035714285714285713,False,0.006428571428571429
fixed_ledger_squeeze,281,0.01,0.0035587188612099642,False,0.006441281138790036
fixed_ledger_squeeze,282,0.01,0.0035460992907801418,False,0.0064539007092198585
fixed_ledger_squeeze,283,0.01,0.0035335689045936395,False,0.006466431095406361
fixed_ledger_squeeze,284,0.01,0.0035211267605633804,False,0.006478873239436619
fixed_ledger_squeeze,285,0.01,0.0035087719298245615,False,0.006491228070175438
fixed_ledger_squeeze,286,0.01,0.0034965034965034965,False,0.006503496503496504
fixed_ledger_squeeze,287,0.01,0.003484320557491289,False,0.006515679442508711
fixed_ledger_squeeze,288,0.01,0.003472222222222222,False,0.006527777777777778
fixed_ledger_squeeze,289,0.01,0.0034602076124567475,False,0.006539792387543253
fixed_ledger_squeeze,290,0.01,0.0034482758620689655,False,0.006551724137931035
fixed_ledger_squeeze,291,0.01,0.003436426116838488,False,0.006563573883161512
fixed_ledger_squeeze,292,0.01,0.003424657534246575,False,0.006575342465753425
fixed_ledger_squeeze,293,0.01,0.0034129692832764505,False,0.006587030716723549
fixed_ledger_squeeze,294,0.01,0.003401360544217687,False,0.006598639455782313
fixed_ledger_squeeze,295,0.01,0.003389830508474576,False,0.006610169491525424
fixed_ledger_squeeze,296,0.01,0.0033783783783783786,False,0.006621621621621622
fixed_ledger_squeeze,297,0.01,0.003367003367003367,False,0.006632996632996633
fixed_ledger_squeeze,298,0.01,0.003355704697986577,False,0.006644295302013423
fixed_ledger_squeeze,299,0.01,0.0033444816053511705,False,0.00665551839464883
fixed_ledger_squeeze,300,0.01,0.0033333333333333335,False,0.006666666666666666
fixed_ledger_squeeze,301,0.01,0.0033222591362126247,False,0.0066777408637873755
fixed_ledger_squeeze,302,0.01,0.0033112582781456954,False,0.006688741721854305
fixed_ledger_squeeze,303,0.01,0.0033003300330033004,False,0.0066996699669967
fixed_ledger_squeeze,304,0.01,0.003289473684210526,False,0.006710526315789474
fixed_ledger_squeeze,305,0.01,0.003278688524590164,False,0.006721311475409836
fixed_ledger_squeeze,306,0.01,0.0032679738562091504,False,0.006732026143790849
fixed_ledger_squeeze,307,0.01,0.003257328990228013,False,0.0067426710097719875
fixed_ledger_squeeze,308,0.01,0.003246753246753247,False,0.006753246753246753
fixed_ledger_squeeze,309,0.01,0.003236245954692557,False,0.006763754045307444
fixed_ledger_squeeze,310,0.01,0.0032258064516129032,False,0.006774193548387097
fixed_ledger_squeeze,311,0.01,0.003215434083601286,False,0.006784565916398714
fixed_ledger_squeeze,312,0.01,0.003205128205128205,False,0.006794871794871795
fixed_ledger_squeeze,313,0.01,0.003194888178913738,False,0.006805111821086262
fixed_ledger_squeeze,314,0.01,0.0031847133757961785,False,0.006815286624203822
fixed_ledger_squeeze,315,0.01,0.0031746031746031746,False,0.006825396825396826
fixed_ledger_squeeze,316,0.01,0.0031645569620253164,False,0.006835443037974684
fixed_ledger_squeeze,317,0.01,0.0031545741324921135,False,0.006845425867507887
fixed_ledger_squeeze,318,0.01,0.0031446540880503146,False,0.006855345911949686
fixed_ledger_squeeze,319,0.01,0.003134796238244514,False,0.006865203761755486
fixed_ledger_squeeze,320,0.01,0.003125,False,0.006875
fixed_ledger_squeeze,321,0.01,0.003115264797507788,False,0.006884735202492212
fixed_ledger_squeeze,322,0.01,0.003105590062111801,False,0.006894409937888199
fixed_ledger_squeeze,323,0.01,0.0030959752321981426,False,0.006904024767801858
fixed_ledger_squeeze,324,0.01,0.0030864197530864196,False,0.006913580246913581
fixed_ledger_squeeze,325,0.01,0.003076923076923077,False,0.006923076923076923
fixed_ledger_squeeze,326,0.01,0.003067484662576687,False,0.0069325153374233135
fixed_ledger_squeeze,327,0.01,0.0030581039755351682,False,0.006941896024464832
fixed_ledger_squeeze,328,0.01,0.003048780487804878,False,0.006951219512195122
fixed_ledger_squeeze,329,0.01,0.00303951367781155,False,0.00696048632218845
fixed_ledger_squeeze,330,0.01,0.0030303030303030303,False,0.0069696969696969695
fixed_ledger_squeeze,331,0.01,0.0030211480362537764,False,0.006978851963746224
fixed_ledger_squeeze,332,0.01,0.0030120481927710845,False,0.006987951807228916
fixed_ledger_squeeze,333,0.01,0.003003003003003003,False,0.006996996996996997
fixed_ledger_squeeze,334,0.01,0.0029940119760479044,False,0.007005988023952096
fixed_ledger_squeeze,335,0.01,0.0029850746268656717,False,0.007014925373134329
fixed_ledger_squeeze,336,0.01,0.002976190476190476,False,0.007023809523809524
fixed_ledger_squeeze,337,0.01,0.002967359050445104,False,0.007032640949554896
fixed_ledger_squeeze,338,0.01,0.0029585798816568047,False,0.007041420118343196
fixed_ledger_squeeze,339,0.01,0.0029498525073746312,False,0.007050147492625369
fixed_ledger_squeeze,340,0.01,0.0029411764705882353,False,0.007058823529411765
fixed_ledger_squeeze,341,0.01,0.002932551319648094,False,0.007067448680351906
fixed_ledger_squeeze,342,0.01,0.0029239766081871343,False,0.007076023391812866
fixed_ledger_squeeze,343,0.01,0.0029154518950437317,False,0.007084548104956269
fixed_ledger_squeeze,344,0.01,0.0029069767441860465,False,0.007093023255813954
fixed_ledger_squeeze,345,0.01,0.002898550724637681,False,0.007101449275362319
fixed_ledger_squeeze,346,0.01,0.002890173410404624,False,0.007109826589595376
fixed_ledger_squeeze,347,0.01,0.002881844380403458,False,0.007118155619596542
fixed_ledger_squeeze,348,0.01,0.0028735632183908046,False,0.007126436781609196
fixed_ledger_squeeze,349,0.01,0.0028653295128939827,False,0.007134670487106018
fixed_ledger_squeeze,350,0.01,0.002857142857142857,False,0.0071428571428571435
fixed_ledger_squeeze,351,0.01,0.002849002849002849,False,0.0071509971509971515
fixed_ledger_squeeze,352,0.01,0.002840909090909091,False,0.007159090909090909
fixed_ledger_squeeze,353,0.01,0.0028328611898017,False,0.007167138810198301
fixed_ledger_squeeze,354,0.01,0.002824858757062147,False,0.007175141242937853
fixed_ledger_squeeze,355,0.01,0.0028169014084507044,False,0.007183098591549296
fixed_ledger_squeeze,356,0.01,0.0028089887640449437,False,0.0071910112359550565
fixed_ledger_squeeze,357,0.01,0.0028011204481792717,False,0.007198879551820728
fixed_ledger_squeeze,358,0.01,0.002793296089385475,False,0.007206703910614525
fixed_ledger_squeeze,359,0.01,0.002785515320334262,False,0.007214484679665739
fixed_ledger_squeeze,360,0.01,0.002777777777777778,False,0.007222222222222222
fixed_ledger_squeeze,361,0.01,0.002770083102493075,False,0.007229916897506926
fixed_ledger_squeeze,362,0.01,0.0027624309392265192,False,0.007237569060773481
fixed_ledger_squeeze,363,0.01,0.0027548209366391185,False,0.007245179063360882
fixed_ledger_squeeze,364,0.01,0.0027472527472527475,False,0.007252747252747252
fixed_ledger_squeeze,365,0.01,0.0027397260273972603,False,0.00726027397260274
fixed_ledger_squeeze,366,0.01,0.00273224043715847,False,0.007267759562841531
fixed_ledger_squeeze,367,0.01,0.0027247956403269754,False,0.007275204359673024
fixed_ledger_squeeze,368,0.01,0.002717391304347826,False,0.007282608695652174
fixed_ledger_squeeze,369,0.01,0.0027100271002710027,False,0.0072899728997289975
fixed_ledger_squeeze,370,0.01,0.002702702702702703,False,0.007297297297297297
fixed_ledger_squeeze,371,0.01,0.0026954177897574125,False,0.007304582210242588
fixed_ledger_squeeze,372,0.01,0.002688172043010753,False,0.007311827956989247
fixed_ledger_squeeze,373,0.01,0.002680965147453083,False,0.007319034852546917
fixed_ledger_squeeze,374,0.01,0.00267379679144385,False,0.00732620320855615
fixed_ledger_squeeze,375,0.01,0.0026666666666666666,False,0.007333333333333334
fixed_ledger_squeeze,376,0.01,0.0026595744680851063,False,0.0073404255319148935
fixed_ledger_squeeze,377,0.01,0.002652519893899204,False,0.0073474801061007965
fixed_ledger_squeeze,378,0.01,0.0026455026455026454,False,0.007354497354497355
fixed_ledger_squeeze,379,0.01,0.002638522427440633,False,0.007361477572559367
fixed_ledger_squeeze,380,0.01,0.002631578947368421,False,0.00736842105263158
fixed_ledger_squeeze,381,0.01,0.0026246719160104987,False,0.0073753280839895016
fixed_ledger_squeeze,382,0.01,0.002617801047120419,False,0.007382198952879581
fixed_ledger_squeeze,383,0.01,0.0026109660574412533,False,0.007389033942558747
fixed_ledger_squeeze,384,0.01,0.0026041666666666665,False,0.007395833333333334
fixed_ledger_squeeze,385,0.01,0.0025974025974025974,False,0.007402597402597403
fixed_ledger_squeeze,386,0.01,0.0025906735751295338,False,0.007409326424870466
fixed_ledger_squeeze,387,0.01,0.002583979328165375,False,0.007416020671834625
fixed_ledger_squeeze,388,0.01,0.002577319587628866,False,0.007422680412371135
fixed_ledger_squeeze,389,0.01,0.002570694087403599,False,0.007429305912596402
fixed_ledger_squeeze,390,0.01,0.002564102564102564,False,0.0074358974358974365
fixed_ledger_squeeze,391,0.01,0.0025575447570332483,False,0.0074424552429667515
fixed_ledger_squeeze,392,0.01,0.002551020408163265,False,0.0074489795918367355
fixed_ledger_squeeze,393,0.01,0.002544529262086514,False,0.007455470737913486
fixed_ledger_squeeze,394,0.01,0.0025380710659898475,False,0.007461928934010153
fixed_ledger_squeeze,395,0.01,0.002531645569620253,False,0.007468354430379747
fixed_ledger_squeeze,396,0.01,0.0025252525252525255,False,0.007474747474747474
fixed_ledger_squeeze,397,0.01,0.0025188916876574307,False,0.0074811083123425695
fixed_ledger_squeeze,398,0.01,0.002512562814070352,False,0.007487437185929648
fixed_ledger_squeeze,399,0.01,0.002506265664160401,False,0.007493734335839599
fixed_ledger_squeeze,400,0.01,0.0025,False,0.0075
fixed_ledger_squeeze,401,0.01,0.0024937655860349127,False,0.0075062344139650876
fixed_ledger_squeeze,402,0.01,0.0024875621890547263,False,0.007512437810945274
fixed_ledger_squeeze,403,0.01,0.0024813895781637717,False,0.0075186104218362285
fixed_ledger_squeeze,404,0.01,0.0024752475247524753,False,0.0075247524752475245
fixed_ledger_squeeze,405,0.01,0.0024691358024691358,False,0.007530864197530865
fixed_ledger_squeeze,406,0.01,0.0024630541871921183,False,0.0075369458128078815
fixed_ledger_squeeze,407,0.01,0.002457002457002457,False,0.007542997542997544
fixed_ledger_squeeze,408,0.01,0.0024509803921568627,False,0.0075490196078431375
fixed_ledger_squeeze,409,0.01,0.0024449877750611247,False,0.0075550122249388755
fixed_ledger_squeeze,410,0.01,0.0024390243902439024,False,0.007560975609756097
fixed_ledger_squeeze,411,0.01,0.0024330900243309003,False,0.0075669099756690995
fixed_ledger_squeeze,412,0.01,0.0024271844660194173,False,0.007572815533980583
fixed_ledger_squeeze,413,0.01,0.002421307506053269,False,0.007578692493946731
fixed_ledger_squeeze,414,0.01,0.0024154589371980675,False,0.007584541062801932
fixed_ledger_squeeze,415,0.01,0.0024096385542168677,False,0.007590361445783133
fixed_ledger_squeeze,416,0.01,0.002403846153846154,False,0.007596153846153846
fixed_ledger_squeeze,417,0.01,0.002398081534772182,False,0.007601918465227818
fixed_ledger_squeeze,418,0.01,0.0023923444976076554,False,0.007607655502392344
fixed_ledger_squeeze,419,0.01,0.002386634844868735,False,0.007613365155131265
fixed_ledger_squeeze,420,0.01,0.002380952380952381,False,0.007619047619047619
fixed_ledger_squeeze,421,0.01,0.0023752969121140144,False,0.007624703087885986
fixed_ledger_squeeze,422,0.01,0.002369668246445498,False,0.007630331753554502
fixed_ledger_squeeze,423,0.01,0.002364066193853428,False,0.007635933806146572
fixed_ledger_squeeze,424,0.01,0.0023584905660377358,False,0.007641509433962265
fixed_ledger_squeeze,425,0.01,0.002352941176470588,False,0.007647058823529412
fixed_ledger_squeeze,426,0.01,0.002347417840375587,False,0.007652582159624413
fixed_ledger_squeeze,427,0.01,0.00234192037470726,False,0.00765807962529274
fixed_ledger_squeeze,428,0.01,0.002336448598130841,False,0.007663551401869159
fixed_ledger_squeeze,429,0.01,0.002331002331002331,False,0.007668997668997669
fixed_ledger_squeeze,430,0.01,0.002325581395348837,False,0.007674418604651163
fixed_ledger_squeeze,431,0.01,0.002320185614849188,False,0.007679814385150812
fixed_ledger_squeeze,432,0.01,0.0023148148148148147,False,0.0076851851851851855
fixed_ledger_squeeze,433,0.01,0.0023094688221709007,False,0.007690531177829099
fixed_ledger_squeeze,434,0.01,0.002304147465437788,False,0.007695852534562212
fixed_ledger_squeeze,435,0.01,0.0022988505747126436,False,0.0077011494252873566
fixed_ledger_squeeze,436,0.01,0.0022935779816513763,False,0.007706422018348624
fixed_ledger_squeeze,437,0.01,0.002288329519450801,False,0.0077116704805492
fixed_ledger_squeeze,438,0.01,0.00228310502283105,False,0.00771689497716895
fixed_ledger_squeeze,439,0.01,0.002277904328018223,False,0.0077220956719817775
fixed_ledger_squeeze,440,0.01,0.0022727272727272726,False,0.007727272727272728
fixed_ledger_squeeze,441,0.01,0.0022675736961451248,False,0.007732426303854876
fixed_ledger_squeeze,442,0.01,0.0022624434389140274,False,0.007737556561085972
fixed_ledger_squeeze,443,0.01,0.002257336343115124,False,0.007742663656884877
fixed_ledger_squeeze,444,0.01,0.0022522522522522522,False,0.007747747747747748
fixed_ledger_squeeze,445,0.01,0.0022471910112359553,False,0.0077528089887640445
fixed_ledger_squeeze,446,0.01,0.002242152466367713,False,0.007757847533632288
fixed_ledger_squeeze,447,0.01,0.0022371364653243847,False,0.0077628635346756155
fixed_ledger_squeeze,448,0.01,0.002232142857142857,False,0.007767857142857143
fixed_ledger_squeeze,449,0.01,0.0022271714922048997,False,0.0077728285077951
fixed_ledger_squeeze,450,0.01,0.0022222222222222222,False,0.0077777777777777776
fixed_ledger_squeeze,451,0.01,0.0022172949002217295,False,0.007782705099778271
fixed_ledger_squeeze,452,0.01,0.0022123893805309734,False,0.007787610619469027
fixed_ledger_squeeze,453,0.01,0.002207505518763797,False,0.007792494481236203
fixed_ledger_squeeze,454,0.01,0.0022026431718061676,False,0.007797356828193833
fixed_ledger_squeeze,455,0.01,0.002197802197802198,False,0.007802197802197802
fixed_ledger_squeeze,456,0.01,0.0021929824561403508,False,0.0078070175438596495
fixed_ledger_squeeze,457,0.01,0.002188183807439825,False,0.007811816192560175
fixed_ledger_squeeze,458,0.01,0.002183406113537118,False,0.007816593886462882
fixed_ledger_squeeze,459,0.01,0.002178649237472767,False,0.007821350762527234
fixed_ledger_squeeze,460,0.01,0.002173913043478261,False,0.00782608695652174
fixed_ledger_squeeze,461,0.01,0.0021691973969631237,False,0.007830802603036877
fixed_ledger_squeeze,462,0.01,0.0021645021645021645,False,0.007835497835497836
fixed_ledger_squeeze,463,0.01,0.0021598272138228943,False,0.007840172786177105
fixed_ledger_squeeze,464,0.01,0.0021551724137931034,False,0.007844827586206898
fixed_ledger_squeeze,465,0.01,0.002150537634408602,False,0.007849462365591399
fixed_ledger_squeeze,466,0.01,0.002145922746781116,False,0.007854077253218884
fixed_ledger_squeeze,467,0.01,0.0021413276231263384,False,0.007858672376873661
fixed_ledger_squeeze,468,0.01,0.002136752136752137,False,0.007863247863247862
fixed_ledger_squeeze,469,0.01,0.0021321961620469083,False,0.007867803837953092
fixed_ledger_squeeze,470,0.01,0.002127659574468085,False,0.007872340425531916
fixed_ledger_squeeze,471,0.01,0.0021231422505307855,False,0.007876857749469215
fixed_ledger_squeeze,472,0.01,0.00211864406779661,False,0.00788135593220339
fixed_ledger_squeeze,473,0.01,0.0021141649048625794,False,0.007885835095137421
fixed_ledger_squeeze,474,0.01,0.002109704641350211,False,0.007890295358649789
fixed_ledger_squeeze,475,0.01,0.002105263157894737,False,0.007894736842105263
fixed_ledger_squeeze,476,0.01,0.0021008403361344537,False,0.007899159663865547
fixed_ledger_squeeze,477,0.01,0.0020964360587002098,False,0.00790356394129979
fixed_ledger_squeeze,478,0.01,0.0020920502092050207,False,0.007907949790794979
fixed_ledger_squeeze,479,0.01,0.0020876826722338203,False,0.00791231732776618
fixed_ledger_squeeze,480,0.01,0.0020833333333333333,False,0.007916666666666667
fixed_ledger_squeeze,481,0.01,0.002079002079002079,False,0.007920997920997921
fixed_ledger_squeeze,482,0.01,0.002074688796680498,False,0.007925311203319503
fixed_ledger_squeeze,483,0.01,0.002070393374741201,False,0.007929606625258798
fixed_ledger_squeeze,484,0.01,0.002066115702479339,False,0.007933884297520661
fixed_ledger_squeeze,485,0.01,0.002061855670103093,False,0.007938144329896908
fixed_ledger_squeeze,486,0.01,0.00205761316872428,False,0.007942386831275721
fixed_ledger_squeeze,487,0.01,0.002053388090349076,False,0.007946611909650923
fixed_ledger_squeeze,488,0.01,0.0020491803278688526,False,0.007950819672131147
fixed_ledger_squeeze,489,0.01,0.002044989775051125,False,0.007955010224948876
fixed_ledger_squeeze,490,0.01,0.0020408163265306124,False,0.007959183673469388
fixed_ledger_squeeze,491,0.01,0.002036659877800407,False,0.007963340122199594
fixed_ledger_squeeze,492,0.01,0.0020325203252032522,False,0.007967479674796748
fixed_ledger_squeeze,493,0.01,0.002028397565922921,False,0.00797160243407708
fixed_ledger_squeeze,494,0.01,0.0020242914979757085,False,0.007975708502024292
fixed_ledger_squeeze,495,0.01,0.00202020202020202,False,0.00797979797979798
fixed_ledger_squeeze,496,0.01,0.0020161290322580645,False,0.007983870967741936
fixed_ledger_squeeze,497,0.01,0.002012072434607646,False,0.007987927565392353
fixed_ledger_squeeze,498,0.01,0.002008032128514056,False,0.007991967871485945
fixed_ledger_squeeze,499,0.01,0.002004008016032064,False,0.007995991983967936
fixed_ledger_squeeze,500,0.01,0.002,False,0.008
fixed_ledger_squeeze,1,0.05,1.0,True,0.0
fixed_ledger_squeeze,2,0.05,0.5,True,0.0
fixed_ledger_squeeze,3,0.05,0.3333333333333333,True,0.0
fixed_ledger_squeeze,4,0.05,0.25,True,0.0
fixed_ledger_squeeze,5,0.05,0.2,True,0.0
fixed_ledger_squeeze,6,0.05,0.16666666666666666,True,0.0
fixed_ledger_squeeze,7,0.05,0.14285714285714285,True,0.0
fixed_ledger_squeeze,8,0.05,0.125,True,0.0
fixed_ledger_squeeze,9,0.05,0.1111111111111111,True,0.0
fixed_ledger_squeeze,10,0.05,0.1,True,0.0
fixed_ledger_squeeze,11,0.05,0.09090909090909091,True,0.0
fixed_ledger_squeeze,12,0.05,0.08333333333333333,True,0.0
fixed_ledger_squeeze,13,0.05,0.07692307692307693,True,0.0
fixed_ledger_squeeze,14,0.05,0.07142857142857142,True,0.0
fixed_ledger_squeeze,15,0.05,0.06666666666666667,True,0.0
fixed_ledger_squeeze,16,0.05,0.0625,True,0.0
fixed_ledger_squeeze,17,0.05,0.058823529411764705,True,0.0
fixed_ledger_squeeze,18,0.05,0.05555555555555555,True,0.0
fixed_ledger_squeeze,19,0.05,0.05263157894736842,True,0.0
fixed_ledger_squeeze,20,0.05,0.05,True,0.0
fixed_ledger_squeeze,21,0.05,0.047619047619047616,False,0.0023809523809523864
fixed_ledger_squeeze,22,0.05,0.045454545454545456,False,0.004545454545454547
fixed_ledger_squeeze,23,0.05,0.043478260869565216,False,0.006521739130434787
fixed_ledger_squeeze,24,0.05,0.041666666666666664,False,0.008333333333333338
fixed_ledger_squeeze,25,0.05,0.04,False,0.010000000000000002
fixed_ledger_squeeze,26,0.05,0.038461538461538464,False,0.011538461538461539
fixed_ledger_squeeze,27,0.05,0.037037037037037035,False,0.012962962962962968
fixed_ledger_squeeze,28,0.05,0.03571428571428571,False,0.01428571428571429
fixed_ledger_squeeze,29,0.05,0.034482758620689655,False,0.015517241379310348
fixed_ledger_squeeze,30,0.05,0.03333333333333333,False,0.01666666666666667
fixed_ledger_squeeze,31,0.05,0.03225806451612903,False,0.01774193548387097
fixed_ledger_squeeze,32,0.05,0.03125,False,0.018750000000000003
fixed_ledger_squeeze,33,0.05,0.030303030303030304,False,0.0196969696969697
fixed_ledger_squeeze,34,0.05,0.029411764705882353,False,0.02058823529411765
fixed_ledger_squeeze,35,0.05,0.02857142857142857,False,0.021428571428571432
fixed_ledger_squeeze,36,0.05,0.027777777777777776,False,0.022222222222222227
fixed_ledger_squeeze,37,0.05,0.02702702702702703,False,0.022972972972972974
fixed_ledger_squeeze,38,0.05,0.02631578947368421,False,0.023684210526315794
fixed_ledger_squeeze,39,0.05,0.02564102564102564,False,0.024358974358974363
fixed_ledger_squeeze,40,0.05,0.025,False,0.025
fixed_ledger_squeeze,41,0.05,0.024390243902439025,False,0.025609756097560978
fixed_ledger_squeeze,42,0.05,0.023809523809523808,False,0.026190476190476195
fixed_ledger_squeeze,43,0.05,0.023255813953488372,False,0.02674418604651163
fixed_ledger_squeeze,44,0.05,0.022727272727272728,False,0.027272727272727275
fixed_ledger_squeeze,45,0.05,0.022222222222222223,False,0.02777777777777778
fixed_ledger_squeeze,46,0.05,0.021739130434782608,False,0.028260869565217395
fixed_ledger_squeeze,47,0.05,0.02127659574468085,False,0.028723404255319152
fixed_ledger_squeeze,48,0.05,0.020833333333333332,False,0.02916666666666667
fixed_ledger_squeeze,49,0.05,0.02040816326530612,False,0.029591836734693882
fixed_ledger_squeeze,50,0.05,0.02,False,0.030000000000000002
fixed_ledger_squeeze,51,0.05,0.0196078431372549,False,0.0303921568627451
fixed_ledger_squeeze,52,0.05,0.019230769230769232,False,0.03076923076923077
fixed_ledger_squeeze,53,0.05,0.018867924528301886,False,0.031132075471698117
fixed_ledger_squeeze,54,0.05,0.018518518518518517,False,0.031481481481481485
fixed_ledger_squeeze,55,0.05,0.01818181818181818,False,0.03181818181818182
fixed_ledger_squeeze,56,0.05,0.017857142857142856,False,0.03214285714285715
fixed_ledger_squeeze,57,0.05,0.017543859649122806,False,0.0324561403508772
fixed_ledger_squeeze,58,0.05,0.017241379310344827,False,0.032758620689655175
fixed_ledger_squeeze,59,0.05,0.01694915254237288,False,0.033050847457627125
fixed_ledger_squeeze,60,0.05,0.016666666666666666,False,0.03333333333333334
fixed_ledger_squeeze,61,0.05,0.01639344262295082,False,0.03360655737704918
fixed_ledger_squeeze,62,0.05,0.016129032258064516,False,0.03387096774193549
fixed_ledger_squeeze,63,0.05,0.015873015873015872,False,0.03412698412698413
fixed_ledger_squeeze,64,0.05,0.015625,False,0.034375
fixed_ledger_squeeze,65,0.05,0.015384615384615385,False,0.03461538461538462
fixed_ledger_squeeze,66,0.05,0.015151515151515152,False,0.03484848484848485
fixed_ledger_squeeze,67,0.05,0.014925373134328358,False,0.03507462686567164
fixed_ledger_squeeze,68,0.05,0.014705882352941176,False,0.03529411764705882
fixed_ledger_squeeze,69,0.05,0.014492753623188406,False,0.035507246376811595
fixed_ledger_squeeze,70,0.05,0.014285714285714285,False,0.03571428571428572
fixed_ledger_squeeze,71,0.05,0.014084507042253521,False,0.03591549295774648
fixed_ledger_squeeze,72,0.05,0.013888888888888888,False,0.036111111111111115
fixed_ledger_squeeze,73,0.05,0.0136986301369863,False,0.0363013698630137
fixed_ledger_squeeze,74,0.05,0.013513513513513514,False,0.03648648648648649
fixed_ledger_squeeze,75,0.05,0.013333333333333334,False,0.03666666666666667
fixed_ledger_squeeze,76,0.05,0.013157894736842105,False,0.0368421052631579
fixed_ledger_squeeze,77,0.05,0.012987012987012988,False,0.03701298701298701
fixed_ledger_squeeze,78,0.05,0.01282051282051282,False,0.037179487179487186
fixed_ledger_squeeze,79,0.05,0.012658227848101266,False,0.03734177215189874
fixed_ledger_squeeze,80,0.05,0.0125,False,0.037500000000000006
fixed_ledger_squeeze,81,0.05,0.012345679012345678,False,0.037654320987654324
fixed_ledger_squeeze,82,0.05,0.012195121951219513,False,0.037804878048780494
fixed_ledger_squeeze,83,0.05,0.012048192771084338,False,0.03795180722891567
fixed_ledger_squeeze,84,0.05,0.011904761904761904,False,0.0380952380952381
fixed_ledger_squeeze,85,0.05,0.011764705882352941,False,0.03823529411764706
fixed_ledger_squeeze,86,0.05,0.011627906976744186,False,0.03837209302325582
fixed_ledger_squeeze,87,0.05,0.011494252873563218,False,0.038505747126436785
fixed_ledger_squeeze,88,0.05,0.011363636363636364,False,0.038636363636363635
fixed_ledger_squeeze,89,0.05,0.011235955056179775,False,0.03876404494382023
fixed_ledger_squeeze,90,0.05,0.011111111111111112,False,0.03888888888888889
fixed_ledger_squeeze,91,0.05,0.01098901098901099,False,0.03901098901098901
fixed_ledger_squeeze,92,0.05,0.010869565217391304,False,0.0391304347826087
fixed_ledger_squeeze,93,0.05,0.010752688172043012,False,0.03924731182795699
fixed_ledger_squeeze,94,0.05,0.010638297872340425,False,0.039361702127659576
fixed_ledger_squeeze,95,0.05,0.010526315789473684,False,0.03947368421052632
fixed_ledger_squeeze,96,0.05,0.010416666666666666,False,0.03958333333333334
fixed_ledger_squeeze,97,0.05,0.010309278350515464,False,0.03969072164948454
fixed_ledger_squeeze,98,0.05,0.01020408163265306,False,0.039795918367346944
fixed_ledger_squeeze,99,0.05,0.010101010101010102,False,0.0398989898989899
fixed_ledger_squeeze,100,0.05,0.01,False,0.04
fixed_ledger_squeeze,101,0.05,0.009900990099009901,False,0.0400990099009901
fixed_ledger_squeeze,102,0.05,0.00980392156862745,False,0.04019607843137255
fixed_ledger_squeeze,103,0.05,0.009708737864077669,False,0.04029126213592234
fixed_ledger_squeeze,104,0.05,0.009615384615384616,False,0.04038461538461539
fixed_ledger_squeeze,105,0.05,0.009523809523809525,False,0.04047619047619048
fixed_ledger_squeeze,106,0.05,0.009433962264150943,False,0.04056603773584906
fixed_ledger_squeeze,107,0.05,0.009345794392523364,False,0.04065420560747664
fixed_ledger_squeeze,108,0.05,0.009259259259259259,False,0.040740740740740744
fixed_ledger_squeeze,109,0.05,0.009174311926605505,False,0.0408256880733945
fixed_ledger_squeeze,110,0.05,0.00909090909090909,False,0.04090909090909091
fixed_ledger_squeeze,111,0.05,0.009009009009009009,False,0.040990990990990996
fixed_ledger_squeeze,112,0.05,0.008928571428571428,False,0.04107142857142858
fixed_ledger_squeeze,113,0.05,0.008849557522123894,False,0.04115044247787611
fixed_ledger_squeeze,114,0.05,0.008771929824561403,False,0.0412280701754386
fixed_ledger_squeeze,115,0.05,0.008695652173913044,False,0.04130434782608696
fixed_ledger_squeeze,116,0.05,0.008620689655172414,False,0.041379310344827586
fixed_ledger_squeeze,117,0.05,0.008547008547008548,False,0.04145299145299146
fixed_ledger_squeeze,118,0.05,0.00847457627118644,False,0.041525423728813564
fixed_ledger_squeeze,119,0.05,0.008403361344537815,False,0.04159663865546219
fixed_ledger_squeeze,120,0.05,0.008333333333333333,False,0.04166666666666667
fixed_ledger_squeeze,121,0.05,0.008264462809917356,False,0.04173553719008265
fixed_ledger_squeeze,122,0.05,0.00819672131147541,False,0.04180327868852459
fixed_ledger_squeeze,123,0.05,0.008130081300813009,False,0.04186991869918699
fixed_ledger_squeeze,124,0.05,0.008064516129032258,False,0.041935483870967745
fixed_ledger_squeeze,125,0.05,0.008,False,0.042
fixed_ledger_squeeze,126,0.05,0.007936507936507936,False,0.04206349206349207
fixed_ledger_squeeze,127,0.05,0.007874015748031496,False,0.04212598425196851
fixed_ledger_squeeze,128,0.05,0.0078125,False,0.0421875
fixed_ledger_squeeze,129,0.05,0.007751937984496124,False,0.04224806201550388
fixed_ledger_squeeze,130,0.05,0.007692307692307693,False,0.04230769230769231
fixed_ledger_squeeze,131,0.05,0.007633587786259542,False,0.04236641221374046
fixed_ledger_squeeze,132,0.05,0.007575757575757576,False,0.04242424242424243
fixed_ledger_squeeze,133,0.05,0.007518796992481203,False,0.0424812030075188
fixed_ledger_squeeze,134,0.05,0.007462686567164179,False,0.04253731343283582
fixed_ledger_squeeze,135,0.05,0.007407407407407408,False,0.0425925925925926
fixed_ledger_squeeze,136,0.05,0.007352941176470588,False,0.04264705882352941
fixed_ledger_squeeze,137,0.05,0.0072992700729927005,False,0.042700729927007304
fixed_ledger_squeeze,138,0.05,0.007246376811594203,False,0.0427536231884058
fixed_ledger_squeeze,139,0.05,0.007194244604316547,False,0.04280575539568346
fixed_ledger_squeeze,140,0.05,0.007142857142857143,False,0.04285714285714286
fixed_ledger_squeeze,141,0.05,0.0070921985815602835,False,0.04290780141843972
fixed_ledger_squeeze,142,0.05,0.007042253521126761,False,0.042957746478873245
fixed_ledger_squeeze,143,0.05,0.006993006993006993,False,0.04300699300699301
fixed_ledger_squeeze,144,0.05,0.006944444444444444,False,0.043055555555555555
fixed_ledger_squeeze,145,0.05,0.006896551724137931,False,0.04310344827586207
fixed_ledger_squeeze,146,0.05,0.00684931506849315,False,0.04315068493150685
fixed_ledger_squeeze,147,0.05,0.006802721088435374,False,0.04319727891156463
fixed_ledger_squeeze,148,0.05,0.006756756756756757,False,0.043243243243243246
fixed_ledger_squeeze,149,0.05,0.006711409395973154,False,0.04328859060402685
fixed_ledger_squeeze,150,0.05,0.006666666666666667,False,0.043333333333333335
fixed_ledger_squeeze,151,0.05,0.006622516556291391,False,0.04337748344370861
fixed_ledger_squeeze,152,0.05,0.006578947368421052,False,0.04342105263157895
fixed_ledger_squeeze,153,0.05,0.006535947712418301,False,0.043464052287581705
fixed_ledger_squeeze,154,0.05,0.006493506493506494,False,0.04350649350649351
fixed_ledger_squeeze,155,0.05,0.0064516129032258064,False,0.043548387096774194
fixed_ledger_squeeze,156,0.05,0.00641025641025641,False,0.043589743589743594
fixed_ledger_squeeze,157,0.05,0.006369426751592357,False,0.04363057324840765
fixed_ledger_squeeze,158,0.05,0.006329113924050633,False,0.04367088607594937
fixed_ledger_squeeze,159,0.05,0.006289308176100629,False,0.043710691823899375
fixed_ledger_squeeze,160,0.05,0.00625,False,0.043750000000000004
fixed_ledger_squeeze,161,0.05,0.006211180124223602,False,0.0437888198757764
fixed_ledger_squeeze,162,0.05,0.006172839506172839,False,0.043827160493827164
fixed_ledger_squeeze,163,0.05,0.006134969325153374,False,0.04386503067484663
fixed_ledger_squeeze,164,0.05,0.006097560975609756,False,0.04390243902439025
fixed_ledger_squeeze,165,0.05,0.006060606060606061,False,0.043939393939393945
fixed_ledger_squeeze,166,0.05,0.006024096385542169,False,0.043975903614457836
fixed_ledger_squeeze,167,0.05,0.005988023952095809,False,0.044011976047904196
fixed_ledger_squeeze,168,0.05,0.005952380952380952,False,0.04404761904761905
fixed_ledger_squeeze,169,0.05,0.005917159763313609,False,0.04408284023668639
fixed_ledger_squeeze,170,0.05,0.0058823529411764705,False,0.04411764705882353
fixed_ledger_squeeze,171,0.05,0.005847953216374269,False,0.044152046783625734
fixed_ledger_squeeze,172,0.05,0.005813953488372093,False,0.04418604651162791
fixed_ledger_squeeze,173,0.05,0.005780346820809248,False,0.04421965317919076
fixed_ledger_squeeze,174,0.05,0.005747126436781609,False,0.044252873563218394
fixed_ledger_squeeze,175,0.05,0.005714285714285714,False,0.04428571428571429
fixed_ledger_squeeze,176,0.05,0.005681818181818182,False,0.04431818181818182
fixed_ledger_squeeze,177,0.05,0.005649717514124294,False,0.044350282485875706
fixed_ledger_squeeze,178,0.05,0.0056179775280898875,False,0.044382022471910115
fixed_ledger_squeeze,179,0.05,0.00558659217877095,False,0.04441340782122905
fixed_ledger_squeeze,180,0.05,0.005555555555555556,False,0.044444444444444446
fixed_ledger_squeeze,181,0.05,0.0055248618784530384,False,0.044475138121546964
fixed_ledger_squeeze,182,0.05,0.005494505494505495,False,0.04450549450549451
fixed_ledger_squeeze,183,0.05,0.00546448087431694,False,0.044535519125683064
fixed_ledger_squeeze,184,0.05,0.005434782608695652,False,0.044565217391304354
fixed_ledger_squeeze,185,0.05,0.005405405405405406,False,0.0445945945945946
fixed_ledger_squeeze,186,0.05,0.005376344086021506,False,0.044623655913978495
fixed_ledger_squeeze,187,0.05,0.0053475935828877,False,0.0446524064171123
fixed_ledger_squeeze,188,0.05,0.005319148936170213,False,0.04468085106382979
fixed_ledger_squeeze,189,0.05,0.005291005291005291,False,0.04470899470899471
fixed_ledger_squeeze,190,0.05,0.005263157894736842,False,0.04473684210526316
fixed_ledger_squeeze,191,0.05,0.005235602094240838,False,0.044764397905759166
fixed_ledger_squeeze,192,0.05,0.005208333333333333,False,0.04479166666666667
fixed_ledger_squeeze,193,0.05,0.0051813471502590676,False,0.04481865284974094
fixed_ledger_squeeze,194,0.05,0.005154639175257732,False,0.04484536082474227
fixed_ledger_squeeze,195,0.05,0.005128205128205128,False,0.04487179487179487
fixed_ledger_squeeze,196,0.05,0.00510204081632653,False,0.04489795918367347
fixed_ledger_squeeze,197,0.05,0.005076142131979695,False,0.044923857868020306
fixed_ledger_squeeze,198,0.05,0.005050505050505051,False,0.044949494949494954
fixed_ledger_squeeze,199,0.05,0.005025125628140704,False,0.0449748743718593
fixed_ledger_squeeze,200,0.05,0.005,False,0.045000000000000005
fixed_ledger_squeeze,201,0.05,0.004975124378109453,False,0.04502487562189055
fixed_ledger_squeeze,202,0.05,0.0049504950495049506,False,0.045049504950495055
fixed_ledger_squeeze,203,0.05,0.0049261083743842365,False,0.045073891625615765
fixed_ledger_squeeze,204,0.05,0.004901960784313725,False,0.04509803921568628
fixed_ledger_squeeze,205,0.05,0.004878048780487805,False,0.0451219512195122
fixed_ledger_squeeze,206,0.05,0.0048543689320388345,False,0.04514563106796117
fixed_ledger_squeeze,207,0.05,0.004830917874396135,False,0.04516908212560387
fixed_ledger_squeeze,208,0.05,0.004807692307692308,False,0.0451923076923077
fixed_ledger_squeeze,209,0.05,0.004784688995215311,False,0.045215311004784695
fixed_ledger_squeeze,210,0.05,0.004761904761904762,False,0.045238095238095244
fixed_ledger_squeeze,211,0.05,0.004739336492890996,False,0.04526066350710901
fixed_ledger_squeeze,212,0.05,0.0047169811320754715,False,0.04528301886792453
fixed_ledger_squeeze,213,0.05,0.004694835680751174,False,0.04530516431924883
fixed_ledger_squeeze,214,0.05,0.004672897196261682,False,0.04532710280373832
fixed_ledger_squeeze,215,0.05,0.004651162790697674,False,0.04534883720930233
fixed_ledger_squeeze,216,0.05,0.004629629629629629,False,0.04537037037037037
fixed_ledger_squeeze,217,0.05,0.004608294930875576,False,0.045391705069124426
fixed_ledger_squeeze,218,0.05,0.0045871559633027525,False,0.04541284403669725
fixed_ledger_squeeze,219,0.05,0.0045662100456621,False,0.0454337899543379
fixed_ledger_squeeze,220,0.05,0.004545454545454545,False,0.045454545454545456
fixed_ledger_squeeze,221,0.05,0.004524886877828055,False,0.04547511312217195
fixed_ledger_squeeze,222,0.05,0.0045045045045045045,False,0.045495495495495496
fixed_ledger_squeeze,223,0.05,0.004484304932735426,False,0.04551569506726458
fixed_ledger_squeeze,224,0.05,0.004464285714285714,False,0.04553571428571429
fixed_ledger_squeeze,225,0.05,0.0044444444444444444,False,0.04555555555555556
fixed_ledger_squeeze,226,0.05,0.004424778761061947,False,0.045575221238938056
fixed_ledger_squeeze,227,0.05,0.004405286343612335,False,0.04559471365638767
fixed_ledger_squeeze,228,0.05,0.0043859649122807015,False,0.0456140350877193
fixed_ledger_squeeze,229,0.05,0.004366812227074236,False,0.04563318777292577
fixed_ledger_squeeze,230,0.05,0.004347826086956522,False,0.04565217391304348
fixed_ledger_squeeze,231,0.05,0.004329004329004329,False,0.045670995670995675
fixed_ledger_squeeze,232,0.05,0.004310344827586207,False,0.045689655172413794
fixed_ledger_squeeze,233,0.05,0.004291845493562232,False,0.04570815450643777
fixed_ledger_squeeze,234,0.05,0.004273504273504274,False,0.04572649572649573
fixed_ledger_squeeze,235,0.05,0.00425531914893617,False,0.04574468085106383
fixed_ledger_squeeze,236,0.05,0.00423728813559322,False,0.04576271186440678
fixed_ledger_squeeze,237,0.05,0.004219409282700422,False,0.045780590717299584
fixed_ledger_squeeze,238,0.05,0.004201680672268907,False,0.045798319327731096
fixed_ledger_squeeze,239,0.05,0.0041841004184100415,False,0.045815899581589964
fixed_ledger_squeeze,240,0.05,0.004166666666666667,False,0.04583333333333334
fixed_ledger_squeeze,241,0.05,0.004149377593360996,False,0.04585062240663901
fixed_ledger_squeeze,242,0.05,0.004132231404958678,False,0.045867768595041325
fixed_ledger_squeeze,243,0.05,0.00411522633744856,False,0.04588477366255144
fixed_ledger_squeeze,244,0.05,0.004098360655737705,False,0.0459016393442623
fixed_ledger_squeeze,245,0.05,0.004081632653061225,False,0.04591836734693878
fixed_ledger_squeeze,246,0.05,0.0040650406504065045,False,0.0459349593495935
fixed_ledger_squeeze,247,0.05,0.004048582995951417,False,0.04595141700404859
fixed_ledger_squeeze,248,0.05,0.004032258064516129,False,0.04596774193548388
fixed_ledger_squeeze,249,0.05,0.004016064257028112,False,0.04598393574297189
fixed_ledger_squeeze,250,0.05,0.004,False,0.046
fixed_ledger_squeeze,251,0.05,0.00398406374501992,False,0.046015936254980086
fixed_ledger_squeeze,252,0.05,0.003968253968253968,False,0.046031746031746035
fixed_ledger_squeeze,253,0.05,0.003952569169960474,False,0.04604743083003953
fixed_ledger_squeeze,254,0.05,0.003937007874015748,False,0.046062992125984255
fixed_ledger_squeeze,255,0.05,0.00392156862745098,False,0.04607843137254902
fixed_ledger_squeeze,256,0.05,0.00390625,False,0.04609375
fixed_ledger_squeeze,257,0.05,0.0038910505836575876,False,0.046108949416342415
fixed_ledger_squeeze,258,0.05,0.003875968992248062,False,0.04612403100775194
fixed_ledger_squeeze,259,0.05,0.003861003861003861,False,0.04613899613899614
fixed_ledger_squeeze,260,0.05,0.0038461538461538464,False,0.046153846153846156
fixed_ledger_squeeze,261,0.05,0.0038314176245210726,False,0.04616858237547893
fixed_ledger_squeeze,262,0.05,0.003816793893129771,False,0.04618320610687023
fixed_ledger_squeeze,263,0.05,0.0038022813688212928,False,0.04619771863117871
fixed_ledger_squeeze,264,0.05,0.003787878787878788,False,0.04621212121212122
fixed_ledger_squeeze,265,0.05,0.0037735849056603774,False,0.046226415094339626
fixed_ledger_squeeze,266,0.05,0.0037593984962406013,False,0.0462406015037594
fixed_ledger_squeeze,267,0.05,0.003745318352059925,False,0.046254681647940075
fixed_ledger_squeeze,268,0.05,0.0037313432835820895,False,0.046268656716417916
fixed_ledger_squeeze,269,0.05,0.0037174721189591076,False,0.0462825278810409
fixed_ledger_squeeze,270,0.05,0.003703703703703704,False,0.0462962962962963
fixed_ledger_squeeze,271,0.05,0.0036900369003690036,False,0.046309963099631
fixed_ledger_squeeze,272,0.05,0.003676470588235294,False,0.04632352941176471
fixed_ledger_squeeze,273,0.05,0.003663003663003663,False,0.04633699633699634
fixed_ledger_squeeze,274,0.05,0.0036496350364963502,False,0.04635036496350365
fixed_ledger_squeeze,275,0.05,0.0036363636363636364,False,0.046363636363636364
fixed_ledger_squeeze,276,0.05,0.0036231884057971015,False,0.0463768115942029
fixed_ledger_squeeze,277,0.05,0.0036101083032490976,False,0.0463898916967509
fixed_ledger_squeeze,278,0.05,0.0035971223021582736,False,0.04640287769784173
fixed_ledger_squeeze,279,0.05,0.0035842293906810036,False,0.046415770609319
fixed_ledger_squeeze,280,0.05,0.0035714285714285713,False,0.04642857142857143
fixed_ledger_squeeze,281,0.05,0.0035587188612099642,False,0.046441281138790036
fixed_ledger_squeeze,282,0.05,0.0035460992907801418,False,0.04645390070921986
fixed_ledger_squeeze,283,0.05,0.0035335689045936395,False,0.046466431095406366
fixed_ledger_squeeze,284,0.05,0.0035211267605633804,False,0.04647887323943662
fixed_ledger_squeeze,285,0.05,0.0035087719298245615,False,0.046491228070175444
fixed_ledger_squeeze,286,0.05,0.0034965034965034965,False,0.04650349650349651
fixed_ledger_squeeze,287,0.05,0.003484320557491289,False,0.046515679442508714
fixed_ledger_squeeze,288,0.05,0.003472222222222222,False,0.04652777777777778
fixed_ledger_squeeze,289,0.05,0.0034602076124567475,False,0.04653979238754326
fixed_ledger_squeeze,290,0.05,0.0034482758620689655,False,0.04655172413793104
fixed_ledger_squeeze,291,0.05,0.003436426116838488,False,0.04656357388316151
fixed_ledger_squeeze,292,0.05,0.003424657534246575,False,0.04657534246575343
fixed_ledger_squeeze,293,0.05,0.0034129692832764505,False,0.04658703071672355
fixed_ledger_squeeze,294,0.05,0.003401360544217687,False,0.04659863945578232
fixed_ledger_squeeze,295,0.05,0.003389830508474576,False,0.046610169491525424
fixed_ledger_squeeze,296,0.05,0.0033783783783783786,False,0.046621621621621624
fixed_ledger_squeeze,297,0.05,0.003367003367003367,False,0.04663299663299664
fixed_ledger_squeeze,298,0.05,0.003355704697986577,False,0.046644295302013423
fixed_ledger_squeeze,299,0.05,0.0033444816053511705,False,0.046655518394648834
fixed_ledger_squeeze,300,0.05,0.0033333333333333335,False,0.04666666666666667
fixed_ledger_squeeze,301,0.05,0.0033222591362126247,False,0.04667774086378738
fixed_ledger_squeeze,302,0.05,0.0033112582781456954,False,0.046688741721854304
fixed_ledger_squeeze,303,0.05,0.0033003300330033004,False,0.046699669966996704
fixed_ledger_squeeze,304,0.05,0.003289473684210526,False,0.04671052631578948
fixed_ledger_squeeze,305,0.05,0.003278688524590164,False,0.04672131147540984
fixed_ledger_squeeze,306,0.05,0.0032679738562091504,False,0.04673202614379085
fixed_ledger_squeeze,307,0.05,0.003257328990228013,False,0.04674267100977199
fixed_ledger_squeeze,308,0.05,0.003246753246753247,False,0.046753246753246755
fixed_ledger_squeeze,309,0.05,0.003236245954692557,False,0.04676375404530744
fixed_ledger_squeeze,310,0.05,0.0032258064516129032,False,0.0467741935483871
fixed_ledger_squeeze,311,0.05,0.003215434083601286,False,0.046784565916398714
fixed_ledger_squeeze,312,0.05,0.003205128205128205,False,0.046794871794871795
fixed_ledger_squeeze,313,0.05,0.003194888178913738,False,0.046805111821086265
fixed_ledger_squeeze,314,0.05,0.0031847133757961785,False,0.046815286624203825
fixed_ledger_squeeze,315,0.05,0.0031746031746031746,False,0.046825396825396826
fixed_ledger_squeeze,316,0.05,0.0031645569620253164,False,0.04683544303797468
fixed_ledger_squeeze,317,0.05,0.0031545741324921135,False,0.04684542586750789
fixed_ledger_squeeze,318,0.05,0.0031446540880503146,False,0.04685534591194969
fixed_ledger_squeeze,319,0.05,0.003134796238244514,False,0.046865203761755486
fixed_ledger_squeeze,320,0.05,0.003125,False,0.046875
fixed_ledger_squeeze,321,0.05,0.003115264797507788,False,0.046884735202492214
fixed_ledger_squeeze,322,0.05,0.003105590062111801,False,0.0468944099378882
fixed_ledger_squeeze,323,0.05,0.0030959752321981426,False,0.04690402476780186
fixed_ledger_squeeze,324,0.05,0.0030864197530864196,False,0.04691358024691358
fixed_ledger_squeeze,325,0.05,0.003076923076923077,False,0.04692307692307693
fixed_ledger_squeeze,326,0.05,0.003067484662576687,False,0.04693251533742331
fixed_ledger_squeeze,327,0.05,0.0030581039755351682,False,0.04694189602446484
fixed_ledger_squeeze,328,0.05,0.003048780487804878,False,0.04695121951219512
fixed_ledger_squeeze,329,0.05,0.00303951367781155,False,0.04696048632218845
fixed_ledger_squeeze,330,0.05,0.0030303030303030303,False,0.046969696969696974
fixed_ledger_squeeze,331,0.05,0.0030211480362537764,False,0.046978851963746224
fixed_ledger_squeeze,332,0.05,0.0030120481927710845,False,0.046987951807228916
fixed_ledger_squeeze,333,0.05,0.003003003003003003,False,0.046996996996997
fixed_ledger_squeeze,334,0.05,0.0029940119760479044,False,0.047005988023952096
fixed_ledger_squeeze,335,0.05,0.0029850746268656717,False,0.04701492537313433
fixed_ledger_squeeze,336,0.05,0.002976190476190476,False,0.04702380952380952
fixed_ledger_squeeze,337,0.05,0.002967359050445104,False,0.0470326409495549
fixed_ledger_squeeze,338,0.05,0.0029585798816568047,False,0.0470414201183432
fixed_ledger_squeeze,339,0.05,0.0029498525073746312,False,0.04705014749262537
fixed_ledger_squeeze,340,0.05,0.0029411764705882353,False,0.047058823529411764
fixed_ledger_squeeze,341,0.05,0.002932551319648094,False,0.04706744868035191
fixed_ledger_squeeze,342,0.05,0.0029239766081871343,False,0.04707602339181287
fixed_ledger_squeeze,343,0.05,0.0029154518950437317,False,0.04708454810495627
fixed_ledger_squeeze,344,0.05,0.0029069767441860465,False,0.04709302325581396
fixed_ledger_squeeze,345,0.05,0.002898550724637681,False,0.04710144927536232
fixed_ledger_squeeze,346,0.05,0.002890173410404624,False,0.04710982658959538
fixed_ledger_squeeze,347,0.05,0.002881844380403458,False,0.04711815561959654
fixed_ledger_squeeze,348,0.05,0.0028735632183908046,False,0.0471264367816092
fixed_ledger_squeeze,349,0.05,0.0028653295128939827,False,0.04713467048710602
fixed_ledger_squeeze,350,0.05,0.002857142857142857,False,0.047142857142857146
fixed_ledger_squeeze,351,0.05,0.002849002849002849,False,0.04715099715099715
fixed_ledger_squeeze,352,0.05,0.002840909090909091,False,0.047159090909090914
fixed_ledger_squeeze,353,0.05,0.0028328611898017,False,0.0471671388101983
fixed_ledger_squeeze,354,0.05,0.002824858757062147,False,0.047175141242937854
fixed_ledger_squeeze,355,0.05,0.0028169014084507044,False,0.047183098591549295
fixed_ledger_squeeze,356,0.05,0.0028089887640449437,False,0.04719101123595506
fixed_ledger_squeeze,357,0.05,0.0028011204481792717,False,0.047198879551820734
fixed_ledger_squeeze,358,0.05,0.002793296089385475,False,0.04720670391061453
fixed_ledger_squeeze,359,0.05,0.002785515320334262,False,0.04721448467966574
fixed_ledger_squeeze,360,0.05,0.002777777777777778,False,0.04722222222222223
fixed_ledger_squeeze,361,0.05,0.002770083102493075,False,0.04722991689750693
fixed_ledger_squeeze,362,0.05,0.0027624309392265192,False,0.047237569060773484
fixed_ledger_squeeze,363,0.05,0.0027548209366391185,False,0.047245179063360884
fixed_ledger_squeeze,364,0.05,0.0027472527472527475,False,0.04725274725274726
fixed_ledger_squeeze,365,0.05,0.0027397260273972603,False,0.04726027397260274
fixed_ledger_squeeze,366,0.05,0.00273224043715847,False,0.04726775956284153
fixed_ledger_squeeze,367,0.05,0.0027247956403269754,False,0.04727520435967303
fixed_ledger_squeeze,368,0.05,0.002717391304347826,False,0.04728260869565218
fixed_ledger_squeeze,369,0.05,0.0027100271002710027,False,0.047289972899729
fixed_ledger_squeeze,370,0.05,0.002702702702702703,False,0.0472972972972973
fixed_ledger_squeeze,371,0.05,0.0026954177897574125,False,0.04730458221024259
fixed_ledger_squeeze,372,0.05,0.002688172043010753,False,0.04731182795698925
fixed_ledger_squeeze,373,0.05,0.002680965147453083,False,0.04731903485254692
fixed_ledger_squeeze,374,0.05,0.00267379679144385,False,0.047326203208556156
fixed_ledger_squeeze,375,0.05,0.0026666666666666666,False,0.04733333333333334
fixed_ledger_squeeze,376,0.05,0.0026595744680851063,False,0.0473404255319149
fixed_ledger_squeeze,377,0.05,0.002652519893899204,False,0.0473474801061008
fixed_ledger_squeeze,378,0.05,0.0026455026455026454,False,0.04735449735449736
fixed_ledger_squeeze,379,0.05,0.002638522427440633,False,0.04736147757255937
fixed_ledger_squeeze,380,0.05,0.002631578947368421,False,0.04736842105263158
fixed_ledger_squeeze,381,0.05,0.0026246719160104987,False,0.047375328083989504
fixed_ledger_squeeze,382,0.05,0.002617801047120419,False,0.04738219895287958
fixed_ledger_squeeze,383,0.05,0.0026109660574412533,False,0.04738903394255875
fixed_ledger_squeeze,384,0.05,0.0026041666666666665,False,0.04739583333333334
fixed_ledger_squeeze,385,0.05,0.0025974025974025974,False,0.047402597402597405
fixed_ledger_squeeze,386,0.05,0.0025906735751295338,False,0.04740932642487047
fixed_ledger_squeeze,387,0.05,0.002583979328165375,False,0.047416020671834626
fixed_ledger_squeeze,388,0.05,0.002577319587628866,False,0.04742268041237114
fixed_ledger_squeeze,389,0.05,0.002570694087403599,False,0.047429305912596406
fixed_ledger_squeeze,390,0.05,0.002564102564102564,False,0.04743589743589744
fixed_ledger_squeeze,391,0.05,0.0025575447570332483,False,0.04744245524296675
fixed_ledger_squeeze,392,0.05,0.002551020408163265,False,0.047448979591836735
fixed_ledger_squeeze,393,0.05,0.002544529262086514,False,0.04745547073791349
fixed_ledger_squeeze,394,0.05,0.0025380710659898475,False,0.047461928934010154
fixed_ledger_squeeze,395,0.05,0.002531645569620253,False,0.04746835443037975
fixed_ledger_squeeze,396,0.05,0.0025252525252525255,False,0.047474747474747475
fixed_ledger_squeeze,397,0.05,0.0025188916876574307,False,0.04748110831234257
fixed_ledger_squeeze,398,0.05,0.002512562814070352,False,0.047487437185929654
fixed_ledger_squeeze,399,0.05,0.002506265664160401,False,0.0474937343358396
fixed_ledger_squeeze,400,0.05,0.0025,False,0.0475
fixed_ledger_squeeze,401,0.05,0.0024937655860349127,False,0.04750623441396509
fixed_ledger_squeeze,402,0.05,0.0024875621890547263,False,0.047512437810945274
fixed_ledger_squeeze,403,0.05,0.0024813895781637717,False,0.04751861042183623
fixed_ledger_squeeze,404,0.05,0.0024752475247524753,False,0.047524752475247525
fixed_ledger_squeeze,405,0.05,0.0024691358024691358,False,0.047530864197530866
fixed_ledger_squeeze,406,0.05,0.0024630541871921183,False,0.04753694581280789
fixed_ledger_squeeze,407,0.05,0.002457002457002457,False,0.047542997542997546
fixed_ledger_squeeze,408,0.05,0.0024509803921568627,False,0.04754901960784314
fixed_ledger_squeeze,409,0.05,0.0024449877750611247,False,0.04755501222493888
fixed_ledger_squeeze,410,0.05,0.0024390243902439024,False,0.0475609756097561
fixed_ledger_squeeze,411,0.05,0.0024330900243309003,False,0.047566909975669106
fixed_ledger_squeeze,412,0.05,0.0024271844660194173,False,0.047572815533980586
fixed_ledger_squeeze,413,0.05,0.002421307506053269,False,0.047578692493946736
fixed_ledger_squeeze,414,0.05,0.0024154589371980675,False,0.04758454106280194
fixed_ledger_squeeze,415,0.05,0.0024096385542168677,False,0.04759036144578314
fixed_ledger_squeeze,416,0.05,0.002403846153846154,False,0.04759615384615385
fixed_ledger_squeeze,417,0.05,0.002398081534772182,False,0.04760191846522782
fixed_ledger_squeeze,418,0.05,0.0023923444976076554,False,0.04760765550239235
fixed_ledger_squeeze,419,0.05,0.002386634844868735,False,0.04761336515513127
fixed_ledger_squeeze,420,0.05,0.002380952380952381,False,0.04761904761904762
fixed_ledger_squeeze,421,0.05,0.0023752969121140144,False,0.04762470308788599
fixed_ledger_squeeze,422,0.05,0.002369668246445498,False,0.04763033175355451
fixed_ledger_squeeze,423,0.05,0.002364066193853428,False,0.04763593380614657
fixed_ledger_squeeze,424,0.05,0.0023584905660377358,False,0.04764150943396227
fixed_ledger_squeeze,425,0.05,0.002352941176470588,False,0.04764705882352942
fixed_ledger_squeeze,426,0.05,0.002347417840375587,False,0.04765258215962442
fixed_ledger_squeeze,427,0.05,0.00234192037470726,False,0.04765807962529274
fixed_ledger_squeeze,428,0.05,0.002336448598130841,False,0.04766355140186916
fixed_ledger_squeeze,429,0.05,0.002331002331002331,False,0.047668997668997674
fixed_ledger_squeeze,430,0.05,0.002325581395348837,False,0.047674418604651166
fixed_ledger_squeeze,431,0.05,0.002320185614849188,False,0.047679814385150815
fixed_ledger_squeeze,432,0.05,0.0023148148148148147,False,0.04768518518518519
fixed_ledger_squeeze,433,0.05,0.0023094688221709007,False,0.0476905311778291
fixed_ledger_squeeze,434,0.05,0.002304147465437788,False,0.04769585253456222
fixed_ledger_squeeze,435,0.05,0.0022988505747126436,False,0.04770114942528736
fixed_ledger_squeeze,436,0.05,0.0022935779816513763,False,0.047706422018348627
fixed_ledger_squeeze,437,0.05,0.002288329519450801,False,0.0477116704805492
fixed_ledger_squeeze,438,0.05,0.00228310502283105,False,0.04771689497716895
fixed_ledger_squeeze,439,0.05,0.002277904328018223,False,0.04772209567198178
fixed_ledger_squeeze,440,0.05,0.0022727272727272726,False,0.04772727272727273
fixed_ledger_squeeze,441,0.05,0.0022675736961451248,False,0.04773242630385488
fixed_ledger_squeeze,442,0.05,0.0022624434389140274,False,0.04773755656108598
fixed_ledger_squeeze,443,0.05,0.002257336343115124,False,0.04774266365688488
fixed_ledger_squeeze,444,0.05,0.0022522522522522522,False,0.04774774774774775
fixed_ledger_squeeze,445,0.05,0.0022471910112359553,False,0.04775280898876405
fixed_ledger_squeeze,446,0.05,0.002242152466367713,False,0.04775784753363229
fixed_ledger_squeeze,447,0.05,0.0022371364653243847,False,0.04776286353467562
fixed_ledger_squeeze,448,0.05,0.002232142857142857,False,0.04776785714285715
fixed_ledger_squeeze,449,0.05,0.0022271714922048997,False,0.0477728285077951
fixed_ledger_squeeze,450,0.05,0.0022222222222222222,False,0.04777777777777778
fixed_ledger_squeeze,451,0.05,0.0022172949002217295,False,0.04778270509977827
fixed_ledger_squeeze,452,0.05,0.0022123893805309734,False,0.047787610619469026
fixed_ledger_squeeze,453,0.05,0.002207505518763797,False,0.04779249448123621
fixed_ledger_squeeze,454,0.05,0.0022026431718061676,False,0.04779735682819383
fixed_ledger_squeeze,455,0.05,0.002197802197802198,False,0.047802197802197806
fixed_ledger_squeeze,456,0.05,0.0021929824561403508,False,0.04780701754385965
fixed_ledger_squeeze,457,0.05,0.002188183807439825,False,0.047811816192560176
fixed_ledger_squeeze,458,0.05,0.002183406113537118,False,0.04781659388646289
fixed_ledger_squeeze,459,0.05,0.002178649237472767,False,0.047821350762527234
fixed_ledger_squeeze,460,0.05,0.002173913043478261,False,0.04782608695652174
fixed_ledger_squeeze,461,0.05,0.0021691973969631237,False,0.047830802603036876
fixed_ledger_squeeze,462,0.05,0.0021645021645021645,False,0.047835497835497835
fixed_ledger_squeeze,463,0.05,0.0021598272138228943,False,0.04784017278617711
fixed_ledger_squeeze,464,0.05,0.0021551724137931034,False,0.0478448275862069
fixed_ledger_squeeze,465,0.05,0.002150537634408602,False,0.0478494623655914
fixed_ledger_squeeze,466,0.05,0.002145922746781116,False,0.047854077253218885
fixed_ledger_squeeze,467,0.05,0.0021413276231263384,False,0.04785867237687366
fixed_ledger_squeeze,468,0.05,0.002136752136752137,False,0.04786324786324787
fixed_ledger_squeeze,469,0.05,0.0021321961620469083,False,0.047867803837953096
fixed_ledger_squeeze,470,0.05,0.002127659574468085,False,0.047872340425531915
fixed_ledger_squeeze,471,0.05,0.0021231422505307855,False,0.04787685774946922
fixed_ledger_squeeze,472,0.05,0.00211864406779661,False,0.04788135593220339
fixed_ledger_squeeze,473,0.05,0.0021141649048625794,False,0.04788583509513742
fixed_ledger_squeeze,474,0.05,0.002109704641350211,False,0.04789029535864979
fixed_ledger_squeeze,475,0.05,0.002105263157894737,False,0.04789473684210527
fixed_ledger_squeeze,476,0.05,0.0021008403361344537,False,0.04789915966386555
fixed_ledger_squeeze,477,0.05,0.0020964360587002098,False,0.04790356394129979
fixed_ledger_squeeze,478,0.05,0.0020920502092050207,False,0.04790794979079498
fixed_ledger_squeeze,479,0.05,0.0020876826722338203,False,0.047912317327766185
fixed_ledger_squeeze,480,0.05,0.0020833333333333333,False,0.04791666666666667
fixed_ledger_squeeze,481,0.05,0.002079002079002079,False,0.047920997920997924
fixed_ledger_squeeze,482,0.05,0.002074688796680498,False,0.047925311203319505
fixed_ledger_squeeze,483,0.05,0.002070393374741201,False,0.0479296066252588
fixed_ledger_squeeze,484,0.05,0.002066115702479339,False,0.047933884297520664
fixed_ledger_squeeze,485,0.05,0.002061855670103093,False,0.04793814432989691
fixed_ledger_squeeze,486,0.05,0.00205761316872428,False,0.047942386831275725
fixed_ledger_squeeze,487,0.05,0.002053388090349076,False,0.047946611909650924
fixed_ledger_squeeze,488,0.05,0.0020491803278688526,False,0.04795081967213115
fixed_ledger_squeeze,489,0.05,0.002044989775051125,False,0.04795501022494888
fixed_ledger_squeeze,490,0.05,0.0020408163265306124,False,0.047959183673469394
fixed_ledger_squeeze,491,0.05,0.002036659877800407,False,0.0479633401221996
fixed_ledger_squeeze,492,0.05,0.0020325203252032522,False,0.047967479674796754
fixed_ledger_squeeze,493,0.05,0.002028397565922921,False,0.04797160243407708
fixed_ledger_squeeze,494,0.05,0.0020242914979757085,False,0.047975708502024296
fixed_ledger_squeeze,495,0.05,0.00202020202020202,False,0.04797979797979798
fixed_ledger_squeeze,496,0.05,0.0020161290322580645,False,0.04798387096774194
fixed_ledger_squeeze,497,0.05,0.002012072434607646,False,0.04798792756539236
fixed_ledger_squeeze,498,0.05,0.002008032128514056,False,0.04799196787148595
fixed_ledger_squeeze,499,0.05,0.002004008016032064,False,0.04799599198396794
fixed_ledger_squeeze,500,0.05,0.002,False,0.048
fixed_ledger_squeeze,1,0.1,1.0,True,0.0
fixed_ledger_squeeze,2,0.1,0.5,True,0.0
fixed_ledger_squeeze,3,0.1,0.3333333333333333,True,0.0
fixed_ledger_squeeze,4,0.1,0.25,True,0.0
fixed_ledger_squeeze,5,0.1,0.2,True,0.0
fixed_ledger_squeeze,6,0.1,0.16666666666666666,True,0.0
fixed_ledger_squeeze,7,0.1,0.14285714285714285,True,0.0
fixed_ledger_squeeze,8,0.1,0.125,True,0.0
fixed_ledger_squeeze,9,0.1,0.1111111111111111,True,0.0
fixed_ledger_squeeze,10,0.1,0.1,True,0.0
fixed_ledger_squeeze,11,0.1,0.09090909090909091,False,0.009090909090909094
fixed_ledger_squeeze,12,0.1,0.08333333333333333,False,0.016666666666666677
fixed_ledger_squeeze,13,0.1,0.07692307692307693,False,0.023076923076923078
fixed_ledger_squeeze,14,0.1,0.07142857142857142,False,0.02857142857142858
fixed_ledger_squeeze,15,0.1,0.06666666666666667,False,0.03333333333333334
fixed_ledger_squeeze,16,0.1,0.0625,False,0.037500000000000006
fixed_ledger_squeeze,17,0.1,0.058823529411764705,False,0.0411764705882353
fixed_ledger_squeeze,18,0.1,0.05555555555555555,False,0.04444444444444445
fixed_ledger_squeeze,19,0.1,0.05263157894736842,False,0.04736842105263159
fixed_ledger_squeeze,20,0.1,0.05,False,0.05
fixed_ledger_squeeze,21,0.1,0.047619047619047616,False,0.05238095238095239
fixed_ledger_squeeze,22,0.1,0.045454545454545456,False,0.05454545454545455
fixed_ledger_squeeze,23,0.1,0.043478260869565216,False,0.05652173913043479
fixed_ledger_squeeze,24,0.1,0.041666666666666664,False,0.05833333333333334
fixed_ledger_squeeze,25,0.1,0.04,False,0.060000000000000005
fixed_ledger_squeeze,26,0.1,0.038461538461538464,False,0.06153846153846154
fixed_ledger_squeeze,27,0.1,0.037037037037037035,False,0.06296296296296297
fixed_ledger_squeeze,28,0.1,0.03571428571428571,False,0.0642857142857143
fixed_ledger_squeeze,29,0.1,0.034482758620689655,False,0.06551724137931035
fixed_ledger_squeeze,30,0.1,0.03333333333333333,False,0.06666666666666668
fixed_ledger_squeeze,31,0.1,0.03225806451612903,False,0.06774193548387097
fixed_ledger_squeeze,32,0.1,0.03125,False,0.06875
fixed_ledger_squeeze,33,0.1,0.030303030303030304,False,0.0696969696969697
fixed_ledger_squeeze,34,0.1,0.029411764705882353,False,0.07058823529411765
fixed_ledger_squeeze,35,0.1,0.02857142857142857,False,0.07142857142857144
fixed_ledger_squeeze,36,0.1,0.027777777777777776,False,0.07222222222222223
fixed_ledger_squeeze,37,0.1,0.02702702702702703,False,0.07297297297297298
fixed_ledger_squeeze,38,0.1,0.02631578947368421,False,0.0736842105263158
fixed_ledger_squeeze,39,0.1,0.02564102564102564,False,0.07435897435897437
fixed_ledger_squeeze,40,0.1,0.025,False,0.07500000000000001
fixed_ledger_squeeze,41,0.1,0.024390243902439025,False,0.07560975609756099
fixed_ledger_squeeze,42,0.1,0.023809523809523808,False,0.0761904761904762
fixed_ledger_squeeze,43,0.1,0.023255813953488372,False,0.07674418604651163
fixed_ledger_squeeze,44,0.1,0.022727272727272728,False,0.07727272727272727
fixed_ledger_squeeze,45,0.1,0.022222222222222223,False,0.07777777777777778
fixed_ledger_squeeze,46,0.1,0.021739130434782608,False,0.0782608695652174
fixed_ledger_squeeze,47,0.1,0.02127659574468085,False,0.07872340425531915
fixed_ledger_squeeze,48,0.1,0.020833333333333332,False,0.07916666666666668
fixed_ledger_squeeze,49,0.1,0.02040816326530612,False,0.07959183673469389
fixed_ledger_squeeze,50,0.1,0.02,False,0.08
fixed_ledger_squeeze,51,0.1,0.0196078431372549,False,0.0803921568627451
fixed_ledger_squeeze,52,0.1,0.019230769230769232,False,0.08076923076923077
fixed_ledger_squeeze,53,0.1,0.018867924528301886,False,0.08113207547169812
fixed_ledger_squeeze,54,0.1,0.018518518518518517,False,0.08148148148148149
fixed_ledger_squeeze,55,0.1,0.01818181818181818,False,0.08181818181818182
fixed_ledger_squeeze,56,0.1,0.017857142857142856,False,0.08214285714285716
fixed_ledger_squeeze,57,0.1,0.017543859649122806,False,0.0824561403508772
fixed_ledger_squeeze,58,0.1,0.017241379310344827,False,0.08275862068965517
fixed_ledger_squeeze,59,0.1,0.01694915254237288,False,0.08305084745762713
fixed_ledger_squeeze,60,0.1,0.016666666666666666,False,0.08333333333333334
fixed_ledger_squeeze,61,0.1,0.01639344262295082,False,0.08360655737704918
fixed_ledger_squeeze,62,0.1,0.016129032258064516,False,0.08387096774193549
fixed_ledger_squeeze,63,0.1,0.015873015873015872,False,0.08412698412698413
fixed_ledger_squeeze,64,0.1,0.015625,False,0.084375
fixed_ledger_squeeze,65,0.1,0.015384615384615385,False,0.08461538461538462
fixed_ledger_squeeze,66,0.1,0.015151515151515152,False,0.08484848484848485
fixed_ledger_squeeze,67,0.1,0.014925373134328358,False,0.08507462686567165
fixed_ledger_squeeze,68,0.1,0.014705882352941176,False,0.08529411764705883
fixed_ledger_squeeze,69,0.1,0.014492753623188406,False,0.0855072463768116
fixed_ledger_squeeze,70,0.1,0.014285714285714285,False,0.08571428571428572
fixed_ledger_squeeze,71,0.1,0.014084507042253521,False,0.08591549295774649
fixed_ledger_squeeze,72,0.1,0.013888888888888888,False,0.08611111111111111
fixed_ledger_squeeze,73,0.1,0.0136986301369863,False,0.0863013698630137
fixed_ledger_squeeze,74,0.1,0.013513513513513514,False,0.08648648648648649
fixed_ledger_squeeze,75,0.1,0.013333333333333334,False,0.08666666666666667
fixed_ledger_squeeze,76,0.1,0.013157894736842105,False,0.0868421052631579
fixed_ledger_squeeze,77,0.1,0.012987012987012988,False,0.08701298701298701
fixed_ledger_squeeze,78,0.1,0.01282051282051282,False,0.08717948717948719
fixed_ledger_squeeze,79,0.1,0.012658227848101266,False,0.08734177215189874
fixed_ledger_squeeze,80,0.1,0.0125,False,0.08750000000000001
fixed_ledger_squeeze,81,0.1,0.012345679012345678,False,0.08765432098765433
fixed_ledger_squeeze,82,0.1,0.012195121951219513,False,0.0878048780487805
fixed_ledger_squeeze,83,0.1,0.012048192771084338,False,0.08795180722891567
fixed_ledger_squeeze,84,0.1,0.011904761904761904,False,0.0880952380952381
fixed_ledger_squeeze,85,0.1,0.011764705882352941,False,0.08823529411764706
fixed_ledger_squeeze,86,0.1,0.011627906976744186,False,0.08837209302325583
fixed_ledger_squeeze,87,0.1,0.011494252873563218,False,0.08850574712643679
fixed_ledger_squeeze,88,0.1,0.011363636363636364,False,0.08863636363636364
fixed_ledger_squeeze,89,0.1,0.011235955056179775,False,0.08876404494382023
fixed_ledger_squeeze,90,0.1,0.011111111111111112,False,0.08888888888888889
fixed_ledger_squeeze,91,0.1,0.01098901098901099,False,0.08901098901098901
fixed_ledger_squeeze,92,0.1,0.010869565217391304,False,0.08913043478260871
fixed_ledger_squeeze,93,0.1,0.010752688172043012,False,0.08924731182795699
fixed_ledger_squeeze,94,0.1,0.010638297872340425,False,0.08936170212765958
fixed_ledger_squeeze,95,0.1,0.010526315789473684,False,0.08947368421052632
fixed_ledger_squeeze,96,0.1,0.010416666666666666,False,0.08958333333333333
fixed_ledger_squeeze,97,0.1,0.010309278350515464,False,0.08969072164948454
fixed_ledger_squeeze,98,0.1,0.01020408163265306,False,0.08979591836734695
fixed_ledger_squeeze,99,0.1,0.010101010101010102,False,0.08989898989898991
fixed_ledger_squeeze,100,0.1,0.01,False,0.09000000000000001
fixed_ledger_squeeze,101,0.1,0.009900990099009901,False,0.09009900990099011
fixed_ledger_squeeze,102,0.1,0.00980392156862745,False,0.09019607843137256
fixed_ledger_squeeze,103,0.1,0.009708737864077669,False,0.09029126213592234
fixed_ledger_squeeze,104,0.1,0.009615384615384616,False,0.0903846153846154
fixed_ledger_squeeze,105,0.1,0.009523809523809525,False,0.09047619047619049
fixed_ledger_squeeze,106,0.1,0.009433962264150943,False,0.09056603773584906
fixed_ledger_squeeze,107,0.1,0.009345794392523364,False,0.09065420560747664
fixed_ledger_squeeze,108,0.1,0.009259259259259259,False,0.09074074074074075
fixed_ledger_squeeze,109,0.1,0.009174311926605505,False,0.0908256880733945
fixed_ledger_squeeze,110,0.1,0.00909090909090909,False,0.09090909090909091
fixed_ledger_squeeze,111,0.1,0.009009009009009009,False,0.09099099099099099
fixed_ledger_squeeze,112,0.1,0.008928571428571428,False,0.09107142857142858
fixed_ledger_squeeze,113,0.1,0.008849557522123894,False,0.09115044247787611
fixed_ledger_squeeze,114,0.1,0.008771929824561403,False,0.0912280701754386
fixed_ledger_squeeze,115,0.1,0.008695652173913044,False,0.09130434782608696
fixed_ledger_squeeze,116,0.1,0.008620689655172414,False,0.09137931034482759
fixed_ledger_squeeze,117,0.1,0.008547008547008548,False,0.09145299145299146
fixed_ledger_squeeze,118,0.1,0.00847457627118644,False,0.09152542372881356
fixed_ledger_squeeze,119,0.1,0.008403361344537815,False,0.09159663865546219
fixed_ledger_squeeze,120,0.1,0.008333333333333333,False,0.09166666666666667
fixed_ledger_squeeze,121,0.1,0.008264462809917356,False,0.09173553719008265
fixed_ledger_squeeze,122,0.1,0.00819672131147541,False,0.0918032786885246
fixed_ledger_squeeze,123,0.1,0.008130081300813009,False,0.091869918699187
fixed_ledger_squeeze,124,0.1,0.008064516129032258,False,0.09193548387096775
fixed_ledger_squeeze,125,0.1,0.008,False,0.092
fixed_ledger_squeeze,126,0.1,0.007936507936507936,False,0.09206349206349207
fixed_ledger_squeeze,127,0.1,0.007874015748031496,False,0.09212598425196851
fixed_ledger_squeeze,128,0.1,0.0078125,False,0.0921875
fixed_ledger_squeeze,129,0.1,0.007751937984496124,False,0.09224806201550388
fixed_ledger_squeeze,130,0.1,0.007692307692307693,False,0.09230769230769231
fixed_ledger_squeeze,131,0.1,0.007633587786259542,False,0.09236641221374046
fixed_ledger_squeeze,132,0.1,0.007575757575757576,False,0.09242424242424244
fixed_ledger_squeeze,133,0.1,0.007518796992481203,False,0.0924812030075188
fixed_ledger_squeeze,134,0.1,0.007462686567164179,False,0.09253731343283583
fixed_ledger_squeeze,135,0.1,0.007407407407407408,False,0.0925925925925926
fixed_ledger_squeeze,136,0.1,0.007352941176470588,False,0.09264705882352942
fixed_ledger_squeeze,137,0.1,0.0072992700729927005,False,0.0927007299270073
fixed_ledger_squeeze,138,0.1,0.007246376811594203,False,0.0927536231884058
fixed_ledger_squeeze,139,0.1,0.007194244604316547,False,0.09280575539568346
fixed_ledger_squeeze,140,0.1,0.007142857142857143,False,0.09285714285714286
fixed_ledger_squeeze,141,0.1,0.0070921985815602835,False,0.09290780141843973
fixed_ledger_squeeze,142,0.1,0.007042253521126761,False,0.09295774647887324
fixed_ledger_squeeze,143,0.1,0.006993006993006993,False,0.09300699300699301
fixed_ledger_squeeze,144,0.1,0.006944444444444444,False,0.09305555555555556
fixed_ledger_squeeze,145,0.1,0.006896551724137931,False,0.09310344827586207
fixed_ledger_squeeze,146,0.1,0.00684931506849315,False,0.09315068493150686
fixed_ledger_squeeze,147,0.1,0.006802721088435374,False,0.09319727891156464
fixed_ledger_squeeze,148,0.1,0.006756756756756757,False,0.09324324324324325
fixed_ledger_squeeze,149,0.1,0.006711409395973154,False,0.09328859060402685
fixed_ledger_squeeze,150,0.1,0.006666666666666667,False,0.09333333333333334
fixed_ledger_squeeze,151,0.1,0.006622516556291391,False,0.09337748344370861
fixed_ledger_squeeze,152,0.1,0.006578947368421052,False,0.09342105263157896
fixed_ledger_squeeze,153,0.1,0.006535947712418301,False,0.0934640522875817
fixed_ledger_squeeze,154,0.1,0.006493506493506494,False,0.09350649350649351
fixed_ledger_squeeze,155,0.1,0.0064516129032258064,False,0.0935483870967742
fixed_ledger_squeeze,156,0.1,0.00641025641025641,False,0.09358974358974359
fixed_ledger_squeeze,157,0.1,0.006369426751592357,False,0.09363057324840765
fixed_ledger_squeeze,158,0.1,0.006329113924050633,False,0.09367088607594937
fixed_ledger_squeeze,159,0.1,0.006289308176100629,False,0.09371069182389938
fixed_ledger_squeeze,160,0.1,0.00625,False,0.09375
fixed_ledger_squeeze,161,0.1,0.006211180124223602,False,0.0937888198757764
fixed_ledger_squeeze,162,0.1,0.006172839506172839,False,0.09382716049382717
fixed_ledger_squeeze,163,0.1,0.006134969325153374,False,0.09386503067484663
fixed_ledger_squeeze,164,0.1,0.006097560975609756,False,0.09390243902439024
fixed_ledger_squeeze,165,0.1,0.006060606060606061,False,0.09393939393939395
fixed_ledger_squeeze,166,0.1,0.006024096385542169,False,0.09397590361445783
fixed_ledger_squeeze,167,0.1,0.005988023952095809,False,0.09401197604790419
fixed_ledger_squeeze,168,0.1,0.005952380952380952,False,0.09404761904761905
fixed_ledger_squeeze,169,0.1,0.005917159763313609,False,0.0940828402366864
fixed_ledger_squeeze,170,0.1,0.0058823529411764705,False,0.09411764705882353
fixed_ledger_squeeze,171,0.1,0.005847953216374269,False,0.09415204678362574
fixed_ledger_squeeze,172,0.1,0.005813953488372093,False,0.09418604651162792
fixed_ledger_squeeze,173,0.1,0.005780346820809248,False,0.09421965317919076
fixed_ledger_squeeze,174,0.1,0.005747126436781609,False,0.0942528735632184
fixed_ledger_squeeze,175,0.1,0.005714285714285714,False,0.09428571428571429
fixed_ledger_squeeze,176,0.1,0.005681818181818182,False,0.09431818181818183
fixed_ledger_squeeze,177,0.1,0.005649717514124294,False,0.09435028248587571
fixed_ledger_squeeze,178,0.1,0.0056179775280898875,False,0.09438202247191012
fixed_ledger_squeeze,179,0.1,0.00558659217877095,False,0.09441340782122906
fixed_ledger_squeeze,180,0.1,0.005555555555555556,False,0.09444444444444446
fixed_ledger_squeeze,181,0.1,0.0055248618784530384,False,0.09447513812154697
fixed_ledger_squeeze,182,0.1,0.005494505494505495,False,0.09450549450549452
fixed_ledger_squeeze,183,0.1,0.00546448087431694,False,0.09453551912568306
fixed_ledger_squeeze,184,0.1,0.005434782608695652,False,0.09456521739130436
fixed_ledger_squeeze,185,0.1,0.005405405405405406,False,0.0945945945945946
fixed_ledger_squeeze,186,0.1,0.005376344086021506,False,0.0946236559139785
fixed_ledger_squeeze,187,0.1,0.0053475935828877,False,0.09465240641711231
fixed_ledger_squeeze,188,0.1,0.005319148936170213,False,0.0946808510638298
fixed_ledger_squeeze,189,0.1,0.005291005291005291,False,0.09470899470899471
fixed_ledger_squeeze,190,0.1,0.005263157894736842,False,0.09473684210526316
fixed_ledger_squeeze,191,0.1,0.005235602094240838,False,0.09476439790575916
fixed_ledger_squeeze,192,0.1,0.005208333333333333,False,0.09479166666666668
fixed_ledger_squeeze,193,0.1,0.0051813471502590676,False,0.09481865284974093
fixed_ledger_squeeze,194,0.1,0.005154639175257732,False,0.09484536082474228
fixed_ledger_squeeze,195,0.1,0.005128205128205128,False,0.09487179487179488
fixed_ledger_squeeze,196,0.1,0.00510204081632653,False,0.09489795918367347
fixed_ledger_squeeze,197,0.1,0.005076142131979695,False,0.09492385786802031
fixed_ledger_squeeze,198,0.1,0.005050505050505051,False,0.09494949494949495
fixed_ledger_squeeze,199,0.1,0.005025125628140704,False,0.09497487437185931
fixed_ledger_squeeze,200,0.1,0.005,False,0.095
fixed_ledger_squeeze,201,0.1,0.004975124378109453,False,0.09502487562189055
fixed_ledger_squeeze,202,0.1,0.0049504950495049506,False,0.09504950495049505
fixed_ledger_squeeze,203,0.1,0.0049261083743842365,False,0.09507389162561578
fixed_ledger_squeeze,204,0.1,0.004901960784313725,False,0.09509803921568628
fixed_ledger_squeeze,205,0.1,0.004878048780487805,False,0.0951219512195122
fixed_ledger_squeeze,206,0.1,0.0048543689320388345,False,0.09514563106796117
fixed_ledger_squeeze,207,0.1,0.004830917874396135,False,0.09516908212560388
fixed_ledger_squeeze,208,0.1,0.004807692307692308,False,0.0951923076923077
fixed_ledger_squeeze,209,0.1,0.004784688995215311,False,0.0952153110047847
fixed_ledger_squeeze,210,0.1,0.004761904761904762,False,0.09523809523809525
fixed_ledger_squeeze,211,0.1,0.004739336492890996,False,0.09526066350710902
fixed_ledger_squeeze,212,0.1,0.0047169811320754715,False,0.09528301886792453
fixed_ledger_squeeze,213,0.1,0.004694835680751174,False,0.09530516431924883
fixed_ledger_squeeze,214,0.1,0.004672897196261682,False,0.09532710280373832
fixed_ledger_squeeze,215,0.1,0.004651162790697674,False,0.09534883720930233
fixed_ledger_squeeze,216,0.1,0.004629629629629629,False,0.09537037037037038
fixed_ledger_squeeze,217,0.1,0.004608294930875576,False,0.09539170506912444
fixed_ledger_squeeze,218,0.1,0.0045871559633027525,False,0.09541284403669725
fixed_ledger_squeeze,219,0.1,0.0045662100456621,False,0.0954337899543379
fixed_ledger_squeeze,220,0.1,0.004545454545454545,False,0.09545454545454546
fixed_ledger_squeeze,221,0.1,0.004524886877828055,False,0.09547511312217195
fixed_ledger_squeeze,222,0.1,0.0045045045045045045,False,0.0954954954954955
fixed_ledger_squeeze,223,0.1,0.004484304932735426,False,0.09551569506726458
fixed_ledger_squeeze,224,0.1,0.004464285714285714,False,0.0955357142857143
fixed_ledger_squeeze,225,0.1,0.0044444444444444444,False,0.09555555555555556
fixed_ledger_squeeze,226,0.1,0.004424778761061947,False,0.09557522123893805
fixed_ledger_squeeze,227,0.1,0.004405286343612335,False,0.09559471365638766
fixed_ledger_squeeze,228,0.1,0.0043859649122807015,False,0.0956140350877193
fixed_ledger_squeeze,229,0.1,0.004366812227074236,False,0.09563318777292577
fixed_ledger_squeeze,230,0.1,0.004347826086956522,False,0.09565217391304348
fixed_ledger_squeeze,231,0.1,0.004329004329004329,False,0.09567099567099567
fixed_ledger_squeeze,232,0.1,0.004310344827586207,False,0.0956896551724138
fixed_ledger_squeeze,233,0.1,0.004291845493562232,False,0.09570815450643777
fixed_ledger_squeeze,234,0.1,0.004273504273504274,False,0.09572649572649573
fixed_ledger_squeeze,235,0.1,0.00425531914893617,False,0.09574468085106383
fixed_ledger_squeeze,236,0.1,0.00423728813559322,False,0.09576271186440678
fixed_ledger_squeeze,237,0.1,0.004219409282700422,False,0.09578059071729958
fixed_ledger_squeeze,238,0.1,0.004201680672268907,False,0.0957983193277311
fixed_ledger_squeeze,239,0.1,0.0041841004184100415,False,0.09581589958158997
fixed_ledger_squeeze,240,0.1,0.004166666666666667,False,0.09583333333333334
fixed_ledger_squeeze,241,0.1,0.004149377593360996,False,0.09585062240663901
fixed_ledger_squeeze,242,0.1,0.004132231404958678,False,0.09586776859504133
fixed_ledger_squeeze,243,0.1,0.00411522633744856,False,0.09588477366255145
fixed_ledger_squeeze,244,0.1,0.004098360655737705,False,0.0959016393442623
fixed_ledger_squeeze,245,0.1,0.004081632653061225,False,0.09591836734693879
fixed_ledger_squeeze,246,0.1,0.0040650406504065045,False,0.09593495934959351
fixed_ledger_squeeze,247,0.1,0.004048582995951417,False,0.09595141700404859
fixed_ledger_squeeze,248,0.1,0.004032258064516129,False,0.09596774193548388
fixed_ledger_squeeze,249,0.1,0.004016064257028112,False,0.0959839357429719
fixed_ledger_squeeze,250,0.1,0.004,False,0.096
fixed_ledger_squeeze,251,0.1,0.00398406374501992,False,0.09601593625498009
fixed_ledger_squeeze,252,0.1,0.003968253968253968,False,0.09603174603174604
fixed_ledger_squeeze,253,0.1,0.003952569169960474,False,0.09604743083003953
fixed_ledger_squeeze,254,0.1,0.003937007874015748,False,0.09606299212598426
fixed_ledger_squeeze,255,0.1,0.00392156862745098,False,0.09607843137254903
fixed_ledger_squeeze,256,0.1,0.00390625,False,0.09609375
fixed_ledger_squeeze,257,0.1,0.0038910505836575876,False,0.09610894941634242
fixed_ledger_squeeze,258,0.1,0.003875968992248062,False,0.09612403100775194
fixed_ledger_squeeze,259,0.1,0.003861003861003861,False,0.09613899613899614
fixed_ledger_squeeze,260,0.1,0.0038461538461538464,False,0.09615384615384616
fixed_ledger_squeeze,261,0.1,0.0038314176245210726,False,0.09616858237547893
fixed_ledger_squeeze,262,0.1,0.003816793893129771,False,0.09618320610687023
fixed_ledger_squeeze,263,0.1,0.0038022813688212928,False,0.09619771863117871
fixed_ledger_squeeze,264,0.1,0.003787878787878788,False,0.09621212121212122
fixed_ledger_squeeze,265,0.1,0.0037735849056603774,False,0.09622641509433963
fixed_ledger_squeeze,266,0.1,0.0037593984962406013,False,0.0962406015037594
fixed_ledger_squeeze,267,0.1,0.003745318352059925,False,0.09625468164794009
fixed_ledger_squeeze,268,0.1,0.0037313432835820895,False,0.09626865671641792
fixed_ledger_squeeze,269,0.1,0.0037174721189591076,False,0.0962825278810409
fixed_ledger_squeeze,270,0.1,0.003703703703703704,False,0.0962962962962963
fixed_ledger_squeeze,271,0.1,0.0036900369003690036,False,0.096309963099631
fixed_ledger_squeeze,272,0.1,0.003676470588235294,False,0.09632352941176471
fixed_ledger_squeeze,273,0.1,0.003663003663003663,False,0.09633699633699634
fixed_ledger_squeeze,274,0.1,0.0036496350364963502,False,0.09635036496350366
fixed_ledger_squeeze,275,0.1,0.0036363636363636364,False,0.09636363636363637
fixed_ledger_squeeze,276,0.1,0.0036231884057971015,False,0.0963768115942029
fixed_ledger_squeeze,277,0.1,0.0036101083032490976,False,0.09638989169675091
fixed_ledger_squeeze,278,0.1,0.0035971223021582736,False,0.09640287769784173
fixed_ledger_squeeze,279,0.1,0.0035842293906810036,False,0.096415770609319
fixed_ledger_squeeze,280,0.1,0.0035714285714285713,False,0.09642857142857143
fixed_ledger_squeeze,281,0.1,0.0035587188612099642,False,0.09644128113879004
fixed_ledger_squeeze,282,0.1,0.0035460992907801418,False,0.09645390070921986
fixed_ledger_squeeze,283,0.1,0.0035335689045936395,False,0.09646643109540637
fixed_ledger_squeeze,284,0.1,0.0035211267605633804,False,0.09647887323943663
fixed_ledger_squeeze,285,0.1,0.0035087719298245615,False,0.09649122807017545
fixed_ledger_squeeze,286,0.1,0.0034965034965034965,False,0.0965034965034965
fixed_ledger_squeeze,287,0.1,0.003484320557491289,False,0.09651567944250872
fixed_ledger_squeeze,288,0.1,0.003472222222222222,False,0.09652777777777778
fixed_ledger_squeeze,289,0.1,0.0034602076124567475,False,0.09653979238754326
fixed_ledger_squeeze,290,0.1,0.0034482758620689655,False,0.09655172413793103
fixed_ledger_squeeze,291,0.1,0.003436426116838488,False,0.09656357388316152
fixed_ledger_squeeze,292,0.1,0.003424657534246575,False,0.09657534246575343
fixed_ledger_squeeze,293,0.1,0.0034129692832764505,False,0.09658703071672356
fixed_ledger_squeeze,294,0.1,0.003401360544217687,False,0.09659863945578231
fixed_ledger_squeeze,295,0.1,0.003389830508474576,False,0.09661016949152543
fixed_ledger_squeeze,296,0.1,0.0033783783783783786,False,0.09662162162162163
fixed_ledger_squeeze,297,0.1,0.003367003367003367,False,0.09663299663299664
fixed_ledger_squeeze,298,0.1,0.003355704697986577,False,0.09664429530201343
fixed_ledger_squeeze,299,0.1,0.0033444816053511705,False,0.09665551839464884
fixed_ledger_squeeze,300,0.1,0.0033333333333333335,False,0.09666666666666668
fixed_ledger_squeeze,301,0.1,0.0033222591362126247,False,0.09667774086378739
fixed_ledger_squeeze,302,0.1,0.0033112582781456954,False,0.09668874172185431
fixed_ledger_squeeze,303,0.1,0.0033003300330033004,False,0.0966996699669967
fixed_ledger_squeeze,304,0.1,0.003289473684210526,False,0.09671052631578948
fixed_ledger_squeeze,305,0.1,0.003278688524590164,False,0.09672131147540984
fixed_ledger_squeeze,306,0.1,0.0032679738562091504,False,0.09673202614379085
fixed_ledger_squeeze,307,0.1,0.003257328990228013,False,0.09674267100977199
fixed_ledger_squeeze,308,0.1,0.003246753246753247,False,0.09675324675324676
fixed_ledger_squeeze,309,0.1,0.003236245954692557,False,0.09676375404530745
fixed_ledger_squeeze,310,0.1,0.0032258064516129032,False,0.09677419354838711
fixed_ledger_squeeze,311,0.1,0.003215434083601286,False,0.09678456591639872
fixed_ledger_squeeze,312,0.1,0.003205128205128205,False,0.0967948717948718
fixed_ledger_squeeze,313,0.1,0.003194888178913738,False,0.09680511182108627
fixed_ledger_squeeze,314,0.1,0.0031847133757961785,False,0.09681528662420383
fixed_ledger_squeeze,315,0.1,0.0031746031746031746,False,0.09682539682539683
fixed_ledger_squeeze,316,0.1,0.0031645569620253164,False,0.09683544303797469
fixed_ledger_squeeze,317,0.1,0.0031545741324921135,False,0.0968454258675079
fixed_ledger_squeeze,318,0.1,0.0031446540880503146,False,0.09685534591194969
fixed_ledger_squeeze,319,0.1,0.003134796238244514,False,0.09686520376175549
fixed_ledger_squeeze,320,0.1,0.003125,False,0.096875
fixed_ledger_squeeze,321,0.1,0.003115264797507788,False,0.09688473520249222
fixed_ledger_squeeze,322,0.1,0.003105590062111801,False,0.0968944099378882
fixed_ledger_squeeze,323,0.1,0.0030959752321981426,False,0.09690402476780187
fixed_ledger_squeeze,324,0.1,0.0030864197530864196,False,0.09691358024691359
fixed_ledger_squeeze,325,0.1,0.003076923076923077,False,0.09692307692307693
fixed_ledger_squeeze,326,0.1,0.003067484662576687,False,0.09693251533742332
fixed_ledger_squeeze,327,0.1,0.0030581039755351682,False,0.09694189602446483
fixed_ledger_squeeze,328,0.1,0.003048780487804878,False,0.09695121951219512
fixed_ledger_squeeze,329,0.1,0.00303951367781155,False,0.09696048632218845
fixed_ledger_squeeze,330,0.1,0.0030303030303030303,False,0.09696969696969697
fixed_ledger_squeeze,331,0.1,0.0030211480362537764,False,0.09697885196374623
fixed_ledger_squeeze,332,0.1,0.0030120481927710845,False,0.09698795180722893
fixed_ledger_squeeze,333,0.1,0.003003003003003003,False,0.096996996996997
fixed_ledger_squeeze,334,0.1,0.0029940119760479044,False,0.0970059880239521
fixed_ledger_squeeze,335,0.1,0.0029850746268656717,False,0.09701492537313433
fixed_ledger_squeeze,336,0.1,0.002976190476190476,False,0.09702380952380953
fixed_ledger_squeeze,337,0.1,0.002967359050445104,False,0.0970326409495549
fixed_ledger_squeeze,338,0.1,0.0029585798816568047,False,0.0970414201183432
fixed_ledger_squeeze,339,0.1,0.0029498525073746312,False,0.09705014749262537
fixed_ledger_squeeze,340,0.1,0.0029411764705882353,False,0.09705882352941177
fixed_ledger_squeeze,341,0.1,0.002932551319648094,False,0.09706744868035191
fixed_ledger_squeeze,342,0.1,0.0029239766081871343,False,0.09707602339181287
fixed_ledger_squeeze,343,0.1,0.0029154518950437317,False,0.09708454810495627
fixed_ledger_squeeze,344,0.1,0.0029069767441860465,False,0.09709302325581395
fixed_ledger_squeeze,345,0.1,0.002898550724637681,False,0.09710144927536232
fixed_ledger_squeeze,346,0.1,0.002890173410404624,False,0.09710982658959538
fixed_ledger_squeeze,347,0.1,0.002881844380403458,False,0.09711815561959655
fixed_ledger_squeeze,348,0.1,0.0028735632183908046,False,0.0971264367816092
fixed_ledger_squeeze,349,0.1,0.0028653295128939827,False,0.09713467048710603
fixed_ledger_squeeze,350,0.1,0.002857142857142857,False,0.09714285714285714
fixed_ledger_squeeze,351,0.1,0.002849002849002849,False,0.09715099715099716
fixed_ledger_squeeze,352,0.1,0.002840909090909091,False,0.09715909090909092
fixed_ledger_squeeze,353,0.1,0.0028328611898017,False,0.09716713881019831
fixed_ledger_squeeze,354,0.1,0.002824858757062147,False,0.09717514124293786
fixed_ledger_squeeze,355,0.1,0.0028169014084507044,False,0.0971830985915493
fixed_ledger_squeeze,356,0.1,0.0028089887640449437,False,0.09719101123595505
fixed_ledger_squeeze,357,0.1,0.0028011204481792717,False,0.09719887955182073
fixed_ledger_squeeze,358,0.1,0.002793296089385475,False,0.09720670391061453
fixed_ledger_squeeze,359,0.1,0.002785515320334262,False,0.09721448467966574
fixed_ledger_squeeze,360,0.1,0.002777777777777778,False,0.09722222222222222
fixed_ledger_squeeze,361,0.1,0.002770083102493075,False,0.09722991689750693
fixed_ledger_squeeze,362,0.1,0.0027624309392265192,False,0.0972375690607735
fixed_ledger_squeeze,363,0.1,0.0027548209366391185,False,0.09724517906336089
fixed_ledger_squeeze,364,0.1,0.0027472527472527475,False,0.09725274725274725
fixed_ledger_squeeze,365,0.1,0.0027397260273972603,False,0.09726027397260274
fixed_ledger_squeeze,366,0.1,0.00273224043715847,False,0.09726775956284153
fixed_ledger_squeeze,367,0.1,0.0027247956403269754,False,0.09727520435967303
fixed_ledger_squeeze,368,0.1,0.002717391304347826,False,0.09728260869565218
fixed_ledger_squeeze,369,0.1,0.0027100271002710027,False,0.097289972899729
fixed_ledger_squeeze,370,0.1,0.002702702702702703,False,0.0972972972972973
fixed_ledger_squeeze,371,0.1,0.0026954177897574125,False,0.09730458221024259
fixed_ledger_squeeze,372,0.1,0.002688172043010753,False,0.09731182795698926
fixed_ledger_squeeze,373,0.1,0.002680965147453083,False,0.09731903485254692
fixed_ledger_squeeze,374,0.1,0.00267379679144385,False,0.09732620320855616
fixed_ledger_squeeze,375,0.1,0.0026666666666666666,False,0.09733333333333334
fixed_ledger_squeeze,376,0.1,0.0026595744680851063,False,0.0973404255319149
fixed_ledger_squeeze,377,0.1,0.002652519893899204,False,0.0973474801061008
fixed_ledger_squeeze,378,0.1,0.0026455026455026454,False,0.09735449735449736
fixed_ledger_squeeze,379,0.1,0.002638522427440633,False,0.09736147757255938
fixed_ledger_squeeze,380,0.1,0.002631578947368421,False,0.09736842105263159
fixed_ledger_squeeze,381,0.1,0.0026246719160104987,False,0.0973753280839895
fixed_ledger_squeeze,382,0.1,0.002617801047120419,False,0.09738219895287958
fixed_ledger_squeeze,383,0.1,0.0026109660574412533,False,0.09738903394255875
fixed_ledger_squeeze,384,0.1,0.0026041666666666665,False,0.09739583333333333
fixed_ledger_squeeze,385,0.1,0.0025974025974025974,False,0.09740259740259741
fixed_ledger_squeeze,386,0.1,0.0025906735751295338,False,0.09740932642487048
fixed_ledger_squeeze,387,0.1,0.002583979328165375,False,0.09741602067183464
fixed_ledger_squeeze,388,0.1,0.002577319587628866,False,0.09742268041237113
fixed_ledger_squeeze,389,0.1,0.002570694087403599,False,0.09742930591259641
fixed_ledger_squeeze,390,0.1,0.002564102564102564,False,0.09743589743589744
fixed_ledger_squeeze,391,0.1,0.0025575447570332483,False,0.09744245524296676
fixed_ledger_squeeze,392,0.1,0.002551020408163265,False,0.09744897959183674
fixed_ledger_squeeze,393,0.1,0.002544529262086514,False,0.0974554707379135
fixed_ledger_squeeze,394,0.1,0.0025380710659898475,False,0.09746192893401016
fixed_ledger_squeeze,395,0.1,0.002531645569620253,False,0.09746835443037975
fixed_ledger_squeeze,396,0.1,0.0025252525252525255,False,0.09747474747474748
fixed_ledger_squeeze,397,0.1,0.0025188916876574307,False,0.09748110831234258
fixed_ledger_squeeze,398,0.1,0.002512562814070352,False,0.09748743718592966
fixed_ledger_squeeze,399,0.1,0.002506265664160401,False,0.0974937343358396
fixed_ledger_squeeze,400,0.1,0.0025,False,0.0975
fixed_ledger_squeeze,401,0.1,0.0024937655860349127,False,0.0975062344139651
fixed_ledger_squeeze,402,0.1,0.0024875621890547263,False,0.09751243781094528
fixed_ledger_squeeze,403,0.1,0.0024813895781637717,False,0.09751861042183624
fixed_ledger_squeeze,404,0.1,0.0024752475247524753,False,0.09752475247524753
fixed_ledger_squeeze,405,0.1,0.0024691358024691358,False,0.09753086419753088
fixed_ledger_squeeze,406,0.1,0.0024630541871921183,False,0.09753694581280789
fixed_ledger_squeeze,407,0.1,0.002457002457002457,False,0.09754299754299754
fixed_ledger_squeeze,408,0.1,0.0024509803921568627,False,0.09754901960784314
fixed_ledger_squeeze,409,0.1,0.0024449877750611247,False,0.09755501222493888
fixed_ledger_squeeze,410,0.1,0.0024390243902439024,False,0.0975609756097561
fixed_ledger_squeeze,411,0.1,0.0024330900243309003,False,0.09756690997566911
fixed_ledger_squeeze,412,0.1,0.0024271844660194173,False,0.09757281553398059
fixed_ledger_squeeze,413,0.1,0.002421307506053269,False,0.09757869249394674
fixed_ledger_squeeze,414,0.1,0.0024154589371980675,False,0.09758454106280194
fixed_ledger_squeeze,415,0.1,0.0024096385542168677,False,0.09759036144578313
fixed_ledger_squeeze,416,0.1,0.002403846153846154,False,0.09759615384615385
fixed_ledger_squeeze,417,0.1,0.002398081534772182,False,0.09760191846522782
fixed_ledger_squeeze,418,0.1,0.0023923444976076554,False,0.09760765550239235
fixed_ledger_squeeze,419,0.1,0.002386634844868735,False,0.09761336515513128
fixed_ledger_squeeze,420,0.1,0.002380952380952381,False,0.09761904761904762
fixed_ledger_squeeze,421,0.1,0.0023752969121140144,False,0.097624703087886
fixed_ledger_squeeze,422,0.1,0.002369668246445498,False,0.09763033175355451
fixed_ledger_squeeze,423,0.1,0.002364066193853428,False,0.09763593380614657
fixed_ledger_squeeze,424,0.1,0.0023584905660377358,False,0.09764150943396227
fixed_ledger_squeeze,425,0.1,0.002352941176470588,False,0.09764705882352942
fixed_ledger_squeeze,426,0.1,0.002347417840375587,False,0.09765258215962441
fixed_ledger_squeeze,427,0.1,0.00234192037470726,False,0.09765807962529274
fixed_ledger_squeeze,428,0.1,0.002336448598130841,False,0.09766355140186916
fixed_ledger_squeeze,429,0.1,0.002331002331002331,False,0.09766899766899767
fixed_ledger_squeeze,430,0.1,0.002325581395348837,False,0.09767441860465118
fixed_ledger_squeeze,431,0.1,0.002320185614849188,False,0.09767981438515082
fixed_ledger_squeeze,432,0.1,0.0023148148148148147,False,0.0976851851851852
fixed_ledger_squeeze,433,0.1,0.0023094688221709007,False,0.09769053117782911
fixed_ledger_squeeze,434,0.1,0.002304147465437788,False,0.09769585253456221
fixed_ledger_squeeze,435,0.1,0.0022988505747126436,False,0.09770114942528736
fixed_ledger_squeeze,436,0.1,0.0022935779816513763,False,0.09770642201834863
fixed_ledger_squeeze,437,0.1,0.002288329519450801,False,0.0977116704805492
fixed_ledger_squeeze,438,0.1,0.00228310502283105,False,0.09771689497716896
fixed_ledger_squeeze,439,0.1,0.002277904328018223,False,0.09772209567198178
fixed_ledger_squeeze,440,0.1,0.0022727272727272726,False,0.09772727272727273
fixed_ledger_squeeze,441,0.1,0.0022675736961451248,False,0.09773242630385488
fixed_ledger_squeeze,442,0.1,0.0022624434389140274,False,0.09773755656108597
fixed_ledger_squeeze,443,0.1,0.002257336343115124,False,0.09774266365688489
fixed_ledger_squeeze,444,0.1,0.0022522522522522522,False,0.09774774774774775
fixed_ledger_squeeze,445,0.1,0.0022471910112359553,False,0.09775280898876405
fixed_ledger_squeeze,446,0.1,0.002242152466367713,False,0.09775784753363229
fixed_ledger_squeeze,447,0.1,0.0022371364653243847,False,0.09776286353467561
fixed_ledger_squeeze,448,0.1,0.002232142857142857,False,0.09776785714285714
fixed_ledger_squeeze,449,0.1,0.0022271714922048997,False,0.0977728285077951
fixed_ledger_squeeze,450,0.1,0.0022222222222222222,False,0.09777777777777778
fixed_ledger_squeeze,451,0.1,0.0022172949002217295,False,0.09778270509977828
fixed_ledger_squeeze,452,0.1,0.0022123893805309734,False,0.09778761061946903
fixed_ledger_squeeze,453,0.1,0.002207505518763797,False,0.09779249448123621
fixed_ledger_squeeze,454,0.1,0.0022026431718061676,False,0.09779735682819383
fixed_ledger_squeeze,455,0.1,0.002197802197802198,False,0.0978021978021978
fixed_ledger_squeeze,456,0.1,0.0021929824561403508,False,0.09780701754385965
fixed_ledger_squeeze,457,0.1,0.002188183807439825,False,0.09781181619256019
fixed_ledger_squeeze,458,0.1,0.002183406113537118,False,0.09781659388646288
fixed_ledger_squeeze,459,0.1,0.002178649237472767,False,0.09782135076252724
fixed_ledger_squeeze,460,0.1,0.002173913043478261,False,0.09782608695652174
fixed_ledger_squeeze,461,0.1,0.0021691973969631237,False,0.09783080260303688
fixed_ledger_squeeze,462,0.1,0.0021645021645021645,False,0.09783549783549784
fixed_ledger_squeeze,463,0.1,0.0021598272138228943,False,0.09784017278617711
fixed_ledger_squeeze,464,0.1,0.0021551724137931034,False,0.0978448275862069
fixed_ledger_squeeze,465,0.1,0.002150537634408602,False,0.0978494623655914
fixed_ledger_squeeze,466,0.1,0.002145922746781116,False,0.09785407725321889
fixed_ledger_squeeze,467,0.1,0.0021413276231263384,False,0.09785867237687366
fixed_ledger_squeeze,468,0.1,0.002136752136752137,False,0.09786324786324786
fixed_ledger_squeeze,469,0.1,0.0021321961620469083,False,0.0978678038379531
fixed_ledger_squeeze,470,0.1,0.002127659574468085,False,0.09787234042553192
fixed_ledger_squeeze,471,0.1,0.0021231422505307855,False,0.09787685774946922
fixed_ledger_squeeze,472,0.1,0.00211864406779661,False,0.0978813559322034
fixed_ledger_squeeze,473,0.1,0.0021141649048625794,False,0.09788583509513743
fixed_ledger_squeeze,474,0.1,0.002109704641350211,False,0.09789029535864979
fixed_ledger_squeeze,475,0.1,0.002105263157894737,False,0.09789473684210527
fixed_ledger_squeeze,476,0.1,0.0021008403361344537,False,0.09789915966386555
fixed_ledger_squeeze,477,0.1,0.0020964360587002098,False,0.0979035639412998
fixed_ledger_squeeze,478,0.1,0.0020920502092050207,False,0.09790794979079498
fixed_ledger_squeeze,479,0.1,0.0020876826722338203,False,0.09791231732776619
fixed_ledger_squeeze,480,0.1,0.0020833333333333333,False,0.09791666666666667
fixed_ledger_squeeze,481,0.1,0.002079002079002079,False,0.09792099792099793
fixed_ledger_squeeze,482,0.1,0.002074688796680498,False,0.0979253112033195
fixed_ledger_squeeze,483,0.1,0.002070393374741201,False,0.0979296066252588
fixed_ledger_squeeze,484,0.1,0.002066115702479339,False,0.09793388429752067
fixed_ledger_squeeze,485,0.1,0.002061855670103093,False,0.0979381443298969
fixed_ledger_squeeze,486,0.1,0.00205761316872428,False,0.09794238683127572
fixed_ledger_squeeze,487,0.1,0.002053388090349076,False,0.09794661190965093
fixed_ledger_squeeze,488,0.1,0.0020491803278688526,False,0.09795081967213115
fixed_ledger_squeeze,489,0.1,0.002044989775051125,False,0.09795501022494887
fixed_ledger_squeeze,490,0.1,0.0020408163265306124,False,0.0979591836734694
fixed_ledger_squeeze,491,0.1,0.002036659877800407,False,0.0979633401221996
fixed_ledger_squeeze,492,0.1,0.0020325203252032522,False,0.09796747967479676
fixed_ledger_squeeze,493,0.1,0.002028397565922921,False,0.09797160243407708
fixed_ledger_squeeze,494,0.1,0.0020242914979757085,False,0.09797570850202429
fixed_ledger_squeeze,495,0.1,0.00202020202020202,False,0.09797979797979799
fixed_ledger_squeeze,496,0.1,0.0020161290322580645,False,0.09798387096774194
fixed_ledger_squeeze,497,0.1,0.002012072434607646,False,0.09798792756539236
fixed_ledger_squeeze,498,0.1,0.002008032128514056,False,0.09799196787148595
fixed_ledger_squeeze,499,0.1,0.002004008016032064,False,0.09799599198396794
fixed_ledger_squeeze,500,0.1,0.002,False,0.098
