angle_index,theta,z_real,z_imag,zeta_abs,M_G_abs,h_abs,log_h_abs
0,0.0,11.8406995042713383,14.134725141734693,0.999743921954062243,0.0006963755317297974,0.000696197205244393167,-7.26987759689491653
1,0.00872664625997164788,11.8402676851840615,14.2336901585351085,0.999751213288625686,0.000694197981960615561,0.000694025274727640894,-7.27300217920471315
2,0.0174532925199432958,11.8389722608069263,14.332647638766336,0.999759549787488207,0.000692229979007629414,0.000692063532162069996,-7.27583279707807706
3,0.0261799387799149437,11.8368133297915146,14.4315900464331265,0.999768908410693228,0.000690469310637356919,0.000690309748986994181,-7.27837014952827142
4,0.0349065850398865915,11.8337910565487818,14.530509846688065,0.999779264020678814,0.000688913942651936068,0.000688761874558136773,-7.28061495690800303
5,0.0436332312998582394,11.8299056712365365,14.6293995064053785,0.999790589394163986,0.000687562015320576971,0.000687418032542398859,-7.28256796092433425
6,0.0523598775598298873,11.8251574697419132,14.7282514947546126,0.999802855233840817,0.000686411840038407282,0.000686276517536714015,-7.284229924667831
7,0.0610865238198015352,11.819546813658839,14.8270582837741335,0.999816030179918838,0.000685461896205146955,0.000685335791903429602,-7.28560163265603478
8,0.0698131700797731831,11.8130741302604973,14.9258123489444114,0.999830080821569924,0.000684710828316370339,0.000684594482814960644,-7.28668389089137195
9,0.078539816339744831,11.8057399124667888,15.0245061697610416,0.999844971708323447,0.000684157443260415863,0.000684051379500749403,-7.28747752693364052
10,0.0872664625997164788,11.7975447188067941,15.1231322303074603,0.999860665361463354,0.00068380070781428635,0.000683705430689831943,-7.28798338998724365
11,0.0959931088596881267,11.7884891733762394,15.2216830198273106,0.999877122285480706,0.000683639746332146221,0.000683555742242562376,-7.2882023510033699
12,0.104719755119659775,11.7785739657899692,15.3201510332964155,0.999894300979637321,0.00068367383862026572,0.000683601574965275966,-7.28813530279735311
13,0.113446401379631423,11.7677998511294295,15.4185287719943151,0.999912157949698335,0.000683902417992486539,0.000683842342601883813,-7.2877831601814801
14,0.12217304763960307,11.7561676498851654,15.5168087440753225,0.999930647719893836,0.000684325069500487883,0.000684277609996584215,-7.28714686011355178
15,0.130899693899574718,11.7436782478943375,15.6149834651390575,0.99994972284517222,0.000684941528333316779,0.000684907091422048788,-7.28622736186154332
16,0.139626340159546366,11.7303325962732621,15.7130454588004121,0.999969333923810543,0.000685751678380810939,0.000685730649067594665,-7.28502564718475175
17,0.148352986419518014,11.7161317113449799,15.8109872572589066,0.999989429610449941,0.000686755550955686467,0.0006867482916819872,-7.2835427205318651
18,0.157079632679489662,11.7010766745618592,15.9088014018673912,1.00000995662962716,0.000687953323669185436,0.00068796017336562998,-7.28177960925643575
19,0.16580627893946131,11.6851686324232389,16.0064804437000512,1.00003085978987631,0.000689345319455279453,0.000689366592506990062,-7.27973736385029284
20,0.174532925199432958,11.6684087963881185,16.1040169441196713,1.00005208199847844,0.000690932005738503827,0.000690967990858175405,-7.27741705819548416
21,0.183259571459404606,11.6507984427829003,16.2014034753441165,1.00007356427693968,0.000692713993740552114,0.000692764952744627638,-7.27481978983539733
22,0.191986217719376253,11.6323389127041927,16.2986326210119868,1.00009524577728287,0.000694692037920791607,0.000694758204403915597,-7.27194668026577403
23,0.200712863979347901,11.61303161191668,16.3956969767474018,1.000117063799241,0.000696867035545865548,0.000696948613448612364,-7.26879887524639848
24,0.209439510239319549,11.5928780107460686,16.4925891507238721,1.00013895380844525,0.000699240026383526221,0.000699337188448209571,-7.26537754513431504
25,0.218166156499291197,11.5718796439671153,16.5893017642272162,1.00016084945570454,0.000701812192515793103,0.000701925078624966075,-7.26168388523950709
26,0.226892802759262845,11.550038110686749,16.6858274522174777,1.0001826825974781,0.000704584858266450239,0.000704713573658502094,-7.2577191162040538
27,0.235619449019234493,11.5273550742222917,16.7821588638898017,1.00020438331764746,0.000707559490237785055,0.000707704103593832799,-7.2534844844058705
28,0.244346095279206141,11.5038322619747914,16.8782886632342272,1.000225879950699,0.000710737697451324871,0.000710898238847385099,-7.2489812623882352
29,0.253072741539177789,11.4794714652974728,16.9742095295943524,1.0002470991064339,0.000714121231587144992,0.000714297690305355654,-7.24421074931640704
30,0.261799387799149437,11.4542745393593196,17.0699141582248314,1.00026796569632749,0.00071771198731610089,0.000717904309508544633,-7.23917427146275357
31,0.270526034059121084,11.4282434030037958,17.1653952608476582,1.00028840296166604,0.000721512002719073677,0.000721720088917535451,-7.23387318272192353
32,0.279252680319092732,11.4013800386027187,17.2606455662071982,1.00030833250359517,0.000725523459787009579,0.000725747162251782734,-7.22830886515773009
33,0.28797932657906438,11.373686491905293,17.3556578206239215,1.00032767431522022,0.000729748684995176908,0.000729987804895815556,-7.22248272958354822
34,0.296705972839036028,11.3451648718823197,17.4504247885467995,1.00034634681590592,0.000734190149944654073,0.000734444434365356892,-7.21639621617817885
35,0.305432619099007676,11.3158173505655894,17.5449392531043196,1.00036426688792951,0.00073885047206359512,0.000739119610825698978,-7.21005079513929317
36,0.314159265358979324,11.2856461628824741,17.6391940166540782,1.00038134991564892,0.000743732415360290286,0.000744016037654153303,-7.20344796737674399
37,0.322885911618950972,11.2546536064857283,17.7331819013309087,1.00039750982735518,0.000748838891219442725,0.000749136562037808207,-7.19658926524821805
38,0.33161255787892262,11.2228420415785141,17.8268957495935041,1.00041265913998637,0.000754172959232413034,0.000754484175597170854,-7.18947625333990523
39,0.340339204138894268,11.1902138907346627,17.9203284247694914,1.00042670900688875,0.000759737828051433928,0.000760062015025537569,-7.18211052929507903
40,0.349065850398865915,11.1567716387141859,18.0134728115989165,1.00043956926881931,0.000765536856256961184,0.000765873362733120293,-7.17449372469371874
41,0.357792496658837563,11.122517832274052,18.1063218167760992,1.00045114850839328,0.000771573553226395888,0.000771921647484049681,-7.16662750598655915
42,0.366519142918809211,11.0874550799742405,18.1988683694898158,1.00046135410818936,0.000777851579991378294,0.000778210445013368903,-7.15851357548723011
43,0.375245789178780859,11.0515860519790898,18.2911054219617685,1.00047009231273555,0.000784374750069705626,0.000784743478610017259,-7.15015367242644788
44,0.383972435438752507,11.0149134798539545,18.3830259499833014,1.00047726829460835,0.00079114703025665421,0.000791524619650569262,-7.1415495740725447
45,0.392699081698724155,10.9774401563571855,18.4746229534503208,1.00048278622488902,0.000798172541359078823,0.000798557888067131646,-7.1327030969229753
46,0.401425727958695803,10.939168935227451,18.5658894568963805,1.00048654934823125,0.000805455558854105958,0.000805847452731295663,-7.12361609797182083
47,0.410152374218667451,10.9001027309664129,18.6568185100238904,1.00048846006280628,0.000813000513452518758,0.000813397631734381312,-7.11429047605872601
48,0.418879020478639098,10.8602445186167769,18.7474031882334087,1.00048842000540288,0.000820811991545033825,0.000821212892542379,-7.10472817330515568
49,0.427605666738610746,10.8195973335357306,18.8376365931509769,1.00048633014197213,0.000828894735507576609,0.000829297852001975964,-7.09493117664434726
50,0.436332312998582394,10.7781642711637899,18.9275118531534578,1.00048209086391894,0.00083725364383935359,0.000837657276171831388,-7.08490151945186858
51,0.445058959258554042,10.7359484867890691,19.0170221238918359,1.00047560209045538,0.000845893771104974757,0.000846296079950815468,-7.07464128328427119
52,0.45378560551852569,10.6929531953069934,19.1061605888124414,1.00046676337734386,0.000854820327649075737,0.000855219326472231406,-7.06415259973396085
53,0.462512251778497338,10.6491816709754722,19.1949204596760569,1.00045547403237164,0.000864038679048799639,0.000864432226230071057,-7.05343765240909641
54,0.471238898038468986,10.6046372471655516,19.2832949770748685,1.00044163323791171,0.000873554345266095838,0.000873940135900087546,-7.04249867904807924
55,0.479965544298440634,10.5593233161075656,19.3712774109472202,1.00042514018093917,0.000883372999458045273,0.000883748556814871641,-7.03133797377901548
56,0.488692190558412282,10.5132433286328042,19.458861061090135,1.00040589419088598,0.000893500466399294757,0.000893863133048160146,-7.0199578895354288
57,0.497418836818383929,10.4664007939107196,19.5460392576695605,1.0003837948857314,0.000903942720466138187,0.00090428964905924722,-7.00836084064047982
58,0.506145483078355577,10.4187992791816891,19.6328053617283031,1.00035874232673933,0.000914705883126778153,0.000915034026843573207,-6.99654930557301832
59,0.514872129338327225,10.370442409485356,19.7191527656916101,1.00033063718226815,0.000925796219876790822,0.000926102322530285386,-6.98452582992996517
60,0.523598775598298873,10.321333867384569,19.8050748938703622,1.00029938090109243,0.000937220136552748591,0.000937500722361751722,-6.97229302960080324
61,0.532325421858270521,10.2714773926849405,19.8905652029618374,1.00026487589568972,0.000948984174950272133,0.000949235537983607451,-6.95985359417136113
62,0.541052068118242169,10.220876782150046,19.9756171825480092,1.00022702573595884,0.000961095007665423199,0.000961313200966864806,-6.94721029057561495
63,0.549778714378213817,10.1695358892122861,20.0602243555913401,1.000185735353849,0.000973559432070242653,0.000973740256475851247,-6.93436596701592388
64,0.558505360638185465,10.1174586236794323,20.1443802789280328,1.00014091125939087,0.000986384363324307884,0.000986523355987187378,-6.9213235571739729
65,0.567232006898157113,10.0646489514368802,20.2280785437587023,1.00009246176863206,0.000999576826314345371,0.00099966924895559002,-6.90808608473673769
66,0.57595865315812876,10.0111108941456321,20.3113127761364307,1.000040297243989,0.00101314394640309399,0.00101318477331189818,-6.89465666826403257
67,0.584685299418100408,9.95684852893603167,20.3940766374521681,0.999984330347536024,0.00102709293885666923,0.00102707684466726914,-6.88103852642667579
68,0.593411945678072056,9.901865988097275,20.4763638249174419,0.999924476307758696,0.00104143109680651336,0.00104135244408486763,-6.86723498364703161
69,0.602138591938043704,9.84616745876272048,20.5581680720443389,0.999860653200303126,0.00105616577758750546,0.00105601860426644928,-6.85324947617669494
70,0.610865238198015352,9.78975718259102257,20.6394831491227223,0.999792782243254768,0.00107130438727780812,0.00107108239398588509,-6.83908555864940328
71,0.619591884457987,9.732639455443113,20.7203028636946485,0.999720788107479113,0.00108685436324839053,0.00108655090058473337,-6.82474691115092843
72,0.628318530717958648,9.67481862705505436,20.8006210610259465,0.999644599242551857,0.00110282315451071969,0.00110243121032627523,-6.81023734685175786
73,0.637045176977930296,9.61629910070679084,20.8804316245749252,0.99956414821879717,0.00111921819962966441,0.0011187303863838012,-6.79556082025286803
74,0.645771823237901943,9.55708533288682142,20.9597284764581709,0.999479372085938746,0.00113604690194500287,0.0011354554442161675,-6.78072143609987239
75,0.654498469497873591,9.49718183295282101,21.0385055779134027,0.999390212748848652,0.0011533166018188334,0.00115261332405850308,-6.76572345902635276
76,0.663225115757845239,9.43659316278823542,21.1167569297593466,0.999296617360852668,0.00117103454559740769,0.00117021086022819268,-6.75057132399332249
77,0.671951762017816887,9.37532393645487626,21.1944765728525973,0.999198538735016786,0.00118920785094415532,0.00118825474691560964,-6.73526964759859797
78,0.680678408277788535,9.31337881984154226,21.2716585885414294,0.999095935773796574,0.00120784346816564141,0.00120675150009521937,-6.71982324033745927
79,0.689405054537760183,9.2507625303086938,21.3482970991165257,0.99898877391737798,0.00122694813711355532,0.00122570741515528159,-6.70423711990445835
80,0.698131700797731831,9.18747983632920763,21.424386268258588,0.998877025610973181,0.00124652833920319557,0.00124512851980307425,-6.6885165256356983
81,0.706858347057703479,9.12353555712523921,21.499920301482795,0.998760670791256613,0.00126659024404188355,0.00126502052175693303,-6.67266693420148722
82,0.715584993317675127,9.05893456230122024,21.5748934465800745,0.998639697392032403,0.00128713965010885597,0.0012853887506859944,-6.65669407667111402
83,0.724311639577646774,8.99368177147301951,21.6492999940551573,0.998514101869112725,0.00130818191887095985,0.00130623809380284896,-6.64060395708477029
84,0.733038285837618422,8.92778215389329504,21.7231342775613764,0.998383889744254697,0.00132972190165536325,0.00132757292445280887,-6.62440287268254695
85,0.74176493209759007,8.86124072807306626,21.7963906743321817,0.998249076167848372,0.00135176385853090933,0.00134939702297556632,-6.60809743595719307
86,0.750491578357561718,8.79406256139953499,21.8690636056093354,0.998109686499866924,0.00137431136837303723,0.00137171348904001531,-6.59169459871619521
87,0.759218224617533366,8.72625276975018426,21.9411475370677562,0.997965756908378592,0.0013973672292026703,0.00139452464457020662,-6.57520167836002109
88,0.767944870877505014,8.65781651710318447,22.0126369792369792,0.997817334984674128,0.00142093334779637323,0.00141783192628902822,-6.55862638660741923
89,0.776671517137476662,8.58875901514413639,22.0835264879192006,0.997664480373778663,0.00144501061746258508,0.00144163576680540299,-6.54197686092588161
90,0.78539816339744831,8.51908552286918121,22.1538106646038742,0.997507265418787635,0.00146959878276596825,0.00146593546305965993,-6.52526169895623086
91,0.794124809657419958,8.44880134618450756,22.2234841568788294,0.997345775817086719,0.0014946962898579356,0.00149072903081928391,-6.50848999625533739
92,0.802851455917391605,8.37791183750228622,22.2925416588378775,0.997180111286078468,0.00152030012093523614,0.00151601304378243733,-6.49167138772084712
93,0.811578102177363253,8.30642239533306325,22.3609779114848773,0.997010386235536001,0.00154640561119905383,0.00154178245569836878,-6.47481609310726068
94,0.820304748437334901,8.23433846387464245,22.428787703134228,0.996836730443127461,0.00157300624652332367,0.0015680304037509261,-6.45793496709463312
95,0.829031394697306549,8.16166553259748867,22.4959658698077593,0.996659289728994156,0.00160009343986179817,0.00159474799127268279,-6.44103955443059775
96,0.837758040957278197,8.08840913582668337,22.562507295627988,0.996478226624508853,0.00162765628422771229,0.00162192404766146828,-6.42414215073458332
97,0.846484687217249845,8.01457485232046431,22.6284069132077125,0.996293721029475541,0.00165568127986664826,0.00164954486315718748,-6.40725586963143447
98,0.855211333477221493,7.94016830484538154,22.6936597040359132,0.996105970851043558,0.00168415203301144034,0.00167759389590361954,-6.39039471697187008
99,0.863937979737193141,7.86519515974810196,22.7582606988599322,0.99591519261648042,0.00171304892335689801,0.00170605144846643949,-6.37357367300134841
100,0.872664625997164788,7.78966112652389505,22.8222049780639006,0.995721622050660166,0.00174234873712124707,0.00173489431070428742,-6.35680878345935429
101,0.881391272257136436,7.71357195738183273,22.8854876720433868,0.995525514607655909,0.00177202426227037914,0.00176409536559397101,-6.34011726073074019
102,0.890117918517108084,7.63693344680673638,22.9481039615762353,0.995327145944152163,0.00180204384217073724,0.00179362315429403409,-6.3235175963329412
103,0.898844564777079732,7.55975143111790434,23.0100490781895693,0.995126812320486597,0.00183237088360827169,0.00182344139639397277,-6.30702968621169941
104,0.90757121103705138,7.48203178802465365,23.0713183045229284,0.994924830912960509,0.00186296331476688526,0.00185350846094149174,-6.29067497053821315
105,0.916297857297023028,7.40378043617870967,23.131906974687514,0.994721540018586729,0.00189377298840431882,0.00188377678347114521,-6.27447658995814562
106,0.925024503556994676,7.32500333472347793,23.1918104746215144,0.994517299130631897,0.00192474502510297144,0.00191419222388052745,-6.25845956054457814
107,0.933751149816966324,7.24570648284023217,23.2510242424414838,0.994312488860110742,0.00195581709111733499,0.00194469335962401935,-6.24265097006099539
108,0.942477796076937972,7.16589591929125355,23.3095437687897474,0.994107510674750286,0.00198691860500254453,0.00197521070833242699,-6.22708019855653235
109,0.951204442336909619,7.08557772195995548,23.367364597177806,0.993902786422801587,0.00201796986690999612,0.00200566587363909521,-6.21177916680561435
110,0.959931088596881267,7.0047580073880293,23.4244823243257156,0.993698757604367308,0.00204888110420431966,0.00203597060772689668,-6.19678261668151445
111,0.968657734856852915,6.9234429303096459,23.4808926004974135,0.993495884347557044,0.00207955142693087545,0.00206602578394491426,-6.18212842823434072
112,0.977384381116824563,6.84163868318274892,23.536591129831968,0.993294644040690092,0.00210986768669980998,0.002095720272833442,-6.16785797904723422
113,0.986111027376796211,6.7593514957174751,23.5915736706707247,0.993095529564836033,0.0021397032328289276,0.0021249297151178355,-6.15401655239142031
114,0.994837673636767859,6.67658763440173771,23.6458360358803251,0.992899047063101714,0.00216891656021118955,0.00215351518579307058,-6.14065380181488332
115,1.00356431989673951,6.59335340202400927,23.6993740931715732,0.992705713174107536,0.00219734984449449638,0.00218132174447192332,-6.12782428110600242
116,1.01229096615671115,6.50965513719333977,23.7521837654141253,0.992516051646896405,0.00222482736199321016,0.00220817686892148126,-6.11558805009720939
117,1.0210176124166828,6.42549921385664708,23.8042610309469791,0.992330589242914543,0.00225115379459067101,0.00223388877146258358,-6.10401136853498706
118,1.02974425867665445,6.34089204081331619,23.855601923884739,0.992149850817499606,0.00227611242416163115,0.00225824460207581973,-6.0931674922501107
119,1.0384709049366261,6.25584006122714435,23.9062025344196335,0.991974353458286334,0.00229946322734398224,0.00228100854824565127,-6.08313758810003791
120,1.04719755119659775,6.17034975213566916,23.956059009119262,0.991804599540839987,0.002320940890682497,0.00230191985064131441,-6.07401178655994787
121,1.05592419745656939,6.08442762395691714,24.005167551220049,0.991641068542364753,0.00234025277950043051,0.00232069076692304604,-6.06589039325759296
122,1.06465084371654104,5.99808021999361013,24.0535244209163821,0.991484207432179662,0.00235707691314729867,0.002337004535088538,-6.05888528286737691
123,1.07337748997651269,5.91131411593486752,24.1011259356454126,0.991334419432434145,0.00237106002720421377,0.00235051341550794077,-6.05312150000395772
124,1.08210413623648434,5.82413591935544201,24.1479684703674972,0.991192050913823917,0.00238181584379444216,0.00236083693110965318,-6.04873909098549752
125,1.09083078249645599,5.73655226921252723,24.1940484578422586,0.991057376158381567,0.00238892373035862453,0.00236756048405171145,-6.0458951855844581
126,1.09955742875642763,5.64856983534017545,24.2393623889002446,0.990930579684206071,0.00239192801427230892,0.00237023461374575101,-6.04476633559292785
127,1.10828407501639928,5.5601953179413639,24.2839068127101652,0.990811735784638982,0.00239033834963914927,0.00236837528931855476,-6.04555109085265689
128,1.11701072127637093,5.47143544707774835,24.3276783370416864,0.990700784886187685,0.00238363172555979116,0.00236146582139170302,-6.04847274199487653
129,1.12573736753634258,5.38229698215714289,24.3706736285237621,0.990597506274642585,0.00237125699707011496,0.00234896126803395333,-6.05378206214545077
130,1.13446401379631423,5.2927867114187648,24.4128894128984829,0.990501486676439375,0.00235264326666492929,0.00233029665325092727,-6.06175970051708853
131,1.14319066005628587,5.20291145141628394,24.4543224752704236,0.990412084111374469,0.00232721413634781583,0.00230490100295369267,-6.07271755228288387
132,1.15191730631625752,5.11267804649871569,24.4949696603514699,0.990328386352167294,0.0022944109351069995,0.00227222027899328204,-6.08699782904069189
133,1.16064395257622917,5.02209336828919737,24.5348278727011059,0.990249163234828088,0.00225372974630351241,0.00223175399543449456,-6.10496745763666415
134,1.16937059883620082,4.93116431516168747,24.573894076962144,0.990172811959953664,0.00220477980696213878,0.00218311302121222478,-6.12700342940948245
135,1.17809724509617246,4.8398978117156278,24.6121652980918785,0.990097294407423965,0.00214737525085991286,0.00212611042595386304,-6.1534610596991819
136,1.18682389135614411,4.74830080824860841,24.6496386215886475,0.990020065353870184,0.00208167914861395293,0.00206090412675657453,-6.18461049598376274
137,1.19555053761611576,4.65638028022707553,24.6863111937137828,0.98993799033197903,0.00200842951598448519,0.00198822067877711062,-6.2205151714873188
138,1.20427718387608741,4.5641432277551228,24.7221802217089335,0.989847251701352238,0.00192929203181431361,0.00190970441542071616,-6.26080680522382646
139,1.21300383013605906,4.47159667504140622,24.757242974008745,0.989743241310384531,0.00184740057227488792,0.00182845223040200687,-6.30428544573551352
140,1.2217304763960307,4.37874766986422348,24.7914967804488789,0.989620437915628348,0.00176814775852519471,0.00174979515909123987,-6.34825654984569117
141,1.23045712265600235,4.28560328303479839,24.8249390324693557,0.989472267287712007,0.0017002197641637328,0.00168232030493446769,-6.38758130456553935
142,1.239183768915974,4.19217060785881114,24.8575671833132071,0.989290942669741026,0.00165661222942730571,0.00163887147408836056,-6.41374739956896711
143,1.24791041517594565,4.09845675959621571,24.8893787482204213,0.98906728296451212,0.00165480455321753484,0.00163671304328817059,-6.41506529022398951
144,1.2566370614359173,4.0044688749193852,24.9203713046171671,0.988790505711058652,0.00171477574999880582,0.00169555398102237909,-6.37974575908623735
145,1.26536370769588894,3.91021411136962664,24.9505424923002824,0.988447991570806496,0.00185452026323955719,0.00183309682952650367,-6.30174848580975758
146,1.27409035395586059,3.81569964681210652,24.9798900136170127,0.988025016683047941,0.00208567007459251108,0.0020606942102445996,-6.18471235768642888
147,1.28281700021583224,3.7209326788892285,25.008411633639986,0.987504448876079336,0.00241283065962048035,0.00238268101075982942,-6.03952895018659093
148,1.29154364647580389,3.62592042447250516,25.0361051803374117,0.986866403346796395,0.00283654309443011269,0.00279928908153843757,-5.87838979348945923
149,1.30027029273577553,3.53067011911296522,25.0629685447384888,0.986087853067777207,0.00335676632801539995,0.00331006650164291174,-5.71078699866420054
150,1.30899693899574718,3.43518901649013837,25.0889996810940126,0.98514218887759831,0.003974942073935832,0.00391588313537880575,-5.54271439761443897
151,1.31772358525571883,3.33948438785965945,25.1141966070321658,0.983998724003546499,0.00469471778764657153,0.00461959631260097916,-5.37744795593108534
152,1.32645023151569048,3.24356352149953421,25.1385574037094844,0.982622137724763193,0.00552200498838359612,0.00542604434621229536,-5.21654489186830941
153,1.33517687777566213,3.14743372215510871,25.1620802159569847,0.980971853109705959,0.00646484148894137406,0.00634182753546733035,-5.0605882972648643
154,1.34390352403563377,3.05110231048278467,25.184763252421442,0.979001344403975591,0.00753325937294199087,0.0073750710538540592,-4.90964974238177488
155,1.35263017029560542,2.95457662249252318,25.2066047857018083,0.976657370922563716,0.00873921874105016299,0.00853522239955124935,-4.76355386571713589
156,1.36135681655557707,2.85786400898917908,25.2276031524807616,0.973879136537626595,0.0100966133580213916,0.00983288109906413935,-4.6220232952877224
157,1.37008346281554872,2.76097183501270876,25.247756753651373,0.970597377526513751,0.0116213395055378464,0.0112796416474203057,-4.48475580226258226
158,1.37881010907552037,2.66390747927729384,25.2670640544388857,0.966733387364246774,0.0133314182299313456,0.0128879271037910005,-4.35146428925389113
159,1.38753675533549201,2.5666783336094235,25.2855235845175933,0.962197996070605598,0.0152471637526694967,0.0146707904085789645,-4.22189680902994479
160,1.39626340159546366,2.46929180238497829,25.3031339381228115,0.956890535553511488,0.0173913937645271901,0.0166416600933604232,-4.09584608333930674
161,1.40499004785543531,2.37175530196535824,25.3198937741579319,0.950697843460948795,0.0197896797894022022,0.018814005898567397,-3.97315369191231398
162,1.41371669411540696,2.27407626013269822,25.3358018162965522,0.94349339010511463,0.0224706377047016403,0.0212008981458327623,-3.85371173283208728
163,1.42244334037537861,2.17626211552421358,25.3508568530796729,0.935136661873744754,0.0254662599665369568,0.0238144333355163525,-3.73746343944799842
164,1.43116998663535025,2.0783203170657191,25.3650577380079551,0.925473009351613175,0.028812292251839409,0.0266649988166279852,-3.62440347930879676
165,1.4398966328953219,1.9802583234043645,25.3784033896290305,0.914334283726217857,0.0325486582104388531,0.0297603540910910887,-3.51457817086588242
166,1.44862327915529355,1.88208360234062953,25.3908927916198584,0.901540764458832806,0.036719936901402544,0.0331045199849705539,-3.40808545048478798
167,1.4573499254152652,1.78380363025962209,25.4025249928641225,0.886905162984497557,0.0413758983283351412,0.0366964978505220785,-3.30507395489129475
168,1.46607657167523684,1.68542589156172252,25.4132991075246622,0.870239934345856939,0.0465721033297636242,0.0405289041440419616,-3.205739876851006
169,1.47480321793520849,1.58695787809261757,25.4232143151109324,0.851369845092417292,0.0523705749539372647,0.0445867282859343979,-3.11031903630372176
170,1.48352986419518014,1.48840708857276734,25.4322698605414871,0.830152902102429628,0.0588405493761507145,0.0488466528259128208,-3.01906942226951001
171,1.49225651045515179,1.38978102802634865,25.4404650542014818,0.806514616963777709,0.0660593154206374778,0.0532778034733648095,-2.93223547970033273
172,1.50098315671512344,1.29108720720971843,25.4477992719951903,0.780503577032833943,0.0741131528454249074,0.0578455809010352954,-2.84997821717924312
173,1.50970980297509508,1.19233314203944053,25.454271955393532,0.752380942715346618,0.0830983807534248352,0.0625216380493805929,-2.77224257336612625
174,1.51843644923506673,1.09352635301991958,25.4598826114766062,0.722763104950534604,0.0931225288223235355,0.067305528072468209,-2.69851290495492251
175,1.52716309549503838,0.994674364670685451,25.4646308129712295,0.692844052607724691,0.104305645515721659,0.0722675461489773404,-2.62738012820063541
176,1.53588974175501003,0.895784704953371976,25.4685161982834748,0.66472482767225233,0.116781759065404071,0.0776277346700132125,-2.55583051010570303
177,1.54461638801498168,0.79686490469843351,25.4715384715262076,0.641848270819223292,0.130700508817621906,0.0838898955797832672,-2.47825010685252746
178,1.55334303427495332,0.697922497031643048,25.4736974025416193,0.629426248009616453,0.146228966534230934,0.0920403497559647444,-2.38552821377911575
179,1.56206968053492497,0.598965016800415521,25.4749928269187545,0.634511268148167327,0.163553669453425716,0.103776646215179328,-2.26551432185708178
180,1.57079632679489662,0.5,25.4754246460060313,0.66518326654939534,0.182882889367411255,0.1216506377454063,-2.10660196730513623
181,1.57952297305486827,0.401034983199584479,25.4749928269187545,0.728787483853509038,0.204449164690433807,0.148999992310692938,-1.9038090246427669
182,1.58824961931483992,0.302077502968356952,25.4736974025416193,0.830347109633890339,0.228512125497113041,0.18974438292282463,-1.66207746565931904
183,1.59697626557481156,0.20313509530156649,25.4715384715262076,0.97248712161630679,0.255361644837325767,0.248335910959056564,-1.39297296962365704
184,1.60570291183478321,0.104215295046628024,25.4685161982834748,1.15665843624794754,0.285321353311911659,0.330019350349903887,-1.1086039888167665
185,1.61442955809475486,0.00532563532931454889,25.4646308129712295,1.38444996217121363,0.318752557957901982,0.44129696680679498,-0.81803723604366048
186,1.62315620435472651,-0.0935263530199195781,25.4598826114766062,1.65834462622142071,0.356058610980483258,0.590467884139347751,-0.526840032394738247
187,1.63188285061469815,-0.192333142039440528,25.454271955393532,1.98200094256395636,0.39768977882234114,0.788221516473931472,-0.23797611635234784
188,1.6406094968746698,-0.291087207209718426,25.4477992719951903,2.36031605094515863,0.444148667523601461,1.04833122896186123,0.047199594132703492
189,1.64933614313464145,-0.389781028026348647,25.4404650542014818,2.79943481654637488,0.495996266345086443,1.38850921688344396,0.328230665757409437
190,1.6580627893946131,-0.488407088572767339,25.4322698605414871,3.30677360575031952,0.553858678255599235,1.83148525857137398,0.605127254376261382
191,1.66678943565458475,-0.586957878092617575,25.4232143151109324,3.89107891707073405,0.618434613175971784,2.40637788491581861,0.878122664619709242
192,1.67551608191455639,-0.685425891561722521,25.4132991075246622,4.56252329575291725,0.690503727888345313,3.15043934429480882,1.14754191749119915
193,1.68424272817452804,-0.783803630259622089,25.4025249928641225,5.33283639043974421,0.770935905322611688,4.1112750506010329,1.41373321168615595
194,1.69296937443449969,-0.882083602340629534,25.3908927916198584,6.2154689584124799,0.860701575591623668,5.3496639255464495,1.67703374127993441
195,1.70169602069447134,-0.980258323404364502,25.3784033896290305,7.22578874689045124,0.960883191735796893,6.94313895392070102,1.937753971098263
196,1.71042266695444299,-1.0783203170657191,25.3650577380079551,8.38130838373872178,1.07268798473391685,8.99052879958617128,2.19617166761974206
197,1.71914931321441463,-1.17626211552421358,25.3508568530796729,9.70194642899634449,1.19746213502296846,11.6177134847444273,2.45253095794281851
198,1.72787595947438628,-1.27407626013269822,25.3358018162965522,11.2103235524457587,1.33670651163309143,14.9849124900680554,2.70704386091627636
199,1.73660260573435793,-1.37175530196535824,25.3198937741579319,12.9320964581647796,1.49209414517660467,19.2959054100867736,2.95989291848501803
200,1.74532925199432958,-1.46929180238497829,25.3031339381228115,14.8963327238737161,1.66548961742943684,24.8096874893860361,3.21123420146903827
201,1.75405589825430122,-1.5666783336094235,25.2855235845175933,17.1359301988554107,1.85897056821081512,31.855189898587109,3.46120031689386623
202,1.76278254451427287,-1.66390747927729384,25.2670640544388857,19.6880850352373884,2.074851539808601,40.8498535512449699,3.70990323626274279
203,1.77150919077424452,-1.76097183501270876,25.247756753651373,22.5948128299618938,2.31571040042311382,52.3230430659563667,3.95743686803318487
204,1.78023583703421617,-1.85786400898917908,25.2276031524807616,25.9035277384540384,2.58441761112509215,66.9455332775279466,4.20387935262287999
205,1.78896248329418782,-1.95457662249252318,25.2066047857018083,29.667684790590677,2.88416862576001948,85.5666056719593443,4.44929508637615611
206,1.79768912955415946,-2.05110231048278467,25.184763252421442,33.9474909963315364,3.21851974020004478,109.260669901956336,4.69373649421324861
207,1.80641577581413111,-2.14743372215510871,25.1620802159569847,38.8106911709350659,3.59142773646618212,139.385792742719363,4.93724557593537794
208,1.81514242207410276,-2.24356352149953421,25.1385574037094844,44.3334347346029643,4.00729369863769505,177.657093650939974,5.17985525215641001
209,1.82386906833407441,-2.33948438785965945,25.1141966070321658,50.6012300434880615,4.47101141125190079,226.238676947817639,5.42159053468818061
210,1.83259571459404606,-2.43518901649013837,25.0889996810940126,57.7099930815067241,4.98802078719293113,287.858645119315779,5.66246954408863166
211,1.8413223608540177,-2.53067011911296522,25.0629685447384888,65.7671975771044038,5.56436681098490458,365.952811449526574,5.90250439462334488
212,1.85004900711398935,-2.62592042447250516,25.0361051803374117,74.8931337964046907,6.20676452504989802,464.844046017340226,6.14170196442431379
213,1.858775653373961,-2.7209326788892285,25.008411633639986,85.2222833930117304,6.92267063096190223,589.965798348314558,6.38006456631834168
214,1.86750229963393265,-2.81569964681210652,24.9798900136170127,96.9048177527380383,7.7203623251112579,748.140304100011343,6.61759053271120633
215,1.8762289458939043,-2.91021411136962664,24.9505424923002824,110.108227244933918,8.60902403856238151,947.924375195125445,6.85427472607206421
216,1.88495559215387594,-3.0044688749193852,24.9203713046171671,125.019088665798974,9.5988428042958707,1200.03857963933192,7.09010898495874444
217,1.89368223841384759,-3.09845675959621571,24.8893787482204213,141.84497791666119,10.7011130315080398,1517.89914163795319,7.32508251413950729
218,1.90240888467381924,-3.19217060785881114,24.8575671833132071,160.816534584088114,11.9283515262048929,1918.27615574508939,7.55918222617664413
219,1.91113553093379089,-3.28560328303479839,24.8249390324693557,182.189684560097299,13.2944236599518283,2422.10685301491783,7.79239304081738675
220,1.91986217719376253,-3.37874766986422348,24.7914967804488789,206.248026139927461,14.8146816542683363,3055.49884908423963,8.02469814766471095
221,1.92858882345373418,-3.47159667504140622,24.757242974008745,233.305384141292166,16.5061160166914642,3850.96573795493734,8.25607923685373597
222,1.93731546971370583,-3.5641432277551228,24.7221802217089335,263.708535481683003,18.3875212358293648,4848.94629623890775,8.4865167018200388
223,1.94604211597367748,-3.65638028022707553,24.6863111937137828,297.840108307775979,20.4796769165904888,6099.66919094557081,8.7159898176983198
224,1.95476876223364913,-3.74830080824860841,24.6496386215886475,336.121655172072381,22.8055456129489435,7665.43773852659287,8.94447689841977228
225,1.96349540849362077,-3.8398978117156278,24.6121652980918785,379.016898875832569,25.3904886937693353,9623.42428565434233,9.17195543517257799
226,1.97222205475359242,-3.93116431516168747,24.573894076962144,427.035147424392318,28.2625016569674682,12069.0815616652349,9.3984022185423027
227,1.98094870101356407,-4.02209336828919737,24.5348278727011059,480.734872052888853,31.4524703881463371,15120.2993277928047,9.62379344634926314
228,1.98967534727353572,-4.11267804649871569,24.4949696603514699,540.727439461241259,34.9944499412485205,18922.4593120858971,9.84810481894113213
229,1.99840199353350737,-4.20291145141628394,24.4543224752704236,607.680986233761714,38.9259675000351431,23654.5703205247117,10.0713116234751924
230,2.00712863979347901,-4.2927867114187648,24.4128894128984829,682.324419901469412,43.2883512595581446,29536.6991616690538,10.2933888085307098
231,2.01585528605345066,-4.38229698215714289,24.3706736285237621,765.451527228914637,48.1270870453391388,36838.9522799337567,10.5143110502236142
232,2.02458193231342231,-4.47143544707774835,24.3276783370416864,857.925166072263158,53.4922045636805347,45892.3084838670959,10.7340528108494418
233,2.03330857857339396,-4.5601953179413639,24.2839068127101652,960.681512567899856,59.4386952482533253,57101.6556561544464,10.9525883909532335
234,2.04203522483336561,-4.64856983534017545,24.2393623889002446,1074.7343304843634,66.0269637345276321,70961.444663142897,11.1698919756142005
235,2.05076187109333725,-4.73655226921252723,24.1940484578422586,1201.17922432655368,73.323315053281434,88074.4427007521101,11.3859376756362216
236,2.0594885173533089,-4.82413591935544201,24.1479684703674972,1341.19783225037073,81.4004796857254266,109174.146898635281,11.600699564250736
237,2.06821516361328055,-4.91131411593486752,24.1011259356454126,1496.06190906862122,90.3381786639374706,135151.508033752478,11.814151709864705
238,2.0769418098732522,-4.99808021999361013,24.0535244209163821,1667.13724365622825,100.223730929357533,167086.714530512589,12.0262682053216458
239,2.08566845613322384,-5.08442762395691714,24.005167551220049,1855.88734895697885,111.152705176927521,206286.899340204675,12.2370231940870783
240,2.09439510239319549,-5.17034975213566916,23.956059009119262,2063.87685662974042,123.229618410767174,254330.757489296543,12.4463908937200542
241,2.10312174865316714,-5.25584006122714435,23.9062025344196335,2292.77454223623425,136.568683416577379,313121.200604248396,12.6543456169488436
242,2.11184839491313879,-5.34089204081331619,23.855601923884739,2544.35590086473861,151.294607313601348,384947.326887375029,12.8608617906305855
243,2.12057504117311044,-5.42549921385664708,23.8042610309469791,2820.5051873168901,167.543443282127683,472557.150878174294,13.0659139728410826
244,2.12930168743308208,-5.50965513719333977,23.7521837654141253,3123.21682958288977,185.463497468201453,579242.716565990448,13.2694768683113675
245,2.13802833369305373,-5.59335340202400927,23.6993740931715732,3454.59611943060177,205.216292942283931,708939.409242347657,13.4715253424016742
246,2.14675497995302538,-5.67658763440173771,23.6458360358803251,3816.85907968390256,226.977592429797861,866341.484550466192,13.6720344337805883
247,2.15548162621299703,-5.7593514957174751,23.5915736706707247,4212.33140432248747,250.938481335427464,1057036.04548221348,13.8709793659570309
248,2.16420827247296868,-5.84163868318274892,23.536591129831968,4643.44636506439409,277.306512346234608,1287657.91676280761,14.0683355577950218
249,2.17293491873294032,-5.9234429303096459,23.4808926004974135,5112.74157676478916,306.306912617567476,1566068.08739029643,14.2640786331255861
250,2.18166156499291197,-6.0047580073880293,23.4244823243257156,5622.85451395435486,338.183854216811874,1901558.61122948213,14.4581844295564434
251,2.19038821125288362,-6.08557772195995548,23.367364597177806,6176.51667232240003,373.20178811971836,2305087.06646197225,14.6506290065680437
252,2.19911485751285527,-6.16589591929125355,23.3095437687897474,6776.54627209490326,411.646841618841495,2789543.8699918014,14.8413886529738814
253,2.20784150377282691,-6.24570648284023217,23.2510242424414838,7425.83940523030713,453.828278510174208,3370055.91376868622,15.0304398938136606
254,2.21656815003279856,-6.32500333472347793,23.1918104746215144,8127.35953530899303,500.080020869146281,4064330.12602837625,15.2177594967396519
255,2.22529479629277021,-6.40378043617870967,23.131906974687514,8884.12526806312498,550.762230607813496,4893040.64963768574,15.4033244779493383
256,2.23402144255274186,-6.48203178802465365,23.0713183045229284,9699.19632179849356,606.262948318634428,5880263.35837480924,15.5871121077110728
257,2.24274808881271351,-6.55975143111790434,23.0100490781895693,10575.6576405900545,666.999786154442349,7053961.38471616067,15.7690999155238766
258,2.25147473507268515,-6.63693344680673638,22.9481039615762353,11516.6016091483295,733.421670667267845,8446525.19259091306,15.9492656949475771
259,2.2602013813326568,-6.71357195738183273,22.8854876720433868,12525.1083466793257,806.010630629309966,10095370.4772074372,16.1275875081351688
260,2.26892802759262845,-6.78966112652389505,22.8222049780639006,13604.2240778802029,885.283623887000137,12043596.7918365688,16.3040436900954795
261,2.2776546738526001,-6.86519515974810196,22.7582606988599322,14756.9376023655385,971.794396253915186,14340709.2678475172,16.4786128527108961
262,2.28638132011257175,-6.94016830484538154,22.6936597040359132,15986.1549091944329,1066.13536433128892,17043405.0883704298,16.6512738885319827
263,2.29510796637254339,-7.01457485232046431,22.6284069132077125,17294.6720106038649,1168.93951295801814,20216425.4768439503,16.8220059743682621
264,2.30383461263251504,-7.08840913582668337,22.562507295627988,18685.1460983301329,1280.88229673839336,23933472.8493215302,16.9907885746921906
265,2.31256125889248669,-7.16166553259748867,22.4959658698077593,20160.0651567420665,1402.68353377950833,28278191.4352840993,17.1576014448713908
266,2.32128790515245834,-7.23433846387464245,22.428787703134228,21721.7161990830258,1535.10927839688522,33345208.0799162762,17.3224246342424872
267,2.33001455141242999,-7.30642239533306325,22.3609779114848773,23372.1523260319411,1678.97365812313018,39241228.0890488741,17.4852384890383887
268,2.33874119767240163,-7.37791183750228622,22.2925416588378775,25113.1588390993333,1835.14065888870183,46086178.8587613768,17.6460236551795441
269,2.34746784393237328,-7.44880134618450756,22.2234841568788294,26946.2186745723249,2004.52584074596792,54014391.6435717907,17.8047610809385521
270,2.35619449019234493,-7.51908552286918121,22.1538106646038742,28872.4774562651457,2188.09796498909239,63175809.1662472122,17.9614320194864976
271,2.36492113645231658,-7.58875901514413639,22.0835264879192006,30892.70849662904,2386.88051199605695,73737203.8733788616,18.1160180313285143
272,2.37364778271228822,-7.65781651710318447,22.0126369792369792,33007.2781052045908,2601.95306760011315,85883388.5189671355,18.2685009866353044
273,2.38237442897225987,-7.72625276975018426,21.9411475370677562,35216.1115903128508,2834.45255430275573,99818397.4497731412,18.4188630674766751
274,2.39110107523223152,-7.79406256139953499,21.8690636056093354,37518.6603636184814,3085.57428218721529,115766613.520098022,18.567086769962569
275,2.39982772149220317,-7.86124072807306626,21.7963906743321817,39913.8705770963961,3356.57279300051646,133973812.042425586,18.7131549062965502
276,2.40855436775217482,-7.92778215389329504,21.7231342775613764,42400.153737343442,3648.76246956502426,154708089.66060595,18.85705060674626
277,2.41728101401214646,-7.99368177147301951,21.6492999940551573,44975.3597524752663,3963.51788148038014,178260642.604948722,18.998757321534962
278,2.42600766027211811,-8.05893456230122024,21.5748934465800745,47636.7528714540615,4302.27383700855014,204946355.558898734,19.1382588226579505
279,2.43473430653208976,-8.12353555712523921,21.499920301482795,50380.9909740806424,4666.52511012443037,235104159.453499602,19.2755392056272905
280,2.44346095279206141,-8.18747983632920763,21.424386268258588,53204.1086616018147,5057.82581098927123,269097114.039327508,19.4105828911480899
281,2.45218759905203306,-8.2507625303086938,21.3482970991165257,56101.5045825660645,5477.78836759219185,307312169.206800433,19.5433746267292649
282,2.4609142453120047,-8.31337881984154226,21.2716585885414294,59067.9334059435592,5928.08208603500306,350159557.882882537,19.673899488231548
283,2.46964089157197635,-8.37532393645487626,21.1944765728525973,62097.5028234612135,6410.43125693652295,398071773.077219749,19.8021428813552986
284,2.478367537831948,-8.43659316278823542,21.1167569297593466,65183.6759255670919,6926.61277573363081,451502082.435313721,19.9280905430705088
285,2.48709418409191965,-8.49718183295282101,21.0385055779134027,68319.2792505431687,7478.45324528614928,510922535.626835241,20.0517285429912405
286,2.4958208303518913,-8.55708533288682142,20.9597284764581709,71496.5167542865419,8067.82553017914852,576821423.189114195,20.1730432846965943
287,2.50454747661186294,-8.61629910070679084,20.8804316245749252,74706.9898895786669,8696.64473348603948,649700150.177799112,20.2920215070001849
288,2.51327412287183459,-8.67481862705505436,20.8006210610259465,77941.7239188104541,9366.86356853371979,730069494.243818873,20.4086502851699799
289,2.52200076913180624,-8.732639455443113,20.7203028636946485,81191.2005138249704,10080.4671004196406,818445225.623186832,20.522917032100256
290,2.53072741539177789,-8.78975718259102257,20.6394831491227223,84445.3966216169203,10839.4668346897489,915343076.022238377,20.6348094994373242
291,2.53945406165174953,-8.84616745876272048,20.5581680720443389,87693.8294960591926,11645.8941337122417,1021273054.4909173,20.7443157786605883
292,2.54818070791172118,-8.901865988097275,20.4763638249174419,90925.6077147015981,12501.7929448874269,1136733121.03725823,20.8514243021204113
293,2.55690735417169283,-8.95684852893603167,20.3940766374521681,94129.4879171996881,13409.2118289267249,1262202242.83012928,20.9561238440341856
294,2.56563400043166448,-9.01111089414563206,20.3113127761364307,97293.9369193616418,14370.1952810169037,1398132873.19016697,21.0584035214419263
295,2.57436064669163613,-9.06464895143688017,20.2280785437587023,100407.198775491416,15386.7743427563933,1544942909.94677248,21.1582527951226346
296,2.58308729295160777,-9.11745862367943226,20.1443802789280328,103457.366283038389,16460.9565083002419,1703007206.84838277,21.2556614704726075
297,2.59181393921157942,-9.16953588921228609,20.0602243555913401,106432.45634893193,17594.7149341636597,1872648729.20227446,21.3506196983468074
298,2.60054058547155107,-9.22087678215004601,19.9756171825480092,109320.48856776266,18789.9769685888842,2054129462.38314479,21.4431179758643396
299,2.60926723173152272,-9.27147739268494046,19.8905652029618374,112109.566299505457,20048.6120232466607,2247641198.83323375,21.5331471471790249
300,2.61799387799149437,-9.32133386738456897,19.8050748938703622,114787.959480024423,21372.4188172847453,2453296345.18859284,21.6206984042159996
301,2.62672052425146601,-9.37044240948535598,19.7191527656916101,117344.188352317138,22763.1120313064363,2671118905.68651884,21.7057632873752151
302,2.63544717051143766,-9.41879927918168906,19.6328053617283031,119767.10727137639,24222.3084167092584,2901035810.50438095,21.7883336862026574
303,2.64417381677140931,-9.4664007939107196,19.5460392576695605,122045.98771154945,25751.512413876683,3142868767.61780678,21.8684018400300572
304,2.65290046303138096,-9.51324332863280424,19.458861061090135,124170.599593058998,27352.1013409255096,3396326823.63283354,21.9459603385838058
305,2.6616271092913526,-9.55932331610756562,19.3712774109472202,126131.290044420678,29025.3102229920664,3660999822.36550094,22.02100212256375
306,2.67035375555132425,-9.60463724716555164,19.2832949770748685,127919.058730143579,30772.216340308401,3936352949.29259427,22.0935204841924883
307,2.6790804018112959,-9.6491816709754722,19.1949204596760569,129525.628898402197,32593.7235814851714,4221722545.03254888,22.1635090677357489
308,2.68780704807126755,-9.69295319530699342,19.1061605888124414,130943.513341163434,34490.5466963851402,4516313361.48212802,22.2309618699943858
309,2.6965336943312392,-9.73594848678906913,19.0170221238918359,132166.074509150812,36463.1955506390011,4819197419.98749059,22.2958732407684891
310,2.70526034059121084,-9.77816427116378991,18.9275118531534578,133187.578085414465,38511.959491118518,5129314611.94566634,22.3582378832940652
311,2.71398698685118249,-9.81959733353573057,18.8376365931509769,134003.239393315633,40636.8919384323555,5445475158.62604909,22.4180508546527061
312,2.72271363311115414,-9.86024451861677688,18.7474031882334087,134609.262096389951,42837.7953286373607,5766364019.02405559,22.4753075661546295
313,2.73144027937112579,-9.90010273096641293,18.6568185100238904,135002.868737600786,45114.2065317517428,6090547302.60709255,22.5300037836954383
314,2.74016692563109744,-9.93916893522745096,18.5658894568963805,135182.322762545221,47465.3828792068466,6416480708.4247279,22.5821356280869145
315,2.74889357189106908,-9.97744015635718552,18.4746229534503208,135146.941773707991,49890.2889359737607,6742519973.90351383,22.6316995753621308
316,2.75762021815104073,-10.0149134798539545,18.3830259499833014,134897.10186924337,52387.5841556466914,7066933276.52783164,22.6786924570551345
317,2.76634686441101238,-10.0515860519790898,18.2911054219617685,134434.233028298579,54955.611558159492,7387915490.42227193,22.7231114604554304
318,2.77507351067098403,-10.0874550799742405,18.1988683694898158,133760.805613831988,57592.3875699651057,7703604158.58257609,22.7649541288374598
319,2.78380015693095568,-10.122517832274052,18.1063218167760992,132880.308171477717,60295.593165339301,8012097001.19233188,22.8042183616652526
320,2.79252680319092732,-10.1567716387141859,18.0134728115989165,131797.216807548299,63062.5664449102266,8311470742.18025351,22.8409024147724005
321,2.80125344945089897,-10.1902138907346627,17.9203284247694914,130516.956529096436,65890.2967835068039,8599801000.98222025,22.8750049005174806
322,2.80998009571087062,-10.2228420415785141,17.8268957495935041,129045.855022520645,68775.4206739187862,8875182965.39939283,22.9065247879150375
323,2.81870674197084227,-10.2546536064857283,17.7331819013309087,127391.089433070208,71714.2193861419625,9135752535.44282803,22.935461402742209
324,2.82743338823081391,-10.2856461628824741,17.6391940166540782,125560.626784509361,74702.6185531329278,9379707607.97548823,22.9618144276210682
325,2.83616003449078556,-10.3158173505655894,17.5449392531043196,123563.158745044243,77736.1897840265292,9605329158.51855659,22.985583902076732
326,2.84488668075075721,-10.3451648718823197,17.4504247885467995,121408.031501500712,80810.1543942019891,9811001770.33241129,23.0067702225712743
327,2.85361332701072886,-10.373686491905293,17.3556578206239215,119105.17154798045,83919.3893285669077,9995233262.18072149,23.025374142513466
328,2.86233997327070051,-10.4013800386027187,17.2606455662071982,116665.008227351407,87058.4353400281312,10156673075.2047224,23.0413967722443504
329,2.87106661953067215,-10.4282434030037958,17.1653952608476582,114098.393883706866,90221.5074694213919,10294129096.027843,23.0548395789986525
330,2.8797932657906438,-10.4542745393593196,17.0699141582248314,111416.522491340618,93402.5078562844767,10406582617.3173381,23.0657043868420056
331,2.88851991205061545,-10.4794714652974728,16.9742095295943524,108630.847621038894,96595.0408919079898,10493201168.0768777,23.0739933765839731
332,2.8972465583105871,-10.5038322619747914,16.8782886632342272,105753.000587997568,99792.4307072291469,10553348983.2593105,23.0797090856668315
333,2.90597320457055875,-10.5273550742222917,16.7821588638898017,102794.709598045682,102987.740968511036,10586594925.0168439,23.0828544080300727
334,2.91469985083053039,-10.550038110686749,16.6858274522174777,99767.7206708808485,106173.796933552571,10592717715.0334984,23.0834325939505777
335,2.92342649709050204,-10.5718796439671153,16.5893017642272162,96683.721071641641,109343.209700598014,10571708387.7706389,23.0814472498584056
336,2.93215314335047369,-10.5928780107460686,16.4925891507238721,93554.2659264318173,112488.402561367498,10523769926.8656889,23.0769023381281396
337,2.94087978961044534,-10.61303161191668,16.3956969767474018,90390.7086345521003,115601.639348929975,10449314100.0657026,23.0698021768457222
338,2.94960643587041699,-10.6323389127041927,16.2986326210119868,87204.1356214471113,118675.054650714361,10348955560.6435429,23.0601514395507126
339,2.95833308213038863,-10.6507984427829003,16.2014034753441165,84005.3059030487142,121700.685737035337,10223503333.9504511,23.0479551549538933
340,2.96705972839036028,-10.6684087963881185,16.1040169441196713,80804.5958556265968,124670.506036331987,10073949855.3822623,23.03321870663015
341,2.97578637465033193,-10.6851686324232389,16.0064804437000512,77611.9495067728893,127576.459970113988,9901457769.45331962,23.01594783268655
342,2.98451302091030358,-10.7010766745618592,15.9088014018673912,74436.8345840512615,130410.498943611646,9707344737.88921187,22.9961486254055397
343,2.99323966717027522,-10.7161317113449799,15.8109872572589066,71288.2044793806035,133164.618272555464,9493066536.83259659,22.9738275308631818
344,3.00196631343024687,-10.7303325962732621,15.7130454588004121,68174.4662105730868,135830.894812580935,9260198748.7522061,22.9489913485223555
345,3.01069295969021852,-10.7436782478943375,15.6149834651390575,65103.4543876871486,138401.525045663783,9010417372.99671262,22.9216472308008378
346,3.01941960595019017,-10.7561676498851654,15.5168087440753225,62082.4111219601011,140868.863367922483,8745478689.89058861,22.8918026826141906
347,3.02814625221016182,-10.7677998511294295,15.4185287719943151,59117.9717499038214,143225.460315241233,8467198716.78340207,22.8594655608933755
348,3.03687289847013346,-10.7785739657899692,15.3201510332964155,56216.1561854011627,145464.100457608278,8177432590.69379168,22.8246440740770214
349,3.04559954473010511,-10.7884891733762394,15.2216830198273106,53382.3656589149135,147577.839689947072,7878054201.4814809,22.7873467815782715
350,3.05432619099007676,-10.7975447188067941,15.1231322303074603,50621.3845556609857,149560.041646630048,7570936382.35473212,22.7475825932261393
351,3.06305283725004841,-10.8057399124667888,15.0245061697610416,47937.3870241101947,151404.412968866487,7257931941.64676162,22.7053607686813057
352,3.07177948351002006,-10.8130741302604973,14.9258123489444114,45333.9479926404816,153105.037158776829,6940855791.96727719,22.6606909168262904
353,3.0805061297699917,-10.819546813658839,14.8270582837741335,42814.0582056063818,154656.406761204063,6621468400.94412714,22.6135829951299382
354,3.08923277602996335,-10.8251574697419132,14.7282514947546126,40380.1428704465088,156053.453624135105,6301460752.76917405,22.5640473089861597
355,3.097959422289935,-10.8299056712365365,14.6293995064053785,38034.0834945233117,157291.577000945901,5982440972.63921904,22.5120945110268719
356,3.10668606854990665,-10.8337910565487818,14.530509846688065,35777.2424838935406,158366.669272446366,5665922727.92688589,22.4577356004090897
357,3.11541271480987829,-10.8368133297915146,14.4315900464331265,33610.4900757673583,159275.139083757406,5353315481.49109397,22.4009819220761192
358,3.12413936106984994,-10.8389722608069263,14.332647638766336,31534.2331815806227,160013.931710245067,5045916634.8523858,22.3418451659928116
359,3.13286600732982159,-10.8402676851840615,14.2336901585351085,29548.4457278714678,160580.54648788134,4744905562.84910301,22.2803373663548408
360,3.14159265358979324,-10.8406995042713383,14.134725141734693,27652.7000969671428,160973.051166287004,4451339507.59508147,22.2164709007719685
361,3.15031929984976489,-10.8402676851840615,14.0357601249342775,25846.1992882675393,161190.09306710593,4166151268.70681172,22.1502584894252711
362,3.15904594610973653,-10.8389722608069263,13.93680264470305,24127.8094430578434,161230.906956009127,3890148599.36597754,22.0817131941983023
363,3.16777259236970818,-10.8368133297915146,13.8378602370362595,22496.0924006892465,161095.31956326076,3624015194.2136761,22.0108484177821728
364,3.17649923862967983,-10.8337910565487818,13.738940436781321,20949.3379810351928,160783.750715114304,3368313135.58943844,21.9376779027545335
365,3.18522588488965148,-10.8299056712365365,13.6400507770640075,19485.5957167797375,160297.211066052449,3123486649.36040914,21.8622157306324519
366,3.19395253114962313,-10.8251574697419132,13.5411987887147734,18102.7057887688146,159637.296449741522,2889867010.54413918,21.7844763208991775
367,3.20267917740959477,-10.819546813658839,13.4423919996952525,16798.3289478329027,158806.178894240455,2667678432.01384998,21.704474430004797
368,3.21140582366956642,-10.8130741302604973,13.3436379345249746,15569.9752366891431,157806.594374188849,2457044766.59236863,21.6222251503407847
369,3.22013246992953807,-10.8057399124667888,13.2449441137083444,14415.031355315808,156641.82739910791,2257996853.51210736,21.5377439091884585
370,3.22885911618950972,-10.7975447188067941,13.1463180531619257,13330.7865421740109,155315.692562301813,2070480344.19796913,21.4510464676413569
371,3.23758576244948137,-10.7884891733762394,13.0477672636420754,12314.4568714933048,153832.513198879241,1894363849.22102297,21.362148919501557
372,3.24631240870945301,-10.7785739657899692,12.9492992501729705,11363.2078932535748,152197.097323876754,1729447257.64095885,21.271067690149959
373,3.25503905496942466,-10.7677998511294295,12.8509215114750709,10474.175567251208,150414.711042129456,1575470091.35262284,21.1778195353905672
374,3.26376570122939631,-10.7561676498851654,12.7526415393940635,9644.48546554909848,148491.049640195542,1432119770.01899559,21.0824215402688005
375,3.27249234748936796,-10.7436782478943375,12.6544668183303285,8871.27023854215395,146432.206587121642,1299039676.26038858,20.9848911178638737
376,3.2812189937493396,-10.7303325962732621,12.5564048246689739,8151.68535873280184,144244.640684985061,1175836925.54746655,20.8852460080552917
377,3.28994564000931125,-10.7161317113449799,12.4584630262104794,7482.92317305698238,141935.14162184678,1062089760.31324188,20.7835042762635045
378,3.2986722862692829,-10.7010766745618592,12.3606488816019948,6862.22530922122915,139510.794188905995,957354502.792664703,20.6796843121647757
379,3.30739893252925455,-10.6851686324232389,12.2629698397693348,6286.89349403099453,136978.94143020539,861172015.696810918,20.573804828380321
380,3.3161255787892262,-10.6684087963881185,12.1654333393497147,5754.2988521647911,134347.146997170507,773073633.757432707,20.4658848591397755
381,3.32485222504919784,-10.6507984427829003,12.0680468081252695,5261.88976235907991,131623.15698158263,692586542.210771693,20.3559437589190554
382,3.33357887130916949,-10.6323389127041927,11.9708176624573992,4807.19835461754949,128814.861499319513,619238590.249816288,20.2440012010526805
383,3.34230551756914114,-10.61303161191668,11.8737533067219842,4387.84573696495503,125930.256293419228,552562538.23198376,20.1300771763206286
384,3.35103216382911279,-10.5928780107460686,11.7768611327455139,4001.54604356246439,122977.404618824768,492099746.900038587,20.0141919915097963
385,3.35975881008908444,-10.5718796439671153,11.6801485192421698,3646.10939783007405,119964.399662672857,437403325.015114469,19.8963662679501435
386,3.36848545634905608,-10.550038110686749,11.5836228312519083,3319.44388472932491,116899.327743345851,388040758.606618498,19.7766209400255998
387,3.37721210260902773,-10.5273550742222917,11.4872914195795843,3019.55662569589355,113790.232518878731,343596050.541856598,19.6549772536598174
388,3.38593874886899938,-10.5038322619747914,11.3911616202351588,2744.55404802587093,110645.080420890763,303671403.363303777,19.5314567647768533
389,3.39466539512897103,-10.4794714652974728,11.2952407538750336,2492.64143795798338,107471.72751419638,267888481.410815031,19.4060813377368683
390,3.40339204138894268,-10.4542745393593196,11.1995361252445546,2262.12186339798283,104277.887964857816,235889290.23427025,19.2788731437469299
391,3.41211868764891432,-10.4282434030037958,11.1040550226217278,2051.39454833552484,101071.104280898271,207336712.31608604,19.14985465924701
392,3.42084533390888597,-10.4013800386027187,11.0088047172621878,1858.95277663454289,97858.7194704305546,181914738.277457684,19.0190486642712663
393,3.42957198016885762,-10.373686491905293,10.9137924628454645,1683.38139815272803,94647.8512418069149,159328432.15558434,18.8864782407847002
394,3.43829862642882927,-10.3451648718823197,10.8190254949225865,1523.354005171644,91445.3683497958101,139303668.130057737,18.7521667709952811
395,3.44702527268880091,-10.3158173505655894,10.7245110303650664,1377.62984199329284,88257.8691709722677,121586674.360671237,18.6161379356416297
396,3.45575191894877256,-10.2856461628824741,10.6302562668153078,1245.05050536806866,85091.6625706957205,105943417.486253879,18.4784157122563508
397,3.46447856520874421,-10.2546536064857283,10.5362683821384773,1124.53648823891069,81952.7511034596508,92158858.9274020284,18.3390243734051052
398,3.47320521146871586,-10.2228420415785141,10.4425545338758819,1015.08361418265193,78846.8165682366399,80036111.5288822496,18.1979884849015099
399,3.48193185772868751,-10.1902138907346627,10.3491218586998946,915.759404957619373,75779.2079209027492,69395522.3538056183,18.0553329039979535
400,3.49065850398865915,-10.1567716387141859,10.2559774718704695,825.699418772537583,72754.9315270834829,60073704.674748602,17.9110827775524102
401,3.4993851502486308,-10.122517832274052,10.1631284666932868,744.103592312864576,69778.6437209798703,51922539.459500633,17.7652635401713355
402,3.50811179650860245,-10.0874550799742405,10.0705819139795702,670.23261522574143,66854.6456190491832,44808163.9732454911,17.6179009123287207
403,3.5168384427685741,-10.0515860519790898,9.97834486150761747,603.404361695124536,63986.8801219529609,38609962.5568494788,17.4690208984613806
404,3.52556508902854575,-10.0149134798539545,9.88642433348608459,542.990399948955085,61178.9310240479045,33219572.225197308,17.3186497850405443
405,3.53429173528851739,-9.97744015635718552,9.7948273300190652,488.412597038928711,58434.0241369651263,28539913.4841705823,17.1668141386198128
406,3.54301838154848904,-9.93916893522745096,9.70356082657300553,439.139833023788845,55755.0303225621709,24484254.7060862356,17.0135408038595424
407,3.55174502780846069,-9.90010273096641293,9.61263177344549563,394.684835767744077,53144.4703207820367,20975316.5405216075,16.8588569015277048
408,3.56047167406843234,-9.86024451861677688,9.52204709523597731,354.601144931397536,50604.5212497364414,17944421.1738617782,16.7027898264772688
409,3.56919832032840398,-9.81959733353573057,9.43181369031840906,318.48021137505915,48137.0246486502639,15330689.7850685685,16.5453672456001385
410,3.57792496658837563,-9.77816427116378991,9.3419384303159282,285.948636102476111,45743.4959291461134,13080290.2714984994,16.3866170957576764
411,3.58665161284834728,-9.73594848678906913,9.25242815957755011,256.665551033814865,43425.1350966812974,11145736.2283075586,16.2265675816878265
412,3.59537825910831893,-9.69295319530699342,9.16328969465694465,230.320142295587054,41182.8386017277419,9485237.24688612891,16.0652471738888445
413,3.60410490536829058,-9.6491816709754722,9.0745298237933291,206.62931533649255,39017.2121794484641,8062099.83897809443,15.9026846064796279
414,3.61283155162826222,-9.60463724716555164,8.98615530639451755,185.335500005550799,36928.5845370995646,6844177.67968059952,15.7389088750366283
415,3.62155819788823387,-9.55932331610756562,8.89817287252216577,166.204592745789412,34917.0217500913243,5803369.37986979965,15.5739492344073106
416,3.63028484414820552,-9.51324332863280424,8.81058922237925099,149.024032246524341,32982.3422304839097,4915161.63212153572,15.4078351965001119
417,3.63901149040817717,-9.4664007939107196,8.72341102579982548,133.601004243505796,31124.1321355732606,4158215.30952015831,15.2405965280508343
418,3.64773813666814882,-9.41879927918168906,8.63664492174108287,119.760770642970742,29341.7610890363419,3513991.92004492476,15.0722632483653877
419,3.65646478292812046,-9.37044240948535598,8.55029751777777586,107.34511775760161,27634.3980927436653,2966417.71742601008,14.9028656270387795
420,3.66519142918809211,-9.32133386738456897,8.46437538959902384,96.2109181649490277,26001.0275137002171,2501582.73032519967,14.7324341816502286
421,3.67391807544806376,-9.27147739268494046,8.37888508050754865,86.2288005182792008,24440.4650375324006,2107471.98429535855,14.5609996754342547
422,3.68264472170803541,-9.22087678215004601,8.29383310092137681,77.2819215432041795,22951.3734873878292,1773726.24516108272,14.3885931149275741
423,3.69137136796800706,-9.16953588921228609,8.20922592787804592,69.2648344289411785,21532.2784149484099,1491429.69928926561,14.2152457475916023
424,3.7000980142279787,-9.11745862367943226,8.12507000454135323,62.0824478596853999,20181.5833783700649,1252922.09781355308,14.0409890594103398
425,3.70882466048795035,-9.06464895143688017,8.04137173971068373,55.6490700193939883,18897.5848302539545,1051633.02141623997,13.8658547724633825
426,3.717551306747922,-9.01111089414563206,7.95813750733295529,49.8875320332406533,17678.4865471287997,881936.063919101947,13.68987484247377
427,3.72627795300789365,-8.95684852893603167,7.8753736460172179,44.7283854730064183,16522.4135402925589,739020.881774626236,13.5130814563303466
428,3.73500459926786529,-8.901865988097275,7.79308645855194408,40.1091687445010277,15427.4253961417405,618781.208507049685,13.3355070295842758
429,3.74373124552783694,-8.84616745876272048,7.7112822114250471,35.9737373863794883,14391.5290022327204,517717.084914783907,13.1571842039193062
430,3.75245789178780859,-8.78975718259102257,7.6299671343466637,32.2716535358348607,13412.6906232038701,432849.704775376257,12.9781458445953478
431,3.76118453804778024,-8.732639455443113,7.54914741977473752,28.9576300527514244,12488.8472982802509,361647.419848903625,12.7984250378648723
432,3.76991118430775189,-8.67481862705505436,7.46882922244343945,25.9910250358091037,11617.9175393321594,301961.585628747852,12.6180550883616043
433,3.77863783056772353,-8.61629910070679084,7.38901865889446083,23.3353827081787082,10797.8113153209918,251971.059453717866,12.4370695164609203
434,3.78736447682769518,-8.55708533288682142,7.30972180701121507,20.9580168938404981,10026.4393154045707,210134.28455731555,12.2555020556113257
435,3.79609112308766683,-8.49718183295282101,7.23094470555598333,18.8296335457071841,9301.72148896076723,175148.006981361039,12.0733866496363194
436,3.80481776934763848,-8.43659316278823542,7.15269335371003935,16.9239890216037169,8621.59486630176449,145911.776866006027,11.8907574500059054
437,3.81354441560761013,-8.37532393645487626,7.07497371061678866,15.2175810321219646,7984.02066887742413,121497.48149077881,11.7076488130769462
438,3.82227106186758177,-8.31337881984154226,6.99779169492795662,13.6893694041573931,7386.9907222972694,101123.244782610762,11.5240952973014901
439,3.83099770812755342,-8.2507625303086938,6.92115318435286027,12.3205240145881004,6828.53318953494037,84131.1071460771096,11.34013166040213
440,3.83972435438752507,-8.18747983632920763,6.84506401521079795,11.0941974493856958,6306.71764522053507,69967.9708136014217,11.1557928565133715
441,3.84845100064749672,-8.12353555712523921,6.76952998198659104,9.99532013399692073,5819.65951498393031,58169.359923125633,10.971114033287892
442,3.85717764690746837,-8.05893456230122024,6.69455683688931146,9.01041586084698626,5365.5239063993295,48345.6017079741991,10.7861305289664588
443,3.86590429316744001,-7.99368177147301951,6.62015028941422869,8.12743580919944923,4942.52886021513422,40170.0860465142208,10.600877869410138
444,3.87463093942741166,-7.92778215389329504,6.54631600590800963,7.33560931141076452,4548.9480522543134,33369.3056892406024,10.4153917650932602
445,3.88335758568738331,-7.86124072807306626,6.47305960913720433,6.62530976800167758,4183.11297766203417,27714.4192715588583,10.2297081080554062
446,3.89208423194735496,-7.79406256139953499,6.40038667786005055,5.98793425218502382,3843.4146500849209,23014.1142285932158,10.0438629688104367
447,3.9008108782073266,-7.72625276975018426,6.32830274640162975,5.41579547286493201,3528.30484891712854,19108.5774276527727,9.85789259321030568
448,3.90953752446729825,-7.65781651710318447,6.25681330423240678,4.90202488403561788,3236.29694797086505,15864.4081710817038,9.67183339926107901
449,3.9182641707272699,-7.58875901514413639,6.18592379555018544,4.44048583837910372,2965.96635885225395,13170.3316135922685,9.48572197388823118
450,3.92699081698724155,-7.51908552286918121,6.11563961886551179,4.0256957841384812,2715.95062197700282,10933.5909688211061,9.29959506964793614
451,3.9357174632472132,-7.44880134618450756,6.04596612659055661,3.65275659749228368,2484.94917757371139,9076.91450281539866,9.11348960138073574
452,3.94444410950718484,-7.37791183750228622,5.97690862463150853,3.31729222815015711,2271.72284822489969,7535.96854892759868,8.92744264280370016
453,3.95317075576715649,-7.30642239533306325,5.90847237198450874,3.01539291420541514,2075.09306351536438,6257.22092004103722,8.74149142303704719
454,3.96189740202712814,-7.23433846387464245,5.84066258033515801,2.74356529388639788,1893.94085622173032,5196.1504018034276,8.55567332306122296
455,3.97062404828709979,-7.16166553259748867,5.77348441366162674,2.4986878072062041,1727.20565821233609,4315.74771871273049,8.37002587210073114
456,3.97935069454707144,-7.08840913582668337,5.70694298784139796,2.27797084006611539,1573.88392285779952,3585.26168191893471,8.18458674393158734
457,3.98807734080704308,-7.01457485232046431,5.64104337026167349,2.07892111755213432,1433.02759930317556,2979.15133822640987,7.99939375311020119
458,3.99680398706701473,-6.94016830484538154,5.57579057943347276,1.89930990238809712,1303.74248244434945,2476.21100707059277,7.81448485112273879
459,4.00553063332698638,-6.86519515974810196,5.51118958460945379,1.73714459916419165,1185.18646090431717,2058.84025956245695,7.62989812245551167
460,4.01425727958695803,-6.78966112652389505,5.44724530540548537,1.59064340541667765,1076.56768373766134,1712.43528662201845,7.44567178058850655
461,4.02298392584692967,-6.71357195738183273,5.3839626114259992,1.45821268724180389,977.142665020438466,1424.88183137807138,7.26184416391553224
462,4.03171057210690132,-6.63693344680673638,5.32134632189315074,1.33842679021123876,886.214343922696456,1186.13301977561345,7.07845373159522004
463,4.04043721836687297,-6.55975143111790434,5.25940120527981674,1.23001002622311839,803.130116325043923,987.8580954415434,6.8955390593367613
464,4.04916386462684462,-6.48203178802465365,5.19813197894645758,1.13182060385628796,727.279852540510318,823.150321874912451,6.71313883512221462
465,4.05789051088681627,-6.40378043617870967,5.13754330878187199,1.04283629405919089,658.093914248147442,686.284218677445036,6.53129185486285967
466,4.06661715714678791,-6.32500333472347793,5.07763980884787158,0.962141644843126697,595.041182343651972,572.513901929520189,6.35003701797989465
467,4.07534380340675956,-6.24570648284023217,5.01842604102790216,0.888916578287354729,537.6271060714835,477.905647523595828,6.16941332288946227
468,4.08407044966673121,-6.16589591929125355,4.95990651467963864,0.822426220807911655,485.391782527881491,399.198929315621298,5.98945986235861519
469,4.09279709592670286,-6.08557772195995548,4.90208568629158,0.762011833483184818,437.908074418934987,333.691134685063593,5.81021581868301107
470,4.10152374218667451,-6.0047580073880293,4.84496795914367043,0.707082723441365391,394.7797728253406,279.141956928905364,5.63172045862017657
471,4.11025038844664615,-5.9234429303096459,4.78855768297197252,0.657109030056968264,355.639810667536098,233.69413103738848,5.45401312799621549
472,4.1189770347066178,-5.84163868318274892,4.732859153637418,0.611615291120625281,320.148531582391964,195.807737345605358,5.27713324589177611
473,4.12770368096658945,-5.7593514957174751,4.67787661279866133,0.570174704370149024,287.992018015595472,164.20576373300478,5.1011202983085114
474,4.1364303272265611,-5.67658763440173771,4.62361424758906094,0.532404008920987882,258.880481501528222,137.82900618280927,4.92601383122405999
475,4.14515697348653275,-5.59335340202400927,4.57007619029781283,0.49795891931884698,232.546717343418931,115.798712059474261,4.75185344296542249
476,4.15388361974650439,-5.50965513719333977,4.51726651805526074,0.466530052254133071,208.744625218887402,97.3856409111369638,4.57867877587021849
477,4.16261026600647604,-5.42549921385664708,4.46518925252240691,0.437839292515047632,187.247796617251064,81.9844427958987351,4.40652950726352266
478,4.17133691226644769,-5.34089204081331619,4.41384835958464699,0.411636550592848245,167.848169462323863,69.0924415007948424,4.23544533985280961
479,4.18006355852641934,-5.25584006122714435,4.36324774904975254,0.387696869560297147,150.354749784773427,58.2920658150784187,4.0654659917293186
480,4.18879020478639098,-5.17034975213566916,4.31339127435012403,0.365817843486741261,134.592399878056006,49.2363014730955857,3.89663118625098675
481,4.19751685104636263,-5.08442762395691714,4.26428273224933702,0.34581731378840462,120.400691997991322,41.6366438850104223,3.72898064215585799
482,4.20624349730633428,-4.99808021999361013,4.21592586255300394,0.327531313592555897,107.632826344533699,35.2531209983045788,3.56255406429793051
483,4.21497014356630593,-4.91131411593486752,4.1683243478239734,0.31081223346667347,96.1546117915489511,29.8860296490522664,3.39739113539032358
484,4.22369678982627758,-4.82413591935544201,4.12148181310188876,0.295527184771890704,85.8435076027172224,25.369090132775417,3.23353150906484963
485,4.23242343608624922,-4.73655226921252723,4.07540182562712738,0.281556539483683965,76.5877241853817397,21.5637745885669311,3.07101480439839998
486,4.24115008234622087,-4.64856983534017545,4.03008789456914136,0.268792627618776918,68.2853807856515616,18.3546069293240246,2.90988060180933577
487,4.24987672860619252,-4.5601953179413639,3.9855434707592208,0.257138575449741173,60.8437179138397783,15.6452669494306584,2.75016843989829612
488,4.25860337486616417,-4.47143544707774835,3.94177194642769958,0.246507269509493859,54.1783622059965847,13.3553601338965764,2.59191781242047442
489,4.26733002112613582,-4.38229698215714289,3.89877665494562387,0.236820433016131963,48.2126413716408014,11.417738606483453,2.4351681641711927
490,4.27605666738610746,-4.2927867114187648,3.85656087057090309,0.228007802811052233,42.8769468467232816,9.77627844176764982,2.27995888420117191
491,4.28478331364607911,-4.20291145141628394,3.81512780819896243,0.220006396223985312,38.1081417614603146,8.38403493573163954,2.12632929452272881
492,4.29350995990605076,-4.11267804649871569,3.77448062311791612,0.212759858478054284,33.8490118422213688,7.20171096917300195,1.97431863239874
493,4.30223660616602241,-4.02209336828919737,3.73462241076828007,0.206217882343117898,30.0477568925926781,6.19638479555128675,1.82396602449186168
494,4.31096325242599406,-3.93116431516168747,3.69555620650724204,0.200335692749080959,26.6575205387003332,5.34045284409338507,1.67531045164127355
495,4.3196898986859657,-3.8398978117156278,3.65728498537750748,0.195073589990467997,23.6359559756822222,4.61075078503298579,1.52839070384221491
496,4.32841654494593735,-3.74830080824860841,3.61981166188073847,0.190396545992343637,20.9448255138479496,3.98782243424896358,1.38324532609552659
497,4.337143191205909,-3.65638028022707553,3.58313908975560316,0.186273848863678266,18.5496317927382392,3.4553113090374041,1.23991255707872569
498,4.34586983746588065,-3.5641432277551228,3.54727006176045252,0.182678791630979336,16.4192786073411262,2.99945397544146616,1.09843026391643176
499,4.35459648372585229,-3.47159667504140622,3.51220730946064096,0.179588401612095881,14.5257593716578125,2.60865790775794875,0.958835877495492138
500,4.36332312998582394,-3.37874766986422348,3.47795350302050708,0.176983207344579601,12.8438713293106183,2.27314954258248237,0.821166333547674944
501,4.37204977624579559,-3.28560328303479839,3.44451125100003029,0.174847040310824639,11.3509537077726214,1.98468066050922393,0.685458024879399549
502,4.38077642250576724,-3.19217060785881114,3.41188310015617892,0.173166868890249822,10.026648101037526,1.73628325712103761,0.551746769472322166
503,4.38950306876573889,-3.09845675959621571,3.38007153524896473,0.171932662006840789,8.85267945423450714,1.5220647444598053,0.420067797601622803
504,4.39822971502571053,-3.0044688749193852,3.34907897885221888,0.171137279823326782,7.81265611204370704,1.33703671521024817,0.290455758633000753
505,4.40695636128568218,-2.91021411136962664,3.31890779116910356,0.170776388563006962,6.89188748011372172,1.17697165423642385,0.162944744926476104
506,4.41568300754565383,-2.81569964681210652,3.28956026985237334,0.170848396127104494,6.07721793445613144,1.0382829370167049,0.0375683266149534134
507,4.42440965380562548,-2.7209326788892285,3.26103864982940003,0.17135440463914562,5.3568756975214189,0.917924245874690653,-0.0856404126003482212
508,4.43313630006559713,-2.62592042447250516,3.23334510313197433,0.172298175417174644,4.72033548095839821,0.813305190726083534,-0.206648851527937933
509,4.44186294632556877,-2.53067011911296522,3.20648173873089716,0.173686101186948868,4.1581937736153857,0.722220464519102637,-0.325424834180370477
510,4.45058959258554042,-2.43518901649013837,3.18045060237537342,0.175527179648412096,3.66205572891445867,0.642790313811664893,-0.441936713975834889
511,4.45931623884551207,-2.33948438785965945,3.15525367643722022,0.177832981841137752,3.22443267814012244,0.573410477899663565,-0.556153452418232213
512,4.46804288510548372,-2.24356352149953421,3.13089287975990162,0.180617608169415384,2.83864936530435484,0.512710058792901635,-0.668044781128253746
513,4.47676953136545536,-2.14743372215510871,3.10737006751240125,0.183897624487300541,2.49876006500233655,0.459516040117662379,-0.777581430031429978
514,4.48549617762542701,-2.05110231048278467,3.08468703104794403,0.187691970342760385,2.19947280701913966,0.412823384864744297,-0.884735417037651691
515,4.49422282388539866,-1.95457662249252318,3.06284549776757768,0.192021831360247111,1.93608099038425728,0.371769817435346059,-0.989480386561453116
516,4.50294947014537031,-1.85786400898917908,3.04184713098862443,0.196910467810273286,1.70440172512487473,0.335614541030975903,-1.09179197686833276
517,4.51167611640534196,-1.76097183501270876,3.02169352981801298,0.202382991666003811,1.50072029219180458,0.30372026238765679,-1.19164819072447581
518,4.5204027626653136,-1.66390747927729384,3.00238622903050031,0.208466084862434727,1.32174016099604372,0.275537996568289389,-1.28902974132087769
519,4.52912940892528525,-1.5666783336094235,2.98392669895179265,0.215187652031011004,1.16453804978742774,0.250594208634529168,-1.38392034678509764
520,4.5378560551852569,-1.46929180238497829,2.96631634534657447,0.222576401665327075,1.02652355683131519,0.228479919504207014,-1.47630695214099787
521,4.54658270144522855,-1.37175530196535824,2.94955650931145405,0.230661350484854292,0.905402930106152886,0.208841462591229364,-1.56617986705869068
522,4.5553093477052002,-1.27407626013269822,2.93364846717283382,0.239471246739400073,0.799146580173351744,0.191372627881640478,-1.65353282021296854
523,4.56403599396517184,-1.17626211552421358,2.91859343038971313,0.249033909417908489,0.705959975086251931,0.175807972488298597,-1.73836294499653918
524,4.57276264022514349,-1.0783203170657191,2.90439254546143094,0.259375481923400204,0.624257587836949899,0.161917112689548214,-1.82067072475182915
525,4.58148928648511514,-0.980258323404364502,2.89104689384035552,0.270519600933449871,0.552639596022503248,0.149499842976030529,-1.90045993647950252
526,4.59021593274508679,-0.882083602340629534,2.8785574918495276,0.282486484102358402,0.489871060283852866,0.138381953483080057,-1.97773763820897371
527,4.59894257900505844,-0.783803630259622089,2.86692529060526346,0.295291944209236278,0.434863332774583658,0.128411639000314908,-2.05251424541451668
528,4.60766922526503008,-0.685425891561722521,2.85615117594472376,0.308946342521146809,0.386657469600133048,0.119456411041442614,-2.12480373531158113
529,4.61639587152500173,-0.586957878092617575,2.84623596835845358,0.323453500649093819,0.344409441983716134,0.111400439666233966,-2.19462400476214599
530,4.62512251778497338,-0.488407088572767339,2.83718042292789889,0.33880959801208747,0.307376960019067231,0.104142264262237651,-2.26199738900019117
531,4.63384916404494503,-0.389781028026348647,2.82898522926790421,0.355002090965573729,0.274907740418871886,0.0975928226713206872,-2.326951326470838
532,4.64257581030491667,-0.291087207209718426,2.82165101147419572,0.372008699194361983,0.246429065814342603,0.0916737562172754091,-2.38951913242220638
533,4.65130245656488832,-0.192333142039440528,2.815178328075854,0.389796514292193019,0.221438498048182968,0.086315954669280308,-2.44974082348074661
534,4.66002910282485997,-0.0935263530199195781,2.80956767199277984,0.408321293389149028,0.199495621654401769,0.0814583102593976566,-2.50766392017124807
535,4.66875574908483162,0.00532563532931454889,2.80481947049815651,0.427527005791391043,0.180214706432491394,0.0770466538406575849,-2.56334414657362055
536,4.67748239534480327,0.104215295046628024,2.80093408518591122,0.447345701243456435,0.163258189767356079,0.0730328493852151889,-2.61684594747130288
537,4.68620904160477491,0.20313509530156649,2.7979118119431784,0.46769776303382766,0.148330890153959655,0.0693740255138233433,-2.668242753661785
538,4.69493568786474656,0.302077502968356952,2.79575288092776667,0.488492596503171397,0.135174873261577441,0.0660319248215350809,-2.71761694448820186
539,4.70366233412471821,0.401034983199584479,2.79445745655063151,0.50962978303444028,0.123564900801822689,0.0629723535863050328,-2.76505948086894101
540,4.71238898038468986,0.5,2.79402563746335467,0.531000701781725855,0.113304400427211298,0.0601647161418068779,-2.81066920909853897
541,4.72111562664466151,0.598965016800415521,2.79445745655063151,0.552490587961068452,0.104221901874393645,0.057581619845004527,-2.85455186211661797
542,4.72984227290463315,0.697922497031643048,2.79575288092776667,0.573980960493661456,0.0961678905964941375,0.0551985382132250585,-2.89681880769420594
543,4.7385689191646048,0.79686490469843351,2.7979118119431784,0.595352317205088125,0.0890120352572317842,0.0529935214495339452,-2.93758560970278819
544,4.74729556542457645,0.895784704953371976,2.80093408518591122,0.616486967180581225,0.0826407497798019122,0.0509469451972793665,-2.97697047798469871
545,4.7560222116845481,0.994674364670685451,2.80481947049815651,0.637271851521252072,0.0769550542831048366,0.0490412899269126788,-3.01509268413337895
546,4.76474885794451975,1.09352635301991958,2.80956767199277984,0.657601198799264525,0.0718687023438587584,0.0472609448174690317,-3.05207101551739121
547,4.77347550420449139,1.19233314203944053,2.815178328075854,0.67737887132425307,0.0673065447449933432,0.0455920313120989275,-3.08802232966034897
548,4.78220215046446304,1.29108720720971843,2.82165101147419572,0.696520282085430002,0.063203102343141573,0.0440222426727192703,-3.12306025750461087
549,4.79092879672443469,1.38978102802634865,2.82898522926790421,0.714953797002987565,0.0595013230169419612,0.0425406968176639146,-3.15729408905120863
550,4.79965544298440634,1.48840708857276734,2.83718042292789889,0.732621578417002318,0.0561514999126744908,0.0411378004965057532,-3.19082786005371203
551,4.80838208924437798,1.58695787809261757,2.84623596835845358,0.749479868343738843,0.0531103304166692791,0.0398051234483777598,-3.2237596451179846
552,4.81710873550434963,1.68542589156172252,2.85615117594472376,0.765498748938941921,0.0503400974551805609,0.0385352816234051333,-3.2561810515291092
553,4.82583538176432128,1.78380363025962209,2.86692529060526346,0.780661448863782604,0.0478079568296333702,0.0373218288458387576,-3.28817689975997589
554,4.83456202802429293,1.88208360234062953,2.8785574918495276,0.794963285444696377,0.0454853163041925937,0.0361591564886721589,-3.31982507092404544
555,4.84328867428426458,1.9802583234043645,2.89104689384035552,0.808410342945622186,0.0433472940376317727,0.0350424008387266252,-3.35119649817418768
556,4.85201532054423622,2.0783203170657191,2.90439254546143094,0.821017987726655557,0.0413722456625792739,0.0339673578816236889,-3.38235527782615818
557,4.86074196680420787,2.17626211552421358,2.91859343038971313,0.832809313423511841,0.0395413508429261127,0.0329304052473354971,-3.41335887634296937
558,4.86946861306417952,2.27407626013269822,2.93364846717283382,0.843813595989303391,0.0378382514769725316,0.0319284310447317621,-3.44425841080278887
559,4.87819525932415117,2.37175530196535824,2.94955650931145405,0.85406482201963399,0.0362487348633272201,0.0309587692894844638,-3.4750989826823665
560,4.88692190558412282,2.46929180238497829,2.96631634534657447,0.863600336477817706,0.0347604561209461968,0.0300191416021715536,-3.50592004738379248
561,4.89564855184409446,2.5666783336094235,2.98392669895179265,0.872459639494507507,0.0333626949720814895,0.0291076048279074345,-3.53675580465419654
562,4.90437519810406611,2.66390747927729384,3.00238622903050031,0.880683347505925976,0.0320461426782704767,0.0282225042085517636,-3.56763559770813805
563,4.91310184436403776,2.76097183501270876,3.02169352981801298,0.888312322244849123,0.0308027154862973275,0.027362431725080156,-3.5985843113366285
564,4.92182849062400941,2.85786400898917908,3.04184713098862443,0.895386962190097799,0.0296253914135278872,0.0265261892214513424,-3.62962276150213279
565,4.93055513688398105,2.95457662249252318,3.06284549776757768,0.901946644873238539,0.0285080675981047272,0.0257127559219300427,-3.66076807084189752
566,4.9392817831439527,3.05110231048278467,3.08468703104794403,0.908029304595716001,0.0274454357743753549,0.0249212599605324398,-3.69203402612702686
567,4.94800842940392435,3.14743372215510871,3.10737006751240125,0.913671128189945398,0.0264328737199849034,0.0241509535530409656,-3.72343141506508199
568,4.956735075663896,3.24356352149953421,3.13089287975990162,0.918906351009369623,0.0254663507680704134,0.023401191457812241,-3.75496834091418466
569,4.96546172192386765,3.33948438785965945,3.15525367643722022,0.923767135932400897,0.0245423456934895027,0.0226714123903376912,-3.78665051422705661
570,4.97418836818383929,3.43518901649013837,3.18045060237537342,0.928283519450778368,0.0236577754717229178,0.0219611230772672485,-3.81848152169645172
571,4.98291501444381094,3.53067011911296522,3.20648173873089716,0.93248341059245215,0.0228099335773068734,0.0212698846575544061,-3.85046307256069801
572,4.99164166070378259,3.62592042447250516,3.23334510313197433,0.936392630281448696,0.0219964366386047374,0.020597301160842318,-3.88259522337896843
573,5.00036830696375424,3.7209326788892285,3.26103864982940003,0.940034980604349322,0.0212151783998642378,0.0199430098156341894,-3.91487658222673852
574,5.00909495322372589,3.81569964681210652,3.28956026985237334,0.943432335229906958,0.0204642900617158974,0.0193066729617468059,-3.94730449351551132
575,5.01782159948369753,3.91021411136962664,3.31890779116910356,0.946604743851420311,0.0197421061790538456,0.0186879713627108077,-3.97987520472668512
576,5.02654824574366918,4.0044688749193852,3.34907897885221888,0.949570544958355398,0.0190471353918387063,0.0180865987339238585,-4.01258401638354425
577,5.03527489200364083,4.09845675959621571,3.38007153524896473,0.952346482483967947,0.018378035350828878,0.0175022573213278978,-4.04542541658097076
578,5.04400153826361248,4.19217060785881114,3.41188310015617892,0.95494782292366402,0.0177335912775094626,0.0169346543830757391,-4.0783932013602355
579,5.05272818452358413,4.28560328303479839,3.44451125100003029,0.957388470387940285,0.0171126976663842771,0.0163834994430309183,-4.11148058216456851
580,5.06145483078355577,4.37874766986422348,3.47795350302050708,0.959681077762297237,0.0165143426990929918,0.0158485022000014871,-4.14468028154672379
581,5.07018147704352742,4.47159667504140622,3.51220730946064096,0.961837152714868655,0.0159375949942224864,0.0153293709903656999,-4.17798461822752001
582,5.07890812330349907,4.5641432277551228,3.54727006176045252,0.963867157741098883,0.0153815923648587592,0.0148258117142485998,-4.21138558252819696
583,5.08763476956347072,4.65638028022707553,3.58313908975560316,0.965780603782955797,0.014845532298486374,0.0143375271467115419,-4.24487490312223005
584,5.09636141582344236,4.74830080824860841,3.61981166188073847,0.967586137225439205,0.0143286639113551408,0.0138642165655896737,-4.2784441059760568
585,5.10508806208341401,4.8398978117156278,3.65728498537750748,0.969291620270991679,0.0138302811624238381,0.0134055756367291763,-4.31208456627444191
586,5.11381470834338566,4.93116431516168747,3.69555620650724204,0.970904204836150252,0.0133497171409415249,0.0129612965055133564,-4.34578755405591583
587,5.12254135460335731,5.02209336828919737,3.73462241076828007,0.972430400215637686,0.0128863392670806139,0.0125310680508016886,-4.37954427421747834
588,5.13126800086332896,5.11267804649871569,3.77448062311791612,0.973876134826434359,0.0124395452671953361,0.0121145762638146586,-4.41334590148590112
589,5.1399946471233006,5.20291145141628394,3.81512780819896243,0.975246812385871389,0.0120087598046098397,0.0117115047201533258,-4.44718361089562884
590,5.14872129338327225,5.2927867114187648,3.85656087057090309,0.976547362899664913,0.0115934316636717899,0.0113215351181161614,-4.48104860426045608
591,5.1574479396432439,5.38229698215714289,3.89877665494562387,0.97778228884305886,0.0111930313994365436,0.0109443478608332898,-4.51493213307773402
592,5.16617458590321555,5.47143544707774835,3.94177194642769958,0.978955706914815881,0.0108070493780394089,0.0105796226635418908,-4.54882551825965245
593,5.1749012321631872,5.5601953179413639,3.9855434707592208,0.980071385732798367,0.010434994143806344,0.0102270391706339194,-4.5827201670459209
594,5.18362787842315884,5.64856983534017545,4.03008789456914136,0.981132779823724034,0.0100763910586577121,0.00988627756997175861,-4.61660758741568277
595,5.19235452468313049,5.73655226921252723,4.07540182562712738,0.982143060240212299,0.00973078116756266914,0.00955701919443782592,-4.65047940028347157
596,5.20108117094310214,5.82413591935544201,4.12148181310188876,0.983105142116858689,0.00939772025086912116,0.00923894710280516825,-4.6843273497341894
597,5.20980781720307379,5.91131411593486752,4.1683243478239734,0.984021709454828255,0.00907677803041225957,0.00893174663382830075,-4.71814331152519232
598,5.21853446346304544,5.99808021999361013,4.21592586255300394,0.984895237402109239,0.00876753750152232818,0.00863510592899372911,-4.75191930005934947
599,5.22726110972301708,6.08442762395691714,4.26428273224933702,0.985728012274660143,0.00846959436752278997,0.00834871642067089712,-4.78564747401116381
600,5.23598775598298873,6.17034975213566916,4.31339127435012403,0.986522149542593683,0.00818255655713282801,0.00807227328349652227,-4.81932014076847543
601,5.24471440224296038,6.25584006122714435,4.36324774904975254,0.987279609985517723,0.00790604380845018743,0.00780547584773511823,-4.85292975983470397
602,5.25344104850293203,6.34089204081331619,4.41384835958464699,0.988002214202346615,0.00763968730596784738,0.00754802797410979349,-4.88646894532083124
603,5.26216769476290367,6.42549921385664708,4.46518925252240691,0.988691655643384381,0.00738312935943734181,0.00729963839021138545,-4.91993046764220078
604,5.27089434102287532,6.50965513719333977,4.51726651805526074,0.98934951231628849,0.00713602311539062764,0.00706002098908947912,-4.95330725452255584
605,5.27962098728284697,6.59335340202400927,4.57007619029781283,0.989977257302636096,0.00689803229382162483,0.00682889509102254375,-4.98659239139640271
606,5.28834763354281862,6.67658763440173771,4.62361424758906094,0.990576268208193299,0.0066688309439517184,0.00660598566977101631,-5.01977912129063978
607,5.29707427980279027,6.7593514957174751,4.67787661279866133,0.991147835657574271,0.00644810321419862638,0.00639102354484961657,-5.05286084425731164
608,5.30580092606276191,6.84163868318274892,4.732859153637418,0.99169317093270168,0.00623554313246803605,0.00618374554152485815,-5.08583111642122361
609,5.31452757232273356,6.9234429303096459,4.78855768297197252,0.992213412844267299,0.00603085439372080161,0.0059838946203605611,-5.11868364869888637
610,5.32325421858270521,7.0047580073880293,4.84496795914367043,0.992709633916163948,0.00583375015245991161,0.00579121997820684448,-5.15141230523876407
611,5.33198086484267686,7.08557772195995548,4.90208568629158,0.993182845954538901,0.00564395281835213745,0.00560547712256411661,-5.18401110162699328
612,5.34070751110264851,7.16589591929125355,4.95990651467963864,0.993634005065628527,0.00546119385366758351,0.00542642792125951505,-5.21647420289755219
613,5.34943415736262015,7.24570648284023217,5.01842604102790216,0.994064016179801116,0.00528521357160204129,0.00525384062935471602,-5.24879592138122591
614,5.3581608036225918,7.32500333472347793,5.07763980884787158,0.994473737133190495,0.00511576093485564843,0.00508748989516588098,-5.28097071442357683
615,5.36688744988256345,7.40378043617870967,5.13754330878187199,0.994863982352882552,0.00495259335408848636,0.0049271567472228913,-5.31299318199843731
616,5.3756140961425351,7.48203178802465365,5.19813197894645758,0.995235526186759967,0.00479547648606936649,0.00477262856392948066,-5.34485806424014871
617,5.38434074240250674,7.55975143111790434,5.25940120527981674,0.995589105914762029,0.00464418403148665834,0.0046236990276114172,-5.37656023891483568
618,5.39306738866247839,7.63693344680673638,5.32134632189315074,0.995925424474425549,0.00449849753250685856,0.00448016806455904906,-5.40809471884838914
619,5.40179403492245004,7.71357195738183273,5.3839626114259992,0.99624515293009322,0.00435820617025386528,0.0043418417725854379,-5.43945664932650345
620,5.41052068118242169,7.78966112652389505,5.44724530540548537,0.996548932712065106,0.00422310656244485458,0.00420853233753373796,-5.47064130548004262
621,5.41924732744239334,7.86519515974810196,5.51118958460945379,0.996837377649189169,0.0040930025614617034,0.00408005794007889863,-5.50164408966716991
622,5.42797397370236498,7.94016830484538154,5.57579057943347276,0.997111075815903174,0.00396770505316382449,0.00395624265408037634,-5.53246052886204209
623,5.43670061996233663,8.01457485232046431,5.64104337026167349,0.997370591212521934,0.00384703175676224375,0.00383691633765530592,-5.56308627205842116
624,5.44542726622230828,8.08840913582668337,5.70694298784139796,0.997616465295582504,0.00373080702607841998,0.00372191451805627743,-5.593517087695274
625,5.45415391248227993,8.16166553259748867,5.77348441366162674,0.997849218373290549,0.00361886165250691182,0.00361107827135509655,-5.62374886111029704
626,5.46288055874225158,8.23433846387464245,5.84066258033515801,0.998069350879530942,0.00351103266999039428,0.0035042540978541392,-5.65377759202630264
627,5.47160720500222322,8.30642239533306325,5.90847237198450874,0.998277344538494597,0.00340716316230026178,0.00340129379407048521,-5.68359939207452283
628,5.48033385126219487,8.37791183750228622,5.97690862463150853,0.998473663430713286,0.00330710207289740062,0.00330205432206517342,-5.71321048235811203
629,5.48906049752216652,8.44880134618450756,6.04596612659055661,0.998658754970168737,0.00321070401762671705,0.00320639767682081594,-5.74260719105845182
630,5.49778714378213817,8.51908552286918121,6.11563961886551179,0.99883305080113691,0.00311782910047652155,0.00311419075230552845,-5.77178595108626782
631,5.50651379004210982,8.58875901514413639,6.18592379555018544,0.998996967622530275,0.00302834273261058562,0.00302530520679970206,-5.80074329777905239
632,5.51524043630208146,8.65781651710318447,6.25681330423240678,0.999150907946698451,0.00294211545485715553,0.00293961732800454065,-5.82947586664583861
633,5.52396708256205311,8.72625276975018426,6.32830274640162975,0.99929526079893047,0.00285902276381586689,0.00285700789839745569,-5.85798039115998411
634,5.53269372882202476,8.79406256139953499,6.40038667786005055,0.999430402363260971,0.00277894494172069253,0.00277736206124926054,-5.88625370060029038
635,5.54142037508199641,8.86124072807306626,6.47305960913720433,0.999556696579609614,0.00270176689017503575,0.00270056918767152366,-5.9142927179404993
636,5.55014702134196805,8.92778215389329504,6.54631600590800963,0.999674495696770558,0.00262737796785404239,0.00262652274501929567,-5.94209445778696743
637,5.5588736676019397,8.99368177147301951,6.62015028941422869,0.999784140785310558,0.00255567183224928721,0.00255512016693457396,-5.96965602436411594
638,5.56760031386191135,9.05893456230122024,6.69455683688931146,0.999885962214024154,0.0024865462855122845,0.00248626272527915821,-5.99697460954708555
639,5.576326960121883,9.12353555712523921,6.76952998198659104,0.999980280093227415,0.00241990312443583476,0.0024198554041718222,-6.02404749094088706
640,5.58505360638185465,9.18747983632920763,6.84506401521079795,1.00006740468784324,0.00235564799459607514,0.00235580677631381943,-6.05087203000522645
641,5.59378025264182629,9.2507625303086938,6.92115318435286027,1.00014763680293694,0.00229369024866325169,0.00229402888175849196,-6.07744567022409457
642,5.60250689890179794,9.31337881984154226,6.99779169492795662,1.00022126814409742,0.00223394280887566074,0.00223443710925500044,-6.10376593531914411
643,5.61123354516176959,9.37532393645487626,7.07497371061678866,1.00028858165482298,0.00217632203365888185,0.00217695008027278285,-6.12983042750582606
644,5.61996019142174124,9.43659316278823542,7.15269335371003935,1.00034985183285927,0.00212074758836130416,0.00212148953579212424,-6.15563682579122427
645,5.62868683768171289,9.49718183295282101,7.23094470555598333,1.00040534502724695,0.00206714232006698043,0.00206798022592703129,-6.18118288431250584
646,5.63741348394168453,9.55708533288682142,7.30972180701121507,1.0004553197176665,0.00201543213643797115,0.00201634980242931008,-6.20646643071489659
647,5.64614013020165618,9.61629910070679084,7.38901865889446083,1.00050002677751479,0.00196554588853050585,0.00196652871410720521,-6.23148536456809213
648,5.65486677646162783,9.67481862705505436,7.46882922244343945,1.00053970972201074,0.00191741525752242575,0.00191845010517804234,-6.25623765582002509
649,5.66359342272159948,9.732639455443113,7.54914741977473752,1.00057460494250448,0.00187097464528341875,0.00187204971656189916,-6.28072134328692648
650,5.67232006898157113,9.78975718259102257,7.6299671343466637,1.00060494192805342,0.00182616106871445034,0.00182726579011229456,-6.30493453317864229
651,5.68104671524154277,9.84616745876272048,7.7112822114250471,1.00063094347522957,0.00178291405777846949,0.00178403897577011989,-6.32887539765819476
652,5.68977336150151442,9.901865988097275,7.79308645855194408,1.0006528258870325,0.00174117555714086663,0.00174231224161843642,-6.35254217343461034
653,5.69850000776148607,9.95684852893603167,7.8753736460172179,1.00067079916170233,0.0017008898313352215,0.00170203078680822919,-6.37593316038807139
654,5.70722665402145772,10.0111108941456321,7.95813750733295529,1.00068506717215441,0.00166200337336754612,0.00166314195731865012,-6.399046720226487
655,5.71595330028142936,10.0646489514368802,8.04137173971068373,1.00069582783669216,0.0016244648166704474,0.00162559516450961373,-6.42188127517261755
656,5.72467994654140101,10.1174586236794323,8.12507000454135323,1.00070327328159597,0.00158822485031735511,0.00158934180641975006,-6.44443530668092869
657,5.73340659280137266,10.1695358892122861,8.20922592787804592,1.0007075899961327,0.00155323613740613441,0.00155433519175859478,-6.46670735418339141
658,5.74213323906134431,10.220876782150046,8.29383310092137681,1.00070895898048309,0.00151945323652098319,0.00152053046653843884,-6.48869601386348673
659,5.75085988532131596,10.2714773926849405,8.37888508050754865,1.00070755588704066,0.00148683252618146121,0.00148788454328840445,-6.51039993745771455
660,5.7595865315812876,10.321333867384569,8.46437538959902384,1.00070355115549733,0.00145533213218776921,0.00145635603279100232,-6.53181783108394691
661,5.76831317784125925,10.370442409485356,8.55029751777777586,1.00069711014209536,0.00142491185777195749,0.00142590517827960226,-6.55294845409600598
662,5.7770398241012309,10.4187992791816891,8.63664492174108287,1.0006883932433938,0.00139553311646555856,0.00139649379203386574,-6.57379061796388523
663,5.78576647036120255,10.4664007939107196,8.72341102579982548,1.00067755601486865,0.00136715886759517783,0.00136808519430919795,-6.59434318517907029
664,5.7944931166211742,10.5132433286328042,8.81058922237925099,1.00066474928463998,0.00133975355431880992,0.00134064415453563722,-6.61460506818445118
665,5.80321976288114584,10.5593233161075656,8.89817287252216577,1.0006501192625958,0.00131328304411705042,0.00131413683472127137,-6.63457522832835238
666,5.81194640914111749,10.6046372471655516,8.98615530639451755,1.00063380764516093,0.00128771457165491888,0.0012885307349952189,-6.65425267484223931
667,5.82067305540108914,10.6491816709754722,9.0745298237933291,1.00061595171593994,0.00126301668393167705,0.00126379464122540553,-6.67363646384169059
668,5.82939970166106079,10.6929531953069934,9.16328969465694465,1.00059668444244565,0.00123915918763779636,0.00123989857464677343,-6.69272569735025437
669,5.83812634792103243,10.7359484867890691,9.25242815957755011,1.00057613456910854,0.00121611309864008265,0.00121681374343615491,-6.71151952234583364
670,5.84685299418100408,10.7781642711637899,9.3419384303159282,1.0005544267067482,0.00119385059351788672,0.00119451249617080023,-6.73001712982927064
671,5.85557964044097573,10.8195973335357306,9.43181369031840906,1.00053168141867458,0.00117234496307530345,0.00117296827710844733,-6.74821775391482347
672,5.86430628670094738,10.8602445186167769,9.52204709523597731,1.0005080153035749,0.00115157056775627417,0.0011521555832278408,-6.76612067094224906
673,5.87303293296091903,10.9001027309664129,9.61263177344549563,1.00048354107533114,0.00113150279489154713,0.00113204992296972918,-6.78372519861022621
674,5.88175957922089067,10.939168935227451,9.70356082657300553,1.00045836763990307,0.00111211801770850676,0.00111262777661957749,-6.80103069513086968
675,5.89048622548086232,10.9774401563571855,9.7948273300190652,1.00043260016940273,0.00109339355603694574,0.00109386655827451118,-6.81803655840510215
676,5.89921287174083397,11.0149134798539545,9.88642433348608459,1.00040634017347798,0.00107530763864591551,0.00107574457933834509,-6.83474222521866498
677,5.90793951800080562,11.0515860519790898,9.97834486150761747,1.0003796855681152,0.00105783936714884342,0.00105824101348993395,-6.85114717045856099
678,5.91666616426077727,11.0874550799742405,10.0705819139795702,1.00035273074196426,0.00104096868141614264,0.00104133586307150011,-6.86725090634973358
679,5.92539281052074891,11.122517832274052,10.1631284666932868,1.00032556662028264,0.00102467632643655662,0.0010250099268450382,-6.88305298171179568
680,5.93411945678072056,11.1567716387141859,10.2559774718704695,1.00029828072658975,0.00100894382057047075,0.00100924476906635875,-6.89855298123563039
681,5.94284610304069221,11.1902138907346627,10.3491218586998946,1.00027095724211715,0.000993753425140383753,0.00099402268982780426,-6.91375052477969177
682,5.95157274930066386,11.2228420415785141,10.4425545338758819,1.00024367706313569,0.000979088115305657458,0.000979326696622146202,-6.92864526668583989
683,5.96029939556063551,11.2546536064857283,10.5362683821384773,1.000216517856236,0.000964931552170553107,0.00096514047708164355,-6.94323689511454883
684,5.96902604182060715,11.2856461628824741,10.6302562668153078,1.00018955411163462,0.000951268056076412003,0.00095144837284770796,-6.9575251313993298
685,5.9777526880805788,11.3158173505655894,10.7245110303650664,1.00016285719457464,0.000938082581030646615,0.000938235354528072606,-6.97150972942021421
686,5.98647933434055045,11.3451648718823197,10.8190254949225865,1.00013649539488585,0.000925360690226973234,0.00092548699769979761,-6.98519047499614336
687,5.9952059806005221,11.373686491905293,10.9137924628454645,1.00011053397476661,0.000913088532613037668,0.000913189459917861201,-6.99856718529611247
688,6.00393262686049374,11.4013800386027187,11.0088047172621878,1.00008503521484657,0.000901252820463260373,0.000901329458690479539,-7.01163970826891735
689,6.01265927312046539,11.4282434030037958,11.1040550226217278,1.00006005845858673,0.000889840807916355986,0.000889894250383667016,-7.02440792209135205
690,6.02138591938043704,11.4542745393593196,11.1995361252445546,1.00003566015507108,0.00087884027043856421,0.000878871610018890764,-7.03687173463470508
691,6.03011256564040869,11.4794714652974728,11.2952407538750336,1.00001189390024142,0.000868239485175164028,0.00086824981192898636,-7.0490310829494014
692,6.03883921190038034,11.5038322619747914,11.3911616202351588,0.999988810476625379,0.000858027212154331426,0.000858017611238784965,-7.06088593276763583
693,6.04756585816035198,11.5273550742222917,11.4872914195795843,0.99996645789160556,0.00084819267630884229,0.000848164226138154169,-7.07243627802384272
694,6.05629250442032363,11.550038110686749,11.5836228312519083,0.999944881414275857,0.000838725550282517242,0.000838679320916374966,-7.08368214039284491
695,6.06501915068029528,11.5718796439671153,11.6801485192421698,0.99992412361092979,0.000829615937989654419,0.000829552989727964669,-7.09462356884552376
696,6.07374579694026693,11.5928780107460686,11.7768611327455139,0.999904224379223988,0.000820854358897000107,0.000820775741061210052,-7.10526063922185084
697,6.08247244320023858,11.61303161191668,11.8737533067219842,0.999885220981058789,0.000812431732999066406,0.000812338482881796066,-7.11559345382111999
698,6.09119908946021022,11.6323389127041927,11.9708176624573992,0.999867148074216717,0.000804339366458820525,0.000804232508425003165,-7.12562214100921807
699,6.09992573572018187,11.6507984427829003,12.0680468081252695,0.999850037742798559,0.000796568937886942699,0.000796449482611000619,-7.13534685484277107
700,6.10865238198015352,11.6684087963881185,12.1654333393497147,0.999833919526495801,0.00078911248523397995,0.000788981429058784216,-7.14476777471000221
701,6.11737902824012517,11.6851686324232389,12.2629698397693348,0.999818820448737379,0.000781962393270811976,0.000781820717675294925,-7.15388510498813788
702,6.12610567450009682,11.7010766745618592,12.3606488816019948,0.999804765043747906,0.000775111381633894278,0.000774960052797210484,-7.16269907471719774
703,6.13483232076006846,11.7161317113449799,12.4584630262104794,0.999791775382553957,0.000768552493412753231,0.000768392461863825158,-7.17120993729000564
704,6.14355896702004011,11.7303325962732621,12.5564048246689739,0.999779871097974395,0.000762279084258179198,0.000762111284600324362,-7.17941797015825892
705,6.15228561328001176,11.7436782478943375,12.6544668183303285,0.999769069408630286,0.000756284811990498015,0.000756110162691621117,-7.1873234745544955
706,6.16101225953998341,11.7561676498851654,12.7526415393940635,0.999759385142009559,0.000750563626688199235,0.000750383029927750863,-7.19492677522979995
707,6.16973890579995505,11.7677998511294295,12.8509215114750709,0.9997508307566213,0.000745109761238062493,0.000744924102802620721,-7.20222822020709282
708,6.1784655520599267,11.7785739657899692,12.9492992501729705,0.999743416363274323,0.000739917722328752244,0.000739727871548679353,-7.20922818054985039
709,6.18719219831989835,11.7884891733762394,13.0477672636420754,0.999737149745514593,0.0007349822818706469,0.000734789091590814935,-7.21592705014610671
710,6.19591884457987,11.7975447188067941,13.1463180531619257,0.999732036379255956,0.000730298468825432168,0.000730102775403501874,-7.22232524550759402
711,6.20464549083984165,11.8057399124667888,13.2449441137083444,0.999728079451638748,0.000725861561429721006,0.000725664184755902681,-7.2284232055838836
712,6.21337213709981329,11.8130741302604973,13.3436379345249746,0.999725279879150883,0.000721667079797665127,0.000721468823330290283,-7.23422139159139527
713,6.22209878335978494,11.819546813658839,13.4423919996952525,0.999723636325046299,0.000717710778888196278,0.000717512429699788853,-7.23972028685715106
714,6.23082542961975659,11.8251574697419132,13.5411987887147734,0.999723145216095841,0.000713988641823180503,0.000713790970652038522,-7.24492039667715667
715,6.23955207587972824,11.8299056712365365,13.6400507770640075,0.999723800758706054,0.000710496873543386163,0.00071030063484597176,-7.24982224818930321
716,6.24827872213969989,11.8337910565487818,13.738940436781321,0.999725594954441799,0.000707231894789757426,0.00070703782678944743,-7.25442639026069193
717,6.25700536839967153,11.8368133297915146,13.8378602370362595,0.99972851761498908,0.000704190336398050098,0.000703999161126023113,-7.25873339338929517
718,6.26573201465964318,11.8389722608069263,13.93680264470305,0.999732556376595132,0.000701369033895426785,0.000701181457219657821,-7.26274384961987924
719,6.27445866091961483,11.8402676851840615,14.0357601249342775,0.999737696714023448,0.000698765022388124179,0.000698581734026626295,-7.2664583724741275
